Trajectory ID,SMILES,PSMILES,canonical_psmiles,CONDUCTIVITY,log10_cond,fold,pred_log10_cond
9425,COCC(CNCC(CF)OC(=O)*)O*,COCC(CNCC(CF)OC(=O)[*])O[*],[*]CNCC(CF)OC(=O)OC([*])COC,7.57e-05,-4.120904120499927,1,-4.034733772277832
9426,O=C(CCNC(=O)COC(=O)*)NCCN*,O=C(CCNC(=O)COC(=O)[*])NCCN[*],[*]CCNC(=O)COC(=O)NCCNC([*])=O,6.95e-05,-4.158015195409886,3,-4.084790229797363
9427,NC(=O)C(COC(=O)*)NC(=O)CCO*,NC(=O)C(COC(=O)[*])NC(=O)CCO[*],[*]COC(=O)OCCC(=O)NC([*])C(N)=O,0.000104,-3.9829666607012197,1,-4.111845016479492
9428,CC(COC(=O)*)COC(=O)C(C)(C)CO*,CC(COC(=O)[*])COC(=O)C(C)(C)CO[*],[*]COC(=O)OCC(C)(C)C(=O)OCC([*])C,2.65e-05,-4.576754126063192,2,-4.376317501068115
9429,COC(=O)CC(=O)NC(CO*)COC(=O)*,COC(=O)CC(=O)NC(CO[*])COC(=O)[*],[*]COC(=O)OCC([*])NC(=O)CC(=O)OC,3.85e-05,-4.414539270491499,3,-4.38034725189209
9430,COC(=O)CC(=O)NCC(CO*)OC(=O)*,COC(=O)CC(=O)NCC(CO[*])OC(=O)[*],[*]COC(=O)OC([*])CNC(=O)CC(=O)OC,4.11e-05,-4.386158178123931,2,-4.343355178833008
9431,CC(O*)C(=O)NC(C)C(C)(C)OC(=O)*,CC(O[*])C(=O)NC(C)C(C)(C)OC(=O)[*],[*]OC(=O)OC(C)(C)C(C)NC(=O)C([*])C,2.77e-05,-4.557520230935552,1,-4.406979084014893
9432,CC(CCN(C)C(=O)CCN*)OC(=O)*,CC(CCN(C)C(=O)CCN[*])OC(=O)[*],[*]CCN(C)C(=O)CCNC(=O)OC([*])C,3.18e-05,-4.497572880015567,1,-4.3219380378723145
9433,CC(CNC(COC(=O)*)C(N)=O)O*,CC(CNC(COC(=O)[*])C(N)=O)O[*],[*]CNC(COC(=O)OC([*])C)C(N)=O,8.46e-05,-4.0726296369609765,2,-4.3336896896362305
9434,CC(C)NC(=O)NCC(COC(=O)*)O*,CC(C)NC(=O)NCC(COC(=O)[*])O[*],[*]COC(=O)OC([*])CNC(=O)NC(C)C,7.25e-05,-4.139661993429006,1,-4.409266471862793
9435,CC(CO*)(COC(=O)*)NC(=O)CC#N,CC(CO[*])(COC(=O)[*])NC(=O)CC#N,[*]COC(=O)OCC([*])(C)NC(=O)CC#N,5.64e-05,-4.248720896016658,2,-4.428136348724365
9436,CSCC(CNCC(C)O*)OC(=O)*,CSCC(CNCC(C)O[*])OC(=O)[*],[*]CNCC(C)OC(=O)OC([*])CSC,6.82e-05,-4.166215625343521,2,-4.077425956726074
9437,C#CCC(N*)C(=O)NCCNC(=O)*,C#CCC(N[*])C(=O)NCCNC(=O)[*],[*]NC(=O)NCCNC(=O)C([*])CC#C,7.16e-05,-4.145086977692144,1,-4.257597923278809
9438,CCCN(CC(C)OC(=O)*)C(C)CO*,CCCN(CC(C)OC(=O)[*])C(C)CO[*],[*]CC(C)OC(=O)OCC(C)N([*])CCC,3.39e-05,-4.4698003017969175,1,-4.411049842834473
9439,COCCC(COC(=O)*)NC(=O)CCO*,COCCC(COC(=O)[*])NC(=O)CCO[*],[*]COC(=O)OCCC(=O)NC([*])CCOC,6.46e-05,-4.189767482004916,1,-3.99702787399292
9440,CC(CN(C)CC(C)(O*)C(F)F)OC(=O)*,CC(CN(C)CC(C)(O[*])C(F)F)OC(=O)[*],[*]CN(C)CC(C)(OC(=O)OC([*])C)C(F)F,8.85e-05,-4.053056729302175,2,-4.21730375289917
9441,CCN(CCCCO*)CCNC(=O)*,CCN(CCCCO[*])CCNC(=O)[*],[*]CCCCOC(=O)NCCN([*])CC,0.000119,-3.9244530386074694,3,-3.9384267330169678
9442,CCOCCNC(=O)C(CO*)NC(=O)*,CCOCCNC(=O)C(CO[*])NC(=O)[*],[*]COC(=O)NC([*])C(=O)NCCOCC,6.73e-05,-4.171984935776023,0,-4.067646503448486
9443,CCCN(CCO*)CCC(C)(C)OC(=O)*,CCCN(CCO[*])CCC(C)(C)OC(=O)[*],[*]CCOC(=O)OC(C)(C)CCN([*])CCC,5.65e-05,-4.247951552180561,1,-4.361255645751953
9444,CCCC(CC)NCC(COC(=O)*)O*,CCCC(CC)NCC(COC(=O)[*])O[*],[*]COC(=O)OC([*])CNC(CC)CCC,1.53e-05,-4.815308569182402,3,-4.459897518157959
9445,COCNC(=S)NC(CO*)COC(=O)*,COCNC(=S)NC(CO[*])COC(=O)[*],[*]COC(=O)OCC([*])NC(=S)NCOC,7.37e-05,-4.132532512140949,3,-4.346480846405029
9446,CCC(C(=O)N(C)CCOC(=O)*)C(C)O*,CCC(C(=O)N(C)CCOC(=O)[*])C(C)O[*],[*]C(=O)N(C)CCOC(=O)OC(C)C([*])CC,3.14e-05,-4.503070351926785,2,-4.339574337005615
9447,CCCC(CC)N(CCN*)CCNC(=O)*,CCCC(CC)N(CCN[*])CCNC(=O)[*],[*]CCNC(=O)NCCN([*])C(CC)CCC,8.89e-05,-4.051098239029787,2,-4.384011268615723
9448,COC(=O)NC(CO*)COC(=O)*,COC(=O)NC(CO[*])COC(=O)[*],[*]COC(=O)OCC([*])NC(=O)OC,3.72e-05,-4.429457060118103,2,-4.234386920928955
9449,C=C(CO*)C(=O)NC(C)(C)CCOC(=O)*,C=C(CO[*])C(=O)NC(C)(C)CCOC(=O)[*],[*]COC(=O)OCCC(C)(C)NC(=O)C([*])=C,5.74e-05,-4.241088107602026,3,-4.231189727783203
9450,CCCCCC(=O)NC(CO*)COC(=O)*,CCCCCC(=O)NC(CO[*])COC(=O)[*],[*]COC(=O)OCC([*])NC(=O)CCCCC,4.34e-05,-4.36251027048749,3,-4.300435543060303
9451,CC(C)C(O*)C(=O)N(C)CCOC(=O)*,CC(C)C(O[*])C(=O)N(C)CCOC(=O)[*],[*]OC(=O)OCCN(C)C(=O)C([*])C(C)C,5.73e-05,-4.24184537803261,3,-4.326439380645752
9452,CN(CCO*)C(=O)CCOC(=O)*,CN(CCO[*])C(=O)CCOC(=O)[*],[*]CCOC(=O)OCCC(=O)N([*])C,0.000129,-3.889410289700751,1,-4.134335517883301
9453,COC(=O)C(C)N(C)CC(CO*)OC(=O)*,COC(=O)C(C)N(C)CC(CO[*])OC(=O)[*],[*]COC(=O)OC([*])CN(C)C(C)C(=O)OC,6.21e-05,-4.20690839982342,2,-4.284302711486816
9454,CNC(=S)NC(COC(=O)*)C(C)O*,CNC(=S)NC(COC(=O)[*])C(C)O[*],[*]COC(=O)OC(C)C([*])NC(=S)NC,2.23e-05,-4.651695136951839,1,-4.469043254852295
9455,CC(CNC(=O)CCCCCN*)NC(=O)*,CC(CNC(=O)CCCCCN[*])NC(=O)[*],[*]CNC(=O)CCCCCNC(=O)NC([*])C,6.54e-05,-4.184422251675732,2,-4.223577499389648
9456,CC(CN*)C(=O)NC(C)(C)COC(=O)*,CC(CN[*])C(=O)NC(C)(C)COC(=O)[*],[*]CNC(=O)OCC(C)(C)NC(=O)C([*])C,6.64e-05,-4.1778319206319825,2,-4.333326816558838
9457,CC(COC(=O)*)CS(=O)(=O)CCCO*,CC(COC(=O)[*])CS(=O)(=O)CCCO[*],[*]COC(=O)OCCCS(=O)(=O)CC([*])C,6.93e-05,-4.159266765388193,2,-4.216553211212158
9458,COCC(NC(=O)*)C(=O)NCCC(C)N*,COCC(NC(=O)[*])C(=O)NCCC(C)N[*],[*]NC(=O)NC(C)CCNC(=O)C([*])COC,3.98e-05,-4.400116927926312,1,-4.333219528198242
9459,CCCCC(NC(=O)*)C(=O)NCCCO*,CCCCC(NC(=O)[*])C(=O)NCCCO[*],[*]NC(=O)OCCCNC(=O)C([*])CCCC,4.28e-05,-4.368556230986828,0,-4.34334135055542
9460,CC(C)C(O*)C(=O)NC(C#N)COC(=O)*,CC(C)C(O[*])C(=O)NC(C#N)COC(=O)[*],[*]OC(=O)OCC(C#N)NC(=O)C([*])C(C)C,2.7e-05,-4.568636235841013,1,-4.343226909637451
9461,CC(CNC(=O)*)N(C)C(=O)COCCN*,CC(CNC(=O)[*])N(C)C(=O)COCCN[*],[*]CNC(=O)NCCOCC(=O)N(C)C([*])C,0.000116,-3.9355420107730814,1,-4.191981315612793
9462,CNC(=O)C(CNCC(C)OC(=O)*)O*,CNC(=O)C(CNCC(C)OC(=O)[*])O[*],[*]CNCC(C)OC(=O)OC([*])C(=O)NC,4.89e-05,-4.31069114087638,2,-4.211369514465332
9463,CC(CCOC(=O)*)S(=O)(=O)CCO*,CC(CCOC(=O)[*])S(=O)(=O)CCO[*],[*]CCOC(=O)OCCS(=O)(=O)C([*])C,9.73e-05,-4.011887159731648,1,-4.057147979736328
9464,C=C(Cl)CN(C)CC(CNC(=O)*)O*,C=C(Cl)CN(C)CC(CNC(=O)[*])O[*],[*]CNC(=O)OC([*])CN(C)CC(=C)Cl,6.15e-05,-4.211124884224583,0,-4.227969646453857
9465,CCC(C)(CO*)NC(=O)COC(=O)*,CCC(C)(CO[*])NC(=O)COC(=O)[*],[*]COC(=O)OCC(=O)NC([*])(C)CC,4.19e-05,-4.377785977033705,3,-4.446313381195068
9466,CC(C#N)C(=O)N(C)CC(COC(=O)*)O*,CC(C#N)C(=O)N(C)CC(COC(=O)[*])O[*],[*]COC(=O)OC([*])CN(C)C(=O)C(C)C#N,5.25e-05,-4.279840696594043,0,-4.379964351654053
9467,CCC(CNC(=O)COCCN*)NC(=O)*,CCC(CNC(=O)COCCN[*])NC(=O)[*],[*]CNC(=O)COCCNC(=O)NC([*])CC,7.62e-05,-4.1180450286604,3,-4.096587657928467
9468,C=CC(CCNC(=O)*)O*,C=CC(CCNC(=O)[*])O[*],[*]CCNC(=O)OC([*])C=C,4.14e-05,-4.382999658879101,1,-4.177129745483398
9469,CC(CC(=O)NCCCO*)NC(=O)*,CC(CC(=O)NCCCO[*])NC(=O)[*],[*]CC(=O)NCCCOC(=O)NC([*])C,4.82e-05,-4.31695296176115,2,-4.222673416137695
9470,CC#CC(=O)NCC(COC(=O)*)O*,CC#CC(=O)NCC(COC(=O)[*])O[*],[*]COC(=O)OC([*])CNC(=O)C#CC,4.9e-05,-4.309803919971486,2,-4.239760398864746
9471,CC(CO*)(COC(=O)*)C(=O)OCC(F)F,CC(CO[*])(COC(=O)[*])C(=O)OCC(F)F,[*]COC(=O)OCC([*])(C)C(=O)OCC(F)F,3.67e-05,-4.435333935747911,2,-4.5219244956970215
9472,CCCC(CC)NCC(CN*)OC(=O)*,CCCC(CC)NCC(CN[*])OC(=O)[*],[*]CNC(=O)OC([*])CNC(CC)CCC,3.7e-05,-4.431798275933005,2,-4.491903305053711
9473,CC(N*)C(=O)N(C)CCCNC(=O)*,CC(N[*])C(=O)N(C)CCCNC(=O)[*],[*]NC(=O)NCCCN(C)C(=O)C([*])C,3.51e-05,-4.454692883534176,3,-4.304811000823975
9474,CC(C)(CO*)NC(=O)COC(=O)*,CC(C)(CO[*])NC(=O)COC(=O)[*],[*]COC(=O)OCC(=O)NC([*])(C)C,6.66e-05,-4.176525770829699,1,-4.2605109214782715
9475,CC(CCCNC(=O)C(C)OC(=O)*)O*,CC(CCCNC(=O)C(C)OC(=O)[*])O[*],[*]CCCNC(=O)C(C)OC(=O)OC([*])C,5.25e-05,-4.279840696594043,0,-4.245243549346924
9476,CC(COC(=O)CCCC(C)OC(=O)*)O*,CC(COC(=O)CCCC(C)OC(=O)[*])O[*],[*]CCCC(=O)OCC(C)OC(=O)OC([*])C,3.51e-05,-4.454692883534176,3,-4.341849327087402
9477,CCCCC(CN*)NC(=O)CNC(=O)*,CCCCC(CN[*])NC(=O)CNC(=O)[*],[*]CNC(=O)NCC(=O)NC([*])CCCC,4.51e-05,-4.345823458122039,3,-4.236695289611816
9478,CCC(C)C(=O)N(C)CC(COC(=O)*)O*,CCC(C)C(=O)N(C)CC(COC(=O)[*])O[*],[*]COC(=O)OC([*])CN(C)C(=O)C(C)CC,4.18e-05,-4.3788237182249645,3,-4.302913665771484
9479,CC#CCOC(=O)C(C)(CO*)COC(=O)*,CC#CCOC(=O)C(C)(CO[*])COC(=O)[*],[*]COC(=O)OCC([*])(C)C(=O)OCC#CC,1.66e-05,-4.779891911959945,2,-4.637728691101074
9480,CSCCN(C)CC(CO*)OC(=O)*,CSCCN(C)CC(CO[*])OC(=O)[*],[*]COC(=O)OC([*])CN(C)CCSC,0.000127,-3.896196279044043,2,-4.0953450202941895
9481,CCC(NC(=O)C(C)(C)OC(=O)*)C(C)O*,CCC(NC(=O)C(C)(C)OC(=O)[*])C(C)O[*],[*]NC(=O)C(C)(C)OC(=O)OC(C)C([*])CC,7.2e-05,-4.142667503568732,0,-4.517115592956543
9482,CCCCCNC(CO*)COC(=O)*,CCCCCNC(CO[*])COC(=O)[*],[*]COC(=O)OCC([*])NCCCCC,3.13e-05,-4.504455662453552,1,-4.313991546630859
9483,CCNC(C)C(=O)NCC(CN*)OC(=O)*,CCNC(C)C(=O)NCC(CN[*])OC(=O)[*],[*]CNC(=O)OC([*])CNC(=O)C(C)NCC,4.96e-05,-4.304518323509803,1,-4.222240924835205
9484,CC(CCOC(=O)*)NC(=O)CCN*,CC(CCOC(=O)[*])NC(=O)CCN[*],[*]CCOC(=O)NCCC(=O)NC([*])C,6.4e-05,-4.1938200260161125,1,-4.204457759857178
9486,CCNC(C)CNC(=O)C(CO*)NC(=O)*,CCNC(C)CNC(=O)C(CO[*])NC(=O)[*],[*]COC(=O)NC([*])C(=O)NCC(C)NCC,4.55e-05,-4.341988603342887,2,-4.333750247955322
9487,CC(COC(=O)C(C)(C)OC(=O)*)O*,CC(COC(=O)C(C)(C)OC(=O)[*])O[*],[*]COC(=O)C(C)(C)OC(=O)OC([*])C,6.34e-05,-4.1979107421182675,1,-4.342462062835693
9488,CC(CCNC(=O)C(OC(=O)*)C(C)C)O*,CC(CCNC(=O)C(OC(=O)[*])C(C)C)O[*],[*]CCNC(=O)C(OC(=O)OC([*])C)C(C)C,4.69e-05,-4.328827157284917,1,-4.477026462554932
9489,COCC(C)(CO*)NCCC(C)OC(=O)*,COCC(C)(CO[*])NCCC(C)OC(=O)[*],[*]COC(=O)OC(C)CCNC([*])(C)COC,5.93e-05,-4.226945306635737,2,-4.293971061706543
9490,COCC(CNC(C)C(C)OC(=O)*)O*,COCC(CNC(C)C(C)OC(=O)[*])O[*],[*]CNC(C)C(C)OC(=O)OC([*])COC,9.2e-05,-4.036212172654444,2,-4.082164287567139
9491,O=C(O)CCCN(CCNC(=O)*)CCO*,O=C(O)CCCN(CCNC(=O)[*])CCO[*],[*]CCNC(=O)OCCN([*])CCCC(=O)O,6.03e-05,-4.219682687859849,1,-4.097600936889648
9492,CC(OC(=O)*)C(=O)NC(CO*)CC(F)F,CC(OC(=O)[*])C(=O)NC(CO[*])CC(F)F,[*]OC(=O)OCC(CC(F)F)NC(=O)C([*])C,5.98e-05,-4.223298816011589,3,-4.358617782592773
9493,CC(CN*)C(=O)N(C)C(C)CNC(=O)*,CC(CN[*])C(=O)N(C)C(C)CNC(=O)[*],[*]CNC(=O)NCC(C)N(C)C(=O)C([*])C,3.18e-05,-4.497572880015567,2,-4.412269592285156
9494,CCC(CO*)NCC(OC(=O)*)C(=O)OC,CCC(CO[*])NCC(OC(=O)[*])C(=O)OC,[*]COC(=O)OC(CNC([*])CC)C(=O)OC,3.66e-05,-4.436518914605589,2,-4.376506805419922
9496,COCC(CCO*)NC(C)CCOC(=O)*,COCC(CCO[*])NC(C)CCOC(=O)[*],[*]CCOC(=O)OCCC(C)NC([*])COC,0.000116,-3.9355420107730814,3,-3.993093967437744
9497,CC(CN(C)C(=O)CC(C)(C)OC(=O)*)O*,CC(CN(C)C(=O)CC(C)(C)OC(=O)[*])O[*],[*]CN(C)C(=O)CC(C)(C)OC(=O)OC([*])C,1.17e-05,-4.931814138253839,1,-4.485313892364502
9498,CC(CNC(=O)*)CNC(=O)C(C)(C)N*,CC(CNC(=O)[*])CNC(=O)C(C)(C)N[*],[*]CNC(=O)NC(C)(C)C(=O)NCC([*])C,5.95e-05,-4.22548303427145,0,-4.365482330322266
9499,CCCCCC(O*)C(OC(=O)*)C(=O)O,CCCCCC(O[*])C(OC(=O)[*])C(=O)O,[*]OC(=O)OC(C(=O)O)C([*])CCCCC,1.04e-05,-4.982966660701219,2,-4.544797897338867
9500,CC(CCN(C)CCN*)OC(=O)*,CC(CCN(C)CCN[*])OC(=O)[*],[*]CCN(C)CCNC(=O)OC([*])C,9.05e-05,-4.043351420794797,3,-4.08306884765625
9501,CC(C)N(CC(=O)O)CC(CO*)OC(=O)*,CC(C)N(CC(=O)O)CC(CO[*])OC(=O)[*],[*]COC(=O)OC([*])CN(CC(=O)O)C(C)C,5.78e-05,-4.2380721615794705,1,-4.318155288696289
9502,CC(C)(CCC(=O)NCCN*)NC(=O)*,CC(C)(CCC(=O)NCCN[*])NC(=O)[*],[*]CCC(=O)NCCNC(=O)NC([*])(C)C,9.01e-05,-4.045275209020937,2,-4.178251266479492
9503,CC(COC(=O)*)N(C)C(=O)CC(C)(C)O*,CC(COC(=O)[*])N(C)C(=O)CC(C)(C)O[*],[*]COC(=O)OC(C)(C)CC(=O)N(C)C([*])C,3.03e-05,-4.518557371497695,0,-4.463413715362549
9504,CCC(CNC(=O)CNCCNC(=O)*)N*,CCC(CNC(=O)CNCCNC(=O)[*])N[*],[*]CNC(=O)CNCCNC(=O)NC([*])CC,6.76e-05,-4.170053304058364,0,-4.033604621887207
9505,CC(CO*)(COC(=O)*)CSCC(N)=O,CC(CO[*])(COC(=O)[*])CSCC(N)=O,[*]COC(=O)OCC([*])(C)CSCC(N)=O,0.000107,-3.9706162223147903,3,-4.177074909210205
9506,CC(CNC(=O)*)CNC(=O)CC(C)N*,CC(CNC(=O)[*])CNC(=O)CC(C)N[*],[*]CNC(=O)CC(C)NC(=O)NCC([*])C,4.6e-05,-4.337242168318426,2,-4.380729675292969
9507,CC(O*)C(=O)N(C)CC(C)(C)OC(=O)*,CC(O[*])C(=O)N(C)CC(C)(C)OC(=O)[*],[*]OC(=O)OC(C)(C)CN(C)C(=O)C([*])C,2.9e-05,-4.5376020021010435,2,-4.488894939422607
9508,CCC(NC(=O)*)C(=O)NCC(C)N*,CCC(NC(=O)[*])C(=O)NCC(C)N[*],[*]NC(=O)NC(C)CNC(=O)C([*])CC,3.59e-05,-4.444905551421681,0,-4.30648136138916
9509,CC(O*)C(NC(=O)*)C(O)=NO,CC(O[*])C(NC(=O)[*])C(O)=NO,[*]OC(=O)NC(C(O)=NO)C([*])C,3.84e-05,-4.4156687756324695,1,-4.329914569854736
9510,CC#CCC(COC(=O)*)NCC(C)O*,CC#CCC(COC(=O)[*])NCC(C)O[*],[*]COC(=O)OC(C)CNC([*])CC#CC,4.69e-05,-4.328827157284917,1,-4.362697601318359
9511,CN(CC(=O)O)CC(COC(=O)*)O*,CN(CC(=O)O)CC(COC(=O)[*])O[*],[*]COC(=O)OC([*])CN(C)CC(=O)O,3.83e-05,-4.416801226031377,1,-4.28370475769043
9512,CC(C)C(=O)NC(C)(CO*)COC(=O)*,CC(C)C(=O)NC(C)(CO[*])COC(=O)[*],[*]COC(=O)OCC([*])(C)NC(=O)C(C)C,4.79e-05,-4.319664486585437,2,-4.342820167541504
9513,CC(OC(=O)*)C(CO*)NC(=O)C(C)(C)C,CC(OC(=O)[*])C(CO[*])NC(=O)C(C)(C)C,[*]OC(=O)OCC(NC(=O)C(C)(C)C)C([*])C,4.8e-05,-4.318758762624412,2,-4.390222072601318
9514,CC(CN(C)C(C)CO*)OC(=O)*,CC(CN(C)C(C)CO[*])OC(=O)[*],[*]CN(C)C(C)COC(=O)OC([*])C,5.51e-05,-4.258848401148215,0,-4.203936576843262
9515,CC(CS(=O)(=O)C(C)CO*)OC(=O)*,CC(CS(=O)(=O)C(C)CO[*])OC(=O)[*],[*]CS(=O)(=O)C(C)COC(=O)OC([*])C,5.32e-05,-4.274088367704952,2,-4.301392555236816
9516,CC(OC(=O)*)C(=O)NCC(F)(F)CO*,CC(OC(=O)[*])C(=O)NCC(F)(F)CO[*],[*]OC(=O)OCC(F)(F)CNC(=O)C([*])C,8.33e-05,-4.079354998593212,0,-4.259957790374756
9517,CCC(CO*)NCC(CC)OC(=O)*,CCC(CO[*])NCC(CC)OC(=O)[*],[*]COC(=O)OC(CC)CNC([*])CC,5.35e-05,-4.2716462179787715,2,-4.263191223144531
9518,CCC(COC(=O)*)NC(=O)C(C)(C)CN*,CCC(COC(=O)[*])NC(=O)C(C)(C)CN[*],[*]COC(=O)NCC(C)(C)C(=O)NC([*])CC,3.12e-05,-4.505845405981558,1,-4.3403639793396
9519,CC(CNCCCCCCO*)OC(=O)*,CC(CNCCCCCCO[*])OC(=O)[*],[*]CNCCCCCCOC(=O)OC([*])C,6.31e-05,-4.199970640755866,3,-4.104120254516602
9521,CCC(CNC(=O)CC(CC)OC(=O)*)O*,CCC(CNC(=O)CC(CC)OC(=O)[*])O[*],[*]CNC(=O)CC(CC)OC(=O)OC([*])CC,6.51e-05,-4.186419011431808,2,-4.24744176864624
9522,CCC(C)C(=O)NCC(CN*)OC(=O)*,CCC(C)C(=O)NCC(CN[*])OC(=O)[*],[*]CNC(=O)OC([*])CNC(=O)C(C)CC,2.3e-05,-4.638272163982407,0,-4.278066635131836
9523,CC(CNC(=O)C(C)CNC(=O)*)N*,CC(CNC(=O)C(C)CNC(=O)[*])N[*],[*]CNC(=O)C(C)CNC(=O)NC([*])C,4.16e-05,-4.380906669373258,1,-4.301652431488037
9524,CC(CC(C)(C)CNC(=O)CO*)OC(=O)*,CC(CC(C)(C)CNC(=O)CO[*])OC(=O)[*],[*]CC(C)(C)CNC(=O)COC(=O)OC([*])C,4.39e-05,-4.357535479757878,0,-4.472990989685059
9525,CC(C)(CC#N)CNC(=O)C(CNC(=O)*)O*,CC(C)(CC#N)CNC(=O)C(CNC(=O)[*])O[*],[*]CNC(=O)OC([*])C(=O)NCC(C)(C)CC#N,3.56e-05,-4.448550002027125,3,-4.325805187225342
9526,CN(C)CC(=O)NC(C)(CO*)COC(=O)*,CN(C)CC(=O)NC(C)(CO[*])COC(=O)[*],[*]COC(=O)OCC([*])(C)NC(=O)CN(C)C,8.43e-05,-4.074172425375258,1,-4.258077144622803
9527,CC(CNC(=O)C(C)C(C)NC(=O)*)N*,CC(CNC(=O)C(C)C(C)NC(=O)[*])N[*],[*]CNC(=O)C(C)C(C)NC(=O)NC([*])C,3.08e-05,-4.511449283499556,0,-4.44308614730835
9529,CC=CC=CC(=O)NC(CO*)C(C)OC(=O)*,CC=CC=CC(=O)NC(CO[*])C(C)OC(=O)[*],[*]COC(=O)OC(C)C([*])NC(=O)C=CC=CC,3.7e-05,-4.431798275933005,0,-4.4959282875061035
9530,CC(Cl)(CO*)COC(=O)*,CC(Cl)(CO[*])COC(=O)[*],[*]COC(=O)OCC([*])(C)Cl,5.5e-05,-4.259637310505756,2,-4.478870868682861
9531,C=CCNC(=O)CNC(CO*)COC(=O)*,C=CCNC(=O)CNC(CO[*])COC(=O)[*],[*]COC(=O)OCC([*])NCC(=O)NCC=C,6.44e-05,-4.1911141326401875,1,-4.12391996383667
9532,COCC(C)NC(CN*)CNC(=O)*,COCC(C)NC(CN[*])CNC(=O)[*],[*]CNC(=O)NCC([*])NC(C)COC,7.29e-05,-4.137272471682025,0,-4.176901340484619
9533,CCC(C)NCC(CC(C)(C)OC(=O)*)O*,CCC(C)NCC(CC(C)(C)OC(=O)[*])O[*],[*]CC(C)(C)OC(=O)OC([*])CNC(C)CC,2.07e-05,-4.684029654543083,3,-4.507224082946777
9534,CC(NC(=O)*)C(C)C(=O)NCCN*,CC(NC(=O)[*])C(C)C(=O)NCCN[*],[*]NC(=O)NCCNC(=O)C(C)C([*])C,5.11e-05,-4.291579099865287,3,-4.222289562225342
9536,C=CC(CNC(COC(=O)*)C(F)(F)F)O*,C=CC(CNC(COC(=O)[*])C(F)(F)F)O[*],[*]CNC(COC(=O)OC([*])C=C)C(F)(F)F,5.66e-05,-4.247183568811729,1,-4.178836345672607
9537,CC(C)C(OC(=O)*)C(=O)NC(C)(C)CO*,CC(C)C(OC(=O)[*])C(=O)NC(C)(C)CO[*],[*]OC(=O)OCC(C)(C)NC(=O)C([*])C(C)C,3.22e-05,-4.492144128304169,2,-4.4813923835754395
9538,C#CC(CO*)NC(=O)*,C#CC(CO[*])NC(=O)[*],[*]COC(=O)NC([*])C#C,6.1e-05,-4.214670164989233,2,-4.2780609130859375
9539,CN(CC(C)(C)CN*)C(=O)CCNC(=O)*,CN(CC(C)(C)CN[*])C(=O)CCNC(=O)[*],[*]CC(C)(C)CNC(=O)NCCC(=O)N([*])C,2.57e-05,-4.590066876668706,0,-4.441246032714844
9540,CC(CN(CCCF)CCOC(=O)*)O*,CC(CN(CCCF)CCOC(=O)[*])O[*],[*]CN(CCCF)CCOC(=O)OC([*])C,7.24e-05,-4.140261433802853,3,-4.098362445831299
9541,CNCC(C)CNC(=O)C(COC(=O)*)N*,CNCC(C)CNC(=O)C(COC(=O)[*])N[*],[*]COC(=O)NC([*])C(=O)NCC(C)CNC,7.64e-05,-4.11690664142431,0,-4.318201065063477
9542,CC(CO*)(COC(=O)*)NC(=O)C(C)(C)C,CC(CO[*])(COC(=O)[*])NC(=O)C(C)(C)C,[*]COC(=O)OCC([*])(C)NC(=O)C(C)(C)C,6.46e-05,-4.189767482004916,3,-4.437512397766113
9543,CCC(C#CC#CC=CCO*)OC(=O)*,CCC(C#CC#CC=CCO[*])OC(=O)[*],[*]C#CC#CC=CCOC(=O)OC([*])CC,3.3e-05,-4.481486060122113,1,-4.38950252532959
9544,CC(C)CN(C)C(=O)CC(CNC(=O)*)O*,CC(C)CN(C)C(=O)CC(CNC(=O)[*])O[*],[*]CNC(=O)OC([*])CC(=O)N(C)CC(C)C,1.76e-05,-4.7544873321858505,3,-4.4270853996276855
9545,CSC=CC(=O)NC(CO*)COC(=O)*,CSC=CC(=O)NC(CO[*])COC(=O)[*],[*]COC(=O)OCC([*])NC(=O)C=CSC,6.44e-05,-4.1911141326401875,1,-4.135212421417236
9546,CC=CCC(CO*)NC(=O)C(C)OC(=O)*,CC=CCC(CO[*])NC(=O)C(C)OC(=O)[*],[*]COC(=O)OC(C)C(=O)NC([*])CC=CC,3.47e-05,-4.459670525209126,0,-4.24869441986084
9547,CC(C)CC(CNC(=O)*)NC(=O)C(C)N*,CC(C)CC(CNC(=O)[*])NC(=O)C(C)N[*],[*]CNC(=O)NC(C)C(=O)NC([*])CC(C)C,3.77e-05,-4.423658649794207,2,-4.4565958976745605
9548,CCCN(CCOC(=O)*)CC(C)(C)O*,CCCN(CCOC(=O)[*])CC(C)(C)O[*],[*]CCOC(=O)OC(C)(C)CN([*])CCC,3.84e-05,-4.4156687756324695,1,-4.29586935043335
9549,CC(CO*)(COC(=O)*)NC(=O)C(C)(F)F,CC(CO[*])(COC(=O)[*])NC(=O)C(C)(F)F,[*]COC(=O)OCC([*])(C)NC(=O)C(C)(F)F,7.62e-05,-4.1180450286604,0,-4.423198699951172
9551,CCCC(C)(O*)C(=O)NCCOC(=O)*,CCCC(C)(O[*])C(=O)NCCOC(=O)[*],[*]OC(=O)OCCNC(=O)C([*])(C)CCC,5.4e-05,-4.267606240177032,3,-4.369534015655518
9552,COCC(NC(=O)*)C(=O)NC(C)CCN*,COCC(NC(=O)[*])C(=O)NC(C)CCN[*],[*]NC(=O)NCCC(C)NC(=O)C([*])COC,4.86e-05,-4.313363730737707,0,-4.228939533233643
9553,CCC(C)CC(=O)NCC(CN*)OC(=O)*,CCC(C)CC(=O)NCC(CN[*])OC(=O)[*],[*]CNC(=O)OC([*])CNC(=O)CC(C)CC,3.82e-05,-4.4179366370882915,3,-4.333469390869141
9555,CCC(CC)(CNC(=O)C(C)NC(=O)*)N*,CCC(CC)(CNC(=O)C(C)NC(=O)[*])N[*],[*]CNC(=O)C(C)NC(=O)NC([*])(CC)CC,4.55e-05,-4.341988603342887,2,-4.402248859405518
9556,CCCC(COC(=O)*)N*,CCCC(COC(=O)[*])N[*],[*]COC(=O)NC([*])CCC,6.36e-05,-4.196542884351586,2,-4.408679962158203
9557,CC(NC(=O)CCNC(=O)*)C(C)(C)O*,CC(NC(=O)CCNC(=O)[*])C(C)(C)O[*],[*]NC(=O)CCNC(=O)OC(C)(C)C([*])C,4.51e-05,-4.345823458122039,0,-4.391185760498047
9559,CCC(C)C(N*)C(=O)NCC(C)NC(=O)*,CCC(C)C(N[*])C(=O)NCC(C)NC(=O)[*],[*]NC(=O)NC(C)CNC(=O)C([*])C(C)CC,2.8e-05,-4.552841968657781,3,-4.452473163604736
9560,CC=CC=CC(=O)NCC(COC(=O)*)O*,CC=CC=CC(=O)NCC(COC(=O)[*])O[*],[*]COC(=O)OC([*])CNC(=O)C=CC=CC,9.62e-05,-4.016824927962187,0,-4.385257244110107
9562,CCCNC(=O)NC(CO*)C(C)OC(=O)*,CCCNC(=O)NC(CO[*])C(C)OC(=O)[*],[*]COC(=O)OC(C)C([*])NC(=O)NCCC,5.87e-05,-4.231361898752385,3,-4.422142028808594
9563,CC(CCO*)NCCCOC(=O)*,CC(CCO[*])NCCCOC(=O)[*],[*]CCOC(=O)OCCCNC([*])C,0.000122,-3.9136401693252516,1,-3.99257755279541
9564,CC(C)(COC(=O)*)C(=O)NCCO*,CC(C)(COC(=O)[*])C(=O)NCCO[*],[*]COC(=O)OCCNC(=O)C([*])(C)C,4.68e-05,-4.329754146925876,2,-4.288322448730469
9565,CC(C)CC(OC(=O)*)C(=O)NCCO*,CC(C)CC(OC(=O)[*])C(=O)NCCO[*],[*]OC(=O)OCCNC(=O)C([*])CC(C)C,6.14e-05,-4.211831628858833,2,-4.334876537322998
9566,CCNC(=O)NC(CO*)C(C)OC(=O)*,CCNC(=O)NC(CO[*])C(C)OC(=O)[*],[*]COC(=O)OC(C)C([*])NC(=O)NCC,6.86e-05,-4.163675884293248,3,-4.273871421813965
9567,CC(CCN(C)C(=O)C(C)O*)OC(=O)*,CC(CCN(C)C(=O)C(C)O[*])OC(=O)[*],[*]CCN(C)C(=O)C(C)OC(=O)OC([*])C,3.32e-05,-4.478861916295964,2,-4.409099578857422
9568,CCN(CC(C)OC)CC(CO*)OC(=O)*,CCN(CC(C)OC)CC(CO[*])OC(=O)[*],[*]COC(=O)OC([*])CN(CC)CC(C)OC,7.69e-05,-4.114073660198569,2,-4.159689426422119
9569,CC(C)C(C)C(=O)NCC(CNC(=O)*)O*,CC(C)C(C)C(=O)NCC(CNC(=O)[*])O[*],[*]CNC(=O)OC([*])CNC(=O)C(C)C(C)C,3.82e-05,-4.4179366370882915,3,-4.4722819328308105
9570,CC(CNC(=O)C(CC(F)F)NC(=O)*)N*,CC(CNC(=O)C(CC(F)F)NC(=O)[*])N[*],[*]CNC(=O)C(CC(F)F)NC(=O)NC([*])C,5.57e-05,-4.2541448048262716,3,-4.356256484985352
9571,CC(CNC(=O)*)N(C)C(=O)CCCCN*,CC(CNC(=O)[*])N(C)C(=O)CCCCN[*],[*]CNC(=O)NCCCCC(=O)N(C)C([*])C,4.77e-05,-4.321481620959886,2,-4.3365349769592285
9572,CC(C)C(CCN(C)C(=O)CN*)NC(=O)*,CC(C)C(CCN(C)C(=O)CN[*])NC(=O)[*],[*]CCN(C)C(=O)CNC(=O)NC([*])C(C)C,4.1e-05,-4.3872161432802645,3,-4.576976299285889
9573,C=CC(CO*)NCC(C)(OC(=O)*)C(F)F,C=CC(CO[*])NCC(C)(OC(=O)[*])C(F)F,[*]COC(=O)OC(C)(CNC([*])C=C)C(F)F,6.34e-05,-4.1979107421182675,2,-4.391140937805176
9574,C=CC(CNCCC(C)N*)OC(=O)*,C=CC(CNCCC(C)N[*])OC(=O)[*],[*]CNCCC(C)NC(=O)OC([*])C=C,4.76e-05,-4.3223930472795065,3,-4.211440563201904
9575,CN(CCNC(=O)*)C(=O)CCN*,CN(CCNC(=O)[*])C(=O)CCN[*],[*]CCNC(=O)NCCC(=O)N([*])C,5.58e-05,-4.253365801062421,2,-4.235813140869141
9577,CC(C)(CNC(=O)CCCCNC(=O)*)N*,CC(C)(CNC(=O)CCCCNC(=O)[*])N[*],[*]CNC(=O)CCCCNC(=O)NC([*])(C)C,4.82e-05,-4.31695296176115,1,-4.239211082458496
9578,COC(=O)N(CCCN*)CCCNC(=O)*,COC(=O)N(CCCN[*])CCCNC(=O)[*],[*]CCCNC(=O)NCCCN([*])C(=O)OC,7.11e-05,-4.148130399270234,3,-4.191063404083252
9579,CC=C(C)C(=O)N(C)CC(COC(=O)*)O*,CC=C(C)C(=O)N(C)CC(COC(=O)[*])O[*],[*]COC(=O)OC([*])CN(C)C(=O)C(C)=CC,4.28e-05,-4.368556230986828,1,-4.381460666656494
9580,CC(CC#N)C(=O)NCC(CNC(=O)*)O*,CC(CC#N)C(=O)NCC(CNC(=O)[*])O[*],[*]CNC(=O)OC([*])CNC(=O)C(C)CC#N,5.96e-05,-4.2247537402597635,2,-4.131300926208496
9581,CN(CC(C)(C)N*)C(=O)CNC(=O)*,CN(CC(C)(C)N[*])C(=O)CNC(=O)[*],[*]CC(C)(C)NC(=O)NCC(=O)N([*])C,4.18e-05,-4.3788237182249645,3,-4.344718933105469
9583,COCC(CCNC(C)CCO*)OC(=O)*,COCC(CCNC(C)CCO[*])OC(=O)[*],[*]CCNC(C)CCOC(=O)OC([*])COC,8.85e-05,-4.053056729302175,0,-4.006547451019287
9584,CC(CCNCC(C)OC(=O)*)O*,CC(CCNCC(C)OC(=O)[*])O[*],[*]CCNCC(C)OC(=O)OC([*])C,4.93e-05,-4.30715308072277,1,-4.1311354637146
9585,C=CC=CCCN(CCCO*)CCOC(=O)*,C=CC=CCCN(CCCO[*])CCOC(=O)[*],[*]CCCOC(=O)OCCN([*])CCC=CC=C,9.45e-05,-4.024568191490737,3,-4.005004405975342
9586,CCC(CNCCC(C)(C)O*)OC(=O)*,CCC(CNCCC(C)(C)O[*])OC(=O)[*],[*]CNCCC(C)(C)OC(=O)OC([*])CC,4.1e-05,-4.3872161432802645,0,-4.308221817016602
9587,CC(CCNC(=O)C(C)C(C)N*)NC(=O)*,CC(CCNC(=O)C(C)C(C)N[*])NC(=O)[*],[*]CCNC(=O)C(C)C(C)NC(=O)NC([*])C,4.94e-05,-4.306273051076353,0,-4.378450870513916
9588,CC(CO*)NC(=O)C(C)(C)COC(=O)*,CC(CO[*])NC(=O)C(C)(C)COC(=O)[*],[*]COC(=O)OCC(C)(C)C(=O)NC([*])C,6.14e-05,-4.211831628858833,2,-4.273427963256836
9589,CCN(CCNC(=O)*)C(=O)C(C)(C)N*,CCN(CCNC(=O)[*])C(=O)C(C)(C)N[*],[*]CCNC(=O)NC(C)(C)C(=O)N([*])CC,3.12e-05,-4.505845405981558,1,-4.429895401000977
9590,CC(NC(=O)*)C(=O)NC(C)(CN*)C(C)C,CC(NC(=O)[*])C(=O)NC(C)(CN[*])C(C)C,[*]NC(=O)NCC(C)(NC(=O)C([*])C)C(C)C,3.93e-05,-4.405607449624573,0,-4.6008524894714355
9591,CC(C)C(CO*)NC(=O)C(C)(C)OC(=O)*,CC(C)C(CO[*])NC(=O)C(C)(C)OC(=O)[*],[*]COC(=O)OC(C)(C)C(=O)NC([*])C(C)C,7.74e-05,-4.111259039317107,2,-4.358375072479248
9592,CCCCCC(O*)C(C)COC(=O)*,CCCCCC(O[*])C(C)COC(=O)[*],[*]OC(=O)OCC(C)C([*])CCCCC,2.84e-05,-4.546681659952962,2,-4.610363960266113
9594,CCC(CO*)N(C)C(=O)COC(=O)*,CCC(CO[*])N(C)C(=O)COC(=O)[*],[*]COC(=O)OCC(=O)N(C)C([*])CC,5.1e-05,-4.292429823902063,1,-4.372843265533447
9595,CCC(C)(CCO*)NC(=O)COC(=O)*,CCC(C)(CCO[*])NC(=O)COC(=O)[*],[*]CCOC(=O)OCC(=O)NC([*])(C)CC,2.85e-05,-4.54515513999149,0,-4.415912628173828
9596,O=C(CCCCCOC(=O)*)NCCN*,O=C(CCCCCOC(=O)[*])NCCN[*],[*]CCCCCOC(=O)NCCNC([*])=O,6.26e-05,-4.20342566678957,1,-3.989738941192627
9597,CCN(C(=O)C(C)(C)O*)C(C)COC(=O)*,CCN(C(=O)C(C)(C)O[*])C(C)COC(=O)[*],[*]C(=O)C(C)(C)OC(=O)OCC(C)N([*])CC,2.86e-05,-4.543633966870957,2,-4.609534740447998
9598,CCC=CNCC(CO*)OC(=O)*,CCC=CNCC(CO[*])OC(=O)[*],[*]COC(=O)OC([*])CNC=CCC,1.58e-05,-4.801342913045577,1,-4.283082008361816
9599,CCCC(C)(NC(=O)*)C(=O)NC(C)CN*,CCCC(C)(NC(=O)[*])C(=O)NC(C)CN[*],[*]NC(=O)NCC(C)NC(=O)C([*])(C)CCC,5.38e-05,-4.269217724333611,0,-4.43318510055542
9601,CCC(CC)(CNC(=O)CN*)NC(=O)*,CCC(CC)(CNC(=O)CN[*])NC(=O)[*],[*]CNC(=O)CNC(=O)NC([*])(CC)CC,4.87e-05,-4.3124710387853655,0,-4.374538898468018
9602,CCOCC(C)(CO*)CC(C)COC(=O)*,CCOCC(C)(CO[*])CC(C)COC(=O)[*],[*]COC(=O)OCC(C)CC([*])(C)COCC,3.61e-05,-4.442492798094342,1,-4.40469217300415
9603,CCC(C)(CNC(=O)C(C)O*)OC(=O)*,CCC(C)(CNC(=O)C(C)O[*])OC(=O)[*],[*]CNC(=O)C(C)OC(=O)OC([*])(C)CC,4.25e-05,-4.371611069949688,1,-4.422091484069824
9604,CC(CCO*)NC(=O)C(C)(C)OC(=O)*,CC(CCO[*])NC(=O)C(C)(C)OC(=O)[*],[*]CCOC(=O)OC(C)(C)C(=O)NC([*])C,3.77e-05,-4.423658649794207,1,-4.2856245040893555
9605,CC(C)C(OC(=O)*)C(=O)NOCCO*,CC(C)C(OC(=O)[*])C(=O)NOCCO[*],[*]OC(=O)OCCONC(=O)C([*])C(C)C,7.78e-05,-4.1090204030103115,0,-4.234151840209961
9607,CC(CN*)NC(=O)C(CC(F)F)NC(=O)*,CC(CN[*])NC(=O)C(CC(F)F)NC(=O)[*],[*]CNC(=O)NC(CC(F)F)C(=O)NC([*])C,4.93e-05,-4.30715308072277,0,-4.309926986694336
9608,CC(CNC(=O)*)C(=O)N(C)CCCN*,CC(CNC(=O)[*])C(=O)N(C)CCCN[*],[*]CNC(=O)NCCCN(C)C(=O)C([*])C,3.84e-05,-4.4156687756324695,0,-4.383742809295654
9609,CC(CCCNC(=O)*)NC(=O)C(C)(C)N*,CC(CCCNC(=O)[*])NC(=O)C(C)(C)N[*],[*]CCCNC(=O)NC(C)(C)C(=O)NC([*])C,3.01e-05,-4.521433504406157,1,-4.287972927093506
9610,CCC(CC)CNC(=O)C(CO*)NC(=O)*,CCC(CC)CNC(=O)C(CO[*])NC(=O)[*],[*]COC(=O)NC([*])C(=O)NCC(CC)CC,5.04e-05,-4.297569463554475,1,-4.475439548492432
9611,CC(C)(C)CC(CCO*)OC(=O)*,CC(C)(C)CC(CCO[*])OC(=O)[*],[*]CCOC(=O)OC([*])CC(C)(C)C,3.87e-05,-4.412289034981089,3,-4.570302486419678
9612,CNCCN(C)C(=O)CC(CNC(=O)*)O*,CNCCN(C)C(=O)CC(CNC(=O)[*])O[*],[*]CNC(=O)OC([*])CC(=O)N(C)CCNC,5.08e-05,-4.294136287716081,3,-4.1587371826171875
9613,CC(CNC(=O)C(C)(C)CNC(=O)*)N*,CC(CNC(=O)C(C)(C)CNC(=O)[*])N[*],[*]CNC(=O)C(C)(C)CNC(=O)NC([*])C,4.14e-05,-4.382999658879101,1,-4.373043060302734
9614,CCCCC(CN*)NC(=O)C(C)NC(=O)*,CCCCC(CN[*])NC(=O)C(C)NC(=O)[*],[*]CNC(=O)NC(C)C(=O)NC([*])CCCC,6.24e-05,-4.204815410317576,3,-4.339284896850586
9616,CC(CCNC(=O)*)NC(=O)C(N*)C(C)C,CC(CCNC(=O)[*])NC(=O)C(N[*])C(C)C,[*]CCNC(=O)NC(C(=O)NC([*])C)C(C)C,3.98e-05,-4.400116927926312,0,-4.384780406951904
9619,CCC(CO*)C(=O)NCCCCOC(=O)*,CCC(CO[*])C(=O)NCCCCOC(=O)[*],[*]COC(=O)OCCCCNC(=O)C([*])CC,9.13e-05,-4.039529222465701,2,-4.205196857452393
9620,CC(CCN*)NC(=O)C(C)CNC(=O)*,CC(CCN[*])NC(=O)C(C)CNC(=O)[*],[*]CCNC(=O)NCC(C)C(=O)NC([*])C,4.21e-05,-4.375717904164332,1,-4.397890567779541
9621,CC(CN(C)C(C)CNC(=O)*)N*,CC(CN(C)C(C)CNC(=O)[*])N[*],[*]CN(C)C(C)CNC(=O)NC([*])C,5.4e-05,-4.267606240177032,0,-4.31188440322876
9622,CN(CC(C)(C)NC(=O)*)C(=O)C(C)(C)N*,CN(CC(C)(C)NC(=O)[*])C(=O)C(C)(C)N[*],[*]CC(C)(C)NC(=O)NC(C)(C)C(=O)N([*])C,2.43e-05,-4.614393726401688,1,-4.419157981872559
9623,CC(C)OC(=O)NC(CO*)C(C)OC(=O)*,CC(C)OC(=O)NC(CO[*])C(C)OC(=O)[*],[*]COC(=O)OC(C)C([*])NC(=O)OC(C)C,5.71e-05,-4.243363891754152,0,-4.449113845825195
9624,CC(CCOC(=O)*)S(=O)(=O)CCCO*,CC(CCOC(=O)[*])S(=O)(=O)CCCO[*],[*]CCOC(=O)OCCCS(=O)(=O)C([*])C,0.00011,-3.958607314841775,3,-4.071101665496826
9626,CCC(N*)C(=O)NC(C)(C)CNC(=O)*,CCC(N[*])C(=O)NC(C)(C)CNC(=O)[*],[*]NC(=O)NCC(C)(C)NC(=O)C([*])CC,6.07e-05,-4.2168113089247425,3,-4.443003177642822
9627,CC(C)(CNC(=O)CCCN*)NC(=O)*,CC(C)(CNC(=O)CCCN[*])NC(=O)[*],[*]CNC(=O)CCCNC(=O)NC([*])(C)C,3.93e-05,-4.405607449624573,2,-4.132913112640381
9628,CC(C)CC(COC(=O)*)NC(=O)CO*,CC(C)CC(COC(=O)[*])NC(=O)CO[*],[*]COC(=O)OCC(=O)NC([*])CC(C)C,3.52e-05,-4.453457336521869,0,-4.264359474182129
9629,CCCC(OC(=O)*)C(=O)N(CC)CCN*,CCCC(OC(=O)[*])C(=O)N(CC)CCN[*],[*]OC(=O)NCCN(CC)C(=O)C([*])CCC,4.04e-05,-4.393618634889395,0,-4.3010640144348145
9630,CC(C)(F)C(=O)NCC(CN*)OC(=O)*,CC(C)(F)C(=O)NCC(CN[*])OC(=O)[*],[*]CNC(=O)OC([*])CNC(=O)C(C)(C)F,5.45e-05,-4.2636034977233574,3,-4.242895126342773
9633,CC(N*)C(C)C(=O)N(C)CCNC(=O)*,CC(N[*])C(C)C(=O)N(C)CCNC(=O)[*],[*]NC(=O)NCCN(C)C(=O)C(C)C([*])C,5.35e-05,-4.2716462179787715,1,-4.396661758422852
9636,CN(CCCNC(=O)*)C(=O)CCCN*,CN(CCCNC(=O)[*])C(=O)CCCN[*],[*]CCCNC(=O)NCCCC(=O)N([*])C,5.02e-05,-4.29929628285498,0,-4.272899150848389
9637,CC(C)(C)C(OC(=O)*)C(=O)NCCO*,CC(C)(C)C(OC(=O)[*])C(=O)NCCO[*],[*]OC(=O)OCCNC(=O)C([*])C(C)(C)C,3.51e-05,-4.454692883534176,3,-4.429001331329346
9642,CCCN(CCOC(=O)*)CC(CC#N)O*,CCCN(CCOC(=O)[*])CC(CC#N)O[*],[*]CCOC(=O)OC(CC#N)CN([*])CCC,4.9e-05,-4.309803919971486,2,-4.091427326202393
9643,CCCC(CNCC(=O)CCO*)OC(=O)*,CCCC(CNCC(=O)CCO[*])OC(=O)[*],[*]CNCC(=O)CCOC(=O)OC([*])CCC,5.46e-05,-4.262807357295263,0,-4.114567279815674
9644,CSC(C)C(=O)NC(CO*)COC(=O)*,CSC(C)C(=O)NC(CO[*])COC(=O)[*],[*]COC(=O)OCC([*])NC(=O)C(C)SC,3.9e-05,-4.4089353929735005,1,-4.219265937805176
9645,CCCOC(=O)NC(CO*)COC(=O)*,CCCOC(=O)NC(CO[*])COC(=O)[*],[*]COC(=O)OCC([*])NC(=O)OCCC,4.08e-05,-4.38933983691012,0,-4.24371337890625
9646,CN(CCNC(=O)*)C(=O)C(C)(C)N*,CN(CCNC(=O)[*])C(=O)C(C)(C)N[*],[*]CCNC(=O)NC(C)(C)C(=O)N([*])C,3.67e-05,-4.435333935747911,3,-4.390401363372803
9647,CC(N*)C(=O)NCC(NC(=O)*)C(C)C,CC(N[*])C(=O)NCC(NC(=O)[*])C(C)C,[*]NC(=O)NC(CNC(=O)C([*])C)C(C)C,3.96e-05,-4.402304814074488,1,-4.423728942871094
9648,CC(CCCOC(=O)*)NC(=O)C(C)O*,CC(CCCOC(=O)[*])NC(=O)C(C)O[*],[*]CCCOC(=O)OC(C)C(=O)NC([*])C,5.27e-05,-4.278189384787454,3,-4.329228401184082
9650,CC(C)(C)C(COC(=O)*)NC(=O)CCN*,CC(C)(C)C(COC(=O)[*])NC(=O)CCN[*],[*]COC(=O)NCCC(=O)NC([*])C(C)(C)C,4.59e-05,-4.338187314462739,2,-4.401242256164551
9651,CC(CNC(=O)C(C)(O*)C(C)C)OC(=O)*,CC(CNC(=O)C(C)(O[*])C(C)C)OC(=O)[*],[*]CNC(=O)C(C)(OC(=O)OC([*])C)C(C)C,2.98e-05,-4.525783735923745,2,-4.443703651428223
9652,CC(C)C(CNCCCO*)OC(=O)*,CC(C)C(CNCCCO[*])OC(=O)[*],[*]CNCCCOC(=O)OC([*])C(C)C,6.42e-05,-4.192464971931146,1,-4.211478233337402
9653,CC(C)(CNC(=O)*)C(=O)NCCCCO*,CC(C)(CNC(=O)[*])C(=O)NCCCCO[*],[*]CNC(=O)OCCCCNC(=O)C([*])(C)C,7.04e-05,-4.152427340857888,1,-4.208449363708496
9654,CC(C)OCCCNC(CN*)CNC(=O)*,CC(C)OCCCNC(CN[*])CNC(=O)[*],[*]CNC(=O)NCC([*])NCCCOC(C)C,8.96e-05,-4.047691990337875,3,-4.120599746704102
9655,CC(C)C(OC(=O)*)C(=O)NCCCCN*,CC(C)C(OC(=O)[*])C(=O)NCCCCN[*],[*]OC(=O)NCCCCNC(=O)C([*])C(C)C,6.45e-05,-4.1904402853647325,2,-4.258211135864258
9656,CC(CCCC#N)NCC(CNC(=O)*)O*,CC(CCCC#N)NCC(CNC(=O)[*])O[*],[*]CNC(=O)OC([*])CNC(C)CCCC#N,6.16e-05,-4.210419287835575,0,-3.8843674659729004
9657,CCC(COC(=O)*)N(C)CC(COC)O*,CCC(COC(=O)[*])N(C)CC(COC)O[*],[*]COC(=O)OC(COC)CN(C)C([*])CC,8.96e-05,-4.047691990337875,0,-4.267618179321289
9658,N=C(NC(=O)CCO*)SCCNC(=O)*,N=C(NC(=O)CCO[*])SCCNC(=O)[*],[*]NC(=O)CCOC(=O)NCCSC([*])=N,6.87e-05,-4.16304326294045,0,-4.04709529876709
9659,CCCCN(CCCOC(=O)*)C(=O)CO*,CCCCN(CCCOC(=O)[*])C(=O)CO[*],[*]CCCOC(=O)OCC(=O)N([*])CCCC,6.03e-05,-4.219682687859849,3,-4.3177642822265625
9661,CCN(CCNC(=O)*)C(=O)COCCN*,CCN(CCNC(=O)[*])C(=O)COCCN[*],[*]CCNC(=O)NCCOCC(=O)N([*])CC,7.05e-05,-4.151810883008602,1,-4.07163667678833
9663,CC(C)(C)C(CC(=O)NCCNC(=O)*)N*,CC(C)(C)C(CC(=O)NCCNC(=O)[*])N[*],[*]CC(=O)NCCNC(=O)NC([*])C(C)(C)C,6.07e-05,-4.2168113089247425,3,-4.3988494873046875
9665,CC(C)(OC(=O)*)C(=O)NCCCCO*,CC(C)(OC(=O)[*])C(=O)NCCCCO[*],[*]OC(=O)OCCCCNC(=O)C([*])(C)C,7.37e-05,-4.132532512140949,1,-4.15376615524292
9667,CC(C)OCCCNCC(CO*)OC(=O)*,CC(C)OCCCNCC(CO[*])OC(=O)[*],[*]COC(=O)OC([*])CNCCCOC(C)C,6.81e-05,-4.166852888087215,1,-4.078756809234619
9668,CC(OC(=O)*)C(=O)NC(C)(C)CCO*,CC(OC(=O)[*])C(=O)NC(C)(C)CCO[*],[*]OC(=O)OCCC(C)(C)NC(=O)C([*])C,4.11e-05,-4.386158178123931,3,-4.300605297088623
9669,CN(CC(COC(=O)*)O*)C(=O)CCCF,CN(CC(COC(=O)[*])O[*])C(=O)CCCF,[*]COC(=O)OC([*])CN(C)C(=O)CCCF,2.57e-05,-4.590066876668706,0,-4.266851425170898
9671,CCN(CCN*)C(=O)C(C)(C)CNC(=O)*,CCN(CCN[*])C(=O)C(C)(C)CNC(=O)[*],[*]CCNC(=O)NCC(C)(C)C(=O)N([*])CC,6.32e-05,-4.199282921717615,1,-4.386904716491699
9676,CCN(CCO*)C(=O)C(C)(C)COC(=O)*,CCN(CCO[*])C(=O)C(C)(C)COC(=O)[*],[*]CCOC(=O)OCC(C)(C)C(=O)N([*])CC,4.99e-05,-4.30189945437661,0,-4.481572151184082
9677,CCN(C(=O)CO*)C(C)COC(=O)*,CCN(C(=O)CO[*])C(C)COC(=O)[*],[*]C(=O)COC(=O)OCC(C)N([*])CC,2.27e-05,-4.6439741428068775,3,-4.43847131729126
9680,C[Si](C)(C)CNCC(COC(=O)*)O*,C[Si](C)(C)CNCC(COC(=O)[*])O[*],[*]COC(=O)OC([*])CNC[Si](C)(C)C,2.36e-05,-4.627087997029894,0,-4.424632549285889
9681,CCC(N*)C(=O)NC(C)CNC(=O)*,CCC(N[*])C(=O)NC(C)CNC(=O)[*],[*]NC(=O)NCC(C)NC(=O)C([*])CC,5.9e-05,-4.229147988357856,2,-4.41865873336792
9683,CC(=CCCC(C)CCO*)COC(=O)*,CC(=CCCC(C)CCO[*])COC(=O)[*],[*]=CCCC(C)CCOC(=O)OCC(=[*])C,5.58e-05,-4.253365801062421,0,-4.461063385009766
9684,CCC(C)CNC(CN*)CNC(=O)*,CCC(C)CNC(CN[*])CNC(=O)[*],[*]CNC(=O)NCC([*])NCC(C)CC,8.9e-05,-4.050609993355088,0,-4.328792572021484
9686,CC(CCOC(=O)*)NC(=O)C(O*)C(C)C,CC(CCOC(=O)[*])NC(=O)C(O[*])C(C)C,[*]CCOC(=O)OC(C(=O)NC([*])C)C(C)C,5.13e-05,-4.289882634888183,3,-4.405938148498535
9690,CCN(CC(O*)C(C)OC(=O)*)C(C)C,CCN(CC(O[*])C(C)OC(=O)[*])C(C)C,[*]OC(=O)OC(C)C([*])CN(CC)C(C)C,2.93e-05,-4.533132379645891,3,-4.489540100097656
9692,CC(C)CNC(=O)C(OC(=O)*)C(C)(C)O*,CC(C)CNC(=O)C(OC(=O)[*])C(C)(C)O[*],[*]OC(=O)OC(C)(C)C([*])C(=O)NCC(C)C,2.26e-05,-4.645891560852599,2,-4.539712429046631
9693,CC(CNC(=O)C(N*)C(C)(C)C)NC(=O)*,CC(CNC(=O)C(N[*])C(C)(C)C)NC(=O)[*],[*]CNC(=O)C(NC(=O)NC([*])C)C(C)(C)C,7.6e-05,-4.119186407719209,3,-4.413271427154541
9694,CC(CNC(=O)N(C)CC(C)NC(=O)*)N*,CC(CNC(=O)N(C)CC(C)NC(=O)[*])N[*],[*]CNC(=O)N(C)CC(C)NC(=O)NC([*])C,4.05e-05,-4.392544976785332,0,-4.343925476074219
9697,COCCN(CCO*)CC(C)(C)NC(=O)*,COCCN(CCO[*])CC(C)(C)NC(=O)[*],[*]CCOC(=O)NC(C)(C)CN([*])CCOC,7.7e-05,-4.113509274827518,2,-3.9886579513549805
9698,CN(CC(C)(C)CNC(=O)*)C(=O)CN*,CN(CC(C)(C)CNC(=O)[*])C(=O)CN[*],[*]CC(C)(C)CNC(=O)NCC(=O)N([*])C,3.55e-05,-4.449771646944906,2,-4.4320902824401855
9699,CC(C)(CCNC(=O)CCN*)NC(=O)*,CC(C)(CCNC(=O)CCN[*])NC(=O)[*],[*]CCNC(=O)CCNC(=O)NC([*])(C)C,5.7e-05,-4.2441251443275085,2,-4.2979302406311035
9700,CC(NC(=O)*)C(=O)NC(CO*)C(C)(C)C,CC(NC(=O)[*])C(=O)NC(CO[*])C(C)(C)C,[*]NC(=O)OCC(NC(=O)C([*])C)C(C)(C)C,3.89e-05,-4.410050398674293,3,-4.6022515296936035
9701,CCC(C)(C#CCO*)OC(=O)*,CCC(C)(C#CCO[*])OC(=O)[*],[*]C#CCOC(=O)OC([*])(C)CC,5.03e-05,-4.298432014944073,1,-4.469198703765869
9703,CCC(CCOC(=O)*)CNC(=O)C(C)O*,CCC(CCOC(=O)[*])CNC(=O)C(C)O[*],[*]CCOC(=O)OC(C)C(=O)NCC([*])CC,4.63e-05,-4.334419008982047,0,-4.3662214279174805
9704,CCC(CNC(=O)C(C)C(C)N*)NC(=O)*,CCC(CNC(=O)C(C)C(C)N[*])NC(=O)[*],[*]CNC(=O)C(C)C(C)NC(=O)NC([*])CC,3.9e-05,-4.4089353929735005,1,-4.269752025604248
9706,CC(C)(OC(=O)*)C(N*)C(=O)NCC(F)F,CC(C)(OC(=O)[*])C(N[*])C(=O)NCC(F)F,[*]OC(=O)NC(C(=O)NCC(F)F)C([*])(C)C,3.37e-05,-4.4723700991286615,2,-4.36290979385376
9712,CC(CN*)CNC(=O)C(C)C(C)NC(=O)*,CC(CN[*])CNC(=O)C(C)C(C)NC(=O)[*],[*]CNC(=O)NC(C)C(C)C(=O)NCC([*])C,5.81e-05,-4.235823867609669,3,-4.404628276824951
9713,COCC(COC(=O)*)NC(C)CCO*,COCC(COC(=O)[*])NC(C)CCO[*],[*]COC(=O)OCCC(C)NC([*])COC,0.000122,-3.9136401693252516,0,-4.060976028442383
9716,CC(C)(CC(=O)NCCCO*)OC(=O)*,CC(C)(CC(=O)NCCCO[*])OC(=O)[*],[*]CC(=O)NCCCOC(=O)OC([*])(C)C,6.66e-05,-4.176525770829699,1,-4.313360214233398
9717,CN(CCN*)C(=O)C(C)(C)CNC(=O)*,CN(CCN[*])C(=O)C(C)(C)CNC(=O)[*],[*]CCNC(=O)NCC(C)(C)C(=O)N([*])C,2.72e-05,-4.565431095965801,3,-4.538903713226318
9718,CC(CC(C)NC(=O)C(C)CN*)NC(=O)*,CC(CC(C)NC(=O)C(C)CN[*])NC(=O)[*],[*]CC(C)NC(=O)C(C)CNC(=O)NC([*])C,3.55e-05,-4.449771646944906,3,-4.3986921310424805
9721,CC(CO*)NC(C)COC(=O)*,CC(CO[*])NC(C)COC(=O)[*],[*]COC(=O)OCC(C)NC([*])C,0.000123,-3.910094888560602,1,-4.152533054351807
9723,CCCNC(=O)N(C)CC(CO*)OC(=O)*,CCCNC(=O)N(C)CC(CO[*])OC(=O)[*],[*]COC(=O)OC([*])CN(C)C(=O)NCCC,5.6e-05,-4.251811972993799,0,-4.489914417266846
9724,COCCCCCNC(CN*)CNC(=O)*,COCCCCCNC(CN[*])CNC(=O)[*],[*]CNC(=O)NCC([*])NCCCCCOC,0.000151,-3.8210230527068307,1,-3.9338035583496094
9725,CC(CNC(=O)C(OC(=O)*)C(C)(C)C)O*,CC(CNC(=O)C(OC(=O)[*])C(C)(C)C)O[*],[*]CNC(=O)C(OC(=O)OC([*])C)C(C)(C)C,5.4e-05,-4.267606240177032,2,-4.531664848327637
9728,CC(CC(=O)NCC(NC(=O)*)C(C)C)N*,CC(CC(=O)NCC(NC(=O)[*])C(C)C)N[*],[*]CC(=O)NCC(NC(=O)NC([*])C)C(C)C,3.08e-05,-4.511449283499556,0,-4.263062000274658
9729,CC(CNC(=O)*)(CC(=O)O)O*,CC(CNC(=O)[*])(CC(=O)O)O[*],[*]CNC(=O)OC([*])(C)CC(=O)O,6.71e-05,-4.1732774798310075,0,-4.515722274780273
9731,CCC(CC)(CNC(=O)CO*)OC(=O)*,CCC(CC)(CNC(=O)CO[*])OC(=O)[*],[*]CNC(=O)COC(=O)OC([*])(CC)CC,3.44e-05,-4.46344155742847,0,-4.3972930908203125
9735,CC(CCCOC(=O)*)CNC(=O)C(C)N*,CC(CCCOC(=O)[*])CNC(=O)C(C)N[*],[*]CCCOC(=O)NC(C)C(=O)NCC([*])C,2.75e-05,-4.560667306169737,3,-4.280592918395996
9736,CCC(C)(OC(=O)*)C(=O)NC(C)CO*,CCC(C)(OC(=O)[*])C(=O)NC(C)CO[*],[*]OC(=O)OCC(C)NC(=O)C([*])(C)CC,5.48e-05,-4.261219441515631,3,-4.333563804626465
9738,CN(C)CC(C)(C)NCC(CO*)OC(=O)*,CN(C)CC(C)(C)NCC(CO[*])OC(=O)[*],[*]COC(=O)OC([*])CNC(C)(C)CN(C)C,9.79e-05,-4.009217308196862,0,-4.210232734680176
9740,CC(OC(=O)*)C(=O)NCC(C)(O*)C(C)C,CC(OC(=O)[*])C(=O)NCC(C)(O[*])C(C)C,[*]OC(=O)OC(C)(CNC(=O)C([*])C)C(C)C,4.69e-05,-4.328827157284917,0,-4.452868938446045
9742,CC(C)CNC(CN*)CNC(=O)*,CC(C)CNC(CN[*])CNC(=O)[*],[*]CNC(=O)NCC([*])NCC(C)C,6.63e-05,-4.178486471595227,3,-4.265100955963135
9745,CCCCCCC(CC(C)OC(=O)*)O*,CCCCCCC(CC(C)OC(=O)[*])O[*],[*]CC(C)OC(=O)OC([*])CCCCCC,3.18e-05,-4.497572880015567,3,-4.40346622467041
9747,CCC(CC)(CNC(=O)*)NC(=O)CCN*,CCC(CC)(CNC(=O)[*])NC(=O)CCN[*],[*]CNC(=O)NCCC(=O)NC([*])(CC)CC,5.65e-05,-4.247951552180561,3,-4.427110195159912
9750,CCCN(CC(C)(C)O*)C(=O)COC(=O)*,CCCN(CC(C)(C)O[*])C(=O)COC(=O)[*],[*]CC(C)(C)OC(=O)OCC(=O)N([*])CCC,3.77e-05,-4.423658649794207,2,-4.400891304016113
9753,CCC(N*)C(NC(=O)*)C(=O)OC,CCC(N[*])C(NC(=O)[*])C(=O)OC,[*]NC(=O)NC(C(=O)OC)C([*])CC,3.09e-05,-4.510041520575165,3,-4.527722358703613
9754,CC(C)(CCO*)COC(=O)*,CC(C)(CCO[*])COC(=O)[*],[*]CCOC(=O)OCC([*])(C)C,3.26e-05,-4.486782399932061,3,-4.54437255859375
9755,CC(CN*)CNC(=O)CC(C)(C)NC(=O)*,CC(CN[*])CNC(=O)CC(C)(C)NC(=O)[*],[*]CNC(=O)CC(C)(C)NC(=O)NCC([*])C,4.21e-05,-4.375717904164332,1,-4.335211277008057
9761,CC(CNCC(C)(C)OCCOC(=O)*)O*,CC(CNCC(C)(C)OCCOC(=O)[*])O[*],[*]CNCC(C)(C)OCCOC(=O)OC([*])C,0.000152,-3.8181564120552274,1,-4.047785758972168
9764,CC(CNC(=O)*)N(C)CCCN*,CC(CNC(=O)[*])N(C)CCCN[*],[*]CNC(=O)NCCCN(C)C([*])C,7.74e-05,-4.111259039317107,1,-4.2908430099487305
9766,CCCC(O*)C(=O)N(C)CCCOC(=O)*,CCCC(O[*])C(=O)N(C)CCCOC(=O)[*],[*]OC(=O)OCCCN(C)C(=O)C([*])CCC,4.09e-05,-4.388276691992658,3,-4.341797828674316
9768,CCC(N*)C(=O)NCC(F)(F)CNC(=O)*,CCC(N[*])C(=O)NCC(F)(F)CNC(=O)[*],[*]NC(=O)NCC(F)(F)CNC(=O)C([*])CC,4.96e-05,-4.304518323509803,0,-4.305188179016113
9777,CCC(CO*)SCCC(C)(C)OC(=O)*,CCC(CO[*])SCCC(C)(C)OC(=O)[*],[*]COC(=O)OC(C)(C)CCSC([*])CC,3.52e-05,-4.453457336521869,1,-4.390242576599121
9779,C=C(C)CCN(CCOC(=O)*)CC(C)O*,C=C(C)CCN(CCOC(=O)[*])CC(C)O[*],[*]CCOC(=O)OC(C)CN([*])CCC(=C)C,5.28e-05,-4.277366077466188,1,-4.159824848175049
9780,COCC(C)(C)NCC(OC(=O)*)C(C)O*,COCC(C)(C)NCC(OC(=O)[*])C(C)O[*],[*]OC(=O)OC(C)C([*])CNC(C)(C)COC,3.93e-05,-4.405607449624573,3,-4.3772406578063965
9781,CCCCOC(=O)C(CN*)NC(=O)*,CCCCOC(=O)C(CN[*])NC(=O)[*],[*]CNC(=O)NC([*])C(=O)OCCCC,3.69e-05,-4.432973633840939,2,-4.438894271850586
9799,COCC(CN(C)CC(C)(C)NC(=O)*)O*,COCC(CN(C)CC(C)(C)NC(=O)[*])O[*],[*]CN(C)CC(C)(C)NC(=O)OC([*])COC,6.81e-05,-4.166852888087215,1,-4.215813159942627
9806,CCCN(CC)CC(O*)C(C)OC(=O)*,CCCN(CC)CC(O[*])C(C)OC(=O)[*],[*]OC(=O)OC(C)C([*])CN(CC)CCC,5.12e-05,-4.29073003902417,0,-4.324488639831543
9811,CCCCC(CN*)NC(=O)CCNC(=O)*,CCCCC(CN[*])NC(=O)CCNC(=O)[*],[*]CNC(=O)NCCC(=O)NC([*])CCCC,3.36e-05,-4.473660722610156,1,-4.254822254180908
9812,CCC(CC)C(CCO*)NC(=O)*,CCC(CC)C(CCO[*])NC(=O)[*],[*]CCOC(=O)NC([*])C(CC)CC,2.51e-05,-4.600326278518962,3,-4.458982944488525
9817,CC(C)N(C)C(=O)C(CCCNC(=O)*)N*,CC(C)N(C)C(=O)C(CCCNC(=O)[*])N[*],[*]CCCNC(=O)NC([*])C(=O)N(C)C(C)C,9.22e-05,-4.035269078946371,3,-4.5394606590271
9826,C=CCCCC(N*)C(=O)N(C)CCNC(=O)*,C=CCCCC(N[*])C(=O)N(C)CCNC(=O)[*],[*]NC(=O)NCCN(C)C(=O)C([*])CCCC=C,3.53e-05,-4.452225294612178,2,-4.281106948852539
9828,CC(C)(CCNC(=O)CCCNC(=O)*)N*,CC(C)(CCNC(=O)CCCNC(=O)[*])N[*],[*]CCNC(=O)CCCNC(=O)NC([*])(C)C,3.94e-05,-4.404503778174426,3,-4.280405044555664
9837,CC(CC(C)(C)NC(=O)*)N*,CC(CC(C)(C)NC(=O)[*])N[*],[*]CC(C)(C)NC(=O)NC([*])C,4.1e-05,-4.3872161432802645,0,-4.435717582702637
9838,C=CCCC(C)N(CCNC(=O)*)CCO*,C=CCCC(C)N(CCNC(=O)[*])CCO[*],[*]CCNC(=O)OCCN([*])C(C)CCC=C,9.88e-05,-4.005243055412372,0,-4.176346778869629
9858,CC(CCCC#N)NCC(CO*)OC(=O)*,CC(CCCC#N)NCC(CO[*])OC(=O)[*],[*]COC(=O)OC([*])CNC(C)CCCC#N,0.000102,-3.9913998282380825,2,-4.044444561004639
10522,C#CCCCNC(=O)C(CCCN*)NC(=O)*,C#CCCCNC(=O)C(CCCN[*])NC(=O)[*],[*]CCCNC(=O)NC([*])C(=O)NCCCC#C,9.11e-05,-4.040481623027001,0,-4.218935966491699
13123,NC(=O)C(COC(=O)*)NC(=O)CO*,NC(=O)C(COC(=O)[*])NC(=O)CO[*],[*]COC(=O)OCC(=O)NC([*])C(N)=O,6.88e-05,-4.162411561764489,2,-4.102465629577637
13148,CC(C)(CC(N)=O)NCC(COC(=O)*)O*,CC(C)(CC(N)=O)NCC(COC(=O)[*])O[*],[*]COC(=O)OC([*])CNC(C)(C)CC(N)=O,7.4e-05,-4.130768280269024,3,-4.171058654785156
13189,COC(=O)CN(CCNC(=O)*)CCO*,COC(=O)CN(CCNC(=O)[*])CCO[*],[*]CCNC(=O)OCCN([*])CC(=O)OC,0.000153,-3.815308569182401,3,-3.9815354347229004
13222,NC(=O)CCNC(=O)C(CN*)OC(=O)*,NC(=O)CCNC(=O)C(CN[*])OC(=O)[*],[*]CNC(=O)OC([*])C(=O)NCCC(N)=O,8.88e-05,-4.051587034221399,2,-4.032323360443115
13234,CC(CNC(=O)*)NC(=O)C(C)N*,CC(CNC(=O)[*])NC(=O)C(C)N[*],[*]CNC(=O)NC(C)C(=O)NC([*])C,4.65e-05,-4.3325470471100465,1,-4.359264850616455
13239,COC(=O)C(NC(=O)CO*)C(C)OC(=O)*,COC(=O)C(NC(=O)CO[*])C(C)OC(=O)[*],[*]NC(=O)COC(=O)OC(C)C([*])C(=O)OC,3.83e-05,-4.416801226031377,3,-4.508833408355713
13242,CN(CCNC(=O)CO*)C(=O)COC(=O)*,CN(CCNC(=O)CO[*])C(=O)COC(=O)[*],[*]CCNC(=O)COC(=O)OCC(=O)N([*])C,5.31e-05,-4.274905478918531,1,-4.371488571166992
13258,COC(C)(CNCC(CO*)OC(=O)*)OC,COC(C)(CNCC(CO[*])OC(=O)[*])OC,[*]COC(=O)OC([*])CNCC(C)(OC)OC,6.61e-05,-4.179798540514359,3,-4.265705108642578
13262,C#CC(C)NCC(CO*)OC(=O)*,C#CC(C)NCC(CO[*])OC(=O)[*],[*]COC(=O)OC([*])CNC(C)C#C,3.8e-05,-4.42021640338319,0,-4.303156852722168
13263,CC#CCNC(CO*)COC(=O)*,CC#CCNC(CO[*])COC(=O)[*],[*]COC(=O)OCC([*])NCC#CC,5.22e-05,-4.282329496997738,2,-4.3247294425964355
13269,CCN(C)C(=O)CNC(CO*)COC(=O)*,CCN(C)C(=O)CNC(CO[*])COC(=O)[*],[*]COC(=O)OCC([*])NCC(=O)N(C)CC,9.03e-05,-4.044312249686494,2,-4.267446041107178
13270,COCC(CNC(=O)COC(=O)*)O*,COCC(CNC(=O)COC(=O)[*])O[*],[*]CNC(=O)COC(=O)OC([*])COC,0.000127,-3.896196279044043,2,-4.085859298706055
13278,COC(CNC(=O)*)C(=O)NC(C)C(C)N*,COC(CNC(=O)[*])C(=O)NC(C)C(C)N[*],[*]CNC(=O)NC(C)C(C)NC(=O)C([*])OC,3.62e-05,-4.441291429466834,1,-4.3564066886901855
13280,COC(CN*)C(=O)N(C)C(C)CNC(=O)*,COC(CN[*])C(=O)N(C)C(C)CNC(=O)[*],[*]CNC(=O)NCC(C)N(C)C(=O)C([*])OC,4.4e-05,-4.356547323513813,1,-4.3214287757873535
13281,CC(C)(C)C(CCN*)OC(=O)*,CC(C)(C)C(CCN[*])OC(=O)[*],[*]CCNC(=O)OC([*])C(C)(C)C,4.19e-05,-4.377785977033705,3,-4.53848123550415
13291,CNC(=O)CN(C)C(=O)C(CN*)OC(=O)*,CNC(=O)CN(C)C(=O)C(CN[*])OC(=O)[*],[*]CNC(=O)OC([*])C(=O)N(C)CC(=O)NC,5.31e-05,-4.274905478918531,2,-4.2442779541015625
13292,CON=CC(=O)NC(CO*)COC(=O)*,CON=CC(=O)NC(CO[*])COC(=O)[*],[*]COC(=O)OCC([*])NC(=O)C=NOC,5.48e-05,-4.261219441515631,2,-4.1840643882751465
13298,CS(=O)(=O)CCNC(CO*)COC(=O)*,CS(=O)(=O)CCNC(CO[*])COC(=O)[*],[*]COC(=O)OCC([*])NCCS(C)(=O)=O,9.23e-05,-4.034798298974088,2,-4.222332954406738
13304,COCC(NC(=O)*)C(=O)NCCCO*,COCC(NC(=O)[*])C(=O)NCCCO[*],[*]NC(=O)OCCCNC(=O)C([*])COC,5.77e-05,-4.238824186844268,1,-4.2124810218811035
13305,CC(C)(OC(=O)*)C(=O)NCCN*,CC(C)(OC(=O)[*])C(=O)NCCN[*],[*]OC(=O)NCCNC(=O)C([*])(C)C,9.8e-05,-4.008773924307505,1,-4.258164405822754
13310,CC(OC(=O)*)C(CO*)NS(N)(=O)=O,CC(OC(=O)[*])C(CO[*])NS(N)(=O)=O,[*]OC(=O)OCC(NS(N)(=O)=O)C([*])C,2.02e-05,-4.694648630553377,1,-4.265345573425293
13311,CCOCCNC(CN*)CNC(=O)*,CCOCCNC(CN[*])CNC(=O)[*],[*]CNC(=O)NCC([*])NCCOCC,0.0001,-4.0,2,-3.9137120246887207
13315,CNC(C)C(=O)NCC(COC(=O)*)O*,CNC(C)C(=O)NCC(COC(=O)[*])O[*],[*]COC(=O)OC([*])CNC(=O)C(C)NC,7.14e-05,-4.146301788223826,0,-4.258655548095703
13316,CSC(COC(=O)*)C(C)N*,CSC(COC(=O)[*])C(C)N[*],[*]COC(=O)NC(C)C([*])SC,3.31e-05,-4.480172006224281,2,-4.53293514251709
13318,COC(C)CNC(=O)CC(CN*)OC(=O)*,COC(C)CNC(=O)CC(CN[*])OC(=O)[*],[*]CNC(=O)OC([*])CC(=O)NCC(C)OC,8.2e-05,-4.086186147616283,2,-4.174676418304443
13319,CNCCCN(C)CC(CN*)OC(=O)*,CNCCCN(C)CC(CN[*])OC(=O)[*],[*]CNC(=O)OC([*])CN(C)CCCNC,6.6e-05,-4.180456064458132,2,-4.121021270751953
13321,CC(C)CC(CN*)OC(=O)*,CC(C)CC(CN[*])OC(=O)[*],[*]CNC(=O)OC([*])CC(C)C,3.5e-05,-4.455931955649724,3,-4.5486884117126465
13327,CC(NC(=O)CC(CNC(=O)*)O*)C(N)=O,CC(NC(=O)CC(CNC(=O)[*])O[*])C(N)=O,[*]CNC(=O)OC([*])CC(=O)NC(C)C(N)=O,7.25e-05,-4.139661993429006,1,-4.132932662963867
13330,CNC(C(=O)N(C)CCO*)C(C)OC(=O)*,CNC(C(=O)N(C)CCO[*])C(C)OC(=O)[*],[*]C(=O)N(C)CCOC(=O)OC(C)C([*])NC,6.14e-05,-4.211831628858833,0,-4.310198783874512
13331,CCCNC(=O)C(CO*)NC(=O)*,CCCNC(=O)C(CO[*])NC(=O)[*],[*]COC(=O)NC([*])C(=O)NCCC,5.14e-05,-4.289036881004725,2,-4.317834854125977
13334,CC(C)(O*)C(C)(C)OC(=O)*,CC(C)(O[*])C(C)(C)OC(=O)[*],[*]OC(=O)OC(C)(C)C([*])(C)C,2.18e-05,-4.661543506395395,0,-4.672206401824951
13340,CC(=O)NCCNCC(COC(=O)*)O*,CC(=O)NCCNCC(COC(=O)[*])O[*],[*]COC(=O)OC([*])CNCCNC(C)=O,9.78e-05,-4.009661145212399,1,-4.03338623046875
13342,CC(C)OCC(=O)NCC(CO*)OC(=O)*,CC(C)OCC(=O)NCC(CO[*])OC(=O)[*],[*]COC(=O)OC([*])CNC(=O)COC(C)C,0.000137,-3.8632794328435933,2,-4.16627311706543
13343,CC(COC(=O)*)(NCCCO*)C(=O)O,CC(COC(=O)[*])(NCCCO[*])C(=O)O,[*]COC(=O)OCCCNC([*])(C)C(=O)O,3.19e-05,-4.496209316942819,2,-4.2983574867248535
13345,CC(CN(CCO*)C(C)C)OC(=O)*,CC(CN(CCO[*])C(C)C)OC(=O)[*],[*]CN(CCOC(=O)OC([*])C)C(C)C,5.59e-05,-4.252588192113577,0,-4.252053737640381
13346,CCC(CNC(CO*)C(=O)OC)OC(=O)*,CCC(CNC(CO[*])C(=O)OC)OC(=O)[*],[*]CNC(COC(=O)OC([*])CC)C(=O)OC,6.54e-05,-4.184422251675732,1,-4.359796524047852
13350,CCC(NCC(CO*)OC(=O)*)C(N)=O,CCC(NCC(CO[*])OC(=O)[*])C(N)=O,[*]COC(=O)OC([*])CNC(CC)C(N)=O,5.98e-05,-4.223298816011589,3,-4.304010391235352
13352,CCC(CNCC(C)(C)CO*)OC(=O)*,CCC(CNCC(C)(C)CO[*])OC(=O)[*],[*]CNCC(C)(C)COC(=O)OC([*])CC,4.2e-05,-4.376750709602099,3,-4.346628665924072
13353,CCC(CNCC(O*)C(N)=O)OC(=O)*,CCC(CNCC(O[*])C(N)=O)OC(=O)[*],[*]CNCC(OC(=O)OC([*])CC)C(N)=O,4.82e-05,-4.31695296176115,1,-4.204415321350098
13365,CCC(=O)C(=O)NCC(CO*)OC(=O)*,CCC(=O)C(=O)NCC(CO[*])OC(=O)[*],[*]COC(=O)OC([*])CNC(=O)C(=O)CC,2.6e-05,-4.585026652029182,0,-4.290828227996826
13366,CCC(C)C(CO*)NCC(C)OC(=O)*,CCC(C)C(CO[*])NCC(C)OC(=O)[*],[*]COC(=O)OC(C)CNC([*])C(C)CC,4.42e-05,-4.354577730650908,1,-4.449523448944092
13367,NC(=O)CNC(=O)C(CCCNC(=O)*)N*,NC(=O)CNC(=O)C(CCCNC(=O)[*])N[*],[*]CCCNC(=O)NC([*])C(=O)NCC(N)=O,0.000124,-3.906578314837765,0,-4.103687286376953
13368,CC(N(C)CC(CO*)OC(=O)*)C(C)(C)C,CC(N(C)CC(CO[*])OC(=O)[*])C(C)(C)C,[*]COC(=O)OC([*])CN(C)C(C)C(C)(C)C,2.89e-05,-4.539102157243452,3,-4.637856960296631
13369,CC(C)NC(=O)CNCC(COC(=O)*)O*,CC(C)NC(=O)CNCC(COC(=O)[*])O[*],[*]COC(=O)OC([*])CNCC(=O)NC(C)C,8.29e-05,-4.081445469449727,0,-4.16560697555542
13372,COCCCNC(CN*)CNC(=O)*,COCCCNC(CN[*])CNC(=O)[*],[*]CNC(=O)NCC([*])NCCCOC,0.000114,-3.9430951486635273,1,-3.9275739192962646
13373,CC(C)(CNC(=O)CCCCOC(=O)*)O*,CC(C)(CNC(=O)CCCCOC(=O)[*])O[*],[*]CNC(=O)CCCCOC(=O)OC([*])(C)C,8.82e-05,-4.054531414868181,0,-4.286929130554199
13374,CC(CCNC(=O)CNC(=O)*)N*,CC(CCNC(=O)CNC(=O)[*])N[*],[*]CCNC(=O)CNC(=O)NC([*])C,5.5e-05,-4.259637310505756,3,-4.290055751800537
13376,CCCCN(CC)CC(COC(=O)*)O*,CCCCN(CC)CC(COC(=O)[*])O[*],[*]COC(=O)OC([*])CN(CC)CCCC,2.86e-05,-4.543633966870957,2,-4.371091365814209
13377,COC(=O)C(CNC(C)CO*)OC(=O)*,COC(=O)C(CNC(C)CO[*])OC(=O)[*],[*]CNC(C)COC(=O)OC([*])C(=O)OC,6.51e-05,-4.186419011431808,0,-4.274901866912842
13378,CNC(=O)CN(CCCO*)CCOC(=O)*,CNC(=O)CN(CCCO[*])CCOC(=O)[*],[*]CCCOC(=O)OCCN([*])CC(=O)NC,7.82e-05,-4.106793246940152,0,-4.007670879364014
13379,CCCC(CC(=O)NC(C)COC(=O)*)O*,CCCC(CC(=O)NC(C)COC(=O)[*])O[*],[*]CC(=O)NC(C)COC(=O)OC([*])CCC,4.25e-05,-4.371611069949688,2,-4.210940361022949
13380,CCCC(CCO*)CNC(=O)*,CCCC(CCO[*])CNC(=O)[*],[*]CCOC(=O)NCC([*])CCC,3.16e-05,-4.5003129173815966,0,-4.3502068519592285
13381,COCC(=O)N(C)CC(COC(=O)*)O*,COCC(=O)N(C)CC(COC(=O)[*])O[*],[*]COC(=O)OC([*])CN(C)C(=O)COC,5.15e-05,-4.288192770958809,1,-4.135022163391113
13383,CCC(CC)(CCOC(=O)*)NCCO*,CCC(CC)(CCOC(=O)[*])NCCO[*],[*]CCOC(=O)OCCNC([*])(CC)CC,4.03e-05,-4.394694953858891,0,-4.3043293952941895
13384,CC(C)(OC(=O)*)C(=O)NCCO*,CC(C)(OC(=O)[*])C(=O)NCCO[*],[*]OC(=O)OCCNC(=O)C([*])(C)C,5.34e-05,-4.272458742971444,3,-4.1918182373046875
13386,CC(CCNC(=O)COCCNC(=O)*)N*,CC(CCNC(=O)COCCNC(=O)[*])N[*],[*]CCNC(=O)COCCNC(=O)NC([*])C,8e-05,-4.096910013008056,3,-4.049874782562256
13387,CC(CNCC(CN(C)C)O*)OC(=O)*,CC(CNCC(CN(C)C)O[*])OC(=O)[*],[*]CNCC(CN(C)C)OC(=O)OC([*])C,6.1e-05,-4.214670164989233,2,-4.068335056304932
13390,CC(CNC(C(=O)O)C(C)OC(=O)*)O*,CC(CNC(C(=O)O)C(C)OC(=O)[*])O[*],[*]CNC(C(=O)O)C(C)OC(=O)OC([*])C,6.37e-05,-4.195860567664649,2,-4.4521074295043945
13393,CSCC(CN(C)C(C)CO*)OC(=O)*,CSCC(CN(C)C(C)CO[*])OC(=O)[*],[*]CN(C)C(C)COC(=O)OC([*])CSC,8.98e-05,-4.0467236633326955,0,-4.177209854125977
13394,CC(C)(CNCC(C)(C)OC(=O)*)O*,CC(C)(CNCC(C)(C)OC(=O)[*])O[*],[*]CNCC(C)(C)OC(=O)OC([*])(C)C,5.02e-05,-4.29929628285498,3,-4.359894752502441
13395,CNC(=O)CNC(=O)C(CO*)NC(=O)*,CNC(=O)CNC(=O)C(CO[*])NC(=O)[*],[*]COC(=O)NC([*])C(=O)NCC(=O)NC,3.51e-05,-4.454692883534176,2,-4.217425346374512
13396,CC(C)C(C)(O*)C(=O)OCCCOC(=O)*,CC(C)C(C)(O[*])C(=O)OCCCOC(=O)[*],[*]OC(=O)OCCCOC(=O)C([*])(C)C(C)C,2.68e-05,-4.5718652059712115,3,-4.3124518394470215
13397,CN(CCCCCO*)CC(C)(C)NC(=O)*,CN(CCCCCO[*])CC(C)(C)NC(=O)[*],[*]CCCCCOC(=O)NC(C)(C)CN([*])C,6.92e-05,-4.1598939055432425,1,-4.225867748260498
13398,CC(CC(C)OC(=O)*)NCC(C)O*,CC(CC(C)OC(=O)[*])NCC(C)O[*],[*]CC(C)OC(=O)OC(C)CNC([*])C,5.81e-05,-4.235823867609669,0,-4.248780727386475
13400,C#CCC(NC(=O)*)C(=O)N(C)CCO*,C#CCC(NC(=O)[*])C(=O)N(C)CCO[*],[*]NC(=O)OCCN(C)C(=O)C([*])CC#C,2.87e-05,-4.542118103266008,0,-4.308356761932373
13402,CC(C)C(N*)C(NC(=O)*)C(C)C,CC(C)C(N[*])C(NC(=O)[*])C(C)C,[*]NC(=O)NC(C(C)C)C([*])C(C)C,3.45e-05,-4.462180904926726,0,-4.553602695465088
13405,CCC(CNCC(CC(C)C)OC(=O)*)O*,CCC(CNCC(CC(C)C)OC(=O)[*])O[*],[*]CNCC(CC(C)C)OC(=O)OC([*])CC,4.11e-05,-4.386158178123931,2,-4.32435941696167
13407,CC(CC(C)(C)NC(=O)*)O*,CC(CC(C)(C)NC(=O)[*])O[*],[*]CC(C)(C)NC(=O)OC([*])C,2.77e-05,-4.557520230935552,0,-4.508845329284668
13408,CCC(CCO*)CNC(C)CCOC(=O)*,CCC(CCO[*])CNC(C)CCOC(=O)[*],[*]CCOC(=O)OCCC(C)NCC([*])CC,8.1e-05,-4.0915149811213505,0,-4.1353583335876465
13411,CC(CCNS(=O)(=O)CCNC(=O)*)O*,CC(CCNS(=O)(=O)CCNC(=O)[*])O[*],[*]CCNS(=O)(=O)CCNC(=O)OC([*])C,4.88e-05,-4.311580177997289,1,-4.274658679962158
13412,CC(C)(CCCOC(=O)*)CN*,CC(C)(CCCOC(=O)[*])CN[*],[*]CCCOC(=O)NCC([*])(C)C,3.33e-05,-4.47755576649368,2,-4.35886287689209
13414,CCCCCCCC(CO*)OC(=O)*,CCCCCCCC(CO[*])OC(=O)[*],[*]COC(=O)OC([*])CCCCCCC,3.15e-05,-4.501689446210399,2,-4.412176132202148
13415,CC(CN(C)CC(OC(=O)*)C(C)C)N*,CC(CN(C)CC(OC(=O)[*])C(C)C)N[*],[*]CN(C)CC(OC(=O)NC([*])C)C(C)C,3.97e-05,-4.401209493236885,2,-4.344374179840088
13417,N#CCCCCNC(=O)CC(CNC(=O)*)O*,N#CCCCCNC(=O)CC(CNC(=O)[*])O[*],[*]CNC(=O)OC([*])CC(=O)NCCCCC#N,7.54e-05,-4.122628654130226,2,-4.156535625457764
13420,CCNC(=O)C(NC(=O)*)C(C)O*,CCNC(=O)C(NC(=O)[*])C(C)O[*],[*]NC(=O)OC(C)C([*])C(=O)NCC,4.7e-05,-4.327902142064283,0,-4.370426177978516
13421,CC(C)(CCC(=O)NCCCOC(=O)*)N*,CC(C)(CCC(=O)NCCCOC(=O)[*])N[*],[*]CCC(=O)NCCCOC(=O)NC([*])(C)C,9.07e-05,-4.042392712939905,0,-4.3200764656066895
13423,CC(N*)C(C)NC(=O)COCCNC(=O)*,CC(N[*])C(C)NC(=O)COCCNC(=O)[*],[*]NC(=O)COCCNC(=O)NC(C)C([*])C,5.88e-05,-4.230622673923862,1,-4.226325035095215
13427,CCC(CN(C)C(CC)COC(=O)*)O*,CCC(CN(C)C(CC)COC(=O)[*])O[*],[*]CN(C)C(CC)COC(=O)OC([*])CC,4.62e-05,-4.335358024443875,2,-4.363912105560303
13428,CC(C)(C)C(CNC(=O)*)O*,CC(C)(C)C(CNC(=O)[*])O[*],[*]CNC(=O)OC([*])C(C)(C)C,3.57e-05,-4.447331783887806,2,-4.501769542694092
13429,CC(CN(C)C)NCC(CO*)OC(=O)*,CC(CN(C)C)NCC(CO[*])OC(=O)[*],[*]COC(=O)OC([*])CNC(C)CN(C)C,0.000101,-3.9956786262173574,1,-4.147525787353516
13430,CCC(CC)(CN(C)CCO*)OC(=O)*,CCC(CC)(CN(C)CCO[*])OC(=O)[*],[*]CN(C)CCOC(=O)OC([*])(CC)CC,5.33e-05,-4.273272790973428,1,-4.389104843139648
13431,CCCCCCNC(=O)C(CO*)NC(=O)*,CCCCCCNC(=O)C(CO[*])NC(=O)[*],[*]COC(=O)NC([*])C(=O)NCCCCCC,4e-05,-4.3979400086720375,0,-4.239594459533691
13432,CC(NC(=O)C(CNC(=O)*)O*)C(N)=O,CC(NC(=O)C(CNC(=O)[*])O[*])C(N)=O,[*]CNC(=O)OC([*])C(=O)NC(C)C(N)=O,7.49e-05,-4.125518182300533,2,-4.168952465057373
13436,CC(CCO*)NC(=O)COCCNC(=O)*,CC(CCO[*])NC(=O)COCCNC(=O)[*],[*]CCOC(=O)NCCOCC(=O)NC([*])C,9.49e-05,-4.022733787572707,1,-4.005796909332275
13438,CCC(C)CC(COC(=O)*)NCC(C)O*,CCC(C)CC(COC(=O)[*])NCC(C)O[*],[*]COC(=O)OC(C)CNC([*])CC(C)CC,7.3e-05,-4.136677139879544,3,-4.4130377769470215
13439,NC(=O)CCNC(CO*)COC(=O)*,NC(=O)CCNC(CO[*])COC(=O)[*],[*]COC(=O)OCC([*])NCCC(N)=O,0.000109,-3.962573502059376,1,-4.104162216186523
13440,CC(CCCN(C)CC(C)OC(=O)*)O*,CC(CCCN(C)CC(C)OC(=O)[*])O[*],[*]CCCN(C)CC(C)OC(=O)OC([*])C,8.23e-05,-4.08460016478773,0,-4.22395658493042
13443,C#CC(C)(CCCC(C)(C)O*)OC(=O)*,C#CC(C)(CCCC(C)(C)O[*])OC(=O)[*],[*]CCCC(C)(C)OC(=O)OC([*])(C)C#C,4.18e-05,-4.3788237182249645,1,-4.5439300537109375
13444,CC(COC(=O)*)N(C)CC(O*)C(C)(C)C,CC(COC(=O)[*])N(C)CC(O[*])C(C)(C)C,[*]COC(=O)OC(CN(C)C([*])C)C(C)(C)C,2.2e-05,-4.657577319177793,2,-4.480669975280762
13445,CN(CC#N)C(=O)CC(CN*)OC(=O)*,CN(CC#N)C(=O)CC(CN[*])OC(=O)[*],[*]CNC(=O)OC([*])CC(=O)N(C)CC#N,3.54e-05,-4.450996737974212,0,-4.183853626251221
13446,CC(C)OC(=O)CNCC(CO*)OC(=O)*,CC(C)OC(=O)CNCC(CO[*])OC(=O)[*],[*]COC(=O)OC([*])CNCC(=O)OC(C)C,9.38e-05,-4.027797161620936,1,-4.094387054443359
13447,CC(NCCCCCO*)C(C)OC(=O)*,CC(NCCCCCO[*])C(C)OC(=O)[*],[*]NCCCCCOC(=O)OC(C)C([*])C,8.9e-05,-4.050609993355088,1,-4.263911247253418
13449,CNCCNC(=O)CC(COC(=O)*)N*,CNCCNC(=O)CC(COC(=O)[*])N[*],[*]COC(=O)NC([*])CC(=O)NCCNC,6.52e-05,-4.185752404268079,0,-4.142899513244629
13450,CCC(CC)(CN(C)CC(C)OC(=O)*)O*,CCC(CC)(CN(C)CC(C)OC(=O)[*])O[*],[*]CN(C)CC(C)OC(=O)OC([*])(CC)CC,5.11e-05,-4.291579099865287,0,-4.4097466468811035
13451,CC(C)(CNCC(CO*)OC(=O)*)C(N)=O,CC(C)(CNCC(CO[*])OC(=O)[*])C(N)=O,[*]COC(=O)OC([*])CNCC(C)(C)C(N)=O,5.73e-05,-4.24184537803261,1,-4.310698986053467
13452,CCOCC(=O)NC(C)(CO*)COC(=O)*,CCOCC(=O)NC(C)(CO[*])COC(=O)[*],[*]COC(=O)OCC([*])(C)NC(=O)COCC,6.36e-05,-4.196542884351586,3,-4.228489875793457
13453,CNCC(CNCC(COC)OC(=O)*)O*,CNCC(CNCC(COC)OC(=O)[*])O[*],[*]CNCC(COC)OC(=O)OC([*])CNC,8.07e-05,-4.09312646527793,3,-4.093349456787109
13454,CC(CNCCC(C)(C)O*)OC(=O)*,CC(CNCCC(C)(C)O[*])OC(=O)[*],[*]CNCCC(C)(C)OC(=O)OC([*])C,3.79e-05,-4.421360790031928,1,-4.383298397064209
13455,CC(CCCNC(=O)*)O*,CC(CCCNC(=O)[*])O[*],[*]CCCNC(=O)OC([*])C,3.82e-05,-4.4179366370882915,2,-4.259596824645996
13456,CCC(CO*)NCCCC(C)OC(=O)*,CCC(CO[*])NCCCC(C)OC(=O)[*],[*]COC(=O)OC(C)CCCNC([*])CC,6.05e-05,-4.218244625347531,3,-4.198826789855957
13457,COC(=O)C(CNCCO*)OC(=O)*,COC(=O)C(CNCCO[*])OC(=O)[*],[*]CNCCOC(=O)OC([*])C(=O)OC,3.85e-05,-4.414539270491499,0,-4.157924652099609
13458,CCCC(CCNCC(C)O*)OC(=O)*,CCCC(CCNCC(C)O[*])OC(=O)[*],[*]CCNCC(C)OC(=O)OC([*])CCC,2.92e-05,-4.534617148551582,0,-4.346105098724365
13459,CCC(CCOC(=O)*)NC(C)CCO*,CCC(CCOC(=O)[*])NC(C)CCO[*],[*]CCOC(=O)OCCC(C)NC([*])CC,6.14e-05,-4.211831628858833,1,-4.143409729003906
13460,C=CC(COC(=O)*)NC(=O)CNCCN*,C=CC(COC(=O)[*])NC(=O)CNCCN[*],[*]COC(=O)NCCNCC(=O)NC([*])C=C,0.000124,-3.906578314837765,3,-4.084514617919922
13461,CCCCN(CCCO*)CC(C)OC(=O)*,CCCCN(CCCO[*])CC(C)OC(=O)[*],[*]CCCOC(=O)OC(C)CN([*])CCCC,4.28e-05,-4.368556230986828,0,-4.253557205200195
13462,CCCC(CN(C)C(C)COC(=O)*)O*,CCCC(CN(C)C(C)COC(=O)[*])O[*],[*]CN(C)C(C)COC(=O)OC([*])CCC,5.17e-05,-4.286509456906058,2,-4.266834259033203
13463,COCC(NC(=O)*)C(=O)NOCC(C)N*,COCC(NC(=O)[*])C(=O)NOCC(C)N[*],[*]NC(=O)NC(C)CONC(=O)C([*])COC,0.000104,-3.9829666607012197,2,-4.207990646362305
13464,CCC(CCCNC(=O)C(C)NC(=O)*)O*,CCC(CCCNC(=O)C(C)NC(=O)[*])O[*],[*]CCCNC(=O)C(C)NC(=O)OC([*])CC,3.05e-05,-4.515700160653214,3,-4.299668788909912
13465,CCCC(CCOC(=O)*)NCC(CC)O*,CCCC(CCOC(=O)[*])NCC(CC)O[*],[*]CCOC(=O)OC(CC)CNC([*])CCC,5.02e-05,-4.29929628285498,2,-4.358132839202881
13466,CNCC(C)(CN(C)CCNC(=O)*)O*,CNCC(C)(CN(C)CCNC(=O)[*])O[*],[*]CN(C)CCNC(=O)OC([*])(C)CNC,2.91e-05,-4.536107011014093,0,-4.22099494934082
13468,COCC(CN(C)CC(C)OC(=O)*)O*,COCC(CN(C)CC(C)OC(=O)[*])O[*],[*]CN(C)CC(C)OC(=O)OC([*])COC,9.56e-05,-4.0195421077238995,3,-4.133424282073975
13469,CCC(CN(C)CCC(C)OC(=O)*)O*,CCC(CN(C)CCC(C)OC(=O)[*])O[*],[*]CN(C)CCC(C)OC(=O)OC([*])CC,5.5e-05,-4.259637310505756,1,-4.166530609130859
13470,CC(=O)CNC(CO*)COC(=O)*,CC(=O)CNC(CO[*])COC(=O)[*],[*]COC(=O)OCC([*])NCC(C)=O,0.000112,-3.9507819773298185,3,-4.215911865234375
13473,CC(C)C(COC(=O)*)NCCC(C)(C)O*,CC(C)C(COC(=O)[*])NCCC(C)(C)O[*],[*]COC(=O)OC(C)(C)CCNC([*])C(C)C,4.63e-05,-4.334419008982047,0,-4.394631385803223
13474,CCC(COC(=O)*)NCCC(O*)C(C)C,CCC(COC(=O)[*])NCCC(O[*])C(C)C,[*]COC(=O)OC(CCNC([*])CC)C(C)C,4.49e-05,-4.347753658996677,0,-4.411870956420898
13475,CCCC(CCC)NC(CO*)COC(=O)*,CCCC(CCC)NC(CO[*])COC(=O)[*],[*]COC(=O)OCC([*])NC(CCC)CCC,2.9e-05,-4.5376020021010435,0,-4.447327136993408
13476,CCN(CCN*)CC(C)(C)OC(=O)*,CCN(CCN[*])CC(C)(C)OC(=O)[*],[*]CCNC(=O)OC(C)(C)CN([*])CC,9.56e-05,-4.0195421077238995,2,-4.314418792724609
13478,CCCCC(=O)NC(C)(CO*)COC(=O)*,CCCCC(=O)NC(C)(CO[*])COC(=O)[*],[*]COC(=O)OCC([*])(C)NC(=O)CCCC,5.37e-05,-4.270025714300444,0,-4.547423839569092
13479,CCC(COC(=O)*)NCCC(C)O*,CCC(COC(=O)[*])NCCC(C)O[*],[*]COC(=O)OC(C)CCNC([*])CC,7.21e-05,-4.142064735280571,0,-4.207144737243652
13480,C=CC(C)(O*)C(=O)N(C)CC(C)OC(=O)*,C=CC(C)(O[*])C(=O)N(C)CC(C)OC(=O)[*],[*]OC(=O)OC(C)CN(C)C(=O)C([*])(C)C=C,3.73e-05,-4.428291168191312,0,-4.389276027679443
13481,C#CCOCC(CNCCCOC(=O)*)O*,C#CCOCC(CNCCCOC(=O)[*])O[*],[*]CNCCCOC(=O)OC([*])COCC#C,0.000103,-3.987162775294828,2,-3.956724166870117
13482,CCC(CNC(C)C(C)OC(=O)*)O*,CCC(CNC(C)C(C)OC(=O)[*])O[*],[*]CNC(C)C(C)OC(=O)OC([*])CC,6.45e-05,-4.1904402853647325,0,-4.265121936798096
13483,C=C(COC(=O)*)C(=O)NC(C)CC(C)O*,C=C(COC(=O)[*])C(=O)NC(C)CC(C)O[*],[*]COC(=O)OC(C)CC(C)NC(=O)C([*])=C,3.51e-05,-4.454692883534176,0,-4.227486610412598
13484,CC#CCCCC(=O)NC(CO*)COC(=O)*,CC#CCCCC(=O)NC(CO[*])COC(=O)[*],[*]COC(=O)OCC([*])NC(=O)CCCC#CC,5.47e-05,-4.262012673666569,2,-4.342074394226074
13485,CCCCCNC(=O)CC(CN*)OC(=O)*,CCCCCNC(=O)CC(CN[*])OC(=O)[*],[*]CNC(=O)OC([*])CC(=O)NCCCCC,8.38e-05,-4.076755981369724,1,-4.179922580718994
13486,C=C(COC(=O)*)C(=O)NCCCCO*,C=C(COC(=O)[*])C(=O)NCCCCO[*],[*]COC(=O)OCCCCNC(=O)C([*])=C,7.63e-05,-4.117475462045119,1,-4.098354816436768
13487,CCC(C)(O*)C(=O)NCCC(C)OC(=O)*,CCC(C)(O[*])C(=O)NCCC(C)OC(=O)[*],[*]OC(=O)OC(C)CCNC(=O)C([*])(C)CC,4.61e-05,-4.336299074610352,1,-4.306621551513672
13488,COCC(C)(CO*)CC(C)COC(=O)*,COCC(C)(CO[*])CC(C)COC(=O)[*],[*]COC(=O)OCC(C)CC([*])(C)COC,4.86e-05,-4.313363730737707,0,-4.563430309295654
13489,CC(C)C(CN(CCOC(=O)*)C(C)C)O*,CC(C)C(CN(CCOC(=O)[*])C(C)C)O[*],[*]CN(CCOC(=O)OC([*])C(C)C)C(C)C,4.05e-05,-4.392544976785332,2,-4.487717628479004
13491,C=CCNCCN(CCN*)CCNC(=O)*,C=CCNCCN(CCN[*])CCNC(=O)[*],[*]CCNC(=O)NCCN([*])CCNCC=C,0.000182,-3.7399286120149253,0,-3.94391131401062
13492,C=CC(CO*)NC(=O)C(C)(C)COC(=O)*,C=CC(CO[*])NC(=O)C(C)(C)COC(=O)[*],[*]COC(=O)OCC(C)(C)C(=O)NC([*])C=C,4.43e-05,-4.3535962737769305,0,-4.326676368713379
13493,CCNC(=O)CC(CN*)OC(=O)*,CCNC(=O)CC(CN[*])OC(=O)[*],[*]CNC(=O)OC([*])CC(=O)NCC,0.0001,-4.0,0,-4.307592868804932
13494,CCC(C)(COC(=O)*)NC(C)CCO*,CCC(C)(COC(=O)[*])NC(C)CCO[*],[*]COC(=O)OCCC(C)NC([*])(C)CC,5.01e-05,-4.300162274132754,1,-4.3715620040893555
13495,CC(C)(CC(C)(C)OC(=O)*)O*,CC(C)(CC(C)(C)OC(=O)[*])O[*],[*]CC(C)(C)OC(=O)OC([*])(C)C,1.48e-05,-4.8297382846050425,2,-4.513383865356445
13496,CCCC(CN(CC)CCCO*)OC(=O)*,CCCC(CN(CC)CCCO[*])OC(=O)[*],[*]CN(CC)CCCOC(=O)OC([*])CCC,5.12e-05,-4.29073003902417,2,-4.18971061706543
13497,CC(C)(C)C(C)(CN*)OC(=O)*,CC(C)(C)C(C)(CN[*])OC(=O)[*],[*]CNC(=O)OC([*])(C)C(C)(C)C,2.64e-05,-4.578396073130169,2,-4.7413010597229
13498,CCC(C)NC(C)(CO*)COC(=O)*,CCC(C)NC(C)(CO[*])COC(=O)[*],[*]COC(=O)OCC([*])(C)NC(C)CC,2.03e-05,-4.692503962086787,0,-4.530221462249756
13499,CCC(CNC(COC(=O)*)CC(C)C)O*,CCC(CNC(COC(=O)[*])CC(C)C)O[*],[*]CNC(COC(=O)OC([*])CC)CC(C)C,4.7e-05,-4.327902142064283,2,-4.351966381072998
13500,CC(CCNC(=O)CC(C)(C)O*)OC(=O)*,CC(CCNC(=O)CC(C)(C)O[*])OC(=O)[*],[*]CCNC(=O)CC(C)(C)OC(=O)OC([*])C,4.05e-05,-4.392544976785332,1,-4.341824054718018
13501,CCCC(C)C(COC(=O)*)N*,CCCC(C)C(COC(=O)[*])N[*],[*]COC(=O)NC([*])C(C)CCC,3.85e-05,-4.414539270491499,0,-4.600051403045654
13502,CC(=O)CSCC(C)(CO*)COC(=O)*,CC(=O)CSCC(C)(CO[*])COC(=O)[*],[*]COC(=O)OCC([*])(C)CSCC(C)=O,5.71e-05,-4.243363891754152,3,-4.297719478607178
13503,CC(C)(COC(=O)*)NC(=O)CCCCO*,CC(C)(COC(=O)[*])NC(=O)CCCCO[*],[*]COC(=O)OCCCCC(=O)NC([*])(C)C,5.65e-05,-4.247951552180561,2,-4.274543762207031
13504,CC(CNCC(CC(C)(C)C)O*)OC(=O)*,CC(CNCC(CC(C)(C)C)O[*])OC(=O)[*],[*]CNCC(CC(C)(C)C)OC(=O)OC([*])C,5.07e-05,-4.294992040666664,0,-4.393709659576416
13505,C#CCC(COC(=O)*)NC(C)CCO*,C#CCC(COC(=O)[*])NC(C)CCO[*],[*]COC(=O)OCCC(C)NC([*])CC#C,0.000104,-3.9829666607012197,1,-4.059439182281494
13506,C#CCCNC(CO*)COC(=O)*,C#CCCNC(CO[*])COC(=O)[*],[*]COC(=O)OCC([*])NCCC#C,6.05e-05,-4.218244625347531,3,-4.255752086639404
13507,CNCC(C)NC(=O)C(CO*)NC(=O)*,CNCC(C)NC(=O)C(CO[*])NC(=O)[*],[*]COC(=O)NC([*])C(=O)NC(C)CNC,6.89e-05,-4.161780778092374,3,-4.3649091720581055
13508,C=CC(OC(=O)*)C(=O)NOC(C)(C)CO*,C=CC(OC(=O)[*])C(=O)NOC(C)(C)CO[*],[*]OC(=O)OCC(C)(C)ONC(=O)C([*])C=C,4.89e-05,-4.31069114087638,2,-4.375415325164795
13509,CN(CCCCCCNC(=O)*)CCCN*,CN(CCCCCCNC(=O)[*])CCCN[*],[*]CCCCCCNC(=O)NCCCN([*])C,8.96e-05,-4.047691990337875,1,-3.9930827617645264
13510,CCN(CC(C)(C)OC(=O)*)C(C)C(C)O*,CCN(CC(C)(C)OC(=O)[*])C(C)C(C)O[*],[*]CC(C)(C)OC(=O)OC(C)C(C)N([*])CC,4.12e-05,-4.3851027839668655,3,-4.502659320831299
13511,CC(C)(CNCCCCN*)NC(=O)*,CC(C)(CNCCCCN[*])NC(=O)[*],[*]CNCCCCNC(=O)NC([*])(C)C,6.32e-05,-4.199282921717615,3,-4.149528980255127
13512,C=CC=CCCN(CCO*)CCOC(=O)*,C=CC=CCCN(CCO[*])CCOC(=O)[*],[*]CCOC(=O)OCCN([*])CCC=CC=C,0.000106,-3.9746941347352296,1,-3.8976268768310547
13514,COC(CNC(=O)*)C(=O)N(C)CCO*,COC(CNC(=O)[*])C(=O)N(C)CCO[*],[*]CNC(=O)OCCN(C)C(=O)C([*])OC,4.17e-05,-4.379863945026242,3,-4.324257850646973
13515,CC(CC(C)NC(=O)*)NCCCN*,CC(CC(C)NC(=O)[*])NCCCN[*],[*]CC(C)NC(=O)NCCCNC([*])C,5.09e-05,-4.293282217663242,0,-4.338971138000488
13516,CC(C)N(CCCO*)CCNC(=O)*,CC(C)N(CCCO[*])CCNC(=O)[*],[*]CCCOC(=O)NCCN([*])C(C)C,0.000127,-3.896196279044043,3,-4.232765197753906
13517,CN(CCN*)C(=O)C(CCCC#N)NC(=O)*,CN(CCN[*])C(=O)C(CCCC#N)NC(=O)[*],[*]CCNC(=O)NC(CCCC#N)C(=O)N([*])C,5.36e-05,-4.27083521030723,1,-4.226387977600098
13519,C=CC(C)(CNCC(C)O*)OC(=O)*,C=CC(C)(CNCC(C)O[*])OC(=O)[*],[*]CNCC(C)OC(=O)OC([*])(C)C=C,6.02e-05,-4.220403508742176,3,-4.324486255645752
13520,CCC(CCOC(=O)*)NC(C)C(C)O*,CCC(CCOC(=O)[*])NC(C)C(C)O[*],[*]CCOC(=O)OC(C)C(C)NC([*])CC,3.99e-05,-4.399027104313252,3,-4.276612281799316
13521,CC=CC(OC(=O)*)C(=O)NC(C#N)CO*,CC=CC(OC(=O)[*])C(=O)NC(C#N)CO[*],[*]OC(=O)OCC(C#N)NC(=O)C([*])C=CC,3.5e-05,-4.455931955649724,3,-4.35166597366333
13522,CC(CN(C)CCCOC(=O)*)O*,CC(CN(C)CCCOC(=O)[*])O[*],[*]CN(C)CCCOC(=O)OC([*])C,5.21e-05,-4.283162276700476,3,-4.121873378753662
13523,C#CCNC(=O)NC(CO*)COC(=O)*,C#CCNC(=O)NC(CO[*])COC(=O)[*],[*]COC(=O)OCC([*])NC(=O)NCC#C,4.95e-05,-4.305394801066432,0,-4.327199459075928
13524,C=C(COC(=O)*)C(=O)N(C)CCCCO*,C=C(COC(=O)[*])C(=O)N(C)CCCCO[*],[*]COC(=O)OCCCCN(C)C(=O)C([*])=C,0.000158,-3.8013429130455774,0,-4.229567050933838
13525,CC(C)CN(CCN*)CCOC(=O)*,CC(C)CN(CCN[*])CCOC(=O)[*],[*]CCNC(=O)OCCN([*])CC(C)C,8.21e-05,-4.085656842880559,2,-4.24197244644165
13526,CCC(CO*)N(C)CCCC(C)OC(=O)*,CCC(CO[*])N(C)CCCC(C)OC(=O)[*],[*]COC(=O)OC(C)CCCN(C)C([*])CC,6.32e-05,-4.199282921717615,2,-4.21307373046875
13527,CCC(C)(C)CCNC(CO*)COC(=O)*,CCC(C)(C)CCNC(CO[*])COC(=O)[*],[*]COC(=O)OCC([*])NCCC(C)(C)CC,3e-05,-4.522878745280337,0,-4.621236324310303
13529,C=CC(CO*)NC(CC)COC(=O)*,C=CC(CO[*])NC(CC)COC(=O)[*],[*]COC(=O)OCC(CC)NC([*])C=C,0.000119,-3.9244530386074694,2,-4.261168479919434
13530,CC(C)OCCNC(=O)C(COC(=O)*)N*,CC(C)OCCNC(=O)C(COC(=O)[*])N[*],[*]COC(=O)NC([*])C(=O)NCCOC(C)C,5.33e-05,-4.273272790973428,3,-4.085233688354492
13531,CCC(C)C(CNCC(C)O*)OC(=O)*,CCC(C)C(CNCC(C)O[*])OC(=O)[*],[*]CNCC(C)OC(=O)OC([*])C(C)CC,6.42e-05,-4.192464971931146,0,-4.471353054046631
13532,CC(CN(CC=CCl)CCO*)OC(=O)*,CC(CN(CC=CCl)CCO[*])OC(=O)[*],[*]CN(CC=CCl)CCOC(=O)OC([*])C,6.69e-05,-4.174573882232177,1,-4.146168231964111
13533,CCC(CNCC(C)(O*)C(C)C)OC(=O)*,CCC(CNCC(C)(O[*])C(C)C)OC(=O)[*],[*]CNCC(C)(OC(=O)OC([*])CC)C(C)C,6.26e-05,-4.20342566678957,0,-4.3545050621032715
13534,CC(CCCNC(C)CCO*)COC(=O)*,CC(CCCNC(C)CCO[*])COC(=O)[*],[*]CCCNC(C)CCOC(=O)OCC([*])C,6.08e-05,-4.216096420727265,3,-4.209730625152588
13535,COCC(CCNC(=O)CCOC(=O)*)O*,COCC(CCNC(=O)CCOC(=O)[*])O[*],[*]CCNC(=O)CCOC(=O)OC([*])COC,6.87e-05,-4.16304326294045,0,-3.9350857734680176
13536,CCCC(OC(=O)*)C(=O)OCCO*,CCCC(OC(=O)[*])C(=O)OCCO[*],[*]OC(=O)OCCOC(=O)C([*])CCC,6.02e-05,-4.220403508742176,3,-4.262513637542725
13537,NC(=O)CCNC(=O)C(CCN*)NC(=O)*,NC(=O)CCNC(=O)C(CCN[*])NC(=O)[*],[*]CCNC(=O)NC([*])C(=O)NCCC(N)=O,4.8e-05,-4.318758762624412,2,-4.039636611938477
13538,CC(C)=CCN(CCOC(=O)*)CC(C)O*,CC(C)=CCN(CCOC(=O)[*])CC(C)O[*],[*]CCOC(=O)OC(C)CN([*])CC=C(C)C,5.34e-05,-4.272458742971444,2,-4.262833118438721
13539,CCCC(CCOC(=O)*)NC(C)C(C)O*,CCCC(CCOC(=O)[*])NC(C)C(C)O[*],[*]CCOC(=O)OC(C)C(C)NC([*])CCC,5.14e-05,-4.289036881004725,1,-4.424005031585693
13540,CCC(CCNC(=O)CC(C)NC(=O)*)O*,CCC(CCNC(=O)CC(C)NC(=O)[*])O[*],[*]CCNC(=O)CC(C)NC(=O)OC([*])CC,4.41e-05,-4.355561410532162,2,-4.264168739318848
13541,C=C(CC)C(=O)NC(CO*)COC(=O)*,C=C(CC)C(=O)NC(CO[*])COC(=O)[*],[*]COC(=O)OCC([*])NC(=O)C(=C)CC,7.88e-05,-4.103473782510445,1,-4.302086353302002
13542,N=CNC(=O)C(CCCNC(=O)*)N*,N=CNC(=O)C(CCCNC(=O)[*])N[*],[*]CCCNC(=O)NC([*])C(=O)NC=N,9.17e-05,-4.037630664329979,3,-4.311330318450928
13543,CC(C)CC(C)NCC(CO*)OC(=O)*,CC(C)CC(C)NCC(CO[*])OC(=O)[*],[*]COC(=O)OC([*])CNC(C)CC(C)C,2.59e-05,-4.586700235918748,0,-4.522739410400391
13544,CC(CCO*)NCC(COC(=O)*)C(C)C,CC(CCO[*])NCC(COC(=O)[*])C(C)C,[*]CCOC(=O)OCC(CNC([*])C)C(C)C,5.82e-05,-4.235077015350112,3,-4.3404388427734375
13545,CCCCOC(=O)NCC(CO*)OC(=O)*,CCCCOC(=O)NCC(CO[*])OC(=O)[*],[*]COC(=O)OC([*])CNC(=O)OCCCC,3.25e-05,-4.488116639021126,0,-4.245572090148926
13546,CSCC(CN(C)CC(C)NC(=O)*)O*,CSCC(CN(C)CC(C)NC(=O)[*])O[*],[*]CN(C)CC(C)NC(=O)OC([*])CSC,7.03e-05,-4.153044674980176,3,-4.3031463623046875
13547,CN(CCCCNC(=O)*)CCCN*,CN(CCCCNC(=O)[*])CCCN[*],[*]CCCCNC(=O)NCCCN([*])C,0.000111,-3.9546770212133424,2,-3.9829344749450684
13548,CCCCC(CO*)COC(=O)*,CCCCC(CO[*])COC(=O)[*],[*]COC(=O)OCC([*])CCCC,7.29e-05,-4.137272471682025,1,-4.435051918029785
13549,CCC(CNCCCC(C)(C)O*)OC(=O)*,CCC(CNCCCC(C)(C)O[*])OC(=O)[*],[*]CNCCCC(C)(C)OC(=O)OC([*])CC,5.12e-05,-4.29073003902417,0,-4.3810272216796875
13550,CC(CCCNC(=O)*)CN*,CC(CCCNC(=O)[*])CN[*],[*]CCCNC(=O)NCC([*])C,5.04e-05,-4.297569463554475,3,-4.2980122566223145
13551,CCC=CNC(=O)C(CCCCNC(=O)*)N*,CCC=CNC(=O)C(CCCCNC(=O)[*])N[*],[*]CCCCNC(=O)NC([*])C(=O)NC=CCC,4.83e-05,-4.316052869248487,0,-4.366535186767578
13552,CCC(CNCCC(C)CCO*)OC(=O)*,CCC(CNCCC(C)CCO[*])OC(=O)[*],[*]CNCCC(C)CCOC(=O)OC([*])CC,4.46e-05,-4.350665141287858,2,-4.054178714752197
13553,CCC(C)C(=O)NC(C)(CO*)COC(=O)*,CCC(C)C(=O)NC(C)(CO[*])COC(=O)[*],[*]COC(=O)OCC([*])(C)NC(=O)C(C)CC,2.14e-05,-4.669586226650809,0,-4.427453517913818
13554,COCCNC(=O)NCC(CO*)OC(=O)*,COCCNC(=O)NCC(CO[*])OC(=O)[*],[*]COC(=O)OC([*])CNC(=O)NCCOC,9.77e-05,-4.0101054362812265,2,-4.035276889801025
13555,CC(C)CNCC(CC(C)(C)O*)OC(=O)*,CC(C)CNCC(CC(C)(C)O[*])OC(=O)[*],[*]CC(C)(C)OC(=O)OC([*])CNCC(C)C,3.34e-05,-4.476253533188435,1,-4.622707843780518
13556,O=C(CCCCCN*)NCCCOC(=O)*,O=C(CCCCCN[*])NCCCOC(=O)[*],[*]CCCCCNC(=O)OCCCNC([*])=O,8.85e-05,-4.053056729302175,1,-4.118664264678955
13557,CC(CC#N)NCC(O*)C(C)OC(=O)*,CC(CC#N)NCC(O[*])C(C)OC(=O)[*],[*]OC(=O)OC(C)C([*])CNC(C)CC#N,5.02e-05,-4.29929628285498,1,-4.1662516593933105
13558,CCC=CNC(=O)C(CCCNC(=O)*)N*,CCC=CNC(=O)C(CCCNC(=O)[*])N[*],[*]CCCNC(=O)NC([*])C(=O)NC=CCC,3.34e-05,-4.476253533188435,0,-4.382979869842529
13559,O=C(COC(=O)*)NC(CO*)CC(F)F,O=C(COC(=O)[*])NC(CO[*])CC(F)F,[*]COC(=O)OCC(CC(F)F)NC([*])=O,4.6e-05,-4.337242168318426,0,-4.2218146324157715
13560,CCCCCCN(C)CC(CN*)OC(=O)*,CCCCCCN(C)CC(CN[*])OC(=O)[*],[*]CNC(=O)OC([*])CN(C)CCCCCC,2.96e-05,-4.528708288941061,0,-4.3069658279418945
13561,CCC(CNC(CC)C(C)(C)O*)OC(=O)*,CCC(CNC(CC)C(C)(C)O[*])OC(=O)[*],[*]CNC(CC)C(C)(C)OC(=O)OC([*])CC,2.54e-05,-4.5951662833800615,3,-4.356258392333984
13562,CC(COC(=O)*)NC(C)C(C)O*,CC(COC(=O)[*])NC(C)C(C)O[*],[*]COC(=O)OC(C)C(C)NC([*])C,2.86e-05,-4.543633966870957,3,-4.2903900146484375
13563,CCC(CNC(C)CCCCO*)OC(=O)*,CCC(CNC(C)CCCCO[*])OC(=O)[*],[*]CNC(C)CCCCOC(=O)OC([*])CC,5.14e-05,-4.289036881004725,2,-4.177701473236084
13564,CC(C)(CCOC(=O)*)N*,CC(C)(CCOC(=O)[*])N[*],[*]CCOC(=O)NC([*])(C)C,4.65e-05,-4.3325470471100465,3,-4.452854633331299
13565,C#CC(C)(NC(=O)*)C(=O)NCCCCN*,C#CC(C)(NC(=O)[*])C(=O)NCCCCN[*],[*]NC(=O)NCCCCNC(=O)C([*])(C)C#C,6.78e-05,-4.168770306132937,0,-4.197226047515869
13566,CC(C)OC(=O)C(C)(CO*)COC(=O)*,CC(C)OC(=O)C(C)(CO[*])COC(=O)[*],[*]COC(=O)OCC([*])(C)C(=O)OC(C)C,2.79e-05,-4.554395796726403,1,-4.533282279968262
13567,CCCC(CNC(C)(C)CCO*)OC(=O)*,CCCC(CNC(C)(C)CCO[*])OC(=O)[*],[*]CNC(C)(C)CCOC(=O)OC([*])CCC,3.84e-05,-4.4156687756324695,3,-4.325755596160889
13568,CC(CCCO*)NC(C)CCOC(=O)*,CC(CCCO[*])NC(C)CCOC(=O)[*],[*]CCCOC(=O)OCCC(C)NC([*])C,0.000117,-3.9318141382538383,1,-4.109699249267578
13569,CC(CC#N)C(=O)NC(CO*)COC(=O)*,CC(CC#N)C(=O)NC(CO[*])COC(=O)[*],[*]COC(=O)OCC([*])NC(=O)C(C)CC#N,5.72e-05,-4.242603971206976,1,-4.291928291320801
13570,CC(CC(=O)OCC(C)(C)OC(=O)*)O*,CC(CC(=O)OCC(C)(C)OC(=O)[*])O[*],[*]CC(=O)OCC(C)(C)OC(=O)OC([*])C,4.67e-05,-4.330683119433888,3,-4.440939903259277
13571,CCN(CCCCO*)C(C)COC(=O)*,CCN(CCCCO[*])C(C)COC(=O)[*],[*]CCCCOC(=O)OCC(C)N([*])CC,4.29e-05,-4.367542707815276,1,-4.098676681518555
13572,CC(C)CN(C)CC(O*)C(C)(C)OC(=O)*,CC(C)CN(C)CC(O[*])C(C)(C)OC(=O)[*],[*]OC(=O)OC(C)(C)C([*])CN(C)CC(C)C,4.97e-05,-4.303643611266668,0,-4.402822494506836
13573,CC(C)CC(C)CNC(CO*)COC(=O)*,CC(C)CC(C)CNC(CO[*])COC(=O)[*],[*]COC(=O)OCC([*])NCC(C)CC(C)C,3.3e-05,-4.481486060122113,0,-4.383630275726318
13574,CC(CCCCNC(=O)*)N*,CC(CCCCNC(=O)[*])N[*],[*]CCCCNC(=O)NC([*])C,5.21e-05,-4.283162276700476,2,-4.150657653808594
13575,COCC(C)N(CCO*)CCOC(=O)*,COCC(C)N(CCO[*])CCOC(=O)[*],[*]CCOC(=O)OCCN([*])C(C)COC,7.07e-05,-4.150580586203101,1,-4.057594299316406
13576,CC(CNCCCOC(=O)*)O*,CC(CNCCCOC(=O)[*])O[*],[*]CNCCCOC(=O)OC([*])C,0.000131,-3.8827287043442356,2,-4.111674785614014
13577,C=C(CO*)C(=O)NC(C)(CC)COC(=O)*,C=C(CO[*])C(=O)NC(C)(CC)COC(=O)[*],[*]COC(=O)OCC(C)(CC)NC(=O)C([*])=C,2.89e-05,-4.539102157243452,3,-4.387694835662842
13578,CCC(CN(C)CC(C)N*)OC(=O)*,CCC(CN(C)CC(C)N[*])OC(=O)[*],[*]CN(C)CC(C)NC(=O)OC([*])CC,6.57e-05,-4.182434630440219,1,-4.23519229888916
13579,CCN(CCCCCCN*)CCNC(=O)*,CCN(CCCCCCN[*])CCNC(=O)[*],[*]CCCCCCNC(=O)NCCN([*])CC,0.000116,-3.9355420107730814,2,-4.041530609130859
13580,CC(C)CCCN(C)CC(CN*)OC(=O)*,CC(C)CCCN(C)CC(CN[*])OC(=O)[*],[*]CNC(=O)OC([*])CN(C)CCCC(C)C,3.66e-05,-4.436518914605589,1,-4.267998218536377
13581,C#CCC(CO*)NC(=O)CCCCOC(=O)*,C#CCC(CO[*])NC(=O)CCCCOC(=O)[*],[*]COC(=O)OCCCCC(=O)NC([*])CC#C,5.05e-05,-4.296708621881338,1,-4.144409656524658
13582,CC(CCN*)NCC(CC(F)F)NC(=O)*,CC(CCN[*])NCC(CC(F)F)NC(=O)[*],[*]CCNC(=O)NC(CNC([*])C)CC(F)F,6.98e-05,-4.156144577376839,3,-4.159438133239746
13583,CC(CN(C)CC(O*)C(C)(C)C)OC(=O)*,CC(CN(C)CC(O[*])C(C)(C)C)OC(=O)[*],[*]CN(C)CC(OC(=O)OC([*])C)C(C)(C)C,1.86e-05,-4.730487055782084,3,-4.376314640045166
13584,CCC(CC)(CNC(=O)C(C)NC(=O)*)O*,CCC(CC)(CNC(=O)C(C)NC(=O)[*])O[*],[*]CNC(=O)C(C)NC(=O)OC([*])(CC)CC,5.8e-05,-4.236572006437063,3,-4.401144504547119
13585,CC(C)(CNC(C)(C)C(C)(C)OC(=O)*)O*,CC(C)(CNC(C)(C)C(C)(C)OC(=O)[*])O[*],[*]CNC(C)(C)C(C)(C)OC(=O)OC([*])(C)C,5.38e-05,-4.269217724333611,3,-4.4758830070495605
13586,CC(CN(C(N)=O)C(C)COC(=O)*)O*,CC(CN(C(N)=O)C(C)COC(=O)[*])O[*],[*]CN(C(N)=O)C(C)COC(=O)OC([*])C,4.7e-05,-4.327902142064283,0,-4.215279579162598
13587,CC(CCCN(C)C(C)CCO*)OC(=O)*,CC(CCCN(C)C(C)CCO[*])OC(=O)[*],[*]CCCN(C)C(C)CCOC(=O)OC([*])C,5.22e-05,-4.282329496997738,1,-4.237317085266113
13588,CCC(C)(C)NC(=O)CC(CN*)OC(=O)*,CCC(C)(C)NC(=O)CC(CN[*])OC(=O)[*],[*]CNC(=O)OC([*])CC(=O)NC(C)(C)CC,5.19e-05,-4.284832642151542,3,-4.4625244140625
13589,CC(C)C(C)(O*)C(=O)N(C)CCOC(=O)*,CC(C)C(C)(O[*])C(=O)N(C)CCOC(=O)[*],[*]OC(=O)OCCN(C)C(=O)C([*])(C)C(C)C,5.14e-05,-4.289036881004725,2,-4.421938896179199
13590,CC(CCNC(=O)C(C)N*)NC(=O)*,CC(CCNC(=O)C(C)N[*])NC(=O)[*],[*]CCNC(=O)C(C)NC(=O)NC([*])C,4.1e-05,-4.3872161432802645,1,-4.369362831115723
13591,CC(C)(C)C(OC(=O)*)C(=O)NOCCO*,CC(C)(C)C(OC(=O)[*])C(=O)NOCCO[*],[*]OC(=O)OCCONC(=O)C([*])C(C)(C)C,4.74e-05,-4.324221658325915,1,-4.3845672607421875
13592,C=CCCCC(N*)C(=O)NCCNC(=O)*,C=CCCCC(N[*])C(=O)NCCNC(=O)[*],[*]NC(=O)NCCNC(=O)C([*])CCCC=C,9.19e-05,-4.036684488613889,1,-4.2676100730896
13594,CCN(C(=O)C(NC(=O)*)C(C)O*)C(C)C#N,CCN(C(=O)C(NC(=O)[*])C(C)O[*])C(C)C#N,[*]NC(=O)OC(C)C([*])C(=O)N(CC)C(C)C#N,6.27e-05,-4.202732459169283,1,-4.598687171936035
13595,CCC(=O)NCC(CNCCOC(=O)*)O*,CCC(=O)NCC(CNCCOC(=O)[*])O[*],[*]CNCCOC(=O)OC([*])CNC(=O)CC,9.5e-05,-4.022276394711152,3,-4.145105361938477
13596,CCC(C)NC(CC)(CO*)COC(=O)*,CCC(C)NC(CC)(CO[*])COC(=O)[*],[*]COC(=O)OCC([*])(CC)NC(C)CC,3.52e-05,-4.453457336521869,0,-4.555899143218994
13597,CCCCC(=O)NC(COC(=O)*)C(C)O*,CCCCC(=O)NC(COC(=O)[*])C(C)O[*],[*]COC(=O)OC(C)C([*])NC(=O)CCCC,5.35e-05,-4.2716462179787715,2,-4.347555637359619
13598,C#CCN(CC)CC(COC(=O)*)O*,C#CCN(CC)CC(COC(=O)[*])O[*],[*]COC(=O)OC([*])CN(CC)CC#C,6.85e-05,-4.164309428507575,0,-4.16620397567749
13599,C=CC(C)(CNCC(=O)CCOC(=O)*)O*,C=CC(C)(CNCC(=O)CCOC(=O)[*])O[*],[*]CNCC(=O)CCOC(=O)OC([*])(C)C=C,0.000119,-3.9244530386074694,1,-4.182446002960205
13600,CCC(C)N(CCCCOC(=O)*)CCO*,CCC(C)N(CCCCOC(=O)[*])CCO[*],[*]CCCCOC(=O)OCCN([*])C(C)CC,4.27e-05,-4.369572124974976,2,-4.131086349487305
13601,CCCC(COC(=O)*)NCC(CCC)O*,CCCC(COC(=O)[*])NCC(CCC)O[*],[*]COC(=O)OC(CCC)CNC([*])CCC,4.85e-05,-4.314258261397736,0,-4.270305156707764
13602,CC(CO*)(COC(=O)*)C(=O)OCC#N,CC(CO[*])(COC(=O)[*])C(=O)OCC#N,[*]COC(=O)OCC([*])(C)C(=O)OCC#N,2.73e-05,-4.5638373529592435,3,-4.347188949584961
13603,CCCN(CCCC(C)O*)CCOC(=O)*,CCCN(CCCC(C)O[*])CCOC(=O)[*],[*]CCCC(C)OC(=O)OCCN([*])CCC,0.0001,-4.0,1,-4.234919548034668
13604,CC(N*)C(=O)NC(CCOC(=O)*)C(C)C,CC(N[*])C(=O)NC(CCOC(=O)[*])C(C)C,[*]NC(=O)OCCC(NC(=O)C([*])C)C(C)C,5.3e-05,-4.275724130399211,3,-4.377791881561279
13605,CCC(CO*)NC(C)C(C)(C)COC(=O)*,CCC(CO[*])NC(C)C(C)(C)COC(=O)[*],[*]COC(=O)OCC(C)(C)C(C)NC([*])CC,4.44e-05,-4.35261702988538,2,-4.506664276123047
13606,COCC(C)(C)N(C)CC(COC(=O)*)O*,COCC(C)(C)N(C)CC(COC(=O)[*])O[*],[*]COC(=O)OC([*])CN(C)C(C)(C)COC,5.14e-05,-4.289036881004725,2,-4.257180690765381
13607,CC(C)C(COC(=O)*)NCC(O*)C(C)C,CC(C)C(COC(=O)[*])NCC(O[*])C(C)C,[*]COC(=O)OC(CNC([*])C(C)C)C(C)C,3.87e-05,-4.412289034981089,3,-4.346970081329346
13608,CC(C)(CNCCCCCCNC(=O)*)N*,CC(C)(CNCCCCCCNC(=O)[*])N[*],[*]CNCCCCCCNC(=O)NC([*])(C)C,0.000127,-3.896196279044043,2,-4.118384838104248
13609,CC(N*)C(=O)NCCCCCCNC(=O)*,CC(N[*])C(=O)NCCCCCCNC(=O)[*],[*]NC(=O)NCCCCCCNC(=O)C([*])C,7.2e-05,-4.142667503568732,0,-4.2592692375183105
13610,C#CC(C)(CC)NCC(COC(=O)*)O*,C#CC(C)(CC)NCC(COC(=O)[*])O[*],[*]COC(=O)OC([*])CNC(C)(C#C)CC,2.84e-05,-4.546681659952962,0,-4.481220722198486
13611,CC(C)(C)NC(=O)NCC(CO*)OC(=O)*,CC(C)(C)NC(=O)NCC(CO[*])OC(=O)[*],[*]COC(=O)OC([*])CNC(=O)NC(C)(C)C,3.54e-05,-4.450996737974212,3,-4.306248188018799
13612,CCC(CNCC(CO*)C(C)C)OC(=O)*,CCC(CNCC(CO[*])C(C)C)OC(=O)[*],[*]CNCC(COC(=O)OC([*])CC)C(C)C,3.65e-05,-4.437707135543525,1,-4.294281959533691
13613,CCC(C)N(CCO*)CC(C)COC(=O)*,CCC(C)N(CCO[*])CC(C)COC(=O)[*],[*]CCOC(=O)OCC(C)CN([*])C(C)CC,4.79e-05,-4.319664486585437,2,-4.3701887130737305
13614,CC(OC(=O)*)C(C)N(C)CC(C)(C)CN*,CC(OC(=O)[*])C(C)N(C)CC(C)(C)CN[*],[*]OC(=O)NCC(C)(C)CN(C)C(C)C([*])C,3.02e-05,-4.519993057042849,3,-4.537444591522217
13615,CC(C)=CCCNC(CO*)COC(=O)*,CC(C)=CCCNC(CO[*])COC(=O)[*],[*]COC(=O)OCC([*])NCCC=C(C)C,3.66e-05,-4.436518914605589,3,-4.306634426116943
13616,CCCN(CC(=O)O)CC(COC(=O)*)O*,CCCN(CC(=O)O)CC(COC(=O)[*])O[*],[*]COC(=O)OC([*])CN(CCC)CC(=O)O,5.33e-05,-4.273272790973428,2,-4.304837226867676
13617,C=CC(O*)C(=O)NC(C)CCOC(=O)*,C=CC(O[*])C(=O)NC(C)CCOC(=O)[*],[*]OC(=O)OCCC(C)NC(=O)C([*])C=C,4.31e-05,-4.3655227298392685,2,-4.211341857910156
13618,CC(C)C(CCO*)NC(=O)CNC(=O)*,CC(C)C(CCO[*])NC(=O)CNC(=O)[*],[*]CCOC(=O)NCC(=O)NC([*])C(C)C,2.36e-05,-4.627087997029894,1,-4.38372802734375
13619,CCC(CO*)C(=O)N(C)C(C)COC(=O)*,CCC(CO[*])C(=O)N(C)C(C)COC(=O)[*],[*]COC(=O)OCC(C)N(C)C(=O)C([*])CC,4.65e-05,-4.3325470471100465,1,-4.485678195953369
13620,CN(CCCOC(=O)*)CC(C)(C)CO*,CN(CCCOC(=O)[*])CC(C)(C)CO[*],[*]CCCOC(=O)OCC(C)(C)CN([*])C,6.15e-05,-4.211124884224583,0,-4.368038177490234
13621,CN(CC(C)(C)C)C(=O)C(COC(=O)*)N*,CN(CC(C)(C)C)C(=O)C(COC(=O)[*])N[*],[*]COC(=O)NC([*])C(=O)N(C)CC(C)(C)C,1.55e-05,-4.809668301829708,2,-4.4185380935668945
13622,CCC(CNC(COC(=O)*)C(C)C)O*,CCC(CNC(COC(=O)[*])C(C)C)O[*],[*]CNC(COC(=O)OC([*])CC)C(C)C,3.94e-05,-4.404503778174426,3,-4.295273780822754
13623,CC(CNCC(O*)C(C)C)COC(=O)*,CC(CNCC(O[*])C(C)C)COC(=O)[*],[*]CNCC(OC(=O)OCC([*])C)C(C)C,3.24e-05,-4.489454989793388,1,-4.430609703063965
13624,CC(CCOC(=O)*)NCCCCO*,CC(CCOC(=O)[*])NCCCCO[*],[*]CCOC(=O)OCCCCNC([*])C,0.000114,-3.9430951486635273,1,-4.0852460861206055
13625,CC(C)C(CNC(=O)CCOC(=O)*)O*,CC(C)C(CNC(=O)CCOC(=O)[*])O[*],[*]CNC(=O)CCOC(=O)OC([*])C(C)C,5.94e-05,-4.2262135550188065,1,-4.32431697845459
13626,CC(CCCCO*)NC(=O)CCOC(=O)*,CC(CCCCO[*])NC(=O)CCOC(=O)[*],[*]CCCCOC(=O)OCCC(=O)NC([*])C,5.6e-05,-4.251811972993799,3,-4.179967880249023
13627,CCC(COC(=O)*)NC(=O)C(C)(CC)N*,CCC(COC(=O)[*])NC(=O)C(C)(CC)N[*],[*]COC(=O)NC(C)(CC)C(=O)NC([*])CC,3.06e-05,-4.51427857351842,0,-4.411983489990234
13628,CC(C)C(C)(COC(=O)*)NC(=O)CCN*,CC(C)C(C)(COC(=O)[*])NC(=O)CCN[*],[*]COC(=O)NCCC(=O)NC([*])(C)C(C)C,3.46e-05,-4.460923901207224,3,-4.412764072418213
13629,CC(N*)C(C)C(=O)NCCCCNC(=O)*,CC(N[*])C(C)C(=O)NCCCCNC(=O)[*],[*]NC(=O)NCCCCNC(=O)C(C)C([*])C,6.23e-05,-4.205511953340831,1,-4.282726764678955
13630,COCCN(C)CC(O*)C(C)OC(=O)*,COCCN(C)CC(O[*])C(C)OC(=O)[*],[*]OC(=O)OC(C)C([*])CN(C)CCOC,6.28e-05,-4.2020403562628035,3,-4.105853080749512
13631,CNC(=O)C(CO*)NC(C)C(C)OC(=O)*,CNC(=O)C(CO[*])NC(C)C(C)OC(=O)[*],[*]COC(=O)OC(C)C(C)NC([*])C(=O)NC,0.000109,-3.962573502059376,2,-4.42225980758667
13632,CCC(N*)C(=O)NCCCOC(=O)*,CCC(N[*])C(=O)NCCCOC(=O)[*],[*]NC(=O)OCCCNC(=O)C([*])CC,6.71e-05,-4.1732774798310075,3,-4.36284875869751
13633,COC(C)(C)CN(C)CC(CO*)OC(=O)*,COC(C)(C)CN(C)CC(CO[*])OC(=O)[*],[*]COC(=O)OC([*])CN(C)CC(C)(C)OC,4.49e-05,-4.347753658996677,2,-4.259942054748535
13634,CC(C)C(CCOC(=O)*)NCC(C)(C)O*,CC(C)C(CCOC(=O)[*])NCC(C)(C)O[*],[*]CCOC(=O)OC(C)(C)CNC([*])C(C)C,2.94e-05,-4.531652669587842,1,-4.486616134643555
13635,COC(C)CN(CCCOC(=O)*)CCO*,COC(C)CN(CCCOC(=O)[*])CCO[*],[*]CCCOC(=O)OCCN([*])CC(C)OC,0.000106,-3.9746941347352296,2,-3.942389726638794
13636,CCC(OC(=O)*)C(C)C(=O)NCCCO*,CCC(OC(=O)[*])C(C)C(=O)NCCCO[*],[*]OC(=O)OCCCNC(=O)C(C)C([*])CC,5.31e-05,-4.274905478918531,0,-4.424750804901123
13637,C=CC(CNC(C)CCOC(=O)*)O*,C=CC(CNC(C)CCOC(=O)[*])O[*],[*]CNC(C)CCOC(=O)OC([*])C=C,0.000111,-3.9546770212133424,0,-4.067244052886963
13638,CCC(CNCC(CC)OC(=O)*)N*,CCC(CNCC(CC)OC(=O)[*])N[*],[*]CNCC(CC)OC(=O)NC([*])CC,4.67e-05,-4.330683119433888,2,-4.205217361450195
13639,CN(CCO*)C(=O)C(NC(=O)*)C(C)(C)C,CN(CCO[*])C(=O)C(NC(=O)[*])C(C)(C)C,[*]CCOC(=O)NC(C(=O)N([*])C)C(C)(C)C,3.18e-05,-4.497572880015567,1,-4.515806198120117
13640,CCC(F)(F)C(=O)NCC(CN*)OC(=O)*,CCC(F)(F)C(=O)NCC(CN[*])OC(=O)[*],[*]CNC(=O)OC([*])CNC(=O)C(F)(F)CC,8.23e-05,-4.08460016478773,2,-4.300467014312744
13641,CC(CNCC(OC(=O)*)C(C)(C)C)O*,CC(CNCC(OC(=O)[*])C(C)(C)C)O[*],[*]CNCC(OC(=O)OC([*])C)C(C)(C)C,5.07e-05,-4.294992040666664,3,-4.365514278411865
13642,CCCCC(CNC(C)COC(=O)*)O*,CCCCC(CNC(C)COC(=O)[*])O[*],[*]CNC(C)COC(=O)OC([*])CCCC,4.93e-05,-4.30715308072277,1,-4.232113838195801
13643,CCC(CC)NC(CCO*)CCOC(=O)*,CCC(CC)NC(CCO[*])CCOC(=O)[*],[*]CCOC(=O)OCCC([*])NC(CC)CC,4.04e-05,-4.393618634889395,2,-4.339419841766357
13644,C=CCCCNC(=O)C(CCN*)NC(=O)*,C=CCCCNC(=O)C(CCN[*])NC(=O)[*],[*]CCNC(=O)NC([*])C(=O)NCCCC=C,7.31e-05,-4.13608262304214,3,-4.25925874710083
13646,CCOCC(CN(C)C(C)COC(=O)*)O*,CCOCC(CN(C)C(C)COC(=O)[*])O[*],[*]CN(C)C(C)COC(=O)OC([*])COCC,7.04e-05,-4.152427340857888,3,-4.21868371963501
13647,CC(C)C(C)(OC(=O)*)C(=O)NCCO*,CC(C)C(C)(OC(=O)[*])C(=O)NCCO[*],[*]OC(=O)OCCNC(=O)C([*])(C)C(C)C,4.42e-05,-4.354577730650908,0,-4.421319007873535
13648,CCCCC(CNCC(C)(C)OC(=O)*)O*,CCCCC(CNCC(C)(C)OC(=O)[*])O[*],[*]CNCC(C)(C)OC(=O)OC([*])CCCC,5.83e-05,-4.2343314452409855,1,-4.368958950042725
13649,CC(NC(=O)CN*)C(C)(C)OC(=O)*,CC(NC(=O)CN[*])C(C)(C)OC(=O)[*],[*]NC(=O)CNC(=O)OC(C)(C)C([*])C,4.08e-05,-4.38933983691012,2,-4.371706008911133
13650,CCC=C(C)C(=O)NCC(CN*)OC(=O)*,CCC=C(C)C(=O)NCC(CN[*])OC(=O)[*],[*]CNC(=O)OC([*])CNC(=O)C(C)=CCC,3.42e-05,-4.465973893943865,2,-4.486248970031738
13651,CC(CS(=O)(=O)C(C)CCO*)OC(=O)*,CC(CS(=O)(=O)C(C)CCO[*])OC(=O)[*],[*]CS(=O)(=O)C(C)CCOC(=O)OC([*])C,5.55e-05,-4.255707016877324,1,-4.192328929901123
13652,C=CC(C)(OC(=O)*)C(=O)NCC(C)(C)O*,C=CC(C)(OC(=O)[*])C(=O)NCC(C)(C)O[*],[*]OC(=O)OC(C)(C)CNC(=O)C([*])(C)C=C,4.49e-05,-4.347753658996677,1,-4.424676895141602
13653,CCN(C)CC(C)(CO*)COC(=O)*,CCN(C)CC(C)(CO[*])COC(=O)[*],[*]COC(=O)OCC([*])(C)CN(C)CC,4.05e-05,-4.392544976785332,3,-4.401880264282227
13654,CC(CO*)N(C)CCOC(=O)*,CC(CO[*])N(C)CCOC(=O)[*],[*]COC(=O)OCCN(C)C([*])C,7.92e-05,-4.101274818410507,2,-4.227428436279297
13655,CC(CN(CCOC(=O)*)CC(C)(C)C)O*,CC(CN(CCOC(=O)[*])CC(C)(C)C)O[*],[*]CN(CCOC(=O)OC([*])C)CC(C)(C)C,1.47e-05,-4.8326826652518236,1,-4.398739337921143
13656,CCN(CCCOC(=O)*)C(C)CO*,CCN(CCCOC(=O)[*])C(C)CO[*],[*]CCCOC(=O)OCC(C)N([*])CC,9.02e-05,-4.044793462458058,1,-4.169126987457275
13657,CC(C)C(CCOC(=O)*)NCCCO*,CC(C)C(CCOC(=O)[*])NCCCO[*],[*]CCOC(=O)OCCCNC([*])C(C)C,4.94e-05,-4.306273051076353,2,-4.257110595703125
13658,CC(CC(C)NC(=O)C(C)(C)NC(=O)*)N*,CC(CC(C)NC(=O)C(C)(C)NC(=O)[*])N[*],[*]CC(C)NC(=O)C(C)(C)NC(=O)NC([*])C,6.28e-05,-4.2020403562628035,3,-4.372163772583008
13659,CCC(COC(=O)*)NC(=O)C(CC)CO*,CCC(COC(=O)[*])NC(=O)C(CC)CO[*],[*]COC(=O)OCC(CC)C(=O)NC([*])CC,3.84e-05,-4.4156687756324695,2,-4.402005195617676
13660,CC(CC(=O)NC(C)CNC(=O)*)N*,CC(CC(=O)NC(C)CNC(=O)[*])N[*],[*]CNC(=O)NC(C)CC(=O)NC([*])C,4.56e-05,-4.341035157335565,2,-4.252790451049805
13661,C=CC(CO*)NC(=O)C(C=C)OC(=O)*,C=CC(CO[*])NC(=O)C(C=C)OC(=O)[*],[*]COC(=O)OC(C=C)C(=O)NC([*])C=C,5.86e-05,-4.23210238398191,0,-4.229186058044434
13662,CC(C)(C)C(O*)C(=O)OCCOC(=O)*,CC(C)(C)C(O[*])C(=O)OCCOC(=O)[*],[*]OC(=O)OCCOC(=O)C([*])C(C)(C)C,5.85e-05,-4.23284413391782,0,-4.505302906036377
13663,CCCN(CCC)CC(CCN*)OC(=O)*,CCCN(CCC)CC(CCN[*])OC(=O)[*],[*]CCNC(=O)OC([*])CN(CCC)CCC,5.3e-05,-4.275724130399211,2,-4.438755035400391
13664,COC(=O)C(C)(CN*)OC(=O)*,COC(=O)C(C)(CN[*])OC(=O)[*],[*]CNC(=O)OC([*])(C)C(=O)OC,3.91e-05,-4.407823242604133,0,-4.430842399597168
13665,CCCC(CNC(C)CC(C)NC(=O)*)O*,CCCC(CNC(C)CC(C)NC(=O)[*])O[*],[*]CNC(C)CC(C)NC(=O)OC([*])CCC,2.7e-05,-4.568636235841013,2,-4.348089694976807
13666,CC(CN(C)C(=O)C(C)C(C)NC(=O)*)N*,CC(CN(C)C(=O)C(C)C(C)NC(=O)[*])N[*],[*]CN(C)C(=O)C(C)C(C)NC(=O)NC([*])C,3.72e-05,-4.429457060118103,1,-4.488398551940918
13667,CN(CC(COC(=O)*)O*)C(=O)C(C)(C)C,CN(CC(COC(=O)[*])O[*])C(=O)C(C)(C)C,[*]COC(=O)OC([*])CN(C)C(=O)C(C)(C)C,5.36e-05,-4.27083521030723,3,-4.451120376586914
13668,CCC(CO*)N(C)CCCCCOC(=O)*,CCC(CO[*])N(C)CCCCCOC(=O)[*],[*]COC(=O)OCCCCCN(C)C([*])CC,6.41e-05,-4.193141970481182,0,-4.141733646392822
13669,CCCCCC(C)NCC(CNC(=O)*)O*,CCCCCC(C)NCC(CNC(=O)[*])O[*],[*]CNC(=O)OC([*])CNC(C)CCCCC,6.35e-05,-4.197226274708024,2,-4.401298999786377
13670,CCC(CC)NC(COC(=O)*)C(C)O*,CCC(CC)NC(COC(=O)[*])C(C)O[*],[*]COC(=O)OC(C)C([*])NC(CC)CC,2.94e-05,-4.531652669587842,1,-4.476864814758301
13671,C=CC(C)(C)C(=O)NCC(CO*)OC(=O)*,C=CC(C)(C)C(=O)NCC(CO[*])OC(=O)[*],[*]COC(=O)OC([*])CNC(=O)C(C)(C)C=C,6.07e-05,-4.2168113089247425,0,-4.274967193603516
13672,CC(C)(S)CNC(=O)C(CN*)NC(=O)*,CC(C)(S)CNC(=O)C(CN[*])NC(=O)[*],[*]CNC(=O)NC([*])C(=O)NCC(C)(C)S,3.51e-05,-4.454692883534176,2,-4.405013561248779
13673,CCC(CN(C)CC(C)(C)N*)OC(=O)*,CCC(CN(C)CC(C)(C)N[*])OC(=O)[*],[*]CN(C)CC(C)(C)NC(=O)OC([*])CC,5.25e-05,-4.279840696594043,2,-4.344544887542725
13674,CCCCC(CNCC(C)CO*)OC(=O)*,CCCCC(CNCC(C)CO[*])OC(=O)[*],[*]CNCC(C)COC(=O)OC([*])CCCC,5.53e-05,-4.257274868695302,1,-4.283564567565918
13675,CC(C)C(N*)C(=O)NCCNC(=O)*,CC(C)C(N[*])C(=O)NCCNC(=O)[*],[*]NC(=O)NCCNC(=O)C([*])C(C)C,4.93e-05,-4.30715308072277,0,-4.282548427581787
13676,CCC(C)CN(CCO*)CC(C)OC(=O)*,CCC(C)CN(CCO[*])CC(C)OC(=O)[*],[*]CCOC(=O)OC(C)CN([*])CC(C)CC,5.91e-05,-4.228412519118745,0,-4.332612037658691
13677,C=CC(C)(CN(C)CCOC(=O)*)O*,C=CC(C)(CN(C)CCOC(=O)[*])O[*],[*]CN(C)CCOC(=O)OC([*])(C)C=C,6.76e-05,-4.170053304058364,0,-4.183281898498535
13678,CCN(CCCCCO*)CCNC(=O)*,CCN(CCCCCO[*])CCNC(=O)[*],[*]CCCCCOC(=O)NCCN([*])CC,8.73e-05,-4.0589857562944305,0,-3.9872641563415527
13679,CC(C)C(C)N(C)CC(CO*)OC(=O)*,CC(C)C(C)N(C)CC(CO[*])OC(=O)[*],[*]COC(=O)OC([*])CN(C)C(C)C(C)C,3.63e-05,-4.440093374963888,1,-4.391537666320801
13680,CC(C)C(CCN(C)CCOC(=O)*)N*,CC(C)C(CCN(C)CCOC(=O)[*])N[*],[*]CCN(C)CCOC(=O)NC([*])C(C)C,3.61e-05,-4.442492798094342,2,-4.284235000610352
13681,C#CC(C)(C)NCC(CO*)OC(=O)*,C#CC(C)(C)NCC(CO[*])OC(=O)[*],[*]COC(=O)OC([*])CNC(C)(C)C#C,2.12e-05,-4.673664139071248,2,-4.412443161010742
13682,CC(C)OCCN(CCN*)CCOC(=O)*,CC(C)OCCN(CCN[*])CCOC(=O)[*],[*]CCNC(=O)OCCN([*])CCOC(C)C,0.000145,-3.838631997765025,2,-3.9017317295074463
13683,CCC(CC#N)NC(=O)C(CCN*)NC(=O)*,CCC(CC#N)NC(=O)C(CCN[*])NC(=O)[*],[*]CCNC(=O)NC([*])C(=O)NC(CC)CC#N,5.15e-05,-4.288192770958809,2,-4.065476417541504
13684,CC(CCN(C)CCCC(C)OC(=O)*)O*,CC(CCN(C)CCCC(C)OC(=O)[*])O[*],[*]CCCN(C)CCC(C)OC(=O)OC([*])C,9.91e-05,-4.003926345514724,3,-4.22613000869751
13685,COC(=O)NC(CCO*)CCOC(=O)*,COC(=O)NC(CCO[*])CCOC(=O)[*],[*]CCOC(=O)OCCC([*])NC(=O)OC,6.85e-05,-4.164309428507575,1,-4.1627888679504395
13686,CCN(CCNC(=O)*)C(=O)NC(C)CN*,CCN(CCNC(=O)[*])C(=O)NC(C)CN[*],[*]CCNC(=O)NCC(C)NC(=O)N([*])CC,4.16e-05,-4.380906669373258,2,-4.264313220977783
13687,CC(C)(O*)C(OC(=O)*)C(=O)NCCC#N,CC(C)(O[*])C(OC(=O)[*])C(=O)NCCC#N,[*]OC(=O)OC(C(=O)NCCC#N)C([*])(C)C,4.59e-05,-4.338187314462739,3,-4.372409820556641
13688,CC(CC(C)(C)CNC(=O)*)O*,CC(CC(C)(C)CNC(=O)[*])O[*],[*]CC(C)(C)CNC(=O)OC([*])C,3.7e-05,-4.431798275933005,3,-4.492696285247803
13689,CCCC(C)(N*)C(=O)N(C)CCNC(=O)*,CCCC(C)(N[*])C(=O)N(C)CCNC(=O)[*],[*]NC(=O)NCCN(C)C(=O)C([*])(C)CCC,2.28e-05,-4.642065152999546,2,-4.498190402984619
13690,CC(CN(C)C(=O)C(C)(C)OC(=O)*)O*,CC(CN(C)C(=O)C(C)(C)OC(=O)[*])O[*],[*]CN(C)C(=O)C(C)(C)OC(=O)OC([*])C,3.08e-05,-4.511449283499556,2,-4.410619258880615
13691,C#CCN(CC(C)O*)C(C)COC(=O)*,C#CCN(CC(C)O[*])C(C)COC(=O)[*],[*]CC(C)OC(=O)OCC(C)N([*])CC#C,5.78e-05,-4.2380721615794705,0,-4.390527248382568
13692,CC(C)COC(=O)NC(CO*)COC(=O)*,CC(C)COC(=O)NC(CO[*])COC(=O)[*],[*]COC(=O)OCC([*])NC(=O)OCC(C)C,2.21e-05,-4.655607726314889,0,-4.252519130706787
13693,CC(C)(CC(=O)NCCCCNC(=O)*)N*,CC(C)(CC(=O)NCCCCNC(=O)[*])N[*],[*]CC(=O)NCCCCNC(=O)NC([*])(C)C,5.26e-05,-4.279014255846261,0,-4.19673490524292
13694,CC(CNC(CNC(=O)*)C(C)(C)C)O*,CC(CNC(CNC(=O)[*])C(C)(C)C)O[*],[*]CNC(CNC(=O)OC([*])C)C(C)(C)C,1.55e-05,-4.809668301829708,0,-4.45112943649292
13695,CCCCN(CCOC(=O)*)CCC(C)O*,CCCCN(CCOC(=O)[*])CCC(C)O[*],[*]CCOC(=O)OC(C)CCN([*])CCCC,4.3e-05,-4.366531544420414,1,-4.260142803192139
13696,CC(OC(=O)*)C(CO*)NC(=O)CCCF,CC(OC(=O)[*])C(CO[*])NC(=O)CCCF,[*]OC(=O)OCC(NC(=O)CCCF)C([*])C,9.36e-05,-4.028724151261895,2,-4.29876708984375
13697,CCC(C)C(CC(=O)NCCO*)NC(=O)*,CCC(C)C(CC(=O)NCCO[*])NC(=O)[*],[*]CC(=O)NCCOC(=O)NC([*])C(C)CC,8.42e-05,-4.0746879085003505,2,-4.365074157714844
13698,CC(CO*)N(C)CCC(C)(C)OC(=O)*,CC(CO[*])N(C)CCC(C)(C)OC(=O)[*],[*]COC(=O)OC(C)(C)CCN(C)C([*])C,6.06e-05,-4.217527375833714,1,-4.48179292678833
13699,CC(O*)C(COC(=O)*)NC(=O)OCCF,CC(O[*])C(COC(=O)[*])NC(=O)OCCF,[*]OC(=O)OCC(NC(=O)OCCF)C([*])C,5.57e-05,-4.2541448048262716,1,-4.332905292510986
13700,CCC(C)NC(CO*)C(C)OC(=O)*,CCC(C)NC(CO[*])C(C)OC(=O)[*],[*]COC(=O)OC(C)C([*])NC(C)CC,4.58e-05,-4.33913452199613,3,-4.4268035888671875
13701,CC(CCCN(C)C(C)(C)CO*)OC(=O)*,CC(CCCN(C)C(C)(C)CO[*])OC(=O)[*],[*]CCCN(C)C(C)(C)COC(=O)OC([*])C,3.75e-05,-4.425968732272281,3,-4.548765182495117
13702,CC(C)(C)C(=N)NCC(CO*)OC(=O)*,CC(C)(C)C(=N)NCC(CO[*])OC(=O)[*],[*]COC(=O)OC([*])CNC(=N)C(C)(C)C,2.88e-05,-4.540607512240769,1,-4.360326766967773
13703,CC(C)CC(=O)NC(CO*)COC(=O)*,CC(C)CC(=O)NC(CO[*])COC(=O)[*],[*]COC(=O)OCC([*])NC(=O)CC(C)C,4.65e-05,-4.3325470471100465,1,-4.337520599365234
13704,CCC(CNCCCCCCO*)OC(=O)*,CCC(CNCCCCCCO[*])OC(=O)[*],[*]CNCCCCCCOC(=O)OC([*])CC,5.97e-05,-4.224025668870631,3,-4.091279029846191
13705,C#CCN(CC(COC(=O)*)O*)C(C)C,C#CCN(CC(COC(=O)[*])O[*])C(C)C,[*]COC(=O)OC([*])CN(CC#C)C(C)C,5.46e-05,-4.262807357295263,1,-4.430556297302246
13706,CC(C)(C)C(CN*)NCCNC(=O)*,CC(C)(C)C(CN[*])NCCNC(=O)[*],[*]CNC(=O)NCCNC([*])C(C)(C)C,7.09e-05,-4.149353764816934,2,-4.367804527282715
13707,CCC(CNCCCC(C)O*)OC(=O)*,CCC(CNCCCC(C)O[*])OC(=O)[*],[*]CNCCCC(C)OC(=O)OC([*])CC,8.2e-05,-4.086186147616283,1,-4.251932621002197
13708,CCC(COC(=O)*)C(=O)NCCCCN*,CCC(COC(=O)[*])C(=O)NCCCCN[*],[*]COC(=O)NCCCCNC(=O)C([*])CC,6.82e-05,-4.166215625343521,2,-4.231903076171875
13709,CN(CC(C)(C)OC(=O)*)C(=O)CO*,CN(CC(C)(C)OC(=O)[*])C(=O)CO[*],[*]CC(C)(C)OC(=O)OCC(=O)N([*])C,3.43e-05,-4.464705879957229,1,-4.42345666885376
13710,CCN(CC)C(=O)C(CN*)NC(=O)*,CCN(CC)C(=O)C(CN[*])NC(=O)[*],[*]CNC(=O)NC([*])C(=O)N(CC)CC,2.74e-05,-4.562249437179612,3,-4.301296234130859
13711,CC(O*)C(=O)NCC(OC(=O)*)C(C)C,CC(O[*])C(=O)NCC(OC(=O)[*])C(C)C,[*]OC(=O)OC(CNC(=O)C([*])C)C(C)C,6.06e-05,-4.217527375833714,1,-4.457189083099365
13712,COCCCCNC(CO*)COC(=O)*,COCCCCNC(CO[*])COC(=O)[*],[*]COC(=O)OCC([*])NCCCCOC,6.87e-05,-4.16304326294045,3,-4.015318393707275
13713,CC(CN(C)CCCCCNC(=O)*)N*,CC(CN(C)CCCCCNC(=O)[*])N[*],[*]CN(C)CCCCCNC(=O)NC([*])C,6.45e-05,-4.1904402853647325,3,-4.164933204650879
13714,C=CC(C)(CNC(C)CO*)OC(=O)*,C=CC(C)(CNC(C)CO[*])OC(=O)[*],[*]CNC(C)COC(=O)OC([*])(C)C=C,3.39e-05,-4.4698003017969175,3,-4.306985855102539
13715,CCCC(O*)C(COC(=O)*)NC(C)=O,CCCC(O[*])C(COC(=O)[*])NC(C)=O,[*]OC(=O)OCC(NC(C)=O)C([*])CCC,4.85e-05,-4.314258261397736,3,-4.361580848693848
13716,CCCN(CCN*)CCOC(=O)*,CCCN(CCN[*])CCOC(=O)[*],[*]CCNC(=O)OCCN([*])CCC,0.000117,-3.9318141382538383,3,-4.063528060913086
13717,CC(C)CCC(C)NCC(CNC(=O)*)O*,CC(C)CCC(C)NCC(CNC(=O)[*])O[*],[*]CNC(=O)OC([*])CNC(C)CCC(C)C,6.18e-05,-4.209011524911184,3,-4.407299995422363
13718,C=CCCNCC(COC(=O)*)O*,C=CCCNCC(COC(=O)[*])O[*],[*]COC(=O)OC([*])CNCCC=C,6.43e-05,-4.191789027075778,3,-4.11931848526001
13719,CC(CCOC(=O)*)NC(=O)C(C)(C)CO*,CC(CCOC(=O)[*])NC(=O)C(C)(C)CO[*],[*]CCOC(=O)OCC(C)(C)C(=O)NC([*])C,2.91e-05,-4.536107011014093,1,-4.315056324005127
13720,CCC(CCOC(=O)*)CNC(=O)C(C)N*,CCC(CCOC(=O)[*])CNC(=O)C(C)N[*],[*]CCOC(=O)NC(C)C(=O)NCC([*])CC,4.23e-05,-4.373659632624958,1,-4.404640197753906
13721,CCC(C)C(CNC(=O)CCOC(=O)*)O*,CCC(C)C(CNC(=O)CCOC(=O)[*])O[*],[*]CNC(=O)CCOC(=O)OC([*])C(C)CC,6.09e-05,-4.215382707367125,3,-4.385213851928711
13722,CCCC(C)(CNC(=O)C(C)OC(=O)*)O*,CCCC(C)(CNC(=O)C(C)OC(=O)[*])O[*],[*]CNC(=O)C(C)OC(=O)OC([*])(C)CCC,5e-05,-4.301029995663981,3,-4.307995796203613
13723,CN(CCCO*)C(=O)C(C)(C)CNC(=O)*,CN(CCCO[*])C(=O)C(C)(C)CNC(=O)[*],[*]CCCOC(=O)NCC(C)(C)C(=O)N([*])C,3.27e-05,-4.485452247339714,3,-4.393388748168945
13724,C=CCCCNC(=O)C(CN*)NC(=O)*,C=CCCCNC(=O)C(CN[*])NC(=O)[*],[*]CNC(=O)NC([*])C(=O)NCCCC=C,4.66e-05,-4.33161408331,1,-4.2602643966674805
13725,CCC=CCCCN(CCN*)CCNC(=O)*,CCC=CCCCN(CCN[*])CCNC(=O)[*],[*]CCNC(=O)NCCN([*])CCCC=CCC,0.000133,-3.876148359032914,3,-4.086572647094727
13726,CC(C)CN(C)CC(CO*)OC(=O)*,CC(C)CN(C)CC(CO[*])OC(=O)[*],[*]COC(=O)OC([*])CN(C)CC(C)C,3.27e-05,-4.485452247339714,3,-4.3060078620910645
13727,C#CC(=O)NC(CO*)C(CCC)OC(=O)*,C#CC(=O)NC(CO[*])C(CCC)OC(=O)[*],[*]COC(=O)OC(CCC)C([*])NC(=O)C#C,6.16e-05,-4.210419287835575,3,-4.506801605224609
13728,CN(C)C(=O)C(CCCCN*)NC(=O)*,CN(C)C(=O)C(CCCCN[*])NC(=O)[*],[*]CCCCNC(=O)NC([*])C(=O)N(C)C,5.37e-05,-4.270025714300444,0,-4.349767684936523
13729,CC(F)(F)C(=O)NCC(CN*)OC(=O)*,CC(F)(F)C(=O)NCC(CN[*])OC(=O)[*],[*]CNC(=O)OC([*])CNC(=O)C(C)(F)F,4.09e-05,-4.388276691992658,1,-4.126565456390381
13730,CCC(COC(=O)*)C(=O)NC(C)CCO*,CCC(COC(=O)[*])C(=O)NC(C)CCO[*],[*]COC(=O)OCCC(C)NC(=O)C([*])CC,2.69e-05,-4.570247719997592,3,-4.303947448730469
13731,CCC(C)(CNC(=O)COC(=O)*)O*,CCC(C)(CNC(=O)COC(=O)[*])O[*],[*]CNC(=O)COC(=O)OC([*])(C)CC,4.02e-05,-4.39577394691553,2,-4.315292835235596
13732,CC(C)(NC(=O)*)C(=O)NCCCCO*,CC(C)(NC(=O)[*])C(=O)NCCCCO[*],[*]NC(=O)OCCCCNC(=O)C([*])(C)C,3.37e-05,-4.4723700991286615,1,-4.123996734619141
13733,CC(CCNC(C)CCOC(=O)*)CCO*,CC(CCNC(C)CCOC(=O)[*])CCO[*],[*]CCNC(C)CCOC(=O)OCCC([*])C,7.5e-05,-4.1249387366083,2,-4.155712127685547
13734,CC(CCNC(=O)*)NC(=O)C(C)N*,CC(CCNC(=O)[*])NC(=O)C(C)N[*],[*]CCNC(=O)NC(C)C(=O)NC([*])C,5e-05,-4.301029995663981,0,-4.368412494659424
13735,CCC(CN(C)CCCCN*)NC(=O)*,CCC(CN(C)CCCCN[*])NC(=O)[*],[*]CN(C)CCCCNC(=O)NC([*])CC,9.69e-05,-4.013676222949234,1,-4.2647223472595215
13736,CCCNC(=O)C(CCCCNC(=O)*)N*,CCCNC(=O)C(CCCCNC(=O)[*])N[*],[*]CCCCNC(=O)NC([*])C(=O)NCCC,4.11e-05,-4.386158178123931,0,-4.229487419128418
13737,CC(C)(CNC(=O)C(C)(C)CNC(=O)*)N*,CC(C)(CNC(=O)C(C)(C)CNC(=O)[*])N[*],[*]CNC(=O)C(C)(C)CNC(=O)NC([*])(C)C,1.83e-05,-4.73754891026957,2,-4.312573432922363
13738,CCN(CCNC(=O)*)CCO*,CCN(CCNC(=O)[*])CCO[*],[*]CCNC(=O)OCCN([*])CC,0.000111,-3.9546770212133424,3,-4.06313943862915
13739,CC(COC(=O)C(C)(C)CO*)OC(=O)*,CC(COC(=O)C(C)(C)CO[*])OC(=O)[*],[*]COC(=O)C(C)(C)COC(=O)OC([*])C,1.69e-05,-4.772113295386326,0,-4.409249305725098
13740,CC(CC(C)(C)OC(=O)*)NC(C)C(C)O*,CC(CC(C)(C)OC(=O)[*])NC(C)C(C)O[*],[*]CC(C)(C)OC(=O)OC(C)C(C)NC([*])C,5.81e-05,-4.235823867609669,2,-4.456170558929443
13741,CC(=O)C(C)(O*)C(C)(OC(=O)*)C(C)=O,CC(=O)C(C)(O[*])C(C)(OC(=O)[*])C(C)=O,[*]OC(=O)OC(C)(C(C)=O)C([*])(C)C(C)=O,3.23e-05,-4.490797477668897,2,-4.363861560821533
13742,CC(CN(C)C(=O)C(C)CNC(=O)*)N*,CC(CN(C)C(=O)C(C)CNC(=O)[*])N[*],[*]CN(C)C(=O)C(C)CNC(=O)NC([*])C,4.4e-05,-4.356547323513813,1,-4.438764572143555
13743,CCC(CNCC(COC)OC(=O)*)O*,CCC(CNCC(COC)OC(=O)[*])O[*],[*]CNCC(COC)OC(=O)OC([*])CC,5.91e-05,-4.228412519118745,0,-4.080948352813721
13744,CNC(=O)C(O*)C(OC(=O)*)C(=O)NC,CNC(=O)C(O[*])C(OC(=O)[*])C(=O)NC,[*]OC(=O)OC(C(=O)NC)C([*])C(=O)NC,4.97e-05,-4.303643611266668,3,-4.573922157287598
13745,CC(CCNC(=O)NCC(C)NC(=O)*)N*,CC(CCNC(=O)NCC(C)NC(=O)[*])N[*],[*]CCNC(=O)NCC(C)NC(=O)NC([*])C,4.21e-05,-4.375717904164332,1,-4.2127861976623535
13746,CCC(C)NC(CC)(COC(=O)*)N*,CCC(C)NC(CC)(COC(=O)[*])N[*],[*]COC(=O)NC([*])(CC)NC(C)CC,2.36e-05,-4.627087997029894,1,-4.414895057678223
13747,CN(CCCOC(=O)*)C(=O)C(C)(C)O*,CN(CCCOC(=O)[*])C(=O)C(C)(C)O[*],[*]CCCOC(=O)OC(C)(C)C(=O)N([*])C,4.69e-05,-4.328827157284917,0,-4.44201135635376
13748,CCCC(O*)C(=O)NC(C)(C)CNC(=O)*,CCCC(O[*])C(=O)NC(C)(C)CNC(=O)[*],[*]OC(=O)NCC(C)(C)NC(=O)C([*])CCC,4.38e-05,-4.3585258894959,0,-4.4541521072387695
13749,COCC(CNC(CO*)C(C)C)OC(=O)*,COCC(CNC(CO[*])C(C)C)OC(=O)[*],[*]CNC(COC(=O)OC([*])COC)C(C)C,3.77e-05,-4.423658649794207,2,-4.300559997558594
13750,CCC(N*)C(=O)NCCCCNC(=O)*,CCC(N[*])C(=O)NCCCCNC(=O)[*],[*]NC(=O)NCCCCNC(=O)C([*])CC,9.46e-05,-4.024108863598207,1,-4.24753999710083
13751,CCCOCC(COC(=O)*)O*,CCCOCC(COC(=O)[*])O[*],[*]COC(=O)OC([*])COCCC,7.23e-05,-4.140861702705469,0,-4.20198917388916
13752,CC(CC(=O)NC(C)CCCNC(=O)*)N*,CC(CC(=O)NC(C)CCCNC(=O)[*])N[*],[*]CCCNC(=O)NC(C)CC(=O)NC([*])C,5.43e-05,-4.265200170411153,2,-4.346063613891602
13753,COCC(CN(C)C(C)COC(=O)*)O*,COCC(CN(C)C(C)COC(=O)[*])O[*],[*]CN(C)C(C)COC(=O)OC([*])COC,8.93e-05,-4.049148541111453,0,-4.106997013092041
13754,CC(C)OC(=O)NCC(COC(=O)*)O*,CC(C)OC(=O)NCC(COC(=O)[*])O[*],[*]COC(=O)OC([*])CNC(=O)OC(C)C,6.3e-05,-4.200659450546418,1,-4.361039638519287
13755,CC(CCS(=O)(=O)CC(C)OC(=O)*)O*,CC(CCS(=O)(=O)CC(C)OC(=O)[*])O[*],[*]CCS(=O)(=O)CC(C)OC(=O)OC([*])C,4.64e-05,-4.333482019445119,0,-4.331766128540039
13756,NC(=O)CSCC(CO*)OC(=O)*,NC(=O)CSCC(CO[*])OC(=O)[*],[*]COC(=O)OC([*])CSCC(N)=O,0.000151,-3.8210230527068307,2,-4.079593181610107
13757,CCCC(OC(=O)*)C(=O)NCCCCN*,CCCC(OC(=O)[*])C(=O)NCCCCN[*],[*]OC(=O)NCCCCNC(=O)C([*])CCC,6.33e-05,-4.198596289982645,3,-4.2011942863464355
13758,C#CCC(CO*)NC(=O)C(=C)COC(=O)*,C#CCC(CO[*])NC(=O)C(=C)COC(=O)[*],[*]COC(=O)OCC(=C)C(=O)NC([*])CC#C,4.74e-05,-4.324221658325915,3,-4.157932758331299
13759,CCC(CN(C)C(C)C(C)(C)OC(=O)*)O*,CCC(CN(C)C(C)C(C)(C)OC(=O)[*])O[*],[*]CN(C)C(C)C(C)(C)OC(=O)OC([*])CC,3.69e-05,-4.432973633840939,1,-4.342656135559082
13760,C=CC(C)(OC(=O)*)C(=O)N(C)CC(C)N*,C=CC(C)(OC(=O)[*])C(=O)N(C)CC(C)N[*],[*]OC(=O)NC(C)CN(C)C(=O)C([*])(C)C=C,2.32e-05,-4.634512015109101,3,-4.52299165725708
13761,CC(CC#N)NC(=O)C(N*)C(C)OC(=O)*,CC(CC#N)NC(=O)C(N[*])C(C)OC(=O)[*],[*]NC(=O)OC(C)C([*])C(=O)NC(C)CC#N,4.49e-05,-4.347753658996677,1,-4.305107593536377
13762,CC(C)(CNC(COC(=O)*)C(C)(C)C)O*,CC(C)(CNC(COC(=O)[*])C(C)(C)C)O[*],[*]CNC(COC(=O)OC([*])(C)C)C(C)(C)C,2.88e-05,-4.540607512240769,0,-4.479060173034668
13763,CCC(CNC(=O)*)C(=O)NCC(C)(C)O*,CCC(CNC(=O)[*])C(=O)NCC(C)(C)O[*],[*]CNC(=O)OC(C)(C)CNC(=O)C([*])CC,4.34e-05,-4.36251027048749,3,-4.344720840454102
13764,CCC(CCNC(=O)C(C)O*)OC(=O)*,CCC(CCNC(=O)C(C)O[*])OC(=O)[*],[*]CCNC(=O)C(C)OC(=O)OC([*])CC,5.52e-05,-4.2580609222708015,3,-4.2443318367004395
13765,CC(C)N(C)C(=O)CC(CN*)OC(=O)*,CC(C)N(C)C(=O)CC(CN[*])OC(=O)[*],[*]CNC(=O)OC([*])CC(=O)N(C)C(C)C,2.58e-05,-4.58838029403677,0,-4.321689605712891
13766,CN(CC(COC(=O)*)O*)C(=O)C(=O)O,CN(CC(COC(=O)[*])O[*])C(=O)C(=O)O,[*]COC(=O)OC([*])CN(C)C(=O)C(=O)O,4.94e-05,-4.306273051076353,0,-4.394140243530273
13767,CCOC(=O)C(CNC(=O)*)N*,CCOC(=O)C(CNC(=O)[*])N[*],[*]CNC(=O)NC([*])C(=O)OCC,2.69e-05,-4.570247719997592,3,-4.391027450561523
13768,COC(=O)CSCC(CO*)OC(=O)*,COC(=O)CSCC(CO[*])OC(=O)[*],[*]COC(=O)OC([*])CSCC(=O)OC,8.19e-05,-4.086716098239582,3,-4.122737407684326
13769,CC(C)(C)C(CN*)NCCOC(=O)*,CC(C)(C)C(CN[*])NCCOC(=O)[*],[*]CNC(=O)OCCNC([*])C(C)(C)C,6e-05,-4.221848749616356,3,-4.3785834312438965
13770,CCCC(C)(N*)C(=O)NCCCOC(=O)*,CCCC(C)(N[*])C(=O)NCCCOC(=O)[*],[*]NC(=O)OCCCNC(=O)C([*])(C)CCC,6.38e-05,-4.195179321278838,0,-4.4787116050720215
13771,C=C(CO*)C(=O)NCC(CCC)OC(=O)*,C=C(CO[*])C(=O)NCC(CCC)OC(=O)[*],[*]COC(=O)OC(CCC)CNC(=O)C([*])=C,5.89e-05,-4.229884705212898,1,-4.103006839752197
13772,CC(CC(=O)NCCCCO*)NC(=O)*,CC(CC(=O)NCCCCO[*])NC(=O)[*],[*]CC(=O)NCCCCOC(=O)NC([*])C,6.12e-05,-4.213248577854439,3,-4.25959587097168
13773,CC(N*)C(=O)NCCC(OC(=O)*)C(C)C,CC(N[*])C(=O)NCCC(OC(=O)[*])C(C)C,[*]NC(=O)OC(CCNC(=O)C([*])C)C(C)C,3.92e-05,-4.406713932979542,0,-4.417682647705078
13774,C=CCN(C)C(=O)C(N*)C(C)(C)OC(=O)*,C=CCN(C)C(=O)C(N[*])C(C)(C)OC(=O)[*],[*]NC(=O)OC(C)(C)C([*])C(=O)N(C)CC=C,1.14e-05,-4.943095148663527,3,-4.5577521324157715
13775,CC(N*)C(CCCCCC(=O)O)NC(=O)*,CC(N[*])C(CCCCCC(=O)O)NC(=O)[*],[*]NC(=O)NC(CCCCCC(=O)O)C([*])C,4.48e-05,-4.348721986001856,3,-4.523018836975098
13776,CCC(CNC(=O)CC(C)(C)O*)OC(=O)*,CCC(CNC(=O)CC(C)(C)O[*])OC(=O)[*],[*]CNC(=O)CC(C)(C)OC(=O)OC([*])CC,4.14e-05,-4.382999658879101,2,-4.330154895782471
13777,C=CCCC(CO*)NC(=O)C(C)OC(=O)*,C=CCCC(CO[*])NC(=O)C(C)OC(=O)[*],[*]COC(=O)OC(C)C(=O)NC([*])CCC=C,5.81e-05,-4.235823867609669,3,-4.139307022094727
13778,COC(=O)C(C)(C)NCC(CO*)OC(=O)*,COC(=O)C(C)(C)NCC(CO[*])OC(=O)[*],[*]COC(=O)OC([*])CNC(C)(C)C(=O)OC,4.65e-05,-4.3325470471100465,3,-4.343351364135742
13779,CC(CCNC(=O)*)C(=O)CO*,CC(CCNC(=O)[*])C(=O)CO[*],[*]CCNC(=O)OCC(=O)C([*])C,8.02e-05,-4.095825631715837,3,-4.262692928314209
13780,CCCC(C)(CNCC(CC)OC(=O)*)O*,CCCC(C)(CNCC(CC)OC(=O)[*])O[*],[*]CNCC(CC)OC(=O)OC([*])(C)CCC,5.03e-05,-4.298432014944073,0,-4.409681797027588
13781,CC(CNCC(C)(C)COC(=O)*)O*,CC(CNCC(C)(C)COC(=O)[*])O[*],[*]CNCC(C)(C)COC(=O)OC([*])C,6.9e-05,-4.161150909262744,1,-4.328458786010742
13782,CCC(N*)C(=O)NC(C)CCOC(=O)*,CCC(N[*])C(=O)NC(C)CCOC(=O)[*],[*]NC(=O)OCCC(C)NC(=O)C([*])CC,4.18e-05,-4.3788237182249645,2,-4.344209671020508
13783,CCC(CCCNC(=O)CN*)OC(=O)*,CCC(CCCNC(=O)CN[*])OC(=O)[*],[*]CCCNC(=O)CNC(=O)OC([*])CC,5.93e-05,-4.226945306635737,0,-4.21342134475708
13784,CC(C)(CCO*)NCC(C)(C)OC(=O)*,CC(C)(CCO[*])NCC(C)(C)OC(=O)[*],[*]CCOC(=O)OC(C)(C)CNC([*])(C)C,2.23e-05,-4.651695136951839,3,-4.428355693817139
13785,C=CC=CCC(=O)NCC(O*)C(C)OC(=O)*,C=CC=CCC(=O)NCC(O[*])C(C)OC(=O)[*],[*]OC(=O)OC(C)C([*])CNC(=O)CC=CC=C,3.24e-05,-4.489454989793388,2,-4.469238758087158
13786,CC(OC(=O)*)C(=O)NCC(=O)NCCO*,CC(OC(=O)[*])C(=O)NCC(=O)NCCO[*],[*]OC(=O)OCCNC(=O)CNC(=O)C([*])C,5.36e-05,-4.27083521030723,0,-4.316789627075195
13787,CCOCC(=O)NC(CO*)C(C)OC(=O)*,CCOCC(=O)NC(CO[*])C(C)OC(=O)[*],[*]COC(=O)OC(C)C([*])NC(=O)COCC,6.49e-05,-4.187755303199631,3,-4.153040885925293
13788,CC(C)(CNCC(O*)C(C)(C)C)OC(=O)*,CC(C)(CNCC(O[*])C(C)(C)C)OC(=O)[*],[*]CNCC(OC(=O)OC([*])(C)C)C(C)(C)C,4.4e-05,-4.356547323513813,2,-4.490826606750488
13789,CCC(C)(OC(=O)*)C(=O)N(C)CCO*,CCC(C)(OC(=O)[*])C(=O)N(C)CCO[*],[*]OC(=O)OCCN(C)C(=O)C([*])(C)CC,3.37e-05,-4.4723700991286615,3,-4.3651933670043945
13790,CCONCC(CC(C)(C)O*)OC(=O)*,CCONCC(CC(C)(C)O[*])OC(=O)[*],[*]CC(C)(C)OC(=O)OC([*])CNOCC,6.03e-05,-4.219682687859849,2,-4.40785551071167
13791,CC(CCNC(=O)C(C)(C)N*)OC(=O)*,CC(CCNC(=O)C(C)(C)N[*])OC(=O)[*],[*]CCNC(=O)C(C)(C)NC(=O)OC([*])C,8.05e-05,-4.094204119632131,0,-4.259348392486572
13792,C=CC(CNC(CC)COC(=O)*)O*,C=CC(CNC(CC)COC(=O)[*])O[*],[*]CNC(CC)COC(=O)OC([*])C=C,8.43e-05,-4.074172425375258,0,-4.235893249511719
13793,CC(C)(CCCNC(=O)*)NC(=O)CN*,CC(C)(CCCNC(=O)[*])NC(=O)CN[*],[*]CCCNC(=O)NCC(=O)NC([*])(C)C,5.26e-05,-4.279014255846261,0,-4.287730693817139
13794,CC(C)C(CCONC(=N)COC(=O)*)O*,CC(C)C(CCONC(=N)COC(=O)[*])O[*],[*]CCONC(=N)COC(=O)OC([*])C(C)C,0.000101,-3.9956786262173574,3,-4.2508697509765625
13795,C=CC(C)(CNCC(C)(C)O*)OC(=O)*,C=CC(C)(CNCC(C)(C)O[*])OC(=O)[*],[*]CNCC(C)(C)OC(=O)OC([*])(C)C=C,3.56e-05,-4.448550002027125,3,-4.340646266937256
13796,CC(C)CCCNC(=O)C(COC(=O)*)N*,CC(C)CCCNC(=O)C(COC(=O)[*])N[*],[*]COC(=O)NC([*])C(=O)NCCCC(C)C,3.54e-05,-4.450996737974212,2,-4.378488540649414
13797,CNC(=O)C(CO*)NC(=O)*,CNC(=O)C(CO[*])NC(=O)[*],[*]COC(=O)NC([*])C(=O)NC,3.16e-05,-4.5003129173815966,2,-4.201590061187744
13798,CN(CCCN*)CC(C)(C)NC(=O)*,CN(CCCN[*])CC(C)(C)NC(=O)[*],[*]CCCNC(=O)NC(C)(C)CN([*])C,7.25e-05,-4.139661993429006,2,-4.311856746673584
13799,CC(CNC(=O)*)C(=O)NC(CO*)C(C)C,CC(CNC(=O)[*])C(=O)NC(CO[*])C(C)C,[*]CNC(=O)OCC(NC(=O)C([*])C)C(C)C,7.34e-05,-4.13430394008393,0,-4.485888957977295
13800,CC(CN*)NC(=O)C(C)C(C)NC(=O)*,CC(CN[*])NC(=O)C(C)C(C)NC(=O)[*],[*]CNC(=O)NC(C)C(C)C(=O)NC([*])C,9.86e-05,-4.006123085058789,0,-4.436577320098877
13801,CC(CCNC(CO*)C(C)(C)C)OC(=O)*,CC(CCNC(CO[*])C(C)(C)C)OC(=O)[*],[*]CCNC(COC(=O)OC([*])C)C(C)(C)C,4.52e-05,-4.3448615651886175,0,-4.454658508300781
13802,CC(OC(=O)*)C(=O)NOCC(C)(C)O*,CC(OC(=O)[*])C(=O)NOCC(C)(C)O[*],[*]OC(=O)OC(C)(C)CONC(=O)C([*])C,4.98e-05,-4.302770657240282,0,-4.300908088684082
13803,C=CCCC(=O)N(C)CC(COC(=O)*)O*,C=CCCC(=O)N(C)CC(COC(=O)[*])O[*],[*]COC(=O)OC([*])CN(C)C(=O)CCC=C,3.59e-05,-4.444905551421681,0,-4.228000164031982
13804,CCC(CNC(=O)CCCNC(=O)*)N*,CCC(CNC(=O)CCCNC(=O)[*])N[*],[*]CNC(=O)CCCNC(=O)NC([*])CC,4.83e-05,-4.316052869248487,2,-4.275300025939941
13805,CC(NC(COC(=O)*)CN(C)C)C(C)O*,CC(NC(COC(=O)[*])CN(C)C)C(C)O[*],[*]NC(COC(=O)OC(C)C([*])C)CN(C)C,5.35e-05,-4.2716462179787715,2,-4.231844902038574
13806,CCCCC(CNCCC(C)O*)OC(=O)*,CCCCC(CNCCC(C)O[*])OC(=O)[*],[*]CNCCC(C)OC(=O)OC([*])CCCC,5.17e-05,-4.286509456906058,0,-4.179680347442627
13807,CN(C)CCCNC(=O)C(CO*)NC(=O)*,CN(C)CCCNC(=O)C(CO[*])NC(=O)[*],[*]COC(=O)NC([*])C(=O)NCCCN(C)C,0.000103,-3.987162775294828,3,-4.202640056610107
13808,C=CCC(CC=C)(CN*)OC(=O)*,C=CCC(CC=C)(CN[*])OC(=O)[*],[*]CNC(=O)OC([*])(CC=C)CC=C,3.57e-05,-4.447331783887806,1,-4.457849502563477
13809,CC(COC(=O)*)NC(=O)CC(C)(C)O*,CC(COC(=O)[*])NC(=O)CC(C)(C)O[*],[*]COC(=O)OC(C)(C)CC(=O)NC([*])C,3.72e-05,-4.429457060118103,3,-4.46276330947876
13810,CCC(CCNC(=O)C(C)NC(=O)*)O*,CCC(CCNC(=O)C(C)NC(=O)[*])O[*],[*]CCNC(=O)C(C)NC(=O)OC([*])CC,3.7e-05,-4.431798275933005,2,-4.311722755432129
13811,CN(CC(COC(=O)*)O*)C(C)(C)C(=O)O,CN(CC(COC(=O)[*])O[*])C(C)(C)C(=O)O,[*]COC(=O)OC([*])CN(C)C(C)(C)C(=O)O,2.18e-05,-4.661543506395395,2,-4.4580841064453125
13812,CCC(CO*)(COC(=O)*)C(=O)O,CCC(CO[*])(COC(=O)[*])C(=O)O,[*]COC(=O)OCC([*])(CC)C(=O)O,1.66e-05,-4.779891911959945,0,-4.620332717895508
13813,CC(C)C(COC(=O)*)NC(=O)CCO*,CC(C)C(COC(=O)[*])NC(=O)CCO[*],[*]COC(=O)OCCC(=O)NC([*])C(C)C,3.45e-05,-4.462180904926726,0,-4.249078273773193
13814,CCC(C(=O)NCC(C)O*)C(C)OC(=O)*,CCC(C(=O)NCC(C)O[*])C(C)OC(=O)[*],[*]C(=O)NCC(C)OC(=O)OC(C)C([*])CC,3.29e-05,-4.482804102050026,1,-4.4058637619018555
13815,CCC(CC#N)NCC(CN*)OC(=O)*,CCC(CC#N)NCC(CN[*])OC(=O)[*],[*]CNC(=O)OC([*])CNC(CC)CC#N,8.63e-05,-4.06398920428479,2,-4.0518693923950195
13816,CC(C)C(CNC(C)C(C)CO*)OC(=O)*,CC(C)C(CNC(C)C(C)CO[*])OC(=O)[*],[*]CNC(C)C(C)COC(=O)OC([*])C(C)C,8.51e-05,-4.070070439915412,1,-4.4066338539123535
13817,CCCC(OC(=O)*)C(=O)NCC(CC)N*,CCCC(OC(=O)[*])C(=O)NCC(CC)N[*],[*]OC(=O)NC(CC)CNC(=O)C([*])CCC,3.26e-05,-4.486782399932061,1,-4.402702808380127
13818,CC(CNC(=O)N(C)CCCNC(=O)*)N*,CC(CNC(=O)N(C)CCCNC(=O)[*])N[*],[*]CNC(=O)N(C)CCCNC(=O)NC([*])C,3.26e-05,-4.486782399932061,3,-4.294885158538818
13819,CC(C)(CCN*)NC(=O)CNC(=O)*,CC(C)(CCN[*])NC(=O)CNC(=O)[*],[*]CCNC(=O)NCC(=O)NC([*])(C)C,8.01e-05,-4.096367483915762,2,-4.1957244873046875
13820,COCC(O*)C(=O)OCCCOC(=O)*,COCC(O[*])C(=O)OCCCOC(=O)[*],[*]OC(=O)OCCCOC(=O)C([*])COC,9.11e-05,-4.040481623027001,2,-4.154092788696289
13821,CC(C)C(C)(CNC(=O)CCOC(=O)*)O*,CC(C)C(C)(CNC(=O)CCOC(=O)[*])O[*],[*]CNC(=O)CCOC(=O)OC([*])(C)C(C)C,4.33e-05,-4.363512103646634,2,-4.504213333129883
13822,C=C(CO*)C(=O)NC(C)CCCOC(=O)*,C=C(CO[*])C(=O)NC(C)CCCOC(=O)[*],[*]COC(=O)OCCCC(C)NC(=O)C([*])=C,9.48e-05,-4.023191662661934,0,-4.159677028656006
13823,CCCC(CC)NC(COC(=O)*)C(C)O*,CCCC(CC)NC(COC(=O)[*])C(C)O[*],[*]COC(=O)OC(C)C([*])NC(CC)CCC,1.78e-05,-4.749579997691106,3,-4.482962131500244
13824,CC(NCC(COC(=O)*)O*)C(F)(F)F,CC(NCC(COC(=O)[*])O[*])C(F)(F)F,[*]COC(=O)OC([*])CNC(C)C(F)(F)F,3.57e-05,-4.447331783887806,3,-4.2449212074279785
13825,CCCOC(=O)N(C)CC(CO*)OC(=O)*,CCCOC(=O)N(C)CC(CO[*])OC(=O)[*],[*]COC(=O)OC([*])CN(C)C(=O)OCCC,3.72e-05,-4.429457060118103,1,-4.469080924987793
13826,CCC(N*)C(CC)NC(=O)*,CCC(N[*])C(CC)NC(=O)[*],[*]NC(=O)NC(CC)C([*])CC,5.27e-05,-4.278189384787454,0,-4.399730682373047
13827,CCC(C)C(N*)C(=O)N(C)CCNC(=O)*,CCC(C)C(N[*])C(=O)N(C)CCNC(=O)[*],[*]NC(=O)NCCN(C)C(=O)C([*])C(C)CC,3.62e-05,-4.441291429466834,0,-4.507515907287598
13828,CC(CC(=O)N(C)CC(C)NC(=O)*)N*,CC(CC(=O)N(C)CC(C)NC(=O)[*])N[*],[*]CC(=O)N(C)CC(C)NC(=O)NC([*])C,3.56e-05,-4.448550002027125,0,-4.4563775062561035
13829,CC(C)CC(CC(=O)NCCN*)NC(=O)*,CC(C)CC(CC(=O)NCCN[*])NC(=O)[*],[*]CC(=O)NCCNC(=O)NC([*])CC(C)C,5.08e-05,-4.294136287716081,1,-4.342164993286133
13830,CNCC(C)(CN(C)CCCNC(=O)*)O*,CNCC(C)(CN(C)CCCNC(=O)[*])O[*],[*]CN(C)CCCNC(=O)OC([*])(C)CNC,4.95e-05,-4.305394801066432,1,-4.244069576263428
13831,CCCNC(=O)C(OC(=O)*)C(C)(C)O*,CCCNC(=O)C(OC(=O)[*])C(C)(C)O[*],[*]OC(=O)OC(C)(C)C([*])C(=O)NCCC,7.27e-05,-4.138465589140962,1,-4.529911041259766
13832,CC(C)C(NC(=O)COC(=O)*)C(C)(C)O*,CC(C)C(NC(=O)COC(=O)[*])C(C)(C)O[*],[*]NC(=O)COC(=O)OC(C)(C)C([*])C(C)C,3.69e-05,-4.432973633840939,1,-4.3911452293396
13833,CNC(=O)CCN(CCO*)CCOC(=O)*,CNC(=O)CCN(CCO[*])CCOC(=O)[*],[*]CCOC(=O)OCCN([*])CCC(=O)NC,8.55e-05,-4.068033885271827,0,-3.976858377456665
13834,CC(CONC(=O)C(C)(C)CN*)NC(=O)*,CC(CONC(=O)C(C)(C)CN[*])NC(=O)[*],[*]CONC(=O)C(C)(C)CNC(=O)NC([*])C,4.82e-05,-4.31695296176115,0,-4.368752956390381
13835,CC(C)C(C)(C#N)NCC(COC(=O)*)O*,CC(C)C(C)(C#N)NCC(COC(=O)[*])O[*],[*]COC(=O)OC([*])CNC(C)(C#N)C(C)C,5.84e-05,-4.2335871528876,2,-4.41249942779541
13836,CC=C(C)C=CC(=O)NCC(CO*)OC(=O)*,CC=C(C)C=CC(=O)NCC(CO[*])OC(=O)[*],[*]COC(=O)OC([*])CNC(=O)C=CC(C)=CC,4.7e-05,-4.327902142064283,0,-4.263747692108154
13837,CCCC(CNC(CC)COC(=O)*)O*,CCCC(CNC(CC)COC(=O)[*])O[*],[*]CNC(CC)COC(=O)OC([*])CCC,6.41e-05,-4.193141970481182,1,-4.394874572753906
13838,CCC(CNCC(O*)C(C)C)NC(=O)*,CCC(CNCC(O[*])C(C)C)NC(=O)[*],[*]CNCC(OC(=O)NC([*])CC)C(C)C,6.74e-05,-4.17134010346468,0,-4.365865230560303
13839,CC(CNC(=O)*)(N*)C(F)(F)F,CC(CNC(=O)[*])(N[*])C(F)(F)F,[*]CNC(=O)NC([*])(C)C(F)(F)F,5.01e-05,-4.300162274132754,1,-4.488302707672119
13840,CN(CC(C)(C)OC(=O)*)C(=O)CCO*,CN(CC(C)(C)OC(=O)[*])C(=O)CCO[*],[*]CC(C)(C)OC(=O)OCCC(=O)N([*])C,5.02e-05,-4.29929628285498,0,-4.347694396972656
13841,C=CCONCC(CC(C)(C)OC(=O)*)O*,C=CCONCC(CC(C)(C)OC(=O)[*])O[*],[*]CC(C)(C)OC(=O)OC([*])CNOCC=C,5.71e-05,-4.243363891754152,0,-4.294020652770996
13842,CCOC(=O)C(COC(=O)*)N*,CCOC(=O)C(COC(=O)[*])N[*],[*]COC(=O)NC([*])C(=O)OCC,2.6e-05,-4.585026652029182,1,-4.452441692352295
13843,C=CC(O*)C(C=C)OC(=O)*,C=CC(O[*])C(C=C)OC(=O)[*],[*]OC(=O)OC(C=C)C([*])C=C,4.57e-05,-4.34008379993015,1,-4.46519136428833
13844,CC(C)C(N*)C(=O)N(C)CCCNC(=O)*,CC(C)C(N[*])C(=O)N(C)CCCNC(=O)[*],[*]NC(=O)NCCCN(C)C(=O)C([*])C(C)C,4.81e-05,-4.317854923626168,2,-4.299536228179932
13845,C=CC(C)(O*)C(=O)NC(CC)COC(=O)*,C=CC(C)(O[*])C(=O)NC(CC)COC(=O)[*],[*]OC(=O)OCC(CC)NC(=O)C([*])(C)C=C,3.76e-05,-4.424812155072339,2,-4.196629524230957
13846,CON(C)C(=O)CC(CNC(=O)*)O*,CON(C)C(=O)CC(CNC(=O)[*])O[*],[*]CNC(=O)OC([*])CC(=O)N(C)OC,0.000137,-3.8632794328435933,1,-4.266939640045166
13847,C=CCCC(COC(=O)*)NC(=O)C(=C)CO*,C=CCCC(COC(=O)[*])NC(=O)C(=C)CO[*],[*]COC(=O)OCC(=C)C(=O)NC([*])CCC=C,7.91e-05,-4.101823516502323,2,-4.220214366912842
13848,NC(=O)CN(CCCO*)CCOC(=O)*,NC(=O)CN(CCCO[*])CCOC(=O)[*],[*]CCCOC(=O)OCCN([*])CC(N)=O,0.00016,-3.795880017344075,1,-3.933180332183838
13849,CC(C)(C#N)C(=O)NC(CO*)COC(=O)*,CC(C)(C#N)C(=O)NC(CO[*])COC(=O)[*],[*]COC(=O)OCC([*])NC(=O)C(C)(C)C#N,6.19e-05,-4.208309350979882,0,-4.403691291809082
13850,N=C(CO*)NOCCOCCOC(=O)*,N=C(CO[*])NOCCOCCOC(=O)[*],[*]COC(=O)OCCOCCONC([*])=N,8.9e-05,-4.050609993355088,1,-3.698184013366699
13851,C=CC(C)(C)NC(=O)CC(CNC(=O)*)O*,C=CC(C)(C)NC(=O)CC(CNC(=O)[*])O[*],[*]CNC(=O)OC([*])CC(=O)NC(C)(C)C=C,3.49e-05,-4.45717457304082,1,-4.4513840675354
13852,CC(CN*)NCC(CC(F)F)NC(=O)*,CC(CN[*])NCC(CC(F)F)NC(=O)[*],[*]CNC(=O)NC(CNC([*])C)CC(F)F,0.000119,-3.9244530386074694,1,-4.067302703857422
13853,CC(C)(NC(=O)*)C(=O)NCCN*,CC(C)(NC(=O)[*])C(=O)NCCN[*],[*]NC(=O)NCCNC(=O)C([*])(C)C,8.07e-05,-4.09312646527793,1,-4.210918426513672
13854,CCC(CO*)CC(CC)OC(=O)*,CCC(CO[*])CC(CC)OC(=O)[*],[*]COC(=O)OC(CC)CC([*])CC,5.02e-05,-4.29929628285498,2,-4.463555812835693
13855,CCCC(O*)C(C)NC(=O)*,CCCC(O[*])C(C)NC(=O)[*],[*]OC(=O)NC(C)C([*])CCC,4.8e-05,-4.318758762624412,0,-4.520457744598389
13856,CCC(F)C(=O)NC(C)(CO*)COC(=O)*,CCC(F)C(=O)NC(C)(CO[*])COC(=O)[*],[*]COC(=O)OCC([*])(C)NC(=O)C(F)CC,5.26e-05,-4.279014255846261,1,-4.441337585449219
13857,CN(CCC#N)CC(C)(CO*)COC(=O)*,CN(CCC#N)CC(C)(CO[*])COC(=O)[*],[*]COC(=O)OCC([*])(C)CN(C)CCC#N,4.33e-05,-4.363512103646634,1,-4.267365455627441
13858,CCC(CNC(=O)*)O*,CCC(CNC(=O)[*])O[*],[*]CNC(=O)OC([*])CC,3.05e-05,-4.515700160653214,0,-4.239330291748047
13859,CC(C)(NCC(CO*)OC(=O)*)C(=O)O,CC(C)(NCC(CO[*])OC(=O)[*])C(=O)O,[*]COC(=O)OC([*])CNC(C)(C)C(=O)O,4.46e-05,-4.350665141287858,0,-4.458815097808838
13860,CC(CC(=O)OCC(C)OC(=O)*)O*,CC(CC(=O)OCC(C)OC(=O)[*])O[*],[*]COC(=O)CC(C)OC(=O)OC([*])C,4.85e-05,-4.314258261397736,0,-4.305598735809326
13861,C=CCNC(=O)NCC(CO*)OC(=O)*,C=CCNC(=O)NCC(CO[*])OC(=O)[*],[*]COC(=O)OC([*])CNC(=O)NCC=C,6.67e-05,-4.175874166083451,0,-4.213883399963379
13862,CC(OC(=O)*)C(C)C(N*)C(=O)O,CC(OC(=O)[*])C(C)C(N[*])C(=O)O,[*]OC(=O)NC(C(=O)O)C(C)C([*])C,3.5e-05,-4.455931955649724,0,-4.493505001068115
13863,CCC(NC(=O)*)C(=O)N(C)C(C)CN*,CCC(NC(=O)[*])C(=O)N(C)C(C)CN[*],[*]NC(=O)NCC(C)N(C)C(=O)C([*])CC,3.41e-05,-4.467245621007502,2,-4.485443592071533
13864,CC(NC(=O)*)C(=O)NC(C)(C)CCCN*,CC(NC(=O)[*])C(=O)NC(C)(C)CCCN[*],[*]NC(=O)NCCCC(C)(C)NC(=O)C([*])C,4.67e-05,-4.330683119433888,1,-4.38216495513916
13865,COCC(CNC(=O)CCCNC(=O)*)O*,COCC(CNC(=O)CCCNC(=O)[*])O[*],[*]CNC(=O)CCCNC(=O)OC([*])COC,6.32e-05,-4.199282921717615,2,-4.089461803436279
13866,CN(CCCCCCN*)C(=O)CNC(=O)*,CN(CCCCCCN[*])C(=O)CNC(=O)[*],[*]CCCCCCNC(=O)NCC(=O)N([*])C,5.73e-05,-4.24184537803261,1,-4.220205783843994
13867,CCC(C)CC(NC(=O)*)C(=O)NCCN*,CCC(C)CC(NC(=O)[*])C(=O)NCCN[*],[*]NC(=O)NCCNC(=O)C([*])CC(C)CC,5.99e-05,-4.2225731776106885,3,-4.376059055328369
13868,COC(C)CC(=O)NC(CO*)COC(=O)*,COC(C)CC(=O)NC(CO[*])COC(=O)[*],[*]COC(=O)OCC([*])NC(=O)CC(C)OC,7.33e-05,-4.134896025358872,1,-4.179766654968262
13869,CNC(=O)C(CCCCNC(=O)*)N*,CNC(=O)C(CCCCNC(=O)[*])N[*],[*]CCCCNC(=O)NC([*])C(=O)NC,5.64e-05,-4.248720896016658,3,-4.379436492919922
13870,CC(C)C(CNC(=O)CO*)COC(=O)*,CC(C)C(CNC(=O)CO[*])COC(=O)[*],[*]CNC(=O)COC(=O)OCC([*])C(C)C,6.45e-05,-4.1904402853647325,0,-4.296510696411133
13871,CCC(CN(C)CC(OC(=O)*)C(C)C)N*,CCC(CN(C)CC(OC(=O)[*])C(C)C)N[*],[*]CN(C)CC(OC(=O)NC([*])CC)C(C)C,4.53e-05,-4.343901797987168,1,-4.421630382537842
13872,CCONC(=O)CC(CN*)OC(=O)*,CCONC(=O)CC(CN[*])OC(=O)[*],[*]CNC(=O)OC([*])CC(=O)NOCC,5.11e-05,-4.291579099865287,1,-4.0829877853393555
13873,CCOCCC(CNCC(C)O*)OC(=O)*,CCOCCC(CNCC(C)O[*])OC(=O)[*],[*]CNCC(C)OC(=O)OC([*])CCOCC,9.36e-05,-4.028724151261895,3,-4.103884696960449
13874,CCCN(CCC)C(=O)C(CNC(=O)*)O*,CCCN(CCC)C(=O)C(CNC(=O)[*])O[*],[*]CNC(=O)OC([*])C(=O)N(CCC)CCC,5.96e-05,-4.2247537402597635,1,-4.46345853805542
13875,CC(C)(CCC(C)(C)OC(=O)*)O*,CC(C)(CCC(C)(C)OC(=O)[*])O[*],[*]CCC(C)(C)OC(=O)OC([*])(C)C,2.69e-05,-4.570247719997592,1,-4.64975643157959
13876,CC(NCC(C)(C)C(C)OC(=O)*)C(C)O*,CC(NCC(C)(C)C(C)OC(=O)[*])C(C)O[*],[*]NCC(C)(C)C(C)OC(=O)OC(C)C([*])C,1.16e-05,-4.935542010773082,0,-4.676074028015137
13877,C=CC(COC(=O)*)NCC(C)(C=C)O*,C=CC(COC(=O)[*])NCC(C)(C=C)O[*],[*]COC(=O)OC(C)(C=C)CNC([*])C=C,5.21e-05,-4.283162276700476,3,-4.308404922485352
13878,CC(CNC(=O)*)NC(=O)NCC=CCO*,CC(CNC(=O)[*])NC(=O)NCC=CCO[*],[*]CNC(=O)OCC=CCNC(=O)NC([*])C,4.78e-05,-4.320572103387881,2,-4.333353042602539
13879,CC(N*)C(=O)NC(COC(=O)*)C(=O)O,CC(N[*])C(=O)NC(COC(=O)[*])C(=O)O,[*]NC(=O)OCC(NC(=O)C([*])C)C(=O)O,3.06e-05,-4.51427857351842,0,-4.372613430023193
13880,CCS(=O)(=O)NC(C)(CO*)COC(=O)*,CCS(=O)(=O)NC(C)(CO[*])COC(=O)[*],[*]COC(=O)OCC([*])(C)NS(=O)(=O)CC,1.15e-05,-4.939302159646388,2,-4.599610328674316
13881,CCC(CC(C)CO*)NC(=O)COC(=O)*,CCC(CC(C)CO[*])NC(=O)COC(=O)[*],[*]CC(C)COC(=O)OCC(=O)NC([*])CC,3.54e-05,-4.450996737974212,0,-4.439198970794678
13882,O=C(CCOC(=O)*)NCCCOCCO*,O=C(CCOC(=O)[*])NCCCOCCO[*],[*]CCOC(=O)OCCOCCCNC([*])=O,0.000101,-3.9956786262173574,2,-3.7670910358428955
13883,CCCC(C=C=CC(CCC)OC(=O)*)O*,CCCC(C=C=CC(CCC)OC(=O)[*])O[*],[*]C=C=CC(CCC)OC(=O)OC([*])CCC,4.77e-05,-4.321481620959886,2,-4.423009395599365
13884,CCC(C)C(C)(CNCC(C)OC(=O)*)O*,CCC(C)C(C)(CNCC(C)OC(=O)[*])O[*],[*]CNCC(C)OC(=O)OC([*])(C)C(C)CC,3.92e-05,-4.406713932979542,0,-4.60245418548584
13885,CC(=O)NC(C)(CO*)COC(=O)*,CC(=O)NC(C)(CO[*])COC(=O)[*],[*]COC(=O)OCC([*])(C)NC(C)=O,4.57e-05,-4.34008379993015,3,-4.294801712036133
13886,CC(C)(C)C#CCNCC(COC(=O)*)O*,CC(C)(C)C#CCNCC(COC(=O)[*])O[*],[*]COC(=O)OC([*])CNCC#CC(C)(C)C,1.29e-05,-4.889410289700751,2,-4.409428596496582
13887,C=CCCC(CNCC(CC)O*)OC(=O)*,C=CCCC(CNCC(CC)O[*])OC(=O)[*],[*]CNCC(CC)OC(=O)OC([*])CCC=C,7.13e-05,-4.146910470148135,0,-4.2394561767578125
13888,CCCNC(=O)C(NC(=O)*)C(C)(C)O*,CCCNC(=O)C(NC(=O)[*])C(C)(C)O[*],[*]NC(=O)OC(C)(C)C([*])C(=O)NCCC,3.36e-05,-4.473660722610156,2,-4.443958759307861
13889,O=C(O)CC(CN*)COC(=O)*,O=C(O)CC(CN[*])COC(=O)[*],[*]CNC(=O)OCC([*])CC(=O)O,2.7e-05,-4.568636235841013,3,-4.355466365814209
13890,C=CS(=O)(=O)NCC(COC(=O)*)O*,C=CS(=O)(=O)NCC(COC(=O)[*])O[*],[*]COC(=O)OC([*])CNS(=O)(=O)C=C,5.28e-05,-4.277366077466188,1,-4.167603015899658
13891,CCOCC(CN(C)CCCNC(=O)*)O*,CCOCC(CN(C)CCCNC(=O)[*])O[*],[*]CN(C)CCCNC(=O)OC([*])COCC,7.05e-05,-4.151810883008602,3,-4.160772323608398
13892,CCC(CO*)NCC(C)(OC(=O)*)C(C)=O,CCC(CO[*])NCC(C)(OC(=O)[*])C(C)=O,[*]COC(=O)OC(C)(CNC([*])CC)C(C)=O,8.84e-05,-4.053547734986927,1,-4.240653038024902
13893,CCOC(=O)C(CCO*)NC(=O)*,CCOC(=O)C(CCO[*])NC(=O)[*],[*]CCOC(=O)NC([*])C(=O)OCC,2.95e-05,-4.530177984021837,3,-4.321445941925049
13894,CC(CCNCC(O*)C(C)(C)C)NC(=O)*,CC(CCNCC(O[*])C(C)(C)C)NC(=O)[*],[*]CCNCC(OC(=O)NC([*])C)C(C)(C)C,5.29e-05,-4.276544327964814,1,-4.488438129425049
13895,CC(C)(CCNC(=O)NCCN*)NC(=O)*,CC(C)(CCNC(=O)NCCN[*])NC(=O)[*],[*]CCNC(=O)NCCNC(=O)NC([*])(C)C,5.51e-05,-4.258848401148215,0,-4.279603958129883
13896,COCC(CNCCCO*)OC(=O)*,COCC(CNCCCO[*])OC(=O)[*],[*]CNCCCOC(=O)OC([*])COC,0.000143,-3.844663962534938,3,-3.96854829788208
13897,CC(CCNC(=O)*)CO*,CC(CCNC(=O)[*])CO[*],[*]CCNC(=O)OCC([*])C,3.44e-05,-4.46344155742847,2,-4.237680912017822
13898,CS(=O)CCN(CCO*)CCOC(=O)*,CS(=O)CCN(CCO[*])CCOC(=O)[*],[*]CCOC(=O)OCCN([*])CCS(C)=O,0.000203,-3.692503962086787,3,-4.0451340675354
13899,CCC(CNC(=O)C(NC(=O)*)C(C)C)N*,CCC(CNC(=O)C(NC(=O)[*])C(C)C)N[*],[*]CNC(=O)C(NC(=O)NC([*])CC)C(C)C,2.91e-05,-4.536107011014093,3,-4.295477390289307
13900,CCCN(CCO*)C(=O)COC(=O)*,CCCN(CCO[*])C(=O)COC(=O)[*],[*]CCOC(=O)OCC(=O)N([*])CCC,7.08e-05,-4.149966742310231,0,-4.341675281524658
13901,CNCCN(CCN*)CCNC(=O)*,CNCCN(CCN[*])CCNC(=O)[*],[*]CCNC(=O)NCCN([*])CCNC,0.000133,-3.876148359032914,3,-3.8041532039642334
13902,NC(CCOC(=O)*)=NOCCOCCO*,NC(CCOC(=O)[*])=NOCCOCCO[*],[*]=NOCCOCCOC(=O)OCCC(=[*])N,0.000242,-3.616184634019569,1,-4.031095027923584
13903,CCC(C)(CNCC(COC)OC(=O)*)O*,CCC(C)(CNCC(COC)OC(=O)[*])O[*],[*]CNCC(COC)OC(=O)OC([*])(C)CC,6.19e-05,-4.208309350979882,3,-4.2892374992370605
13904,CN(C)CCCNCC(CO*)OC(=O)*,CN(C)CCCNCC(CO[*])OC(=O)[*],[*]COC(=O)OC([*])CNCCCN(C)C,0.000106,-3.9746941347352296,3,-4.036275863647461
13905,CC(NC(=O)*)C(=O)NC(CCN*)C(F)F,CC(NC(=O)[*])C(=O)NC(CCN[*])C(F)F,[*]NC(=O)NCCC(NC(=O)C([*])C)C(F)F,6.11e-05,-4.213958789757446,2,-4.305454254150391
13906,CC(C)(C)NCC(CNC(=O)*)O*,CC(C)(C)NCC(CNC(=O)[*])O[*],[*]CNC(=O)OC([*])CNC(C)(C)C,6.84e-05,-4.164943898279883,3,-4.3823113441467285
13907,COCCNCC(CO*)OC(=O)*,COCCNCC(CO[*])OC(=O)[*],[*]COC(=O)OC([*])CNCCOC,8.6e-05,-4.0655015487564325,2,-3.9266552925109863
13908,CN(C)CC(COC(=O)*)O*,CN(C)CC(COC(=O)[*])O[*],[*]COC(=O)OC([*])CN(C)C,5.75e-05,-4.2403321553103694,0,-4.141299247741699
13909,N#CCN(CC(=O)O)CC(COC(=O)*)O*,N#CCN(CC(=O)O)CC(COC(=O)[*])O[*],[*]COC(=O)OC([*])CN(CC#N)CC(=O)O,6.67e-05,-4.175874166083451,0,-4.236653804779053
13910,CCCC(C)N(CCNC(=O)*)CCO*,CCCC(C)N(CCNC(=O)[*])CCO[*],[*]CCNC(=O)OCCN([*])C(C)CCC,4.6e-05,-4.337242168318426,1,-4.266264915466309
13911,CCCC(OC(=O)*)C(=O)N(CC)CCO*,CCCC(OC(=O)[*])C(=O)N(CC)CCO[*],[*]OC(=O)OCCN(CC)C(=O)C([*])CCC,3.47e-05,-4.459670525209126,2,-4.397523403167725
13912,COC(=O)CNC(=O)C(COC(=O)*)N*,COC(=O)CNC(=O)C(COC(=O)[*])N[*],[*]COC(=O)NC([*])C(=O)NCC(=O)OC,4.13e-05,-4.384049948343599,0,-4.276669979095459
13913,CCCCCN(CCOC(=O)*)C(=O)CO*,CCCCCN(CCOC(=O)[*])C(=O)CO[*],[*]CCOC(=O)OCC(=O)N([*])CCCCC,4.35e-05,-4.361510743045363,2,-4.29247522354126
13914,CC(CNC(=O)C(C)CNC(=O)*)O*,CC(CNC(=O)C(C)CNC(=O)[*])O[*],[*]CNC(=O)C(C)CNC(=O)OC([*])C,3.18e-05,-4.497572880015567,3,-4.247975826263428
13915,CC(CNCCN(C)CCO*)OC(=O)*,CC(CNCCN(C)CCO[*])OC(=O)[*],[*]CNCCN(C)CCOC(=O)OC([*])C,0.000149,-3.826813731587726,1,-3.936549425125122
13916,CC#CCC(COC(=O)*)NCC(CC)O*,CC#CCC(COC(=O)[*])NCC(CC)O[*],[*]COC(=O)OC(CC)CNC([*])CC#CC,4.63e-05,-4.334419008982047,0,-4.3693132400512695
13917,O=C(COCCOC(=O)*)NCCO*,O=C(COCCOC(=O)[*])NCCO[*],[*]COCCOC(=O)OCCNC([*])=O,0.00021,-3.677780705266081,2,-3.825756788253784
13918,O=C(CCNC(=O)CO*)NCCOC(=O)*,O=C(CCNC(=O)CO[*])NCCOC(=O)[*],[*]CCNC(=O)COC(=O)OCCNC([*])=O,8.95e-05,-4.048176964684088,2,-3.935117483139038
13919,CN(CCNC(=O)*)C(=O)CC(C)(C)CN*,CN(CCNC(=O)[*])C(=O)CC(C)(C)CN[*],[*]CCNC(=O)NCC(C)(C)CC(=O)N([*])C,3.35e-05,-4.474955192963154,2,-4.341179847717285
13920,CC(COC(=O)*)N(C)CCCO*,CC(COC(=O)[*])N(C)CCCO[*],[*]COC(=O)OCCCN(C)C([*])C,7.64e-05,-4.11690664142431,2,-4.139595985412598
13921,CC(CO*)SCCCCCCOC(=O)*,CC(CO[*])SCCCCCCOC(=O)[*],[*]COC(=O)OCCCCCCSC([*])C,9.95e-05,-4.002176919254275,1,-3.9737565517425537
13922,CCCC(OC(=O)*)C(N*)C(=O)O,CCCC(OC(=O)[*])C(N[*])C(=O)O,[*]OC(=O)NC(C(=O)O)C([*])CCC,1.82e-05,-4.739928612014925,3,-4.636204719543457
13923,CC(CCO*)NC(=O)C(C)NC(=O)*,CC(CCO[*])NC(=O)C(C)NC(=O)[*],[*]CCOC(=O)NC(C)C(=O)NC([*])C,3.17e-05,-4.498940737782249,3,-4.27144718170166
13924,CC(CCNC(=O)C(C)NC(=O)*)O*,CC(CCNC(=O)C(C)NC(=O)[*])O[*],[*]CCNC(=O)C(C)NC(=O)OC([*])C,4.9e-05,-4.309803919971486,0,-4.363494396209717
13925,COCCOCCNC(CO*)COC(=O)*,COCCOCCNC(CO[*])COC(=O)[*],[*]COC(=O)OCC([*])NCCOCCOC,0.000131,-3.8827287043442356,1,-3.73097825050354
13926,CC(CNC(=O)*)C(=O)N(C)CCN*,CC(CNC(=O)[*])C(=O)N(C)CCN[*],[*]CNC(=O)NCCN(C)C(=O)C([*])C,5.54e-05,-4.2564902352715706,2,-4.386021137237549
13927,C=CCN(CC(CO*)OC(=O)*)C(C)(C)C,C=CCN(CC(CO[*])OC(=O)[*])C(C)(C)C,[*]COC(=O)OC([*])CN(CC=C)C(C)(C)C,1.79e-05,-4.747146969020107,0,-4.483914375305176
13928,COC(=O)CC(N*)C(=O)NCCOC(=O)*,COC(=O)CC(N[*])C(=O)NCCOC(=O)[*],[*]NC(=O)OCCNC(=O)C([*])CC(=O)OC,4.48e-05,-4.348721986001856,3,-4.395442962646484
13929,CCC(NC(=O)*)C(=O)NCC(COC)O*,CCC(NC(=O)[*])C(=O)NCC(COC)O[*],[*]NC(=O)OC(CNC(=O)C([*])CC)COC,4.72e-05,-4.3260580013659125,1,-4.13761043548584
13930,COCC(CNCC(C)(C)COC(=O)*)O*,COCC(CNCC(C)(C)COC(=O)[*])O[*],[*]CNCC(C)(C)COC(=O)OC([*])COC,9.41e-05,-4.026410376572743,3,-4.258022785186768
13931,CCOC(=O)CN(CCN*)CCNC(=O)*,CCOC(=O)CN(CCN[*])CCNC(=O)[*],[*]CCNC(=O)NCCN([*])CC(=O)OCC,0.000113,-3.9469215565165805,1,-4.133080005645752
13932,C=CCOCC(=O)NC(CO*)COC(=O)*,C=CCOCC(=O)NC(CO[*])COC(=O)[*],[*]COC(=O)OCC([*])NC(=O)COCC=C,7.49e-05,-4.125518182300533,2,-4.17576265335083
13933,CSC(CO*)C(C)NC(=O)COC(=O)*,CSC(CO[*])C(C)NC(=O)COC(=O)[*],[*]COC(=O)OCC(=O)NC(C)C([*])SC,4.33e-05,-4.363512103646634,3,-4.363711833953857
13934,CCCC(CNCCOC(=O)*)O*,CCCC(CNCCOC(=O)[*])O[*],[*]CNCCOC(=O)OC([*])CCC,7.62e-05,-4.1180450286604,3,-4.127991199493408
13935,CC(C)N(CCN*)CCNC(=O)*,CC(C)N(CCN[*])CCNC(=O)[*],[*]CCNC(=O)NCCN([*])C(C)C,9.99e-05,-4.000434511774018,0,-4.193274021148682
13936,CCCC(OC(=O)*)C(=O)N(C)CCCN*,CCCC(OC(=O)[*])C(=O)N(C)CCCN[*],[*]OC(=O)NCCCN(C)C(=O)C([*])CCC,2.86e-05,-4.543633966870957,3,-4.323604583740234
13937,CC(CCNC(=O)C(C)CNC(=O)*)N*,CC(CCNC(=O)C(C)CNC(=O)[*])N[*],[*]CCNC(=O)C(C)CNC(=O)NC([*])C,8.27e-05,-4.082494490447453,2,-4.369089126586914
13938,CCOC(=O)CC(CCN*)OC(=O)*,CCOC(=O)CC(CCN[*])OC(=O)[*],[*]CCNC(=O)OC([*])CC(=O)OCC,3.46e-05,-4.460923901207224,0,-4.3263840675354
13939,COCC(O*)C(COC)OC(=O)*,COCC(O[*])C(COC)OC(=O)[*],[*]OC(=O)OC(COC)C([*])COC,7e-05,-4.154901959985743,2,-4.189840316772461
13940,CCN(CCOCCO*)C(=O)COC(=O)*,CCN(CCOCCO[*])C(=O)COC(=O)[*],[*]CCOCCOC(=O)OCC(=O)N([*])CC,0.00013,-3.886056647693163,3,-3.9977779388427734
13941,CC(C)CC(C)(NC(=O)*)C(=O)NCCN*,CC(C)CC(C)(NC(=O)[*])C(=O)NCCN[*],[*]NC(=O)NCCNC(=O)C([*])(C)CC(C)C,3.7e-05,-4.431798275933005,2,-4.421644687652588
13942,CC(C)C(CNC(=O)CCN*)NC(=O)*,CC(C)C(CNC(=O)CCN[*])NC(=O)[*],[*]CNC(=O)CCNC(=O)NC([*])C(C)C,5.74e-05,-4.241088107602026,0,-4.329433917999268
13943,CC(C)C(C)(CO*)OC(=O)*,CC(C)C(C)(CO[*])OC(=O)[*],[*]COC(=O)OC([*])(C)C(C)C,1.31e-05,-4.882728704344236,1,-4.729726314544678
13944,O=C(CCN*)NCCOCCOC(=O)*,O=C(CCN[*])NCCOCCOC(=O)[*],[*]CCNC(=O)OCCOCCNC([*])=O,0.000153,-3.815308569182401,0,-3.7335283756256104
13945,CCNCC(=O)NCC(COC(=O)*)O*,CCNCC(=O)NCC(COC(=O)[*])O[*],[*]COC(=O)OC([*])CNC(=O)CNCC,8.66e-05,-4.062482107982653,0,-4.132567405700684
13946,C=CCNC(=O)CC(CNC(=O)*)O*,C=CCNC(=O)CC(CNC(=O)[*])O[*],[*]CNC(=O)OC([*])CC(=O)NCC=C,4.42e-05,-4.354577730650908,0,-4.287031173706055
13947,O=C(COCCO*)NCC(CF)OC(=O)*,O=C(COCCO[*])NCC(CF)OC(=O)[*],[*]COCCOC(=O)OC(CF)CNC([*])=O,0.000136,-3.8664610916297826,0,-3.9716005325317383
13948,CC(O*)C(C)OC(=O)*,CC(O[*])C(C)OC(=O)[*],[*]OC(=O)OC(C)C([*])C,3.95e-05,-4.403402904373539,1,-4.282516002655029
13949,CC(C)(OC(=O)*)C(=O)NC(C#N)CO*,CC(C)(OC(=O)[*])C(=O)NC(C#N)CO[*],[*]OC(=O)OCC(C#N)NC(=O)C([*])(C)C,6.76e-05,-4.170053304058364,2,-4.304773330688477
13950,CCC(CNC(CO*)C(N)=O)OC(=O)*,CCC(CNC(CO[*])C(N)=O)OC(=O)[*],[*]CNC(COC(=O)OC([*])CC)C(N)=O,6.41e-05,-4.193141970481182,0,-4.340879440307617
13951,C=CC(O*)C(=O)NC(C#N)COC(=O)*,C=CC(O[*])C(=O)NC(C#N)COC(=O)[*],[*]OC(=O)OCC(C#N)NC(=O)C([*])C=C,4.46e-05,-4.350665141287858,2,-4.1718244552612305
13952,COCC(CNCCOCCOC(=O)*)O*,COCC(CNCCOCCOC(=O)[*])O[*],[*]CNCCOCCOC(=O)OC([*])COC,0.000183,-3.7375489102695707,3,-3.7473204135894775
13953,CC(CCOC(=O)*)SCCO*,CC(CCOC(=O)[*])SCCO[*],[*]CCOC(=O)OCCSC([*])C,0.000158,-3.8013429130455774,1,-3.9553253650665283
13954,CC(C)CC(CCOC(=O)*)O*,CC(C)CC(CCOC(=O)[*])O[*],[*]CCOC(=O)OC([*])CC(C)C,3.18e-05,-4.497572880015567,2,-4.412712574005127
13955,NC(N)=NN=CCC(CO*)OC(=O)*,NC(N)=NN=CCC(CO[*])OC(=O)[*],[*]COC(=O)OC([*])CC=NN=C(N)N,6.87e-05,-4.16304326294045,1,-4.335006237030029
13956,CS(=O)CCNC(CO*)COC(=O)*,CS(=O)CCNC(CO[*])COC(=O)[*],[*]COC(=O)OCC([*])NCCS(C)=O,0.000117,-3.9318141382538383,3,-4.1734466552734375
13957,CC(C)C(O*)C(=O)NCCCCOC(=O)*,CC(C)C(O[*])C(=O)NCCCCOC(=O)[*],[*]OC(=O)OCCCCNC(=O)C([*])C(C)C,4.65e-05,-4.3325470471100465,3,-4.186605453491211
13958,C=CC(CNCCCC(C)(C)OC(=O)*)O*,C=CC(CNCCCC(C)(C)OC(=O)[*])O[*],[*]CNCCCC(C)(C)OC(=O)OC([*])C=C,4.11e-05,-4.386158178123931,3,-4.288277626037598
13959,CN(CCN*)C(=O)C(NC(=O)*)C(C)(C)C,CN(CCN[*])C(=O)C(NC(=O)[*])C(C)(C)C,[*]CCNC(=O)NC(C(=O)N([*])C)C(C)(C)C,3.5e-05,-4.455931955649724,2,-4.516183376312256
13960,CCCC(CNC(COC(=O)*)C(N)=O)O*,CCCC(CNC(COC(=O)[*])C(N)=O)O[*],[*]CNC(COC(=O)OC([*])CCC)C(N)=O,4.66e-05,-4.33161408331,1,-4.351381301879883
13961,COCC(C)NC(CO*)COC(=O)*,COCC(C)NC(CO[*])COC(=O)[*],[*]COC(=O)OCC([*])NC(C)COC,6.91e-05,-4.1605219526258015,3,-4.2425618171691895
13962,CN(C)CC(CN*)CNC(=O)*,CN(C)CC(CN[*])CNC(=O)[*],[*]CNC(=O)NCC([*])CN(C)C,5.42e-05,-4.266000713461613,2,-4.129209041595459
13963,CCNC(=O)C(CCCCNC(=O)*)N*,CCNC(=O)C(CCCCNC(=O)[*])N[*],[*]CCCCNC(=O)NC([*])C(=O)NCC,4.94e-05,-4.306273051076353,2,-4.088294982910156
13964,CN(CCN*)C(=O)CCCNC(=O)*,CN(CCN[*])C(=O)CCCNC(=O)[*],[*]CCNC(=O)NCCCC(=O)N([*])C,6.67e-05,-4.175874166083451,1,-4.283872604370117
13965,COCC(CNC(CO*)C(N)=O)OC(=O)*,COCC(CNC(CO[*])C(N)=O)OC(=O)[*],[*]CNC(COC(=O)OC([*])COC)C(N)=O,9.38e-05,-4.027797161620936,0,-4.284890651702881
13966,COC(CN(CCO*)CCOC(=O)*)OC,COC(CN(CCO[*])CCOC(=O)[*])OC,[*]CCOC(=O)OCCN([*])CC(OC)OC,0.000148,-3.8297382846050425,0,-3.8437860012054443
13967,CCOC(=O)C(=O)NCC(COC(=O)*)O*,CCOC(=O)C(=O)NCC(COC(=O)[*])O[*],[*]COC(=O)OC([*])CNC(=O)C(=O)OCC,4.92e-05,-4.308034897232639,3,-4.4780497550964355
13968,CC(CC(=O)NC(COC(=O)*)C(N)=O)O*,CC(CC(=O)NC(COC(=O)[*])C(N)=O)O[*],[*]CC(=O)NC(COC(=O)OC([*])C)C(N)=O,6.71e-05,-4.1732774798310075,2,-4.147208213806152
13969,CC(CNC(=O)NCC#CCO*)OC(=O)*,CC(CNC(=O)NCC#CCO[*])OC(=O)[*],[*]CNC(=O)NCC#CCOC(=O)OC([*])C,3.51e-05,-4.454692883534176,0,-4.2061381340026855
13970,COCC(NC(=O)*)C(=O)NC(C)CN*,COCC(NC(=O)[*])C(=O)NC(C)CN[*],[*]NC(=O)NCC(C)NC(=O)C([*])COC,3.79e-05,-4.421360790031928,1,-4.283781051635742
13971,O=C(COC(F)F)NCC(COC(=O)*)O*,O=C(COC(F)F)NCC(COC(=O)[*])O[*],[*]COC(=O)OC([*])CNC(=O)COC(F)F,8.23e-05,-4.08460016478773,1,-4.132754325866699
13972,CC(=O)N(CCOCCO*)CCOC(=O)*,CC(=O)N(CCOCCO[*])CCOC(=O)[*],[*]CCOCCOC(=O)OCCN([*])C(C)=O,4.94e-05,-4.306273051076353,1,-3.8267018795013428
13973,CC(C)CC(CNC(=O)C(C)O*)OC(=O)*,CC(C)CC(CNC(=O)C(C)O[*])OC(=O)[*],[*]CNC(=O)C(C)OC(=O)OC([*])CC(C)C,5.16e-05,-4.287350298372789,3,-4.437437057495117
13974,COCC(CN(C)CCO*)OC(=O)*,COCC(CN(C)CCO[*])OC(=O)[*],[*]CN(C)CCOC(=O)OC([*])COC,0.000154,-3.812479279163537,3,-3.921368360519409
13975,CCC(CN(CCNC(=O)*)CCO*)OC,CCC(CN(CCNC(=O)[*])CCO[*])OC,[*]CCNC(=O)OCCN([*])CC(CC)OC,0.000119,-3.9244530386074694,1,-4.192867755889893
13976,CCCC(N*)C(OC(=O)*)C(F)(F)F,CCCC(N[*])C(OC(=O)[*])C(F)(F)F,[*]NC(=O)OC(C([*])CCC)C(F)(F)F,3.9e-05,-4.4089353929735005,0,-4.630754470825195
13977,COC(CNC(CO*)COC(=O)*)OC,COC(CNC(CO[*])COC(=O)[*])OC,[*]COC(=O)OCC([*])NCC(OC)OC,9.21e-05,-4.035740369803151,3,-4.097864151000977
13978,CCN(CCN*)C(=O)CCCCNC(=O)*,CCN(CCN[*])C(=O)CCCCNC(=O)[*],[*]CCNC(=O)NCCCCC(=O)N([*])CC,5.36e-05,-4.27083521030723,1,-4.221354961395264
13979,CN(CCNC(=O)*)CCOCCO*,CN(CCNC(=O)[*])CCOCCO[*],[*]CCNC(=O)OCCOCCN([*])C,0.000268,-3.571865205971211,3,-3.741095781326294
13980,CCN(CCCCCOC(=O)*)CCO*,CCN(CCCCCOC(=O)[*])CCO[*],[*]CCCCCOC(=O)OCCN([*])CC,7.71e-05,-4.112945621949043,3,-3.9541802406311035
13981,CCC(CNC(=O)*)N*,CCC(CNC(=O)[*])N[*],[*]CNC(=O)NC([*])CC,3.45e-05,-4.462180904926726,1,-4.324512958526611
13982,CC(C)(CCNC(=O)CN*)NC(=O)*,CC(C)(CCNC(=O)CN[*])NC(=O)[*],[*]CCNC(=O)CNC(=O)NC([*])(C)C,6.81e-05,-4.166852888087215,2,-4.372167110443115
13983,C[Si](C)(C)C#CNC(CCCN*)NC(=O)*,C[Si](C)(C)C#CNC(CCCN[*])NC(=O)[*],[*]CCCNC(=O)NC([*])NC#C[Si](C)(C)C,3.37e-05,-4.4723700991286615,0,-4.102733612060547
13984,CCC(CNCC(OC(=O)*)C(=O)O)O*,CCC(CNCC(OC(=O)[*])C(=O)O)O[*],[*]CNCC(OC(=O)OC([*])CC)C(=O)O,2.77e-05,-4.557520230935552,3,-4.435699939727783
13985,COC(=O)C(CC(=O)NCCN*)NC(=O)*,COC(=O)C(CC(=O)NCCN[*])NC(=O)[*],[*]CC(=O)NCCNC(=O)NC([*])C(=O)OC,3.25e-05,-4.488116639021126,2,-4.279994964599609
13986,CC(CCNC(=O)CCNC(=O)*)O*,CC(CCNC(=O)CCNC(=O)[*])O[*],[*]CCNC(=O)CCNC(=O)OC([*])C,5.8e-05,-4.236572006437063,3,-4.3040852546691895
13987,C#CCN(CC(OC(=O)*)C(C)O*)C(C)(C)C,C#CCN(CC(OC(=O)[*])C(C)O[*])C(C)(C)C,[*]OC(=O)OC(C)C([*])CN(CC#C)C(C)(C)C,2.24e-05,-4.649751981665837,0,-4.621455669403076
13988,CCC=CNC(=O)C(CCNC(=O)*)N*,CCC=CNC(=O)C(CCNC(=O)[*])N[*],[*]CCNC(=O)NC([*])C(=O)NC=CCC,5.72e-05,-4.242603971206976,3,-4.390161037445068
13989,CC(C)OCC(CN(C)CCOC(=O)*)O*,CC(C)OCC(CN(C)CCOC(=O)[*])O[*],[*]CN(C)CCOC(=O)OC([*])COC(C)C,0.000102,-3.9913998282380825,3,-4.0514726638793945
13990,C=CCCC(CN(C)CC(C)N*)OC(=O)*,C=CCCC(CN(C)CC(C)N[*])OC(=O)[*],[*]CN(C)CC(C)NC(=O)OC([*])CCC=C,5.09e-05,-4.293282217663242,2,-4.298416614532471
13991,O=C(CO*)NCCCOCCOC(=O)*,O=C(CO[*])NCCCOCCOC(=O)[*],[*]COC(=O)OCCOCCCNC([*])=O,9.02e-05,-4.044793462458058,0,-3.8408498764038086
13992,CCN(CCCCOC(=O)*)CCCO*,CCN(CCCCOC(=O)[*])CCCO[*],[*]CCCCOC(=O)OCCCN([*])CC,0.000183,-3.7375489102695707,2,-3.894227981567383
13993,CN(CC(C)(C)NC(=O)*)C(=O)NCCN*,CN(CC(C)(C)NC(=O)[*])C(=O)NCCN[*],[*]CC(C)(C)NC(=O)NCCNC(=O)N([*])C,3.69e-05,-4.432973633840939,3,-4.276044845581055
13994,CN(CC(COC(=O)*)O*)C(C)(C)C(N)=O,CN(CC(COC(=O)[*])O[*])C(C)(C)C(N)=O,[*]COC(=O)OC([*])CN(C)C(C)(C)C(N)=O,5.15e-05,-4.288192770958809,1,-4.283961772918701
13995,CCC(CSC(C)C(C)OC(=O)*)O*,CCC(CSC(C)C(C)OC(=O)[*])O[*],[*]CSC(C)C(C)OC(=O)OC([*])CC,4.1e-05,-4.3872161432802645,2,-4.215997695922852
13996,CN(CCO*)CCN(C)CCOC(=O)*,CN(CCO[*])CCN(C)CCOC(=O)[*],[*]CCOC(=O)OCCN(C)CCN([*])C,0.000368,-3.4341521813264824,3,-3.798302412033081
13997,CC(CC(=O)NC(C)C(C)NC(=O)*)N*,CC(CC(=O)NC(C)C(C)NC(=O)[*])N[*],[*]CC(=O)NC(C)C(C)NC(=O)NC([*])C,6.51e-05,-4.186419011431808,3,-4.474397659301758
13998,COCC(NC(=O)*)C(=O)NC(C)C(C)N*,COCC(NC(=O)[*])C(=O)NC(C)C(C)N[*],[*]NC(=O)NC(C)C(C)NC(=O)C([*])COC,5.76e-05,-4.239577516576788,1,-4.4257659912109375
13999,CC(N*)C(=O)NCCCOCCOC(=O)*,CC(N[*])C(=O)NCCCOCCOC(=O)[*],[*]NC(=O)OCCOCCCNC(=O)C([*])C,6.24e-05,-4.204815410317576,3,-4.068450927734375
14000,COC(CNCC(CO*)OC(=O)*)OC,COC(CNCC(CO[*])OC(=O)[*])OC,[*]COC(=O)OC([*])CNCC(OC)OC,0.000109,-3.962573502059376,3,-4.076254367828369
14001,CC(C)C(CNC(=O)C(C)(C)OC(=O)*)O*,CC(C)C(CNC(=O)C(C)(C)OC(=O)[*])O[*],[*]CNC(=O)C(C)(C)OC(=O)OC([*])C(C)C,4.58e-05,-4.33913452199613,2,-4.402432918548584
14002,CC(CNC(C)(C)COC(=O)*)O*,CC(CNC(C)(C)COC(=O)[*])O[*],[*]CNC(C)(C)COC(=O)OC([*])C,4.94e-05,-4.306273051076353,1,-4.290340900421143
14003,COC(CNC(=O)*)C(=O)NC(C)CCN*,COC(CNC(=O)[*])C(=O)NC(C)CCN[*],[*]CNC(=O)NCCC(C)NC(=O)C([*])OC,7.43e-05,-4.129011186239425,2,-4.2592244148254395
14004,C#CCNC(=O)CNC(CO*)COC(=O)*,C#CCNC(=O)CNC(CO[*])COC(=O)[*],[*]COC(=O)OCC([*])NCC(=O)NCC#C,5.92e-05,-4.22767829327708,1,-4.115394115447998
14005,CC(CC(C)(C)OC(=O)*)NC(=O)CO*,CC(CC(C)(C)OC(=O)[*])NC(=O)CO[*],[*]CC(C)(C)OC(=O)OCC(=O)NC([*])C,5.79e-05,-4.2373214362725635,3,-4.4790167808532715
14006,COCCN(CC#N)CC(COC(=O)*)O*,COCCN(CC#N)CC(COC(=O)[*])O[*],[*]COC(=O)OC([*])CN(CC#N)CCOC,0.000135,-3.869666231504994,0,-3.8953857421875
14007,C=C(C)C(CCC(OC(=O)*)C(=C)C)O*,C=C(C)C(CCC(OC(=O)[*])C(=C)C)O[*],[*]CCC(OC(=O)OC([*])C(=C)C)C(=C)C,2.91e-05,-4.536107011014093,1,-4.414665222167969
14008,CS(=O)CCNC(=O)C(CN*)OC(=O)*,CS(=O)CCNC(=O)C(CN[*])OC(=O)[*],[*]CNC(=O)OC([*])C(=O)NCCS(C)=O,0.000106,-3.9746941347352296,0,-4.02754545211792
14009,CCNCCNC(=O)CC(CNC(=O)*)O*,CCNCCNC(=O)CC(CNC(=O)[*])O[*],[*]CNC(=O)OC([*])CC(=O)NCCNCC,8.62e-05,-4.064492734175287,3,-4.071542739868164
14010,COCC(C)NCC(COC(=O)*)O*,COCC(C)NCC(COC(=O)[*])O[*],[*]COC(=O)OC([*])CNC(C)COC,7.3e-05,-4.136677139879544,0,-4.086782455444336
14011,CC(C)C(NC(=O)*)C(O*)C(F)(F)F,CC(C)C(NC(=O)[*])C(O[*])C(F)(F)F,[*]NC(=O)OC(C([*])C(C)C)C(F)(F)F,1.65e-05,-4.782516055786093,0,-4.5494232177734375
14012,COCC(CNCCC(C)OC(=O)*)O*,COCC(CNCCC(C)OC(=O)[*])O[*],[*]CNCCC(C)OC(=O)OC([*])COC,0.000143,-3.844663962534938,2,-3.993335008621216
14013,CCNC(=S)NC(CO*)COC(=O)*,CCNC(=S)NC(CO[*])COC(=O)[*],[*]COC(=O)OCC([*])NC(=S)NCC,5.53e-05,-4.257274868695302,2,-4.46199893951416
14014,CC(C)C(CO*)NC(=O)C(C)(C)NC(=O)*,CC(C)C(CO[*])NC(=O)C(C)(C)NC(=O)[*],[*]COC(=O)NC(C)(C)C(=O)NC([*])C(C)C,4.88e-05,-4.311580177997289,0,-4.392899513244629
14015,CC(CCCNC(=O)CCOC(=O)*)O*,CC(CCCNC(=O)CCOC(=O)[*])O[*],[*]CCCNC(=O)CCOC(=O)OC([*])C,9e-05,-4.045757490560675,3,-4.271665573120117
14016,C=CCCC(CO*)NC(C)C(C)OC(=O)*,C=CCCC(CO[*])NC(C)C(C)OC(=O)[*],[*]COC(=O)OC(C)C(C)NC([*])CCC=C,8.21e-05,-4.085656842880559,2,-4.307140350341797
14017,CCC(C)N(CCOC(=O)*)CC(C)O*,CCC(C)N(CCOC(=O)[*])CC(C)O[*],[*]CCOC(=O)OC(C)CN([*])C(C)CC,4.53e-05,-4.343901797987168,1,-4.297699928283691
14018,CCN(CCOC(=O)*)CC(C)(O*)C(C)=O,CCN(CCOC(=O)[*])CC(C)(O[*])C(C)=O,[*]CCOC(=O)OC(C)(CN([*])CC)C(C)=O,5.09e-05,-4.293282217663242,3,-4.218522548675537
14019,CC(CN*)C(=O)NCCOCCOC(=O)*,CC(CN[*])C(=O)NCCOCCOC(=O)[*],[*]CNC(=O)OCCOCCNC(=O)C([*])C,6.54e-05,-4.184422251675732,1,-3.9197640419006348
14020,CNCC(=O)NCC(C)(CO*)COC(=O)*,CNCC(=O)NCC(C)(CO[*])COC(=O)[*],[*]COC(=O)OCC([*])(C)CNC(=O)CNC,7.86e-05,-4.104577453960592,3,-4.423417568206787
14021,CCN(CCN*)C(=O)C(NC(=O)*)C(C)C,CCN(CCN[*])C(=O)C(NC(=O)[*])C(C)C,[*]CCNC(=O)NC(C(=O)N([*])CC)C(C)C,3.31e-05,-4.480172006224281,2,-4.44211483001709
14022,CC(C)CCC(CCOC(=O)*)O*,CC(C)CCC(CCOC(=O)[*])O[*],[*]CCOC(=O)OC([*])CCC(C)C,4.33e-05,-4.363512103646634,2,-4.258849143981934
14023,CC(C)(C)C(O*)C(=O)OCCCOC(=O)*,CC(C)(C)C(O[*])C(=O)OCCCOC(=O)[*],[*]OC(=O)OCCCOC(=O)C([*])C(C)(C)C,4.46e-05,-4.350665141287858,0,-4.487512111663818
14024,CCN(CC(C)(C)O*)CC(C)(C)OC(=O)*,CCN(CC(C)(C)O[*])CC(C)(C)OC(=O)[*],[*]CC(C)(C)OC(=O)OC(C)(C)CN([*])CC,1.89e-05,-4.723538195826756,0,-4.483941078186035
14025,COC(CNC(=O)*)C(=O)NCCCCN*,COC(CNC(=O)[*])C(=O)NCCCCN[*],[*]CNC(=O)NCCCCNC(=O)C([*])OC,6.3e-05,-4.200659450546418,2,-4.17085599899292
14026,NC(=O)CN(CCO*)CCOC(=O)*,NC(=O)CN(CCO[*])CCOC(=O)[*],[*]CCOC(=O)OCCN([*])CC(N)=O,8.62e-05,-4.064492734175287,3,-4.01791524887085
14027,C=CCC(C)(CCC(C)(CC=C)OC(=O)*)O*,C=CCC(C)(CCC(C)(CC=C)OC(=O)[*])O[*],[*]CCC(C)(CC=C)OC(=O)OC([*])(C)CC=C,8.24e-06,-5.084072788302884,1,-4.75962495803833
14028,C=CC(CO*)NC(=O)COCCOC(=O)*,C=CC(CO[*])NC(=O)COCCOC(=O)[*],[*]COC(=O)OCCOCC(=O)NC([*])C=C,0.000126,-3.899629454882437,2,-4.015796661376953
14029,CN(CCO*)C(=O)COCCOC(=O)*,CN(CCO[*])C(=O)COCCOC(=O)[*],[*]CCOC(=O)OCCOCC(=O)N([*])C,8.47e-05,-4.072116589669293,2,-3.9104392528533936
14030,COCC(C)NC(CCO*)CCOC(=O)*,COCC(C)NC(CCO[*])CCOC(=O)[*],[*]CCOC(=O)OCCC([*])NC(C)COC,7.04e-05,-4.152427340857888,0,-4.0721330642700195
14031,CC(C)CC(C)(O*)C(=O)NCCOC(=O)*,CC(C)CC(C)(O[*])C(=O)NCCOC(=O)[*],[*]OC(=O)OCCNC(=O)C([*])(C)CC(C)C,3.99e-05,-4.399027104313252,1,-4.4043803215026855
14032,COCCN(C)CC(CN*)OC(=O)*,COCCN(C)CC(CN[*])OC(=O)[*],[*]CNC(=O)OC([*])CN(C)CCOC,0.000108,-3.96657624451305,1,-4.055014133453369
14033,CNCCCN(C)C(=O)C(CO*)NC(=O)*,CNCCCN(C)C(=O)C(CO[*])NC(=O)[*],[*]COC(=O)NC([*])C(=O)N(C)CCCNC,5.15e-05,-4.288192770958809,3,-4.347987651824951
14034,COC(=O)CCNCC(CO*)OC(=O)*,COC(=O)CCNCC(CO[*])OC(=O)[*],[*]COC(=O)OC([*])CNCCC(=O)OC,7.33e-05,-4.134896025358872,2,-4.119415760040283
14035,CNCCNC(=O)C(NC(=O)*)C(C)O*,CNCCNC(=O)C(NC(=O)[*])C(C)O[*],[*]NC(=O)OC(C)C([*])C(=O)NCCNC,5.7e-05,-4.2441251443275085,3,-4.252625465393066
14036,C=C(COC(=O)*)C(=O)NCCOCCO*,C=C(COC(=O)[*])C(=O)NCCOCCO[*],[*]COC(=O)OCCOCCNC(=O)C([*])=C,0.00017,-3.769551078621726,1,-4.0601887702941895
14037,CC(OC(=O)*)C(=O)NC(CO*)C(=O)O,CC(OC(=O)[*])C(=O)NC(CO[*])C(=O)O,[*]OC(=O)OCC(NC(=O)C([*])C)C(=O)O,3.36e-05,-4.473660722610156,3,-4.411998271942139
14038,CNC(=O)C(C)NC(=O)C(CN*)NC(=O)*,CNC(=O)C(C)NC(=O)C(CN[*])NC(=O)[*],[*]CNC(=O)NC([*])C(=O)NC(C)C(=O)NC,5.64e-05,-4.248720896016658,2,-4.254033088684082
14039,C=CCCOC(=O)C(C)(CO*)COC(=O)*,C=CCCOC(=O)C(C)(CO[*])COC(=O)[*],[*]COC(=O)OCC([*])(C)C(=O)OCCC=C,2.64e-05,-4.578396073130169,0,-4.528557777404785
14040,CNCC(CN(C)C(=O)CNC(=O)*)O*,CNCC(CN(C)C(=O)CNC(=O)[*])O[*],[*]CN(C)C(=O)CNC(=O)OC([*])CNC,3.9e-05,-4.4089353929735005,2,-4.184294700622559
14041,CCC(OC)C(=O)NCC(CO*)OC(=O)*,CCC(OC)C(=O)NCC(CO[*])OC(=O)[*],[*]COC(=O)OC([*])CNC(=O)C(CC)OC,7.85e-05,-4.105130343254747,1,-4.2129693031311035
14042,CCN(CC(N)=O)C(=O)C(CO*)NC(=O)*,CCN(CC(N)=O)C(=O)C(CO[*])NC(=O)[*],[*]COC(=O)NC([*])C(=O)N(CC)CC(N)=O,6.18e-05,-4.209011524911184,1,-4.233769416809082
14043,CC(=CCNC(CO*)COC(=O)*)C(=O)O,CC(=CCNC(CO[*])COC(=O)[*])C(=O)O,[*]COC(=O)OCC([*])NCC=C(C)C(=O)O,4e-05,-4.3979400086720375,2,-4.251413345336914
14044,COCC=CC(=O)NCC(CO*)OC(=O)*,COCC=CC(=O)NCC(CO[*])OC(=O)[*],[*]COC(=O)OC([*])CNC(=O)C=CCOC,7.78e-05,-4.1090204030103115,2,-4.204728126525879
14045,CC(=O)CN(C)CC(C)(CO*)COC(=O)*,CC(=O)CN(C)CC(C)(CO[*])COC(=O)[*],[*]COC(=O)OCC([*])(C)CN(C)CC(C)=O,6.67e-05,-4.175874166083451,3,-4.363956451416016
14046,CCC(CC(C)CO*)NC(=O)*,CCC(CC(C)CO[*])NC(=O)[*],[*]CC(C)COC(=O)NC([*])CC,3.01e-05,-4.521433504406157,2,-4.368659973144531
14047,CC=C(NC=N)NC(CO*)C(C)OC(=O)*,CC=C(NC=N)NC(CO[*])C(C)OC(=O)[*],[*]COC(=O)OC(C)C([*])NC(=CC)NC=N,4.16e-05,-4.380906669373258,2,-4.508480548858643
14048,C#CCN(CC(=O)O)CC(COC(=O)*)O*,C#CCN(CC(=O)O)CC(COC(=O)[*])O[*],[*]COC(=O)OC([*])CN(CC#C)CC(=O)O,5.17e-05,-4.286509456906058,1,-4.211627960205078
14049,CCONC(=O)C(CO*)NC(=O)*,CCONC(=O)C(CO[*])NC(=O)[*],[*]COC(=O)NC([*])C(=O)NOCC,0.000104,-3.9829666607012197,1,-4.205619812011719
14050,COCCOCC(CNCCOC(=O)*)O*,COCCOCC(CNCCOC(=O)[*])O[*],[*]CNCCOC(=O)OC([*])COCCOC,0.000156,-3.8068754016455384,2,-3.7911734580993652
14051,CC(C)CCCNC(CO*)COC(=O)*,CC(C)CCCNC(CO[*])COC(=O)[*],[*]COC(=O)OCC([*])NCCCC(C)C,3.21e-05,-4.493494967595128,0,-4.37379264831543
14052,CN(CCCCCOC(=O)*)CCCO*,CN(CCCCCOC(=O)[*])CCCO[*],[*]CCCCCOC(=O)OCCCN([*])C,0.000137,-3.8632794328435933,3,-3.934065818786621
14053,COC(=O)C(C)NC(=O)C(CN*)OC(=O)*,COC(=O)C(C)NC(=O)C(CN[*])OC(=O)[*],[*]CNC(=O)OC([*])C(=O)NC(C)C(=O)OC,0.000129,-3.889410289700751,0,-4.28024959564209
14054,COCCN(CCNC(=O)*)CCO*,COCCN(CCNC(=O)[*])CCO[*],[*]CCNC(=O)OCCN([*])CCOC,0.000185,-3.7328282715969863,1,-3.7689027786254883
14055,CC(=O)NCCCNC(CO*)COC(=O)*,CC(=O)NCCCNC(CO[*])COC(=O)[*],[*]COC(=O)OCC([*])NCCCNC(C)=O,4.94e-05,-4.306273051076353,2,-4.220716953277588
14056,CN(CCO*)CCOCCNC(=O)*,CN(CCO[*])CCOCCNC(=O)[*],[*]CCOCCNC(=O)OCCN([*])C,0.000225,-3.6478174818886377,1,-3.738654851913452
14057,CC(C)(CC(CNCCC#N)OC(=O)*)O*,CC(C)(CC(CNCCC#N)OC(=O)[*])O[*],[*]CC(CNCCC#N)OC(=O)OC([*])(C)C,7.97e-05,-4.098541678603888,0,-4.206165790557861
14058,C=CC(CO*)NCCC(OC(=O)*)C(C)C,C=CC(CO[*])NCCC(OC(=O)[*])C(C)C,[*]COC(=O)OC(CCNC([*])C=C)C(C)C,6.65e-05,-4.1771783546968955,2,-4.38070011138916
14059,CC(=O)CNCC(COC(=O)*)O*,CC(=O)CNCC(COC(=O)[*])O[*],[*]COC(=O)OC([*])CNCC(C)=O,9.63e-05,-4.016373712875465,1,-4.146810531616211
14060,COC(=O)C(CNCCCOC(=O)*)O*,COC(=O)C(CNCCCOC(=O)[*])O[*],[*]CNCCCOC(=O)OC([*])C(=O)OC,3.96e-05,-4.402304814074488,0,-4.126103401184082
14061,COCC(COC(=O)*)NC(=O)C(C)O*,COCC(COC(=O)[*])NC(=O)C(C)O[*],[*]COC(=O)OC(C)C(=O)NC([*])COC,4.23e-05,-4.373659632624958,2,-4.211172580718994
14062,CNCC(C)NC(=O)CC(CNC(=O)*)O*,CNCC(C)NC(=O)CC(CNC(=O)[*])O[*],[*]CNC(=O)OC([*])CC(=O)NC(C)CNC,6.44e-05,-4.1911141326401875,2,-4.201742649078369
14063,CC(C(N)=O)N(C)CC(CNC(=O)*)O*,CC(C(N)=O)N(C)CC(CNC(=O)[*])O[*],[*]CNC(=O)OC([*])CN(C)C(C)C(N)=O,0.000105,-3.9788107009300617,0,-4.1001296043396
14064,CCSCC(CO*)OC(=O)*,CCSCC(CO[*])OC(=O)[*],[*]COC(=O)OC([*])CSCC,5.19e-05,-4.284832642151542,1,-4.108501434326172
14065,CNC(=O)CCN(C)CC(CN*)OC(=O)*,CNC(=O)CCN(C)CC(CN[*])OC(=O)[*],[*]CNC(=O)OC([*])CN(C)CCC(=O)NC,9.19e-05,-4.036684488613889,0,-4.106678009033203
14066,CC(O*)C(=O)NCCCOCCOC(=O)*,CC(O[*])C(=O)NCCCOCCOC(=O)[*],[*]OC(=O)OCCOCCCNC(=O)C([*])C,6.14e-05,-4.211831628858833,3,-4.070871353149414
14067,C=CC(CO*)NCCCC(C)OC(=O)*,C=CC(CO[*])NCCCC(C)OC(=O)[*],[*]COC(=O)OC(C)CCCNC([*])C=C,8.84e-05,-4.053547734986927,3,-4.150631904602051
14068,CCCN(CCC#N)CC(COC(=O)*)O*,CCCN(CCC#N)CC(COC(=O)[*])O[*],[*]COC(=O)OC([*])CN(CCC)CCC#N,0.000108,-3.96657624451305,3,-3.967139482498169
14069,O=C(COCCOC(=O)*)NCCN*,O=C(COCCOC(=O)[*])NCCN[*],[*]COCCOC(=O)NCCNC([*])=O,0.000129,-3.889410289700751,3,-3.9370152950286865
14070,CCNCC(=O)NCC(CN*)OC(=O)*,CCNCC(=O)NCC(CN[*])OC(=O)[*],[*]CNC(=O)OC([*])CNC(=O)CNCC,6.18e-05,-4.209011524911184,2,-4.164901256561279
14071,CNCC(=O)NCC(CO*)OC(=O)*,CNCC(=O)NCC(CO[*])OC(=O)[*],[*]COC(=O)OC([*])CNC(=O)CNC,9.54e-05,-4.020451625295905,1,-4.169975280761719
14072,CS(C)(=O)=NC(=O)CC(CNC(=O)*)O*,CS(C)(=O)=NC(=O)CC(CNC(=O)[*])O[*],[*]CNC(=O)OC([*])CC(=O)N=S(C)(C)=O,9.76e-05,-4.010550182333308,1,-4.166615009307861
14073,CCOC(=O)CNC(CO*)COC(=O)*,CCOC(=O)CNC(CO[*])COC(=O)[*],[*]COC(=O)OCC([*])NCC(=O)OCC,5.17e-05,-4.286509456906058,0,-4.179173469543457
14074,CCOCCCNC(=O)C(CO*)NC(=O)*,CCOCCCNC(=O)C(CO[*])NC(=O)[*],[*]COC(=O)NC([*])C(=O)NCCCOCC,0.000127,-3.896196279044043,3,-4.085953235626221
14075,C=CCCCC(CC(C)O*)OC(=O)*,C=CCCCC(CC(C)O[*])OC(=O)[*],[*]CC(C)OC(=O)OC([*])CCCC=C,3.92e-05,-4.406713932979542,2,-4.484504699707031
14076,CC(C)C(O*)C(C)(C)COC(=O)*,CC(C)C(O[*])C(C)(C)COC(=O)[*],[*]OC(=O)OCC(C)(C)C([*])C(C)C,1.16e-05,-4.935542010773082,0,-4.665825843811035
14077,CC(CCCCOC(=O)*)NCC=CCO*,CC(CCCCOC(=O)[*])NCC=CCO[*],[*]CCCCOC(=O)OCC=CCNC([*])C,9.46e-05,-4.024108863598207,3,-4.117763996124268
14078,CC#CCCN(CCCOC(=O)*)CCO*,CC#CCCN(CCCOC(=O)[*])CCO[*],[*]CCCOC(=O)OCCN([*])CCC#CC,9.48e-05,-4.023191662661934,0,-4.178874492645264
14079,CC(CONC(=O)COCCNC(=O)*)N*,CC(CONC(=O)COCCNC(=O)[*])N[*],[*]CONC(=O)COCCNC(=O)NC([*])C,7.21e-05,-4.142064735280571,0,-4.035184383392334
14080,CC(O*)C(=O)NCCOCCOC(=O)*,CC(O[*])C(=O)NCCOCCOC(=O)[*],[*]OC(=O)OCCOCCNC(=O)C([*])C,9.16e-05,-4.03810452633215,3,-4.072524070739746
14081,CCOC(CC(CO*)COC(=O)*)OCC,CCOC(CC(CO[*])COC(=O)[*])OCC,[*]COC(=O)OCC([*])CC(OCC)OCC,5.17e-05,-4.286509456906058,2,-4.159374713897705
14082,CC(CCO*)N(C)CCCCCOC(=O)*,CC(CCO[*])N(C)CCCCCOC(=O)[*],[*]CCOC(=O)OCCCCCN(C)C([*])C,0.000127,-3.896196279044043,2,-3.966071128845215
14083,CSCCNC(=O)C(COC(=O)*)N*,CSCCNC(=O)C(COC(=O)[*])N[*],[*]COC(=O)NC([*])C(=O)NCCSC,3.16e-05,-4.5003129173815966,2,-4.31350564956665
14084,CC(CCNC(C)C(C)OC(=O)*)CCO*,CC(CCNC(C)C(C)OC(=O)[*])CCO[*],[*]CCNC(C)C(C)OC(=O)OCCC([*])C,2.23e-05,-4.651695136951839,1,-4.229161262512207
14085,C=CC(CO*)NC(=O)C(C)(C)OC(=O)*,C=CC(CO[*])NC(=O)C(C)(C)OC(=O)[*],[*]COC(=O)OC(C)(C)C(=O)NC([*])C=C,4.4e-05,-4.356547323513813,0,-4.275910377502441
14086,COCCOCCNCC(COC(=O)*)O*,COCCOCCNCC(COC(=O)[*])O[*],[*]COC(=O)OC([*])CNCCOCCOC,0.000219,-3.6595558851598815,2,-3.7687957286834717
14087,CN(CCOCCNC(=O)*)C(=O)CCN*,CN(CCOCCNC(=O)[*])C(=O)CCN[*],[*]CCOCCNC(=O)NCCC(=O)N([*])C,0.000104,-3.9829666607012197,0,-4.136528015136719
14088,CCN(CC(C)OC(=O)*)C(C)CO*,CCN(CC(C)OC(=O)[*])C(C)CO[*],[*]CC(C)OC(=O)OCC(C)N([*])CC,6.81e-05,-4.166852888087215,2,-4.239677906036377
14089,CCCCCN(CCN*)CCNC(=O)*,CCCCCN(CCN[*])CCNC(=O)[*],[*]CCNC(=O)NCCN([*])CCCCC,6.99e-05,-4.1555228242543185,3,-4.039822101593018
14090,CCCC(CCNC(=O)COC(=O)*)O*,CCCC(CCNC(=O)COC(=O)[*])O[*],[*]CCNC(=O)COC(=O)OC([*])CCC,6.91e-05,-4.1605219526258015,1,-4.275808811187744
14091,COC(=O)CN(CCO*)CCOC(=O)*,COC(=O)CN(CCO[*])CCOC(=O)[*],[*]CCOC(=O)OCCN([*])CC(=O)OC,0.000111,-3.9546770212133424,1,-3.908871650695801
14092,COCC(N*)C(=O)NCC(C)NC(=O)*,COCC(N[*])C(=O)NCC(C)NC(=O)[*],[*]NC(=O)NC(C)CNC(=O)C([*])COC,5.58e-05,-4.253365801062421,1,-4.189564228057861
14093,C#CCOCCN(CCO*)CCOC(=O)*,C#CCOCCN(CCO[*])CCOC(=O)[*],[*]CCOC(=O)OCCN([*])CCOCC#C,0.000216,-3.6655462488490693,0,-3.860677719116211
14094,CCC(CC)(COC(=O)*)N*,CCC(CC)(COC(=O)[*])N[*],[*]COC(=O)NC([*])(CC)CC,4.05e-05,-4.392544976785332,2,-4.651759147644043
14095,CC(C)(CCSCCCOC(=O)*)O*,CC(C)(CCSCCCOC(=O)[*])O[*],[*]CCSCCCOC(=O)OC([*])(C)C,7.61e-05,-4.118615343229427,0,-4.14243221282959
14096,CC(CNCCOCCOC(=O)*)O*,CC(CNCCOCCOC(=O)[*])O[*],[*]CNCCOCCOC(=O)OC([*])C,0.000119,-3.9244530386074694,0,-3.7820489406585693
14097,C=CCCC(CNCC(CC)NC(=O)*)O*,C=CCCC(CNCC(CC)NC(=O)[*])O[*],[*]CNCC(CC)NC(=O)OC([*])CCC=C,0.000104,-3.9829666607012197,0,-4.195437908172607
14098,CCCCCCCNCC(CO*)OC(=O)*,CCCCCCCNCC(CO[*])OC(=O)[*],[*]COC(=O)OC([*])CNCCCCCCC,4.51e-05,-4.345823458122039,1,-4.2684736251831055
14099,N#CCCOCCNC(CO*)COC(=O)*,N#CCCOCCNC(CO[*])COC(=O)[*],[*]COC(=O)OCC([*])NCCOCCC#N,0.000133,-3.876148359032914,0,-4.117578983306885
14100,CC(CCOC(=O)*)C(C)(C)O*,CC(CCOC(=O)[*])C(C)(C)O[*],[*]CCOC(=O)OC(C)(C)C([*])C,4.09e-05,-4.388276691992658,3,-4.472747802734375
14101,CCC(F)(F)CN(CCN*)CCOC(=O)*,CCC(F)(F)CN(CCN[*])CCOC(=O)[*],[*]CCNC(=O)OCCN([*])CC(F)(F)CC,8.38e-05,-4.076755981369724,3,-4.120513439178467
14102,C=CC(C)(CNC(C)C(C)(C)O*)OC(=O)*,C=CC(C)(CNC(C)C(C)(C)O[*])OC(=O)[*],[*]CNC(C)C(C)(C)OC(=O)OC([*])(C)C=C,2.67e-05,-4.573488738635425,1,-4.406896591186523
14103,C=CCOCC(CNCCO*)OC(=O)*,C=CCOCC(CNCCO[*])OC(=O)[*],[*]CNCCOC(=O)OC([*])COCC=C,0.000108,-3.96657624451305,1,-3.87508225440979
14104,NC(=O)C(=O)NCC(CO*)OC(=O)*,NC(=O)C(=O)NCC(CO[*])OC(=O)[*],[*]COC(=O)OC([*])CNC(=O)C(N)=O,5.57e-05,-4.2541448048262716,2,-4.134372234344482
14105,C=C(CO*)C(=O)N(CC)CCOC(=O)*,C=C(CO[*])C(=O)N(CC)CCOC(=O)[*],[*]COC(=O)OCCN(CC)C(=O)C([*])=C,8.82e-05,-4.054531414868181,2,-4.235297679901123
14106,CN(CCC#N)C(=O)C(CNC(=O)*)O*,CN(CCC#N)C(=O)C(CNC(=O)[*])O[*],[*]CNC(=O)OC([*])C(=O)N(C)CCC#N,5.68e-05,-4.245651664288981,3,-4.150260925292969
14107,CC(C)C(CCOC(=O)*)N*,CC(C)C(CCOC(=O)[*])N[*],[*]CCOC(=O)NC([*])C(C)C,2.29e-05,-4.640164517660112,2,-4.470325469970703
14108,CC(CNCCSCCCO*)OC(=O)*,CC(CNCCSCCCO[*])OC(=O)[*],[*]CNCCSCCCOC(=O)OC([*])C,9.57e-05,-4.019088062223156,2,-3.8358161449432373
14109,CC(CN*)NC(=O)CCNC(=O)*,CC(CN[*])NC(=O)CCNC(=O)[*],[*]CNC(=O)NCCC(=O)NC([*])C,4.97e-05,-4.303643611266668,3,-4.319123268127441
14110,CCCN(CCC)CC(CO*)OC(=O)*,CCCN(CCC)CC(CO[*])OC(=O)[*],[*]COC(=O)OC([*])CN(CCC)CCC,2.16e-05,-4.665546248849069,0,-4.4270243644714355
14111,CCSCCN(CCO*)CCOC(=O)*,CCSCCN(CCO[*])CCOC(=O)[*],[*]CCOC(=O)OCCN([*])CCSCC,0.000203,-3.692503962086787,1,-3.8268535137176514
14112,CN(CCCO*)C(=O)COC(=O)*,CN(CCCO[*])C(=O)COC(=O)[*],[*]CCCOC(=O)OCC(=O)N([*])C,6.06e-05,-4.217527375833714,1,-4.084314346313477
14113,O=C(COCCN*)NCCCCOC(=O)*,O=C(COCCN[*])NCCCCOC(=O)[*],[*]COCCNC(=O)OCCCCNC([*])=O,0.00021,-3.677780705266081,1,-3.9882121086120605
14114,CC(C)(C)CCNC(CO*)COC(=O)*,CC(C)(C)CCNC(CO[*])COC(=O)[*],[*]COC(=O)OCC([*])NCCC(C)(C)C,1.81e-05,-4.7423214251308154,2,-4.498495101928711
14115,CN(C)CCNCC(CO*)OC(=O)*,CN(C)CCNCC(CO[*])OC(=O)[*],[*]COC(=O)OC([*])CNCCN(C)C,0.000135,-3.869666231504994,1,-4.052409648895264
14116,CC(CNCC#CCO*)OC(=O)*,CC(CNCC#CCO[*])OC(=O)[*],[*]CNCC#CCOC(=O)OC([*])C,7.66e-05,-4.115771230367396,2,-4.2464423179626465
14117,COCC#CCN(CCO*)CCOC(=O)*,COCC#CCN(CCO[*])CCOC(=O)[*],[*]CCOC(=O)OCCN([*])CC#CCOC,0.000221,-3.6556077263148894,0,-3.7360596656799316
14118,C=CC(OC(=O)*)C(=O)NCCOCCO*,C=CC(OC(=O)[*])C(=O)NCCOCCO[*],[*]OC(=O)OCCOCCNC(=O)C([*])C=C,0.000142,-3.8477116556169433,1,-3.994504690170288
14119,N#CCCN(CCCOC(=O)*)CCO*,N#CCCN(CCCOC(=O)[*])CCO[*],[*]CCCOC(=O)OCCN([*])CCC#N,0.00019,-3.721246399047171,1,-3.9224560260772705
14120,CCC(CNCC(CSC)OC(=O)*)O*,CCC(CNCC(CSC)OC(=O)[*])O[*],[*]CNCC(CSC)OC(=O)OC([*])CC,7.2e-05,-4.142667503568732,0,-4.090522766113281
14121,CN(CCO*)CCOCCOC(=O)*,CN(CCO[*])CCOCCOC(=O)[*],[*]CCOCCOC(=O)OCCN([*])C,0.000195,-3.709965388637482,2,-3.7037742137908936
14122,COCCN(C)CC(CO*)OC(=O)*,COCCN(C)CC(CO[*])OC(=O)[*],[*]COC(=O)OC([*])CN(C)CCOC,0.000109,-3.962573502059376,3,-3.9734158515930176
14123,N#CCCN(CCC#N)CC(CO*)OC(=O)*,N#CCCN(CCC#N)CC(CO[*])OC(=O)[*],[*]COC(=O)OC([*])CN(CCC#N)CCC#N,0.000145,-3.838631997765025,0,-4.072480201721191
14124,CC(COC(=O)*)CSCCOCCO*,CC(COC(=O)[*])CSCCOCCO[*],[*]COC(=O)OCCOCCSCC([*])C,0.000182,-3.7399286120149253,3,-3.8062798976898193
14125,CC(CCCC(=O)OCCCNC(=O)*)O*,CC(CCCC(=O)OCCCNC(=O)[*])O[*],[*]CCCC(=O)OCCCNC(=O)OC([*])C,4.19e-05,-4.377785977033705,0,-4.2482757568359375
14126,COC(CNC(=O)*)C(=O)NOCC(C)N*,COC(CNC(=O)[*])C(=O)NOCC(C)N[*],[*]CNC(=O)NC(C)CONC(=O)C([*])OC,6.2e-05,-4.207608310501746,2,-4.272670745849609
14127,CC(CN*)CNCC(C)(C)NC(=O)*,CC(CN[*])CNCC(C)(C)NC(=O)[*],[*]CNCC(C)(C)NC(=O)NCC([*])C,5.92e-05,-4.22767829327708,2,-4.162258148193359
14128,CC(CNC(CO*)C(=O)O)OC(=O)*,CC(CNC(CO[*])C(=O)O)OC(=O)[*],[*]CNC(COC(=O)OC([*])C)C(=O)O,4.39e-05,-4.357535479757878,1,-4.460179328918457
14129,CC(CCO*)SCCOCCOC(=O)*,CC(CCO[*])SCCOCCOC(=O)[*],[*]CCOC(=O)OCCOCCSC([*])C,0.000231,-3.6363880201078556,1,-3.920518159866333
14130,CCCCCC(CO*)OC(=O)*,CCCCCC(CO[*])OC(=O)[*],[*]COC(=O)OC([*])CCCCC,1.86e-05,-4.730487055782084,2,-4.353499412536621
14131,CC(COC(=O)*)CSCC(O*)C(C)C,CC(COC(=O)[*])CSCC(O[*])C(C)C,[*]COC(=O)OC(CSCC([*])C)C(C)C,6.06e-05,-4.217527375833714,3,-4.399269104003906
14132,C#CCOCCNC(CO*)COC(=O)*,C#CCOCCNC(CO[*])COC(=O)[*],[*]COC(=O)OCC([*])NCCOCC#C,9.61e-05,-4.017276612331455,2,-4.052201271057129
14133,CCN(CC(N)=O)CC(OC(=O)*)C(C)O*,CCN(CC(N)=O)CC(OC(=O)[*])C(C)O[*],[*]OC(=O)OC(C)C([*])CN(CC)CC(N)=O,0.00013,-3.886056647693163,3,-4.257605075836182
14134,CN(CCCCOC(=O)*)CC(CC#N)O*,CN(CCCCOC(=O)[*])CC(CC#N)O[*],[*]CCCCOC(=O)OC(CC#N)CN([*])C,8.91e-05,-4.050122295963125,0,-4.219629287719727
14135,CC(CNC(CCF)CO*)OC(=O)*,CC(CNC(CCF)CO[*])OC(=O)[*],[*]CNC(CCF)COC(=O)OC([*])C,3.47e-05,-4.459670525209126,2,-4.189015865325928
14136,N#CCN(CCO*)CCOC(=O)*,N#CCN(CCO[*])CCOC(=O)[*],[*]CCOC(=O)OCCN([*])CC#N,7.92e-05,-4.101274818410507,2,-3.901994466781616
14137,CC(C)(O*)C(=O)NCCCCCOC(=O)*,CC(C)(O[*])C(=O)NCCCCCOC(=O)[*],[*]OC(=O)OCCCCCNC(=O)C([*])(C)C,6.24e-05,-4.204815410317576,3,-4.056986331939697
14138,COCC#CCN(CCN*)CCOC(=O)*,COCC#CCN(CCN[*])CCOC(=O)[*],[*]CCNC(=O)OCCN([*])CC#CCOC,0.000122,-3.9136401693252516,0,-3.7384469509124756
14139,CCNC(=O)CNCC(COC(=O)*)O*,CCNC(=O)CNCC(COC(=O)[*])O[*],[*]COC(=O)OC([*])CNCC(=O)NCC,6.78e-05,-4.168770306132937,2,-4.03353214263916
14140,C=CC(CO*)NC(=O)*,C=CC(CO[*])NC(=O)[*],[*]COC(=O)NC([*])C=C,5.37e-05,-4.270025714300444,1,-4.229488849639893
14141,CNCCC(=O)NCC(CO*)OC(=O)*,CNCCC(=O)NCC(CO[*])OC(=O)[*],[*]COC(=O)OC([*])CNC(=O)CCNC,7.56e-05,-4.121478204498794,0,-4.228178024291992
14142,CCC(CNCCC(C)O*)OC(=O)*,CCC(CNCCC(C)O[*])OC(=O)[*],[*]CNCCC(C)OC(=O)OC([*])CC,7.41e-05,-4.130181792020672,2,-4.023404121398926
14143,CCC(C)N(CCN*)CCOC(=O)*,CCC(C)N(CCN[*])CCOC(=O)[*],[*]CCNC(=O)OCCN([*])C(C)CC,5.4e-05,-4.267606240177032,3,-4.219549655914307
14144,C=CC=CCCNC(CO*)COC(=O)*,C=CC=CCCNC(CO[*])COC(=O)[*],[*]COC(=O)OCC([*])NCCC=CC=C,5.87e-05,-4.231361898752385,3,-4.148602485656738
14145,CN(CCO*)C(=O)CNCCNC(=O)*,CN(CCO[*])C(=O)CNCCNC(=O)[*],[*]CCOC(=O)NCCNCC(=O)N([*])C,8.94e-05,-4.048662481204082,0,-3.9532408714294434
14146,CN(CCC#N)CC(CO*)OC(=O)*,CN(CCC#N)CC(CO[*])OC(=O)[*],[*]COC(=O)OC([*])CN(C)CCC#N,0.000109,-3.962573502059376,1,-3.9773120880126953
14147,CCC(COC(=O)*)NCCOCCO*,CCC(COC(=O)[*])NCCOCCO[*],[*]COC(=O)OCCOCCNC([*])CC,0.000104,-3.9829666607012197,3,-3.9544060230255127
14148,CN(CCCCCOC(=O)*)CCO*,CN(CCCCCOC(=O)[*])CCO[*],[*]CCCCCOC(=O)OCCN([*])C,0.000102,-3.9913998282380825,1,-3.905381679534912
14149,CCOCCNCC(COC(=O)*)O*,CCOCCNCC(COC(=O)[*])O[*],[*]COC(=O)OC([*])CNCCOCC,0.000156,-3.8068754016455384,2,-3.884880304336548
14150,CC(CCSCCCO*)OC(=O)*,CC(CCSCCCO[*])OC(=O)[*],[*]CCSCCCOC(=O)OC([*])C,9.17e-05,-4.037630664329979,2,-4.018200874328613
14151,CC(COC(=O)*)SCCCCO*,CC(COC(=O)[*])SCCCCO[*],[*]COC(=O)OCCCCSC([*])C,0.000104,-3.9829666607012197,1,-4.025331020355225
14152,CNCCCN(CCN*)CCOC(=O)*,CNCCCN(CCN[*])CCOC(=O)[*],[*]CCNC(=O)OCCN([*])CCCNC,8.77e-05,-4.05700040663396,1,-3.9524152278900146
14153,CC(C#N)OCCNC(CO*)COC(=O)*,CC(C#N)OCCNC(CO[*])COC(=O)[*],[*]COC(=O)OCC([*])NCCOC(C)C#N,7.64e-05,-4.11690664142431,3,-4.0683183670043945
14154,CC(CNC(=O)*)C(=O)NC(C)(C)CCN*,CC(CNC(=O)[*])C(=O)NC(C)(C)CCN[*],[*]CNC(=O)NCCC(C)(C)NC(=O)C([*])C,3.16e-05,-4.5003129173815966,2,-4.379947662353516
14155,CCCC(CCOC(=O)*)O*,CCCC(CCOC(=O)[*])O[*],[*]CCOC(=O)OC([*])CCC,4.91e-05,-4.308918507877031,1,-4.4234938621521
14156,CN(CCCO*)C(=O)COCCNC(=O)*,CN(CCCO[*])C(=O)COCCNC(=O)[*],[*]CCCOC(=O)NCCOCC(=O)N([*])C,0.000103,-3.987162775294828,1,-3.8650753498077393
14157,CCCOCC(=O)NCC(CN*)OC(=O)*,CCCOCC(=O)NCC(CN[*])OC(=O)[*],[*]CNC(=O)OC([*])CNC(=O)COCCC,0.00011,-3.958607314841775,2,-4.206844806671143
14158,CC(CCO*)NC(C)C(C)(C)OC(=O)*,CC(CCO[*])NC(C)C(C)(C)OC(=O)[*],[*]CCOC(=O)OC(C)(C)C(C)NC([*])C,2.47e-05,-4.607303046740334,1,-4.387927532196045
14159,CN(CC#N)CC(CO*)OC(=O)*,CN(CC#N)CC(CO[*])OC(=O)[*],[*]COC(=O)OC([*])CN(C)CC#N,9.83e-05,-4.007446482167865,3,-4.151625156402588
14160,C=CC(C)(O*)C(=O)NC(C)CCNC(=O)*,C=CC(C)(O[*])C(=O)NC(C)CCNC(=O)[*],[*]OC(=O)NCCC(C)NC(=O)C([*])(C)C=C,4.68e-05,-4.329754146925876,0,-4.2067389488220215
14161,CC(C)(CNCCC(C)(C)OC(=O)*)O*,CC(C)(CNCCC(C)(C)OC(=O)[*])O[*],[*]CCNCC(C)(C)OC(=O)OC([*])(C)C,4.17e-05,-4.379863945026242,1,-4.3803324699401855
14162,CC(C#N)NC(=O)C(O*)C(C)(C)OC(=O)*,CC(C#N)NC(=O)C(O[*])C(C)(C)OC(=O)[*],[*]OC(=O)OC(C)(C)C([*])C(=O)NC(C)C#N,5.44e-05,-4.2644011003018205,1,-4.355870723724365
14163,COCC(C)(O*)C(=O)N(C)CCOC(=O)*,COCC(C)(O[*])C(=O)N(C)CCOC(=O)[*],[*]OC(=O)OCCN(C)C(=O)C([*])(C)COC,4.7e-05,-4.327902142064283,2,-4.269207954406738
14164,CCCCOCC(CNCCNC(=O)*)O*,CCCCOCC(CNCCNC(=O)[*])O[*],[*]CNCCNC(=O)OC([*])COCCCC,0.000121,-3.9172146296835497,1,-4.122363090515137
14165,CNOCCNC(=O)CC(CN*)OC(=O)*,CNOCCNC(=O)CC(CN[*])OC(=O)[*],[*]CNC(=O)OC([*])CC(=O)NCCONC,0.000113,-3.9469215565165805,3,-3.959940195083618
14166,NOCCNCC(COC(=O)*)O*,NOCCNCC(COC(=O)[*])O[*],[*]COC(=O)OC([*])CNCCON,0.000167,-3.7772835288524167,3,-3.923917293548584
14167,CC(CCOC(=O)*)N*,CC(CCOC(=O)[*])N[*],[*]CCOC(=O)NC([*])C,5.46e-05,-4.262807357295263,0,-4.286833763122559
14168,CCC(CNCC(OC(=O)*)C(=O)OC)N*,CCC(CNCC(OC(=O)[*])C(=O)OC)N[*],[*]CNCC(OC(=O)NC([*])CC)C(=O)OC,3.83e-05,-4.416801226031377,3,-4.275259017944336
14169,C=CC(C)NC(=O)C(COC(=O)*)N*,C=CC(C)NC(=O)C(COC(=O)[*])N[*],[*]COC(=O)NC([*])C(=O)NC(C)C=C,8.09e-05,-4.092051478387727,0,-4.376421928405762
14170,CC=C(NC=N)NCC(CO*)OC(=O)*,CC=C(NC=N)NCC(CO[*])OC(=O)[*],[*]COC(=O)OC([*])CNC(=CC)NC=N,1.94e-05,-4.7121982700697735,3,-4.437406063079834
14171,C=CC(O*)C(=O)NCCCOC(=O)*,C=CC(O[*])C(=O)NCCCOC(=O)[*],[*]OC(=O)OCCCNC(=O)C([*])C=C,4.68e-05,-4.329754146925876,0,-4.206061363220215
14172,CCN(CCCNC(=O)*)CCOCCO*,CCN(CCCNC(=O)[*])CCOCCO[*],[*]CCCNC(=O)OCCOCCN([*])CC,0.000182,-3.7399286120149253,3,-3.6874027252197266
14173,CC(C)OCC(N*)C(=O)NCCNC(=O)*,CC(C)OCC(N[*])C(=O)NCCNC(=O)[*],[*]NC(=O)NCCNC(=O)C([*])COC(C)C,4.47e-05,-4.349692476868063,2,-4.1497297286987305
14174,CC(CN(C)CCCCCCOC(=O)*)N*,CC(CN(C)CCCCCCOC(=O)[*])N[*],[*]CN(C)CCCCCCOC(=O)NC([*])C,0.000104,-3.9829666607012197,1,-4.131960868835449
14175,CCC(C)N(CCCOC(=O)*)CCO*,CCC(C)N(CCCOC(=O)[*])CCO[*],[*]CCCOC(=O)OCCN([*])C(C)CC,6.23e-05,-4.205511953340831,1,-4.1604156494140625
14176,N#CCN(CCCOC(=O)*)CCO*,N#CCN(CCCOC(=O)[*])CCO[*],[*]CCCOC(=O)OCCN([*])CC#N,0.000125,-3.9030899869919438,3,-3.9091978073120117
14177,CN(CCCCCCO*)CCCNC(=O)*,CN(CCCCCCO[*])CCCNC(=O)[*],[*]CCCCCCOC(=O)NCCCN([*])C,5.41e-05,-4.266802734893431,2,-4.02911901473999
14178,CC(C#N)N(C)C(=O)C(CN*)NC(=O)*,CC(C#N)N(C)C(=O)C(CN[*])NC(=O)[*],[*]CNC(=O)NC([*])C(=O)N(C)C(C)C#N,2.89e-05,-4.539102157243452,1,-4.391093730926514
14179,CCCCN(CCOC(=O)*)CC(C)O*,CCCCN(CCOC(=O)[*])CC(C)O[*],[*]CCOC(=O)OC(C)CN([*])CCCC,3.97e-05,-4.401209493236885,3,-4.27207088470459
14180,CCC(CC)(CCNCC(C)OC(=O)*)O*,CCC(CC)(CCNCC(C)OC(=O)[*])O[*],[*]CCNCC(C)OC(=O)OC([*])(CC)CC,3.86e-05,-4.413412695328245,3,-4.4412407875061035
14181,CN(CCCCCOC(=O)*)CCN*,CN(CCCCCOC(=O)[*])CCN[*],[*]CCCCCOC(=O)NCCN([*])C,0.000111,-3.9546770212133424,3,-3.9997200965881348
14182,CC(C#CCOCCO*)OC(=O)*,CC(C#CCOCCO[*])OC(=O)[*],[*]C#CCOCCOC(=O)OC([*])C,7.91e-05,-4.101823516502323,0,-4.1056928634643555
14183,CC(C#N)(CO*)N=NC(C)(C#N)COC(=O)*,CC(C#N)(CO[*])N=NC(C)(C#N)COC(=O)[*],[*]COC(=O)OCC(C)(C#N)N=NC([*])(C)C#N,4.29e-05,-4.367542707815276,1,-4.79276704788208
14184,CC(=O)NCC(COC(=O)*)NCCCO*,CC(=O)NCC(COC(=O)[*])NCCCO[*],[*]COC(=O)OCCCNC([*])CNC(C)=O,9.43e-05,-4.0254883072626715,3,-4.021225929260254
14185,COCCN(CCO*)CCOC(=O)*,COCCN(CCO[*])CCOC(=O)[*],[*]CCOC(=O)OCCN([*])CCOC,0.000228,-3.642065152999546,1,-3.7874631881713867
14186,CCN(CCCCCOC(=O)*)CCCO*,CCN(CCCCCOC(=O)[*])CCCO[*],[*]CCCCCOC(=O)OCCCN([*])CC,0.00014,-3.853871964321762,0,-3.874652147293091
14187,C=CC(OC(=O)*)C(=O)N(C)C(C)CCO*,C=CC(OC(=O)[*])C(=O)N(C)C(C)CCO[*],[*]OC(=O)OCCC(C)N(C)C(=O)C([*])C=C,3.04e-05,-4.517126416391246,1,-4.4559197425842285
14188,O=C(CN*)NCCCOCCOC(=O)*,O=C(CN[*])NCCCOCCOC(=O)[*],[*]CNC(=O)OCCOCCCNC([*])=O,0.000129,-3.889410289700751,3,-3.8682072162628174
14189,C#CCOCC(CNCCO*)OC(=O)*,C#CCOCC(CNCCO[*])OC(=O)[*],[*]CNCCOC(=O)OC([*])COCC#C,9.98e-05,-4.000869458712629,1,-3.8424723148345947
14190,CCC(CCNC(=O)C(CC)N*)OC(=O)*,CCC(CCNC(=O)C(CC)N[*])OC(=O)[*],[*]CCNC(=O)C(CC)NC(=O)OC([*])CC,2.81e-05,-4.55129368009492,3,-4.264954566955566
14191,C=CCCN(CCO*)CCOC(=O)*,C=CCCN(CCO[*])CCOC(=O)[*],[*]CCOC(=O)OCCN([*])CCC=C,0.000124,-3.906578314837765,1,-3.9670002460479736
14192,CC(CCCN(C)CCCOC(=O)*)O*,CC(CCCN(C)CCCOC(=O)[*])O[*],[*]CCCN(C)CCCOC(=O)OC([*])C,9.42e-05,-4.025949097207123,2,-4.095815181732178
14193,C=CCC(CNC(=O)*)O*,C=CCC(CNC(=O)[*])O[*],[*]CNC(=O)OC([*])CC=C,5.31e-05,-4.274905478918531,1,-4.213114261627197
14194,CCCC(CCC)NCC(CN*)OC(=O)*,CCCC(CCC)NCC(CN[*])OC(=O)[*],[*]CNC(=O)OC([*])CNC(CCC)CCC,6.67e-05,-4.175874166083451,2,-4.443727016448975
14195,CCC(O*)C(C)OC(=O)*,CCC(O[*])C(C)OC(=O)[*],[*]OC(=O)OC(C)C([*])CC,2.2e-05,-4.657577319177793,0,-4.3820648193359375
14196,CNCCCN(CCN*)CCNC(=O)*,CNCCCN(CCN[*])CCNC(=O)[*],[*]CCNC(=O)NCCN([*])CCCNC,9.52e-05,-4.021363051615526,3,-3.8621628284454346
14197,C=C(CO*)C(=O)N(C)C(C)COC(=O)*,C=C(CO[*])C(=O)N(C)C(C)COC(=O)[*],[*]COC(=O)OCC(C)N(C)C(=O)C([*])=C,6.57e-05,-4.182434630440219,3,-4.361926078796387
14198,CCCC(NC(=O)*)C(=O)NCCN*,CCCC(NC(=O)[*])C(=O)NCCN[*],[*]NC(=O)NCCNC(=O)C([*])CCC,7.84e-05,-4.105683937315562,0,-4.227933406829834
14199,COC(C)(C)CNC(=O)C(COC(=O)*)N*,COC(C)(C)CNC(=O)C(COC(=O)[*])N[*],[*]COC(=O)NC([*])C(=O)NCC(C)(C)OC,4.35e-05,-4.361510743045363,0,-4.2695722579956055
14200,CCCC(C)(CNCC(C)O*)OC(=O)*,CCCC(C)(CNCC(C)O[*])OC(=O)[*],[*]CNCC(C)OC(=O)OC([*])(C)CCC,4.91e-05,-4.308918507877031,2,-4.472253799438477
14201,CC(C)N(CCO*)CCC(C)(C)OC(=O)*,CC(C)N(CCO[*])CCC(C)(C)OC(=O)[*],[*]CCOC(=O)OC(C)(C)CCN([*])C(C)C,4.05e-05,-4.392544976785332,0,-4.482370853424072
14202,CC(CCCCO*)NCC(C)OC(=O)*,CC(CCCCO[*])NCC(C)OC(=O)[*],[*]CCCCOC(=O)OC(C)CNC([*])C,6.17e-05,-4.209714835966758,3,-4.159489631652832
14203,CC(C)(COC(=O)*)NCC(C)(C)O*,CC(C)(COC(=O)[*])NCC(C)(C)O[*],[*]COC(=O)OC(C)(C)CNC([*])(C)C,3.15e-05,-4.501689446210399,0,-4.393436431884766
14204,NOCCNC(=O)CC(CNC(=O)*)O*,NOCCNC(=O)CC(CNC(=O)[*])O[*],[*]CNC(=O)OC([*])CC(=O)NCCON,0.000148,-3.8297382846050425,1,-4.169967174530029
14205,CC(C)(CNCCCCCO*)OC(=O)*,CC(C)(CNCCCCCO[*])OC(=O)[*],[*]CNCCCCCOC(=O)OC([*])(C)C,5.18e-05,-4.285670240254767,1,-4.160243034362793
14206,COCC(CNCC#CCOC(=O)*)O*,COCC(CNCC#CCOC(=O)[*])O[*],[*]CNCC#CCOC(=O)OC([*])COC,9.23e-05,-4.034798298974088,1,-4.0925421714782715
14207,CN(CCOCCOC(=O)*)C(=O)CO*,CN(CCOCCOC(=O)[*])C(=O)CO[*],[*]CCOCCOC(=O)OCC(=O)N([*])C,8.53e-05,-4.069050968832477,2,-3.9860126972198486
14208,CCN(CCCO*)CCCOC(=O)*,CCN(CCCO[*])CCCOC(=O)[*],[*]CCCOC(=O)OCCCN([*])CC,0.000135,-3.869666231504994,2,-3.9760146141052246
14209,CCC(C)N(C)CC(CN*)OC(=O)*,CCC(C)N(C)CC(CN[*])OC(=O)[*],[*]CNC(=O)OC([*])CN(C)C(C)CC,5e-05,-4.301029995663981,1,-4.411700248718262
14210,CCC(COC(=O)*)NCCCCCCO*,CCC(COC(=O)[*])NCCCCCCO[*],[*]COC(=O)OCCCCCCNC([*])CC,8.65e-05,-4.062983892535186,0,-4.185410499572754
14211,CC(CF)NCC(CC(C)(C)O*)OC(=O)*,CC(CF)NCC(CC(C)(C)O[*])OC(=O)[*],[*]CC(C)(C)OC(=O)OC([*])CNC(C)CF,2.9e-05,-4.5376020021010435,2,-4.491389751434326
14212,CC(CONC(=O)C(C)CNC(=O)*)N*,CC(CONC(=O)C(C)CNC(=O)[*])N[*],[*]CONC(=O)C(C)CNC(=O)NC([*])C,4.73e-05,-4.325138859262188,3,-4.217158317565918
14213,CC(CCSCCOCCOC(=O)*)O*,CC(CCSCCOCCOC(=O)[*])O[*],[*]CCSCCOCCOC(=O)OC([*])C,0.000172,-3.764471553092451,3,-3.8737409114837646
14214,CN(CCCCCCN*)CCOC(=O)*,CN(CCCCCCN[*])CCOC(=O)[*],[*]CCCCCCNC(=O)OCCN([*])C,0.000122,-3.9136401693252516,3,-3.9932029247283936
14215,CN(CC(C)(C)NC(=O)*)CC(C)(C)O*,CN(CC(C)(C)NC(=O)[*])CC(C)(C)O[*],[*]CC(C)(C)NC(=O)OC(C)(C)CN([*])C,4e-05,-4.3979400086720375,1,-4.3900909423828125
14216,N=C(CO*)NOCCCCCCOC(=O)*,N=C(CO[*])NOCCCCCCOC(=O)[*],[*]COC(=O)OCCCCCCONC([*])=N,9.36e-05,-4.028724151261895,2,-3.9908080101013184
14217,CN(CCNC(=O)*)CCOCCN*,CN(CCNC(=O)[*])CCOCCN[*],[*]CCNC(=O)NCCOCCN([*])C,0.000202,-3.694648630553376,2,-3.8283605575561523
14218,CN(C)CCN(C)CC(CO*)OC(=O)*,CN(C)CCN(C)CC(CO[*])OC(=O)[*],[*]COC(=O)OC([*])CN(C)CCN(C)C,0.000105,-3.9788107009300617,2,-3.928952217102051
14219,C=CCN(CCO*)CC(C)OC(=O)*,C=CCN(CCO[*])CC(C)OC(=O)[*],[*]CCOC(=O)OC(C)CN([*])CC=C,9.07e-05,-4.042392712939905,1,-4.194282531738281
14220,CCC(C)(C#N)NC(=O)C(N*)C(C)OC(=O)*,CCC(C)(C#N)NC(=O)C(N[*])C(C)OC(=O)[*],[*]NC(=O)OC(C)C([*])C(=O)NC(C)(C#N)CC,4.4e-05,-4.356547323513813,3,-4.264273166656494
14221,C=CC(C)(CN(C)CC(C)NC(=O)*)O*,C=CC(C)(CN(C)CC(C)NC(=O)[*])O[*],[*]CN(C)CC(C)NC(=O)OC([*])(C)C=C,3.45e-05,-4.462180904926726,3,-4.355651378631592
14222,C#CCNC(=O)C(N*)C(C)(C)OC(=O)*,C#CCNC(=O)C(N[*])C(C)(C)OC(=O)[*],[*]NC(=O)OC(C)(C)C([*])C(=O)NCC#C,4.07e-05,-4.39040559077478,1,-4.247763633728027
14223,CC(C)(C)NC(=O)C(COC(=O)*)N*,CC(C)(C)NC(=O)C(COC(=O)[*])N[*],[*]COC(=O)NC([*])C(=O)NC(C)(C)C,4.36e-05,-4.360513510731414,2,-4.355136871337891
14224,CCC(NC(C)C(C)OC(=O)*)C(C)(C)O*,CCC(NC(C)C(C)OC(=O)[*])C(C)(C)O[*],[*]NC(C)C(C)OC(=O)OC(C)(C)C([*])CC,1.96e-05,-4.707743928643524,1,-4.432225227355957
14225,CC(C)C(CNCC(C)(C)O*)OC(=O)*,CC(C)C(CNCC(C)(C)O[*])OC(=O)[*],[*]CNCC(C)(C)OC(=O)OC([*])C(C)C,5.37e-05,-4.270025714300444,3,-4.478731155395508
14226,CCCC(C)(CNC(C)C(C)O*)OC(=O)*,CCCC(C)(CNC(C)C(C)O[*])OC(=O)[*],[*]CNC(C)C(C)OC(=O)OC([*])(C)CCC,4.26e-05,-4.370590400897281,3,-4.409048557281494
14227,CCC(CN(C)CCCO*)OC(=O)*,CCC(CN(C)CCCO[*])OC(=O)[*],[*]CN(C)CCCOC(=O)OC([*])CC,6.87e-05,-4.16304326294045,2,-4.119539260864258
14228,C=CCC(CNC(=O)CCO*)COC(=O)*,C=CCC(CNC(=O)CCO[*])COC(=O)[*],[*]CNC(=O)CCOC(=O)OCC([*])CC=C,8.76e-05,-4.057495893831919,3,-4.191524505615234
14229,COC(=O)C(CO*)NC(C)C(C)OC(=O)*,COC(=O)C(CO[*])NC(C)C(C)OC(=O)[*],[*]COC(=O)OC(C)C(C)NC([*])C(=O)OC,3.25e-05,-4.488116639021126,3,-4.403737545013428
14230,CCOCCCN(CCO*)CCOC(=O)*,CCOCCCN(CCO[*])CCOC(=O)[*],[*]CCOC(=O)OCCN([*])CCCOCC,0.00012,-3.9208187539523753,2,-3.8971550464630127
14231,CN(CCCCOC(=O)*)CCOCCO*,CN(CCCCOC(=O)[*])CCOCCO[*],[*]CCCCOC(=O)OCCOCCN([*])C,0.000303,-3.518557371497695,3,-3.652270793914795
14232,CCC(NC(=O)*)C(=O)NC(CO*)C(C)C,CCC(NC(=O)[*])C(=O)NC(CO[*])C(C)C,[*]NC(=O)OCC(NC(=O)C([*])CC)C(C)C,3.04e-05,-4.517126416391246,2,-4.464831352233887
14233,C=CC(CNCCOCCOC(=O)*)O*,C=CC(CNCCOCCOC(=O)[*])O[*],[*]CNCCOCCOC(=O)OC([*])C=C,0.000172,-3.764471553092451,2,-3.7797701358795166
14234,CCC(NC(C)C(C)OC(=O)*)C(C)O*,CCC(NC(C)C(C)OC(=O)[*])C(C)O[*],[*]NC(C)C(C)OC(=O)OC(C)C([*])CC,5.11e-05,-4.291579099865287,0,-4.55058479309082
14235,CC(C)CN(CCO*)CC(C)OC(=O)*,CC(C)CN(CCO[*])CC(C)OC(=O)[*],[*]CCOC(=O)OC(C)CN([*])CC(C)C,2.73e-05,-4.5638373529592435,3,-4.3031511306762695
14236,CC(C)=CCCNC(CN*)CNC(=O)*,CC(C)=CCCNC(CN[*])CNC(=O)[*],[*]CNC(=O)NCC([*])NCCC=C(C)C,5.6e-05,-4.251811972993799,0,-4.086714744567871
14237,CC(CSCCOCCO*)OC(=O)*,CC(CSCCOCCO[*])OC(=O)[*],[*]CSCCOCCOC(=O)OC([*])C,0.000228,-3.642065152999546,2,-3.761651039123535
14238,CCCC(=O)C(=O)NCC(CO*)OC(=O)*,CCCC(=O)C(=O)NCC(CO[*])OC(=O)[*],[*]COC(=O)OC([*])CNC(=O)C(=O)CCC,3.68e-05,-4.434152181326482,2,-4.446902751922607
14239,CC(C)C(CCOC(=O)*)O*,CC(C)C(CCOC(=O)[*])O[*],[*]CCOC(=O)OC([*])C(C)C,4.17e-05,-4.379863945026242,1,-4.525320053100586
14240,N#CC(NCC(CO*)OC(=O)*)C(N)=O,N#CC(NCC(CO[*])OC(=O)[*])C(N)=O,[*]COC(=O)OC([*])CNC(C#N)C(N)=O,5.04e-05,-4.297569463554475,3,-4.328702926635742
14241,CCC(CNCCOCCOC(=O)*)O*,CCC(CNCCOCCOC(=O)[*])O[*],[*]CNCCOCCOC(=O)OC([*])CC,0.000204,-3.6903698325741012,3,-3.8893227577209473
14242,CCCC(CCOC(=O)*)NC(=O)C(C)O*,CCCC(CCOC(=O)[*])NC(=O)C(C)O[*],[*]CCOC(=O)OC(C)C(=O)NC([*])CCC,6.84e-05,-4.164943898279883,1,-4.385346412658691
14243,CCCCC(CNCC(C)OC(=O)*)O*,CCCCC(CNCC(C)OC(=O)[*])O[*],[*]CNCC(C)OC(=O)OC([*])CCCC,5.13e-05,-4.289882634888183,2,-4.1700286865234375
14244,CCCCCC(CNCC(C)OC(=O)*)O*,CCCCCC(CNCC(C)OC(=O)[*])O[*],[*]CNCC(C)OC(=O)OC([*])CCCCC,5.73e-05,-4.24184537803261,2,-4.215425491333008
14245,N#CCCC(C#N)CNCC(COC(=O)*)O*,N#CCCC(C#N)CNCC(COC(=O)[*])O[*],[*]COC(=O)OC([*])CNCC(C#N)CCC#N,8.56e-05,-4.0675262353228465,0,-4.053866386413574
14246,CCCN(CC(COC(=O)*)O*)C(C)CC,CCCN(CC(COC(=O)[*])O[*])C(C)CC,[*]COC(=O)OC([*])CN(CCC)C(C)CC,1.95e-05,-4.709965388637482,1,-4.55023193359375
14247,CC(CCOC(=O)*)NC(C)CC(C)O*,CC(CCOC(=O)[*])NC(C)CC(C)O[*],[*]CCOC(=O)OC(C)CC(C)NC([*])C,6.47e-05,-4.189095719331299,3,-4.310888767242432
14248,CN(CCCCCCOC(=O)*)CCCO*,CN(CCCCCCOC(=O)[*])CCCO[*],[*]CCCCCCOC(=O)OCCCN([*])C,0.000136,-3.8664610916297826,0,-3.9050650596618652
14249,CCCCCCC(O*)C(NC(=O)*)C(=O)O,CCCCCCC(O[*])C(NC(=O)[*])C(=O)O,[*]OC(=O)NC(C(=O)O)C([*])CCCCCC,2.32e-05,-4.634512015109101,0,-4.548139572143555
14250,C=CC(COC(=O)*)NC(=O)C(C)CN*,C=CC(COC(=O)[*])NC(=O)C(C)CN[*],[*]COC(=O)NCC(C)C(=O)NC([*])C=C,4.26e-05,-4.370590400897281,0,-4.3757405281066895
14251,C#CC(C)(NC(=O)*)C(=O)NC(CC)CO*,C#CC(C)(NC(=O)[*])C(=O)NC(CC)CO[*],[*]NC(=O)OCC(CC)NC(=O)C([*])(C)C#C,4.45e-05,-4.351639989019068,3,-4.368624687194824
14252,CCC(CC#N)NC(CO*)C(C)OC(=O)*,CCC(CC#N)NC(CO[*])C(C)OC(=O)[*],[*]COC(=O)OC(C)C([*])NC(CC)CC#N,7.5e-05,-4.1249387366083,0,-4.279538154602051
14253,CC(O*)C(C)SCCOCCOC(=O)*,CC(O[*])C(C)SCCOCCOC(=O)[*],[*]OC(=O)OCCOCCSC(C)C([*])C,8.53e-05,-4.069050968832477,0,-4.073391437530518
14254,CC(CC#N)NCC(CO*)OC(=O)*,CC(CC#N)NCC(CO[*])OC(=O)[*],[*]COC(=O)OC([*])CNC(C)CC#N,8.51e-05,-4.070070439915412,2,-4.071576118469238
14255,CC(C)CC(=O)NC(C)(CO*)COC(=O)*,CC(C)CC(=O)NC(C)(CO[*])COC(=O)[*],[*]COC(=O)OCC([*])(C)NC(=O)CC(C)C,9.3e-05,-4.031517051446065,0,-4.456830978393555
14256,CN(CCOCCOC(=O)*)C(C)(C)CO*,CN(CCOCCOC(=O)[*])C(C)(C)CO[*],[*]CCOCCOC(=O)OCC(C)(C)N([*])C,9.59e-05,-4.018181392829336,3,-4.220223903656006
14257,C=CCOCC(CN(C)CCOC(=O)*)O*,C=CCOCC(CN(C)CCOC(=O)[*])O[*],[*]CN(C)CCOC(=O)OC([*])COCC=C,0.000117,-3.9318141382538383,2,-3.8674683570861816
14258,CCCCNCC(CC(C)(C)OC(=O)*)O*,CCCCNCC(CC(C)(C)OC(=O)[*])O[*],[*]CC(C)(C)OC(=O)OC([*])CNCCCC,8.72e-05,-4.059483515067432,3,-4.365790843963623
14259,N#CCCCN(CCO*)CCOC(=O)*,N#CCCCN(CCO[*])CCOC(=O)[*],[*]CCOC(=O)OCCN([*])CCCC#N,0.000121,-3.9172146296835497,1,-4.078239440917969
14260,CCCCC(CN(C)CCO*)OC(=O)*,CCCCC(CN(C)CCO[*])OC(=O)[*],[*]CN(C)CCOC(=O)OC([*])CCCC,0.000104,-3.9829666607012197,2,-4.070152282714844
14261,CCCN(C)CC(CC(C)(C)OC(=O)*)O*,CCCN(C)CC(CC(C)(C)OC(=O)[*])O[*],[*]CC(C)(C)OC(=O)OC([*])CN(C)CCC,2.35e-05,-4.628932137728264,2,-4.375898838043213
14262,CCCCCN(CCNC(=O)*)CCO*,CCCCCN(CCNC(=O)[*])CCO[*],[*]CCNC(=O)OCCN([*])CCCCC,8.02e-05,-4.095825631715837,3,-4.137598037719727
14263,CCN(CCCCO*)CCOC(=O)*,CCN(CCCCO[*])CCOC(=O)[*],[*]CCCCOC(=O)OCCN([*])CC,0.000179,-3.7471469690201067,1,-3.934833526611328
14264,CC(C#N)N(C)C(=O)C(CCCNC(=O)*)N*,CC(C#N)N(C)C(=O)C(CCCNC(=O)[*])N[*],[*]CCCNC(=O)NC([*])C(=O)N(C)C(C)C#N,4.87e-05,-4.3124710387853655,0,-4.402740478515625
14265,CC(O*)C(C)N(C)CC(C)(C)COC(=O)*,CC(O[*])C(C)N(C)CC(C)(C)COC(=O)[*],[*]OC(=O)OCC(C)(C)CN(C)C(C)C([*])C,3.97e-05,-4.401209493236885,0,-4.568838596343994
14266,C=CCN(CCCO*)CCOC(=O)*,C=CCN(CCCO[*])CCOC(=O)[*],[*]CCCOC(=O)OCCN([*])CC=C,0.000179,-3.7471469690201067,3,-3.931779623031616
14267,CCCC(C)(CNC(=O)CCO*)OC(=O)*,CCCC(C)(CNC(=O)CCO[*])OC(=O)[*],[*]CNC(=O)CCOC(=O)OC([*])(C)CCC,7.86e-05,-4.104577453960592,1,-4.31402063369751
14268,C=CC(O*)C(=O)N(CC)CCOC(=O)*,C=CC(O[*])C(=O)N(CC)CCOC(=O)[*],[*]OC(=O)OCCN(CC)C(=O)C([*])C=C,3.55e-05,-4.449771646944906,0,-4.28731107711792
14269,CC(CN(CCC#N)CCO*)OC(=O)*,CC(CN(CCC#N)CCO[*])OC(=O)[*],[*]CN(CCC#N)CCOC(=O)OC([*])C,0.000132,-3.87942606879415,3,-3.9192686080932617
14270,CCC(NCC(C)OC(=O)*)C(C)O*,CCC(NCC(C)OC(=O)[*])C(C)O[*],[*]NCC(C)OC(=O)OC(C)C([*])CC,2.26e-05,-4.645891560852599,2,-4.3700175285339355
14271,CC(C)C(CCN(C)CCO*)OC(=O)*,CC(C)C(CCN(C)CCO[*])OC(=O)[*],[*]CCN(C)CCOC(=O)OC([*])C(C)C,4.42e-05,-4.354577730650908,3,-4.308455467224121
14272,CCCCN(CCCNC(=O)*)CCO*,CCCCN(CCCNC(=O)[*])CCO[*],[*]CCCNC(=O)OCCN([*])CCCC,6.36e-05,-4.196542884351586,0,-3.9728991985321045
14273,CC(C)CCN(CCCOC(=O)*)CCO*,CC(C)CCN(CCCOC(=O)[*])CCO[*],[*]CCCOC(=O)OCCN([*])CCC(C)C,6.82e-05,-4.166215625343521,0,-4.022465705871582
14274,CCN(CCCCCCOC(=O)*)CCO*,CCN(CCCCCCOC(=O)[*])CCO[*],[*]CCCCCCOC(=O)OCCN([*])CC,7.11e-05,-4.148130399270234,2,-3.796409845352173
14275,C[Si](C)(C)CC(CO*)OC(=O)*,C[Si](C)(C)CC(CO[*])OC(=O)[*],[*]COC(=O)OC([*])C[Si](C)(C)C,1.9e-05,-4.721246399047171,3,-4.4420928955078125
14276,CCC(C)CN(CCN*)CCOC(=O)*,CCC(C)CN(CCN[*])CCOC(=O)[*],[*]CCNC(=O)OCCN([*])CC(C)CC,5.3e-05,-4.275724130399211,2,-4.286466598510742
14277,CCN(CCCC(C)OC(=O)*)C(C)CO*,CCN(CCCC(C)OC(=O)[*])C(C)CO[*],[*]CCCC(C)OC(=O)OCC(C)N([*])CC,3.14e-05,-4.503070351926785,1,-4.29141902923584
14278,CC(CO*)SCCOCCOC(=O)*,CC(CO[*])SCCOCCOC(=O)[*],[*]COC(=O)OCCOCCSC([*])C,0.000174,-3.7594507517174,2,-3.9052886962890625
14279,C=CC(CO*)NCC(C)OC(=O)*,C=CC(CO[*])NCC(C)OC(=O)[*],[*]COC(=O)OC(C)CNC([*])C=C,7.43e-05,-4.129011186239425,3,-4.158605098724365
14280,CC(C)C(C)(CN*)NCCOC(=O)*,CC(C)C(C)(CN[*])NCCOC(=O)[*],[*]CNC(=O)OCCNC([*])(C)C(C)C,4.29e-05,-4.367542707815276,2,-4.414938926696777
14281,CC(CN(CCCO*)CC(F)F)OC(=O)*,CC(CN(CCCO[*])CC(F)F)OC(=O)[*],[*]CN(CCCOC(=O)OC([*])C)CC(F)F,0.000106,-3.9746941347352296,0,-4.147107124328613
14282,CCC(CNCCC(C)NC(=O)*)O*,CCC(CNCCC(C)NC(=O)[*])O[*],[*]CNCCC(C)NC(=O)OC([*])CC,9.14e-05,-4.039053804266168,1,-4.160835266113281
14283,CCCCN(CCN*)CCOC(=O)*,CCCCN(CCN[*])CCOC(=O)[*],[*]CCNC(=O)OCCN([*])CCCC,7.21e-05,-4.142064735280571,0,-4.071162223815918
14284,CC(CCCNC(=O)C(C)NC(=O)*)CO*,CC(CCCNC(=O)C(C)NC(=O)[*])CO[*],[*]CCCNC(=O)C(C)NC(=O)OCC([*])C,5.57e-05,-4.2541448048262716,0,-4.3356218338012695
14285,CC(CCN(C)CCC(C)OC(=O)*)O*,CC(CCN(C)CCC(C)OC(=O)[*])O[*],[*]CCN(C)CCC(C)OC(=O)OC([*])C,5.66e-05,-4.247183568811729,1,-4.174102783203125
14286,CC(CO*)N(C)CCOCCOC(=O)*,CC(CO[*])N(C)CCOCCOC(=O)[*],[*]COC(=O)OCCOCCN(C)C([*])C,0.000216,-3.6655462488490693,1,-3.935490131378174
14287,CN(CCCN(C)CCOC(=O)*)CCO*,CN(CCCN(C)CCOC(=O)[*])CCO[*],[*]CCCN(C)CCOC(=O)OCCN([*])C,0.000178,-3.749579997691106,1,-3.682335138320923
14288,CN(CCCCOC(=O)*)CCCN*,CN(CCCCOC(=O)[*])CCCN[*],[*]CCCCOC(=O)NCCCN([*])C,8.43e-05,-4.074172425375258,0,-3.92433500289917
14289,C=CC(CNCCCOCCOC(=O)*)O*,C=CC(CNCCCOCCOC(=O)[*])O[*],[*]CNCCCOCCOC(=O)OC([*])C=C,0.00024,-3.619788758288394,0,-3.750777244567871
14290,CC(C)CCC(CO*)NCC(C)OC(=O)*,CC(C)CCC(CO[*])NCC(C)OC(=O)[*],[*]COC(=O)OC(C)CNC([*])CCC(C)C,8.06e-05,-4.09366495819491,1,-4.359731674194336
14291,CC(CC(=O)NC(C)(C)CCN*)NC(=O)*,CC(CC(=O)NC(C)(C)CCN[*])NC(=O)[*],[*]CC(=O)NC(C)(C)CCNC(=O)NC([*])C,3.37e-05,-4.4723700991286615,1,-4.434746742248535
14292,CC(CCNC(C)C(C)OC(=O)*)O*,CC(CCNC(C)C(C)OC(=O)[*])O[*],[*]CCNC(C)C(C)OC(=O)OC([*])C,4.5e-05,-4.346787486224656,2,-4.312729358673096
14293,CC#CC(=O)N(C)CC(CO*)OC(=O)*,CC#CC(=O)N(C)CC(CO[*])OC(=O)[*],[*]COC(=O)OC([*])CN(C)C(=O)C#CC,1.61e-05,-4.79317412396815,1,-4.371095180511475
14294,CN(CCCCNC(=O)*)CCCO*,CN(CCCCNC(=O)[*])CCCO[*],[*]CCCCNC(=O)OCCCN([*])C,0.000104,-3.9829666607012197,0,-3.85762357711792
14295,N#CCCCCN(CCO*)CCOC(=O)*,N#CCCCCN(CCO[*])CCOC(=O)[*],[*]CCOC(=O)OCCN([*])CCCCC#N,0.000153,-3.815308569182401,3,-4.074809551239014
14296,CC(CNC(=O)C(CCCC#N)N*)NC(=O)*,CC(CNC(=O)C(CCCC#N)N[*])NC(=O)[*],[*]CNC(=O)C(CCCC#N)NC(=O)NC([*])C,5.95e-05,-4.22548303427145,3,-4.199663162231445
14297,CC(CCNCC(C)OC(=O)*)CCO*,CC(CCNCC(C)OC(=O)[*])CCO[*],[*]CCNCC(C)OC(=O)OCCC([*])C,0.000101,-3.9956786262173574,1,-4.15325927734375
14298,CCC(COC(=O)*)SC(C)CO*,CCC(COC(=O)[*])SC(C)CO[*],[*]COC(=O)OCC(C)SC([*])CC,7.92e-05,-4.101274818410507,0,-4.246487617492676
14299,C=CCCCCN(C)CC(CO*)OC(=O)*,C=CCCCCN(C)CC(CO[*])OC(=O)[*],[*]COC(=O)OC([*])CN(C)CCCCC=C,5.2e-05,-4.2839966563652006,1,-4.175656795501709
14300,CCCCC(C)N(CCN*)CCNC(=O)*,CCCCC(C)N(CCN[*])CCNC(=O)[*],[*]CCNC(=O)NCCN([*])C(C)CCCC,8.66e-05,-4.062482107982653,1,-4.180498123168945
14301,CC(NCCCCOC(=O)*)C(C)O*,CC(NCCCCOC(=O)[*])C(C)O[*],[*]NCCCCOC(=O)OC(C)C([*])C,8.79e-05,-4.056011124926228,0,-4.362965106964111
14302,CC(CCN(CCOC(=O)*)CC(F)F)O*,CC(CCN(CCOC(=O)[*])CC(F)F)O[*],[*]CCN(CCOC(=O)OC([*])C)CC(F)F,5.58e-05,-4.253365801062421,1,-4.120635986328125
14303,CCN(CCN*)CC(C)(C)NC(=O)*,CCN(CCN[*])CC(C)(C)NC(=O)[*],[*]CCNC(=O)NC(C)(C)CN([*])CC,6.6e-05,-4.180456064458132,1,-4.124917507171631
14304,C=CCNC(=O)NC(CO*)COC(=O)*,C=CCNC(=O)NC(CO[*])COC(=O)[*],[*]COC(=O)OCC([*])NC(=O)NCC=C,7.97e-05,-4.098541678603888,3,-4.3601555824279785
14305,C#CCC(CO*)NC(=O)C(C)(C=C)OC(=O)*,C#CCC(CO[*])NC(=O)C(C)(C=C)OC(=O)[*],[*]COC(=O)OC(C)(C=C)C(=O)NC([*])CC#C,0.00011,-3.958607314841775,0,-4.35454797744751
14306,CN(CCCOC(=O)*)CCO*,CN(CCCOC(=O)[*])CCO[*],[*]CCCOC(=O)OCCN([*])C,0.000167,-3.7772835288524167,0,-3.9666152000427246
14307,CN(CCCCCO*)CCCCNC(=O)*,CN(CCCCCO[*])CCCCNC(=O)[*],[*]CCCCCOC(=O)NCCCCN([*])C,8.09e-05,-4.092051478387727,2,-3.9536192417144775
14308,CN(CCCCCCO*)CCNC(=O)*,CN(CCCCCCO[*])CCNC(=O)[*],[*]CCCCCCOC(=O)NCCN([*])C,0.000126,-3.899629454882437,1,-4.032535552978516
14309,C=C(CC)CNC(CO*)COC(=O)*,C=C(CC)CNC(CO[*])COC(=O)[*],[*]COC(=O)OCC([*])NCC(=C)CC,2.85e-05,-4.54515513999149,0,-4.384040355682373
14310,CCCC(NC(=O)*)C(=O)NCCCCN*,CCCC(NC(=O)[*])C(=O)NCCCCN[*],[*]NC(=O)NCCCCNC(=O)C([*])CCC,5.27e-05,-4.278189384787454,2,-4.269062519073486
14311,CCC(COC(=O)*)N*,CCC(COC(=O)[*])N[*],[*]COC(=O)NC([*])CC,3.29e-05,-4.482804102050026,2,-4.436755657196045
14312,CCN(CCOC(=O)*)CCC(C)O*,CCN(CCOC(=O)[*])CCC(C)O[*],[*]CCOC(=O)OC(C)CCN([*])CC,9.85e-05,-4.006563769502388,3,-4.173300266265869
14313,CC(OC(=O)*)C(CO*)NCCC#N,CC(OC(=O)[*])C(CO[*])NCCC#N,[*]OC(=O)OCC(NCCC#N)C([*])C,0.000102,-3.9913998282380825,1,-4.071307182312012
14314,C=C(C)C(=O)N(C)CC(COC(=O)*)O*,C=C(C)C(=O)N(C)CC(COC(=O)[*])O[*],[*]COC(=O)OC([*])CN(C)C(=O)C(=C)C,5.06e-05,-4.295849483160201,1,-4.260498523712158
14315,COC(=O)NC(C)(CO*)COC(=O)*,COC(=O)NC(C)(CO[*])COC(=O)[*],[*]COC(=O)OCC([*])(C)NC(=O)OC,4.6e-05,-4.337242168318426,0,-4.379147052764893
14316,C=CCCCNC(CO*)COC(=O)*,C=CCCCNC(CO[*])COC(=O)[*],[*]COC(=O)OCC([*])NCCCC=C,4.37e-05,-4.359518563029578,1,-4.1950178146362305
14317,CCN(CCOCCO*)CC(C)OC(=O)*,CCN(CCOCCO[*])CC(C)OC(=O)[*],[*]CCOCCOC(=O)OC(C)CN([*])CC,0.000271,-3.567030709125594,1,-3.847182273864746
14318,CN(CCCCCCO*)CCOC(=O)*,CN(CCCCCCO[*])CCOC(=O)[*],[*]CCCCCCOC(=O)OCCN([*])C,9.33e-05,-4.0301183562535,3,-4.08076810836792
14319,C=C(COC(=O)*)C(=O)N(C)CCC(C)O*,C=C(COC(=O)[*])C(=O)N(C)CCC(C)O[*],[*]COC(=O)OC(C)CCN(C)C(=O)C([*])=C,4.78e-05,-4.320572103387881,1,-4.296683311462402
14320,CCC(CC#N)NC(=O)C(NC(=O)*)C(C)O*,CCC(CC#N)NC(=O)C(NC(=O)[*])C(C)O[*],[*]NC(=O)OC(C)C([*])C(=O)NC(CC)CC#N,6.48e-05,-4.188424994129407,0,-4.283755302429199
14321,CC(CCN(C)CCOCCOC(=O)*)O*,CC(CCN(C)CCOCCOC(=O)[*])O[*],[*]CCN(C)CCOCCOC(=O)OC([*])C,0.000218,-3.661543506395395,2,-3.763751983642578
14322,C#CC(C)(N*)C(=O)NCCNC(=O)*,C#CC(C)(N[*])C(=O)NCCNC(=O)[*],[*]NC(=O)NCCNC(=O)C([*])(C)C#C,6.38e-05,-4.195179321278838,3,-4.304788589477539
14323,CCC(C)C(CNC(C)CCOC(=O)*)O*,CCC(C)C(CNC(C)CCOC(=O)[*])O[*],[*]CNC(C)CCOC(=O)OC([*])C(C)CC,4.53e-05,-4.343901797987168,1,-4.268660068511963
14324,N#CCCN(CCO*)CCOC(=O)*,N#CCCN(CCO[*])CCOC(=O)[*],[*]CCOC(=O)OCCN([*])CCC#N,0.000158,-3.8013429130455774,1,-3.9892468452453613
14325,C=CCN(CCO*)CCOCCOC(=O)*,C=CCN(CCO[*])CCOCCOC(=O)[*],[*]CCOCCOC(=O)OCCN([*])CC=C,0.000223,-3.6516951369518393,1,-3.577594518661499
14326,CCC(CNCCC(C)(C)CO*)OC(=O)*,CCC(CNCCC(C)(C)CO[*])OC(=O)[*],[*]CNCCC(C)(C)COC(=O)OC([*])CC,5.62e-05,-4.250263684430939,3,-4.393647193908691
14327,CN(C)CCSCC(CO*)OC(=O)*,CN(C)CCSCC(CO[*])OC(=O)[*],[*]COC(=O)OC([*])CSCCN(C)C,0.000112,-3.9507819773298185,1,-4.0691142082214355
14328,CCOCC(CNCCCCOC(=O)*)O*,CCOCC(CNCCCCOC(=O)[*])O[*],[*]CNCCCCOC(=O)OC([*])COCC,8.83e-05,-4.054039296422431,0,-3.955986499786377
14329,CN(CCCO*)CCNC(=O)*,CN(CCCO[*])CCNC(=O)[*],[*]CCCOC(=O)NCCN([*])C,0.000116,-3.9355420107730814,0,-3.8523874282836914
14330,CC(CCOC(=O)CO*)OC(=O)*,CC(CCOC(=O)CO[*])OC(=O)[*],[*]CCOC(=O)COC(=O)OC([*])C,3.98e-05,-4.400116927926312,2,-4.253530025482178
14331,C#CCCN(CCO*)CCOC(=O)*,C#CCCN(CCO[*])CCOC(=O)[*],[*]CCOC(=O)OCCN([*])CCC#C,9.65e-05,-4.015472686656207,3,-3.981025218963623
14332,N#CCCCN(CCCOC(=O)*)CCO*,N#CCCCN(CCCOC(=O)[*])CCO[*],[*]CCCOC(=O)OCCN([*])CCCC#N,0.00012,-3.9208187539523753,2,-4.001126766204834
14333,COCCN(CCOC(=O)*)CC(C)O*,COCCN(CCOC(=O)[*])CC(C)O[*],[*]CCOC(=O)OC(C)CN([*])CCOC,0.00021,-3.677780705266081,0,-3.971376895904541
14334,C#CCCCC(=O)N(C)CC(COC(=O)*)O*,C#CCCCC(=O)N(C)CC(COC(=O)[*])O[*],[*]COC(=O)OC([*])CN(C)C(=O)CCCC#C,2.38e-05,-4.623423042943488,3,-4.257359027862549
14335,C=CCN(CCOC)CC(COC(=O)*)O*,C=CCN(CCOC)CC(COC(=O)[*])O[*],[*]COC(=O)OC([*])CN(CC=C)CCOC,0.000175,-3.7569619513137056,3,-3.856144428253174
14336,C=C(C)CN(C)CC(CO*)OC(=O)*,C=C(C)CN(C)CC(CO[*])OC(=O)[*],[*]COC(=O)OC([*])CN(C)CC(=C)C,9.36e-05,-4.028724151261895,0,-4.300711631774902
14337,CC(C)(CN(CCO*)CC(F)F)NC(=O)*,CC(C)(CN(CCO[*])CC(F)F)NC(=O)[*],[*]CN(CCOC(=O)NC([*])(C)C)CC(F)F,8.67e-05,-4.06198090252379,3,-4.3079071044921875
14338,CC(CCOC(=O)*)NCC(C)(C)CO*,CC(CCOC(=O)[*])NCC(C)(C)CO[*],[*]CCOC(=O)OCC(C)(C)CNC([*])C,4.91e-05,-4.308918507877031,0,-4.397947311401367
14339,CC(NC(=O)*)C(C)NC(=O)CN*,CC(NC(=O)[*])C(C)NC(=O)CN[*],[*]NC(=O)CNC(=O)NC(C)C([*])C,4.17e-05,-4.379863945026242,3,-4.3634033203125
14340,C=C(Cl)CN(CCN*)CCOC(=O)*,C=C(Cl)CN(CCN[*])CCOC(=O)[*],[*]CCNC(=O)OCCN([*])CC(=C)Cl,9.95e-05,-4.002176919254275,1,-4.073750019073486
14341,CC(C)CCNC(=O)C(COC(=O)*)N*,CC(C)CCNC(=O)C(COC(=O)[*])N[*],[*]COC(=O)NC([*])C(=O)NCCC(C)C,5.43e-05,-4.265200170411153,3,-4.358570098876953
14342,CSCCC(C)NC(CO*)COC(=O)*,CSCCC(C)NC(CO[*])COC(=O)[*],[*]COC(=O)OCC([*])NC(C)CCSC,3.55e-05,-4.449771646944906,0,-4.337055683135986
14343,CN(CCCCCCCO*)CCOC(=O)*,CN(CCCCCCCO[*])CCOC(=O)[*],[*]CCCCCCCOC(=O)OCCN([*])C,0.000127,-3.896196279044043,2,-4.043473243713379
14344,CC(CN(C)CCC(N*)C(C)C)OC(=O)*,CC(CN(C)CCC(N[*])C(C)C)OC(=O)[*],[*]CN(C)CCC(NC(=O)OC([*])C)C(C)C,5.68e-05,-4.245651664288981,0,-4.328009605407715
14345,C=CC(COC(=O)*)O*,C=CC(COC(=O)[*])O[*],[*]COC(=O)OC([*])C=C,5.08e-05,-4.294136287716081,0,-4.280043601989746
14346,CC(C)CC(CCO*)CNC(=O)*,CC(C)CC(CCO[*])CNC(=O)[*],[*]CCOC(=O)NCC([*])CC(C)C,4.33e-05,-4.363512103646634,0,-4.555434703826904
14347,C=CC(COC(=O)*)NCCOCCO*,C=CC(COC(=O)[*])NCCOCCO[*],[*]COC(=O)OCCOCCNC([*])C=C,0.000179,-3.7471469690201067,2,-3.8415908813476562
14348,C=CCC(C)NC(=O)C(N*)C(C)OC(=O)*,C=CCC(C)NC(=O)C(N[*])C(C)OC(=O)[*],[*]NC(=O)OC(C)C([*])C(=O)NC(C)CC=C,4.76e-05,-4.3223930472795065,3,-4.4652299880981445
14349,CCC(CO*)(COC(=O)*)NC(C)COC,CCC(CO[*])(COC(=O)[*])NC(C)COC,[*]COC(=O)OCC([*])(CC)NC(C)COC,3.81e-05,-4.419075024324381,1,-4.31060791015625
14350,CCCCN(CCCO*)CC(C)NC(=O)*,CCCCN(CCCO[*])CC(C)NC(=O)[*],[*]CCCOC(=O)NC(C)CN([*])CCCC,5.6e-05,-4.251811972993799,2,-4.327033042907715
14351,CC(CN(C)CCOCCO*)OC(=O)*,CC(CN(C)CCOCCO[*])OC(=O)[*],[*]CN(C)CCOCCOC(=O)OC([*])C,0.000191,-3.7189666327522723,0,-3.6656389236450195
14352,C#CCOCCN(C)CC(COC(=O)*)O*,C#CCOCCN(C)CC(COC(=O)[*])O[*],[*]COC(=O)OC([*])CN(C)CCOCC#C,0.000134,-3.8728952016351923,2,-3.8422746658325195
14353,CC(CCOC(=O)*)NC(C)C(C)(C)CO*,CC(CCOC(=O)[*])NC(C)C(C)(C)CO[*],[*]CCOC(=O)OCC(C)(C)C(C)NC([*])C,2.98e-05,-4.525783735923745,1,-4.433383941650391
14354,CCC(CNC(COC(=O)*)CC(F)F)O*,CCC(CNC(COC(=O)[*])CC(F)F)O[*],[*]CNC(COC(=O)OC([*])CC)CC(F)F,4.53e-05,-4.343901797987168,1,-4.240298271179199
14355,CC(C)(OC(=O)*)C(=O)OCCOCCO*,CC(C)(OC(=O)[*])C(=O)OCCOCCO[*],[*]OC(=O)OCCOCCOC(=O)C([*])(C)C,0.000119,-3.9244530386074694,2,-4.067988872528076
14356,CCC(NCC(C)OC(=O)*)C(C)(C)O*,CCC(NCC(C)OC(=O)[*])C(C)(C)O[*],[*]NCC(C)OC(=O)OC(C)(C)C([*])CC,3.28e-05,-4.484126156288321,2,-4.385218620300293
14357,CCC(C)(O*)C(=O)OCCCOC(=O)*,CCC(C)(O[*])C(=O)OCCCOC(=O)[*],[*]OC(=O)OCCCOC(=O)C([*])(C)CC,5.51e-05,-4.258848401148215,0,-4.2644453048706055
14358,CC(C)C(CNC(=O)*)CN(C)C(C)CN*,CC(C)C(CNC(=O)[*])CN(C)C(C)CN[*],[*]CNC(=O)NCC(C)N(C)CC([*])C(C)C,4.26e-05,-4.370590400897281,2,-4.259114742279053
14359,CCCN(CCOCCO*)CCOC(=O)*,CCCN(CCOCCO[*])CCOC(=O)[*],[*]CCOCCOC(=O)OCCN([*])CCC,0.000176,-3.75448733218585,0,-3.6159579753875732
14360,CC(CCOC(=O)*)NCCOCCO*,CC(CCOC(=O)[*])NCCOCCO[*],[*]CCOC(=O)OCCOCCNC([*])C,0.00026,-3.5850266520291822,0,-3.8313469886779785
14361,CSCCCN(CCO*)CCOC(=O)*,CSCCCN(CCO[*])CCOC(=O)[*],[*]CCOC(=O)OCCN([*])CCCSC,8.98e-05,-4.0467236633326955,1,-3.9065194129943848
14362,CC(C)CC(CO*)NC(=O)C(C)NC(=O)*,CC(C)CC(CO[*])NC(=O)C(C)NC(=O)[*],[*]COC(=O)NC(C)C(=O)NC([*])CC(C)C,3.79e-05,-4.421360790031928,2,-4.4720282554626465
14363,COCCNC(CO*)COC(=O)*,COCCNC(CO[*])COC(=O)[*],[*]COC(=O)OCC([*])NCCOC,9.67e-05,-4.014573525916998,1,-3.997903823852539
14364,CC(C)(CNCCOCCO*)OC(=O)*,CC(C)(CNCCOCCO[*])OC(=O)[*],[*]CNCCOCCOC(=O)OC([*])(C)C,0.000115,-3.939302159646388,3,-4.078227519989014
14365,O=CC(O*)C(C=O)OC(=O)*,O=CC(O[*])C(C=O)OC(=O)[*],[*]OC(=O)OC(C=O)C([*])C=O,3.82e-05,-4.4179366370882915,1,-4.346278190612793
14366,CC(CCOC(=O)*)NC(CO*)C(C)C,CC(CCOC(=O)[*])NC(CO[*])C(C)C,[*]CCOC(=O)OCC(NC([*])C)C(C)C,3.48e-05,-4.458420756053419,0,-4.394078254699707
14367,CC(CCNC(=O)C(C)O*)OC(=O)*,CC(CCNC(=O)C(C)O[*])OC(=O)[*],[*]CCNC(=O)C(C)OC(=O)OC([*])C,6.25e-05,-4.204119982655925,3,-4.26322603225708
14368,CC(NC(=O)*)C(=O)NC(CO*)CC(F)F,CC(NC(=O)[*])C(=O)NC(CO[*])CC(F)F,[*]NC(=O)OCC(CC(F)F)NC(=O)C([*])C,4.78e-05,-4.320572103387881,2,-4.274252414703369
14369,CC(NC(=O)*)C(=O)N(CCO*)CC(F)F,CC(NC(=O)[*])C(=O)N(CCO[*])CC(F)F,[*]NC(=O)OCCN(CC(F)F)C(=O)C([*])C,5.38e-05,-4.269217724333611,2,-4.273627758026123
14370,C=C(C)C(=O)OCC(COC(=O)*)O*,C=C(C)C(=O)OCC(COC(=O)[*])O[*],[*]COC(=O)OC([*])COC(=O)C(=C)C,4.84e-05,-4.315154638355588,1,-4.377202987670898
14371,CC(CCCN(CCO*)C(C)C)OC(=O)*,CC(CCCN(CCO[*])C(C)C)OC(=O)[*],[*]CCCN(CCOC(=O)OC([*])C)C(C)C,4.15e-05,-4.3819519032879075,1,-4.403582572937012
14372,C=CC(OC(=O)*)C(=O)NCC(CCC)O*,C=CC(OC(=O)[*])C(=O)NCC(CCC)O[*],[*]OC(=O)OC(CCC)CNC(=O)C([*])C=C,9.08e-05,-4.041914151478915,3,-4.337225914001465
14373,CC(CCOC(=O)C(C)(C)O*)OC(=O)*,CC(CCOC(=O)C(C)(C)O[*])OC(=O)[*],[*]CCOC(=O)C(C)(C)OC(=O)OC([*])C,7.17e-05,-4.1444808443322,0,-4.409081935882568
14374,CC(F)(F)CNCC(COC(=O)*)O*,CC(F)(F)CNCC(COC(=O)[*])O[*],[*]COC(=O)OC([*])CNCC(C)(F)F,5.4e-05,-4.267606240177032,0,-4.0201191902160645
14375,CN(CCCO*)C(=O)C(C)(C)COC(=O)*,CN(CCCO[*])C(=O)C(C)(C)COC(=O)[*],[*]CCCOC(=O)OCC(C)(C)C(=O)N([*])C,4.17e-05,-4.379863945026242,2,-4.393520355224609
14376,N#CCN(CCOCCO*)CCOC(=O)*,N#CCN(CCOCCO[*])CCOC(=O)[*],[*]CCOCCOC(=O)OCCN([*])CC#N,0.000205,-3.688246138944246,0,-3.6751976013183594
14377,CCCC(CC(=O)NCCOC(=O)*)O*,CCCC(CC(=O)NCCOC(=O)[*])O[*],[*]CC(=O)NCCOC(=O)OC([*])CCC,7.61e-05,-4.118615343229427,2,-4.281179904937744
14378,CCCC(CC(=O)OCCOC(=O)*)O*,CCCC(CC(=O)OCCOC(=O)[*])O[*],[*]CC(=O)OCCOC(=O)OC([*])CCC,5.57e-05,-4.2541448048262716,0,-4.273217678070068
14379,CC(O*)C(=O)OCCCNC(=O)*,CC(O[*])C(=O)OCCCNC(=O)[*],[*]OC(=O)NCCCOC(=O)C([*])C,5.5e-05,-4.259637310505756,2,-4.231288909912109
14380,CN(CC#N)CC(OC(=O)*)C(C)(C)O*,CN(CC#N)CC(OC(=O)[*])C(C)(C)O[*],[*]OC(=O)OC(C)(C)C([*])CN(C)CC#N,5.42e-05,-4.266000713461613,2,-4.261597156524658
14381,C#CCN(CC#N)CC(OC(=O)*)C(C)O*,C#CCN(CC#N)CC(OC(=O)[*])C(C)O[*],[*]OC(=O)OC(C)C([*])CN(CC#C)CC#N,5.17e-05,-4.286509456906058,0,-4.234193801879883
14382,CN(CCCCCN*)CCOC(=O)*,CN(CCCCCN[*])CCOC(=O)[*],[*]CCCCCNC(=O)OCCN([*])C,6.33e-05,-4.198596289982645,3,-3.8298144340515137
14383,CC(C)(N*)C(=O)NCCCCNC(=O)*,CC(C)(N[*])C(=O)NCCCCNC(=O)[*],[*]NC(=O)NCCCCNC(=O)C([*])(C)C,8.51e-05,-4.070070439915412,2,-4.353440284729004
14384,COCC(CN(C)CCCO*)OC(=O)*,COCC(CN(C)CCCO[*])OC(=O)[*],[*]CN(C)CCCOC(=O)OC([*])COC,0.000149,-3.826813731587726,3,-3.988048553466797
14385,CC(CC(=O)NC(C)CCO*)NC(=O)*,CC(CC(=O)NC(C)CCO[*])NC(=O)[*],[*]CCOC(=O)NC(C)CC(=O)NC([*])C,4.2e-05,-4.376750709602099,0,-4.237087726593018
14386,CCSCCN(CCN*)CCOC(=O)*,CCSCCN(CCN[*])CCOC(=O)[*],[*]CCNC(=O)OCCN([*])CCSCC,0.000125,-3.9030899869919438,1,-3.822510242462158
14387,C=CCCC(CNCCOC(=O)*)O*,C=CCCC(CNCCOC(=O)[*])O[*],[*]CNCCOC(=O)OC([*])CCC=C,6.96e-05,-4.157390760389438,0,-4.075043201446533
14388,COCCN(CCCOC(=O)*)CCO*,COCCN(CCCOC(=O)[*])CCO[*],[*]CCCOC(=O)OCCN([*])CCOC,0.000177,-3.7520267336381936,2,-3.7567806243896484
14389,CC(O*)C(C)N(C)CC(C)(C)NC(=O)*,CC(O[*])C(C)N(C)CC(C)(C)NC(=O)[*],[*]OC(=O)NC(C)(C)CN(C)C(C)C([*])C,1.59e-05,-4.798602875679548,3,-4.393162727355957
14390,CCCOCCNCC(COC(=O)*)O*,CCCOCCNCC(COC(=O)[*])O[*],[*]COC(=O)OC([*])CNCCOCCC,7.31e-05,-4.13608262304214,1,-3.933685779571533
14391,CSCCN(CCO*)CCOC(=O)*,CSCCN(CCO[*])CCOC(=O)[*],[*]CCOC(=O)OCCN([*])CCSC,0.000159,-3.7986028756795487,0,-3.968482494354248
14392,CC(CCNC(C)CC(C)NC(=O)*)N*,CC(CCNC(C)CC(C)NC(=O)[*])N[*],[*]CC(C)NC(=O)NC(C)CCNC([*])C,7.08e-05,-4.149966742310231,2,-4.408174514770508
14393,CC(C)C(CNCC(C)(C)COC(=O)*)O*,CC(C)C(CNCC(C)(C)COC(=O)[*])O[*],[*]CNCC(C)(C)COC(=O)OC([*])C(C)C,2.75e-05,-4.560667306169737,1,-4.4990234375
14394,CCCCCN(CCCNC(=O)*)CCO*,CCCCCN(CCCNC(=O)[*])CCO[*],[*]CCCNC(=O)OCCN([*])CCCCC,6.4e-05,-4.1938200260161125,3,-4.092271327972412
14395,CC(=O)C=C(C)NC(=O)C(CCN*)NC(=O)*,CC(=O)C=C(C)NC(=O)C(CCN[*])NC(=O)[*],[*]CCNC(=O)NC([*])C(=O)NC(C)=CC(C)=O,5.27e-05,-4.278189384787454,0,-4.256113052368164
14396,CC(C)C#CC(=O)NC(C)(CO*)COC(=O)*,CC(C)C#CC(=O)NC(C)(CO[*])COC(=O)[*],[*]COC(=O)OCC([*])(C)NC(=O)C#CC(C)C,4.1e-05,-4.3872161432802645,0,-4.433157920837402
14397,CSCC(CNCCC(C)OC(=O)*)O*,CSCC(CNCCC(C)OC(=O)[*])O[*],[*]CNCCC(C)OC(=O)OC([*])CSC,9.04e-05,-4.043831569524636,3,-4.140169620513916
14398,C=CCOCC(CNCCCOC(=O)*)O*,C=CCOCC(CNCCCOC(=O)[*])O[*],[*]CNCCCOC(=O)OC([*])COCC=C,0.000132,-3.87942606879415,1,-3.9330861568450928
14399,CCN(CC(C)COC(=O)*)C(C)CO*,CCN(CC(C)COC(=O)[*])C(C)CO[*],[*]CC(C)COC(=O)OCC(C)N([*])CC,3.88e-05,-4.411168274405793,2,-4.298229694366455
14400,CN(CCCCN*)CCCCOC(=O)*,CN(CCCCN[*])CCCCOC(=O)[*],[*]CCCCNC(=O)OCCCCN([*])C,7e-05,-4.154901959985743,1,-4.020598411560059
14401,CCC(COC(=O)*)C(=O)NCC(CF)O*,CCC(COC(=O)[*])C(=O)NCC(CF)O[*],[*]COC(=O)OC(CF)CNC(=O)C([*])CC,3.58e-05,-4.446116973356125,1,-4.295711994171143
14402,CCCC(CN(C)C(C)CCO*)OC(=O)*,CCCC(CN(C)C(C)CCO[*])OC(=O)[*],[*]CN(C)C(C)CCOC(=O)OC([*])CCC,5.27e-05,-4.278189384787454,3,-4.204113006591797
14403,COCCCN(CCO*)CCOC(=O)*,COCCCN(CCO[*])CCOC(=O)[*],[*]CCOC(=O)OCCN([*])CCCOC,0.000133,-3.876148359032914,1,-3.740567207336426
14404,CCCC(O*)C(=O)NCC(CC)OC(=O)*,CCCC(O[*])C(=O)NCC(CC)OC(=O)[*],[*]OC(=O)OC(CC)CNC(=O)C([*])CCC,3.81e-05,-4.419075024324381,2,-4.290432453155518
14405,C=CCN(C)CC(OC(=O)*)C(C)O*,C=CCN(C)CC(OC(=O)[*])C(C)O[*],[*]OC(=O)OC(C)C([*])CN(C)CC=C,5.39e-05,-4.268411234813262,0,-4.236518383026123
14406,CCC(COC(=O)*)NCC(COC)O*,CCC(COC(=O)[*])NCC(COC)O[*],[*]COC(=O)OC(CNC([*])CC)COC,5.09e-05,-4.293282217663242,3,-4.08294677734375
14407,CN(CCO*)CC(C)(C)NC(=O)*,CN(CCO[*])CC(C)(C)NC(=O)[*],[*]CCOC(=O)NC(C)(C)CN([*])C,7.99e-05,-4.097453220686009,0,-4.237456798553467
14408,CC(CO*)(COC(=O)*)NC(=O)C(F)F,CC(CO[*])(COC(=O)[*])NC(=O)C(F)F,[*]COC(=O)OCC([*])(C)NC(=O)C(F)F,6.72e-05,-4.172630726946175,2,-4.511457920074463
14409,CC(C)C(COC(=O)*)NCCOCCO*,CC(C)C(COC(=O)[*])NCCOCCO[*],[*]COC(=O)OCCOCCNC([*])C(C)C,0.000152,-3.8181564120552274,1,-3.974299669265747
14410,CN(CCO*)C(COC(=O)*)CC(C)(C)C,CN(CCO[*])C(COC(=O)[*])CC(C)(C)C,[*]CCOC(=O)OCC(CC(C)(C)C)N([*])C,3.27e-05,-4.485452247339714,0,-4.483147144317627
14411,CC(C)(O*)C(=O)OCCCOC(=O)*,CC(C)(O[*])C(=O)OCCCOC(=O)[*],[*]OC(=O)OCCCOC(=O)C([*])(C)C,5.49e-05,-4.260427655549908,2,-4.181839942932129
14412,C#CCN(CCOCCO*)CCOC(=O)*,C#CCN(CCOCCO[*])CCOC(=O)[*],[*]CCOCCOC(=O)OCCN([*])CC#C,0.000191,-3.7189666327522723,2,-3.7492594718933105
14413,CC(C)(CNCCCO*)OC(=O)*,CC(C)(CNCCCO[*])OC(=O)[*],[*]CNCCCOC(=O)OC([*])(C)C,6.31e-05,-4.199970640755866,3,-4.246669769287109
14414,CCC(COC(=O)*)NCCO*,CCC(COC(=O)[*])NCCO[*],[*]COC(=O)OCCNC([*])CC,6.71e-05,-4.1732774798310075,2,-4.154779434204102
14415,COCCCN(CCOC(=O)*)CC(C)O*,COCCCN(CCOC(=O)[*])CC(C)O[*],[*]CCOC(=O)OC(C)CN([*])CCCOC,0.000121,-3.9172146296835497,1,-3.980710744857788
14416,C=CC(COC(=O)*)NCC(COC)O*,C=CC(COC(=O)[*])NCC(COC)O[*],[*]COC(=O)OC(CNC([*])C=C)COC,0.00013,-3.886056647693163,2,-4.100844860076904
14417,CN(C)CCCN(C)CC(COC(=O)*)O*,CN(C)CCCN(C)CC(COC(=O)[*])O[*],[*]COC(=O)OC([*])CN(C)CCCN(C)C,0.000162,-3.7904849854573692,1,-4.042694568634033
14418,CC(CNC(C)(CNC(=O)*)C(C)C)N*,CC(CNC(C)(CNC(=O)[*])C(C)C)N[*],[*]CNC(C)(CNC(=O)NC([*])C)C(C)C,5.01e-05,-4.300162274132754,2,-4.301881313323975
14419,C=CC(CNCCCCO*)OC(=O)*,C=CC(CNCCCCO[*])OC(=O)[*],[*]CNCCCCOC(=O)OC([*])C=C,0.000116,-3.9355420107730814,0,-4.072300910949707
14420,CC(C)C(CO*)NC(=O)COC(=O)*,CC(C)C(CO[*])NC(=O)COC(=O)[*],[*]COC(=O)OCC(=O)NC([*])C(C)C,6.94e-05,-4.158640529545145,2,-4.37216329574585
14421,CC(CNCC(F)(F)COC(=O)*)O*,CC(CNCC(F)(F)COC(=O)[*])O[*],[*]CNCC(F)(F)COC(=O)OC([*])C,5.8e-05,-4.236572006437063,2,-4.187594413757324
14422,CC(OC(=O)*)C(NC(=O)CN*)C(=O)O,CC(OC(=O)[*])C(NC(=O)CN[*])C(=O)O,[*]OC(=O)NCC(=O)NC(C(=O)O)C([*])C,2.64e-05,-4.578396073130169,1,-4.442243576049805
14423,CC(CC(=O)NCC(C)(C)NC(=O)*)N*,CC(CC(=O)NCC(C)(C)NC(=O)[*])N[*],[*]CC(=O)NCC(C)(C)NC(=O)NC([*])C,5.32e-05,-4.274088367704952,0,-4.3408331871032715
14424,CC#CCN(CCO*)CCOC(=O)*,CC#CCN(CCO[*])CCOC(=O)[*],[*]CCOC(=O)OCCN([*])CC#CC,8.04e-05,-4.094743951251549,1,-4.109379291534424
14425,CN(CCOCCN*)CC(C)(C)OC(=O)*,CN(CCOCCN[*])CC(C)(C)OC(=O)[*],[*]CCOCCNC(=O)OC(C)(C)CN([*])C,0.000134,-3.8728952016351923,3,-4.006101608276367
14426,CCN(CCOC(=O)*)C(=O)C(C)(C)O*,CCN(CCOC(=O)[*])C(=O)C(C)(C)O[*],[*]CCOC(=O)OC(C)(C)C(=O)N([*])CC,2.5e-05,-4.6020599913279625,2,-4.399422645568848
14427,CC(C)CC(C#N)NCC(COC(=O)*)O*,CC(C)CC(C#N)NCC(COC(=O)[*])O[*],[*]COC(=O)OC([*])CNC(C#N)CC(C)C,3.29e-05,-4.482804102050026,1,-4.377962589263916
14428,CN(C)CCCCNCC(COC(=O)*)O*,CN(C)CCCCNCC(COC(=O)[*])O[*],[*]COC(=O)OC([*])CNCCCCN(C)C,0.000119,-3.9244530386074694,2,-3.9962213039398193
14429,CC(N*)C(=O)NCCCCCOC(=O)*,CC(N[*])C(=O)NCCCCCOC(=O)[*],[*]NC(=O)OCCCCCNC(=O)C([*])C,8.58e-05,-4.066512712151295,1,-4.1250481605529785
14430,C#CCC(CO*)NC(=O)CC(C)(C)OC(=O)*,C#CCC(CO[*])NC(=O)CC(C)(C)OC(=O)[*],[*]COC(=O)OC(C)(C)CC(=O)NC([*])CC#C,3.79e-05,-4.421360790031928,0,-4.2843546867370605
14431,CC(N*)C(=O)NCC(F)(F)CNC(=O)*,CC(N[*])C(=O)NCC(F)(F)CNC(=O)[*],[*]NC(=O)NCC(F)(F)CNC(=O)C([*])C,4.57e-05,-4.34008379993015,3,-4.208215713500977
14432,CCCNC(=O)NCC(COC(=O)*)O*,CCCNC(=O)NCC(COC(=O)[*])O[*],[*]COC(=O)OC([*])CNC(=O)NCCC,9.33e-05,-4.0301183562535,1,-4.290802955627441
14433,CC(CNCCCN(C)CCO*)OC(=O)*,CC(CNCCCN(C)CCO[*])OC(=O)[*],[*]CNCCCN(C)CCOC(=O)OC([*])C,0.00016,-3.795880017344075,3,-3.9413843154907227
14434,C=CC(C)(CNCCOCCO*)OC(=O)*,C=CC(C)(CNCCOCCO[*])OC(=O)[*],[*]CNCCOCCOC(=O)OC([*])(C)C=C,0.000104,-3.9829666607012197,3,-4.026508331298828
14435,CN(CCCCCCNC(=O)*)CCCO*,CN(CCCCCCNC(=O)[*])CCCO[*],[*]CCCCCCNC(=O)OCCCN([*])C,0.000119,-3.9244530386074694,2,-3.907604932785034
14436,CC(C)CNC(=O)C(CO*)NC(=O)*,CC(C)CNC(=O)C(CO[*])NC(=O)[*],[*]COC(=O)NC([*])C(=O)NCC(C)C,3.69e-05,-4.432973633840939,0,-4.428114891052246
14437,CC(CNC(=O)CC(C)NC(=O)*)N*,CC(CNC(=O)CC(C)NC(=O)[*])N[*],[*]CNC(=O)CC(C)NC(=O)NC([*])C,5.32e-05,-4.274088367704952,3,-4.315962314605713
14438,C=C(Cl)CNC(CN*)CNC(=O)*,C=C(Cl)CNC(CN[*])CNC(=O)[*],[*]CNC(=O)NCC([*])NCC(=C)Cl,9.67e-05,-4.014573525916998,3,-4.145196914672852
14439,CC(NCCCOCCO*)C(C)OC(=O)*,CC(NCCCOCCO[*])C(C)OC(=O)[*],[*]NCCCOCCOC(=O)OC(C)C([*])C,9.87e-05,-4.005682847330363,0,-4.019306659698486
14440,C#CCN(CCO*)CCOC(=O)*,C#CCN(CCO[*])CCOC(=O)[*],[*]CCOC(=O)OCCN([*])CC#C,8.06e-05,-4.09366495819491,1,-3.9662935733795166
14441,CCN(CC(C)(C)OC(=O)*)C(=O)C(C)O*,CCN(CC(C)(C)OC(=O)[*])C(=O)C(C)O[*],[*]CC(C)(C)OC(=O)OC(C)C(=O)N([*])CC,3.38e-05,-4.471083299722345,0,-4.512617588043213
14442,CN(CCCCOC(=O)*)CCO*,CN(CCCCOC(=O)[*])CCO[*],[*]CCCCOC(=O)OCCN([*])C,0.000143,-3.844663962534938,2,-3.9114818572998047
14443,CC(OC(=O)*)C(CN(C)C(C)C(=O)O)O*,CC(OC(=O)[*])C(CN(C)C(C)C(=O)O)O[*],[*]OC(=O)OC(CN(C)C(C)C(=O)O)C([*])C,3.19e-05,-4.496209316942819,1,-4.275903224945068
14444,C=CCOCCN(CCO*)CCOC(=O)*,C=CCOCCN(CCO[*])CCOC(=O)[*],[*]CCOC(=O)OCCN([*])CCOCC=C,0.000137,-3.8632794328435933,2,-3.7880699634552
14445,CC(C)C(CO*)NC(=O)CNC(=O)*,CC(C)C(CO[*])NC(=O)CNC(=O)[*],[*]COC(=O)NCC(=O)NC([*])C(C)C,4.32e-05,-4.364516253185088,1,-4.3959527015686035
14446,COCCCN(C)CC(CO*)OC(=O)*,COCCCN(C)CC(CO[*])OC(=O)[*],[*]COC(=O)OC([*])CN(C)CCCOC,0.000157,-3.8041003475907664,2,-3.9646220207214355
14447,CC(CC(C)(C)O*)NCC(C)OC(=O)*,CC(CC(C)(C)O[*])NCC(C)OC(=O)[*],[*]CC(C)(C)OC(=O)OC(C)CNC([*])C,5.69e-05,-4.244887733604929,1,-4.457564353942871
14448,CCCC(CCNC(=O)CCO*)OC(=O)*,CCCC(CCNC(=O)CCO[*])OC(=O)[*],[*]CCNC(=O)CCOC(=O)OC([*])CCC,4.37e-05,-4.359518563029578,3,-4.231049060821533
14449,COCCN(CCO*)CCC(C)OC(=O)*,COCCN(CCO[*])CCC(C)OC(=O)[*],[*]CCOC(=O)OC(C)CCN([*])CCOC,0.000101,-3.9956786262173574,2,-3.9456980228424072
14450,CC(C)C(CNC(=O)*)CN(C)CCN*,CC(C)C(CNC(=O)[*])CN(C)CCN[*],[*]CNC(=O)NCCN(C)CC([*])C(C)C,5.46e-05,-4.262807357295263,1,-4.268517017364502
14451,CCCC(O*)C(=O)NCC(C)NC(=O)*,CCCC(O[*])C(=O)NCC(C)NC(=O)[*],[*]OC(=O)NC(C)CNC(=O)C([*])CCC,2.97e-05,-4.527243550682788,2,-4.327856540679932
14452,CC(CCNC(=O)*)NC(=O)CCN*,CC(CCNC(=O)[*])NC(=O)CCN[*],[*]CCNC(=O)NCCC(=O)NC([*])C,6.18e-05,-4.209011524911184,2,-4.212777614593506
14453,CC(C)CC(CO*)NCC(C)(C)OC(=O)*,CC(C)CC(CO[*])NCC(C)(C)OC(=O)[*],[*]COC(=O)OC(C)(C)CNC([*])CC(C)C,3.39e-05,-4.4698003017969175,0,-4.54063606262207
14454,CN(CCCN*)CCOCCNC(=O)*,CN(CCCN[*])CCOCCNC(=O)[*],[*]CCCNC(=O)NCCOCCN([*])C,0.000163,-3.7878123955960423,3,-3.7459774017333984
14455,CC(C)(CNCCCC(C)(C)OC(=O)*)O*,CC(C)(CNCCCC(C)(C)OC(=O)[*])O[*],[*]CCCNCC(C)(C)OC(=O)OC([*])(C)C,3.79e-05,-4.421360790031928,2,-4.411404132843018
14456,CC#CCC(CO*)NC(=O)CCOC(=O)*,CC#CCC(CO[*])NC(=O)CCOC(=O)[*],[*]COC(=O)OCCC(=O)NC([*])CC#CC,6.33e-05,-4.198596289982645,3,-4.276453018188477
14457,CC(C)C(CNC(=O)CNC(=O)*)CO*,CC(C)C(CNC(=O)CNC(=O)[*])CO[*],[*]CNC(=O)CNC(=O)OCC([*])C(C)C,5.85e-05,-4.23284413391782,3,-4.28581428527832
14458,C=C(COC(=O)*)C(=O)NC(CO*)C(C)C,C=C(COC(=O)[*])C(=O)NC(CO[*])C(C)C,[*]COC(=O)OCC(NC(=O)C([*])=C)C(C)C,4.62e-05,-4.335358024443875,1,-4.388600826263428
14459,CC(O*)C(=O)OCCCC(C)(C)OC(=O)*,CC(O[*])C(=O)OCCCC(C)(C)OC(=O)[*],[*]OC(=O)OC(C)(C)CCCOC(=O)C([*])C,2.3e-05,-4.638272163982407,3,-4.455787658691406
14460,CCN(CCOC(=O)*)CC(C)(O*)C(F)F,CCN(CCOC(=O)[*])CC(C)(O[*])C(F)F,[*]CCOC(=O)OC(C)(CN([*])CC)C(F)F,5.88e-05,-4.230622673923862,0,-4.30279016494751
14461,CCCN(CC(COC(=O)*)O*)C(C)(C)C,CCCN(CC(COC(=O)[*])O[*])C(C)(C)C,[*]COC(=O)OC([*])CN(CCC)C(C)(C)C,2.39e-05,-4.621602099051862,2,-4.610769748687744
14462,CCOCCC(CN(C)CCOC(=O)*)O*,CCOCCC(CN(C)CCOC(=O)[*])O[*],[*]CN(C)CCOC(=O)OC([*])CCOCC,0.000148,-3.8297382846050425,0,-3.985856533050537
14463,CCC(C)C(C)(CNC(=O)CO*)OC(=O)*,CCC(C)C(C)(CNC(=O)CO[*])OC(=O)[*],[*]CNC(=O)COC(=O)OC([*])(C)C(C)CC,3.45e-05,-4.462180904926726,0,-4.593819618225098
14464,CCN(CCOCCO*)C(C)COC(=O)*,CCN(CCOCCO[*])C(C)COC(=O)[*],[*]CCOCCOC(=O)OCC(C)N([*])CC,0.000111,-3.9546770212133424,0,-3.8347582817077637
14465,CC(OC(=O)*)C(O*)C(=O)O,CC(OC(=O)[*])C(O[*])C(=O)O,[*]OC(=O)OC(C(=O)O)C([*])C,4.45e-05,-4.351639989019068,1,-4.567793846130371
14466,CNC(CO*)COC(=O)*,CNC(CO[*])COC(=O)[*],[*]COC(=O)OCC([*])NC,6.42e-05,-4.192464971931146,0,-4.159238815307617
14467,CCCC(CNC(=O)C(C)NC(=O)*)O*,CCCC(CNC(=O)C(C)NC(=O)[*])O[*],[*]CNC(=O)C(C)NC(=O)OC([*])CCC,3.56e-05,-4.448550002027125,0,-4.356398582458496
14468,CC(C)(C)OC(=O)C(CNC(=O)*)N*,CC(C)(C)OC(=O)C(CNC(=O)[*])N[*],[*]CNC(=O)NC([*])C(=O)OC(C)(C)C,3.52e-05,-4.453457336521869,0,-4.361339569091797
14469,CC(CCNC(=O)CCO*)OC(=O)*,CC(CCNC(=O)CCO[*])OC(=O)[*],[*]CCNC(=O)CCOC(=O)OC([*])C,8.33e-05,-4.079354998593212,2,-4.204794406890869
14470,CCN(CC)CC(O*)C(C)(C)OC(=O)*,CCN(CC)CC(O[*])C(C)(C)OC(=O)[*],[*]OC(=O)OC(C)(C)C([*])CN(CC)CC,2.95e-05,-4.530177984021837,0,-4.297985553741455
14471,CN(CCCCO*)CCNC(=O)*,CN(CCCCO[*])CCNC(=O)[*],[*]CCCCOC(=O)NCCN([*])C,8.19e-05,-4.086716098239582,0,-3.916503429412842
14472,CN(CCCCN*)CCOC(=O)*,CN(CCCCN[*])CCOC(=O)[*],[*]CCCCNC(=O)OCCN([*])C,0.000112,-3.9507819773298185,3,-3.9358296394348145
14473,CCC(CN(CCOC)CCO*)OC(=O)*,CCC(CN(CCOC)CCO[*])OC(=O)[*],[*]CN(CCOC)CCOC(=O)OC([*])CC,0.000105,-3.9788107009300617,2,-3.9082677364349365
14474,NC(=O)C(O*)C(OC(=O)*)C(N)=O,NC(=O)C(O[*])C(OC(=O)[*])C(N)=O,[*]OC(=O)OC(C(N)=O)C([*])C(N)=O,6.63e-05,-4.178486471595227,1,-4.340132713317871
14475,CCN(CCN*)CC(COC)OC(=O)*,CCN(CCN[*])CC(COC)OC(=O)[*],[*]CCNC(=O)OC(COC)CN([*])CC,0.00013,-3.886056647693163,1,-3.9839131832122803
14476,C=CC(C)(OC(=O)*)C(=O)NC(C)CN*,C=CC(C)(OC(=O)[*])C(=O)NC(C)CN[*],[*]OC(=O)NCC(C)NC(=O)C([*])(C)C=C,7.65e-05,-4.116338564846382,1,-4.334930896759033
14477,CC(CNCC(CF)OC(=O)*)O*,CC(CNCC(CF)OC(=O)[*])O[*],[*]CNCC(CF)OC(=O)OC([*])C,4.46e-05,-4.350665141287858,1,-4.258116245269775
14478,C=CC(=O)N(C)CC(C)(CO*)COC(=O)*,C=CC(=O)N(C)CC(C)(CO[*])COC(=O)[*],[*]COC(=O)OCC([*])(C)CN(C)C(=O)C=C,4.62e-05,-4.335358024443875,2,-4.5391459465026855
14479,CC(C)CCCN(CCN*)CCNC(=O)*,CC(C)CCCN(CCN[*])CCNC(=O)[*],[*]CCNC(=O)NCCN([*])CCCC(C)C,6.08e-05,-4.216096420727265,0,-4.212838172912598
14480,CCC(CN(C)CCCCO*)NC(=O)*,CCC(CN(C)CCCCO[*])NC(=O)[*],[*]CN(C)CCCCOC(=O)NC([*])CC,6.46e-05,-4.189767482004916,0,-4.178000450134277
14481,CN(CCCN*)CCCOC(=O)*,CN(CCCN[*])CCCOC(=O)[*],[*]CCCNC(=O)OCCCN([*])C,8.57e-05,-4.0670191780768015,1,-4.044837951660156
14482,CCN(CCN(C)C)CC(CO*)OC(=O)*,CCN(CCN(C)C)CC(CO[*])OC(=O)[*],[*]COC(=O)OC([*])CN(CC)CCN(C)C,0.000107,-3.9706162223147903,1,-4.07086181640625
14483,COCCN(CC(C)OC(=O)*)C(C)CO*,COCCN(CC(C)OC(=O)[*])C(C)CO[*],[*]CC(C)OC(=O)OCC(C)N([*])CCOC,8.21e-05,-4.085656842880559,1,-4.217681884765625
14484,CCN(CC(C)(C)OC(=O)*)C(=O)CO*,CCN(CC(C)(C)OC(=O)[*])C(=O)CO[*],[*]CC(C)(C)OC(=O)OCC(=O)N([*])CC,2.44e-05,-4.61261017366127,3,-4.399446487426758
14485,CCCC(C)(CO*)NC(=O)COC(=O)*,CCCC(C)(CO[*])NC(=O)COC(=O)[*],[*]COC(=O)OCC(=O)NC([*])(C)CCC,4.92e-05,-4.308034897232639,0,-4.459582328796387
14486,CCN(CCOCCO*)CCOC(=O)*,CCN(CCOCCO[*])CCOC(=O)[*],[*]CCOCCOC(=O)OCCN([*])CC,0.000166,-3.779891911959945,0,-3.6725385189056396
14487,CC(C)C(C)(CNC(=O)*)NC(=O)CN*,CC(C)C(C)(CNC(=O)[*])NC(=O)CN[*],[*]CNC(=O)NCC(=O)NC([*])(C)C(C)C,2.45e-05,-4.610833915635467,1,-4.438629150390625
14488,CSCCCNC(CO*)COC(=O)*,CSCCCNC(CO[*])COC(=O)[*],[*]COC(=O)OCC([*])NCCCSC,6.64e-05,-4.1778319206319825,3,-4.120759010314941
14489,O=C(CC(CN*)OC(=O)*)NCCC(F)F,O=C(CC(CN[*])OC(=O)[*])NCCC(F)F,[*]CNC(=O)OC([*])CC(=O)NCCC(F)F,3.75e-05,-4.425968732272281,1,-4.178019046783447
14490,CCOCCN(C)CC(CO*)OC(=O)*,CCOCCN(C)CC(CO[*])OC(=O)[*],[*]COC(=O)OC([*])CN(C)CCOCC,9.48e-05,-4.023191662661934,0,-4.054383277893066
14491,CCC(NC(=O)*)C(=O)NOCC(C)N*,CCC(NC(=O)[*])C(=O)NOCC(C)N[*],[*]NC(=O)NC(C)CONC(=O)C([*])CC,6.36e-05,-4.196542884351586,2,-4.406089782714844
14492,C#CC(C)N(C)CC(CO*)OC(=O)*,C#CC(C)N(C)CC(CO[*])OC(=O)[*],[*]COC(=O)OC([*])CN(C)C(C)C#C,3.45e-05,-4.462180904926726,0,-4.267152309417725
14493,CC(C)(CONC(=O)C(C)(C)OC(=O)*)O*,CC(C)(CONC(=O)C(C)(C)OC(=O)[*])O[*],[*]CONC(=O)C(C)(C)OC(=O)OC([*])(C)C,5e-05,-4.301029995663981,1,-4.323360443115234
14494,CC(C)N(CCO*)CCOCCOC(=O)*,CC(C)N(CCO[*])CCOCCOC(=O)[*],[*]CCOCCOC(=O)OCCN([*])C(C)C,0.000169,-3.7721132953863266,3,-3.8914828300476074
14495,CCOCCN(CCCOC(=O)*)CCO*,CCOCCN(CCCOC(=O)[*])CCO[*],[*]CCCOC(=O)OCCN([*])CCOCC,0.000195,-3.709965388637482,3,-3.876325845718384
14496,CCCCN(C)C(=O)C(COC(=O)*)N*,CCCCN(C)C(=O)C(COC(=O)[*])N[*],[*]COC(=O)NC([*])C(=O)N(C)CCCC,4.01e-05,-4.396855627379818,3,-4.4934210777282715
14497,CC(CO*)NCC(OC(=O)*)C(C)(C)C,CC(CO[*])NCC(OC(=O)[*])C(C)(C)C,[*]COC(=O)OC(CNC([*])C)C(C)(C)C,3.08e-05,-4.511449283499556,0,-4.423154830932617
14498,CCCCC(=O)NC(CO*)COC(=O)*,CCCCC(=O)NC(CO[*])COC(=O)[*],[*]COC(=O)OCC([*])NC(=O)CCCC,5.76e-05,-4.239577516576788,0,-4.350739002227783
14499,CC(=O)C(C)(C)NCC(CO*)OC(=O)*,CC(=O)C(C)(C)NCC(CO[*])OC(=O)[*],[*]COC(=O)OC([*])CNC(C)(C)C(C)=O,3.4e-05,-4.468521082957745,2,-4.312344074249268
14500,COCC(CNCCCCCOC(=O)*)O*,COCC(CNCCCCCOC(=O)[*])O[*],[*]CNCCCCCOC(=O)OC([*])COC,0.000118,-3.9281179926938745,1,-3.870279550552368
14501,CCN(CCCO*)CCOCCNC(=O)*,CCN(CCCO[*])CCOCCNC(=O)[*],[*]CCCOC(=O)NCCOCCN([*])CC,0.000238,-3.623423042943488,2,-3.744537353515625
14502,COCCN(CCCCOC(=O)*)CCO*,COCCN(CCCCOC(=O)[*])CCO[*],[*]CCCCOC(=O)OCCN([*])CCOC,0.000169,-3.7721132953863266,0,-3.68579363822937
14503,C=C(CO*)C(=O)N(C)CC(C)(C)OC(=O)*,C=C(CO[*])C(=O)N(C)CC(C)(C)OC(=O)[*],[*]COC(=O)OC(C)(C)CN(C)C(=O)C([*])=C,8.8e-05,-4.055517327849832,0,-4.408295631408691
14504,CCN(CCCOC(=O)*)CCO*,CCN(CCCOC(=O)[*])CCO[*],[*]CCCOC(=O)OCCN([*])CC,0.000114,-3.9430951486635273,3,-3.9597549438476562
14505,CN(CCOCCOC(=O)*)CC(C)(C)O*,CN(CCOCCOC(=O)[*])CC(C)(C)O[*],[*]CCOCCOC(=O)OC(C)(C)CN([*])C,0.000133,-3.876148359032914,0,-4.033658981323242
14506,COCCCCN(CCO*)CCOC(=O)*,COCCCCN(CCO[*])CCOC(=O)[*],[*]CCOC(=O)OCCN([*])CCCCOC,0.000151,-3.8210230527068307,0,-3.829918622970581
14507,CC(C)C(CNC(=O)CN*)NC(=O)*,CC(C)C(CNC(=O)CN[*])NC(=O)[*],[*]CNC(=O)CNC(=O)NC([*])C(C)C,8.45e-05,-4.073143291050307,2,-4.365459442138672
14508,CC(CCN(C)CCOCCN*)OC(=O)*,CC(CCN(C)CCOCCN[*])OC(=O)[*],[*]CCN(C)CCOCCNC(=O)OC([*])C,0.000169,-3.7721132953863266,3,-3.8921866416931152
14509,CC(C)(CCC(N*)C(=O)O)NC(=O)*,CC(C)(CCC(N[*])C(=O)O)NC(=O)[*],[*]CCC(NC(=O)NC([*])(C)C)C(=O)O,5.83e-05,-4.2343314452409855,0,-4.48511266708374
14510,CC(CNCCCOCCOC(=O)*)O*,CC(CNCCCOCCOC(=O)[*])O[*],[*]CNCCCOCCOC(=O)OC([*])C,0.000205,-3.688246138944246,2,-3.8227901458740234
14511,C=C(CO*)C(=O)N(C)CCCOC(=O)*,C=C(CO[*])C(=O)N(C)CCCOC(=O)[*],[*]COC(=O)OCCCN(C)C(=O)C([*])=C,8.78e-05,-4.056505484093897,1,-4.287454605102539
14512,C=CC(C)(O*)C(=O)NCCOC(=O)*,C=CC(C)(O[*])C(=O)NCCOC(=O)[*],[*]OC(=O)OCCNC(=O)C([*])(C)C=C,0.000126,-3.899629454882437,0,-4.170910835266113
14513,CC(C)(C)C(CC(=O)NCCOC(=O)*)N*,CC(C)(C)C(CC(=O)NCCOC(=O)[*])N[*],[*]CC(=O)NCCOC(=O)NC([*])C(C)(C)C,3.66e-05,-4.436518914605589,1,-4.425197601318359
14514,CC(CN*)N(C)C(=O)CCNC(=O)*,CC(CN[*])N(C)C(=O)CCNC(=O)[*],[*]CNC(=O)NCCC(=O)N(C)C([*])C,3.74e-05,-4.42712839779952,0,-4.430222511291504
14515,C=CC=CCC(=O)N(C)CC(COC(=O)*)O*,C=CC=CCC(=O)N(C)CC(COC(=O)[*])O[*],[*]COC(=O)OC([*])CN(C)C(=O)CC=CC=C,4.46e-05,-4.350665141287858,1,-4.352601051330566
14516,C=CC(CO*)NCC(C)(C)OC(=O)*,C=CC(CO[*])NCC(C)(C)OC(=O)[*],[*]COC(=O)OC(C)(C)CNC([*])C=C,5.32e-05,-4.274088367704952,1,-4.317584991455078
14517,COCCCN(CCCOC(=O)*)CCO*,COCCCN(CCCOC(=O)[*])CCO[*],[*]CCCOC(=O)OCCN([*])CCCOC,0.00011,-3.958607314841775,1,-3.705242156982422
14518,CC(CCCNC(=O)CCOC(=O)*)CO*,CC(CCCNC(=O)CCOC(=O)[*])CO[*],[*]CCCNC(=O)CCOC(=O)OCC([*])C,4.67e-05,-4.330683119433888,0,-4.16830587387085
14519,O=C(CCCF)NC(CO*)COC(=O)*,O=C(CCCF)NC(CO[*])COC(=O)[*],[*]COC(=O)OCC([*])NC(=O)CCCF,7.63e-05,-4.117475462045119,0,-4.311740875244141
14520,CCC(CNC(=O)CCOC(=O)*)O*,CCC(CNC(=O)CCOC(=O)[*])O[*],[*]CNC(=O)CCOC(=O)OC([*])CC,8.05e-05,-4.094204119632131,1,-4.1527581214904785
14521,CC(CCOC(=O)*)N(C)C(=O)CO*,CC(CCOC(=O)[*])N(C)C(=O)CO[*],[*]CCOC(=O)OCC(=O)N(C)C([*])C,4.98e-05,-4.302770657240282,1,-4.313165187835693
14522,CN(CC(CNC(=O)*)O*)C(=O)C(C)(F)F,CN(CC(CNC(=O)[*])O[*])C(=O)C(C)(F)F,[*]CNC(=O)OC([*])CN(C)C(=O)C(C)(F)F,3.72e-05,-4.429457060118103,1,-4.444096088409424
14523,CC(C)CC(N*)C(=O)NCC(C)NC(=O)*,CC(C)CC(N[*])C(=O)NCC(C)NC(=O)[*],[*]NC(=O)NC(C)CNC(=O)C([*])CC(C)C,5.46e-05,-4.262807357295263,1,-4.4359612464904785
14524,C[Si](C)(C)CNC(=O)C(CN*)NC(=O)*,C[Si](C)(C)CNC(=O)C(CN[*])NC(=O)[*],[*]CNC(=O)NC([*])C(=O)NC[Si](C)(C)C,5.95e-05,-4.22548303427145,3,-4.323739528656006
14525,CC(CO*)CN(C)CCOCCOC(=O)*,CC(CO[*])CN(C)CCOCCOC(=O)[*],[*]COC(=O)OCCOCCN(C)CC([*])C,0.000172,-3.764471553092451,3,-3.7949626445770264
14526,CC(CCN*)NC(=O)C(C)(C)NC(=O)*,CC(CCN[*])NC(=O)C(C)(C)NC(=O)[*],[*]CCNC(=O)NC(C)(C)C(=O)NC([*])C,5.6e-05,-4.251811972993799,3,-4.23148775100708
14527,C=CC(CO*)NCCCOC(=O)*,C=CC(CO[*])NCCCOC(=O)[*],[*]COC(=O)OCCCNC([*])C=C,0.000126,-3.899629454882437,1,-4.100897789001465
14528,CC(CCN(C)C(=O)CN*)OC(=O)*,CC(CCN(C)C(=O)CN[*])OC(=O)[*],[*]CCN(C)C(=O)CNC(=O)OC([*])C,4.95e-05,-4.305394801066432,3,-4.393098831176758
14529,COCC(C)NC(CO*)C(C)OC(=O)*,COCC(C)NC(CO[*])C(C)OC(=O)[*],[*]COC(=O)OC(C)C([*])NC(C)COC,2.95e-05,-4.530177984021837,2,-4.271577835083008
14530,NC(=O)N(CO*)COC(=O)*,NC(=O)N(CO[*])COC(=O)[*],[*]COC(=O)OCN([*])C(N)=O,7.06e-05,-4.151195298948196,2,-4.151292324066162
14531,CC(C)(C)C(OC(=O)*)C(=O)NCC#CCO*,CC(C)(C)C(OC(=O)[*])C(=O)NCC#CCO[*],[*]OC(=O)OCC#CCNC(=O)C([*])C(C)(C)C,5.06e-05,-4.295849483160201,2,-4.497945308685303
14532,CCC(CNCCCOCCOC(=O)*)O*,CCC(CNCCCOCCOC(=O)[*])O[*],[*]CNCCCOCCOC(=O)OC([*])CC,0.0001,-4.0,1,-3.954164981842041
14533,CCC(CCNC(=O)CCNC(=O)*)O*,CCC(CCNC(=O)CCNC(=O)[*])O[*],[*]CCNC(=O)CCNC(=O)OC([*])CC,8.44e-05,-4.073657553374345,3,-4.288707256317139
14534,CCC(COC(=O)*)N(C)CCOCCO*,CCC(COC(=O)[*])N(C)CCOCCO[*],[*]COC(=O)OCCOCCN(C)C([*])CC,0.000244,-3.612610173661271,0,-4.03126335144043
14535,CC(CCOC(=O)*)N(C)CCOCCO*,CC(CCOC(=O)[*])N(C)CCOCCO[*],[*]CCOC(=O)OCCOCCN(C)C([*])C,0.000151,-3.8210230527068307,0,-3.878511428833008
14536,CCNC(=S)NC(COC(=O)*)C(C)O*,CCNC(=S)NC(COC(=O)[*])C(C)O[*],[*]COC(=O)OC(C)C([*])NC(=S)NCC,3.64e-05,-4.438898616350944,0,-4.359469413757324
14537,CC(CN(C)CCCNC(=O)*)N*,CC(CN(C)CCCNC(=O)[*])N[*],[*]CN(C)CCCNC(=O)NC([*])C,7.38e-05,-4.131943638176958,2,-4.15019416809082
14538,COCC(NC(=O)*)C(C)(C)O*,COCC(NC(=O)[*])C(C)(C)O[*],[*]NC(=O)OC(C)(C)C([*])COC,3.73e-05,-4.428291168191312,1,-4.37648868560791
14539,COCC(CNCCCCO*)OC(=O)*,COCC(CNCCCCO[*])OC(=O)[*],[*]CNCCCCOC(=O)OC([*])COC,9.83e-05,-4.007446482167865,3,-3.926893949508667
14540,CCC=C(F)C(=O)NCC(CNC(=O)*)O*,CCC=C(F)C(=O)NCC(CNC(=O)[*])O[*],[*]CNC(=O)OC([*])CNC(=O)C(F)=CCC,4.56e-05,-4.341035157335565,3,-4.377535343170166
14541,CCC(O*)C(C)C(=O)NCCOC(=O)*,CCC(O[*])C(C)C(=O)NCCOC(=O)[*],[*]OC(=O)OCCNC(=O)C(C)C([*])CC,5.85e-05,-4.23284413391782,3,-4.465112209320068
14542,CC(C)C(CNCCOCCOC(=O)*)O*,CC(C)C(CNCCOCCOC(=O)[*])O[*],[*]CNCCOCCOC(=O)OC([*])C(C)C,0.000107,-3.9706162223147903,1,-4.035149097442627
14543,CC(CN(C)CCOCCN*)OC(=O)*,CC(CN(C)CCOCCN[*])OC(=O)[*],[*]CN(C)CCOCCNC(=O)OC([*])C,0.00016,-3.795880017344075,2,-3.81252384185791
14544,CCOC(=O)C(C)(CO*)NC(=O)*,CCOC(=O)C(C)(CO[*])NC(=O)[*],[*]COC(=O)NC([*])(C)C(=O)OCC,6.75e-05,-4.170696227168975,2,-4.4602742195129395
14545,CC(C)CC(N*)C(=O)NCCNC(=O)*,CC(C)CC(N[*])C(=O)NCCNC(=O)[*],[*]NC(=O)NCCNC(=O)C([*])CC(C)C,6.07e-05,-4.2168113089247425,1,-4.351352691650391
14546,CC(C)C(CCO*)NCCOC(=O)*,CC(C)C(CCO[*])NCCOC(=O)[*],[*]CCOC(=O)OCCNC([*])C(C)C,5.26e-05,-4.279014255846261,3,-4.19045877456665
14547,CC(CN*)N(C)CCOCCNC(=O)*,CC(CN[*])N(C)CCOCCNC(=O)[*],[*]CNC(=O)NCCOCCN(C)C([*])C,0.000161,-3.7931741239681505,1,-3.9465997219085693
14548,CN(CCOCCOC(=O)*)CC(C)(C)N*,CN(CCOCCOC(=O)[*])CC(C)(C)N[*],[*]CCOCCOC(=O)NC(C)(C)CN([*])C,0.000117,-3.9318141382538383,2,-4.10150671005249
14549,COCC(C)(CNC(C)CCO*)OC(=O)*,COCC(C)(CNC(C)CCO[*])OC(=O)[*],[*]CNC(C)CCOC(=O)OC([*])(C)COC,6.64e-05,-4.1778319206319825,2,-4.216536521911621
14550,CCC(C)C(NC(=O)*)C(=O)NCCCO*,CCC(C)C(NC(=O)[*])C(=O)NCCCO[*],[*]NC(=O)OCCCNC(=O)C([*])C(C)CC,2.51e-05,-4.600326278518962,2,-4.4126176834106445
14551,COCCCN(CCNC(=O)*)CCO*,COCCCN(CCNC(=O)[*])CCO[*],[*]CCNC(=O)OCCN([*])CCCOC,0.000148,-3.8297382846050425,3,-3.8111095428466797
14552,CC(CCCOC(=O)COC(=O)*)O*,CC(CCCOC(=O)COC(=O)[*])O[*],[*]CCCOC(=O)COC(=O)OC([*])C,4.32e-05,-4.364516253185088,3,-4.269330024719238
14553,CN(CCOC(=O)*)CC(C)(O*)C(F)F,CN(CCOC(=O)[*])CC(C)(O[*])C(F)F,[*]CCOC(=O)OC(C)(CN([*])C)C(F)F,3.65e-05,-4.437707135543525,2,-4.353444576263428
14554,C=CCOCCNC(CO*)COC(=O)*,C=CCOCCNC(CO[*])COC(=O)[*],[*]COC(=O)OCC([*])NCCOCC=C,9.35e-05,-4.029188389127483,3,-4.0268659591674805
14555,CCC(CNC(C)CCO*)OC(=O)*,CCC(CNC(C)CCO[*])OC(=O)[*],[*]CNC(C)CCOC(=O)OC([*])CC,8.26e-05,-4.083019952679618,1,-4.1142473220825195
14556,CCCCC(=O)NCC(CNC(=O)*)O*,CCCCC(=O)NCC(CNC(=O)[*])O[*],[*]CNC(=O)OC([*])CNC(=O)CCCC,4.64e-05,-4.333482019445119,0,-4.234615802764893
14557,CCC(CO*)C(=O)N(C)CCOC(=O)*,CCC(CO[*])C(=O)N(C)CCOC(=O)[*],[*]COC(=O)OCCN(C)C(=O)C([*])CC,3.39e-05,-4.4698003017969175,3,-4.3074631690979
14558,C=CCCN(CCCOC(=O)*)CCO*,C=CCCN(CCCOC(=O)[*])CCO[*],[*]CCCOC(=O)OCCN([*])CCC=C,8.97e-05,-4.047207556955908,1,-3.842992067337036
14559,COC(=O)C(C)(COC(=O)*)N*,COC(=O)C(C)(COC(=O)[*])N[*],[*]COC(=O)NC([*])(C)C(=O)OC,3.97e-05,-4.401209493236885,0,-4.442221641540527
14560,CC(C)(COC(=O)*)ONC(=O)C(C)(C)O*,CC(C)(COC(=O)[*])ONC(=O)C(C)(C)O[*],[*]COC(=O)OC(C)(C)C(=O)NOC([*])(C)C,6.12e-05,-4.213248577854439,2,-4.316347599029541
14561,C=CCN(CCO*)CCOC(=O)*,C=CCN(CCO[*])CCOC(=O)[*],[*]CCOC(=O)OCCN([*])CC=C,0.000109,-3.962573502059376,3,-3.9340434074401855
14562,CCC(CNC(=O)CC(C)(C)N*)NC(=O)*,CCC(CNC(=O)CC(C)(C)N[*])NC(=O)[*],[*]CNC(=O)CC(C)(C)NC(=O)NC([*])CC,4.63e-05,-4.334419008982047,0,-4.2540364265441895
14563,CC(CSCCO*)(OC(=O)*)C(F)F,CC(CSCCO[*])(OC(=O)[*])C(F)F,[*]CSCCOC(=O)OC([*])(C)C(F)F,7.45e-05,-4.127843727251707,2,-4.104104042053223
14564,CN(CCO*)CCOC(=O)*,CN(CCO[*])CCOC(=O)[*],[*]CCOC(=O)OCCN([*])C,0.000182,-3.7399286120149253,0,-3.9118244647979736
14565,CNCCCN(CCCO*)CCOC(=O)*,CNCCCN(CCCO[*])CCOC(=O)[*],[*]CCCOC(=O)OCCN([*])CCCNC,0.000116,-3.9355420107730814,1,-3.9421443939208984
14566,CN(CCCO*)C(=O)CC(C)(C)NC(=O)*,CN(CCCO[*])C(=O)CC(C)(C)NC(=O)[*],[*]CCCOC(=O)NC(C)(C)CC(=O)N([*])C,5.34e-05,-4.272458742971444,0,-4.334353446960449
14567,CC(C)(C)N(CO*)COC(=O)*,CC(C)(C)N(CO[*])COC(=O)[*],[*]COC(=O)OCN([*])C(C)(C)C,6.01e-05,-4.221125527997261,0,-4.370398998260498
14568,CCC(C)C(COC(=O)*)NCC(C)(C)O*,CCC(C)C(COC(=O)[*])NCC(C)(C)O[*],[*]COC(=O)OC(C)(C)CNC([*])C(C)CC,5.52e-05,-4.2580609222708015,2,-4.489987850189209
14569,CC(CCONC(=N)CO*)OC(=O)*,CC(CCONC(=N)CO[*])OC(=O)[*],[*]CCONC(=N)COC(=O)OC([*])C,8.74e-05,-4.058488567365597,1,-4.06530237197876
14570,N=CNC(=O)CC(CCCCN*)NC(=O)*,N=CNC(=O)CC(CCCCN[*])NC(=O)[*],[*]CCCCNC(=O)NC([*])CC(=O)NC=N,5.02e-05,-4.29929628285498,1,-4.216437816619873
14571,CC(CN*)N(C)C(=O)CCCNC(=O)*,CC(CN[*])N(C)C(=O)CCCNC(=O)[*],[*]CNC(=O)NCCCC(=O)N(C)C([*])C,3.73e-05,-4.428291168191312,1,-4.406190395355225
14572,CCCCC(C)NCC(CNC(=O)*)O*,CCCCC(C)NCC(CNC(=O)[*])O[*],[*]CNC(=O)OC([*])CNC(C)CCCC,5.02e-05,-4.29929628285498,2,-4.362922668457031
14573,CC(COC(=O)*)CN(C)CC(C)O*,CC(COC(=O)[*])CN(C)CC(C)O[*],[*]COC(=O)OC(C)CN(C)CC([*])C,5.91e-05,-4.228412519118745,2,-4.245885372161865
14574,CC(CNC(=O)C(N*)C(C)C)NC(=O)*,CC(CNC(=O)C(N[*])C(C)C)NC(=O)[*],[*]CNC(=O)C(NC(=O)NC([*])C)C(C)C,4.04e-05,-4.393618634889395,2,-4.383368968963623
14575,CC(C)(CCCO*)CNC(=O)COC(=O)*,CC(C)(CCCO[*])CNC(=O)COC(=O)[*],[*]CCCOC(=O)OCC(=O)NCC([*])(C)C,5.18e-05,-4.285670240254767,0,-4.2667646408081055
14576,CCC(F)C(=O)N(CCN*)CCOC(=O)*,CCC(F)C(=O)N(CCN[*])CCOC(=O)[*],[*]CCNC(=O)OCCN([*])C(=O)C(F)CC,3.53e-05,-4.452225294612178,3,-4.10028600692749
14577,CC(CCOC(=O)*)CNC(=O)CO*,CC(CCOC(=O)[*])CNC(=O)CO[*],[*]CCOC(=O)OCC(=O)NCC([*])C,4.76e-05,-4.3223930472795065,0,-4.127246856689453
14578,CCN(OC)C(=O)C(O*)C(C)(C)OC(=O)*,CCN(OC)C(=O)C(O[*])C(C)(C)OC(=O)[*],[*]OC(=O)OC(C)(C)C([*])C(=O)N(CC)OC,5.45e-05,-4.2636034977233574,3,-4.571495056152344
14579,CC(CC(=O)NC(C)CCN*)NC(=O)*,CC(CC(=O)NC(C)CCN[*])NC(=O)[*],[*]CCNC(=O)NC(C)CC(=O)NC([*])C,6.32e-05,-4.199282921717615,1,-4.2736310958862305
14580,CC(CN(C)CCNC(=O)*)N*,CC(CN(C)CCNC(=O)[*])N[*],[*]CN(C)CCNC(=O)NC([*])C,7.69e-05,-4.114073660198569,1,-4.18705940246582
14581,CC(CSCCOC(=O)*)SCCO*,CC(CSCCOC(=O)[*])SCCO[*],[*]CSCCOC(=O)OCCSC([*])C,0.00017,-3.769551078621726,2,-3.8255045413970947
14582,CC(NC(=O)*)C(=O)NC(C(=O)O)C(C)O*,CC(NC(=O)[*])C(=O)NC(C(=O)O)C(C)O[*],[*]NC(=O)OC(C)C(NC(=O)C([*])C)C(=O)O,4.16e-05,-4.380906669373258,2,-4.4686360359191895
14583,CCC(CN(C)CCOCCO*)OC(=O)*,CCC(CN(C)CCOCCO[*])OC(=O)[*],[*]CN(C)CCOCCOC(=O)OC([*])CC,0.000168,-3.774690718274137,2,-3.8072290420532227
14584,CN(CCOC(=O)*)CO*,CN(CCOC(=O)[*])CO[*],[*]CCOC(=O)OCN([*])C,0.000178,-3.749579997691106,2,-4.077169895172119
14585,CC(CO*)SCC(CC#N)OC(=O)*,CC(CO[*])SCC(CC#N)OC(=O)[*],[*]COC(=O)OC(CC#N)CSC([*])C,7.38e-05,-4.131943638176958,3,-4.215481758117676
14586,COC(CO*)(COC(=O)*)OC,COC(CO[*])(COC(=O)[*])OC,[*]COC(=O)OCC([*])(OC)OC,5.58e-05,-4.253365801062421,2,-4.335705757141113
14587,CC(CC(C)NC(=O)CCCNC(=O)*)N*,CC(CC(C)NC(=O)CCCNC(=O)[*])N[*],[*]CC(C)NC(=O)NCCCC(=O)NC([*])C,4.44e-05,-4.35261702988538,3,-4.366118907928467
14588,COCCC(COC(=O)*)N*,COCCC(COC(=O)[*])N[*],[*]COC(=O)NC([*])CCOC,8.76e-05,-4.057495893831919,2,-4.198785781860352
14589,CC(CN(C)CCOCCNC(=O)*)N*,CC(CN(C)CCOCCNC(=O)[*])N[*],[*]CN(C)CCOCCNC(=O)NC([*])C,0.00015,-3.8239087409443187,3,-3.85357666015625
14590,CCN(CCO*)C(=O)C(C)NC(=O)*,CCN(CCO[*])C(=O)C(C)NC(=O)[*],[*]CCOC(=O)NC(C)C(=O)N([*])CC,5.18e-05,-4.285670240254767,3,-4.45690393447876
14591,CN(CCCO*)CCOCCOC(=O)*,CN(CCCO[*])CCOCCOC(=O)[*],[*]CCCOC(=O)OCCOCCN([*])C,0.000264,-3.5783960731301687,2,-3.6680209636688232
14592,CC(=O)N(C)CC(C)(CO*)COC(=O)*,CC(=O)N(C)CC(C)(CO[*])COC(=O)[*],[*]COC(=O)OCC([*])(C)CN(C)C(C)=O,4e-05,-4.3979400086720375,1,-4.467031955718994
14593,N#CN=C(NCCO*)NCCOC(=O)*,N#CN=C(NCCO[*])NCCOC(=O)[*],[*]NCCOC(=O)OCCNC([*])=NC#N,2.81e-05,-4.55129368009492,3,-4.044831275939941
14594,C=C(Cl)CN(CCCO*)CCOC(=O)*,C=C(Cl)CN(CCCO[*])CCOC(=O)[*],[*]CCCOC(=O)OCCN([*])CC(=C)Cl,9.84e-05,-4.007004901568658,2,-4.009113788604736
14595,CCCC(O*)C(=O)NCC(C)CNC(=O)*,CCCC(O[*])C(=O)NCC(C)CNC(=O)[*],[*]OC(=O)NCC(C)CNC(=O)C([*])CCC,4.73e-05,-4.325138859262188,0,-4.302120685577393
14596,CCCN(CCC)C(=O)C(CO*)NC(=O)*,CCCN(CCC)C(=O)C(CO[*])NC(=O)[*],[*]COC(=O)NC([*])C(=O)N(CCC)CCC,2.12e-05,-4.673664139071248,3,-4.4705352783203125
14597,O=C(CCCCCOC(=O)*)NOCCO*,O=C(CCCCCOC(=O)[*])NOCCO[*],[*]CCCCCOC(=O)OCCONC([*])=O,0.000123,-3.910094888560602,0,-3.8544600009918213
14598,CCN(CCCOC(=O)*)C(=O)CO*,CCN(CCCOC(=O)[*])C(=O)CO[*],[*]CCCOC(=O)OCC(=O)N([*])CC,5.96e-05,-4.2247537402597635,0,-4.284610748291016
14599,C=CC(O*)C(=O)OCCOCCOC(=O)*,C=CC(O[*])C(=O)OCCOCCOC(=O)[*],[*]OC(=O)OCCOCCOC(=O)C([*])C=C,7.02e-05,-4.153662887870195,2,-4.109740257263184
14600,CN(CCNC(=O)*)CC(CC(F)F)N*,CN(CCNC(=O)[*])CC(CC(F)F)N[*],[*]CCNC(=O)NC(CC(F)F)CN([*])C,7.96e-05,-4.099086932262331,0,-4.226377010345459
14601,CCCC(CCOC(=O)*)CNC(=O)CO*,CCCC(CCOC(=O)[*])CNC(=O)CO[*],[*]CCOC(=O)OCC(=O)NCC([*])CCC,4.38e-05,-4.3585258894959,2,-4.264928817749023
14602,CC=CC(=O)NC(C)(CO*)COC(=O)*,CC=CC(=O)NC(C)(CO[*])COC(=O)[*],[*]COC(=O)OCC([*])(C)NC(=O)C=CC,4.16e-05,-4.380906669373258,0,-4.486750602722168
14603,CC(CO*)CSCCCCCOC(=O)*,CC(CO[*])CSCCCCCOC(=O)[*],[*]COC(=O)OCCCCCSCC([*])C,7.07e-05,-4.150580586203101,3,-4.020108222961426
14604,CCC(CNC(CO*)COC(=O)*)OC,CCC(CNC(CO[*])COC(=O)[*])OC,[*]COC(=O)OCC([*])NCC(CC)OC,6.83e-05,-4.165579296318468,0,-4.174518585205078
14605,COCC(CCOC(=O)*)NCC(C)O*,COCC(CCOC(=O)[*])NCC(C)O[*],[*]CCOC(=O)OC(C)CNC([*])COC,4.88e-05,-4.311580177997289,0,-4.004331111907959
14606,CCC(N*)C(=O)NC(C)CC(C)NC(=O)*,CCC(N[*])C(=O)NC(C)CC(C)NC(=O)[*],[*]NC(=O)NC(C)CC(C)NC(=O)C([*])CC,5.77e-05,-4.238824186844268,3,-4.554481506347656
14607,CCC(CN(C)CCOCCN*)OC(=O)*,CCC(CN(C)CCOCCN[*])OC(=O)[*],[*]CN(C)CCOCCNC(=O)OC([*])CC,0.000254,-3.595166283380062,1,-3.9208059310913086
14608,CCN(CCO*)CCOC(=O)*,CCN(CCO[*])CCOC(=O)[*],[*]CCOC(=O)OCCN([*])CC,9.12e-05,-4.0400051616715835,0,-3.9143433570861816
14609,CC(CN(N)CC(C)OC(=O)*)O*,CC(CN(N)CC(C)OC(=O)[*])O[*],[*]CN(N)CC(C)OC(=O)OC([*])C,0.000103,-3.987162775294828,1,-4.192885875701904
14610,CN(CCOCCN*)CC(C)(C)NC(=O)*,CN(CCOCCN[*])CC(C)(C)NC(=O)[*],[*]CCOCCNC(=O)NC(C)(C)CN([*])C,9.15e-05,-4.0385789059335515,3,-3.9952194690704346
14611,CC(CN(C)C(=O)C(C)NC(=O)*)N*,CC(CN(C)C(=O)C(C)NC(=O)[*])N[*],[*]CN(C)C(=O)C(C)NC(=O)NC([*])C,4.97e-05,-4.303643611266668,3,-4.472034454345703
14612,C=C(C)CNC(=O)C(CCCN*)NC(=O)*,C=C(C)CNC(=O)C(CCCN[*])NC(=O)[*],[*]CCCNC(=O)NC([*])C(=O)NCC(=C)C,5.55e-05,-4.255707016877324,2,-4.264171600341797
14613,CC(C)(CNCCCOCCOC(=O)*)O*,CC(C)(CNCCCOCCOC(=O)[*])O[*],[*]CNCCCOCCOC(=O)OC([*])(C)C,0.000108,-3.96657624451305,0,-3.915029525756836
14614,CC(C)C(OC(=O)*)C(=O)NCC(CF)O*,CC(C)C(OC(=O)[*])C(=O)NCC(CF)O[*],[*]OC(=O)OC(CF)CNC(=O)C([*])C(C)C,3.95e-05,-4.403402904373539,1,-4.442284107208252
14615,CC(CN*)C(=O)NCCCCCOC(=O)*,CC(CN[*])C(=O)NCCCCCOC(=O)[*],[*]CNC(=O)OCCCCCNC(=O)C([*])C,6.81e-05,-4.166852888087215,0,-4.1773505210876465
14616,CC(C)CC(NC(=O)*)C(=O)N(C)CCN*,CC(C)CC(NC(=O)[*])C(=O)N(C)CCN[*],[*]NC(=O)NCCN(C)C(=O)C([*])CC(C)C,3.83e-05,-4.416801226031377,1,-4.496899127960205
14617,CC(CCO*)NC(=O)CCOC(=O)*,CC(CCO[*])NC(=O)CCOC(=O)[*],[*]CCOC(=O)OCCC(=O)NC([*])C,9.01e-05,-4.045275209020937,1,-4.139212608337402
14618,CN(C(=O)C(CCNC(=O)*)N*)C(C)(C)C,CN(C(=O)C(CCNC(=O)[*])N[*])C(C)(C)C,[*]CCNC(=O)NC([*])C(=O)N(C)C(C)(C)C,4.43e-05,-4.3535962737769305,0,-4.638786315917969
14619,CN(CCCO*)CCCOC(=O)*,CN(CCCO[*])CCCOC(=O)[*],[*]CCCOC(=O)OCCCN([*])C,0.000207,-3.684029654543082,1,-3.939865827560425
14620,CC(C)(C)NCC(CNCCOC(=O)*)O*,CC(C)(C)NCC(CNCCOC(=O)[*])O[*],[*]CNCCOC(=O)OC([*])CNC(C)(C)C,6.35e-05,-4.197226274708024,3,-4.186092376708984
14621,CC=C(C)C(=O)NCC(OC(=O)*)C(C)O*,CC=C(C)C(=O)NCC(OC(=O)[*])C(C)O[*],[*]OC(=O)OC(C)C([*])CNC(=O)C(C)=CC,4e-05,-4.3979400086720375,2,-4.417049407958984
14622,CC(C)(C)OC(=O)C(CCN*)NC(=O)*,CC(C)(C)OC(=O)C(CCN[*])NC(=O)[*],[*]CCNC(=O)NC([*])C(=O)OC(C)(C)C,7.04e-05,-4.152427340857888,2,-4.323594093322754
14623,CN(CCOC(=O)*)C(=O)CCN*,CN(CCOC(=O)[*])C(=O)CCN[*],[*]CCOC(=O)NCCC(=O)N([*])C,5.45e-05,-4.2636034977233574,3,-4.254153251647949
14624,CCOCCN(CCNC(=O)*)CCO*,CCOCCN(CCNC(=O)[*])CCO[*],[*]CCNC(=O)OCCN([*])CCOCC,0.000142,-3.8477116556169433,3,-3.953589677810669
14625,CC(N*)C(C)C(=O)NCC=CCOC(=O)*,CC(N[*])C(C)C(=O)NCC=CCOC(=O)[*],[*]NC(=O)OCC=CCNC(=O)C(C)C([*])C,3.16e-05,-4.5003129173815966,3,-4.402960777282715
14626,CC(C)C(CCSCCO*)OC(=O)*,CC(C)C(CCSCCO[*])OC(=O)[*],[*]CCSCCOC(=O)OC([*])C(C)C,5.59e-05,-4.252588192113577,1,-4.236454010009766
14627,CC(CCCO*)NC(=O)CCOC(=O)*,CC(CCCO[*])NC(=O)CCOC(=O)[*],[*]CCCOC(=O)OCCC(=O)NC([*])C,6.8e-05,-4.167491087293763,2,-4.137383460998535
14628,N=C(O)C(CO*)NC(=O)*,N=C(O)C(CO[*])NC(=O)[*],[*]COC(=O)NC([*])C(=N)O,6.47e-05,-4.189095719331299,0,-4.41010046005249
14629,C=C(Cl)CN(CCO*)CCOC(=O)*,C=C(Cl)CN(CCO[*])CCOC(=O)[*],[*]CCOC(=O)OCCN([*])CC(=C)Cl,0.000104,-3.9829666607012197,2,-4.080246925354004
14630,C=CC(CO*)NC(C)C(C)OC(=O)*,C=CC(CO[*])NC(C)C(C)OC(=O)[*],[*]COC(=O)OC(C)C(C)NC([*])C=C,4.55e-05,-4.341988603342887,0,-4.334570407867432
14631,CC(O*)C(NC(=O)*)C(N)=O,CC(O[*])C(NC(=O)[*])C(N)=O,[*]OC(=O)NC(C(N)=O)C([*])C,4.16e-05,-4.380906669373258,1,-4.191540718078613
14632,NC(N)=NN=CC(CO*)OC(=O)*,NC(N)=NN=CC(CO[*])OC(=O)[*],[*]COC(=O)OC([*])C=NN=C(N)N,7.73e-05,-4.111820506081675,1,-4.37578821182251
14633,CC=CC(=O)NCC(C)(CO*)COC(=O)*,CC=CC(=O)NCC(C)(CO[*])COC(=O)[*],[*]COC(=O)OCC([*])(C)CNC(=O)C=CC,4.56e-05,-4.341035157335565,0,-4.481654644012451
14634,CCC(CNCCN(C)CCOC(=O)*)O*,CCC(CNCCN(C)CCOC(=O)[*])O[*],[*]CNCCN(C)CCOC(=O)OC([*])CC,0.000122,-3.9136401693252516,2,-3.7902159690856934
14635,C=CCOC(=O)C(CCCCNC(=O)*)N*,C=CCOC(=O)C(CCCCNC(=O)[*])N[*],[*]CCCCNC(=O)NC([*])C(=O)OCC=C,5.91e-05,-4.228412519118745,0,-4.323828220367432
14636,CCC(C)(OC(=O)*)C(=O)NCC(C)O*,CCC(C)(OC(=O)[*])C(=O)NCC(C)O[*],[*]OC(=O)OC(C)CNC(=O)C([*])(C)CC,9.67e-05,-4.014573525916998,1,-4.394647598266602
14637,CCCOC(=O)NCC(COC(=O)*)O*,CCCOC(=O)NCC(COC(=O)[*])O[*],[*]COC(=O)OC([*])CNC(=O)OCCC,5.69e-05,-4.244887733604929,0,-4.181836128234863
14638,CC(CCO*)NCCCOCCOC(=O)*,CC(CCO[*])NCCCOCCOC(=O)[*],[*]CCOC(=O)OCCOCCCNC([*])C,0.000121,-3.9172146296835497,3,-3.7947728633880615
14639,CC(CC(=O)N(C)CC(C)(C)NC(=O)*)N*,CC(CC(=O)N(C)CC(C)(C)NC(=O)[*])N[*],[*]CC(=O)N(C)CC(C)(C)NC(=O)NC([*])C,5.22e-05,-4.282329496997738,3,-4.421871185302734
14640,CCN(CCN*)CCOCCNC(=O)*,CCN(CCN[*])CCOCCNC(=O)[*],[*]CCNC(=O)NCCOCCN([*])CC,0.000157,-3.8041003475907664,3,-3.761939764022827
14641,CC(C)(CO*)C(=O)NCC=CCOC(=O)*,CC(C)(CO[*])C(=O)NCC=CCOC(=O)[*],[*]COC(=O)OCC=CCNC(=O)C([*])(C)C,4.34e-05,-4.36251027048749,2,-4.361515998840332
14642,CC(C)N(CCO*)CCOCCNC(=O)*,CC(C)N(CCO[*])CCOCCNC(=O)[*],[*]CCOCCNC(=O)OCCN([*])C(C)C,0.000173,-3.7619538968712045,0,-3.9096226692199707
14643,CC(C)(CCOC(=O)CO*)OC(=O)*,CC(C)(CCOC(=O)CO[*])OC(=O)[*],[*]CCOC(=O)COC(=O)OC([*])(C)C,4.12e-05,-4.3851027839668655,1,-4.421581268310547
14644,CC(C)OC(=O)C(OC(=O)*)C(O*)C(=O)O,CC(C)OC(=O)C(OC(=O)[*])C(O[*])C(=O)O,[*]OC(=O)OC(C(=O)O)C([*])C(=O)OC(C)C,2.1e-05,-4.6777807052660805,0,-4.518767356872559
14645,CC(C)(CNC(=O)CCO*)OC(=O)*,CC(C)(CNC(=O)CCO[*])OC(=O)[*],[*]CNC(=O)CCOC(=O)OC([*])(C)C,7.16e-05,-4.145086977692144,2,-4.212787628173828
14646,CCOCCN(C)CC(CN*)OC(=O)*,CCOCCN(C)CC(CN[*])OC(=O)[*],[*]CNC(=O)OC([*])CN(C)CCOCC,0.000109,-3.962573502059376,3,-4.110631942749023
14647,CC(CNC(=O)*)C(=O)NCCC(C)(C)N*,CC(CNC(=O)[*])C(=O)NCCC(C)(C)N[*],[*]CNC(=O)NC(C)(C)CCNC(=O)C([*])C,3.11e-05,-4.507239610973163,3,-4.451103210449219
14648,CCOCCN(CCO*)CC(C)OC(=O)*,CCOCCN(CCO[*])CC(C)OC(=O)[*],[*]CCOC(=O)OC(C)CN([*])CCOCC,0.00014,-3.853871964321762,3,-3.9700803756713867
14649,CCC(CC)(CNC(=O)CCNC(=O)*)N*,CCC(CC)(CNC(=O)CCNC(=O)[*])N[*],[*]CNC(=O)CCNC(=O)NC([*])(CC)CC,5.13e-05,-4.289882634888183,1,-4.4014506340026855
14650,O=C(CCCCOC(=O)*)NOCCO*,O=C(CCCCOC(=O)[*])NOCCO[*],[*]CCCCOC(=O)OCCONC([*])=O,0.000124,-3.906578314837765,0,-3.8924717903137207
14651,CCC(CNC(=O)C(C)(C)CNC(=O)*)N*,CCC(CNC(=O)C(C)(C)CNC(=O)[*])N[*],[*]CNC(=O)C(C)(C)CNC(=O)NC([*])CC,5.53e-05,-4.257274868695302,3,-4.356257915496826
14652,CC(OC(=O)*)C(=O)OCC(C)(C)CO*,CC(OC(=O)[*])C(=O)OCC(C)(C)CO[*],[*]OC(=O)OCC(C)(C)COC(=O)C([*])C,1.74e-05,-4.7594507517174005,1,-4.386926174163818
14653,CC(COC(=O)*)CSC(C)C(C)O*,CC(COC(=O)[*])CSC(C)C(C)O[*],[*]COC(=O)OC(C)C(C)SCC([*])C,3.96e-05,-4.402304814074488,0,-4.32471227645874
14654,CC(NCCOCCCO*)C(C)OC(=O)*,CC(NCCOCCCO[*])C(C)OC(=O)[*],[*]NCCOCCCOC(=O)OC(C)C([*])C,0.000175,-3.7569619513137056,3,-4.049091339111328
14655,C=C(C)CN(CC)CC(CO*)OC(=O)*,C=C(C)CN(CC)CC(CO[*])OC(=O)[*],[*]COC(=O)OC([*])CN(CC)CC(=C)C,6.27e-05,-4.202732459169283,3,-4.235992908477783
14656,CC(CONC(=O)CC(C)(C)NC(=O)*)N*,CC(CONC(=O)CC(C)(C)NC(=O)[*])N[*],[*]CONC(=O)CC(C)(C)NC(=O)NC([*])C,2.71e-05,-4.567030709125595,0,-4.297431945800781
14657,CCOCCCN(CCNC(=O)*)CCO*,CCOCCCN(CCNC(=O)[*])CCO[*],[*]CCNC(=O)OCCN([*])CCCOCC,0.000156,-3.8068754016455384,3,-4.043041706085205
14658,CC(NC(=O)*)C(=O)NC(C)(C)CO*,CC(NC(=O)[*])C(=O)NC(C)(C)CO[*],[*]NC(=O)OCC(C)(C)NC(=O)C([*])C,6.31e-05,-4.199970640755866,1,-4.328691005706787
14659,CC(OC(=O)*)C(=O)NOC(C)(C)CO*,CC(OC(=O)[*])C(=O)NOC(C)(C)CO[*],[*]OC(=O)OCC(C)(C)ONC(=O)C([*])C,4.92e-05,-4.308034897232639,1,-4.357845306396484
14660,C=C(C)C(COC(=O)*)SCC(C)O*,C=C(C)C(COC(=O)[*])SCC(C)O[*],[*]COC(=O)OC(C)CSC([*])C(=C)C,5.25e-05,-4.279840696594043,2,-4.268538475036621
14661,CC(OC(=O)*)C(=O)OCCOCCO*,CC(OC(=O)[*])C(=O)OCCOCCO[*],[*]OC(=O)OCCOCCOC(=O)C([*])C,9.97e-05,-4.001304841688344,0,-4.124408721923828
14662,C=CC(=O)NCC(COC(=O)*)O*,C=CC(=O)NCC(COC(=O)[*])O[*],[*]COC(=O)OC([*])CNC(=O)C=C,8.09e-05,-4.092051478387727,2,-4.193517684936523
14663,CCC(CN(C)CCNC(=O)*)N*,CCC(CN(C)CCNC(=O)[*])N[*],[*]CN(C)CCNC(=O)NC([*])CC,9.09e-05,-4.041436116778033,2,-4.270932674407959
14664,CCC(NC(=O)*)C(=O)NC(C)(C)CCN*,CCC(NC(=O)[*])C(=O)NC(C)(C)CCN[*],[*]NC(=O)NCCC(C)(C)NC(=O)C([*])CC,3.16e-05,-4.5003129173815966,3,-4.335047721862793
14665,CC(C)(OCCN*)OCCNC(=O)*,CC(C)(OCCN[*])OCCNC(=O)[*],[*]OCCNC(=O)NCCOC([*])(C)C,7.87e-05,-4.104025267640935,3,-4.014590263366699
14666,CC(C)(CNCCO*)NC(=O)*,CC(C)(CNCCO[*])NC(=O)[*],[*]CNCCOC(=O)NC([*])(C)C,5.37e-05,-4.270025714300444,3,-4.2028489112854
14667,C=CC(C)(CNCCCCO*)OC(=O)*,C=CC(C)(CNCCCCO[*])OC(=O)[*],[*]CNCCCCOC(=O)OC([*])(C)C=C,9.56e-05,-4.0195421077238995,0,-4.175489902496338
14668,CC(CCNC(=O)C(C)OC(=O)*)CCO*,CC(CCNC(=O)C(C)OC(=O)[*])CCO[*],[*]CCNC(=O)C(C)OC(=O)OCCC([*])C,5.78e-05,-4.2380721615794705,0,-4.258249282836914
14669,C=CCCC(COC(=O)*)NCC(C)O*,C=CCCC(COC(=O)[*])NCC(C)O[*],[*]COC(=O)OC(C)CNC([*])CCC=C,6.2e-05,-4.207608310501746,0,-4.1362786293029785
14670,COCC(CNCCOC(=O)*)O*,COCC(CNCCOC(=O)[*])O[*],[*]CNCCOC(=O)OC([*])COC,0.000142,-3.8477116556169433,2,-3.983186721801758
14671,CC(CNCCOCCCO*)OC(=O)*,CC(CNCCOCCCO[*])OC(=O)[*],[*]CNCCOCCCOC(=O)OC([*])C,0.000202,-3.694648630553376,2,-3.7827024459838867
14672,CCOCCOCC(CN*)OC(=O)*,CCOCCOCC(CN[*])OC(=O)[*],[*]CNC(=O)OC([*])COCCOCC,0.000105,-3.9788107009300617,2,-4.006478309631348
14673,C=CC(C)(CNCC(CC)O*)OC(=O)*,C=CC(C)(CNCC(CC)O[*])OC(=O)[*],[*]CNCC(CC)OC(=O)OC([*])(C)C=C,9.75e-05,-4.010995384301463,2,-4.339781284332275
14674,CN(CCCN*)CCOC(=O)*,CN(CCCN[*])CCOC(=O)[*],[*]CCCNC(=O)OCCN([*])C,8.99e-05,-4.046240308266771,2,-3.9984278678894043
14675,CNCC(CN(C)C(C)C(C)O*)OC(=O)*,CNCC(CN(C)C(C)C(C)O[*])OC(=O)[*],[*]CN(C)C(C)C(C)OC(=O)OC([*])CNC,8.55e-05,-4.068033885271827,2,-4.375997543334961
14676,CC(C)CC(CNC(=O)CCO*)OC(=O)*,CC(C)CC(CNC(=O)CCO[*])OC(=O)[*],[*]CNC(=O)CCOC(=O)OC([*])CC(C)C,5.7e-05,-4.2441251443275085,0,-4.303021430969238
14677,CC(NC(=O)C(CNC(=O)*)O*)C(F)F,CC(NC(=O)C(CNC(=O)[*])O[*])C(F)F,[*]CNC(=O)OC([*])C(=O)NC(C)C(F)F,4.22e-05,-4.374687549038326,3,-4.18609619140625
14678,CC(CN*)OCCOC(=O)*,CC(CN[*])OCCOC(=O)[*],[*]CNC(=O)OCCOC([*])C,9.35e-05,-4.029188389127483,1,-3.902224063873291
14679,CCC(O*)C(C)C(CC)OC(=O)*,CCC(O[*])C(C)C(CC)OC(=O)[*],[*]OC(=O)OC(CC)C(C)C([*])CC,4.32e-05,-4.364516253185088,3,-4.68361234664917
14680,CC(C)C(NC(=O)*)C(=O)N(C)CCO*,CC(C)C(NC(=O)[*])C(=O)N(C)CCO[*],[*]NC(=O)OCCN(C)C(=O)C([*])C(C)C,4.78e-05,-4.320572103387881,0,-4.500304698944092
14681,CN(CC(F)F)C(=O)CC(CN*)OC(=O)*,CN(CC(F)F)C(=O)CC(CN[*])OC(=O)[*],[*]CNC(=O)OC([*])CC(=O)N(C)CC(F)F,6.7e-05,-4.173925197299174,3,-4.357386589050293
14682,O=C(CCCO*)NCCOC(=O)*,O=C(CCCO[*])NCCOC(=O)[*],[*]CCCOC(=O)OCCNC([*])=O,9.4e-05,-4.026872146400302,0,-3.9786579608917236
14683,CCCN(C)C(=O)C(N*)C(C)(C)OC(=O)*,CCCN(C)C(=O)C(N[*])C(C)(C)OC(=O)[*],[*]NC(=O)OC(C)(C)C([*])C(=O)N(C)CCC,3.38e-05,-4.471083299722345,0,-4.666133403778076
14684,CCCC(O*)C(CCC)OC(=O)*,CCCC(O[*])C(CCC)OC(=O)[*],[*]OC(=O)OC(CCC)C([*])CCC,2.35e-05,-4.628932137728264,1,-4.5344929695129395
14685,CCN(CCNCC(C)OC(=O)*)CCO*,CCN(CCNCC(C)OC(=O)[*])CCO[*],[*]CCNCC(C)OC(=O)OCCN([*])CC,0.000123,-3.910094888560602,2,-3.9062325954437256
14686,CC(CO*)(COC(=O)*)CSCCC#N,CC(CO[*])(COC(=O)[*])CSCCC#N,[*]COC(=O)OCC([*])(C)CSCCC#N,0.0001,-4.0,0,-4.053054332733154
14687,C=CCC(CNCC(C)OC(=O)*)CO*,C=CCC(CNCC(C)OC(=O)[*])CO[*],[*]CNCC(C)OC(=O)OCC([*])CC=C,8.91e-05,-4.050122295963125,2,-4.193253040313721
14688,C=CC(CNCCC(C)(C)O*)OC(=O)*,C=CC(CNCCC(C)(C)O[*])OC(=O)[*],[*]CNCCC(C)(C)OC(=O)OC([*])C=C,5.1e-05,-4.292429823902063,3,-4.286964416503906
14689,COC(=O)C(C)(CO*)COC(=O)*,COC(=O)C(C)(CO[*])COC(=O)[*],[*]COC(=O)OCC([*])(C)C(=O)OC,4.09e-05,-4.388276691992658,3,-4.581002712249756
14690,CC(CSCC(OC(=O)*)C(C)C)O*,CC(CSCC(OC(=O)[*])C(C)C)O[*],[*]CSCC(OC(=O)OC([*])C)C(C)C,5.67e-05,-4.246416941107094,0,-4.39114236831665
14691,CCC(C)NC(=O)C(CCN*)NC(=O)*,CCC(C)NC(=O)C(CCN[*])NC(=O)[*],[*]CCNC(=O)NC([*])C(=O)NC(C)CC,3.9e-05,-4.4089353929735005,1,-4.2706379890441895
14692,C=CCCC(CN(CC)CCN*)OC(=O)*,C=CCCC(CN(CC)CCN[*])OC(=O)[*],[*]CN(CC)CCNC(=O)OC([*])CCC=C,8.15e-05,-4.088842391260023,1,-4.087246417999268
14693,CN(CC=CCl)CC(CN*)OC(=O)*,CN(CC=CCl)CC(CN[*])OC(=O)[*],[*]CNC(=O)OC([*])CN(C)CC=CCl,7.72e-05,-4.112382699664264,1,-4.184596061706543
14694,CC(CCCO*)COC(=O)*,CC(CCCO[*])COC(=O)[*],[*]CCCOC(=O)OCC([*])C,8.95e-05,-4.048176964684088,3,-4.248362064361572
14695,COCC(C)N(CCNC(=O)*)CCO*,COCC(C)N(CCNC(=O)[*])CCO[*],[*]CCNC(=O)OCCN([*])C(C)COC,0.000113,-3.9469215565165805,1,-3.9729628562927246
14696,CCC(CC)C(COC(=O)*)N*,CCC(CC)C(COC(=O)[*])N[*],[*]COC(=O)NC([*])C(CC)CC,7.93e-05,-4.100726812682396,3,-4.566136360168457
14697,COCCCCN(CCNC(=O)*)CCO*,COCCCCN(CCNC(=O)[*])CCO[*],[*]CCNC(=O)OCCN([*])CCCCOC,0.000177,-3.7520267336381936,2,-3.8396382331848145
14698,CCC(CN(C)CC(COC)OC(=O)*)N*,CCC(CN(C)CC(COC)OC(=O)[*])N[*],[*]CN(C)CC(COC)OC(=O)NC([*])CC,7.26e-05,-4.139063379299906,3,-4.2125468254089355
14699,CN(CCN*)C(=O)C(CC(F)F)NC(=O)*,CN(CCN[*])C(=O)C(CC(F)F)NC(=O)[*],[*]CCNC(=O)NC(CC(F)F)C(=O)N([*])C,3.73e-05,-4.428291168191312,2,-4.388772964477539
14700,CC(COCCOCCOC(=O)*)O*,CC(COCCOCCOC(=O)[*])O[*],[*]COCCOCCOC(=O)OC([*])C,0.000205,-3.688246138944246,1,-3.783536911010742
14701,CC(C)N(C)C(=O)C(CCN*)NC(=O)*,CC(C)N(C)C(=O)C(CCN[*])NC(=O)[*],[*]CCNC(=O)NC([*])C(=O)N(C)C(C)C,2.25e-05,-4.647817481888637,2,-4.3541789054870605
14702,CCC(CNCCOCCCO*)OC(=O)*,CCC(CNCCOCCCO[*])OC(=O)[*],[*]CNCCOCCCOC(=O)OC([*])CC,0.000153,-3.815308569182401,1,-3.9481377601623535
14703,CCC(COC(=O)*)SCC(C)CO*,CCC(COC(=O)[*])SCC(C)CO[*],[*]COC(=O)OCC(C)CSC([*])CC,6.73e-05,-4.171984935776023,0,-4.412146091461182
14704,CN(CCNC(=O)*)CCO*,CN(CCNC(=O)[*])CCO[*],[*]CCNC(=O)OCCN([*])C,6.95e-05,-4.158015195409886,2,-3.9920907020568848
14705,CCOC(OCC)C(CO*)COC(=O)*,CCOC(OCC)C(CO[*])COC(=O)[*],[*]COC(=O)OCC([*])C(OCC)OCC,3.14e-05,-4.503070351926785,1,-4.251614093780518
14706,CC(COCCOC(=O)*)OCCO*,CC(COCCOC(=O)[*])OCCO[*],[*]COCCOC(=O)OCCOC([*])C,0.000191,-3.7189666327522723,3,-3.765138864517212
14707,CC(CO*)NC(=O)*,CC(CO[*])NC(=O)[*],[*]COC(=O)NC([*])C,3.41e-05,-4.467245621007502,1,-4.256287097930908
14708,CSCC(CN(C)CCCN*)OC(=O)*,CSCC(CN(C)CCCN[*])OC(=O)[*],[*]CN(C)CCCNC(=O)OC([*])CSC,7.32e-05,-4.135488918941608,0,-4.245678901672363
14709,CCN(CCNC(=O)*)CC(CSC)O*,CCN(CCNC(=O)[*])CC(CSC)O[*],[*]CCNC(=O)OC(CSC)CN([*])CC,7.24e-05,-4.140261433802853,0,-4.166374206542969
14710,CCC(COC(=O)*)(N*)NC(C)COC,CCC(COC(=O)[*])(N[*])NC(C)COC,[*]COC(=O)NC([*])(CC)NC(C)COC,4.77e-05,-4.321481620959886,0,-4.265312194824219
14711,CCCCOCCOCC(COC(=O)*)O*,CCCCOCCOCC(COC(=O)[*])O[*],[*]COC(=O)OC([*])COCCOCCCC,8.28e-05,-4.08196966321512,2,-3.994448184967041
14712,CC(N*)C(C)C(=O)N(C)CCCNC(=O)*,CC(N[*])C(C)C(=O)N(C)CCCNC(=O)[*],[*]NC(=O)NCCCN(C)C(=O)C(C)C([*])C,6.36e-05,-4.196542884351586,1,-4.415882587432861
14713,C=CC(CNC(CCOC(=O)*)C(C)C)O*,C=CC(CNC(CCOC(=O)[*])C(C)C)O[*],[*]CNC(CCOC(=O)OC([*])C=C)C(C)C,5.64e-05,-4.248720896016658,3,-4.3122358322143555
14714,COCCC(CN(C)CCCOC(=O)*)N*,COCCC(CN(C)CCCOC(=O)[*])N[*],[*]CN(C)CCCOC(=O)NC([*])CCOC,0.00013,-3.886056647693163,1,-3.9562528133392334
14715,CC(C)(CC(=O)NCC=CCO*)NC(=O)*,CC(C)(CC(=O)NCC=CCO[*])NC(=O)[*],[*]CC(=O)NCC=CCOC(=O)NC([*])(C)C,3.29e-05,-4.482804102050026,2,-4.323927879333496
14716,C=CC(OC(=O)*)C(=O)OCC(O*)C(C)C,C=CC(OC(=O)[*])C(=O)OCC(O[*])C(C)C,[*]OC(=O)OC(COC(=O)C([*])C=C)C(C)C,1.83e-05,-4.73754891026957,0,-4.537055015563965
14717,N#CCC(CSCCCO*)OC(=O)*,N#CCC(CSCCCO[*])OC(=O)[*],[*]CSCCCOC(=O)OC([*])CC#N,6.32e-05,-4.199282921717615,0,-4.057984352111816
14718,CC(CCCN*)NC(=O)C(C)NC(=O)*,CC(CCCN[*])NC(=O)C(C)NC(=O)[*],[*]CCCNC(=O)NC(C)C(=O)NC([*])C,7.99e-05,-4.097453220686009,3,-4.232227325439453
14719,CCC(C)(OC(=O)*)C(O*)C(=O)O,CCC(C)(OC(=O)[*])C(O[*])C(=O)O,[*]OC(=O)OC(C(=O)O)C([*])(C)CC,2.12e-05,-4.673664139071248,0,-4.713658809661865
14720,CCCCCC(CC(CCC)O*)OC(=O)*,CCCCCC(CC(CCC)O[*])OC(=O)[*],[*]CC(CCC)OC(=O)OC([*])CCCCC,3.92e-05,-4.406713932979542,0,-4.52333402633667
14721,C=CC(CNC(C)C(C)(C)O*)OC(=O)*,C=CC(CNC(C)C(C)(C)O[*])OC(=O)[*],[*]CNC(C)C(C)(C)OC(=O)OC([*])C=C,4.63e-05,-4.334419008982047,2,-4.4071550369262695
14722,C=CC(C)(CNCC(C)CO*)OC(=O)*,C=CC(C)(CNCC(C)CO[*])OC(=O)[*],[*]CNCC(C)COC(=O)OC([*])(C)C=C,4.68e-05,-4.329754146925876,1,-4.282750129699707
14723,CC(NC(=O)*)C(=O)N(C)CC(C)(C)CO*,CC(NC(=O)[*])C(=O)N(C)CC(C)(C)CO[*],[*]NC(=O)OCC(C)(C)CN(C)C(=O)C([*])C,4.27e-05,-4.369572124974976,3,-4.54024600982666
14724,COC(=O)C(CCN*)CCNC(=O)*,COC(=O)C(CCN[*])CCNC(=O)[*],[*]CCNC(=O)NCCC([*])C(=O)OC,8.23e-05,-4.08460016478773,3,-4.19488000869751
14725,C=CC(CO*)NCC(OC(=O)*)C(C)(C)C,C=CC(CO[*])NCC(OC(=O)[*])C(C)(C)C,[*]COC(=O)OC(CNC([*])C=C)C(C)(C)C,4.26e-05,-4.370590400897281,3,-4.392014503479004
14726,CC(C)(CNCCOCCCNC(=O)*)N*,CC(C)(CNCCOCCCNC(=O)[*])N[*],[*]CNCCOCCCNC(=O)NC([*])(C)C,8.58e-05,-4.066512712151295,2,-3.9004039764404297
14727,CC(C)(C)C(OC(=O)*)C(C)(C)O*,CC(C)(C)C(OC(=O)[*])C(C)(C)O[*],[*]OC(=O)OC(C)(C)C([*])C(C)(C)C,2.11e-05,-4.675717544702307,1,-4.688238620758057
14728,CC(N*)C(OC(=O)*)C(=O)OC(C)(C)C,CC(N[*])C(OC(=O)[*])C(=O)OC(C)(C)C,[*]NC(=O)OC(C(=O)OC(C)(C)C)C([*])C,4.43e-05,-4.3535962737769305,1,-4.662785530090332
14729,CN(C)N(CCO*)CCOC(=O)*,CN(C)N(CCO[*])CCOC(=O)[*],[*]CCOC(=O)OCCN([*])N(C)C,0.0001,-4.0,3,-3.801919460296631
14730,CC(CO*)NCCOC(=O)*,CC(CO[*])NCCOC(=O)[*],[*]COC(=O)OCCNC([*])C,0.000132,-3.87942606879415,2,-4.031650543212891
14731,CC(C)CC(NC(=O)*)C(=O)NCCCO*,CC(C)CC(NC(=O)[*])C(=O)NCCCO[*],[*]NC(=O)OCCCNC(=O)C([*])CC(C)C,4.01e-05,-4.396855627379818,1,-4.407079219818115
14732,CC(CCNCCNC(=O)*)NCCN*,CC(CCNCCNC(=O)[*])NCCN[*],[*]CCNCCNC(=O)NCCNC([*])C,0.000106,-3.9746941347352296,0,-3.9340696334838867
14733,CN(CCCN*)CCCNC(=O)*,CN(CCCN[*])CCCNC(=O)[*],[*]CCCNC(=O)NCCCN([*])C,9.01e-05,-4.045275209020937,2,-3.9626967906951904
14734,C=CCCN(CC(C)O*)C(C)COC(=O)*,C=CCCN(CC(C)O[*])C(C)COC(=O)[*],[*]CC(C)OC(=O)OCC(C)N([*])CCC=C,2.91e-05,-4.536107011014093,3,-4.444380760192871
14735,CC(CNCC(C)NC(=O)*)N*,CC(CNCC(C)NC(=O)[*])N[*],[*]CNCC(C)NC(=O)NC([*])C,3.09e-05,-4.510041520575165,2,-4.175590515136719
14736,*[Si](CCC1OC(=O)OC1)(CCC1OC(=O)OC1)CCC*,[*][Si](CCC1OC(=O)OC1)(CCC1OC(=O)OC1)CCC[*],[*]CCC[Si]([*])(CCC1COC(=O)O1)CCC1COC(=O)O1,1.88e-05,-4.72584215073632,2,-4.421964168548584
14737,*OC(=O)OC(C)C*,[*]OC(=O)OC(C)C[*],[*]COC(=O)OC([*])C,5.99e-05,-4.2225731776106885,3,-4.123621463775635
14738,*OC(=O)OC(CC1=CC=CC=C1)C*,[*]OC(=O)OC(CC1=CC=CC=C1)C[*],[*]OCC(Cc1ccccc1)OC([*])=O,3.72e-05,-4.429457060118103,0,-4.78672981262207
14739,*OC(=O)OCCOCCOCCOCC*,[*]OC(=O)OCCOCCOCCOCC[*],[*]OCCOCCOCCOCCOC([*])=O,0.000322,-3.492144128304169,3,-3.5249667167663574
14740,*CC(C(=O)OCC1OC(=O)OC1)*,[*]CC(C(=O)OCC1OC(=O)OC1)[*],[*]CC([*])C(=O)OCC1COC(=O)O1,0.000117,-3.9318141382538383,2,-4.2489471435546875
14741,*OC(C1=O)=C(C1=O)OC1=C(OCC)C=C(C(OCC)=C1)*,[*]OC(C1=O)=C(C1=O)OC1=C(OCC)C=C(C(OCC)=C1)[*],[*]Oc1c(Oc2cc(OCC)c([*])cc2OCC)c(=O)c1=O,1e-05,-5.0,2,-4.951953887939453
14742,*OC(=O)OCCCCC*,[*]OC(=O)OCCCCC[*],[*]OCCCCCOC([*])=O,0.000188,-3.72584215073632,1,-3.9647908210754395
14743,*OC(=O)OCCCCCC*,[*]OC(=O)OCCCCCC[*],[*]OCCCCCCOC([*])=O,0.000119,-3.9244530386074694,3,-4.083256244659424
14744,*C1N(C(=O)C)C(=O)N(C(=O)C)C1*,[*]C1N(C(=O)C)C(=O)N(C(=O)C)C1[*],[*]C1C([*])N(C(C)=O)C(=O)N1C(C)=O,2.43e-05,-4.614393726401688,0,-4.651515007019043
14745,*CCCCCCOCCOCCOCCOCC*,[*]CCCCCCOCCOCCOCCOCC[*],[*]CCCCOCCOCCOCCOCCCC[*],0.000484,-3.3151546383555877,0,-3.284510612487793
14746,*OS(=O)OCCCC*,[*]OS(=O)OCCCC[*],[*]OCCCCOS([*])=O,0.000246,-3.6090648928966207,0,-4.029342174530029
14747,*OC(=O)OCCC*,[*]OC(=O)OCCC[*],[*]OCCCOC([*])=O,0.000102,-3.9913998282380825,2,-3.647829532623291
14748,*CCOCCOCCOCCOCCOCC*,[*]CCOCCOCCOCCOCCOCC[*],[*]CCOCCOCCOCCOCCOCC[*],0.00111,-2.9546770212133424,2,-2.9990391731262207
14749,*OC(=O)OCC(CC)(COCC=C)C*,[*]OC(=O)OCC(CC)(COCC=C)C[*],[*]COC(=O)OCC([*])(CC)COCC=C,2.93e-05,-4.533132379645891,0,-4.4536519050598145
14750,*OC(=O)OCC(OC)(OC)C*,[*]OC(=O)OCC(OC)(OC)C[*],[*]COC(=O)OCC([*])(OC)OC,5.43e-05,-4.265200170411153,2,-4.580548286437988
14751,*CCCCOCCOCCOCCOCC*,[*]CCCCOCCOCCOCCOCC[*],[*]CCCOCCOCCOCCOCCC[*],0.000621,-3.2069083998234196,2,-3.1900863647460938
14752,*OC(=O)OCCCCCCCC*,[*]OC(=O)OCCCCCCCC[*],[*]OCCCCCCCCOC([*])=O,0.00015,-3.8239087409443187,1,-4.1347270011901855
14753,*C(=O)CCCC(=O)OC(C)CO*,[*]C(=O)CCCC(=O)OC(C)CO[*],[*]COC(=O)CCCC(=O)OC([*])C,5.45e-05,-4.2636034977233574,2,-3.9973533153533936
14754,*CCCCOCCOCCOCCOCCOCC*,[*]CCCCOCCOCCOCCOCCOCC[*],[*]CCCOCCOCCOCCOCCOCCC[*],0.000959,-3.0181813928293364,0,-3.2839300632476807
14755,*OC(=O)OCCCCCCCCCCCC*,[*]OC(=O)OCCCCCCCCCCCC[*],[*]OCCCCCCCCCCCCOC([*])=O,0.000115,-3.939302159646388,0,-4.192140102386475
14756,*OC(=O)OC(CC)C*,[*]OC(=O)OC(CC)C[*],[*]COC(=O)OC([*])CC,5.92e-05,-4.22767829327708,3,-4.386899948120117
14757,*OC(=O)OC(CCC)C*,[*]OC(=O)OC(CCC)C[*],[*]COC(=O)OC([*])CCC,5.31e-05,-4.274905478918531,3,-4.439858436584473
14758,*C(=O)COCC(=O)OC(C)CO*,[*]C(=O)COCC(=O)OC(C)CO[*],[*]COC(=O)COCC(=O)OC([*])C,5.33e-05,-4.273272790973428,0,-3.961015462875366
14759,*OC(=O)OCCCC*,[*]OC(=O)OCCCC[*],[*]OCCCCOC([*])=O,0.000164,-3.785156151952302,3,-4.0347981452941895
14760,*OC(=O)OCCOCCOCCOCCOCCOCC*,[*]OC(=O)OCCOCCOCCOCCOCCOCC[*],[*]OCCOCCOCCOCCOCCOCCOC([*])=O,0.000773,-3.111820506081675,0,-3.970815658569336
14761,*OC(=O)OCCOCCOCC*,[*]OC(=O)OCCOCCOCC[*],[*]OCCOCCOCCOC([*])=O,0.000253,-3.596879478824182,2,-3.681589126586914
14762,*OC(CCCCC*)=O,[*]OC(CCCCC[*])=O,[*]CCCCCOC([*])=O,6.18e-05,-4.209011524911184,1,-3.9995219707489014
14763,*OC(=O)OCCOCC*,[*]OC(=O)OCCOCC[*],[*]OCCOCCOC([*])=O,0.000217,-3.6635402661514704,1,-4.001847743988037
14764,*OCC*,[*]OCC[*],[*]COC[*],0.00157,-2.8041003475907664,1,-3.780329465866089
14765,*NCC*,[*]NCC[*],[*]CNC[*],0.00043,-3.3665315444204134,0,-3.505654811859131
14766,*OC(=O)OCCCCCCCCCC*,[*]OC(=O)OCCCCCCCCCC[*],[*]OCCCCCCCCCCOC([*])=O,0.000165,-3.7825160557860937,2,-4.198321342468262
14767,*CC(C)O*,[*]CC(C)O[*],[*]CC(C)O[*],0.000502,-3.2992962828549808,1,-4.142598628997803
14768,*OCOCCOCC*,[*]OCOCCOCC[*],[*]COCCOCOC[*],0.00132,-2.87942606879415,1,-3.440166711807251
14769,*CCOCCOCCOCCOCC*,[*]CCOCCOCCOCCOCC[*],[*]CCOCCOCCOCCOCC[*],0.0011,-2.958607314841775,3,-3.2409398555755615
14770,*OC(=O)OCCOCC*,[*]OC(=O)OCCOCC[*],[*]OCCOCCOC([*])=O,0.000228,-3.642065152999546,1,-4.001847743988037
14771,*[Si](C)(CCC1OC(=O)OC1)CCC*,[*][Si](C)(CCC1OC(=O)OC1)CCC[*],[*]CCC[Si]([*])(C)CCC1COC(=O)O1,9.33e-05,-4.0301183562535,1,-4.938814163208008
14772,*CCCCCCOCCOCCOCCOCCOCC*,[*]CCCCCCOCCOCCOCCOCCOCC[*],[*]CCCCOCCOCCOCCOCCOCCCC[*],0.000644,-3.191114132640188,1,-3.149139165878296
14773,*OC(=O)OCCCCCCCCC*,[*]OC(=O)OCCCCCCCCC[*],[*]OCCCCCCCCCOC([*])=O,0.000173,-3.7619538968712045,2,-4.110352516174316
14774,*OC(=O)OCCCCCCC*,[*]OC(=O)OCCCCCCC[*],[*]OCCCCCCCOC([*])=O,0.000137,-3.8632794328435933,3,-4.01516056060791
14949,CCCCCCC(CCOC(=O)*)O*,CCCCCCC(CCOC(=O)[*])O[*],[*]CCOC(=O)OC([*])CCCCCC,5.95e-05,-4.22548303427145,2,-4.284804344177246
14950,CC(O*)C(C)(NC(=O)*)C(=O)O,CC(O[*])C(C)(NC(=O)[*])C(=O)O,[*]OC(=O)NC(C)(C(=O)O)C([*])C,3.1e-05,-4.508638306165727,2,-4.563999652862549
14951,CC(CNC(=O)CCN*)CC(C)OC(=O)*,CC(CNC(=O)CCN[*])CC(C)OC(=O)[*],[*]CNC(=O)CCNC(=O)OC(C)CC([*])C,3.96e-05,-4.402304814074488,0,-4.273121356964111
14952,CC(C)CC(C)NC(=O)C(CO*)NC(=O)*,CC(C)CC(C)NC(=O)C(CO[*])NC(=O)[*],[*]COC(=O)NC([*])C(=O)NC(C)CC(C)C,2.62e-05,-4.581698708680254,2,-4.484391689300537
14953,CC(C)C(CCOC(=O)*)NC(=O)CO*,CC(C)C(CCOC(=O)[*])NC(=O)CO[*],[*]CCOC(=O)OCC(=O)NC([*])C(C)C,7.14e-05,-4.146301788223826,3,-4.404448509216309
14954,CC(C)COCC(CNC(=O)*)O*,CC(C)COCC(CNC(=O)[*])O[*],[*]CNC(=O)OC([*])COCC(C)C,4.23e-05,-4.373659632624958,1,-4.383355617523193
14955,CCNC(=O)C(O*)C(C)(C)OC(=O)*,CCNC(=O)C(O[*])C(C)(C)OC(=O)[*],[*]OC(=O)OC(C)(C)C([*])C(=O)NCC,3.53e-05,-4.452225294612178,0,-4.539222717285156
14956,CCCCC(C)NC(CC)(CO*)NC(=O)*,CCCCC(C)NC(CC)(CO[*])NC(=O)[*],[*]COC(=O)NC([*])(CC)NC(C)CCCC,3.1e-05,-4.508638306165727,3,-4.448746681213379
14957,CCOCCCNC(CN*)CNC(=O)*,CCOCCCNC(CN[*])CNC(=O)[*],[*]CNC(=O)NCC([*])NCCCOCC,8.9e-05,-4.050609993355088,3,-3.996126174926758
14958,CC(CC(C)NC(=O)CN*)NC(=O)*,CC(CC(C)NC(=O)CN[*])NC(=O)[*],[*]CC(C)NC(=O)NCC(=O)NC([*])C,3.81e-05,-4.419075024324381,3,-4.409212112426758
24005,O=C(*)NCC(=O)NC(CCN*)C(F)F,O=C([*])NCC(=O)NC(CCN[*])C(F)F,[*]CNC(=O)NCCC(NC([*])=O)C(F)F,5.7e-05,-4.2441251443275085,0,-4.090984344482422
24006,O=C(*)OC(CN*)CC(F)(F)F,O=C([*])OC(CN[*])CC(F)(F)F,[*]NCC(CC(F)(F)F)OC([*])=O,5.07e-05,-4.294992040666664,3,-4.385348796844482
24007,O=C(*)NCCC(=O)NCC(F)(F)CN*,O=C([*])NCCC(=O)NCC(F)(F)CN[*],[*]CCNC(=O)NCC(F)(F)CNC([*])=O,0.00011,-3.958607314841775,0,-4.183990478515625
24008,O=C(*)OCCCCCS(=O)(=O)CCO*,O=C([*])OCCCCCS(=O)(=O)CCO[*],[*]OCCCCCS(=O)(=O)CCOC([*])=O,6.5e-05,-4.187086643357144,2,-4.09977388381958
24009,O=C(*)NC(CC(F)F)C(=O)NCCCO*,O=C([*])NC(CC(F)F)C(=O)NCCCO[*],[*]NC(CC(F)F)C(=O)NCCCOC([*])=O,4.47e-05,-4.349692476868063,2,-4.2340497970581055
24010,O=C(*)OCC(CO*)(C(=O)O)C(=O)O,O=C([*])OCC(CO[*])(C(=O)O)C(=O)O,[*]OCC(COC([*])=O)(C(=O)O)C(=O)O,1.46e-05,-4.835647144215563,3,-4.721983432769775
24011,O=C(*)NCCCCNCCCCN*,O=C([*])NCCCCNCCCCN[*],[*]NCCCCNCCCCNC([*])=O,0.000125,-3.9030899869919438,2,-3.959993600845337
24012,O=C(*)NCCCCNCCN*,O=C([*])NCCCCNCCN[*],[*]NCCCCNCCNC([*])=O,6.68e-05,-4.175223537524454,3,-3.9295473098754883
24013,O=C(*)OC(C(=O)O)C(O*)C(=O)O,O=C([*])OC(C(=O)O)C(O[*])C(=O)O,[*]OC(C(=O)O)C(OC([*])=O)C(=O)O,2.36e-05,-4.627087997029894,0,-4.566898822784424
24014,O=C(*)NC(CCCN*)C(=O)O,O=C([*])NC(CCCN[*])C(=O)O,[*]NCCCC(NC([*])=O)C(=O)O,3.74e-05,-4.42712839779952,1,-4.209556579589844
24015,O=C(*)NC(CCCO*)C(=O)O,O=C([*])NC(CCCO[*])C(=O)O,[*]NC(CCCOC([*])=O)C(=O)O,2.94e-05,-4.531652669587842,1,-4.303284168243408
24016,O=C(*)NCCOCC(=O)NCCCO*,O=C([*])NCCOCC(=O)NCCCO[*],[*]COCCNC(=O)OCCCNC([*])=O,0.000112,-3.9507819773298185,0,-3.870966911315918
24017,O=C(*)OCC(CNCCF)O*,O=C([*])OCC(CNCCF)O[*],[*]OCC(CNCCF)OC([*])=O,7.39e-05,-4.131355561605174,1,-4.20860481262207
24018,O=C(*)NCCOCC(=O)NCCN*,O=C([*])NCCOCC(=O)NCCN[*],[*]COCCNC(=O)NCCNC([*])=O,0.00017,-3.769551078621726,3,-4.069042205810547
24019,O=C(*)NCCSCCSCCN*,O=C([*])NCCSCCSCCN[*],[*]NCCSCCSCCNC([*])=O,0.000164,-3.785156151952302,3,-3.8837292194366455
24020,O=C(*)NCCCCNC(=O)COCCO*,O=C([*])NCCCCNC(=O)COCCO[*],[*]COCCOC(=O)NCCCCNC([*])=O,0.000172,-3.764471553092451,0,-3.833683967590332
24021,O=C(*)NCCCCNC(=O)COCCN*,O=C([*])NCCCCNC(=O)COCCN[*],[*]COCCNC(=O)NCCCCNC([*])=O,0.000102,-3.9913998282380825,0,-3.940124750137329
24022,O=C(*)OCCOCCOC(=O)CO*,O=C([*])OCCOCCOC(=O)CO[*],[*]COC(=O)OCCOCCOC([*])=O,0.000203,-3.692503962086787,2,-3.8811521530151367
24023,O=C(*)OCCCCNCCCCO*,O=C([*])OCCCCNCCCCO[*],[*]OCCCCNCCCCOC([*])=O,0.000204,-3.6903698325741012,2,-3.857255220413208
24024,O=C(*)OCC(CNC(=O)C(F)F)O*,O=C([*])OCC(CNC(=O)C(F)F)O[*],[*]OCC(CNC(=O)C(F)F)OC([*])=O,0.000116,-3.9355420107730814,0,-4.292734622955322
24025,O=C(*)OCCCCCCN*,O=C([*])OCCCCCCN[*],[*]NCCCCCCOC([*])=O,9.46e-05,-4.024108863598207,2,-4.1257758140563965
24026,O=C(*)OCCN(CC=CCl)CCO*,O=C([*])OCCN(CC=CCl)CCO[*],[*]OCCN(CC=CCl)CCOC([*])=O,9.28e-05,-4.032452023781138,0,-4.133017539978027
24027,O=C(*)NCC(=O)NCCOCCCN*,O=C([*])NCC(=O)NCCOCCCN[*],[*]CNC(=O)NCCCOCCNC([*])=O,0.000143,-3.844663962534938,1,-4.115712642669678
24028,O=C(*)OCCSCCSCCO*,O=C([*])OCCSCCSCCO[*],[*]OCCSCCSCCOC([*])=O,0.000184,-3.7351821769904636,2,-3.7758734226226807
24029,O=C(*)OCCSCCCSCCO*,O=C([*])OCCSCCCSCCO[*],[*]OCCSCCCSCCOC([*])=O,0.000109,-3.962573502059376,1,-3.705631971359253
24030,O=C(*)OCCCCCCCCCCCO*,O=C([*])OCCCCCCCCCCCO[*],[*]OCCCCCCCCCCCOC([*])=O,6.67e-05,-4.175874166083451,1,-4.182508945465088
24031,O=C(*)OCCCCCCO*,O=C([*])OCCCCCCO[*],[*]OCCCCCCOC([*])=O,0.00013,-3.886056647693163,3,-4.006278038024902
24032,O=C(*)OC(CNCCS)CO*,O=C([*])OC(CNCCS)CO[*],[*]OCC(CNCCS)OC([*])=O,7.22e-05,-4.141462802430361,3,-4.235538482666016
24033,O=C(*)OCCCSCCO*,O=C([*])OCCCSCCO[*],[*]OCCCSCCOC([*])=O,0.00013,-3.886056647693163,2,-3.880807876586914
24034,O=C(*)NCCCOCCNC(=O)CCN*,O=C([*])NCCCOCCNC(=O)CCN[*],[*]CCNC(=O)NCCCOCCNC([*])=O,8.49e-05,-4.071092309756048,3,-3.9044854640960693
24035,O=C(*)NCCSCCCO*,O=C([*])NCCSCCCO[*],[*]NCCSCCCOC([*])=O,0.000107,-3.9706162223147903,2,-3.9051272869110107
24036,O=C(*)OCCCSCCOCCO*,O=C([*])OCCCSCCOCCO[*],[*]OCCCSCCOCCOC([*])=O,0.000256,-3.5917600346881504,3,-3.8093416690826416
24037,O=C(*)OCCCN(CCCF)CCO*,O=C([*])OCCCN(CCCF)CCO[*],[*]OCCCN(CCCF)CCOC([*])=O,0.000141,-3.85078088734462,3,-4.042675971984863
24038,O=C(*)OCCCCOCCCCO*,O=C([*])OCCCCOCCCCO[*],[*]OCCCCOCCCCOC([*])=O,0.000225,-3.6478174818886377,1,-3.833319664001465
24039,O=C(*)OCCCCCCCCCCO*,O=C([*])OCCCCCCCCCCO[*],[*]OCCCCCCCCCCOC([*])=O,9.71e-05,-4.012780770091995,2,-3.9372305870056152
24040,O=C(*)OCCCCN(CCO*)CC(F)F,O=C([*])OCCCCN(CCO[*])CC(F)F,[*]OCCCCN(CCOC([*])=O)CC(F)F,0.000102,-3.9913998282380825,1,-4.0791473388671875
24041,O=C(*)NC(CCN*)C(=O)NCCCS,O=C([*])NC(CCN[*])C(=O)NCCCS,[*]NCCC(NC([*])=O)C(=O)NCCCS,3.91e-05,-4.407823242604133,1,-4.197683811187744
24042,O=C(*)OCCCCCCCO*,O=C([*])OCCCCCCCO[*],[*]OCCCCCCCOC([*])=O,0.000224,-3.6497519816658373,3,-4.027128219604492
24043,O=C(*)OCCN(CCCCF)CCCO*,O=C([*])OCCN(CCCCF)CCCO[*],[*]OCCCN(CCCCF)CCOC([*])=O,7.36e-05,-4.133122185662502,0,-3.8905863761901855
24044,O=C(*)OCC(CO*)NCC=CCl,O=C([*])OCC(CO[*])NCC=CCl,[*]OCC(COC([*])=O)NCC=CCl,6.36e-05,-4.196542884351586,2,-4.196621894836426
24045,O=C(*)NCC(=O)NCCCCCCN*,O=C([*])NCC(=O)NCCCCCCN[*],[*]CNC(=O)NCCCCCCNC([*])=O,7.96e-05,-4.099086932262331,0,-4.182910919189453
24046,O=C(*)NCCNCCCO*,O=C([*])NCCNCCCO[*],[*]NCCNCCCOC([*])=O,0.0001,-4.0,2,-3.8749523162841797
24047,O=C(*)OCCNCC(O*)C(F)(F)F,O=C([*])OCCNCC(O[*])C(F)(F)F,[*]OCCNCC(OC([*])=O)C(F)(F)F,0.0001,-4.0,1,-4.283820629119873
24048,O=C(*)NCCNCCCNCCN*,O=C([*])NCCNCCCNCCN[*],[*]NCCNCCCNCCNC([*])=O,0.000128,-3.8927900303521317,1,-3.8509232997894287
24049,O=C(*)OCCCCCS(=O)CCO*,O=C([*])OCCCCCS(=O)CCO[*],[*]OCCCCCS(=O)CCOC([*])=O,0.000152,-3.8181564120552274,0,-3.9400906562805176
24050,O=C(*)OCCN(CCF)CCO*,O=C([*])OCCN(CCF)CCO[*],[*]OCCN(CCF)CCOC([*])=O,0.000129,-3.889410289700751,3,-3.9370129108428955
24051,O=C(*)OCCOCCOCCN*,O=C([*])OCCOCCOCCN[*],[*]NCCOCCOCCOC([*])=O,0.000278,-3.555955204081924,0,-3.6407735347747803
24052,O=C(*)OCCNC(=O)C(CC(F)F)N*,O=C([*])OCCNC(=O)C(CC(F)F)N[*],[*]NC(CC(F)F)C(=O)NCCOC([*])=O,2.84e-05,-4.546681659952962,0,-4.2743449211120605
24053,O=C(*)OCCN(CCO*)CS(=O)(=O)O,O=C([*])OCCN(CCO[*])CS(=O)(=O)O,[*]OCCN(CCOC([*])=O)CS(=O)(=O)O,4.86e-05,-4.313363730737707,1,-4.134137153625488
24054,O=C(*)NCC(=O)NCCSCCCO*,O=C([*])NCC(=O)NCCSCCCO[*],[*]CNC(=O)OCCCSCCNC([*])=O,7.23e-05,-4.140861702705469,3,-4.042916774749756
24055,O=C(*)NCCC(O*)C(=O)O,O=C([*])NCCC(O[*])C(=O)O,[*]NCCC(OC([*])=O)C(=O)O,5.24e-05,-4.280668713016273,0,-4.371774673461914
24056,O=C(*)OCCN(CCF)CCCO*,O=C([*])OCCN(CCF)CCCO[*],[*]OCCCN(CCF)CCOC([*])=O,0.000152,-3.8181564120552274,2,-3.974114179611206
24057,O=C(*)NCCN(CCF)CCO*,O=C([*])NCCN(CCF)CCO[*],[*]NCCN(CCF)CCOC([*])=O,0.000209,-3.6798537138889458,0,-3.9845046997070312
24058,O=C(*)OCCNCCCNCCO*,O=C([*])OCCNCCCNCCO[*],[*]OCCNCCCNCCOC([*])=O,0.000104,-3.9829666607012197,0,-3.6640701293945312
24059,O=C(*)OCCOCCO*,O=C([*])OCCOCCO[*],[*]OCCOCCOC([*])=O,0.000262,-3.5816987086802543,1,-3.6661605834960938
24060,O=C(*)NC(CN*)C(F)(F)F,O=C([*])NC(CN[*])C(F)(F)F,[*]NCC(NC([*])=O)C(F)(F)F,4.47e-05,-4.349692476868063,2,-4.329905986785889
24061,O=C(*)OCCS(=O)CCO*,O=C([*])OCCS(=O)CCO[*],[*]OCCS(=O)CCOC([*])=O,0.000115,-3.939302159646388,0,-4.044146537780762
24062,O=C(*)OCCSCCN*,O=C([*])OCCSCCN[*],[*]NCCSCCOC([*])=O,0.000132,-3.87942606879415,1,-3.843266725540161
24063,O=C(*)OCCSCCO*,O=C([*])OCCSCCO[*],[*]OCCSCCOC([*])=O,0.000175,-3.7569619513137056,1,-3.728257179260254
24064,O=C(*)NCCC(=O)NCCCCO*,O=C([*])NCCC(=O)NCCCCO[*],[*]CCNC(=O)OCCCCNC([*])=O,9.55e-05,-4.019996628416254,0,-4.105025291442871
24065,O=C(*)OCC(O)=C(O)C(O)=C(O)CO*,O=C([*])OCC(O)=C(O)C(O)=C(O)CO[*],[*]OCC(O)=C(O)C(O)=C(O)COC([*])=O,7.74e-05,-4.111259039317107,3,-4.823877334594727
24066,O=C(*)OCCN(CCCF)CCO*,O=C([*])OCCN(CCCF)CCO[*],[*]OCCN(CCCF)CCOC([*])=O,6.97e-05,-4.15676722190199,1,-3.8453760147094727
24067,O=C(*)NCCOCCOCCOCCO*,O=C([*])NCCOCCOCCOCCO[*],[*]NCCOCCOCCOCCOC([*])=O,0.00032,-3.494850021680094,2,-3.5917205810546875
24068,O=C(*)OCCCC#CC#CCCCO*,O=C([*])OCCCC#CC#CCCCO[*],[*]OCCCC#CC#CCCCOC([*])=O,4.34e-05,-4.36251027048749,0,-3.9785361289978027
24069,O=C(*)OCCOCCN*,O=C([*])OCCOCCN[*],[*]NCCOCCOC([*])=O,0.000138,-3.8601209135987635,3,-3.7085509300231934
24070,O=C(*)NCCS(=O)(=S)OCCN*,O=C([*])NCCS(=O)(=S)OCCN[*],[*]NCCOS(=O)(=S)CCNC([*])=O,3.28e-05,-4.484126156288321,0,-4.335387229919434
24071,O=C(*)OCCNCCO*,O=C([*])OCCNCCO[*],[*]OCCNCCOC([*])=O,0.000173,-3.7619538968712045,2,-3.7332849502563477
24072,O=C(*)NCCOCCN*,O=C([*])NCCOCCN[*],[*]NCCOCCNC([*])=O,8.88e-05,-4.051587034221399,2,-3.856774091720581
24073,O=C(*)OCCOCCCCOCCO*,O=C([*])OCCOCCCCOCCO[*],[*]OCCOCCCCOCCOC([*])=O,0.000249,-3.6038006529042637,0,-3.5881409645080566
24074,O=C(*)OCCSCCOCCO*,O=C([*])OCCSCCOCCO[*],[*]OCCOCCSCCOC([*])=O,0.000282,-3.549750891680639,3,-3.7032294273376465
24075,O=C(*)OCCNCNCCO*,O=C([*])OCCNCNCCO[*],[*]OCCNCNCCOC([*])=O,9.67e-05,-4.014573525916998,3,-3.7664477825164795
24076,O=C(*)OCCNNCCO*,O=C([*])OCCNNCCO[*],[*]OCCNNCCOC([*])=O,0.000167,-3.7772835288524167,3,-3.6784920692443848
24077,O=C(*)OCCOCCOCCO*,O=C([*])OCCOCCOCCO[*],[*]OCCOCCOCCOC([*])=O,0.000299,-3.5243288116755704,2,-3.596980571746826
24078,O=C(*)OCCNCCCO*,O=C([*])OCCNCCCO[*],[*]OCCCNCCOC([*])=O,0.000145,-3.838631997765025,1,-3.7839951515197754
24079,O=C(*)OCCOCCNCCOCCO*,O=C([*])OCCOCCNCCOCCO[*],[*]OCCOCCNCCOCCOC([*])=O,0.000507,-3.294992040666664,2,-3.4881417751312256
24080,O=C(*)NCCNCCO*,O=C([*])NCCNCCO[*],[*]NCCNCCOC([*])=O,9.29e-05,-4.031984286006359,0,-3.8669800758361816
24081,O=C(*)OCCCOCCN*,O=C([*])OCCCOCCN[*],[*]NCCOCCCOC([*])=O,0.000137,-3.8632794328435933,0,-3.8681795597076416
24082,O=C(*)NC(C(=O)O)C(O*)C(F)(F)F,O=C([*])NC(C(=O)O)C(O[*])C(F)(F)F,[*]NC(C(=O)O)C(OC([*])=O)C(F)(F)F,3.35e-05,-4.474955192963154,0,-4.602590084075928
24083,O=C(*)OCCCSCC(N*)C(=O)O,O=C([*])OCCCSCC(N[*])C(=O)O,[*]NC(CSCCCOC([*])=O)C(=O)O,6.33e-05,-4.198596289982645,0,-4.371478080749512
24084,O=C(*)NCCOCCOCCOCCN*,O=C([*])NCCOCCOCCOCCN[*],[*]NCCOCCOCCOCCNC([*])=O,0.000282,-3.549750891680639,1,-3.5713515281677246
24085,O=C(*)NCCCNCCNCCCN*,O=C([*])NCCCNCCNCCCN[*],[*]NCCCNCCNCCCNC([*])=O,0.000123,-3.910094888560602,1,-3.9543838500976562
24086,O=C(*)NCCNCCNCCNCCN*,O=C([*])NCCNCCNCCNCCN[*],[*]NCCNCCNCCNCCNC([*])=O,0.00015,-3.8239087409443187,1,-3.6651134490966797
24087,O=C(*)NCCC(N*)P(=O)(O)O,O=C([*])NCCC(N[*])P(=O)(O)O,[*]NCCC(NC([*])=O)P(=O)(O)O,6.57e-05,-4.182434630440219,3,-4.39795446395874
24088,O=C(*)OCCOCCCOCCO*,O=C([*])OCCOCCCOCCO[*],[*]OCCOCCCOCCOC([*])=O,0.000273,-3.563837352959244,0,-3.5779008865356445
24089,O=C(*)NCCNCCNCCCN*,O=C([*])NCCNCCNCCCN[*],[*]NCCCNCCNCCNC([*])=O,0.000133,-3.876148359032914,0,-3.896246910095215
24090,O=C(*)OCCCSCCCCCO*,O=C([*])OCCCSCCCCCO[*],[*]OCCCCCSCCCOC([*])=O,0.000113,-3.9469215565165805,2,-3.752311944961548
24091,O=C(*)NCCCNCCO*,O=C([*])NCCCNCCO[*],[*]NCCCNCCOC([*])=O,0.000139,-3.856985199745905,2,-3.91593861579895
24092,O=C(*)NC(CCCCO*)C(=O)O,O=C([*])NC(CCCCO[*])C(=O)O,[*]NC(CCCCOC([*])=O)C(=O)O,4.8e-05,-4.318758762624412,3,-4.428344249725342
24093,O=C(*)OCCN(CCF)CCOCCO*,O=C([*])OCCN(CCF)CCOCCO[*],[*]OCCOCCN(CCF)CCOC([*])=O,0.000292,-3.5346171485515816,1,-3.5751373767852783
24094,O=C(*)NCCSCCN*,O=C([*])NCCSCCN[*],[*]NCCSCCNC([*])=O,0.00012,-3.9208187539523753,1,-3.935096025466919
24095,O=C(*)OCCCCCCCCCO*,O=C([*])OCCCCCCCCCO[*],[*]OCCCCCCCCCOC([*])=O,0.000123,-3.910094888560602,2,-3.9813385009765625
24096,O=C(*)OCCC(CN*)C(F)(F)F,O=C([*])OCCC(CN[*])C(F)(F)F,[*]NCC(CCOC([*])=O)C(F)(F)F,1.77e-05,-4.752026733638194,0,-4.375062942504883
24097,O=C(*)NCCCOCCOCCCN*,O=C([*])NCCCOCCOCCCN[*],[*]NCCCOCCOCCCNC([*])=O,0.000204,-3.6903698325741012,2,-3.819248676300049
24098,O=C(*)NCCOCCOCCN*,O=C([*])NCCOCCOCCN[*],[*]NCCOCCOCCNC([*])=O,0.000254,-3.595166283380062,3,-3.801525592803955
24099,O=C(*)OCCNCCNCCO*,O=C([*])OCCNCCNCCO[*],[*]OCCNCCNCCOC([*])=O,0.000128,-3.8927900303521317,1,-3.6759836673736572
24100,O=C(*)OCCCCCCSCCCO*,O=C([*])OCCCCCCSCCCO[*],[*]OCCCCCCSCCCOC([*])=O,0.000119,-3.9244530386074694,0,-4.021915435791016
24101,O=C(*)OCCCOCCCO*,O=C([*])OCCCOCCCO[*],[*]OCCCOCCCOC([*])=O,0.000285,-3.54515513999149,2,-3.7149505615234375
24102,O=C(*)OCCSCCCCCCCO*,O=C([*])OCCSCCCCCCCO[*],[*]OCCCCCCCSCCOC([*])=O,0.00021,-3.677780705266081,1,-3.8751230239868164
24103,O=C(*)NCCNCCCCCNCCN*,O=C([*])NCCNCCCCCNCCN[*],[*]NCCNCCCCCNCCNC([*])=O,0.000142,-3.8477116556169433,3,-3.836369037628174
24104,O=C(*)OCCOCCOCCCN*,O=C([*])OCCOCCOCCCN[*],[*]NCCCOCCOCCOC([*])=O,0.000169,-3.7721132953863266,3,-3.4835009574890137
24105,O=C(*)NCCCNCCCO*,O=C([*])NCCCNCCCO[*],[*]NCCCNCCCOC([*])=O,0.000164,-3.785156151952302,0,-3.8829185962677
24106,O=C(*)NCCSCCCSCCN*,O=C([*])NCCSCCCSCCN[*],[*]NCCSCCCSCCNC([*])=O,0.00015,-3.8239087409443187,0,-3.8239099979400635
24107,O=C(*)OCCCCCOCCCCCO*,O=C([*])OCCCCCOCCCCCO[*],[*]OCCCCCOCCCCCOC([*])=O,0.000157,-3.8041003475907664,3,-3.7283833026885986
24108,O=C(*)NCCNCCCCNCCN*,O=C([*])NCCNCCCCNCCN[*],[*]NCCNCCCCNCCNC([*])=O,0.000113,-3.9469215565165805,0,-3.8589441776275635
24109,O=C(*)OCCNCCCCN*,O=C([*])OCCNCCCCN[*],[*]NCCCCNCCOC([*])=O,9.18e-05,-4.037157318798758,3,-3.7360522747039795
24110,O=C(*)NCCNCCNCCN*,O=C([*])NCCNCCNCCN[*],[*]NCCNCCNCCNC([*])=O,0.000215,-3.6675615400843946,0,-3.881261110305786
24111,O=C(*)NCCCCC(N*)C(=O)NO,O=C([*])NCCCCC(N[*])C(=O)NO,[*]NCCCCC(NC([*])=O)C(=O)NO,5.76e-05,-4.239577516576788,2,-4.216331481933594
24112,O=C(*)OCCNCCOCCO*,O=C([*])OCCNCCOCCO[*],[*]OCCNCCOCCOC([*])=O,0.000205,-3.688246138944246,2,-3.683206558227539
24113,O=C(*)OCCCCCCCCO*,O=C([*])OCCCCCCCCO[*],[*]OCCCCCCCCOC([*])=O,0.00014,-3.853871964321762,1,-3.981300115585327
24114,O=C(*)NCCCNCCCNCCCN*,O=C([*])NCCCNCCCNCCCN[*],[*]NCCCNCCCNCCCNC([*])=O,0.00011,-3.958607314841775,3,-3.9348580837249756
24115,O=C(*)OCCCNCCCO*,O=C([*])OCCCNCCCO[*],[*]OCCCNCCCOC([*])=O,0.000227,-3.6439741428068775,1,-3.7480905055999756
24116,O=C(*)NCCCCCOCCCCCN*,O=C([*])NCCCCCOCCCCCN[*],[*]NCCCCCOCCCCCNC([*])=O,0.000159,-3.7986028756795487,3,-3.8633615970611572
24117,O=C(*)NCCCOCCCN*,O=C([*])NCCCOCCCN[*],[*]NCCCOCCCNC([*])=O,9.93e-05,-4.0030507515046185,1,-3.923576831817627
24118,O=C(*)OCCOCCOCCOCCO*,O=C([*])OCCOCCOCCOCCO[*],[*]OCCOCCOCCOCCOC([*])=O,0.000487,-3.3124710387853655,3,-3.434518814086914
24119,O=C(*)OCCOCCCN*,O=C([*])OCCOCCCN[*],[*]NCCCOCCOC([*])=O,0.000243,-3.614393726401688,3,-3.687211513519287
24120,O=C(*)OCCCOCCCOCCCO*,O=C([*])OCCCOCCCOCCCO[*],[*]OCCCOCCCOCCCOC([*])=O,0.000177,-3.7520267336381936,3,-3.720818281173706
24121,O=C(*)NCCSCSCCN*,O=C([*])NCCSCSCCN[*],[*]NCCSCSCCNC([*])=O,8.73e-05,-4.0589857562944305,0,-3.947956085205078
24134,CN(C)C(=O)C(CN*)NC(=O)*,CN(C)C(=O)C(CN[*])NC(=O)[*],[*]CNC(=O)NC([*])C(=O)N(C)C,3.16e-05,-4.5003129173815966,3,-4.21745491027832
24135,O=C(*)OCC(CO*)NC(=O)C(F)F,O=C([*])OCC(CO[*])NC(=O)C(F)F,[*]OCC(COC([*])=O)NC(=O)C(F)F,5.64e-05,-4.248720896016658,0,-4.286761283874512
24136,COC(=O)CNC(=O)C(NC(=O)*)C(C)O*,COC(=O)CNC(=O)C(NC(=O)[*])C(C)O[*],[*]NC(=O)OC(C)C([*])C(=O)NCC(=O)OC,4.72e-05,-4.3260580013659125,0,-4.316695690155029
24137,CC(CS(=O)(=O)CCOC(=O)*)O*,CC(CS(=O)(=O)CCOC(=O)[*])O[*],[*]CS(=O)(=O)CCOC(=O)OC([*])C,7.69e-05,-4.114073660198569,0,-4.167454719543457
24138,COCC(COC(=O)*)NC(=O)CO*,COCC(COC(=O)[*])NC(=O)CO[*],[*]COC(=O)OCC(=O)NC([*])COC,8e-05,-4.096910013008056,2,-4.130045413970947
24139,CNC(COC(=O)*)C(=O)NCCN*,CNC(COC(=O)[*])C(=O)NCCN[*],[*]COC(=O)NCCNC(=O)C([*])NC,6.23e-05,-4.205511953340831,1,-4.1077775955200195
24140,COCC(N*)C(=O)NCCCCOC(=O)*,COCC(N[*])C(=O)NCCCCOC(=O)[*],[*]NC(=O)OCCCCNC(=O)C([*])COC,6.24e-05,-4.204815410317576,3,-4.149384021759033
24141,CC(=O)CCC(=O)NCC(COC(=O)*)O*,CC(=O)CCC(=O)NCC(COC(=O)[*])O[*],[*]COC(=O)OC([*])CNC(=O)CCC(C)=O,5.06e-05,-4.295849483160201,1,-4.295034408569336
24142,O=C(CCOC(=O)*)NCCCO*,O=C(CCOC(=O)[*])NCCCO[*],[*]CCOC(=O)OCCCNC([*])=O,8.04e-05,-4.094743951251549,0,-4.017671585083008
24143,CC(C)OCC(=O)NC(CO*)COC(=O)*,CC(C)OCC(=O)NC(CO[*])COC(=O)[*],[*]COC(=O)OCC([*])NC(=O)COC(C)C,7.61e-05,-4.118615343229427,2,-4.235109806060791
24144,CCOCCC(=O)NCC(CO*)OC(=O)*,CCOCCC(=O)NCC(CO[*])OC(=O)[*],[*]COC(=O)OC([*])CNC(=O)CCOCC,0.00014,-3.853871964321762,2,-4.149249076843262
24145,O=C(CCO*)NCCNCCOC(=O)*,O=C(CCO[*])NCCNCCOC(=O)[*],[*]CCOC(=O)OCCNCCNC([*])=O,0.000126,-3.899629454882437,3,-3.9128170013427734
24146,COC(CN*)C(=O)NCCCCOC(=O)*,COC(CN[*])C(=O)NCCCCOC(=O)[*],[*]CNC(=O)OCCCCNC(=O)C([*])OC,7.05e-05,-4.151810883008602,2,-4.215663909912109
24147,CCOCC(=O)NCC(COC(=O)*)O*,CCOCC(=O)NCC(COC(=O)[*])O[*],[*]COC(=O)OC([*])CNC(=O)COCC,5.83e-05,-4.2343314452409855,3,-4.082278251647949
24148,CN(C)CC(=O)NC(CO*)COC(=O)*,CN(C)CC(=O)NC(CO[*])COC(=O)[*],[*]COC(=O)OCC([*])NC(=O)CN(C)C,8.08e-05,-4.092588639225414,1,-4.188342094421387
24149,CNCC(C)C(=O)NCC(CO*)OC(=O)*,CNCC(C)C(=O)NCC(CO[*])OC(=O)[*],[*]COC(=O)OC([*])CNC(=O)C(C)CNC,5.18e-05,-4.285670240254767,0,-4.224048137664795
24150,COCC(CO*)NC(=O)CCCNC(=O)*,COCC(CO[*])NC(=O)CCCNC(=O)[*],[*]COC(=O)NCCCC(=O)NC([*])COC,7.7e-05,-4.113509274827518,0,-4.087438583374023
24151,COCCC(CO*)NC(=O)COC(=O)*,COCCC(CO[*])NC(=O)COC(=O)[*],[*]COC(=O)OCC(=O)NC([*])CCOC,7.26e-05,-4.139063379299906,0,-4.055934429168701
24152,CNC(=O)NC(CO*)COC(=O)*,CNC(=O)NC(CO[*])COC(=O)[*],[*]COC(=O)OCC([*])NC(=O)NC,4e-05,-4.3979400086720375,1,-4.1950602531433105
24153,CN(CCCOC(=O)*)C(=O)CN*,CN(CCCOC(=O)[*])C(=O)CN[*],[*]CCCOC(=O)NCC(=O)N([*])C,5.26e-05,-4.279014255846261,1,-4.263235569000244
24154,CC(C(=O)O)C(=O)NC(CO*)COC(=O)*,CC(C(=O)O)C(=O)NC(CO[*])COC(=O)[*],[*]COC(=O)OCC([*])NC(=O)C(C)C(=O)O,4e-05,-4.3979400086720375,2,-4.245205879211426
24155,COC(CN*)C(=O)NCCCOC(=O)*,COC(CN[*])C(=O)NCCCOC(=O)[*],[*]CNC(=O)OCCCNC(=O)C([*])OC,7.7e-05,-4.113509274827518,2,-4.209311485290527
24156,CC(CN(CCOC(=O)*)CC(=O)O)O*,CC(CN(CCOC(=O)[*])CC(=O)O)O[*],[*]CN(CCOC(=O)OC([*])C)CC(=O)O,5.52e-05,-4.2580609222708015,0,-4.4653778076171875
24157,O=C(*)OCC(CO*)NC(=O)C(=O)O,O=C([*])OCC(CO[*])NC(=O)C(=O)O,[*]OCC(COC([*])=O)NC(=O)C(=O)O,6.39e-05,-4.1944991418416,2,-4.363972187042236
24158,COC(=O)CCN(C)CC(COC(=O)*)O*,COC(=O)CCN(C)CC(COC(=O)[*])O[*],[*]COC(=O)OC([*])CN(C)CCC(=O)OC,0.000105,-3.9788107009300617,2,-4.086219787597656
24159,CC(CO*)(COC(=O)*)NC(=O)CC(=O)O,CC(CO[*])(COC(=O)[*])NC(=O)CC(=O)O,[*]COC(=O)OCC([*])(C)NC(=O)CC(=O)O,4.35e-05,-4.361510743045363,3,-4.329029560089111
24160,CC(=O)NCC(=O)NCC(COC(=O)*)O*,CC(=O)NCC(=O)NCC(COC(=O)[*])O[*],[*]COC(=O)OC([*])CNC(=O)CNC(C)=O,3.57e-05,-4.447331783887806,2,-4.175797462463379
24161,O=C(CCOC(=O)*)NCCO*,O=C(CCOC(=O)[*])NCCO[*],[*]CCOC(=O)OCCNC([*])=O,9.17e-05,-4.037630664329979,2,-4.0161919593811035
24162,COC(CNC(=O)*)CC(=O)NCCCO*,COC(CNC(=O)[*])CC(=O)NCCCO[*],[*]CNC(=O)OCCCNC(=O)CC([*])OC,4.48e-05,-4.348721986001856,1,-4.236020565032959
24163,CCC(C)C(OC(=O)*)C(C)O*,CCC(C)C(OC(=O)[*])C(C)O[*],[*]OC(=O)OC(C)C([*])C(C)CC,2.14e-05,-4.669586226650809,3,-4.673381328582764
24164,CC(N*)C(OC(=O)*)C(F)(F)F,CC(N[*])C(OC(=O)[*])C(F)(F)F,[*]NC(=O)OC(C([*])C)C(F)(F)F,4.56e-05,-4.341035157335565,1,-4.544018268585205
24165,CC(C)(CCO*)CCOC(=O)*,CC(C)(CCO[*])CCOC(=O)[*],[*]CCOC(=O)OCCC([*])(C)C,4.65e-05,-4.3325470471100465,1,-4.545226097106934
24166,COCC(COC)NCC(CO*)OC(=O)*,COCC(COC)NCC(CO[*])OC(=O)[*],[*]COC(=O)OC([*])CNC(COC)COC,6.15e-05,-4.211124884224583,2,-4.021976947784424
24167,CCOC(=O)CN(C)CC(CO*)OC(=O)*,CCOC(=O)CN(C)CC(CO[*])OC(=O)[*],[*]COC(=O)OC([*])CN(C)CC(=O)OCC,4.73e-05,-4.325138859262188,3,-4.175991058349609
24168,COC(=O)CN(CCO*)CC(C)OC(=O)*,COC(=O)CN(CCO[*])CC(C)OC(=O)[*],[*]CCOC(=O)OC(C)CN([*])CC(=O)OC,0.000107,-3.9706162223147903,2,-4.15386962890625
24169,CC(=O)CCC(=O)NC(CO*)COC(=O)*,CC(=O)CCC(=O)NC(CO[*])COC(=O)[*],[*]COC(=O)OCC([*])NC(=O)CCC(C)=O,8.38e-05,-4.076755981369724,0,-4.381827354431152
24170,CC(CNC(=O)CO*)OC(=O)*,CC(CNC(=O)CO[*])OC(=O)[*],[*]CNC(=O)COC(=O)OC([*])C,5.4e-05,-4.267606240177032,0,-4.2673234939575195
24171,COCC(=O)NCC(CN*)OC(=O)*,COCC(=O)NCC(CN[*])OC(=O)[*],[*]CNC(=O)OC([*])CNC(=O)COC,7.8e-05,-4.107905397309519,3,-4.064382076263428
24172,CC(CC(=O)NCCOC(=O)*)O*,CC(CC(=O)NCCOC(=O)[*])O[*],[*]CC(=O)NCCOC(=O)OC([*])C,0.000109,-3.962573502059376,2,-4.1863579750061035
24173,CCC(=O)NCC(CN*)OC(=O)*,CCC(=O)NCC(CN[*])OC(=O)[*],[*]CNC(=O)OC([*])CNC(=O)CC,8.5e-05,-4.070581074285707,2,-4.237990856170654
24174,CNCCCC(=O)NCC(COC(=O)*)O*,CNCCCC(=O)NCC(COC(=O)[*])O[*],[*]COC(=O)OC([*])CNC(=O)CCCNC,9.75e-05,-4.010995384301463,3,-4.112875461578369
24175,CC(C)(OC(=O)*)C(=O)NCCOCCO*,CC(C)(OC(=O)[*])C(=O)NCCOCCO[*],[*]OC(=O)OCCOCCNC(=O)C([*])(C)C,0.000125,-3.9030899869919438,0,-3.9983339309692383
24176,CCOC=CC(CNC(=O)*)(O*)C(F)(F)F,CCOC=CC(CNC(=O)[*])(O[*])C(F)(F)F,[*]CNC(=O)OC([*])(C=COCC)C(F)(F)F,4.49e-05,-4.347753658996677,2,-4.545479774475098
24177,NS(=O)(=O)NC(CO*)COC(=O)*,NS(=O)(=O)NC(CO[*])COC(=O)[*],[*]COC(=O)OCC([*])NS(N)(=O)=O,1.86e-05,-4.730487055782084,3,-4.367968559265137
24178,N#CCNCC(CO*)OC(=O)*,N#CCNCC(CO[*])OC(=O)[*],[*]COC(=O)OC([*])CNCC#N,6.34e-05,-4.1979107421182675,1,-4.118149280548096
24179,COC(=O)CC(C)NCC(CO*)OC(=O)*,COC(=O)CC(C)NCC(CO[*])OC(=O)[*],[*]COC(=O)OC([*])CNC(C)CC(=O)OC,5.24e-05,-4.280668713016273,3,-4.269740104675293
24180,O=C(CCS)NCC(COC(=O)*)O*,O=C(CCS)NCC(COC(=O)[*])O[*],[*]COC(=O)OC([*])CNC(=O)CCS,5.57e-05,-4.2541448048262716,1,-4.27203893661499
24181,COCC(CCO*)NC(=O)C(C)OC(=O)*,COCC(CCO[*])NC(=O)C(C)OC(=O)[*],[*]CCOC(=O)OC(C)C(=O)NC([*])COC,7.38e-05,-4.131943638176958,3,-4.1362714767456055
24182,CC(CNC(=O)C(C)NC(=O)*)N*,CC(CNC(=O)C(C)NC(=O)[*])N[*],[*]CNC(=O)C(C)NC(=O)NC([*])C,3.75e-05,-4.425968732272281,3,-4.3639912605285645
24183,O=C(*)NC(CO*)C(=O)NCC(F)(F)F,O=C([*])NC(CO[*])C(=O)NCC(F)(F)F,[*]NC(COC([*])=O)C(=O)NCC(F)(F)F,3.78e-05,-4.422508200162775,3,-4.242120265960693
24184,COC(=O)C(CCOC(=O)*)OCCO*,COC(=O)C(CCOC(=O)[*])OCCO[*],[*]CCOC(=O)OCCOC([*])C(=O)OC,0.000103,-3.987162775294828,0,-4.136745929718018
24185,CCNC(=O)CNC(CO*)COC(=O)*,CCNC(=O)CNC(CO[*])COC(=O)[*],[*]COC(=O)OCC([*])NCC(=O)NCC,6.57e-05,-4.182434630440219,0,-4.104276657104492
24186,CCC(CNC(=O)COC(=O)*)O*,CCC(CNC(=O)COC(=O)[*])O[*],[*]CNC(=O)COC(=O)OC([*])CC,8.62e-05,-4.064492734175287,3,-4.198012828826904
24187,COCCS(=O)(=O)CC(CO*)OC(=O)*,COCCS(=O)(=O)CC(CO[*])OC(=O)[*],[*]COC(=O)OC([*])CS(=O)(=O)CCOC,3.58e-05,-4.446116973356125,0,-3.9414963722229004
24188,COC(=O)CCNC(CO*)COC(=O)*,COC(=O)CCNC(CO[*])COC(=O)[*],[*]COC(=O)OCC([*])NCCC(=O)OC,6.19e-05,-4.208309350979882,2,-4.17835807800293
24189,CC=CC(CC(C)O*)OC(=O)*,CC=CC(CC(C)O[*])OC(=O)[*],[*]CC(C)OC(=O)OC([*])C=CC,5.93e-05,-4.226945306635737,1,-4.412684440612793
24190,CCN(CC(=O)OC)CC(COC(=O)*)O*,CCN(CC(=O)OC)CC(COC(=O)[*])O[*],[*]COC(=O)OC([*])CN(CC)CC(=O)OC,5.55e-05,-4.255707016877324,2,-4.12978458404541
24191,C#CC(=O)NCC(CO*)OC(=O)*,C#CC(=O)NCC(CO[*])OC(=O)[*],[*]COC(=O)OC([*])CNC(=O)C#C,6.35e-05,-4.197226274708024,1,-4.18017578125
24192,CC(CCOC(=O)*)NC(=O)CN*,CC(CCOC(=O)[*])NC(=O)CN[*],[*]CCOC(=O)NCC(=O)NC([*])C,6.34e-05,-4.1979107421182675,3,-4.248260974884033
24193,O=C(*)NCC(F)(F)CNC(=O)CN*,O=C([*])NCC(F)(F)CNC(=O)CN[*],[*]CNC(=O)NCC(F)(F)CNC([*])=O,7.82e-05,-4.106793246940152,1,-4.291872978210449
24194,COCCCC(=O)NC(CO*)COC(=O)*,COCCCC(=O)NC(CO[*])COC(=O)[*],[*]COC(=O)OCC([*])NC(=O)CCCOC,8.46e-05,-4.0726296369609765,0,-4.040924549102783
24195,COCC(NC(=O)*)C(=O)N(C)CCO*,COCC(NC(=O)[*])C(=O)N(C)CCO[*],[*]NC(=O)OCCN(C)C(=O)C([*])COC,5.65e-05,-4.247951552180561,1,-4.269941329956055
24196,CC(C)NC(=O)CNC(CO*)COC(=O)*,CC(C)NC(=O)CNC(CO[*])COC(=O)[*],[*]COC(=O)OCC([*])NCC(=O)NC(C)C,5.72e-05,-4.242603971206976,3,-4.197256088256836
24197,CCNC(=O)CN(C)CC(CO*)OC(=O)*,CCNC(=O)CN(C)CC(CO[*])OC(=O)[*],[*]COC(=O)OC([*])CN(C)CC(=O)NCC,6.92e-05,-4.1598939055432425,1,-4.162289619445801
24198,CC(=O)C(=O)NCC(COC(=O)*)O*,CC(=O)C(=O)NCC(COC(=O)[*])O[*],[*]COC(=O)OC([*])CNC(=O)C(C)=O,2.89e-05,-4.539102157243452,2,-4.276824951171875
24199,CC(C(=O)O)N(C)CC(COC(=O)*)O*,CC(C(=O)O)N(C)CC(COC(=O)[*])O[*],[*]COC(=O)OC([*])CN(C)C(C)C(=O)O,3.64e-05,-4.438898616350944,1,-4.214629173278809
24200,COC(=O)NCC(COC(=O)*)O*,COC(=O)NCC(COC(=O)[*])O[*],[*]COC(=O)OC([*])CNC(=O)OC,5.99e-05,-4.2225731776106885,0,-4.2027153968811035
24201,O=C(*)NCCNC(=O)CCO*,O=C([*])NCCNC(=O)CCO[*],[*]CCOC(=O)NCCNC([*])=O,6.6e-05,-4.180456064458132,2,-4.082352638244629
24202,CC(CO*)NC(=O)COC(=O)*,CC(CO[*])NC(=O)COC(=O)[*],[*]COC(=O)OCC(=O)NC([*])C,5.81e-05,-4.235823867609669,1,-4.174211025238037
24203,CC(CN(C)CC(COC(=O)*)O*)C(=O)O,CC(CN(C)CC(COC(=O)[*])O[*])C(=O)O,[*]COC(=O)OC([*])CN(C)CC(C)C(=O)O,4.65e-05,-4.3325470471100465,3,-4.281276702880859
24204,CN(CCNC(=O)CCOC(=O)*)CCO*,CN(CCNC(=O)CCOC(=O)[*])CCO[*],[*]CCNC(=O)CCOC(=O)OCCN([*])C,0.000113,-3.9469215565165805,0,-3.981889486312866
24205,CCC(=O)NCC(COC(=O)*)O*,CCC(=O)NCC(COC(=O)[*])O[*],[*]COC(=O)OC([*])CNC(=O)CC,0.000121,-3.9172146296835497,1,-4.23483943939209
24206,O=C(O)CC(O*)C(=O)OCCOC(=O)*,O=C(O)CC(O[*])C(=O)OCCOC(=O)[*],[*]OC(=O)OCCOC(=O)C([*])CC(=O)O,3.49e-05,-4.45717457304082,3,-4.3526930809021
24207,O=C(O)CN(CCCO*)CCOC(=O)*,O=C(O)CN(CCCO[*])CCOC(=O)[*],[*]CCCOC(=O)OCCN([*])CC(=O)O,3.24e-05,-4.489454989793388,0,-4.092464923858643
24208,CC(N*)C(=O)NC(COC(=O)*)C(N)=O,CC(N[*])C(=O)NC(COC(=O)[*])C(N)=O,[*]NC(=O)OCC(NC(=O)C([*])C)C(N)=O,7.46e-05,-4.127261172527331,2,-4.109718322753906
24209,CC(CNC(=O)COC(=O)*)CO*,CC(CNC(=O)COC(=O)[*])CO[*],[*]CNC(=O)COC(=O)OCC([*])C,7.17e-05,-4.1444808443322,1,-4.182531833648682
24210,CC(O*)C(=O)NCC(OC(=O)*)C(N)=O,CC(O[*])C(=O)NCC(OC(=O)[*])C(N)=O,[*]OC(=O)OC(CNC(=O)C([*])C)C(N)=O,5.71e-05,-4.243363891754152,2,-4.141576766967773
24211,CCOC(=O)CCNC(CO*)COC(=O)*,CCOC(=O)CCNC(CO[*])COC(=O)[*],[*]COC(=O)OCC([*])NCCC(=O)OCC,5.66e-05,-4.247183568811729,1,-4.22111177444458
24212,COCC(=O)NCC(CO*)OC(=O)*,COCC(=O)NCC(CO[*])OC(=O)[*],[*]COC(=O)OC([*])CNC(=O)COC,0.000111,-3.9546770212133424,2,-4.133352279663086
24213,CC(CC(=O)NCC(OC(=O)*)C(N)=O)N*,CC(CC(=O)NCC(OC(=O)[*])C(N)=O)N[*],[*]CC(=O)NCC(OC(=O)NC([*])C)C(N)=O,5.75e-05,-4.2403321553103694,1,-4.258746147155762
24214,CC(O*)C(=O)NC(COC(=O)*)C(N)=O,CC(O[*])C(=O)NC(COC(=O)[*])C(N)=O,[*]OC(=O)OCC(NC(=O)C([*])C)C(N)=O,5.07e-05,-4.294992040666664,0,-4.150414943695068
24215,O=C(*)OCC(CNC(=O)C(=O)O)O*,O=C([*])OCC(CNC(=O)C(=O)O)O[*],[*]OCC(CNC(=O)C(=O)O)OC([*])=O,5.87e-05,-4.231361898752385,3,-4.322169780731201
24216,CCC(CO*)(COC(=O)*)NC(=O)COC,CCC(CO[*])(COC(=O)[*])NC(=O)COC,[*]COC(=O)OCC([*])(CC)NC(=O)COC,4.59e-05,-4.338187314462739,3,-4.417839050292969
24217,CC(NC(=O)*)C(=O)NCCNCCO*,CC(NC(=O)[*])C(=O)NCCNCCO[*],[*]NC(=O)OCCNCCNC(=O)C([*])C,7.95e-05,-4.0996328713435295,1,-3.9502482414245605
24218,CN(C)CC(C)(CNC(=O)COC(=O)*)O*,CN(C)CC(C)(CNC(=O)COC(=O)[*])O[*],[*]CNC(=O)COC(=O)OC([*])(C)CN(C)C,4.4e-05,-4.356547323513813,2,-4.236473560333252
24219,CN(CCNC(=O)COC(=O)*)CCO*,CN(CCNC(=O)COC(=O)[*])CCO[*],[*]CCNC(=O)COC(=O)OCCN([*])C,0.000165,-3.7825160557860937,3,-3.9362378120422363
24220,CCOC(=O)CNC(=O)C(COC(=O)*)N*,CCOC(=O)CNC(=O)C(COC(=O)[*])N[*],[*]COC(=O)NC([*])C(=O)NCC(=O)OCC,5.83e-05,-4.2343314452409855,1,-4.3033447265625
24221,CCN(CC(=O)O)CC(COC(=O)*)O*,CCN(CC(=O)O)CC(COC(=O)[*])O[*],[*]COC(=O)OC([*])CN(CC)CC(=O)O,4.48e-05,-4.348721986001856,1,-4.290473937988281
24222,CC(CN(CCO*)C(=O)C(=O)O)OC(=O)*,CC(CN(CCO[*])C(=O)C(=O)O)OC(=O)[*],[*]CN(CCOC(=O)OC([*])C)C(=O)C(=O)O,2.02e-05,-4.694648630553377,3,-4.491584300994873
24223,N#CCC(=O)NC(CO*)COC(=O)*,N#CCC(=O)NC(CO[*])COC(=O)[*],[*]COC(=O)OCC([*])NC(=O)CC#N,7.34e-05,-4.13430394008393,2,-4.280656337738037
24224,CC(CNC(=O)CCNC(=O)*)N*,CC(CNC(=O)CCNC(=O)[*])N[*],[*]CNC(=O)CCNC(=O)NC([*])C,5.4e-05,-4.267606240177032,2,-4.264678955078125
24225,CCS(=O)(=O)N(C)CC(COC(=O)*)O*,CCS(=O)(=O)N(C)CC(COC(=O)[*])O[*],[*]COC(=O)OC([*])CN(C)S(=O)(=O)CC,5.61e-05,-4.251037138743839,3,-4.489167213439941
24226,COCCC(=O)NC(C)(CO*)COC(=O)*,COCCC(=O)NC(C)(CO[*])COC(=O)[*],[*]COC(=O)OCC([*])(C)NC(=O)CCOC,6.94e-05,-4.158640529545145,3,-4.252840042114258
24227,COCC(NC(=O)*)C(=O)NCCN*,COCC(NC(=O)[*])C(=O)NCCN[*],[*]NC(=O)NCCNC(=O)C([*])COC,3.6e-05,-4.443697499232712,0,-4.168470859527588
24228,CC(NCC(OC(=O)*)C(N)=O)C(C)O*,CC(NCC(OC(=O)[*])C(N)=O)C(C)O[*],[*]NCC(OC(=O)OC(C)C([*])C)C(N)=O,3.77e-05,-4.423658649794207,3,-4.26824426651001
24229,CCCC(CN*)NC(=O)*,CCCC(CN[*])NC(=O)[*],[*]CNC(=O)NC([*])CCC,4.5e-05,-4.346787486224656,2,-4.36707067489624
24230,CC(C)(O*)C(=O)NC(COC(=O)*)C(N)=O,CC(C)(O[*])C(=O)NC(COC(=O)[*])C(N)=O,[*]OC(=O)OCC(NC(=O)C([*])(C)C)C(N)=O,6.43e-05,-4.191789027075778,0,-4.162364959716797
24231,CNC(=O)CSCC(COC(=O)*)O*,CNC(=O)CSCC(COC(=O)[*])O[*],[*]COC(=O)OC([*])CSCC(=O)NC,5.76e-05,-4.239577516576788,2,-4.220083236694336
24232,O=C(O)CC(=O)NCC(COC(=O)*)O*,O=C(O)CC(=O)NCC(COC(=O)[*])O[*],[*]COC(=O)OC([*])CNC(=O)CC(=O)O,5.55e-05,-4.255707016877324,0,-4.225522518157959
24233,CC(CCNC(=O)COC(=O)*)O*,CC(CCNC(=O)COC(=O)[*])O[*],[*]CCNC(=O)COC(=O)OC([*])C,8.07e-05,-4.09312646527793,2,-4.213787078857422
24234,O=C(*)OCCCN(CCO*)C(=O)C(=O)O,O=C([*])OCCCN(CCO[*])C(=O)C(=O)O,[*]OCCCN(CCOC([*])=O)C(=O)C(=O)O,4.02e-05,-4.39577394691553,0,-4.270331859588623
24235,COC(CN*)CC(=O)NCCNC(=O)*,COC(CN[*])CC(=O)NCCNC(=O)[*],[*]CNC(=O)NCCNC(=O)CC([*])OC,5.08e-05,-4.294136287716081,1,-4.166207313537598
24236,COC(C)C(=O)NC(C)(CO*)COC(=O)*,COC(C)C(=O)NC(C)(CO[*])COC(=O)[*],[*]COC(=O)OCC([*])(C)NC(=O)C(C)OC,5.03e-05,-4.298432014944073,3,-4.376219272613525
24237,O=C(*)NCCS(=O)(=O)NCCN*,O=C([*])NCCS(=O)(=O)NCCN[*],[*]NCCNS(=O)(=O)CCNC([*])=O,7.24e-05,-4.140261433802853,2,-4.230100631713867
24238,COCC(N*)C(=O)N(C)CCCOC(=O)*,COCC(N[*])C(=O)N(C)CCCOC(=O)[*],[*]NC(=O)OCCCN(C)C(=O)C([*])COC,4.88e-05,-4.311580177997289,2,-4.161493301391602
24239,CC(COC(=O)*)CN(CCO*)CC(F)F,CC(COC(=O)[*])CN(CCO[*])CC(F)F,[*]COC(=O)OCCN(CC([*])C)CC(F)F,6.23e-05,-4.205511953340831,0,-4.043160438537598
24240,COCC(CNC(=O)C(C)OC(=O)*)O*,COCC(CNC(=O)C(C)OC(=O)[*])O[*],[*]CNC(=O)C(C)OC(=O)OC([*])COC,0.000158,-3.8013429130455774,0,-4.138524532318115
24241,C#CC(=O)NC(CO*)COC(=O)*,C#CC(=O)NC(CO[*])COC(=O)[*],[*]COC(=O)OCC([*])NC(=O)C#C,4.34e-05,-4.36251027048749,0,-4.317643642425537
24242,CC(C(=O)O)C(=O)NCC(COC(=O)*)O*,CC(C(=O)O)C(=O)NCC(COC(=O)[*])O[*],[*]COC(=O)OC([*])CNC(=O)C(C)C(=O)O,5.73e-05,-4.24184537803261,0,-4.327258110046387
24243,CCN(CCNC(=O)COC(=O)*)CCO*,CCN(CCNC(=O)COC(=O)[*])CCO[*],[*]CCNC(=O)COC(=O)OCCN([*])CC,0.000103,-3.987162775294828,1,-4.024364471435547
24244,CC(C)C(NCC(COC(=O)*)O*)C(N)=O,CC(C)C(NCC(COC(=O)[*])O[*])C(N)=O,[*]COC(=O)OC([*])CNC(C(N)=O)C(C)C,6.78e-05,-4.168770306132937,0,-4.279411792755127
24245,CC(CN(CCOC(=O)*)CC(N)=O)O*,CC(CN(CCOC(=O)[*])CC(N)=O)O[*],[*]CN(CCOC(=O)OC([*])C)CC(N)=O,5.15e-05,-4.288192770958809,0,-4.157963275909424
24246,CCCCOC(=O)C(C)(CO*)COC(=O)*,CCCCOC(=O)C(C)(CO[*])COC(=O)[*],[*]COC(=O)OCC([*])(C)C(=O)OCCCC,2.2e-05,-4.657577319177793,2,-4.696869850158691
24247,CC(CNC(=O)CCO*)OC(=O)*,CC(CNC(=O)CCO[*])OC(=O)[*],[*]CNC(=O)CCOC(=O)OC([*])C,2.6e-05,-4.585026652029182,2,-4.1482110023498535
24248,CNC(=O)C(N*)C(C)(C)OC(=O)*,CNC(=O)C(N[*])C(C)(C)OC(=O)[*],[*]NC(=O)OC(C)(C)C([*])C(=O)NC,2.88e-05,-4.540607512240769,0,-4.421090602874756
24249,CC(CO*)(COC(=O)*)C(=O)OCC(N)=O,CC(CO[*])(COC(=O)[*])C(=O)OCC(N)=O,[*]COC(=O)OCC([*])(C)C(=O)OCC(N)=O,4.96e-05,-4.304518323509803,2,-4.297011852264404
24250,CC(COC(=O)*)CSC(C)CO*,CC(COC(=O)[*])CSC(C)CO[*],[*]COC(=O)OCC(C)SCC([*])C,0.000107,-3.9706162223147903,2,-4.246220111846924
24251,COCCNC(=O)NC(CO*)COC(=O)*,COCCNC(=O)NC(CO[*])COC(=O)[*],[*]COC(=O)OCC([*])NC(=O)NCCOC,0.000142,-3.8477116556169433,3,-4.127729415893555
24252,O=C(*)OCC(CO*)NCCF,O=C([*])OCC(CO[*])NCCF,[*]OCC(COC([*])=O)NCCF,7.44e-05,-4.128427064454121,2,-4.156819820404053
24253,COCC(C)(O*)C(=O)NC(C)COC(=O)*,COCC(C)(O[*])C(=O)NC(C)COC(=O)[*],[*]OC(=O)OCC(C)NC(=O)C([*])(C)COC,4.35e-05,-4.361510743045363,3,-4.2692389488220215
24254,COC(CN*)C(=O)NC(C)CNC(=O)*,COC(CN[*])C(=O)NC(C)CNC(=O)[*],[*]CNC(=O)NCC(C)NC(=O)C([*])OC,6.44e-05,-4.1911141326401875,0,-4.2297492027282715
24255,COCC(=O)NC(C)(CO*)COC(=O)*,COCC(=O)NC(C)(CO[*])COC(=O)[*],[*]COC(=O)OCC([*])(C)NC(=O)COC,6.2e-05,-4.207608310501746,3,-4.236135959625244
24256,CN(CC(=O)O)CC(C)(CO*)COC(=O)*,CN(CC(=O)O)CC(C)(CO[*])COC(=O)[*],[*]COC(=O)OCC([*])(C)CN(C)CC(=O)O,3.68e-05,-4.434152181326482,2,-4.587753772735596
24257,C#CCCNCC(CO*)OC(=O)*,C#CCCNCC(CO[*])OC(=O)[*],[*]COC(=O)OC([*])CNCCC#C,5.81e-05,-4.235823867609669,3,-4.149287700653076
24258,CC(C)(OC(=O)*)C(=O)NOCCO*,CC(C)(OC(=O)[*])C(=O)NOCCO[*],[*]OC(=O)OCCONC(=O)C([*])(C)C,4.24e-05,-4.372634143407267,1,-4.2157487869262695
24259,CC(N*)C(=O)N(C)CCOCCOC(=O)*,CC(N[*])C(=O)N(C)CCOCCOC(=O)[*],[*]NC(=O)OCCOCCN(C)C(=O)C([*])C,5.57e-05,-4.2541448048262716,2,-4.181122779846191
24260,O=C(*)OCC(CNCS(=O)(=O)O)O*,O=C([*])OCC(CNCS(=O)(=O)O)O[*],[*]OCC(CNCS(=O)(=O)O)OC([*])=O,5.31e-05,-4.274905478918531,0,-4.3512139320373535
24261,CC(CCN(C)CC(C)OC(=O)*)O*,CC(CCN(C)CC(C)OC(=O)[*])O[*],[*]CCN(C)CC(C)OC(=O)OC([*])C,7.48e-05,-4.126098402135539,3,-4.29157018661499
24262,CC(CN*)(CSCC(N)=O)OC(=O)*,CC(CN[*])(CSCC(N)=O)OC(=O)[*],[*]CNC(=O)OC([*])(C)CSCC(N)=O,7.35e-05,-4.133712660915805,3,-4.144615173339844
24263,COC(=O)CNC(=O)C(CCNC(=O)*)N*,COC(=O)CNC(=O)C(CCNC(=O)[*])N[*],[*]CCNC(=O)NC([*])C(=O)NCC(=O)OC,8.95e-05,-4.048176964684088,1,-4.316059112548828
24264,CCC(CN(C)C(C)(C)COC(=O)*)O*,CCC(CN(C)C(C)(C)COC(=O)[*])O[*],[*]CN(C)C(C)(C)COC(=O)OC([*])CC,2.44e-05,-4.61261017366127,3,-4.466372489929199
24265,COC(CN*)C(=O)NCCNC(=O)*,COC(CN[*])C(=O)NCCNC(=O)[*],[*]CNC(=O)NCCNC(=O)C([*])OC,3.27e-05,-4.485452247339714,1,-4.15177583694458
24266,CON(C)C(=O)C(N*)C(C)OC(=O)*,CON(C)C(=O)C(N[*])C(C)OC(=O)[*],[*]NC(=O)OC(C)C([*])C(=O)N(C)OC,2.44e-05,-4.61261017366127,0,-4.237325668334961
24267,COC(C)CNCC(CO*)OC(=O)*,COC(C)CNCC(CO[*])OC(=O)[*],[*]COC(=O)OC([*])CNCC(C)OC,7.37e-05,-4.132532512140949,1,-4.082972526550293
24268,CC(CNC(=O)*)CNC(=O)CN*,CC(CNC(=O)[*])CNC(=O)CN[*],[*]CNC(=O)CNC(=O)NCC([*])C,3.64e-05,-4.438898616350944,2,-4.1789445877075195
24269,C=C(COC(=O)*)C(=O)NC(COC)CO*,C=C(COC(=O)[*])C(=O)NC(COC)CO[*],[*]COC(=O)OCC(COC)NC(=O)C([*])=C,8.11e-05,-4.090979145788844,1,-4.2483954429626465
24270,COC(CN*)C(=O)NC(C)CCOC(=O)*,COC(CN[*])C(=O)NC(C)CCOC(=O)[*],[*]CNC(=O)OCCC(C)NC(=O)C([*])OC,7.15e-05,-4.145693958198919,3,-4.158500671386719
24271,COC(=O)C(CNC(=O)COC(=O)*)O*,COC(=O)C(CNC(=O)COC(=O)[*])O[*],[*]CNC(=O)COC(=O)OC([*])C(=O)OC,7.23e-05,-4.140861702705469,3,-4.314047813415527
24272,CCC(CNCC(CNC)OC(=O)*)O*,CCC(CNCC(CNC)OC(=O)[*])O[*],[*]CNCC(CNC)OC(=O)OC([*])CC,6.3e-05,-4.200659450546418,1,-4.110474109649658
24273,CCONC(=O)NC(CO*)COC(=O)*,CCONC(=O)NC(CO[*])COC(=O)[*],[*]COC(=O)OCC([*])NC(=O)NOCC,3.59e-05,-4.444905551421681,1,-4.114427089691162
24274,COC(=O)C(CCO*)OC(=O)*,COC(=O)C(CCO[*])OC(=O)[*],[*]CCOC(=O)OC([*])C(=O)OC,6.29e-05,-4.201349354554731,0,-4.316130638122559
24275,CC(C)NC(=O)C(CO*)NC(=O)*,CC(C)NC(=O)C(CO[*])NC(=O)[*],[*]COC(=O)NC([*])C(=O)NC(C)C,2.96e-05,-4.528708288941061,3,-4.424025535583496
24276,CN(CC(N)=O)CC(CO*)OC(=O)*,CN(CC(N)=O)CC(CO[*])OC(=O)[*],[*]COC(=O)OC([*])CN(C)CC(N)=O,0.000139,-3.856985199745905,0,-4.159921646118164
24277,CCC(OC)C(=O)NC(CO*)COC(=O)*,CCC(OC)C(=O)NC(CO[*])COC(=O)[*],[*]COC(=O)OCC([*])NC(=O)C(CC)OC,6.74e-05,-4.17134010346468,0,-4.262734413146973
24278,COC(=O)C(COC(=O)*)NC(=O)CO*,COC(=O)C(COC(=O)[*])NC(=O)CO[*],[*]COC(=O)OCC(=O)NC([*])C(=O)OC,5.3e-05,-4.275724130399211,3,-4.374904155731201
24279,CC(COC(=O)*)NC(=O)C(C)O*,CC(COC(=O)[*])NC(=O)C(C)O[*],[*]COC(=O)OC(C)C(=O)NC([*])C,6.12e-05,-4.213248577854439,0,-4.3449835777282715
24280,COCC(CO*)NCC(COC)OC(=O)*,COCC(CO[*])NCC(COC)OC(=O)[*],[*]COC(=O)OC(CNC([*])COC)COC,6.24e-05,-4.204815410317576,1,-4.0011372566223145
24281,C#CC(=O)NC(CO*)C(C)OC(=O)*,C#CC(=O)NC(CO[*])C(C)OC(=O)[*],[*]COC(=O)OC(C)C([*])NC(=O)C#C,6.33e-05,-4.198596289982645,3,-4.3890275955200195
24282,CN(CC(N)=O)CC(C)(CO*)COC(=O)*,CN(CC(N)=O)CC(C)(CO[*])COC(=O)[*],[*]COC(=O)OCC([*])(C)CN(C)CC(N)=O,6.95e-05,-4.158015195409886,2,-4.321989059448242
24283,CC(CNC(=O)COCCN*)NC(=O)*,CC(CNC(=O)COCCN[*])NC(=O)[*],[*]CNC(=O)COCCNC(=O)NC([*])C,0.000126,-3.899629454882437,1,-4.179023742675781
24284,CC(CNC(=O)*)(O*)C(F)(F)F,CC(CNC(=O)[*])(O[*])C(F)(F)F,[*]CNC(=O)OC([*])(C)C(F)(F)F,2.46e-05,-4.609064892896621,3,-4.470764636993408
24285,O=C(COC(=O)*)NCC(F)(F)CO*,O=C(COC(=O)[*])NCC(F)(F)CO[*],[*]COC(=O)OCC(F)(F)CNC([*])=O,6.83e-05,-4.165579296318468,0,-4.24954080581665
24286,CC(CO*)N(C)CCCCCOC(=O)*,CC(CO[*])N(C)CCCCCOC(=O)[*],[*]COC(=O)OCCCCCN(C)C([*])C,0.000117,-3.9318141382538383,3,-4.243941307067871
24287,CC(C)(OC(=O)*)C(F)(F)CN*,CC(C)(OC(=O)[*])C(F)(F)CN[*],[*]OC(=O)NCC(F)(F)C([*])(C)C,3.44e-05,-4.46344155742847,1,-4.565802574157715
24288,CNC(=O)C(=O)NCC(CO*)OC(=O)*,CNC(=O)C(=O)NCC(CO[*])OC(=O)[*],[*]COC(=O)OC([*])CNC(=O)C(=O)NC,4.2e-05,-4.376750709602099,1,-4.1886067390441895
24289,COCC(NC(=O)*)C(=O)NC(C)CCO*,COCC(NC(=O)[*])C(=O)NC(C)CCO[*],[*]NC(=O)OCCC(C)NC(=O)C([*])COC,4.95e-05,-4.305394801066432,0,-4.2211079597473145
24290,CNC(=O)CCNC(CO*)COC(=O)*,CNC(=O)CCNC(CO[*])COC(=O)[*],[*]COC(=O)OCC([*])NCCC(=O)NC,8.51e-05,-4.070070439915412,1,-4.1719160079956055
24291,N#CCCS(=O)(=O)CC(CO*)OC(=O)*,N#CCCS(=O)(=O)CC(CO[*])OC(=O)[*],[*]COC(=O)OC([*])CS(=O)(=O)CCC#N,0.000104,-3.9829666607012197,3,-4.157680511474609
24292,CC(C)NCC(=O)NCC(COC(=O)*)O*,CC(C)NCC(=O)NCC(COC(=O)[*])O[*],[*]COC(=O)OC([*])CNC(=O)CNC(C)C,6.02e-05,-4.220403508742176,1,-4.310166835784912
24293,COCC(C)(O*)C(=O)NOCCOC(=O)*,COCC(C)(O[*])C(=O)NOCCOC(=O)[*],[*]OC(=O)OCCONC(=O)C([*])(C)COC,8.87e-05,-4.052076380168273,3,-4.19809103012085
24294,NS(=O)(=O)CCNCC(COC(=O)*)O*,NS(=O)(=O)CCNCC(COC(=O)[*])O[*],[*]COC(=O)OC([*])CNCCS(N)(=O)=O,4.74e-05,-4.324221658325915,2,-4.149722099304199
24295,CC(C)(CO*)C(C)(C)NC(=O)*,CC(C)(CO[*])C(C)(C)NC(=O)[*],[*]COC(=O)NC(C)(C)C([*])(C)C,3.53e-05,-4.452225294612178,1,-4.6510725021362305
24296,CCC(N*)C(OC(=O)*)C(F)(F)F,CCC(N[*])C(OC(=O)[*])C(F)(F)F,[*]NC(=O)OC(C([*])CC)C(F)(F)F,2.28e-05,-4.642065152999546,2,-4.6362762451171875
24297,COC(=O)C(CNC(=O)C(C)OC(=O)*)O*,COC(=O)C(CNC(=O)C(C)OC(=O)[*])O[*],[*]CNC(=O)C(C)OC(=O)OC([*])C(=O)OC,4.18e-05,-4.3788237182249645,1,-4.316305160522461
24298,CC(C#N)C(=O)NC(CO*)COC(=O)*,CC(C#N)C(=O)NC(CO[*])COC(=O)[*],[*]COC(=O)OCC([*])NC(=O)C(C)C#N,3.75e-05,-4.425968732272281,0,-4.387784481048584
24299,NC(=O)CCC(=O)NC(CO*)COC(=O)*,NC(=O)CCC(=O)NC(CO[*])COC(=O)[*],[*]COC(=O)OCC([*])NC(=O)CCC(N)=O,8.24e-05,-4.084072788302884,1,-4.329573154449463
24300,CC(C)(CCNC(=O)*)O*,CC(C)(CCNC(=O)[*])O[*],[*]CCNC(=O)OC([*])(C)C,4.3e-05,-4.366531544420414,2,-4.50644588470459
24301,CCC(O*)OC(CC)OC(=O)*,CCC(O[*])OC(CC)OC(=O)[*],[*]OC(=O)OC(CC)OC([*])CC,7.9e-05,-4.102372908709558,1,-4.030158042907715
24302,COC(=O)C(NC(=O)CNC(=O)*)C(C)O*,COC(=O)C(NC(=O)CNC(=O)[*])C(C)O[*],[*]NC(=O)CNC(=O)OC(C)C([*])C(=O)OC,5.62e-05,-4.250263684430939,1,-4.297617435455322
24303,O=C(*)OCCC(N*)C(F)(F)F,O=C([*])OCCC(N[*])C(F)(F)F,[*]NC(CCOC([*])=O)C(F)(F)F,3.34e-05,-4.476253533188435,2,-4.3174262046813965
24304,CC(CN(C)CCC(C)O*)NC(=O)*,CC(CN(C)CCC(C)O[*])NC(=O)[*],[*]CN(C)CCC(C)OC(=O)NC([*])C,3.66e-05,-4.436518914605589,2,-4.048897743225098
24305,COC(C)(C)C(=O)NCC(COC(=O)*)O*,COC(C)(C)C(=O)NCC(COC(=O)[*])O[*],[*]COC(=O)OC([*])CNC(=O)C(C)(C)OC,8.33e-05,-4.079354998593212,1,-4.317824840545654
24306,CC(OC(=O)*)C(C)(C)N*,CC(OC(=O)[*])C(C)(C)N[*],[*]OC(=O)NC(C)(C)C([*])C,4.37e-05,-4.359518563029578,0,-4.291713237762451
24307,COCC(C)(O*)C(=O)OCCOC(=O)*,COCC(C)(O[*])C(=O)OCCOC(=O)[*],[*]OC(=O)OCCOC(=O)C([*])(C)COC,4.82e-05,-4.31695296176115,0,-4.211493492126465
24308,COC(=O)CN(C)CC(CO*)OC(=O)*,COC(=O)CN(C)CC(CO[*])OC(=O)[*],[*]COC(=O)OC([*])CN(C)CC(=O)OC,7.68e-05,-4.114638779968488,2,-4.1775007247924805
24309,C#CCCC(CNC(=O)CO*)OC(=O)*,C#CCCC(CNC(=O)CO[*])OC(=O)[*],[*]CNC(=O)COC(=O)OC([*])CCC#C,7.6e-05,-4.119186407719209,0,-4.162775039672852
24310,COCC(C)(O*)C(=O)NCC(C)OC(=O)*,COCC(C)(O[*])C(=O)NCC(C)OC(=O)[*],[*]OC(=O)OC(C)CNC(=O)C([*])(C)COC,0.0001,-4.0,1,-4.326967716217041
24311,CNC(=O)C(=O)N(CCO*)CCOC(=O)*,CNC(=O)C(=O)N(CCO[*])CCOC(=O)[*],[*]CCOC(=O)OCCN([*])C(=O)C(=O)NC,2.61e-05,-4.583359492661719,1,-4.181687355041504
24312,COC(=O)CCNC(=O)C(COC(=O)*)N*,COC(=O)CCNC(=O)C(COC(=O)[*])N[*],[*]COC(=O)NC([*])C(=O)NCCC(=O)OC,2.85e-05,-4.54515513999149,3,-4.255270481109619
24313,CC(C)SCCNC(CO*)COC(=O)*,CC(C)SCCNC(CO[*])COC(=O)[*],[*]COC(=O)OCC([*])NCCSC(C)C,5.88e-05,-4.230622673923862,1,-4.129493236541748
24314,CCOC(=O)CC(CNCCOC(=O)*)O*,CCOC(=O)CC(CNCCOC(=O)[*])O[*],[*]CNCCOC(=O)OC([*])CC(=O)OCC,5.23e-05,-4.281498311132726,1,-4.041991233825684
24315,NC(=O)CCSCC(COC(=O)*)O*,NC(=O)CCSCC(COC(=O)[*])O[*],[*]COC(=O)OC([*])CSCCC(N)=O,8.55e-05,-4.068033885271827,3,-4.076174736022949
24316,C#CCN(CC#C)CC(COC(=O)*)O*,C#CCN(CC#C)CC(COC(=O)[*])O[*],[*]COC(=O)OC([*])CN(CC#C)CC#C,0.000129,-3.889410289700751,0,-4.036300182342529
24317,CCC(CNCCC(CC)OC(=O)*)O*,CCC(CNCCC(CC)OC(=O)[*])O[*],[*]CCNCC(CC)OC(=O)OC([*])CC,7.48e-05,-4.126098402135539,1,-4.149975299835205
24318,CC(CC(C)(C)OC(=O)*)N*,CC(CC(C)(C)OC(=O)[*])N[*],[*]CC(C)(C)OC(=O)NC([*])C,2.16e-05,-4.665546248849069,3,-4.4649224281311035
24319,COC(CN*)C(=O)NCC(C)NC(=O)*,COC(CN[*])C(=O)NCC(C)NC(=O)[*],[*]CNC(=O)NC(C)CNC(=O)C([*])OC,4.35e-05,-4.361510743045363,3,-4.292302131652832
24320,CN(C)CC(=O)N(C)CC(CO*)OC(=O)*,CN(C)CC(=O)N(C)CC(CO[*])OC(=O)[*],[*]COC(=O)OC([*])CN(C)C(=O)CN(C)C,9.95e-05,-4.002176919254275,2,-4.285167694091797
24321,COC(=O)C(CN(C)CC(C)N*)OC(=O)*,COC(=O)C(CN(C)CC(C)N[*])OC(=O)[*],[*]CN(C)CC(C)NC(=O)OC([*])C(=O)OC,7e-05,-4.154901959985743,3,-4.4091339111328125
24322,CC(OC(=O)*)C(=O)NOCCO*,CC(OC(=O)[*])C(=O)NOCCO[*],[*]OC(=O)OCCONC(=O)C([*])C,5.83e-05,-4.2343314452409855,0,-4.227348327636719
24323,CCC(CCCOC(=O)*)O*,CCC(CCCOC(=O)[*])O[*],[*]CCCOC(=O)OC([*])CC,5.09e-05,-4.293282217663242,3,-4.363685607910156
24324,CC(C)C(OC(=O)*)C(C)O*,CC(C)C(OC(=O)[*])C(C)O[*],[*]OC(=O)OC(C)C([*])C(C)C,3.15e-05,-4.501689446210399,2,-4.619928359985352
24325,CC(C)(CNC(=O)CN*)NC(=O)*,CC(C)(CNC(=O)CN[*])NC(=O)[*],[*]CNC(=O)CNC(=O)NC([*])(C)C,3.83e-05,-4.416801226031377,3,-4.318638324737549
24326,CC(CCN(C)C(C)C(C)OC(=O)*)O*,CC(CCN(C)C(C)C(C)OC(=O)[*])O[*],[*]CCN(C)C(C)C(C)OC(=O)OC([*])C,3.72e-05,-4.429457060118103,2,-4.449615955352783
24327,CC(C)(C)CC(CN*)NC(=O)*,CC(C)(C)CC(CN[*])NC(=O)[*],[*]CNC(=O)NC([*])CC(C)(C)C,3.57e-05,-4.447331783887806,3,-4.468436241149902
24328,CC(CCCCOC(=O)*)N*,CC(CCCCOC(=O)[*])N[*],[*]CCCCOC(=O)NC([*])C,4.7e-05,-4.327902142064283,1,-4.201885223388672
24329,CCC(C)CC(CO*)NC(=O)*,CCC(C)CC(CO[*])NC(=O)[*],[*]COC(=O)NC([*])CC(C)CC,1.96e-05,-4.707743928643524,2,-4.440128326416016
24330,CC(CCCOC(=O)*)CN*,CC(CCCOC(=O)[*])CN[*],[*]CCCOC(=O)NCC([*])C,5.62e-05,-4.250263684430939,1,-4.308218955993652
24331,CCC(CNCC(OC(=O)*)C(=O)OC)O*,CCC(CNCC(OC(=O)[*])C(=O)OC)O[*],[*]CNCC(OC(=O)OC([*])CC)C(=O)OC,3.6e-05,-4.443697499232712,1,-4.320925235748291
24332,CC(CCCN*)NC(=O)*,CC(CCCN[*])NC(=O)[*],[*]CCCNC(=O)NC([*])C,7.63e-05,-4.117475462045119,0,-4.225401878356934
24333,COC(=O)CCCNCC(COC(=O)*)O*,COC(=O)CCCNCC(COC(=O)[*])O[*],[*]COC(=O)OC([*])CNCCCC(=O)OC,7.03e-05,-4.153044674980176,0,-4.109492778778076
24334,COCCOC(=O)NC(CO*)COC(=O)*,COCCOC(=O)NC(CO[*])COC(=O)[*],[*]COC(=O)OCC([*])NC(=O)OCCOC,8.76e-05,-4.057495893831919,0,-4.0416741371154785
24335,CSCC(CCOC(=O)*)N*,CSCC(CCOC(=O)[*])N[*],[*]CCOC(=O)NC([*])CSC,2.63e-05,-4.580044251510242,2,-4.320978164672852
24336,O=C(*)NCC(O*)C(F)(F)C(F)(F)F,O=C([*])NCC(O[*])C(F)(F)C(F)(F)F,[*]NCC(OC([*])=O)C(F)(F)C(F)(F)F,4.7e-05,-4.327902142064283,0,-4.485823631286621
24337,CSC(COC(=O)*)C(C)NCC(C)O*,CSC(COC(=O)[*])C(C)NCC(C)O[*],[*]COC(=O)OC(C)CNC(C)C([*])SC,4.27e-05,-4.369572124974976,0,-4.478264331817627
24338,CC(C)N(CC(N)=O)CC(COC(=O)*)O*,CC(C)N(CC(N)=O)CC(COC(=O)[*])O[*],[*]COC(=O)OC([*])CN(CC(N)=O)C(C)C,7.93e-05,-4.100726812682396,3,-4.1135358810424805
24339,CNCC(CNCC(C)O*)OC(=O)*,CNCC(CNCC(C)O[*])OC(=O)[*],[*]CNCC(C)OC(=O)OC([*])CNC,0.000106,-3.9746941347352296,1,-4.150857448577881
24340,CCNCCN(CCN*)CCNC(=O)*,CCNCCN(CCN[*])CCNC(=O)[*],[*]CCNC(=O)NCCN([*])CCNCC,0.0001,-4.0,2,-3.913342237472534
24341,CC(COC(=O)*)SCCO*,CC(COC(=O)[*])SCCO[*],[*]COC(=O)OCCSC([*])C,0.000185,-3.7328282715969863,3,-3.9662351608276367
24342,N#CCCNCC(CO*)OC(=O)*,N#CCCNCC(CO[*])OC(=O)[*],[*]COC(=O)OC([*])CNCCC#N,8.72e-05,-4.059483515067432,3,-4.151862144470215
24343,CCCC(CNC(C)COC(=O)*)O*,CCCC(CNC(C)COC(=O)[*])O[*],[*]CNC(C)COC(=O)OC([*])CCC,9.16e-05,-4.03810452633215,0,-4.216813087463379
24344,CCCOCC(=O)NC(CO*)COC(=O)*,CCCOCC(=O)NC(CO[*])COC(=O)[*],[*]COC(=O)OCC([*])NC(=O)COCCC,6.74e-05,-4.17134010346468,3,-4.205665111541748
24345,C#CC(=O)N(C)CC(COC(=O)*)O*,C#CC(=O)N(C)CC(COC(=O)[*])O[*],[*]COC(=O)OC([*])CN(C)C(=O)C#C,3.79e-05,-4.421360790031928,0,-4.26124382019043
24346,CC(CCN*)NC(=O)CNC(=O)*,CC(CCN[*])NC(=O)CNC(=O)[*],[*]CCNC(=O)NCC(=O)NC([*])C,6.45e-05,-4.1904402853647325,3,-4.200551986694336
24347,C=CC(O*)C(=O)NCC#CCOC(=O)*,C=CC(O[*])C(=O)NCC#CCOC(=O)[*],[*]OC(=O)OCC#CCNC(=O)C([*])C=C,3.69e-05,-4.432973633840939,0,-4.292865753173828
24348,C=CCNC(=O)C(COC(=O)*)N*,C=CCNC(=O)C(COC(=O)[*])N[*],[*]COC(=O)NC([*])C(=O)NCC=C,5.56e-05,-4.2549252084179425,2,-4.391783237457275
24349,CCC(CCOC(=O)*)N*,CCC(CCOC(=O)[*])N[*],[*]CCOC(=O)NC([*])CC,2.97e-05,-4.527243550682788,0,-4.381565093994141
24350,CC(C)(C)OC(=O)C(C)(CN*)OC(=O)*,CC(C)(C)OC(=O)C(C)(CN[*])OC(=O)[*],[*]CNC(=O)OC([*])(C)C(=O)OC(C)(C)C,4.35e-05,-4.361510743045363,3,-4.49129056930542
24351,CSCC(C)(CNC(=O)*)O*,CSCC(C)(CNC(=O)[*])O[*],[*]CNC(=O)OC([*])(C)CSC,4.57e-05,-4.34008379993015,1,-4.330669403076172
24352,CCC(CCN*)OC(=O)*,CCC(CCN[*])OC(=O)[*],[*]CCNC(=O)OC([*])CC,4.12e-05,-4.3851027839668655,3,-4.2456135749816895
24353,CC(CO*)CN(C)CCCCCOC(=O)*,CC(CO[*])CN(C)CCCCCOC(=O)[*],[*]COC(=O)OCCCCCN(C)CC([*])C,8.14e-05,-4.089375595110798,1,-3.993084192276001
24354,COC(=O)C(CNCC(C)(C)O*)OC(=O)*,COC(=O)C(CNCC(C)(C)O[*])OC(=O)[*],[*]CNCC(C)(C)OC(=O)OC([*])C(=O)OC,4.85e-05,-4.314258261397736,2,-4.410599708557129
24355,CC(CCCCOC(=O)*)NCCCO*,CC(CCCCOC(=O)[*])NCCCO[*],[*]CCCCOC(=O)OCCCNC([*])C,7.32e-05,-4.135488918941608,0,-4.068490505218506
24356,CCC(CCNC(=O)CCCNC(=O)*)O*,CCC(CCNC(=O)CCCNC(=O)[*])O[*],[*]CCNC(=O)CCCNC(=O)OC([*])CC,4.18e-05,-4.3788237182249645,1,-4.206357002258301
24357,CC(C)(C)OC(=O)C(CCCNC(=O)*)N*,CC(C)(C)OC(=O)C(CCCNC(=O)[*])N[*],[*]CCCNC(=O)NC([*])C(=O)OC(C)(C)C,3.2e-05,-4.494850021680094,3,-4.365245819091797
24358,CC(C)(CNC(=O)*)NC(=O)CN*,CC(C)(CNC(=O)[*])NC(=O)CN[*],[*]CNC(=O)NCC(=O)NC([*])(C)C,6.85e-05,-4.164309428507575,0,-4.28098726272583
24359,CCCCC(CCCC)(CO*)COC(=O)*,CCCCC(CCCC)(CO[*])COC(=O)[*],[*]COC(=O)OCC([*])(CCCC)CCCC,2.19e-05,-4.6595558851598815,0,-4.723475456237793
24360,N#CCCNC(=O)NC(CO*)COC(=O)*,N#CCCNC(=O)NC(CO[*])COC(=O)[*],[*]COC(=O)OCC([*])NC(=O)NCCC#N,5.54e-05,-4.2564902352715706,1,-4.2229228019714355
24361,CC(CCCNCC(C)OC(=O)*)O*,CC(CCCNCC(C)OC(=O)[*])O[*],[*]CCCNCC(C)OC(=O)OC([*])C,5.87e-05,-4.231361898752385,0,-4.1766510009765625
24362,CC(CNC(C)(C)C(C)(C)OC(=O)*)O*,CC(CNC(C)(C)C(C)(C)OC(=O)[*])O[*],[*]CNC(C)(C)C(C)(C)OC(=O)OC([*])C,3.04e-05,-4.517126416391246,3,-4.4199934005737305
24363,CC(C)C(NC(=O)*)C(N*)C(F)(F)F,CC(C)C(NC(=O)[*])C(N[*])C(F)(F)F,[*]NC(=O)NC(C([*])C(C)C)C(F)(F)F,5.89e-05,-4.229884705212898,1,-4.523289680480957
24364,CCC(C)(CO*)NC(=O)*,CCC(C)(CO[*])NC(=O)[*],[*]COC(=O)NC([*])(C)CC,3.7e-05,-4.431798275933005,0,-4.590078830718994
24365,C#CCNCC(COC(=O)*)O*,C#CCNCC(COC(=O)[*])O[*],[*]COC(=O)OC([*])CNCC#C,5.67e-05,-4.246416941107094,0,-4.118068218231201
24366,CC(C(=O)NC(CO*)COC(=O)*)N(C)C,CC(C(=O)NC(CO[*])COC(=O)[*])N(C)C,[*]COC(=O)OCC([*])NC(=O)C(C)N(C)C,4.31e-05,-4.3655227298392685,0,-4.418732643127441
24367,COCC(CNC(=O)C(C)(C)O*)OC(=O)*,COCC(CNC(=O)C(C)(C)O[*])OC(=O)[*],[*]CNC(=O)C(C)(C)OC(=O)OC([*])COC,5.16e-05,-4.287350298372789,1,-4.156925678253174
24368,CCC(CN(C)CCCNC(=O)*)O*,CCC(CN(C)CCCNC(=O)[*])O[*],[*]CN(C)CCCNC(=O)OC([*])CC,2.56e-05,-4.591760034688151,2,-4.186398506164551
24369,CC(CN*)NC(=O)COCCNC(=O)*,CC(CN[*])NC(=O)COCCNC(=O)[*],[*]CNC(=O)NCCOCC(=O)NC([*])C,9.57e-05,-4.019088062223156,0,-3.9714858531951904
24370,CC(C)(CO*)NC(C)(C)COC(=O)*,CC(C)(CO[*])NC(C)(C)COC(=O)[*],[*]COC(=O)OCC(C)(C)NC([*])(C)C,3.13e-05,-4.504455662453552,1,-4.437385559082031
24371,CC(C)(CNC(=O)CO*)OC(=O)*,CC(C)(CNC(=O)CO[*])OC(=O)[*],[*]CNC(=O)COC(=O)OC([*])(C)C,4.87e-05,-4.3124710387853655,1,-4.310083389282227
24372,CC(CN(C)C(=O)CO*)OC(=O)*,CC(CN(C)C(=O)CO[*])OC(=O)[*],[*]CN(C)C(=O)COC(=O)OC([*])C,3.96e-05,-4.402304814074488,1,-4.335372447967529
24373,CC(CNC(CCO*)C(C)C)OC(=O)*,CC(CNC(CCO[*])C(C)C)OC(=O)[*],[*]CNC(CCOC(=O)OC([*])C)C(C)C,4.81e-05,-4.317854923626168,1,-4.328244209289551
24374,CC(CO*)C(C)(C)OC(=O)*,CC(CO[*])C(C)(C)OC(=O)[*],[*]COC(=O)OC(C)(C)C([*])C,2.22e-05,-4.653647025549361,2,-4.569222927093506
24375,COCC(C)(COC(=O)*)NC(=O)C(C)O*,COCC(C)(COC(=O)[*])NC(=O)C(C)O[*],[*]COC(=O)OC(C)C(=O)NC([*])(C)COC,3.33e-05,-4.47755576649368,3,-4.3058648109436035
24376,COCCC(CO*)NC(=O)C(C)OC(=O)*,COCCC(CO[*])NC(=O)C(C)OC(=O)[*],[*]COC(=O)OC(C)C(=O)NC([*])CCOC,5.87e-05,-4.231361898752385,0,-4.1298041343688965
24377,C#CC(=O)NC(CC)(CO*)COC(=O)*,C#CC(=O)NC(CC)(CO[*])COC(=O)[*],[*]COC(=O)OCC([*])(CC)NC(=O)C#C,2.38e-05,-4.623423042943488,1,-4.3938703536987305
24378,CC(C)(CO*)NCC(C)(C)NC(=O)*,CC(C)(CO[*])NCC(C)(C)NC(=O)[*],[*]COC(=O)NC(C)(C)CNC([*])(C)C,3.02e-05,-4.519993057042849,2,-4.2961297035217285
24379,CC(C#N)C(=O)NCC(COC(=O)*)O*,CC(C#N)C(=O)NCC(COC(=O)[*])O[*],[*]COC(=O)OC([*])CNC(=O)C(C)C#N,6.49e-05,-4.187755303199631,3,-4.23389196395874
24380,C#CC(=O)NCC(C)(CO*)COC(=O)*,C#CC(=O)NCC(C)(CO[*])COC(=O)[*],[*]COC(=O)OCC([*])(C)CNC(=O)C#C,3.58e-05,-4.446116973356125,0,-4.4920806884765625
24381,CC(COC(=O)*)S(=O)(=O)CCO*,CC(COC(=O)[*])S(=O)(=O)CCO[*],[*]COC(=O)OCCS(=O)(=O)C([*])C,5.32e-05,-4.274088367704952,0,-4.211964130401611
24382,CC(C#N)NCC(CO*)OC(=O)*,CC(C#N)NCC(CO[*])OC(=O)[*],[*]COC(=O)OC([*])CNC(C)C#N,9.64e-05,-4.015922966097169,1,-4.1610565185546875
24383,O=C(*)OC(CCN*)C(F)(F)F,O=C([*])OC(CCN[*])C(F)(F)F,[*]NCCC(OC([*])=O)C(F)(F)F,6.5e-05,-4.187086643357144,0,-4.457934856414795
24384,CC(C)=C(O)C(CO*)OC(=O)*,CC(C)=C(O)C(CO[*])OC(=O)[*],[*]COC(=O)OC([*])C(O)=C(C)C,4.34e-05,-4.36251027048749,2,-4.419380187988281
24385,CN(CC(CO*)OC(=O)*)C(=O)CC#N,CN(CC(CO[*])OC(=O)[*])C(=O)CC#N,[*]COC(=O)OC([*])CN(C)C(=O)CC#N,3.36e-05,-4.473660722610156,1,-4.192366123199463
24386,CC(C)CC(CN*)COC(=O)*,CC(C)CC(CN[*])COC(=O)[*],[*]CNC(=O)OCC([*])CC(C)C,2.56e-05,-4.591760034688151,1,-4.559545993804932
24387,CN(CC(=O)N(C)C)CC(COC(=O)*)O*,CN(CC(=O)N(C)C)CC(COC(=O)[*])O[*],[*]COC(=O)OC([*])CN(C)CC(=O)N(C)C,0.000133,-3.876148359032914,0,-4.275473594665527
24388,CC(C)CC(CO*)(COC(=O)*)CC(C)C,CC(C)CC(CO[*])(COC(=O)[*])CC(C)C,[*]COC(=O)OCC([*])(CC(C)C)CC(C)C,1.36e-05,-4.866461091629782,1,-4.758635520935059
24389,CCCCC(N*)C(C)OC(=O)*,CCCCC(N[*])C(C)OC(=O)[*],[*]NC(=O)OC(C)C([*])CCCC,2.65e-05,-4.576754126063192,1,-4.522737979888916
24390,COCC(N*)C(=O)NCCCCNC(=O)*,COCC(N[*])C(=O)NCCCCNC(=O)[*],[*]NC(=O)NCCCCNC(=O)C([*])COC,6.17e-05,-4.209714835966758,1,-4.149241924285889
24391,COCC(CO*)NCC(C)OC(=O)*,COCC(CO[*])NCC(C)OC(=O)[*],[*]COC(=O)OC(C)CNC([*])COC,3.47e-05,-4.459670525209126,1,-4.109768867492676
24392,CC=CCC(CO*)NC(=O)*,CC=CCC(CO[*])NC(=O)[*],[*]COC(=O)NC([*])CC=CC,2.67e-05,-4.573488738635425,0,-4.286142826080322
24393,CCC(CC)(CCO*)NC(=O)COC(=O)*,CCC(CC)(CCO[*])NC(=O)COC(=O)[*],[*]CCOC(=O)OCC(=O)NC([*])(CC)CC,4.7e-05,-4.327902142064283,1,-4.543670654296875
24394,CC(C)(C)CC(CN*)OC(=O)*,CC(C)(C)CC(CN[*])OC(=O)[*],[*]CNC(=O)OC([*])CC(C)(C)C,2.26e-05,-4.645891560852599,1,-4.484806060791016
24395,CCCN(CCO*)CCC(C)OC(=O)*,CCCN(CCO[*])CCC(C)OC(=O)[*],[*]CCOC(=O)OC(C)CCN([*])CCC,7.92e-05,-4.101274818410507,0,-4.273793697357178
24396,CC(C)=C(CCO*)COC(=O)*,CC(C)=C(CCO[*])COC(=O)[*],[*]CCOC(=O)OCC([*])=C(C)C,2.53e-05,-4.5968794788241825,2,-4.357665538787842
24397,CC(CSC(C)C(C)O*)OC(=O)*,CC(CSC(C)C(C)O[*])OC(=O)[*],[*]CSC(C)C(C)OC(=O)OC([*])C,8.95e-05,-4.048176964684088,1,-4.443761348724365
24398,CC(CCNC(COC(=O)*)C(C)C)O*,CC(CCNC(COC(=O)[*])C(C)C)O[*],[*]CCNC(COC(=O)OC([*])C)C(C)C,4e-05,-4.3979400086720375,3,-4.330328464508057
24399,CCN(C)C(=O)C(COC(=O)*)N*,CCN(C)C(=O)C(COC(=O)[*])N[*],[*]COC(=O)NC([*])C(=O)N(C)CC,3.54e-05,-4.450996737974212,2,-4.445683002471924
24400,CCC(NC(=O)*)C(C)(C)O*,CCC(NC(=O)[*])C(C)(C)O[*],[*]NC(=O)OC(C)(C)C([*])CC,1.76e-05,-4.7544873321858505,1,-4.464943885803223
24401,CC(CCSCCO*)OC(=O)*,CC(CCSCCO[*])OC(=O)[*],[*]CCSCCOC(=O)OC([*])C,9.89e-05,-4.004803708402821,3,-3.986588478088379
24402,O=C(*)OCCC=CCCO*,O=C([*])OCCC=CCCO[*],[*]OCCC=CCCOC([*])=O,0.000122,-3.9136401693252516,2,-4.033463478088379
24403,CC(C)C(C)(CN*)OC(=O)*,CC(C)C(C)(CN[*])OC(=O)[*],[*]CNC(=O)OC([*])(C)C(C)C,3.48e-05,-4.458420756053419,2,-4.684503078460693
24404,CC(C)C(C)(COC(=O)*)N*,CC(C)C(C)(COC(=O)[*])N[*],[*]COC(=O)NC([*])(C)C(C)C,3.2e-05,-4.494850021680094,3,-4.59443998336792
24405,CC(C)(CCCO*)OC(=O)*,CC(C)(CCCO[*])OC(=O)[*],[*]CCCOC(=O)OC([*])(C)C,2.57e-05,-4.590066876668706,3,-4.553158283233643
24406,CC(CCN(C)CC(O*)C(C)C)OC(=O)*,CC(CCN(C)CC(O[*])C(C)C)OC(=O)[*],[*]CCN(C)CC(OC(=O)OC([*])C)C(C)C,2.83e-05,-4.548213564475709,0,-4.373880386352539
24407,COC(=O)C(CNCC(C)COC(=O)*)O*,COC(=O)C(CNCC(C)COC(=O)[*])O[*],[*]CNCC(C)COC(=O)OC([*])C(=O)OC,3.89e-05,-4.410050398674293,0,-4.224914073944092
24408,CC(C)C(NC(=O)*)C(C)(C)O*,CC(C)C(NC(=O)[*])C(C)(C)O[*],[*]NC(=O)OC(C)(C)C([*])C(C)C,2.38e-05,-4.623423042943488,1,-4.552753925323486
24409,CCCC(N*)C(C)(C)OC(=O)*,CCCC(N[*])C(C)(C)OC(=O)[*],[*]NC(=O)OC(C)(C)C([*])CCC,4.11e-05,-4.386158178123931,0,-4.685723304748535
24410,CSCCCN(C)CC(CO*)OC(=O)*,CSCCCN(C)CC(CO[*])OC(=O)[*],[*]COC(=O)OC([*])CN(C)CCCSC,6.34e-05,-4.1979107421182675,3,-4.103087902069092
24411,C=CC(CO*)NC(=O)COC(=O)*,C=CC(CO[*])NC(=O)COC(=O)[*],[*]COC(=O)OCC(=O)NC([*])C=C,5.34e-05,-4.272458742971444,3,-4.182107925415039
24412,CC(C)C(CNC(C)(C)CO*)OC(=O)*,CC(C)C(CNC(C)(C)CO[*])OC(=O)[*],[*]CNC(C)(C)COC(=O)OC([*])C(C)C,3.77e-05,-4.423658649794207,3,-4.517017364501953
24413,CC(COC(=O)*)SCCCO*,CC(COC(=O)[*])SCCCO[*],[*]COC(=O)OCCCSC([*])C,0.000102,-3.9913998282380825,2,-4.024494171142578
24414,CSCCC(C)(CNC(=O)*)O*,CSCCC(C)(CNC(=O)[*])O[*],[*]CNC(=O)OC([*])(C)CCSC,1.69e-05,-4.772113295386326,3,-4.292571544647217
24415,CC(C)N(CC(F)F)CC(CO*)OC(=O)*,CC(C)N(CC(F)F)CC(CO[*])OC(=O)[*],[*]COC(=O)OC([*])CN(CC(F)F)C(C)C,3.69e-05,-4.432973633840939,2,-4.246882438659668
24416,CC(C)(CCCN*)OC(=O)*,CC(C)(CCCN[*])OC(=O)[*],[*]CCCNC(=O)OC([*])(C)C,3.85e-05,-4.414539270491499,1,-4.486937999725342
24417,C=CC(OC(=O)*)C(=O)NCC(COC)O*,C=CC(OC(=O)[*])C(=O)NCC(COC)O[*],[*]OC(=O)OC(CNC(=O)C([*])C=C)COC,8.91e-05,-4.050122295963125,1,-4.159299850463867
24418,CCCC(CNCC(C)O*)OC(=O)*,CCCC(CNCC(C)O[*])OC(=O)[*],[*]CNCC(C)OC(=O)OC([*])CCC,9.24e-05,-4.0343280287798935,1,-4.239660739898682
24419,CSCCC(C)NCC(COC(=O)*)O*,CSCCC(C)NCC(COC(=O)[*])O[*],[*]COC(=O)OC([*])CNC(C)CCSC,7.05e-05,-4.151810883008602,0,-4.217806339263916
24420,CC(CN(C)CC(C)(C)N*)OC(=O)*,CC(CN(C)CC(C)(C)N[*])OC(=O)[*],[*]CN(C)CC(C)(C)NC(=O)OC([*])C,6.47e-05,-4.189095719331299,3,-4.274160861968994
24421,CCC(C)(CN*)COC(=O)*,CCC(C)(CN[*])COC(=O)[*],[*]CNC(=O)OCC([*])(C)CC,1.57e-05,-4.804100347590766,3,-4.435973644256592
24422,CC(C)(CCN*)NC(=O)*,CC(C)(CCN[*])NC(=O)[*],[*]CCNC(=O)NC([*])(C)C,4.13e-05,-4.384049948343599,2,-4.398279190063477
24423,CC(C)CCC(COC(=O)*)N*,CC(C)CCC(COC(=O)[*])N[*],[*]COC(=O)NC([*])CCC(C)C,6.25e-05,-4.204119982655925,1,-4.265847682952881
24424,CC(C)(NC(=O)*)C(C)(C)O*,CC(C)(NC(=O)[*])C(C)(C)O[*],[*]NC(=O)OC(C)(C)C([*])(C)C,2.67e-05,-4.573488738635425,2,-4.522247314453125
24425,CSCCCSCC(COC(=O)*)O*,CSCCCSCC(COC(=O)[*])O[*],[*]COC(=O)OC([*])CSCCCSC,0.000111,-3.9546770212133424,1,-4.139414310455322
24426,CC(C)CC(CNC(=O)*)N*,CC(C)CC(CNC(=O)[*])N[*],[*]CNC(=O)NC([*])CC(C)C,7.91e-05,-4.101823516502323,0,-4.360330581665039
24427,CC(C)C(CCNC(=O)*)O*,CC(C)C(CCNC(=O)[*])O[*],[*]CCNC(=O)OC([*])C(C)C,2.02e-05,-4.694648630553377,3,-4.505075931549072
24428,CC(C)CN(C)CC(C)(CO*)COC(=O)*,CC(C)CN(C)CC(C)(CO[*])COC(=O)[*],[*]COC(=O)OCC([*])(C)CN(C)CC(C)C,1.92e-05,-4.716698771296451,0,-4.404791831970215
24429,O=C(*)NCCCCCCCCCCN*,O=C([*])NCCCCCCCCCCN[*],[*]NCCCCCCCCCCNC([*])=O,7.65e-05,-4.116338564846382,3,-4.094532489776611
24430,C=C(C)CNC(=O)C(CCCCN*)NC(=O)*,C=C(C)CNC(=O)C(CCCCN[*])NC(=O)[*],[*]CCCCNC(=O)NC([*])C(=O)NCC(=C)C,9.25e-05,-4.0338582672609675,3,-4.341953754425049
24431,CC(CO*)SCC(C)(C)OC(=O)*,CC(CO[*])SCC(C)(C)OC(=O)[*],[*]COC(=O)OC(C)(C)CSC([*])C,3.53e-05,-4.452225294612178,3,-4.196156978607178
24432,O=C(*)OCCN(CCCCCF)CCO*,O=C([*])OCCN(CCCCCF)CCO[*],[*]OCCN(CCCCCF)CCOC([*])=O,0.000137,-3.8632794328435933,0,-3.933044195175171
24433,CCC(CC)CN(CCO*)CCOC(=O)*,CCC(CC)CN(CCO[*])CCOC(=O)[*],[*]CCOC(=O)OCCN([*])CC(CC)CC,4.41e-05,-4.355561410532162,0,-4.305637359619141
24434,CC(C)CC(C)(CO*)NC(=O)*,CC(C)CC(C)(CO[*])NC(=O)[*],[*]COC(=O)NC([*])(C)CC(C)C,3.19e-05,-4.496209316942819,1,-4.594712257385254
24435,CN(CCC(C)(C)O*)C(C)(C)COC(=O)*,CN(CCC(C)(C)O[*])C(C)(C)COC(=O)[*],[*]CCC(C)(C)OC(=O)OCC(C)(C)N([*])C,3.26e-05,-4.486782399932061,1,-4.54031229019165
24436,CC(CCN(C)CCCCCO*)OC(=O)*,CC(CCN(C)CCCCCO[*])OC(=O)[*],[*]CCN(C)CCCCCOC(=O)OC([*])C,0.000111,-3.9546770212133424,2,-4.015066623687744
24437,CCOCC(CNCC#CCOC(=O)*)O*,CCOCC(CNCC#CCOC(=O)[*])O[*],[*]CNCC#CCOC(=O)OC([*])COCC,5.41e-05,-4.266802734893431,1,-4.081260681152344
24438,CC(C)(C)CN(CCCO*)CCOC(=O)*,CC(C)(C)CN(CCCO[*])CCOC(=O)[*],[*]CCCOC(=O)OCCN([*])CC(C)(C)C,3.42e-05,-4.465973893943865,2,-4.23028039932251
24439,CC(CNCC(C)(OC(=O)*)C(C)C)O*,CC(CNCC(C)(OC(=O)[*])C(C)C)O[*],[*]CNCC(C)(OC(=O)OC([*])C)C(C)C,4.87e-05,-4.3124710387853655,3,-4.382636070251465
24440,CCCCC(C)(COC(=O)*)N*,CCCCC(C)(COC(=O)[*])N[*],[*]COC(=O)NC([*])(C)CCCC,3.3e-05,-4.481486060122113,3,-4.38925838470459
24441,CCC(CCNC(C)C(C)OC(=O)*)O*,CCC(CCNC(C)C(C)OC(=O)[*])O[*],[*]CCNC(C)C(C)OC(=O)OC([*])CC,6.15e-05,-4.211124884224583,2,-4.284045219421387
24442,CCN(CCCO*)CC(OC(=O)*)C(C)C,CCN(CCCO[*])CC(OC(=O)[*])C(C)C,[*]CCCOC(=O)OC(CN([*])CC)C(C)C,4.73e-05,-4.325138859262188,2,-4.23948860168457
24443,CC(CO*)CC(C)(C)NC(=O)*,CC(CO[*])CC(C)(C)NC(=O)[*],[*]COC(=O)NC(C)(C)CC([*])C,1.65e-05,-4.782516055786093,2,-4.510855197906494
24444,CCCC(C)(COC(=O)*)N*,CCCC(C)(COC(=O)[*])N[*],[*]COC(=O)NC([*])(C)CCC,3.14e-05,-4.503070351926785,0,-4.470556259155273
24445,CC(CCN(C)CCC(C)(C)O*)OC(=O)*,CC(CCN(C)CCC(C)(C)O[*])OC(=O)[*],[*]CCN(C)CCC(C)(C)OC(=O)OC([*])C,4.34e-05,-4.36251027048749,3,-4.341823577880859
24446,C#CCN(C)CC(COC(=O)*)O*,C#CCN(C)CC(COC(=O)[*])O[*],[*]COC(=O)OC([*])CN(C)CC#C,6.27e-05,-4.202732459169283,2,-4.0654144287109375
24447,CCC(CN(C)C(C)COC(=O)*)O*,CCC(CN(C)C(C)COC(=O)[*])O[*],[*]CN(C)C(C)COC(=O)OC([*])CC,5.57e-05,-4.2541448048262716,0,-4.279181957244873
24448,O=C(*)NCCCCCCCO*,O=C([*])NCCCCCCCO[*],[*]NCCCCCCCOC([*])=O,0.000103,-3.987162775294828,3,-4.0317277908325195
24449,CCC(C)(CNC(=O)*)N*,CCC(C)(CNC(=O)[*])N[*],[*]CNC(=O)NC([*])(C)CC,3.48e-05,-4.458420756053419,2,-4.465665817260742
24450,CC(C)C(CSCCOC(=O)*)O*,CC(C)C(CSCCOC(=O)[*])O[*],[*]CSCCOC(=O)OC([*])C(C)C,4.93e-05,-4.30715308072277,1,-4.209608554840088
24451,CCC(CC)C(CNC(=O)*)O*,CCC(CC)C(CNC(=O)[*])O[*],[*]CNC(=O)OC([*])C(CC)CC,2.61e-05,-4.583359492661719,2,-4.540325164794922
24452,CN(CC(COC(=O)*)O*)CC(C)(C)C,CN(CC(COC(=O)[*])O[*])CC(C)(C)C,[*]COC(=O)OC([*])CN(C)CC(C)(C)C,3.39e-05,-4.4698003017969175,0,-4.444125175476074
24453,CCCC(CC)NC(C)(CO*)COC(=O)*,CCCC(CC)NC(C)(CO[*])COC(=O)[*],[*]COC(=O)OCC([*])(C)NC(CC)CCC,2.69e-05,-4.570247719997592,2,-4.609327793121338
24454,CCC(CC)(CNC(=O)*)N*,CCC(CC)(CNC(=O)[*])N[*],[*]CNC(=O)NC([*])(CC)CC,4.52e-05,-4.3448615651886175,3,-4.582437038421631
24455,CC(CC(C)O*)NC(=O)*,CC(CC(C)O[*])NC(=O)[*],[*]CC(C)OC(=O)NC([*])C,6.52e-05,-4.185752404268079,1,-4.266616344451904
24456,CC(C)(C)CC(COC(=O)*)N*,CC(C)(C)CC(COC(=O)[*])N[*],[*]COC(=O)NC([*])CC(C)(C)C,2.38e-05,-4.623423042943488,1,-4.478486061096191
24457,CC(C)CCC(CO*)(COC(=O)*)C(C)C,CC(C)CCC(CO[*])(COC(=O)[*])C(C)C,[*]COC(=O)OCC([*])(CCC(C)C)C(C)C,1.49e-05,-4.826813731587726,2,-4.6454758644104
24458,CC(C)(CCCN*)NC(=O)*,CC(C)(CCCN[*])NC(=O)[*],[*]CCCNC(=O)NC([*])(C)C,5.66e-05,-4.247183568811729,3,-4.407132625579834
24459,CCN(CCOC(=O)*)CC(CSC)O*,CCN(CCOC(=O)[*])CC(CSC)O[*],[*]CCOC(=O)OC(CSC)CN([*])CC,9.69e-05,-4.013676222949234,2,-4.140018939971924
24460,CCCCN(C)CC(C)(CO*)COC(=O)*,CCCCN(C)CC(C)(CO[*])COC(=O)[*],[*]COC(=O)OCC([*])(C)CN(C)CCCC,2.82e-05,-4.549750891680639,3,-4.539623260498047
24461,CCC(CNC(C)(C)CCOC(=O)*)O*,CCC(CNC(C)(C)CCOC(=O)[*])O[*],[*]CNC(C)(C)CCOC(=O)OC([*])CC,5.72e-05,-4.242603971206976,2,-4.21073055267334
24462,CC(C)C(O*)C(C)(C)CNC(=O)*,CC(C)C(O[*])C(C)(C)CNC(=O)[*],[*]OC(=O)NCC(C)(C)C([*])C(C)C,1.52e-05,-4.818156412055227,2,-4.6389384269714355
24463,CC(CCC(=O)NC(C)CCO*)NC(=O)*,CC(CCC(=O)NC(C)CCO[*])NC(=O)[*],[*]CCOC(=O)NC(C)CCC(=O)NC([*])C,4.38e-05,-4.3585258894959,1,-4.246162414550781
24464,CC(C)(C)OC(=O)C(C)(CNC(=O)*)N*,CC(C)(C)OC(=O)C(C)(CNC(=O)[*])N[*],[*]CNC(=O)NC([*])(C)C(=O)OC(C)(C)C,3.96e-05,-4.402304814074488,2,-4.4220075607299805
24465,CC(C)(CCNCCCNC(=O)*)N*,CC(C)(CCNCCCNC(=O)[*])N[*],[*]CCNCCCNC(=O)NC([*])(C)C,8e-05,-4.096910013008056,0,-4.226954936981201
24466,CCC(CNC(C)(C)C(C)(C)O*)OC(=O)*,CCC(CNC(C)(C)C(C)(C)O[*])OC(=O)[*],[*]CNC(C)(C)C(C)(C)OC(=O)OC([*])CC,3.74e-05,-4.42712839779952,1,-4.398401737213135
24467,CC(C)CCCN(CCO*)CCOC(=O)*,CC(C)CCCN(CCO[*])CCOC(=O)[*],[*]CCOC(=O)OCCN([*])CCCC(C)C,7.09e-05,-4.149353764816934,3,-4.234995365142822
24468,CC(C)(C)CC(O*)C(NC(=O)*)C(=O)O,CC(C)(C)CC(O[*])C(NC(=O)[*])C(=O)O,[*]OC(=O)NC(C(=O)O)C([*])CC(C)(C)C,1.71e-05,-4.767003889607846,3,-4.61580753326416
24469,CCC(C)(CN*)C(C)OC(=O)*,CCC(C)(CN[*])C(C)OC(=O)[*],[*]CNC(=O)OC(C)C([*])(C)CC,1.39e-05,-4.856985199745905,0,-4.713407039642334
24470,CCCC(CNC(=O)C(CC)N*)OC(=O)*,CCCC(CNC(=O)C(CC)N[*])OC(=O)[*],[*]CNC(=O)C(CC)NC(=O)OC([*])CCC,3.13e-05,-4.504455662453552,2,-4.450384616851807
24471,CC(CCOC(=O)*)NCCCCCCO*,CC(CCOC(=O)[*])NCCCCCCO[*],[*]CCOC(=O)OCCCCCCNC([*])C,9.94e-05,-4.002613615602686,1,-4.105164527893066
24472,COC(C)CNC(CO*)COC(=O)*,COC(C)CNC(CO[*])COC(=O)[*],[*]COC(=O)OCC([*])NCC(C)OC,9.77e-05,-4.0101054362812265,2,-4.093672275543213
24473,CCC(CC)(CNC(C)CCO*)OC(=O)*,CCC(CC)(CNC(C)CCO[*])OC(=O)[*],[*]CNC(C)CCOC(=O)OC([*])(CC)CC,4.38e-05,-4.3585258894959,3,-4.352326393127441
24474,CCCCC(CNC(=O)*)N*,CCCCC(CNC(=O)[*])N[*],[*]CNC(=O)NC([*])CCCC,5.79e-05,-4.2373214362725635,3,-4.318692207336426
24475,CC(C)CCCN(C)CC(CO*)OC(=O)*,CC(C)CCCN(C)CC(CO[*])OC(=O)[*],[*]COC(=O)OC([*])CN(C)CCCC(C)C,5.42e-05,-4.266000713461613,3,-4.311789035797119
24476,CC(CCCSCCOC(=O)*)O*,CC(CCCSCCOC(=O)[*])O[*],[*]CCCSCCOC(=O)OC([*])C,0.00016,-3.795880017344075,3,-4.0138421058654785
24477,CCCC(CNCC(C)COC(=O)*)O*,CCCC(CNCC(C)COC(=O)[*])O[*],[*]CNCC(C)COC(=O)OC([*])CCC,3.38e-05,-4.471083299722345,2,-4.1796441078186035
24478,CCC(CNC(=O)CCCCOC(=O)*)O*,CCC(CNC(=O)CCCCOC(=O)[*])O[*],[*]CNC(=O)CCCCOC(=O)OC([*])CC,9.85e-05,-4.006563769502388,1,-4.1501007080078125
24479,CC(C)(CCNC(=O)*)CO*,CC(C)(CCNC(=O)[*])CO[*],[*]CCNC(=O)OCC([*])(C)C,2.68e-05,-4.5718652059712115,1,-4.458627700805664
24480,CC(NCC(CO*)OC(=O)*)C(C)(C)C,CC(NCC(CO[*])OC(=O)[*])C(C)(C)C,[*]COC(=O)OC([*])CNC(C)C(C)(C)C,3.4e-05,-4.468521082957745,2,-4.560164451599121
24481,CC(CNC(=O)*)CC(C)O*,CC(CNC(=O)[*])CC(C)O[*],[*]CNC(=O)OC(C)CC([*])C,6.04e-05,-4.218963061378868,1,-4.193857192993164
24482,CC(CCN(CCOC(=O)*)C(C)C)O*,CC(CCN(CCOC(=O)[*])C(C)C)O[*],[*]CCN(CCOC(=O)OC([*])C)C(C)C,3.78e-05,-4.422508200162775,0,-4.344290733337402
24483,CN(CCC(C)(C)C)CC(CN*)OC(=O)*,CN(CCC(C)(C)C)CC(CN[*])OC(=O)[*],[*]CNC(=O)OC([*])CN(C)CCC(C)(C)C,3.07e-05,-4.512861624522814,2,-4.433095932006836
24484,C=CC(OC(=O)*)C(=O)NC(COC)CO*,C=CC(OC(=O)[*])C(=O)NC(COC)CO[*],[*]OC(=O)OCC(COC)NC(=O)C([*])C=C,4.91e-05,-4.308918507877031,2,-4.221505641937256
24485,CC(CN(CC(F)F)C(C)COC(=O)*)O*,CC(CN(CC(F)F)C(C)COC(=O)[*])O[*],[*]CN(CC(F)F)C(C)COC(=O)OC([*])C,4.31e-05,-4.3655227298392685,2,-4.242953300476074
24486,CC(CCOC(=O)*)NCCC(C)O*,CC(CCOC(=O)[*])NCCC(C)O[*],[*]CCOC(=O)OC(C)CCNC([*])C,8.67e-05,-4.06198090252379,0,-4.10736608505249
24487,CCC(CC)CN(CCN*)CCNC(=O)*,CCC(CC)CN(CCN[*])CCNC(=O)[*],[*]CCNC(=O)NCCN([*])CC(CC)CC,7.06e-05,-4.151195298948196,1,-4.278721332550049
24488,CC(C)C(CN(C)C(C)CO*)OC(=O)*,CC(C)C(CN(C)C(C)CO[*])OC(=O)[*],[*]CN(C)C(C)COC(=O)OC([*])C(C)C,4.14e-05,-4.382999658879101,1,-4.376093864440918
24489,CCC(CCNCC(C)OC(=O)*)O*,CCC(CCNCC(C)OC(=O)[*])O[*],[*]CCNCC(C)OC(=O)OC([*])CC,9.37e-05,-4.028260409112222,0,-4.184540748596191
24490,CN(CC(C)(C)N*)CC(C)(C)NC(=O)*,CN(CC(C)(C)N[*])CC(C)(C)NC(=O)[*],[*]CC(C)(C)NC(=O)NC(C)(C)CN([*])C,6.33e-05,-4.198596289982645,2,-4.347474098205566
24491,CCC(CN(C)CCCCCO*)OC(=O)*,CCC(CN(C)CCCCCO[*])OC(=O)[*],[*]CN(C)CCCCCOC(=O)OC([*])CC,0.000115,-3.939302159646388,3,-4.125447750091553
24492,CC(CNC(C)(C)CCOC(=O)*)O*,CC(CNC(C)(C)CCOC(=O)[*])O[*],[*]CNC(C)(C)CCOC(=O)OC([*])C,6.22e-05,-4.206209615309182,0,-4.275467395782471
24493,CCN(CCCO*)CC(C)OC(=O)*,CCN(CCCO[*])CC(C)OC(=O)[*],[*]CCCOC(=O)OC(C)CN([*])CC,7.59e-05,-4.11975822410452,1,-4.092615127563477
24494,CCC(C)C(CNC(=O)*)O*,CCC(C)C(CNC(=O)[*])O[*],[*]CNC(=O)OC([*])C(C)CC,3.85e-05,-4.414539270491499,1,-4.525620460510254
24495,CC(C)(COC(=O)*)C(=O)OCCCCO*,CC(C)(COC(=O)[*])C(=O)OCCCCO[*],[*]COC(=O)OCCCCOC(=O)C([*])(C)C,3.68e-05,-4.434152181326482,2,-4.290218830108643
24496,CCC(C)N(C)CC(C)(CO*)COC(=O)*,CCC(C)N(C)CC(C)(CO[*])COC(=O)[*],[*]COC(=O)OCC([*])(C)CN(C)C(C)CC,2.57e-05,-4.590066876668706,2,-4.5733256340026855
24497,CCSCC(C)NCC(COC(=O)*)O*,CCSCC(C)NCC(COC(=O)[*])O[*],[*]COC(=O)OC([*])CNC(C)CSCC,8.06e-05,-4.09366495819491,0,-4.14382791519165
24498,CSCC(C)(CNCC(C)O*)OC(=O)*,CSCC(C)(CNCC(C)O[*])OC(=O)[*],[*]CNCC(C)OC(=O)OC([*])(C)CSC,5.43e-05,-4.265200170411153,3,-4.228820323944092
24499,CC(CCCN(C)CCOC(=O)*)O*,CC(CCCN(C)CCOC(=O)[*])O[*],[*]CCCN(C)CCOC(=O)OC([*])C,8.17e-05,-4.087777943467585,0,-4.108813285827637
24500,CCC(CN(CCOC(=O)*)CC(F)F)O*,CCC(CN(CCOC(=O)[*])CC(F)F)O[*],[*]CN(CCOC(=O)OC([*])CC)CC(F)F,8.69e-05,-4.060980223551334,1,-4.189162254333496
24501,CC(CNCC(C)(C)CCOC(=O)*)O*,CC(CNCC(C)(C)CCOC(=O)[*])O[*],[*]CNCC(C)(C)CCOC(=O)OC([*])C,3.49e-05,-4.45717457304082,1,-4.34420919418335
24502,CC(C)(C)C(CNCCCO*)OC(=O)*,CC(C)(C)C(CNCCCO[*])OC(=O)[*],[*]CNCCCOC(=O)OC([*])C(C)(C)C,6.05e-05,-4.218244625347531,2,-4.30865478515625
24503,C[Si](C)(C)CN(CCO*)CCOC(=O)*,C[Si](C)(C)CN(CCO[*])CCOC(=O)[*],[*]CCOC(=O)OCCN([*])C[Si](C)(C)C,2.66e-05,-4.575118363368933,2,-4.536730766296387
24504,CC(CCCCOC(=O)*)NCCO*,CC(CCCCOC(=O)[*])NCCO[*],[*]CCCCOC(=O)OCCNC([*])C,9.41e-05,-4.026410376572743,2,-4.075211048126221
24505,CC(COC(=O)*)CN(C)CCC(C)O*,CC(COC(=O)[*])CN(C)CCC(C)O[*],[*]COC(=O)OC(C)CCN(C)CC([*])C,9.24e-05,-4.0343280287798935,1,-4.193357944488525
24506,CC(CNC(CCOC(=O)*)C(C)(C)C)O*,CC(CNC(CCOC(=O)[*])C(C)(C)C)O[*],[*]CNC(CCOC(=O)OC([*])C)C(C)(C)C,6e-05,-4.221848749616356,2,-4.557433605194092
24507,CC(C)CC(CCO*)NC(=O)*,CC(C)CC(CCO[*])NC(=O)[*],[*]CCOC(=O)NC([*])CC(C)C,2.75e-05,-4.560667306169737,2,-4.391383647918701
24508,CCC(CC)NC(C)(CO*)COC(=O)*,CCC(CC)NC(C)(CO[*])COC(=O)[*],[*]COC(=O)OCC([*])(C)NC(CC)CC,1.7e-05,-4.769551078621726,3,-4.4984636306762695
24509,CSCCC(NC(=O)*)C(C)(C)O*,CSCCC(NC(=O)[*])C(C)(C)O[*],[*]NC(=O)OC(C)(C)C([*])CCSC,4.42e-05,-4.354577730650908,2,-4.404849052429199
24510,CC(OC(=O)*)C(=O)N(C)CCOCCO*,CC(OC(=O)[*])C(=O)N(C)CCOCCO[*],[*]OC(=O)OCCOCCN(C)C(=O)C([*])C,6.94e-05,-4.158640529545145,2,-4.085571765899658
24511,CCN(CC(C)C)CC(COC(=O)*)O*,CCN(CC(C)C)CC(COC(=O)[*])O[*],[*]COC(=O)OC([*])CN(CC)CC(C)C,2.29e-05,-4.640164517660112,2,-4.079702377319336
24512,CCCC(CNC(=O)C(C)(C)N*)OC(=O)*,CCCC(CNC(=O)C(C)(C)N[*])OC(=O)[*],[*]CNC(=O)C(C)(C)NC(=O)OC([*])CCC,4.78e-05,-4.320572103387881,0,-4.329104423522949
24513,CCC(CC)NC(CO*)COC(=O)*,CCC(CC)NC(CO[*])COC(=O)[*],[*]COC(=O)OCC([*])NC(CC)CC,3.43e-05,-4.464705879957229,1,-4.43220853805542
24514,CSCCN(CCO*)CC(C)OC(=O)*,CSCCN(CCO[*])CC(C)OC(=O)[*],[*]CCOC(=O)OC(C)CN([*])CCSC,6.54e-05,-4.184422251675732,0,-4.1103644371032715
24515,COC(=O)C(CN(C)CCO*)OC(=O)*,COC(=O)C(CN(C)CCO[*])OC(=O)[*],[*]CN(C)CCOC(=O)OC([*])C(=O)OC,5.81e-05,-4.235823867609669,3,-4.199060440063477
24516,CC(CN(CCF)C(C)CO*)OC(=O)*,CC(CN(CCF)C(C)CO[*])OC(=O)[*],[*]CN(CCF)C(C)COC(=O)OC([*])C,2.58e-05,-4.58838029403677,1,-4.2599687576293945
24517,CCC(CCCNC(=O)*)O*,CCC(CCCNC(=O)[*])O[*],[*]CCCNC(=O)OC([*])CC,3.73e-05,-4.428291168191312,1,-4.232363224029541
24518,CC(CCO*)NCCCCCOC(=O)*,CC(CCO[*])NCCCCCOC(=O)[*],[*]CCOC(=O)OCCCCCNC([*])C,0.00013,-3.886056647693163,0,-4.002243518829346
24519,CCN(CC)CC(OC(=O)*)C(C)O*,CCN(CC)CC(OC(=O)[*])C(C)O[*],[*]OC(=O)OC(C)C([*])CN(CC)CC,4.94e-05,-4.306273051076353,2,-4.246159553527832
24520,CC(CCCNCC(C)O*)COC(=O)*,CC(CCCNCC(C)O[*])COC(=O)[*],[*]CCCNCC(C)OC(=O)OCC([*])C,5.79e-05,-4.2373214362725635,1,-4.275475978851318
24521,O=C(CCCCOC(=O)*)NCCCCO*,O=C(CCCCOC(=O)[*])NCCCCO[*],[*]CCCCOC(=O)OCCCCNC([*])=O,0.000126,-3.899629454882437,0,-4.037328243255615
24522,CC(C)CC(C)(CNC(=O)*)N*,CC(C)CC(C)(CNC(=O)[*])N[*],[*]CNC(=O)NC([*])(C)CC(C)C,3.68e-05,-4.434152181326482,0,-4.487667083740234
24523,CC(CCCNC(=O)C(C)(C)O*)OC(=O)*,CC(CCCNC(=O)C(C)(C)O[*])OC(=O)[*],[*]CCCNC(=O)C(C)(C)OC(=O)OC([*])C,5.38e-05,-4.269217724333611,2,-4.26569128036499
24524,CC(CN(C)CCCCCCO*)OC(=O)*,CC(CN(C)CCCCCCO[*])OC(=O)[*],[*]CN(C)CCCCCCOC(=O)OC([*])C,3.79e-05,-4.421360790031928,2,-3.9682836532592773
24525,CC(CC(=O)OCCCCO*)OC(=O)*,CC(CC(=O)OCCCCO[*])OC(=O)[*],[*]CC(=O)OCCCCOC(=O)OC([*])C,5.53e-05,-4.257274868695302,3,-4.138055324554443
24526,CC(C)CC(CNCC(C)O*)OC(=O)*,CC(C)CC(CNCC(C)O[*])OC(=O)[*],[*]CNCC(C)OC(=O)OC([*])CC(C)C,4.48e-05,-4.348721986001856,3,-4.4763054847717285
24527,CCC(CSC(C)COC(=O)*)O*,CCC(CSC(C)COC(=O)[*])O[*],[*]CSC(C)COC(=O)OC([*])CC,3.53e-05,-4.452225294612178,2,-4.12495231628418
24528,CCC(C)CN(C)CC(COC(=O)*)O*,CCC(C)CN(C)CC(COC(=O)[*])O[*],[*]COC(=O)OC([*])CN(C)CC(C)CC,4.78e-05,-4.320572103387881,1,-4.348756790161133
24529,CC(CCOC(=O)*)NCCC(C)(C)O*,CC(CCOC(=O)[*])NCCC(C)(C)O[*],[*]CCOC(=O)OC(C)(C)CCNC([*])C,4.55e-05,-4.341988603342887,0,-4.329185485839844
24530,CCCC(C)NC(CC)(CO*)COC(=O)*,CCCC(C)NC(CC)(CO[*])COC(=O)[*],[*]COC(=O)OCC([*])(CC)NC(C)CCC,2.09e-05,-4.679853713888946,2,-4.628223419189453
24531,CCN(CC(CO*)OC(=O)*)C(C)C,CCN(CC(CO[*])OC(=O)[*])C(C)C,[*]COC(=O)OC([*])CN(CC)C(C)C,2.82e-05,-4.549750891680639,2,-4.378765106201172
24532,CCC(C)N(C)CC(CO*)OC(=O)*,CCC(C)N(C)CC(CO[*])OC(=O)[*],[*]COC(=O)OC([*])CN(C)C(C)CC,5.06e-05,-4.295849483160201,0,-4.357911109924316
24533,CCC(CC)(CCO*)NCCCOC(=O)*,CCC(CC)(CCO[*])NCCCOC(=O)[*],[*]CCOC(=O)OCCCNC([*])(CC)CC,4.7e-05,-4.327902142064283,2,-4.370253086090088
24534,CC(C)C(CNC(C)C(C)(C)OC(=O)*)O*,CC(C)C(CNC(C)C(C)(C)OC(=O)[*])O[*],[*]CNC(C)C(C)(C)OC(=O)OC([*])C(C)C,4.03e-05,-4.394694953858891,0,-4.4703192710876465
24535,CCCC(CNC(=O)CCCN*)OC(=O)*,CCCC(CNC(=O)CCCN[*])OC(=O)[*],[*]CNC(=O)CCCNC(=O)OC([*])CCC,6.38e-05,-4.195179321278838,0,-4.166434288024902
24536,CC(C)CN(CCCOC(=O)*)CCO*,CC(C)CN(CCCOC(=O)[*])CCO[*],[*]CCCOC(=O)OCCN([*])CC(C)C,0.000109,-3.962573502059376,2,-4.079436779022217
24537,CC(C)(C)CCCNC(CO*)COC(=O)*,CC(C)(C)CCCNC(CO[*])COC(=O)[*],[*]COC(=O)OCC([*])NCCCC(C)(C)C,1.87e-05,-4.728158393463501,2,-4.451962947845459
24538,CCC(C)(CCC(C)(CC)OC(=O)*)O*,CCC(C)(CCC(C)(CC)OC(=O)[*])O[*],[*]CCC(C)(CC)OC(=O)OC([*])(C)CC,1.46e-05,-4.835647144215563,0,-4.834977626800537
24539,CCC(CNCCCCOC(=O)*)O*,CCC(CNCCCCOC(=O)[*])O[*],[*]CNCCCCOC(=O)OC([*])CC,9.92e-05,-4.0034883278458215,0,-4.120367050170898
24540,CCN(CCCOC(=O)*)CCC(C)(C)O*,CCN(CCCOC(=O)[*])CCC(C)(C)O[*],[*]CCCOC(=O)OC(C)(C)CCN([*])CC,5.05e-05,-4.296708621881338,3,-4.3115105628967285
24541,O=C(*)OCCCCCCCCCCN*,O=C([*])OCCCCCCCCCCN[*],[*]NCCCCCCCCCCOC([*])=O,8.38e-05,-4.076755981369724,0,-4.256983280181885
24542,CC(CO*)SC(C)C(C)OC(=O)*,CC(CO[*])SC(C)C(C)OC(=O)[*],[*]COC(=O)OC(C)C(C)SC([*])C,3.87e-05,-4.412289034981089,1,-4.294915676116943
24543,CCN(CCCCCOC(=O)*)C(C)CO*,CCN(CCCCCOC(=O)[*])C(C)CO[*],[*]CCCCCOC(=O)OCC(C)N([*])CC,5.17e-05,-4.286509456906058,1,-4.16403865814209
24544,CC(C)(CCCCC(C)(C)OC(=O)*)O*,CC(C)(CCCCC(C)(C)OC(=O)[*])O[*],[*]CCCCC(C)(C)OC(=O)OC([*])(C)C,2.49e-05,-4.603800652904264,0,-4.606059551239014
24545,CC(CC(C)O*)NC(C)C(C)OC(=O)*,CC(CC(C)O[*])NC(C)C(C)OC(=O)[*],[*]CC(C)OC(=O)OC(C)C(C)NC([*])C,1.57e-05,-4.804100347590766,2,-4.402000427246094
24546,CCC(CO*)NC(C)CCOC(=O)*,CCC(CO[*])NC(C)CCOC(=O)[*],[*]COC(=O)OCCC(C)NC([*])CC,8.85e-05,-4.053056729302175,2,-4.162893772125244
24547,CC(CCN(C)C(C)CO*)OC(=O)*,CC(CCN(C)C(C)CO[*])OC(=O)[*],[*]CCN(C)C(C)COC(=O)OC([*])C,3.23e-05,-4.490797477668897,0,-4.21527624130249
24548,CC(CCOC(=O)*)NCC(O*)C(C)C,CC(CCOC(=O)[*])NCC(O[*])C(C)C,[*]CCOC(=O)OC(CNC([*])C)C(C)C,8.15e-05,-4.088842391260023,1,-4.309191703796387
24549,CCCC(C)NC(C)(CO*)COC(=O)*,CCCC(C)NC(C)(CO[*])COC(=O)[*],[*]COC(=O)OCC([*])(C)NC(C)CCC,1.74e-05,-4.7594507517174005,1,-4.645839691162109
24550,CC(C)(N*)C(C)(C)NC(=O)*,CC(C)(N[*])C(C)(C)NC(=O)[*],[*]NC(=O)NC(C)(C)C([*])(C)C,2.31e-05,-4.636388020107856,2,-4.581972599029541
24551,CC(NCC(C)(C)CO*)C(C)OC(=O)*,CC(NCC(C)(C)CO[*])C(C)OC(=O)[*],[*]NCC(C)(C)COC(=O)OC(C)C([*])C,2.24e-05,-4.649751981665837,0,-4.444386005401611
24552,CCCC(CC(=O)OCCCO*)OC(=O)*,CCCC(CC(=O)OCCCO[*])OC(=O)[*],[*]CC(=O)OCCCOC(=O)OC([*])CCC,4.22e-05,-4.374687549038326,1,-4.224008083343506
24553,CCC(CO*)NC(CC)COC(=O)*,CCC(CO[*])NC(CC)COC(=O)[*],[*]COC(=O)OCC(CC)NC([*])CC,4.48e-05,-4.348721986001856,3,-4.266467094421387
24554,CSCC(CN(C)CC(C)OC(=O)*)O*,CSCC(CN(C)CC(C)OC(=O)[*])O[*],[*]CN(C)CC(C)OC(=O)OC([*])CSC,5.55e-05,-4.255707016877324,2,-4.187553882598877
24555,CCC(CNCC(C)(C)CCO*)OC(=O)*,CCC(CNCC(C)(C)CCO[*])OC(=O)[*],[*]CNCC(C)(C)CCOC(=O)OC([*])CC,6.32e-05,-4.199282921717615,2,-4.338933944702148
24556,CCC(CC)C(CNCCCN*)OC(=O)*,CCC(CC)C(CNCCCN[*])OC(=O)[*],[*]CNCCCNC(=O)OC([*])C(CC)CC,3.51e-05,-4.454692883534176,2,-4.385256767272949
24557,CCC(CC)(CN(C)CCCO*)OC(=O)*,CCC(CC)(CN(C)CCCO[*])OC(=O)[*],[*]CN(C)CCCOC(=O)OC([*])(CC)CC,5.17e-05,-4.286509456906058,2,-4.346282958984375
24558,CC(O*)C(=O)NCCCCCCOC(=O)*,CC(O[*])C(=O)NCCCCCCOC(=O)[*],[*]OC(=O)OCCCCCCNC(=O)C([*])C,7.22e-05,-4.141462802430361,3,-4.147238254547119
24559,CC(C)(C)C(CO*)NCCCOC(=O)*,CC(C)(C)C(CO[*])NCCCOC(=O)[*],[*]COC(=O)OCCCNC([*])C(C)(C)C,0.000105,-3.9788107009300617,0,-4.503841400146484
24560,CCCC(C)(OC(=O)*)C(=O)OCCO*,CCCC(C)(OC(=O)[*])C(=O)OCCO[*],[*]OC(=O)OCCOC(=O)C([*])(C)CCC,4.81e-05,-4.317854923626168,1,-4.33458137512207
24561,CN(CC(CO*)OC(=O)*)C(C)(C)C,CN(CC(CO[*])OC(=O)[*])C(C)(C)C,[*]COC(=O)OC([*])CN(C)C(C)(C)C,3.31e-05,-4.480172006224281,0,-4.5662150382995605
24562,CCC(CN(CCOC(=O)*)C(C)CC)O*,CCC(CN(CCOC(=O)[*])C(C)CC)O[*],[*]CN(CCOC(=O)OC([*])CC)C(C)CC,2.92e-05,-4.534617148551582,1,-4.305432319641113
24563,CCCC(CNC(=O)CC(C)N*)OC(=O)*,CCCC(CNC(=O)CC(C)N[*])OC(=O)[*],[*]CNC(=O)CC(C)NC(=O)OC([*])CCC,5.87e-05,-4.231361898752385,1,-4.321887493133545
24564,CC(C)(CC(=O)NCCCCO*)NC(=O)*,CC(C)(CC(=O)NCCCCO[*])NC(=O)[*],[*]CC(=O)NCCCCOC(=O)NC([*])(C)C,4.94e-05,-4.306273051076353,0,-4.235305309295654
24565,NC(=O)NC(CO*)C(=O)NCCOC(=O)*,NC(=O)NC(CO[*])C(=O)NCCOC(=O)[*],[*]COC(=O)OCCNC(=O)C([*])NC(N)=O,4.88e-05,-4.311580177997289,0,-4.276154518127441
24566,CCCCC(C)NC(C)(CO*)COC(=O)*,CCCCC(C)NC(C)(CO[*])COC(=O)[*],[*]COC(=O)OCC([*])(C)NC(C)CCCC,3.01e-05,-4.521433504406157,0,-4.64504337310791
24567,CCN(CCCOC(=O)*)C(C)C(C)O*,CCN(CCCOC(=O)[*])C(C)C(C)O[*],[*]CCCOC(=O)OC(C)C(C)N([*])CC,4.75e-05,-4.323306390375134,2,-4.284012794494629
24568,CCC(CNC(C)C(C)(C)OC(=O)*)O*,CCC(CNC(C)C(C)(C)OC(=O)[*])O[*],[*]CNC(C)C(C)(C)OC(=O)OC([*])CC,8.27e-05,-4.082494490447453,1,-4.197298049926758
24569,CC(CCO*)NCC(C)(C)OC(=O)*,CC(CCO[*])NCC(C)(C)OC(=O)[*],[*]CCOC(=O)OC(C)(C)CNC([*])C,3.65e-05,-4.437707135543525,1,-4.2512640953063965
24570,CC(NCCCCCCO*)C(C)OC(=O)*,CC(NCCCCCCO[*])C(C)OC(=O)[*],[*]NCCCCCCOC(=O)OC(C)C([*])C,8.83e-05,-4.054039296422431,0,-4.287674903869629
24571,CC(C)(C)CC(OC(=O)*)C(=O)OCCO*,CC(C)(C)CC(OC(=O)[*])C(=O)OCCO[*],[*]OC(=O)OCCOC(=O)C([*])CC(C)(C)C,2.18e-05,-4.661543506395395,3,-4.3796586990356445
24572,CC(CCN(C)C(C)C(C)(C)O*)OC(=O)*,CC(CCN(C)C(C)C(C)(C)O[*])OC(=O)[*],[*]CCN(C)C(C)C(C)(C)OC(=O)OC([*])C,3.07e-05,-4.512861624522814,2,-4.574440002441406
24573,CCC(CNCCCC(C)COC(=O)*)O*,CCC(CNCCCC(C)COC(=O)[*])O[*],[*]CNCCCC(C)COC(=O)OC([*])CC,8.37e-05,-4.07727454200674,3,-4.261412620544434
24574,CC(CCNCC(O*)C(C)C)OC(=O)*,CC(CCNCC(O[*])C(C)C)OC(=O)[*],[*]CCNCC(OC(=O)OC([*])C)C(C)C,4.86e-05,-4.313363730737707,0,-4.335673809051514
24575,CCC(CCNC(=O)C(C)(C)O*)OC(=O)*,CCC(CCNC(=O)C(C)(C)O[*])OC(=O)[*],[*]CCNC(=O)C(C)(C)OC(=O)OC([*])CC,7.34e-05,-4.13430394008393,1,-4.295311450958252
24576,CCN(CCCCCCOC(=O)*)CCN*,CCN(CCCCCCOC(=O)[*])CCN[*],[*]CCCCCCOC(=O)NCCN([*])CC,0.000114,-3.9430951486635273,3,-4.023629188537598
24577,CCC(C)(CNC(C)CCO*)OC(=O)*,CCC(C)(CNC(C)CCO[*])OC(=O)[*],[*]CNC(C)CCOC(=O)OC([*])(C)CC,5.48e-05,-4.261219441515631,2,-4.39453125
24578,CCCN(C)CC(C)(CO*)COC(=O)*,CCCN(C)CC(C)(CO[*])COC(=O)[*],[*]COC(=O)OCC([*])(C)CN(C)CCC,2.64e-05,-4.578396073130169,0,-4.638147354125977
24579,CCC(CCNC(=O)C(C)(C)NC(=O)*)O*,CCC(CCNC(=O)C(C)(C)NC(=O)[*])O[*],[*]CCNC(=O)C(C)(C)NC(=O)OC([*])CC,4.95e-05,-4.305394801066432,3,-4.297388076782227
24580,CCC(CN(CC)CCCOC(=O)*)O*,CCC(CN(CC)CCCOC(=O)[*])O[*],[*]CN(CC)CCCOC(=O)OC([*])CC,8.4e-05,-4.075720713938118,3,-4.244866371154785
24581,CC(C)C(CNC(C)(C)CCOC(=O)*)O*,CC(C)C(CNC(C)(C)CCOC(=O)[*])O[*],[*]CNC(C)(C)CCOC(=O)OC([*])C(C)C,2.91e-05,-4.536107011014093,0,-4.366011619567871
24582,CC(NCCC(C)(C)O*)C(C)OC(=O)*,CC(NCCC(C)(C)O[*])C(C)OC(=O)[*],[*]NCCC(C)(C)OC(=O)OC(C)C([*])C,2.89e-05,-4.539102157243452,2,-4.557793617248535
24583,CC(CNC(CCOC(=O)*)C(C)C)CO*,CC(CNC(CCOC(=O)[*])C(C)C)CO[*],[*]CNC(CCOC(=O)OCC([*])C)C(C)C,6.76e-05,-4.170053304058364,2,-4.422301292419434
24584,CN(CCCOC(=O)*)CCC(C)(C)O*,CN(CCCOC(=O)[*])CCC(C)(C)O[*],[*]CCCOC(=O)OC(C)(C)CCN([*])C,5.12e-05,-4.29073003902417,2,-4.24320650100708
24585,C=CCNC(=O)C(NC(=O)*)C(C)O*,C=CCNC(=O)C(NC(=O)[*])C(C)O[*],[*]NC(=O)OC(C)C([*])C(=O)NCC=C,3.34e-05,-4.476253533188435,2,-4.376244068145752
24586,CC(CNCC(C)(C)CCCOC(=O)*)O*,CC(CNCC(C)(C)CCCOC(=O)[*])O[*],[*]CNCC(C)(C)CCCOC(=O)OC([*])C,5.82e-05,-4.235077015350112,3,-4.505531311035156
24587,CC(COC(=O)*)NC(=O)CCC(C)(C)O*,CC(COC(=O)[*])NC(=O)CCC(C)(C)O[*],[*]COC(=O)OC(C)(C)CCC(=O)NC([*])C,4.12e-05,-4.3851027839668655,1,-4.408384323120117
24588,CC(CNCCC(N)=O)(CO*)COC(=O)*,CC(CNCCC(N)=O)(CO[*])COC(=O)[*],[*]COC(=O)OCC([*])(C)CNCCC(N)=O,6.76e-05,-4.170053304058364,2,-4.106262683868408
24589,CCC(C)(CCO*)NC(=O)C(C)NC(=O)*,CCC(C)(CCO[*])NC(=O)C(C)NC(=O)[*],[*]CCOC(=O)NC(C)C(=O)NC([*])(C)CC,3.43e-05,-4.464705879957229,1,-4.470676898956299
24590,CC(C)C(CN*)CNCCCCNC(=O)*,CC(C)C(CN[*])CNCCCCNC(=O)[*],[*]CNCCCCNC(=O)NCC([*])C(C)C,4.1e-05,-4.3872161432802645,0,-4.2892279624938965
24591,CC(CNC(CO*)COC(=O)*)C(C)(C)C,CC(CNC(CO[*])COC(=O)[*])C(C)(C)C,[*]COC(=O)OCC([*])NCC(C)C(C)(C)C,3.48e-05,-4.458420756053419,2,-4.421257495880127
24592,CC(CN(C)CC(OC(=O)*)C(C)C)O*,CC(CN(C)CC(OC(=O)[*])C(C)C)O[*],[*]CN(C)CC(OC(=O)OC([*])C)C(C)C,3.28e-05,-4.484126156288321,0,-4.348606109619141
24593,CCCC(CNC(C)C(C)OC(=O)*)O*,CCCC(CNC(C)C(C)OC(=O)[*])O[*],[*]CNC(C)C(C)OC(=O)OC([*])CCC,4.58e-05,-4.33913452199613,3,-4.335422515869141
24594,CC(CCNC(CCOC(=O)*)C(C)C)O*,CC(CCNC(CCOC(=O)[*])C(C)C)O[*],[*]CCNC(CCOC(=O)OC([*])C)C(C)C,7.08e-05,-4.149966742310231,1,-4.34317684173584
24595,CC(C)(CNCCCCCCO*)OC(=O)*,CC(C)(CNCCCCCCO[*])OC(=O)[*],[*]CNCCCCCCOC(=O)OC([*])(C)C,5.68e-05,-4.245651664288981,2,-4.116057872772217
24596,CN(CCC(C)(C)C)CC(CO*)OC(=O)*,CN(CCC(C)(C)C)CC(CO[*])OC(=O)[*],[*]COC(=O)OC([*])CN(C)CCC(C)(C)C,2.09e-05,-4.679853713888946,0,-4.487627983093262
24597,CC(OC(=O)*)C(=O)NC(C)(C)C(C)(C)O*,CC(OC(=O)[*])C(=O)NC(C)(C)C(C)(C)O[*],[*]OC(=O)OC(C)(C)C(C)(C)NC(=O)C([*])C,6.8e-05,-4.167491087293763,3,-4.5290207862854
24598,CC(CCNCC(OC(=O)*)C(C)(C)C)O*,CC(CCNCC(OC(=O)[*])C(C)(C)C)O[*],[*]CCNCC(OC(=O)OC([*])C)C(C)(C)C,4.19e-05,-4.377785977033705,3,-4.4273457527160645
24599,CCCCCNC(CN*)CNC(=O)*,CCCCCNC(CN[*])CNC(=O)[*],[*]CNC(=O)NCC([*])NCCCCC,5.31e-05,-4.274905478918531,3,-4.175832748413086
24600,CC(CCCCO*)NC(C)CCOC(=O)*,CC(CCCCO[*])NC(C)CCOC(=O)[*],[*]CCCCOC(=O)OCCC(C)NC([*])C,7.16e-05,-4.145086977692144,1,-4.0360002517700195
24601,CC(CN*)N(C)CC(C)(C)NC(=O)*,CC(CN[*])N(C)CC(C)(C)NC(=O)[*],[*]CNC(=O)NC(C)(C)CN(C)C([*])C,4.41e-05,-4.355561410532162,3,-4.289738655090332
24602,CCC(CNC(CCOC(=O)*)C(C)C)O*,CCC(CNC(CCOC(=O)[*])C(C)C)O[*],[*]CNC(CCOC(=O)OC([*])CC)C(C)C,5.99e-05,-4.2225731776106885,2,-4.361486434936523
24603,CC(O*)C(C)N(C)CCCOC(=O)*,CC(O[*])C(C)N(C)CCCOC(=O)[*],[*]OC(=O)OCCCN(C)C(C)C([*])C,7.49e-05,-4.125518182300533,1,-4.172463417053223
24604,CCN(CCNC(=O)*)CC(C)(CC)O*,CCN(CCNC(=O)[*])CC(C)(CC)O[*],[*]CCNC(=O)OC(C)(CC)CN([*])CC,4.85e-05,-4.314258261397736,0,-4.421959400177002
24605,CC(CCO*)NCC(C)(OC(=O)*)C(C)C,CC(CCO[*])NCC(C)(OC(=O)[*])C(C)C,[*]CCOC(=O)OC(C)(CNC([*])C)C(C)C,3.07e-05,-4.512861624522814,3,-4.387351036071777
24606,CC(C)C(CN(C)CCCOC(=O)*)O*,CC(C)C(CN(C)CCCOC(=O)[*])O[*],[*]CN(C)CCCOC(=O)OC([*])C(C)C,7.17e-05,-4.1444808443322,1,-4.336034297943115
24607,CC(C)CC(C)N(CCO*)CCOC(=O)*,CC(C)CC(C)N(CCO[*])CCOC(=O)[*],[*]CCOC(=O)OCCN([*])C(C)CC(C)C,3.33e-05,-4.47755576649368,2,-4.381639003753662
24608,CC(C)C(CNCCC(C)(C)O*)OC(=O)*,CC(C)C(CNCCC(C)(C)O[*])OC(=O)[*],[*]CNCCC(C)(C)OC(=O)OC([*])C(C)C,5.25e-05,-4.279840696594043,2,-4.445089340209961
24609,COCC(C)(CNC(=O)C(C)OC(=O)*)O*,COCC(C)(CNC(=O)C(C)OC(=O)[*])O[*],[*]CNC(=O)C(C)OC(=O)OC([*])(C)COC,5.76e-05,-4.239577516576788,2,-4.21606969833374
24610,CC(C)C(CNC(=O)*)CO*,CC(C)C(CNC(=O)[*])CO[*],[*]CNC(=O)OCC([*])C(C)C,2.23e-05,-4.651695136951839,0,-4.370491027832031
24611,CCC(CCOC(=O)*)NC(=O)C(C)(C)O*,CCC(CCOC(=O)[*])NC(=O)C(C)(C)O[*],[*]CCOC(=O)OC(C)(C)C(=O)NC([*])CC,4.4e-05,-4.356547323513813,3,-4.356790542602539
24612,CC(C)(OC(=O)*)C(=O)OCCCCCO*,CC(C)(OC(=O)[*])C(=O)OCCCCCO[*],[*]OC(=O)OCCCCCOC(=O)C([*])(C)C,7.33e-05,-4.134896025358872,2,-4.180469512939453
24613,CC(C)(C)C(CNC(=O)*)N*,CC(C)(C)C(CNC(=O)[*])N[*],[*]CNC(=O)NC([*])C(C)(C)C,2.42e-05,-4.616184634019569,2,-4.409572601318359
24614,CCN(CC(CO*)OC(=O)*)CC(C)(C)C,CCN(CC(CO[*])OC(=O)[*])CC(C)(C)C,[*]COC(=O)OC([*])CN(CC)CC(C)(C)C,1.6e-05,-4.795880017344075,3,-4.521011829376221
24615,CC(CCCNC(C)C(C)O*)COC(=O)*,CC(CCCNC(C)C(C)O[*])COC(=O)[*],[*]CCCNC(C)C(C)OC(=O)OCC([*])C,4.36e-05,-4.360513510731414,0,-4.284181118011475
24616,CC(CNCC(OC(=O)*)C(C)(C)C)CO*,CC(CNCC(OC(=O)[*])C(C)(C)C)CO[*],[*]CNCC(OC(=O)OCC([*])C)C(C)(C)C,3.84e-05,-4.4156687756324695,0,-4.376236438751221
24617,CCC(CO*)NC(=O)CC(C)(C)OC(=O)*,CCC(CO[*])NC(=O)CC(C)(C)OC(=O)[*],[*]COC(=O)OC(C)(C)CC(=O)NC([*])CC,3.81e-05,-4.419075024324381,2,-4.373533248901367
24618,CCCN(CC)CC(CO*)OC(=O)*,CCCN(CC)CC(CO[*])OC(=O)[*],[*]COC(=O)OC([*])CN(CC)CCC,3.36e-05,-4.473660722610156,3,-4.3053436279296875
24619,CC(C)(C)C(CNCCCCOC(=O)*)O*,CC(C)(C)C(CNCCCCOC(=O)[*])O[*],[*]CNCCCCOC(=O)OC([*])C(C)(C)C,5.32e-05,-4.274088367704952,2,-4.325540542602539
24620,CC(C)C(CN(C)C(C)(C)COC(=O)*)O*,CC(C)C(CN(C)C(C)(C)COC(=O)[*])O[*],[*]CN(C)C(C)(C)COC(=O)OC([*])C(C)C,4.23e-05,-4.373659632624958,1,-4.605991840362549
24621,CCC(CNC(C)CC(C)OC(=O)*)O*,CCC(CNC(C)CC(C)OC(=O)[*])O[*],[*]CNC(C)CC(C)OC(=O)OC([*])CC,7e-05,-4.154901959985743,1,-4.218931198120117
24622,CCCN(CC(C)C)CC(CO*)OC(=O)*,CCCN(CC(C)C)CC(CO[*])OC(=O)[*],[*]COC(=O)OC([*])CN(CCC)CC(C)C,4.45e-05,-4.351639989019068,2,-4.406729221343994
24623,CCC(CN(CC)CCN*)OC(=O)*,CCC(CN(CC)CCN[*])OC(=O)[*],[*]CN(CC)CCNC(=O)OC([*])CC,9.81e-05,-4.008330992620052,0,-4.1852803230285645
24624,CC(C)(CO*)NC(=O)CC(C)(C)OC(=O)*,CC(C)(CO[*])NC(=O)CC(C)(C)OC(=O)[*],[*]COC(=O)OC(C)(C)CC(=O)NC([*])(C)C,6.62e-05,-4.1791420105603,1,-4.392797470092773
24625,CCC(CC)NC(CC)(CO*)COC(=O)*,CCC(CC)NC(CC)(CO[*])COC(=O)[*],[*]COC(=O)OCC([*])(CC)NC(CC)CC,1.06e-05,-4.97469413473523,1,-4.588983535766602
24626,CC#CC(=O)NC(CO*)C(C)OC(=O)*,CC#CC(=O)NC(CO[*])C(C)OC(=O)[*],[*]COC(=O)OC(C)C([*])NC(=O)C#CC,3.42e-05,-4.465973893943865,1,-4.338592529296875
24627,CCC(CC)C(CNCC(C)O*)OC(=O)*,CCC(CC)C(CNCC(C)O[*])OC(=O)[*],[*]CNCC(C)OC(=O)OC([*])C(CC)CC,4.07e-05,-4.39040559077478,1,-4.450070381164551
24628,CCC(CNCC(OC(=O)*)C(C)C)O*,CCC(CNCC(OC(=O)[*])C(C)C)O[*],[*]CNCC(OC(=O)OC([*])CC)C(C)C,5.32e-05,-4.274088367704952,3,-4.2836737632751465
24629,CC(C)COC(=O)C(C)(CO*)COC(=O)*,CC(C)COC(=O)C(C)(CO[*])COC(=O)[*],[*]COC(=O)OCC([*])(C)C(=O)OCC(C)C,1.35e-05,-4.869666231504994,0,-4.578939437866211
24630,CCN(CCO*)CC(OC(=O)*)C(C)C,CCN(CCO[*])CC(OC(=O)[*])C(C)C,[*]CCOC(=O)OC(CN([*])CC)C(C)C,4.49e-05,-4.347753658996677,2,-4.196361541748047
24631,CC(CCCNC(C)C(C)O*)OC(=O)*,CC(CCCNC(C)C(C)O[*])OC(=O)[*],[*]CCCNC(C)C(C)OC(=O)OC([*])C,3.47e-05,-4.459670525209126,2,-4.269970893859863
24632,COC(=O)C(CNC(C)(C)CO*)OC(=O)*,COC(=O)C(CNC(C)(C)CO[*])OC(=O)[*],[*]CNC(C)(C)COC(=O)OC([*])C(=O)OC,2.33e-05,-4.632644078973981,3,-4.447602272033691
24633,CC(CN*)N(C)CCCCCCOC(=O)*,CC(CN[*])N(C)CCCCCCOC(=O)[*],[*]CNC(=O)OCCCCCCN(C)C([*])C,6.72e-05,-4.172630726946175,2,-4.106374740600586
24634,CN(CCCOC(=O)*)CC(O*)C(C)(C)C,CN(CCCOC(=O)[*])CC(O[*])C(C)(C)C,[*]CCCOC(=O)OC(CN([*])C)C(C)(C)C,2.68e-05,-4.5718652059712115,0,-4.505533218383789
24635,CC(OC(=O)*)C(=O)N(C)CCO*,CC(OC(=O)[*])C(=O)N(C)CCO[*],[*]OC(=O)OCCN(C)C(=O)C([*])C,5.08e-05,-4.294136287716081,1,-4.335797309875488
24636,CC(C)(CCC(=O)NCCCO*)OC(=O)*,CC(C)(CCC(=O)NCCCO[*])OC(=O)[*],[*]CCC(=O)NCCCOC(=O)OC([*])(C)C,5.01e-05,-4.300162274132754,1,-4.264535903930664
24637,CC(C)CCN(CCO*)CC(C)OC(=O)*,CC(C)CCN(CCO[*])CC(C)OC(=O)[*],[*]CCOC(=O)OC(C)CN([*])CCC(C)C,2.83e-05,-4.548213564475709,2,-4.137101173400879
24638,CC(C)(CCCO*)NC(=O)*,CC(C)(CCCO[*])NC(=O)[*],[*]CCCOC(=O)NC([*])(C)C,4.45e-05,-4.351639989019068,3,-4.457931995391846
24639,CC(C)OCC(NC(=O)*)C(C)(C)O*,CC(C)OCC(NC(=O)[*])C(C)(C)O[*],[*]NC(=O)OC(C)(C)C([*])COC(C)C,4.75e-05,-4.323306390375134,1,-4.43085241317749
24640,CCCCC(C)N(C)CC(COC(=O)*)O*,CCCCC(C)N(C)CC(COC(=O)[*])O[*],[*]COC(=O)OC([*])CN(C)C(C)CCCC,2.52e-05,-4.598599459218456,2,-4.332283973693848
24641,CC(CO*)N(C)C(=O)COC(=O)*,CC(CO[*])N(C)C(=O)COC(=O)[*],[*]COC(=O)OCC(=O)N(C)C([*])C,6.89e-05,-4.161780778092374,0,-4.511630535125732
24642,CCN(CCO*)CC(OC(=O)*)C(C)(C)C,CCN(CCO[*])CC(OC(=O)[*])C(C)(C)C,[*]CCOC(=O)OC(CN([*])CC)C(C)(C)C,2.96e-05,-4.528708288941061,1,-4.430257797241211
24643,CCC(CNC(C)CCCCN*)OC(=O)*,CCC(CNC(C)CCCCN[*])OC(=O)[*],[*]CNC(C)CCCCNC(=O)OC([*])CC,3.29e-05,-4.482804102050026,3,-4.2324090003967285
24644,CCCCCN(CCOC(=O)*)CC(C)O*,CCCCCN(CCOC(=O)[*])CC(C)O[*],[*]CCOC(=O)OC(C)CN([*])CCCCC,8.34e-05,-4.078833949362261,1,-4.2377400398254395
24645,CC(C)C(CCOC(=O)*)NC(C)C(C)O*,CC(C)C(CCOC(=O)[*])NC(C)C(C)O[*],[*]CCOC(=O)OC(C)C(C)NC([*])C(C)C,2.54e-05,-4.5951662833800615,3,-4.422295093536377
24646,CC(CCSC(C)CO*)OC(=O)*,CC(CCSC(C)CO[*])OC(=O)[*],[*]CCSC(C)COC(=O)OC([*])C,5.91e-05,-4.228412519118745,2,-4.174074172973633
24647,CSCC(C)(CO*)COC(=O)*,CSCC(C)(CO[*])COC(=O)[*],[*]COC(=O)OCC([*])(C)CSC,2.92e-05,-4.534617148551582,2,-4.427639007568359
24648,O=C(*)NCCCCCCCCCCCO*,O=C([*])NCCCCCCCCCCCO[*],[*]NCCCCCCCCCCCOC([*])=O,6.01e-05,-4.221125527997261,2,-3.9901509284973145
24649,CC(C)N(C)CC(C)(CO*)COC(=O)*,CC(C)N(C)CC(C)(CO[*])COC(=O)[*],[*]COC(=O)OCC([*])(C)CN(C)C(C)C,1.51e-05,-4.82102305270683,1,-4.534135818481445
24650,CC(CCO*)NC(=O)CC(C)(C)NC(=O)*,CC(CCO[*])NC(=O)CC(C)(C)NC(=O)[*],[*]CCOC(=O)NC(C)(C)CC(=O)NC([*])C,2.69e-05,-4.570247719997592,3,-4.278923034667969
24651,CC(CN*)N(C)C(=O)CNC(=O)*,CC(CN[*])N(C)C(=O)CNC(=O)[*],[*]CNC(=O)NCC(=O)N(C)C([*])C,3.75e-05,-4.425968732272281,3,-4.344811916351318
24652,CCC(CNCC(OC(=O)*)C(C)(C)C)O*,CCC(CNCC(OC(=O)[*])C(C)(C)C)O[*],[*]CNCC(OC(=O)OC([*])CC)C(C)(C)C,6.6e-05,-4.180456064458132,2,-4.417701244354248
24653,CC(C)C(CN(C)CC(C)(C)OC(=O)*)O*,CC(C)C(CN(C)CC(C)(C)OC(=O)[*])O[*],[*]CN(C)CC(C)(C)OC(=O)OC([*])C(C)C,3.02e-05,-4.519993057042849,0,-4.557494163513184
24654,CCN(CCC(C)OC(=O)*)CC(C)(C)O*,CCN(CCC(C)OC(=O)[*])CC(C)(C)O[*],[*]CCC(C)OC(=O)OC(C)(C)CN([*])CC,1.81e-05,-4.7423214251308154,2,-4.293875694274902
24655,CCC(CC)(CNC(=O)*)CO*,CCC(CC)(CNC(=O)[*])CO[*],[*]CNC(=O)OCC([*])(CC)CC,3.44e-05,-4.46344155742847,1,-4.521866321563721
24656,CCC(CO*)NCC(OC(=O)*)C(C)C,CCC(CO[*])NCC(OC(=O)[*])C(C)C,[*]COC(=O)OC(CNC([*])CC)C(C)C,4.44e-05,-4.35261702988538,1,-4.428183078765869
24657,CCC(COC(=O)*)N(CC)CCO*,CCC(COC(=O)[*])N(CC)CCO[*],[*]COC(=O)OCCN(CC)C([*])CC,4.68e-05,-4.329754146925876,3,-4.221634387969971
24658,CCCC(CC)NC(CO*)COC(=O)*,CCCC(CC)NC(CO[*])COC(=O)[*],[*]COC(=O)OCC([*])NC(CC)CCC,3.12e-05,-4.505845405981558,2,-4.563797950744629
24659,CCN(CCCOC(=O)*)CC(C)N*,CCN(CCCOC(=O)[*])CC(C)N[*],[*]CCCOC(=O)NC(C)CN([*])CC,8.58e-05,-4.066512712151295,1,-4.0846405029296875
24660,CC(C)CC(CNC(C)C(C)OC(=O)*)O*,CC(C)CC(CNC(C)C(C)OC(=O)[*])O[*],[*]CNC(C)C(C)OC(=O)OC([*])CC(C)C,3.86e-05,-4.413412695328245,1,-4.405400276184082
24661,COC(CNC(=O)*)C(=O)N(C)CCCO*,COC(CNC(=O)[*])C(=O)N(C)CCCO[*],[*]CNC(=O)OCCCN(C)C(=O)C([*])OC,6.93e-05,-4.159266765388193,1,-4.278885364532471
24662,CCC(NCC(COC(=O)*)O*)C(=O)OC,CCC(NCC(COC(=O)[*])O[*])C(=O)OC,[*]COC(=O)OC([*])CNC(CC)C(=O)OC,4.19e-05,-4.377785977033705,0,-4.290987968444824
24663,CC(C)C(CNCCCCOC(=O)*)O*,CC(C)C(CNCCCCOC(=O)[*])O[*],[*]CNCCCCOC(=O)OC([*])C(C)C,6.01e-05,-4.221125527997261,2,-4.273158550262451
24664,CC(CCCCO*)NC(C)COC(=O)*,CC(CCCCO[*])NC(C)COC(=O)[*],[*]CCCCOC(=O)OCC(C)NC([*])C,6.87e-05,-4.16304326294045,2,-4.204237461090088
24665,CC(NCC(C)(C)CCOC(=O)*)C(C)O*,CC(NCC(C)(C)CCOC(=O)[*])C(C)O[*],[*]NCC(C)(C)CCOC(=O)OC(C)C([*])C,4.98e-05,-4.302770657240282,1,-4.478276252746582
24666,CC(C)(C)C(CCOC(=O)*)NCCO*,CC(C)(C)C(CCOC(=O)[*])NCCO[*],[*]CCOC(=O)OCCNC([*])C(C)(C)C,2.72e-05,-4.565431095965801,1,-4.3231282234191895
24667,CC(CN(C)CC(C)(C)OC(=O)*)N*,CC(CN(C)CC(C)(C)OC(=O)[*])N[*],[*]CN(C)CC(C)(C)OC(=O)NC([*])C,4.01e-05,-4.396855627379818,3,-4.304877281188965
24668,CC(C)(C)C(CCOC(=O)*)NCCCO*,CC(C)(C)C(CCOC(=O)[*])NCCCO[*],[*]CCOC(=O)OCCCNC([*])C(C)(C)C,5.88e-05,-4.230622673923862,2,-4.371936321258545
24669,CCC(CO*)NC(C)CCCCOC(=O)*,CCC(CO[*])NC(C)CCCCOC(=O)[*],[*]COC(=O)OCCCCC(C)NC([*])CC,5.47e-05,-4.262012673666569,0,-4.176474571228027
24670,CC(C)CCN(C)CC(COC(=O)*)O*,CC(C)CCN(C)CC(COC(=O)[*])O[*],[*]COC(=O)OC([*])CN(C)CCC(C)C,8.79e-05,-4.056011124926228,1,-4.18156099319458
24671,CC(CO*)CC(C)COC(=O)*,CC(CO[*])CC(C)COC(=O)[*],[*]COC(=O)OCC(C)CC([*])C,4.26e-05,-4.370590400897281,2,-4.384961128234863
24672,CCOCC(=O)N(C)CC(CO*)OC(=O)*,CCOCC(=O)N(C)CC(CO[*])OC(=O)[*],[*]COC(=O)OC([*])CN(C)C(=O)COCC,6.63e-05,-4.178486471595227,3,-4.304364204406738
24673,CNC(=O)CCN(C)CC(CO*)OC(=O)*,CNC(=O)CCN(C)CC(CO[*])OC(=O)[*],[*]COC(=O)OC([*])CN(C)CCC(=O)NC,5.89e-05,-4.229884705212898,3,-4.038585186004639
24674,COC(=O)C(CNCCCCO*)OC(=O)*,COC(=O)C(CNCCCCO[*])OC(=O)[*],[*]CNCCCCOC(=O)OC([*])C(=O)OC,9e-05,-4.045757490560675,1,-4.1532087326049805
24675,COC(=O)CN(CCCO*)CCOC(=O)*,COC(=O)CN(CCCO[*])CCOC(=O)[*],[*]CCCOC(=O)OCCN([*])CC(=O)OC,0.00011,-3.958607314841775,1,-3.991004467010498
24676,COC(CNC(=O)*)C(=O)NC(C)(C)CN*,COC(CNC(=O)[*])C(=O)NC(C)(C)CN[*],[*]CNC(=O)NCC(C)(C)NC(=O)C([*])OC,6.65e-05,-4.1771783546968955,0,-4.4019904136657715
24677,C=C(F)C(=O)NCC(COC(=O)*)O*,C=C(F)C(=O)NCC(COC(=O)[*])O[*],[*]COC(=O)OC([*])CNC(=O)C(=C)F,6.01e-05,-4.221125527997261,3,-4.222628116607666
24678,CC(=O)OCC(COC(=O)*)NC(=O)CO*,CC(=O)OCC(COC(=O)[*])NC(=O)CO[*],[*]COC(=O)OCC(=O)NC([*])COC(C)=O,7.39e-05,-4.131355561605174,1,-4.268182277679443
24679,CNCCCC(=O)NCC(CNC(=O)*)O*,CNCCCC(=O)NCC(CNC(=O)[*])O[*],[*]CNC(=O)OC([*])CNC(=O)CCCNC,8e-05,-4.096910013008056,3,-4.105506420135498
24680,COCCCNC(=O)CC(CN*)OC(=O)*,COCCCNC(=O)CC(CN[*])OC(=O)[*],[*]CNC(=O)OC([*])CC(=O)NCCCOC,0.000118,-3.9281179926938745,0,-4.0075178146362305
24681,CN(C)CC(CO*)NC(=O)COC(=O)*,CN(C)CC(CO[*])NC(=O)COC(=O)[*],[*]COC(=O)OCC(=O)NC([*])CN(C)C,6.56e-05,-4.1830961606243395,1,-4.274429798126221
24682,COC(CN*)C(=O)NCC(C)(C)NC(=O)*,COC(CN[*])C(=O)NCC(C)(C)NC(=O)[*],[*]CNC(=O)NC(C)(C)CNC(=O)C([*])OC,4.5e-05,-4.346787486224656,1,-4.254218578338623
24683,CCC(NC)C(=O)NCC(CO*)OC(=O)*,CCC(NC)C(=O)NCC(CO[*])OC(=O)[*],[*]COC(=O)OC([*])CNC(=O)C(CC)NC,5.78e-05,-4.2380721615794705,1,-4.220736980438232
24684,O=C(NCC(F)F)NC(CO*)COC(=O)*,O=C(NCC(F)F)NC(CO[*])COC(=O)[*],[*]COC(=O)OCC([*])NC(=O)NCC(F)F,7.26e-05,-4.139063379299906,1,-4.118319988250732
24685,CC(CNS(=O)(=O)CCN*)OC(=O)*,CC(CNS(=O)(=O)CCN[*])OC(=O)[*],[*]CNS(=O)(=O)CCNC(=O)OC([*])C,2.94e-05,-4.531652669587842,1,-4.283474445343018
24686,COC(=O)C(COC(=O)*)NCC(C)(C)O*,COC(=O)C(COC(=O)[*])NCC(C)(C)O[*],[*]COC(=O)OC(C)(C)CNC([*])C(=O)OC,2.78e-05,-4.555955204081924,3,-4.400435924530029
24687,CCCN(CC(N)=O)CC(COC(=O)*)O*,CCCN(CC(N)=O)CC(COC(=O)[*])O[*],[*]COC(=O)OC([*])CN(CCC)CC(N)=O,8.32e-05,-4.079876673709276,2,-3.947077989578247
24688,CC(=O)NCCN(C)CC(CO*)OC(=O)*,CC(=O)NCCN(C)CC(CO[*])OC(=O)[*],[*]COC(=O)OC([*])CN(C)CCNC(C)=O,6.03e-05,-4.219682687859849,2,-4.028839111328125
24689,CNC(=S)NCC(CO*)OC(=O)*,CNC(=S)NCC(CO[*])OC(=O)[*],[*]COC(=O)OC([*])CNC(=S)NC,5.16e-05,-4.287350298372789,1,-4.381902694702148
24690,COC(=O)CN(C)CC(OC(=O)*)C(C)O*,COC(=O)CN(C)CC(OC(=O)[*])C(C)O[*],[*]OC(=O)OC(C)C([*])CN(C)CC(=O)OC,8.76e-05,-4.057495893831919,2,-4.2637200355529785
24691,CC(=O)CN(C)C(=O)CC(CN*)OC(=O)*,CC(=O)CN(C)C(=O)CC(CN[*])OC(=O)[*],[*]CNC(=O)OC([*])CC(=O)N(C)CC(C)=O,5.49e-05,-4.260427655549908,1,-4.212282180786133
24692,CCOCCNC(=O)CC(CNC(=O)*)O*,CCOCCNC(=O)CC(CNC(=O)[*])O[*],[*]CNC(=O)OC([*])CC(=O)NCCOCC,4.74e-05,-4.324221658325915,0,-4.0578932762146
24693,CCC(COC)NC(=O)C(CO*)NC(=O)*,CCC(COC)NC(=O)C(CO[*])NC(=O)[*],[*]COC(=O)NC([*])C(=O)NC(CC)COC,7.87e-05,-4.104025267640935,1,-4.251309871673584
24694,COCC(C)(OC(=O)*)C(=O)NCCCO*,COCC(C)(OC(=O)[*])C(=O)NCCCO[*],[*]OC(=O)OCCCNC(=O)C([*])(C)COC,7.28e-05,-4.137868620686963,2,-4.136380195617676
24695,CCN(CCNC(=O)*)C(=O)C(CN*)OC,CCN(CCNC(=O)[*])C(=O)C(CN[*])OC,[*]CCNC(=O)NCC(OC)C(=O)N([*])CC,6.12e-05,-4.213248577854439,2,-4.316371440887451
24696,O=C(CNCCN*)NCC(CF)OC(=O)*,O=C(CNCCN[*])NCC(CF)OC(=O)[*],[*]CNCCNC(=O)OC(CF)CNC([*])=O,0.000112,-3.9507819773298185,2,-3.9398579597473145
24697,COC(C)C(=O)N(C)CC(COC(=O)*)O*,COC(C)C(=O)N(C)CC(COC(=O)[*])O[*],[*]COC(=O)OC([*])CN(C)C(=O)C(C)OC,4.68e-05,-4.329754146925876,2,-4.245224475860596
24698,CC(CN(C)C(=O)COCCNC(=O)*)N*,CC(CN(C)C(=O)COCCNC(=O)[*])N[*],[*]CN(C)C(=O)COCCNC(=O)NC([*])C,7.98e-05,-4.09799710864927,0,-4.176760673522949
24699,C=C(N)C(=O)NCC(COC(=O)*)O*,C=C(N)C(=O)NCC(COC(=O)[*])O[*],[*]COC(=O)OC([*])CNC(=O)C(=C)N,6.51e-05,-4.186419011431808,1,-4.182665824890137
24700,CNC(=O)C(=O)N(C)CC(COC(=O)*)O*,CNC(=O)C(=O)N(C)CC(COC(=O)[*])O[*],[*]COC(=O)OC([*])CN(C)C(=O)C(=O)NC,5.61e-05,-4.251037138743839,0,-4.327701091766357
24701,CCC(CNCC(=O)NCCO*)OC(=O)*,CCC(CNCC(=O)NCCO[*])OC(=O)[*],[*]CNCC(=O)NCCOC(=O)OC([*])CC,0.000122,-3.9136401693252516,3,-3.98093843460083
24702,CC(CN(C)C(=O)CN*)NC(=O)*,CC(CN(C)C(=O)CN[*])NC(=O)[*],[*]CN(C)C(=O)CNC(=O)NC([*])C,5.53e-05,-4.257274868695302,2,-4.411661148071289
24703,CC(OC(=O)*)C(CN(C)CCC(N)=O)O*,CC(OC(=O)[*])C(CN(C)CCC(N)=O)O[*],[*]OC(=O)OC(CN(C)CCC(N)=O)C([*])C,0.00012,-3.9208187539523753,0,-4.111082077026367
24704,COCC(N*)C(=O)N(C)C(C)CNC(=O)*,COCC(N[*])C(=O)N(C)C(C)CNC(=O)[*],[*]NC(=O)NCC(C)N(C)C(=O)C([*])COC,4.2e-05,-4.376750709602099,3,-4.312288761138916
24705,CC(=O)OCC(N*)C(=O)NCCNC(=O)*,CC(=O)OCC(N[*])C(=O)NCCNC(=O)[*],[*]NC(=O)NCCNC(=O)C([*])COC(C)=O,8.79e-05,-4.056011124926228,1,-4.284235000610352
24706,O=C(*)NCCNC(=O)C(N*)C(F)(F)F,O=C([*])NCCNC(=O)C(N[*])C(F)(F)F,[*]NCCNC(=O)C(NC([*])=O)C(F)(F)F,5.77e-05,-4.238824186844268,3,-4.192610740661621
24707,CN(CCN*)C(=O)COCCNC(=O)*,CN(CCN[*])C(=O)COCCNC(=O)[*],[*]CCNC(=O)NCCOCC(=O)N([*])C,9.3e-05,-4.031517051446065,0,-4.017051696777344
24708,CC(C)OCC(=O)NCC(CNC(=O)*)O*,CC(C)OCC(=O)NCC(CNC(=O)[*])O[*],[*]CNC(=O)OC([*])CNC(=O)COC(C)C,5.03e-05,-4.298432014944073,0,-4.190759658813477
24709,CN(C)C(=O)C(CCN*)NC(=O)*,CN(C)C(=O)C(CCN[*])NC(=O)[*],[*]CCNC(=O)NC([*])C(=O)N(C)C,5.32e-05,-4.274088367704952,1,-4.3183393478393555
24710,COC(=O)CNC(=O)CC(CN*)OC(=O)*,COC(=O)CNC(=O)CC(CN[*])OC(=O)[*],[*]CNC(=O)OC([*])CC(=O)NCC(=O)OC,4.61e-05,-4.336299074610352,2,-4.122676372528076
24711,CC(CNC(COC(=O)*)CN(C)C)O*,CC(CNC(COC(=O)[*])CN(C)C)O[*],[*]CNC(COC(=O)OC([*])C)CN(C)C,7.17e-05,-4.1444808443322,3,-4.167899131774902
24712,O=C(CO*)NCCCNC(=O)COC(=O)*,O=C(CO[*])NCCCNC(=O)COC(=O)[*],[*]COC(=O)OCC(=O)NCCCNC([*])=O,7.43e-05,-4.129011186239425,2,-4.006175518035889
24713,CNCCNC(=O)C(CN*)NC(=O)*,CNCCNC(=O)C(CN[*])NC(=O)[*],[*]CNC(=O)NC([*])C(=O)NCCNC,5.52e-05,-4.2580609222708015,3,-4.173601150512695
24714,O=C(*)NC(C(=O)NCCO*)C(F)(F)F,O=C([*])NC(C(=O)NCCO[*])C(F)(F)F,[*]NC(C(=O)NCCOC([*])=O)C(F)(F)F,4.83e-05,-4.316052869248487,0,-4.213677883148193
24715,O=C(COC(F)F)NC(CO*)COC(=O)*,O=C(COC(F)F)NC(CO[*])COC(=O)[*],[*]COC(=O)OCC([*])NC(=O)COC(F)F,3.81e-05,-4.419075024324381,3,-4.221315860748291
24716,COCC(O*)C(=O)OCC(C)OC(=O)*,COCC(O[*])C(=O)OCC(C)OC(=O)[*],[*]OC(=O)OC(C)COC(=O)C([*])COC,5.17e-05,-4.286509456906058,2,-4.262115955352783
24717,COCC(C)(OC(=O)*)C(=O)NCCO*,COCC(C)(OC(=O)[*])C(=O)NCCO[*],[*]OC(=O)OCCNC(=O)C([*])(C)COC,6.25e-05,-4.204119982655925,0,-4.1756062507629395
24718,CC(CN(C)C(=O)CNCCN*)NC(=O)*,CC(CN(C)C(=O)CNCCN[*])NC(=O)[*],[*]CN(C)C(=O)CNCCNC(=O)NC([*])C,4.95e-05,-4.305394801066432,3,-4.125056266784668
24719,COCC(O*)C(=O)OCCOC(=O)*,COCC(O[*])C(=O)OCCOC(=O)[*],[*]OC(=O)OCCOC(=O)C([*])COC,6.87e-05,-4.16304326294045,1,-4.183627128601074
24720,COCC(NC(=O)*)C(=O)N(C)CCCN*,COCC(NC(=O)[*])C(=O)N(C)CCCN[*],[*]NC(=O)NCCCN(C)C(=O)C([*])COC,6.36e-05,-4.196542884351586,1,-4.331820011138916
24721,COC(=O)C(NCC(C)O*)C(C)OC(=O)*,COC(=O)C(NCC(C)O[*])C(C)OC(=O)[*],[*]NCC(C)OC(=O)OC(C)C([*])C(=O)OC,3.27e-05,-4.485452247339714,0,-4.437125205993652
24722,CC(CC(=O)NCC(=O)CCOC(=O)*)O*,CC(CC(=O)NCC(=O)CCOC(=O)[*])O[*],[*]CC(=O)NCC(=O)CCOC(=O)OC([*])C,6.27e-05,-4.202732459169283,3,-4.247480869293213
24723,CN(C)CCNC(=O)C(CCNC(=O)*)N*,CN(C)CCNC(=O)C(CCNC(=O)[*])N[*],[*]CCNC(=O)NC([*])C(=O)NCCN(C)C,5.67e-05,-4.246416941107094,2,-4.117217540740967
24724,CCOC(=O)C(COC(=O)*)NCC(C)O*,CCOC(=O)C(COC(=O)[*])NCC(C)O[*],[*]COC(=O)OC(C)CNC([*])C(=O)OCC,3.5e-05,-4.455931955649724,2,-4.223731517791748
24725,CCN(CCNC(=O)*)C(=O)NCCN*,CCN(CCNC(=O)[*])C(=O)NCCN[*],[*]CCNC(=O)NCCNC(=O)N([*])CC,4.32e-05,-4.364516253185088,1,-4.22147798538208
24726,CNC(=S)NC(CO*)COC(=O)*,CNC(=S)NC(CO[*])COC(=O)[*],[*]COC(=O)OCC([*])NC(=S)NC,4.54e-05,-4.342944147142896,1,-4.415413856506348
24727,CCN(CC(=O)NC)CC(COC(=O)*)O*,CCN(CC(=O)NC)CC(COC(=O)[*])O[*],[*]COC(=O)OC([*])CN(CC)CC(=O)NC,6.11e-05,-4.213958789757446,0,-3.968505859375
24728,CNC(=O)CNC(=O)CC(CNC(=O)*)O*,CNC(=O)CNC(=O)CC(CNC(=O)[*])O[*],[*]CNC(=O)OC([*])CC(=O)NCC(=O)NC,9.16e-05,-4.03810452633215,1,-4.227293014526367
24729,CONC(=O)C(O*)C(C)(C)OC(=O)*,CONC(=O)C(O[*])C(C)(C)OC(=O)[*],[*]OC(=O)OC(C)(C)C([*])C(=O)NOC,4.35e-05,-4.361510743045363,0,-4.420784950256348
24730,COCC(CNCC(O*)C(=O)O)OC(=O)*,COCC(CNCC(O[*])C(=O)O)OC(=O)[*],[*]CNCC(OC(=O)OC([*])COC)C(=O)O,6.74e-05,-4.17134010346468,2,-4.201397895812988
24731,COCCCC(=O)NCC(CN*)OC(=O)*,COCCCC(=O)NCC(CN[*])OC(=O)[*],[*]CNC(=O)OC([*])CNC(=O)CCCOC,0.000135,-3.869666231504994,0,-3.9818174839019775
24732,COCC(CCNC(=O)C(C)O*)OC(=O)*,COCC(CCNC(=O)C(C)O[*])OC(=O)[*],[*]CCNC(=O)C(C)OC(=O)OC([*])COC,7.66e-05,-4.115771230367396,2,-4.137730598449707
24733,CC(C)(CNC(=O)CO*)OCCOC(=O)*,CC(C)(CNC(=O)CO[*])OCCOC(=O)[*],[*]CNC(=O)COC(=O)OCCOC([*])(C)C,5.76e-05,-4.239577516576788,2,-4.0420989990234375
24734,CCC(COC)NC(=O)C(CNC(=O)*)N*,CCC(COC)NC(=O)C(CNC(=O)[*])N[*],[*]CNC(=O)NC([*])C(=O)NC(CC)COC,7.41e-05,-4.130181792020672,0,-4.231259822845459
24735,COC(=O)C(CNCCC(C)OC(=O)*)O*,COC(=O)C(CNCCC(C)OC(=O)[*])O[*],[*]CNCCC(C)OC(=O)OC([*])C(=O)OC,5.87e-05,-4.231361898752385,3,-4.264821529388428
24736,COCC(=O)NC(COC(=O)*)C(C)O*,COCC(=O)NC(COC(=O)[*])C(C)O[*],[*]COC(=O)OC(C)C([*])NC(=O)COC,6.79e-05,-4.168130225719499,2,-4.133233547210693
24737,N=CNC(=O)CC(CNC(=O)*)O*,N=CNC(=O)CC(CNC(=O)[*])O[*],[*]CNC(=O)OC([*])CC(=O)NC=N,4.92e-05,-4.308034897232639,0,-4.341132164001465
24738,COC(C)C(=O)NC(COC(=O)*)C(C)O*,COC(C)C(=O)NC(COC(=O)[*])C(C)O[*],[*]COC(=O)OC(C)C([*])NC(=O)C(C)OC,4.11e-05,-4.386158178123931,1,-4.295553207397461
24739,CC(=O)CN(C)C(=O)C(CN*)NC(=O)*,CC(=O)CN(C)C(=O)C(CN[*])NC(=O)[*],[*]CNC(=O)NC([*])C(=O)N(C)CC(C)=O,3.37e-05,-4.4723700991286615,0,-4.253195285797119
24740,CONC(=O)CC(CNC(=O)*)O*,CONC(=O)CC(CNC(=O)[*])O[*],[*]CNC(=O)OC([*])CC(=O)NOC,6.44e-05,-4.1911141326401875,2,-4.244274616241455
24741,CNC(=O)C(=O)NC(CO*)COC(=O)*,CNC(=O)C(=O)NC(CO[*])COC(=O)[*],[*]COC(=O)OCC([*])NC(=O)C(=O)NC,5.31e-05,-4.274905478918531,3,-4.330726146697998
24742,COCC(COC(=O)*)NC(=O)CCO*,COCC(COC(=O)[*])NC(=O)CCO[*],[*]COC(=O)OCCC(=O)NC([*])COC,8e-05,-4.096910013008056,2,-4.1092095375061035
24743,COCC(COC(=O)*)NC(=O)C(C)(C)O*,COCC(COC(=O)[*])NC(=O)C(C)(C)O[*],[*]COC(=O)OC(C)(C)C(=O)NC([*])COC,4.82e-05,-4.31695296176115,1,-4.241580009460449
24744,COC(=O)C(CCNC(=O)COC(=O)*)O*,COC(=O)C(CCNC(=O)COC(=O)[*])O[*],[*]CCNC(=O)COC(=O)OC([*])C(=O)OC,9.62e-05,-4.016824927962187,1,-4.25162935256958
24745,N=CNC(=O)C(CNC(=O)*)N*,N=CNC(=O)C(CNC(=O)[*])N[*],[*]CNC(=O)NC([*])C(=O)NC=N,6.57e-05,-4.182434630440219,3,-4.368806838989258
24746,CC(NC(=O)*)C(=O)NCC=CCO*,CC(NC(=O)[*])C(=O)NCC=CCO[*],[*]NC(=O)OCC=CCNC(=O)C([*])C,4.49e-05,-4.347753658996677,1,-4.215126991271973
24747,CNCCNC(=O)C(CCCNC(=O)*)N*,CNCCNC(=O)C(CCCNC(=O)[*])N[*],[*]CCCNC(=O)NC([*])C(=O)NCCNC,7.14e-05,-4.146301788223826,1,-4.085270404815674
24748,CN(CC(N)=O)C(=O)CC(CN*)OC(=O)*,CN(CC(N)=O)C(=O)CC(CN[*])OC(=O)[*],[*]CNC(=O)OC([*])CC(=O)N(C)CC(N)=O,7.41e-05,-4.130181792020672,0,-4.131247520446777
24749,COCC(CNC(=O)CCOC(=O)*)O*,COCC(CNC(=O)CCOC(=O)[*])O[*],[*]CNC(=O)CCOC(=O)OC([*])COC,8.62e-05,-4.064492734175287,3,-4.0618767738342285
24750,CCC(CO*)(COC(=O)*)NC(=O)C(N)=O,CCC(CO[*])(COC(=O)[*])NC(=O)C(N)=O,[*]COC(=O)OCC([*])(CC)NC(=O)C(N)=O,5.66e-05,-4.247183568811729,0,-4.377474784851074
24751,CCOCC(=O)NCC(CN*)OC(=O)*,CCOCC(=O)NCC(CN[*])OC(=O)[*],[*]CNC(=O)OC([*])CNC(=O)COCC,6.16e-05,-4.210419287835575,1,-4.074528217315674
24752,CCNC(C)C(=O)NCC(CO*)OC(=O)*,CCNC(C)C(=O)NCC(CO[*])OC(=O)[*],[*]COC(=O)OC([*])CNC(=O)C(C)NCC,6.82e-05,-4.166215625343521,3,-4.378152847290039
24753,NC(=O)CCNC(=O)CC(CN*)OC(=O)*,NC(=O)CCNC(=O)CC(CN[*])OC(=O)[*],[*]CNC(=O)OC([*])CC(=O)NCCC(N)=O,6.03e-05,-4.219682687859849,2,-3.9706664085388184
24754,CC(N*)C(=O)N(C)CCOCCNC(=O)*,CC(N[*])C(=O)N(C)CCOCCNC(=O)[*],[*]NC(=O)NCCOCCN(C)C(=O)C([*])C,4.42e-05,-4.354577730650908,3,-4.19059419631958
24755,CN(C)CCNC(=O)CC(CNC(=O)*)O*,CN(C)CCNC(=O)CC(CNC(=O)[*])O[*],[*]CNC(=O)OC([*])CC(=O)NCCN(C)C,5.78e-05,-4.2380721615794705,2,-4.080812454223633
24756,CCN(CCC(N)=O)CC(CO*)OC(=O)*,CCN(CCC(N)=O)CC(CO[*])OC(=O)[*],[*]COC(=O)OC([*])CN(CC)CCC(N)=O,9.03e-05,-4.044312249686494,3,-4.0220489501953125
24757,CC(CCNC(=O)*)NC(=O)COCCN*,CC(CCNC(=O)[*])NC(=O)COCCN[*],[*]CCNC(=O)NCCOCC(=O)NC([*])C,6.56e-05,-4.1830961606243395,0,-4.060031414031982
24758,CN(CCCN*)C(=O)COCCNC(=O)*,CN(CCCN[*])C(=O)COCCNC(=O)[*],[*]CCCNC(=O)NCCOCC(=O)N([*])C,0.000132,-3.87942606879415,2,-3.9797229766845703
24759,COCC=CC(=O)NC(CO*)COC(=O)*,COCC=CC(=O)NC(CO[*])COC(=O)[*],[*]COC(=O)OCC([*])NC(=O)C=CCOC,0.000114,-3.9430951486635273,3,-4.176324367523193
24760,COCC(C)(CO*)NC(=O)C(C)NC(=O)*,COCC(C)(CO[*])NC(=O)C(C)NC(=O)[*],[*]COC(=O)NC(C)C(=O)NC([*])(C)COC,6.53e-05,-4.185086818724926,3,-4.333186149597168
24761,COC(C)C(=O)NCC(CN*)OC(=O)*,COC(C)C(=O)NCC(CN[*])OC(=O)[*],[*]CNC(=O)OC([*])CNC(=O)C(C)OC,3.54e-05,-4.450996737974212,2,-4.165026664733887
24762,CC(=O)OCC(NC(=O)*)C(=O)NCCO*,CC(=O)OCC(NC(=O)[*])C(=O)NCCO[*],[*]NC(=O)OCCNC(=O)C([*])COC(C)=O,3.15e-05,-4.501689446210399,2,-4.246079444885254
24763,NC(=O)CCNC(=O)C(CN*)NC(=O)*,NC(=O)CCNC(=O)C(CN[*])NC(=O)[*],[*]CNC(=O)NC([*])C(=O)NCCC(N)=O,6.55e-05,-4.183758700008217,0,-4.081907749176025
24764,CCNC(=O)CN(CCN*)CCOC(=O)*,CCNC(=O)CN(CCN[*])CCOC(=O)[*],[*]CCNC(=O)OCCN([*])CC(=O)NCC,7.84e-05,-4.105683937315562,1,-3.959958076477051
24765,CC(CN*)CNC(=O)COCCNC(=O)*,CC(CN[*])CNC(=O)COCCNC(=O)[*],[*]CNC(=O)COCCNC(=O)NCC([*])C,7.15e-05,-4.145693958198919,2,-3.968827247619629
24766,O=C(*)NCCC(=O)NCC=CCO*,O=C([*])NCCC(=O)NCC=CCO[*],[*]CCNC(=O)OCC=CCNC([*])=O,7.55e-05,-4.1220530483708115,3,-4.18789005279541
24767,CC(N*)C(=O)NC(COC(=O)*)CN(C)C,CC(N[*])C(=O)NC(COC(=O)[*])CN(C)C,[*]NC(=O)OCC(CN(C)C)NC(=O)C([*])C,7.32e-05,-4.135488918941608,3,-4.238417625427246
24768,COCC(C)(CNC(=O)C(C)NC(=O)*)O*,COCC(C)(CNC(=O)C(C)NC(=O)[*])O[*],[*]CNC(=O)C(C)NC(=O)OC([*])(C)COC,4.92e-05,-4.308034897232639,1,-4.280989646911621
24769,O=C(CCOC(=O)*)NCC(CF)O*,O=C(CCOC(=O)[*])NCC(CF)O[*],[*]CCOC(=O)OC(CF)CNC([*])=O,5.85e-05,-4.23284413391782,3,-4.069380283355713
24770,NC(=O)CNC(=O)CC(CNC(=O)*)O*,NC(=O)CNC(=O)CC(CNC(=O)[*])O[*],[*]CNC(=O)OC([*])CC(=O)NCC(N)=O,4.92e-05,-4.308034897232639,1,-4.15768575668335
24771,O=C(NCC(F)F)NCC(COC(=O)*)O*,O=C(NCC(F)F)NCC(COC(=O)[*])O[*],[*]COC(=O)OC([*])CNC(=O)NCC(F)F,0.000106,-3.9746941347352296,2,-3.978278398513794
24772,COCC(C)NC(=O)CC(CNC(=O)*)O*,COCC(C)NC(=O)CC(CNC(=O)[*])O[*],[*]CNC(=O)OC([*])CC(=O)NC(C)COC,8.34e-05,-4.078833949362261,3,-4.126826763153076
24773,CC(CNCC(O*)C(=O)O)OC(=O)*,CC(CNCC(O[*])C(=O)O)OC(=O)[*],[*]CNCC(OC(=O)OC([*])C)C(=O)O,3.99e-05,-4.399027104313252,2,-4.351962089538574
24774,COC(=O)C(CNC(C)CCOC(=O)*)O*,COC(=O)C(CNC(C)CCOC(=O)[*])O[*],[*]CNC(C)CCOC(=O)OC([*])C(=O)OC,5.04e-05,-4.297569463554475,3,-4.129230976104736
24775,COC(CN*)C(=O)NCC=CCOC(=O)*,COC(CN[*])C(=O)NCC=CCOC(=O)[*],[*]CNC(=O)OCC=CCNC(=O)C([*])OC,9.81e-05,-4.008330992620052,2,-4.260095596313477
24776,COC(CN(C)CC(CO*)OC(=O)*)OC,COC(CN(C)CC(CO[*])OC(=O)[*])OC,[*]COC(=O)OC([*])CN(C)CC(OC)OC,0.000161,-3.7931741239681505,3,-4.236669540405273
24777,COCCOC(=O)NCC(COC(=O)*)O*,COCCOC(=O)NCC(COC(=O)[*])O[*],[*]COC(=O)OC([*])CNC(=O)OCCOC,5.69e-05,-4.244887733604929,3,-4.053353786468506
24778,CNC(=O)C(=O)NCC(O*)C(C)OC(=O)*,CNC(=O)C(=O)NCC(O[*])C(C)OC(=O)[*],[*]OC(=O)OC(C)C([*])CNC(=O)C(=O)NC,4.94e-05,-4.306273051076353,3,-4.278348445892334
24779,COCCCN(C)C(=O)C(CO*)NC(=O)*,COCCCN(C)C(=O)C(CO[*])NC(=O)[*],[*]COC(=O)NC([*])C(=O)N(C)CCCOC,4.48e-05,-4.348721986001856,0,-4.197159290313721
24780,O=C(*)OCCN(CCN*)C(=O)C(=O)O,O=C([*])OCCN(CCN[*])C(=O)C(=O)O,[*]NCCN(CCOC([*])=O)C(=O)C(=O)O,4.92e-05,-4.308034897232639,1,-4.268247127532959
24781,CNC(=O)C(OC(=O)*)C(C)(C)O*,CNC(=O)C(OC(=O)[*])C(C)(C)O[*],[*]OC(=O)OC(C)(C)C([*])C(=O)NC,2.9e-05,-4.5376020021010435,0,-4.455559253692627
24782,CC(=O)OCC(=O)NCC(CO*)OC(=O)*,CC(=O)OCC(=O)NCC(CO[*])OC(=O)[*],[*]COC(=O)OC([*])CNC(=O)COC(C)=O,0.000104,-3.9829666607012197,0,-4.187438488006592
24783,NC(=O)CNC(=O)C(CCNC(=O)*)N*,NC(=O)CNC(=O)C(CCNC(=O)[*])N[*],[*]CCNC(=O)NC([*])C(=O)NCC(N)=O,6.27e-05,-4.202732459169283,3,-4.174167633056641
24784,COC(=O)C(CNCC(C)O*)OC(=O)*,COC(=O)C(CNCC(C)O[*])OC(=O)[*],[*]CNCC(C)OC(=O)OC([*])C(=O)OC,4.01e-05,-4.396855627379818,0,-4.253389358520508
24785,CCOC(C)C(=O)NC(CO*)COC(=O)*,CCOC(C)C(=O)NC(CO[*])COC(=O)[*],[*]COC(=O)OCC([*])NC(=O)C(C)OCC,9.3e-05,-4.031517051446065,3,-4.340103626251221
24786,CCC(=O)C(=O)NC(CO*)C(C)OC(=O)*,CCC(=O)C(=O)NC(CO[*])C(C)OC(=O)[*],[*]COC(=O)OC(C)C([*])NC(=O)C(=O)CC,2.53e-05,-4.5968794788241825,3,-4.437751770019531
24787,CC(C)(O*)C(=O)NCC(=O)CCOC(=O)*,CC(C)(O[*])C(=O)NCC(=O)CCOC(=O)[*],[*]OC(=O)OCCC(=O)CNC(=O)C([*])(C)C,6.76e-05,-4.170053304058364,2,-4.177667617797852
24788,CCC(CN(CC)C(C)CO*)OC(=O)*,CCC(CN(CC)C(C)CO[*])OC(=O)[*],[*]CN(CC)C(C)COC(=O)OC([*])CC,4.49e-05,-4.347753658996677,0,-4.2570481300354
24789,COC(=O)C(CC(=O)NCCO*)NC(=O)*,COC(=O)C(CC(=O)NCCO[*])NC(=O)[*],[*]CC(=O)NCCOC(=O)NC([*])C(=O)OC,4.05e-05,-4.392544976785332,1,-4.337205410003662
24790,CC(OC(=O)*)C(=O)NC(CO*)CN(C)C,CC(OC(=O)[*])C(=O)NC(CO[*])CN(C)C,[*]OC(=O)OCC(CN(C)C)NC(=O)C([*])C,0.000117,-3.9318141382538383,3,-4.170286655426025
24791,COCCC(=O)NCC(CNC(=O)*)O*,COCCC(=O)NCC(CNC(=O)[*])O[*],[*]CNC(=O)OC([*])CNC(=O)CCOC,0.00013,-3.886056647693163,1,-4.093686103820801
24792,COCCNC(=O)C(NC(=O)*)C(C)O*,COCCNC(=O)C(NC(=O)[*])C(C)O[*],[*]NC(=O)OC(C)C([*])C(=O)NCCOC,6.52e-05,-4.185752404268079,1,-4.22665548324585
24793,CNCCNC(=O)CC(CNC(=O)*)O*,CNCCNC(=O)CC(CNC(=O)[*])O[*],[*]CNC(=O)OC([*])CC(=O)NCCNC,8.17e-05,-4.087777943467585,2,-4.06434440612793
24794,CCCCN(CC(C)O*)C(C)COC(=O)*,CCCCN(CC(C)O[*])C(C)COC(=O)[*],[*]CC(C)OC(=O)OCC(C)N([*])CCCC,2.06e-05,-4.686132779630847,2,-4.477230072021484
24795,CNC(=S)NC(C)(CO*)COC(=O)*,CNC(=S)NC(C)(CO[*])COC(=O)[*],[*]COC(=O)OCC([*])(C)NC(=S)NC,1.69e-05,-4.772113295386326,2,-4.502964973449707
24796,CCONC(=O)NC(C)(CO*)COC(=O)*,CCONC(=O)NC(C)(CO[*])COC(=O)[*],[*]COC(=O)OCC([*])(C)NC(=O)NOCC,6.45e-05,-4.1904402853647325,3,-4.328349590301514
24797,CCOC(=O)CN(CCNC(=O)*)CCO*,CCOC(=O)CN(CCNC(=O)[*])CCO[*],[*]CCNC(=O)OCCN([*])CC(=O)OCC,0.000114,-3.9430951486635273,1,-4.02743673324585
24798,CCOC(C)C(=O)NCC(CN*)OC(=O)*,CCOC(C)C(=O)NCC(CN[*])OC(=O)[*],[*]CNC(=O)OC([*])CNC(=O)C(C)OCC,0.000112,-3.9507819773298185,3,-4.219818592071533
24799,CNC(=O)CN(C)CC(CO*)OC(=O)*,CNC(=O)CN(C)CC(CO[*])OC(=O)[*],[*]COC(=O)OC([*])CN(C)CC(=O)NC,5.74e-05,-4.241088107602026,3,-4.090345859527588
24800,CC(=O)C(=O)N(C)CC(COC(=O)*)O*,CC(=O)C(=O)N(C)CC(COC(=O)[*])O[*],[*]COC(=O)OC([*])CN(C)C(=O)C(C)=O,4.46e-05,-4.350665141287858,0,-4.386510848999023
24801,CC(CNC(C)CCCCO*)COC(=O)*,CC(CNC(C)CCCCO[*])COC(=O)[*],[*]CNC(C)CCCCOC(=O)OCC([*])C,5.79e-05,-4.2373214362725635,3,-4.278487205505371
24802,CC(=O)C(=O)NC(CO*)C(C)OC(=O)*,CC(=O)C(=O)NC(CO[*])C(C)OC(=O)[*],[*]COC(=O)OC(C)C([*])NC(=O)C(C)=O,2.58e-05,-4.58838029403677,2,-4.313300609588623
24803,CC(C)(CNC(=O)*)NC(=O)COCCN*,CC(C)(CNC(=O)[*])NC(=O)COCCN[*],[*]CNC(=O)NCCOCC(=O)NC([*])(C)C,0.0001,-4.0,0,-4.096450328826904
24804,CCC(CNC(CO*)C(=O)NC)OC(=O)*,CCC(CNC(CO[*])C(=O)NC)OC(=O)[*],[*]CNC(COC(=O)OC([*])CC)C(=O)NC,4.15e-05,-4.3819519032879075,2,-4.309792518615723
24805,CC(CCOC(=O)*)NC(=O)CNCCN*,CC(CCOC(=O)[*])NC(=O)CNCCN[*],[*]CCOC(=O)NCCNCC(=O)NC([*])C,7.43e-05,-4.129011186239425,3,-4.116148948669434
24806,CC(COC(=O)*)NS(=O)(=O)CCN*,CC(COC(=O)[*])NS(=O)(=O)CCN[*],[*]COC(=O)NCCS(=O)(=O)NC([*])C,3.97e-05,-4.401209493236885,0,-4.391027927398682
24807,COC(CNC(=O)*)C(=O)NCC(C)CN*,COC(CNC(=O)[*])C(=O)NCC(C)CN[*],[*]CNC(=O)NCC(C)CNC(=O)C([*])OC,6.44e-05,-4.1911141326401875,3,-4.389430046081543
24808,NC(=O)C(NCC(COC(=O)*)O*)C(N)=O,NC(=O)C(NCC(COC(=O)[*])O[*])C(N)=O,[*]COC(=O)OC([*])CNC(C(N)=O)C(N)=O,5.56e-05,-4.2549252084179425,3,-4.163815975189209
24809,O=C(CCO*)CNC(=O)CCOC(=O)*,O=C(CCO[*])CNC(=O)CCOC(=O)[*],[*]CCOC(=O)OCCC(=O)NCC([*])=O,6.9e-05,-4.161150909262744,3,-4.0635480880737305
24810,CCCC(CC(=O)NCC(C)O*)OC(=O)*,CCCC(CC(=O)NCC(C)O[*])OC(=O)[*],[*]CC(=O)NCC(C)OC(=O)OC([*])CCC,4.08e-05,-4.38933983691012,2,-4.264512538909912
24811,COCNC(=S)NCC(CO*)OC(=O)*,COCNC(=S)NCC(CO[*])OC(=O)[*],[*]COC(=O)OC([*])CNC(=S)NCOC,5e-05,-4.301029995663981,0,-4.27461051940918
24812,COC(=O)C(CCO*)OCCNC(=O)*,COC(=O)C(CCO[*])OCCNC(=O)[*],[*]CCOC(=O)NCCOC([*])C(=O)OC,4.64e-05,-4.333482019445119,2,-4.1958184242248535
24813,CC(C)(CNC(=O)COCCNC(=O)*)N*,CC(C)(CNC(=O)COCCNC(=O)[*])N[*],[*]CNC(=O)COCCNC(=O)NC([*])(C)C,9.26e-05,-4.033389013318065,0,-4.069477558135986
24814,CC(CN(C)C)NC(=O)C(CNC(=O)*)N*,CC(CN(C)C)NC(=O)C(CNC(=O)[*])N[*],[*]CNC(=O)NC([*])C(=O)NC(C)CN(C)C,8.13e-05,-4.089909454405932,2,-4.113202095031738
24815,CN(C)CC(=O)NCC(CN*)OC(=O)*,CN(C)CC(=O)NCC(CN[*])OC(=O)[*],[*]CNC(=O)OC([*])CNC(=O)CN(C)C,8.25e-05,-4.0835460514500745,0,-4.053906440734863
24816,COC(OC)C(=O)NC(CO*)COC(=O)*,COC(OC)C(=O)NC(CO[*])COC(=O)[*],[*]COC(=O)OCC([*])NC(=O)C(OC)OC,4.66e-05,-4.33161408331,1,-4.194225788116455
24817,CCOC(=O)C(COC(=O)*)NC(=O)CO*,CCOC(=O)C(COC(=O)[*])NC(=O)CO[*],[*]COC(=O)OCC(=O)NC([*])C(=O)OCC,4.47e-05,-4.349692476868063,0,-4.219842910766602
24818,O=C(O)CCC(O*)C(=O)OCCOC(=O)*,O=C(O)CCC(O[*])C(=O)OCCOC(=O)[*],[*]OC(=O)OCCOC(=O)C([*])CCC(=O)O,5.65e-05,-4.247951552180561,0,-4.488581657409668
24819,CNC(=O)C(CNC(C)C(C)O*)OC(=O)*,CNC(=O)C(CNC(C)C(C)O[*])OC(=O)[*],[*]CNC(C)C(C)OC(=O)OC([*])C(=O)NC,5.64e-05,-4.248720896016658,1,-4.3297553062438965
24820,CN(CCO*)C(=O)CNCCCNC(=O)*,CN(CCO[*])C(=O)CNCCCNC(=O)[*],[*]CCOC(=O)NCCCNCC(=O)N([*])C,7.03e-05,-4.153044674980176,3,-4.00206184387207
24821,COCC(NC(=O)*)C(=O)NCC(C)CN*,COCC(NC(=O)[*])C(=O)NCC(C)CN[*],[*]NC(=O)NCC(C)CNC(=O)C([*])COC,4.81e-05,-4.317854923626168,0,-4.278022289276123
24822,CN(C)CC(NC(=O)*)C(=O)N(C)CCN*,CN(C)CC(NC(=O)[*])C(=O)N(C)CCN[*],[*]NC(=O)NCCN(C)C(=O)C([*])CN(C)C,6.56e-05,-4.1830961606243395,0,-4.25344181060791
24823,CC(O*)C(=O)NCCN(C)CCOC(=O)*,CC(O[*])C(=O)NCCN(C)CCOC(=O)[*],[*]OC(=O)OCCN(C)CCNC(=O)C([*])C,7.34e-05,-4.13430394008393,2,-4.068554401397705
24824,COCCCNC(=O)C(CCNC(=O)*)N*,COCCCNC(=O)C(CCNC(=O)[*])N[*],[*]CCNC(=O)NC([*])C(=O)NCCCOC,4.75e-05,-4.323306390375134,3,-4.045135498046875
24825,COC(CN*)CC(=O)NCC(C)NC(=O)*,COC(CN[*])CC(=O)NCC(C)NC(=O)[*],[*]CNC(=O)NC(C)CNC(=O)CC([*])OC,6.68e-05,-4.175223537524454,2,-4.357815742492676
24826,C=C(N)C(=O)NC(COC(=O)*)C(C)O*,C=C(N)C(=O)NC(COC(=O)[*])C(C)O[*],[*]COC(=O)OC(C)C([*])NC(=O)C(=C)N,5.57e-05,-4.2541448048262716,1,-4.2362060546875
24827,O=C(CNCCN*)NCCOC(=O)*,O=C(CNCCN[*])NCCOC(=O)[*],[*]CNCCNC(=O)OCCNC([*])=O,9.68e-05,-4.014124642691606,0,-3.833653450012207
24828,COC(=O)C(COC(=O)*)NCC(C)O*,COC(=O)C(COC(=O)[*])NCC(C)O[*],[*]COC(=O)OC(C)CNC([*])C(=O)OC,4.92e-05,-4.308034897232639,3,-4.278867721557617
24829,CCC(=O)C(=O)N(C)CC(CO*)OC(=O)*,CCC(=O)C(=O)N(C)CC(CO[*])OC(=O)[*],[*]COC(=O)OC([*])CN(C)C(=O)C(=O)CC,4.84e-05,-4.315154638355588,2,-4.467131614685059
24830,CN(CCOCCN*)C(=O)CNC(=O)*,CN(CCOCCN[*])C(=O)CNC(=O)[*],[*]CCOCCNC(=O)NCC(=O)N([*])C,9.35e-05,-4.029188389127483,1,-4.013565540313721
24831,CC(O*)C(COC(=O)*)NC(=O)C(=O)O,CC(O[*])C(COC(=O)[*])NC(=O)C(=O)O,[*]OC(=O)OCC(NC(=O)C(=O)O)C([*])C,4.28e-05,-4.368556230986828,2,-4.4003095626831055
24832,COC(CNC(=O)*)C(=O)N(C)CCCN*,COC(CNC(=O)[*])C(=O)N(C)CCCN[*],[*]CNC(=O)NCCCN(C)C(=O)C([*])OC,3.64e-05,-4.438898616350944,1,-4.291686534881592
24833,COCCC(C)(CNC(=O)COC(=O)*)O*,COCCC(C)(CNC(=O)COC(=O)[*])O[*],[*]CNC(=O)COC(=O)OC([*])(C)CCOC,5.61e-05,-4.251037138743839,1,-4.166576385498047
24834,CNCCC(=O)NC(CO*)C(C)OC(=O)*,CNCCC(=O)NC(CO[*])C(C)OC(=O)[*],[*]COC(=O)OC(C)C([*])NC(=O)CCNC,8.61e-05,-4.064996848546345,0,-4.360799312591553
24835,NOCCNC(=O)C(CN*)NC(=O)*,NOCCNC(=O)C(CN[*])NC(=O)[*],[*]CNC(=O)NC([*])C(=O)NCCON,0.000125,-3.9030899869919438,1,-4.163423538208008
24836,CCCC(CNCC(CF)OC(=O)*)O*,CCCC(CNCC(CF)OC(=O)[*])O[*],[*]CNCC(CF)OC(=O)OC([*])CCC,6.81e-05,-4.166852888087215,0,-4.265487194061279
24837,COCC(C)NC(=O)C(COC(=O)*)N*,COCC(C)NC(=O)C(COC(=O)[*])N[*],[*]COC(=O)NC([*])C(=O)NC(C)COC,6.41e-05,-4.193141970481182,2,-4.245426654815674
24838,CC(N*)C(=O)N(C)CCNC(=O)*,CC(N[*])C(=O)N(C)CCNC(=O)[*],[*]NC(=O)NCCN(C)C(=O)C([*])C,8.65e-05,-4.062983892535186,3,-4.2319841384887695
24839,COC(CN*)CC(=O)NC(C)CNC(=O)*,COC(CN[*])CC(=O)NC(C)CNC(=O)[*],[*]CNC(=O)NCC(C)NC(=O)CC([*])OC,3.7e-05,-4.431798275933005,0,-4.135859489440918
24840,CC=CCOC(=O)C(C)(CO*)COC(=O)*,CC=CCOC(=O)C(C)(CO[*])COC(=O)[*],[*]COC(=O)OCC([*])(C)C(=O)OCC=CC,3.89e-05,-4.410050398674293,2,-4.479655742645264
24841,CC(C)(COC(=O)*)ONC(=O)CO*,CC(C)(COC(=O)[*])ONC(=O)CO[*],[*]COC(=O)OCC(=O)NOC([*])(C)C,2.98e-05,-4.525783735923745,3,-4.2673187255859375
24842,CCCC(O*)C(COC(=O)*)NC(=O)CC,CCCC(O[*])C(COC(=O)[*])NC(=O)CC,[*]OC(=O)OCC(NC(=O)CC)C([*])CCC,5.82e-05,-4.235077015350112,0,-4.4124674797058105
24843,CCOCCC(=O)NCC(CNC(=O)*)O*,CCOCCC(=O)NCC(CNC(=O)[*])O[*],[*]CNC(=O)OC([*])CNC(=O)CCOCC,0.000105,-3.9788107009300617,3,-4.127750396728516
24844,CC(N*)C(=O)NCCN(C)CCNC(=O)*,CC(N[*])C(=O)NCCN(C)CCNC(=O)[*],[*]NC(=O)NCCN(C)CCNC(=O)C([*])C,6.96e-05,-4.157390760389438,2,-4.218583106994629
24845,CCN(CC(N)=O)CC(COC(=O)*)O*,CCN(CC(N)=O)CC(COC(=O)[*])O[*],[*]COC(=O)OC([*])CN(CC)CC(N)=O,9.4e-05,-4.026872146400302,0,-4.0324625968933105
24846,CCCOCCNC(=O)C(CN*)NC(=O)*,CCCOCCNC(=O)C(CN[*])NC(=O)[*],[*]CNC(=O)NC([*])C(=O)NCCOCCC,8.87e-05,-4.052076380168273,0,-4.138633728027344
24847,CCC(=O)CNCC(CO*)OC(=O)*,CCC(=O)CNCC(CO[*])OC(=O)[*],[*]COC(=O)OC([*])CNCC(=O)CC,0.000126,-3.899629454882437,1,-4.267497539520264
24848,COCC(CCNC(=O)COC(=O)*)O*,COCC(CCNC(=O)COC(=O)[*])O[*],[*]CCNC(=O)COC(=O)OC([*])COC,0.000113,-3.9469215565165805,3,-4.018589973449707
24849,NC(=O)CN(CCN*)CCOC(=O)*,NC(=O)CN(CCN[*])CCOC(=O)[*],[*]CCNC(=O)OCCN([*])CC(N)=O,0.000121,-3.9172146296835497,0,-4.0836896896362305
24850,CC(CCNCC(C)(OC(=O)*)C(F)F)O*,CC(CCNCC(C)(OC(=O)[*])C(F)F)O[*],[*]CCNCC(C)(OC(=O)OC([*])C)C(F)F,7.27e-05,-4.138465589140962,2,-4.2086567878723145
24851,COCCC(=O)N(C)CC(CO*)OC(=O)*,COCCC(=O)N(C)CC(CO[*])OC(=O)[*],[*]COC(=O)OC([*])CN(C)C(=O)CCOC,5.81e-05,-4.235823867609669,2,-4.20822286605835
24852,CCN(CCN*)C(=O)C(COC)NC(=O)*,CCN(CCN[*])C(=O)C(COC)NC(=O)[*],[*]CCNC(=O)NC(COC)C(=O)N([*])CC,4.76e-05,-4.3223930472795065,3,-4.2674055099487305
24853,COCC(CCO*)NC(=O)CCOC(=O)*,COCC(CCO[*])NC(=O)CCOC(=O)[*],[*]CCOC(=O)OCCC(=O)NC([*])COC,8.7e-05,-4.060480747381382,1,-4.013363361358643
24854,CC(C)OCCNC(=O)C(CNC(=O)*)N*,CC(C)OCCNC(=O)C(CNC(=O)[*])N[*],[*]CNC(=O)NC([*])C(=O)NCCOC(C)C,0.000119,-3.9244530386074694,1,-4.168393611907959
24855,CNCCNC(=O)C(CN*)OC(=O)*,CNCCNC(=O)C(CN[*])OC(=O)[*],[*]CNC(=O)OC([*])C(=O)NCCNC,6.94e-05,-4.158640529545145,3,-4.177891254425049
24856,O=C(*)OC(C(=O)NCCN*)C(F)(F)F,O=C([*])OC(C(=O)NCCN[*])C(F)(F)F,[*]NCCNC(=O)C(OC([*])=O)C(F)(F)F,4.47e-05,-4.349692476868063,0,-4.397554874420166
24857,CN(C)C(=O)C(=O)NCC(COC(=O)*)O*,CN(C)C(=O)C(=O)NCC(COC(=O)[*])O[*],[*]COC(=O)OC([*])CNC(=O)C(=O)N(C)C,3.15e-05,-4.501689446210399,0,-4.336832523345947
24858,CC(C(=O)NCC(COC(=O)*)O*)N(C)C,CC(C(=O)NCC(COC(=O)[*])O[*])N(C)C,[*]COC(=O)OC([*])CNC(=O)C(C)N(C)C,6.53e-05,-4.185086818724926,1,-4.229588031768799
24859,COCCNC(=O)CC(CNC(=O)*)O*,COCCNC(=O)CC(CNC(=O)[*])O[*],[*]CNC(=O)OC([*])CC(=O)NCCOC,8.8e-05,-4.055517327849832,3,-4.089806079864502
24860,CC(CCOC(=O)*)NC(CO*)CC(F)F,CC(CCOC(=O)[*])NC(CO[*])CC(F)F,[*]CCOC(=O)OCC(CC(F)F)NC([*])C,4.25e-05,-4.371611069949688,2,-4.130513668060303
24861,COC(=O)C(C)(COC(=O)*)NCCO*,COC(=O)C(C)(COC(=O)[*])NCCO[*],[*]COC(=O)OCCNC([*])(C)C(=O)OC,6.65e-05,-4.1771783546968955,1,-4.300456523895264
24862,COC(CNC(=O)*)C(=O)NCCC(C)N*,COC(CNC(=O)[*])C(=O)NCCC(C)N[*],[*]CNC(=O)NC(C)CCNC(=O)C([*])OC,5.88e-05,-4.230622673923862,1,-4.283517360687256
24863,CC(CN(C)C(=O)NCCN*)NC(=O)*,CC(CN(C)C(=O)NCCN[*])NC(=O)[*],[*]CN(C)C(=O)NCCNC(=O)NC([*])C,3.14e-05,-4.503070351926785,3,-4.234118938446045
24864,CN(CCN*)C(=O)CNCCNC(=O)*,CN(CCN[*])C(=O)CNCCNC(=O)[*],[*]CCNC(=O)NCCNCC(=O)N([*])C,7.44e-05,-4.128427064454121,1,-3.954197883605957
24865,COCCN(C)C(=O)CC(CN*)OC(=O)*,COCCN(C)C(=O)CC(CN[*])OC(=O)[*],[*]CNC(=O)OC([*])CC(=O)N(C)CCOC,0.000109,-3.962573502059376,3,-4.13170051574707
24866,O=C(*)NC(CN*)C(=O)NCS(=O)(=O)O,O=C([*])NC(CN[*])C(=O)NCS(=O)(=O)O,[*]NCC(NC([*])=O)C(=O)NCS(=O)(=O)O,4.99e-05,-4.30189945437661,1,-4.287069797515869
24867,COCCCNC(=O)C(CN*)NC(=O)*,COCCCNC(=O)C(CN[*])NC(=O)[*],[*]CNC(=O)NC([*])C(=O)NCCCOC,0.000107,-3.9706162223147903,2,-4.158982276916504
24868,CN(CCOC(=O)*)CCN(C)C(=O)CN*,CN(CCOC(=O)[*])CCN(C)C(=O)CN[*],[*]CCOC(=O)NCC(=O)N(C)CCN([*])C,7.89e-05,-4.102922996790579,3,-3.9897661209106445
24869,CC(CN(C)C(C)C(C)(C)O*)OC(=O)*,CC(CN(C)C(C)C(C)(C)O[*])OC(=O)[*],[*]CN(C)C(C)C(C)(C)OC(=O)OC([*])C,4.78e-05,-4.320572103387881,0,-4.389355659484863
24870,O=C(*)NCCCNC(=O)CNCCCN*,O=C([*])NCCCNC(=O)CNCCCN[*],[*]CNCCCNC(=O)NCCCNC([*])=O,0.000108,-3.96657624451305,2,-4.078938961029053
24871,O=C(*)OC(CNCCP(=O)(O)O)CO*,O=C([*])OC(CNCCP(=O)(O)O)CO[*],[*]OCC(CNCCP(=O)(O)O)OC([*])=O,0.000126,-3.899629454882437,2,-3.885385036468506
24872,CNC(=S)N(C)CC(COC(=O)*)O*,CNC(=S)N(C)CC(COC(=O)[*])O[*],[*]COC(=O)OC([*])CN(C)C(=S)NC,3.1e-05,-4.508638306165727,3,-4.419441223144531
24873,COCC(C)(CO*)NCCOC(=O)*,COCC(C)(CO[*])NCCOC(=O)[*],[*]COC(=O)OCCNC([*])(C)COC,5.48e-05,-4.261219441515631,1,-4.198747158050537
24874,COCCNC(=O)C(O*)C(C)(C)OC(=O)*,COCCNC(=O)C(O[*])C(C)(C)OC(=O)[*],[*]OC(=O)OC(C)(C)C([*])C(=O)NCCOC,3.5e-05,-4.455931955649724,1,-4.136821269989014
24875,COCC(NC(=O)*)C(=O)NCC(C)(C)N*,COCC(NC(=O)[*])C(=O)NCC(C)(C)N[*],[*]NC(=O)NC(C)(C)CNC(=O)C([*])COC,4.45e-05,-4.351639989019068,1,-4.390260219573975
24876,CNC(CO*)C(=O)NCCCCNC(=O)*,CNC(CO[*])C(=O)NCCCCNC(=O)[*],[*]COC(=O)NCCCCNC(=O)C([*])NC,5.68e-05,-4.245651664288981,0,-4.275862216949463
24877,O=C(*)NC(CN*)C(=O)NCC(F)F,O=C([*])NC(CN[*])C(=O)NCC(F)F,[*]NCC(NC([*])=O)C(=O)NCC(F)F,6.02e-05,-4.220403508742176,2,-4.180692195892334
24878,CC(CN(C)CC(OC(=O)*)C(C)(C)C)N*,CC(CN(C)CC(OC(=O)[*])C(C)(C)C)N[*],[*]CN(C)CC(OC(=O)NC([*])C)C(C)(C)C,7.59e-05,-4.11975822410452,0,-4.330749034881592
24879,CCC(CO*)(COC(=O)*)NC(=O)C(C)=O,CCC(CO[*])(COC(=O)[*])NC(=O)C(C)=O,[*]COC(=O)OCC([*])(CC)NC(=O)C(C)=O,5.14e-05,-4.289036881004725,2,-4.294859409332275
24880,C=CC(=O)NCCNCC(COC(=O)*)O*,C=CC(=O)NCCNCC(COC(=O)[*])O[*],[*]COC(=O)OC([*])CNCCNC(=O)C=C,9.66e-05,-4.015022873584507,0,-4.048879146575928
24881,NOCCNC(=O)C(CCCNC(=O)*)N*,NOCCNC(=O)C(CCCNC(=O)[*])N[*],[*]CCCNC(=O)NC([*])C(=O)NCCON,9.86e-05,-4.006123085058789,0,-4.020727634429932
24882,COCCCN(CCOC(=O)*)C(=O)CO*,COCCCN(CCOC(=O)[*])C(=O)CO[*],[*]CCOC(=O)OCC(=O)N([*])CCCOC,7.84e-05,-4.105683937315562,3,-4.125866889953613
24883,CCC(CC)(CNC(=O)C(C)O*)OC(=O)*,CCC(CC)(CNC(=O)C(C)O[*])OC(=O)[*],[*]CNC(=O)C(C)OC(=O)OC([*])(CC)CC,2.27e-05,-4.6439741428068775,0,-4.401246547698975
24884,CN(CCOC(=O)*)C(=S)NCCN*,CN(CCOC(=O)[*])C(=S)NCCN[*],[*]CCOC(=O)NCCNC(=S)N([*])C,7.62e-05,-4.1180450286604,1,-4.305179595947266
24885,CCNC(=S)NCC(CO*)OC(=O)*,CCNC(=S)NCC(CO[*])OC(=O)[*],[*]COC(=O)OC([*])CNC(=S)NCC,3.26e-05,-4.486782399932061,3,-4.469160079956055
24886,COC(C)CC(=O)NCC(CO*)OC(=O)*,COC(C)CC(=O)NCC(CO[*])OC(=O)[*],[*]COC(=O)OC([*])CNC(=O)CC(C)OC,6.37e-05,-4.195860567664649,3,-4.198803901672363
24887,CCC(CN(C)C(C)CNC(=O)*)O*,CCC(CN(C)C(C)CNC(=O)[*])O[*],[*]CN(C)C(C)CNC(=O)OC([*])CC,5.5e-05,-4.259637310505756,2,-4.285496234893799
24888,CC(CCO*)NCCCC(C)OC(=O)*,CC(CCO[*])NCCCC(C)OC(=O)[*],[*]CCOC(=O)OC(C)CCCNC([*])C,5.39e-05,-4.268411234813262,0,-4.125613689422607
24889,CC(C)(CONC(=O)COC(=O)*)O*,CC(C)(CONC(=O)COC(=O)[*])O[*],[*]CONC(=O)COC(=O)OC([*])(C)C,5.23e-05,-4.281498311132726,1,-4.253254413604736
24890,O=C(CCF)NC(CO*)COC(=O)*,O=C(CCF)NC(CO[*])COC(=O)[*],[*]COC(=O)OCC([*])NC(=O)CCF,7.62e-05,-4.1180450286604,3,-4.342161655426025
24891,COCC(C)(CNC(=O)CCO*)OC(=O)*,COCC(C)(CNC(=O)CCO[*])OC(=O)[*],[*]CNC(=O)CCOC(=O)OC([*])(C)COC,7.25e-05,-4.139661993429006,0,-4.162280082702637
24892,CCCC(NCC(COC(=O)*)O*)C(N)=O,CCCC(NCC(COC(=O)[*])O[*])C(N)=O,[*]COC(=O)OC([*])CNC(CCC)C(N)=O,3.8e-05,-4.42021640338319,2,-4.195373058319092
24893,CC(CCO*)NC(=O)COC(=O)*,CC(CCO[*])NC(=O)COC(=O)[*],[*]CCOC(=O)OCC(=O)NC([*])C,5.53e-05,-4.257274868695302,2,-4.10841703414917
24894,CCCNCCNC(=O)C(CO*)NC(=O)*,CCCNCCNC(=O)C(CO[*])NC(=O)[*],[*]COC(=O)NC([*])C(=O)NCCNCCC,0.000116,-3.9355420107730814,2,-4.1692728996276855
24895,CCCONC(=O)NC(CO*)COC(=O)*,CCCONC(=O)NC(CO[*])COC(=O)[*],[*]COC(=O)OCC([*])NC(=O)NOCCC,3.39e-05,-4.4698003017969175,0,-4.203312397003174
24896,CC(NC(=O)*)C(=O)NCC(=O)CCO*,CC(NC(=O)[*])C(=O)NCC(=O)CCO[*],[*]NC(=O)OCCC(=O)CNC(=O)C([*])C,3.21e-05,-4.493494967595128,1,-4.286481857299805
24897,CCN(C)C(=O)C(CNC(=O)*)N*,CCN(C)C(=O)C(CNC(=O)[*])N[*],[*]CNC(=O)NC([*])C(=O)N(C)CC,7.11e-05,-4.148130399270234,2,-4.308587074279785
24898,CCC(COC(=O)*)NCC(O*)C(C)(C)C,CCC(COC(=O)[*])NCC(O[*])C(C)(C)C,[*]COC(=O)OC(CNC([*])CC)C(C)(C)C,3.1e-05,-4.508638306165727,3,-4.521888732910156
24899,COCC(=O)NCC(C)(CO*)COC(=O)*,COCC(=O)NCC(C)(CO[*])COC(=O)[*],[*]COC(=O)OCC([*])(C)CNC(=O)COC,6.84e-05,-4.164943898279883,0,-4.348976135253906
24900,CNC(=O)CN(C)CC(O*)C(C)OC(=O)*,CNC(=O)CN(C)CC(O[*])C(C)OC(=O)[*],[*]OC(=O)OC(C)C([*])CN(C)CC(=O)NC,4.53e-05,-4.343901797987168,0,-4.256046295166016
24901,C=C(N)C(=O)NC(CC)(CO*)COC(=O)*,C=C(N)C(=O)NC(CC)(CO[*])COC(=O)[*],[*]COC(=O)OCC([*])(CC)NC(=O)C(=C)N,7.01e-05,-4.154281982033341,0,-4.411947727203369
24902,CC(C)(O*)C(=O)NCCNCCOC(=O)*,CC(C)(O[*])C(=O)NCCNCCOC(=O)[*],[*]OC(=O)OCCNCCNC(=O)C([*])(C)C,9.12e-05,-4.0400051616715835,1,-4.0388383865356445
24903,CSCC(CNC(C)CCO*)OC(=O)*,CSCC(CNC(C)CCO[*])OC(=O)[*],[*]CNC(C)CCOC(=O)OC([*])CSC,6.41e-05,-4.193141970481182,0,-4.131048202514648
24904,CNCCNC(=O)C(CCNC(=O)*)N*,CNCCNC(=O)C(CCNC(=O)[*])N[*],[*]CCNC(=O)NC([*])C(=O)NCCNC,5.1e-05,-4.292429823902063,0,-4.129072189331055
24905,CC(CNC(=O)*)NCC(CN*)C(C)C,CC(CNC(=O)[*])NCC(CN[*])C(C)C,[*]CNC(=O)NCC(CNC([*])C)C(C)C,4.96e-05,-4.304518323509803,1,-4.362314701080322
24906,CC(=O)CN(C)C(=O)C(CCN*)NC(=O)*,CC(=O)CN(C)C(=O)C(CCN[*])NC(=O)[*],[*]CCNC(=O)NC([*])C(=O)N(C)CC(C)=O,7.71e-05,-4.112945621949043,2,-4.254143714904785
24907,CCC(CNC(=O)C(CN*)OC)NC(=O)*,CCC(CNC(=O)C(CN[*])OC)NC(=O)[*],[*]CNC(=O)C(CNC(=O)NC([*])CC)OC,4.97e-05,-4.303643611266668,1,-4.244922161102295
24908,COCC(CNCC(=O)CCO*)OC(=O)*,COCC(CNCC(=O)CCO[*])OC(=O)[*],[*]CNCC(=O)CCOC(=O)OC([*])COC,9.63e-05,-4.016373712875465,3,-4.021149158477783
24909,CC(CNCCC(C)(C)CO*)OC(=O)*,CC(CNCCC(C)(C)CO[*])OC(=O)[*],[*]CNCCC(C)(C)COC(=O)OC([*])C,7.47e-05,-4.126679398184601,2,-4.353636264801025
24910,CCCOC(=O)CNCC(COC(=O)*)O*,CCCOC(=O)CNCC(COC(=O)[*])O[*],[*]COC(=O)OC([*])CNCC(=O)OCCC,4.38e-05,-4.3585258894959,0,-4.059882164001465
24911,CN(CCN*)C(=O)CNC(=O)CNC(=O)*,CN(CCN[*])C(=O)CNC(=O)CNC(=O)[*],[*]CCNC(=O)NCC(=O)NCC(=O)N([*])C,4.68e-05,-4.329754146925876,0,-4.158621311187744
24912,O=C(*)NCCNC(=O)NCC=CCO*,O=C([*])NCCNC(=O)NCC=CCO[*],[*]NCC=CCOC(=O)NCCNC([*])=O,7.26e-05,-4.139063379299906,3,-3.9823083877563477
24913,CC(CN*)C(=O)NC(COC(=O)*)C(N)=O,CC(CN[*])C(=O)NC(COC(=O)[*])C(N)=O,[*]CNC(=O)OCC(NC(=O)C([*])C)C(N)=O,7.12e-05,-4.147520006363144,3,-4.06761360168457
24914,N=CNC(=O)C(CCN*)NC(=O)*,N=CNC(=O)C(CCN[*])NC(=O)[*],[*]CCNC(=O)NC([*])C(=O)NC=N,4.42e-05,-4.354577730650908,0,-4.319985866546631
24915,CN(C)C(=O)CN(CCN*)CCOC(=O)*,CN(C)C(=O)CN(CCN[*])CCOC(=O)[*],[*]CCNC(=O)OCCN([*])CC(=O)N(C)C,8.27e-05,-4.082494490447453,2,-3.906280755996704
24916,CNC(CO*)C(=O)N(C)CCOC(=O)*,CNC(CO[*])C(=O)N(C)CCOC(=O)[*],[*]COC(=O)OCCN(C)C(=O)C([*])NC,5.5e-05,-4.259637310505756,3,-4.246104717254639
24917,CCCCN(CCOC(=O)*)CC(C)(C)N*,CCCCN(CCOC(=O)[*])CC(C)(C)N[*],[*]CCOC(=O)NC(C)(C)CN([*])CCCC,3.87e-05,-4.412289034981089,0,-4.404740333557129
24918,COC(=O)CC(CNC(=O)CO*)OC(=O)*,COC(=O)CC(CNC(=O)CO[*])OC(=O)[*],[*]CNC(=O)COC(=O)OC([*])CC(=O)OC,6.12e-05,-4.213248577854439,0,-4.250970363616943
24919,CCC(CNC(=O)C(COC)N*)NC(=O)*,CCC(CNC(=O)C(COC)N[*])NC(=O)[*],[*]CNC(=O)C(COC)NC(=O)NC([*])CC,5.8e-05,-4.236572006437063,0,-4.244165420532227
24920,CC(CNC(=O)*)C(=O)NCC(=O)CCO*,CC(CNC(=O)[*])C(=O)NCC(=O)CCO[*],[*]CNC(=O)OCCC(=O)CNC(=O)C([*])C,5.84e-05,-4.2335871528876,1,-4.343667984008789
24921,CCOC(=O)C(C)NC(CN*)CNC(=O)*,CCOC(=O)C(C)NC(CN[*])CNC(=O)[*],[*]CNC(=O)NCC([*])NC(C)C(=O)OCC,6.44e-05,-4.1911141326401875,3,-4.175286293029785
24922,NOCCNC(=O)C(CCN*)NC(=O)*,NOCCNC(=O)C(CCN[*])NC(=O)[*],[*]CCNC(=O)NC([*])C(=O)NCCON,0.000105,-3.9788107009300617,1,-4.099974632263184
24923,CNC(=O)CN(CCOC(=O)*)CC(C)O*,CNC(=O)CN(CCOC(=O)[*])CC(C)O[*],[*]CCOC(=O)OC(C)CN([*])CC(=O)NC,9.69e-05,-4.013676222949234,0,-4.146820068359375
24924,CCC(CNS(=O)(=O)CCN*)NC(=O)*,CCC(CNS(=O)(=O)CCN[*])NC(=O)[*],[*]CNS(=O)(=O)CCNC(=O)NC([*])CC,5.61e-05,-4.251037138743839,2,-4.3022284507751465
24925,CC(CNC(=O)*)C(=O)NCCNCCO*,CC(CNC(=O)[*])C(=O)NCCNCCO[*],[*]CNC(=O)OCCNCCNC(=O)C([*])C,0.000101,-3.9956786262173574,0,-4.124988555908203
24926,CC(CCCO*)NC(=O)C(C)(C)OC(=O)*,CC(CCCO[*])NC(=O)C(C)(C)OC(=O)[*],[*]CCCOC(=O)OC(C)(C)C(=O)NC([*])C,9.02e-05,-4.044793462458058,3,-4.242377758026123
24927,CN(CC(CO*)OC(=O)*)C(=O)C(N)=O,CN(CC(CO[*])OC(=O)[*])C(=O)C(N)=O,[*]COC(=O)OC([*])CN(C)C(=O)C(N)=O,8.97e-05,-4.047207556955908,2,-4.319277286529541
24928,COCC(C)(CNC(=O)CO*)OC(=O)*,COCC(C)(CNC(=O)CO[*])OC(=O)[*],[*]CNC(=O)COC(=O)OC([*])(C)COC,6.33e-05,-4.198596289982645,0,-4.173718452453613
24929,CC(CNCC(=O)CCO*)OC(=O)*,CC(CNCC(=O)CCO[*])OC(=O)[*],[*]CNCC(=O)CCOC(=O)OC([*])C,0.000111,-3.9546770212133424,3,-4.1614203453063965
24930,COC(=O)C(C)(CNC(=O)CO*)OC(=O)*,COC(=O)C(C)(CNC(=O)CO[*])OC(=O)[*],[*]CNC(=O)COC(=O)OC([*])(C)C(=O)OC,6.97e-05,-4.15676722190199,3,-4.328895092010498
24931,CCOC(=O)C(CNCC(C)O*)NC(=O)*,CCOC(=O)C(CNCC(C)O[*])NC(=O)[*],[*]CNCC(C)OC(=O)NC([*])C(=O)OCC,5.83e-05,-4.2343314452409855,2,-4.241934299468994
24932,O=C(*)NCC(N*)C(=O)NCC(F)(F)F,O=C([*])NCC(N[*])C(=O)NCC(F)(F)F,[*]NCC(NC([*])=O)C(=O)NCC(F)(F)F,0.000104,-3.9829666607012197,1,-4.353099822998047
24933,CCC(C)OC(=O)C(C)(CO*)COC(=O)*,CCC(C)OC(=O)C(C)(CO[*])COC(=O)[*],[*]COC(=O)OCC([*])(C)C(=O)OC(C)CC,2.18e-05,-4.661543506395395,2,-4.588582992553711
24934,CC(N*)C(=O)NCC(CF)OC(=O)*,CC(N[*])C(=O)NCC(CF)OC(=O)[*],[*]NC(=O)OC(CF)CNC(=O)C([*])C,3.25e-05,-4.488116639021126,0,-4.300441741943359
24935,O=C(*)NCCCNCC(=O)NCCN*,O=C([*])NCCCNCC(=O)NCCN[*],[*]CNCCCNC(=O)NCCNC([*])=O,9.59e-05,-4.018181392829336,0,-4.093943119049072
24936,CC=CCNCC(CC(C)(C)O*)OC(=O)*,CC=CCNCC(CC(C)(C)O[*])OC(=O)[*],[*]CC(C)(C)OC(=O)OC([*])CNCC=CC,3.42e-05,-4.465973893943865,1,-4.5220255851745605
24937,CCCC(C)NCC(CNC(=O)*)O*,CCCC(C)NCC(CNC(=O)[*])O[*],[*]CNC(=O)OC([*])CNC(C)CCC,4.38e-05,-4.3585258894959,0,-4.349398612976074
24938,CCCC(C)(O*)C(=O)NCC(C)OC(=O)*,CCCC(C)(O[*])C(=O)NCC(C)OC(=O)[*],[*]OC(=O)OC(C)CNC(=O)C([*])(C)CCC,4.46e-05,-4.350665141287858,0,-4.43181848526001
24939,CC(C)C(CN(C)C(C)CCOC(=O)*)O*,CC(C)C(CN(C)C(C)CCOC(=O)[*])O[*],[*]CN(C)C(C)CCOC(=O)OC([*])C(C)C,3.59e-05,-4.444905551421681,0,-4.361849784851074
24940,CC(CN(CC(N)=O)C(C)COC(=O)*)O*,CC(CN(CC(N)=O)C(C)COC(=O)[*])O[*],[*]CN(CC(N)=O)C(C)COC(=O)OC([*])C,6.93e-05,-4.159266765388193,3,-4.0763044357299805
24941,CCOC(=O)CNC(CN*)CNC(=O)*,CCOC(=O)CNC(CN[*])CNC(=O)[*],[*]CNC(=O)NCC([*])NCC(=O)OCC,6.1e-05,-4.214670164989233,2,-4.051616668701172
24942,COC(C)CNC(=O)C(CNC(=O)*)N*,COC(C)CNC(=O)C(CNC(=O)[*])N[*],[*]CNC(=O)NC([*])C(=O)NCC(C)OC,7.53e-05,-4.123205023799299,3,-4.219951152801514
24943,CNCCNC(=O)C(NC(=O)*)C(C)(C)O*,CNCCNC(=O)C(NC(=O)[*])C(C)(C)O[*],[*]NC(=O)OC(C)(C)C([*])C(=O)NCCNC,5.2e-05,-4.2839966563652006,0,-4.314992904663086
24944,CCCC(CC(=O)NCCCOC(=O)*)O*,CCCC(CC(=O)NCCCOC(=O)[*])O[*],[*]CC(=O)NCCCOC(=O)OC([*])CCC,0.000101,-3.9956786262173574,3,-4.274527549743652
24945,CCCNC(=O)C(CN*)NC(=O)*,CCCNC(=O)C(CN[*])NC(=O)[*],[*]CNC(=O)NC([*])C(=O)NCCC,5.63e-05,-4.249491605148654,2,-4.304159164428711
24946,O=C(O)CC(OC(=O)*)C(=O)OCCCN*,O=C(O)CC(OC(=O)[*])C(=O)OCCCN[*],[*]OC(=O)NCCCOC(=O)C([*])CC(=O)O,4.52e-05,-4.3448615651886175,1,-4.498799800872803
24947,COC(=O)C(CNCCC(C)NC(=O)*)O*,COC(=O)C(CNCCC(C)NC(=O)[*])O[*],[*]CNCCC(C)NC(=O)OC([*])C(=O)OC,6e-05,-4.221848749616356,1,-4.230241775512695
24948,CC(=O)OCCNCC(COC(=O)*)O*,CC(=O)OCCNCC(COC(=O)[*])O[*],[*]COC(=O)OC([*])CNCCOC(C)=O,0.000111,-3.9546770212133424,3,-4.004227638244629
24949,CC(CCNC(=O)NCCN*)NC(=O)*,CC(CCNC(=O)NCCN[*])NC(=O)[*],[*]CCNC(=O)NCCNC(=O)NC([*])C,9.75e-05,-4.010995384301463,3,-4.120935440063477
24950,CC(CO*)CN(C)CC(C)(C)COC(=O)*,CC(CO[*])CN(C)CC(C)(C)COC(=O)[*],[*]COC(=O)OCC(C)(C)CN(C)CC([*])C,5.45e-05,-4.2636034977233574,0,-4.380911827087402
24951,C=C(N)C(=O)N(C)CC(COC(=O)*)O*,C=C(N)C(=O)N(C)CC(COC(=O)[*])O[*],[*]COC(=O)OC([*])CN(C)C(=O)C(=C)N,8e-05,-4.096910013008056,1,-4.267727375030518
24952,COCCC(N*)C(=O)NCC(C)NC(=O)*,COCCC(N[*])C(=O)NCC(C)NC(=O)[*],[*]NC(=O)NC(C)CNC(=O)C([*])CCOC,3.6e-05,-4.443697499232712,0,-4.160712242126465
24953,N=CNCC(CO*)OC(=O)*,N=CNCC(CO[*])OC(=O)[*],[*]COC(=O)OC([*])CNC=N,9.29e-05,-4.031984286006359,3,-4.308887958526611
24954,COC(C)CNC(=O)C(CCNC(=O)*)N*,COC(C)CNC(=O)C(CCNC(=O)[*])N[*],[*]CCNC(=O)NC([*])C(=O)NCC(C)OC,9.6e-05,-4.017728766960432,0,-4.310190677642822
24955,CC(C)CCC(CNC(C)COC(=O)*)O*,CC(C)CCC(CNC(C)COC(=O)[*])O[*],[*]CNC(C)COC(=O)OC([*])CCC(C)C,5.73e-05,-4.24184537803261,2,-4.242643356323242
24956,CC(NCC(=O)NCCOC(=O)*)C(C)O*,CC(NCC(=O)NCCOC(=O)[*])C(C)O[*],[*]NCC(=O)NCCOC(=O)OC(C)C([*])C,0.000131,-3.8827287043442356,3,-4.056828022003174
24957,CCCC(OC(=O)*)C(=O)OCCC(C)O*,CCCC(OC(=O)[*])C(=O)OCCC(C)O[*],[*]OC(=O)OC(C)CCOC(=O)C([*])CCC,4.78e-05,-4.320572103387881,2,-4.37481164932251
24958,CN(CCC(N)=O)CC(CO*)OC(=O)*,CN(CCC(N)=O)CC(CO[*])OC(=O)[*],[*]COC(=O)OC([*])CN(C)CCC(N)=O,6.75e-05,-4.170696227168975,2,-4.018160343170166
24959,COCC(NC(=O)*)C(=O)NC(C)(C)CN*,COCC(NC(=O)[*])C(=O)NC(C)(C)CN[*],[*]NC(=O)NCC(C)(C)NC(=O)C([*])COC,6.04e-05,-4.218963061378868,1,-4.4113640785217285
24960,CNCCNC(=O)C(C)(COC(=O)*)N*,CNCCNC(=O)C(C)(COC(=O)[*])N[*],[*]COC(=O)NC([*])(C)C(=O)NCCNC,9.23e-05,-4.034798298974088,1,-4.151731014251709
24961,O=C(*)OCCN(CCCCCF)CCN*,O=C([*])OCCN(CCCCCF)CCN[*],[*]NCCN(CCCCCF)CCOC([*])=O,9.05e-05,-4.043351420794797,1,-3.9918506145477295
24962,COC(=O)C(CNCC(CF)O*)OC(=O)*,COC(=O)C(CNCC(CF)O[*])OC(=O)[*],[*]CNCC(CF)OC(=O)OC([*])C(=O)OC,6.98e-05,-4.156144577376839,2,-4.266298770904541
24963,CC(C)(C)C(CNCC(CF)O*)OC(=O)*,CC(C)(C)C(CNCC(CF)O[*])OC(=O)[*],[*]CNCC(CF)OC(=O)OC([*])C(C)(C)C,4.24e-05,-4.372634143407267,1,-4.411822319030762
24964,CC(CN(C)C(COC(=O)*)C(C)(C)C)O*,CC(CN(C)C(COC(=O)[*])C(C)(C)C)O[*],[*]CN(C)C(COC(=O)OC([*])C)C(C)(C)C,2.02e-05,-4.694648630553377,1,-4.455671310424805
24965,CCC(COC(=O)*)NC(=O)CNCCN*,CCC(COC(=O)[*])NC(=O)CNCCN[*],[*]COC(=O)NCCNCC(=O)NC([*])CC,6.87e-05,-4.16304326294045,0,-4.145929336547852
24966,CC(C(=O)NCC(CN*)OC(=O)*)N(C)C,CC(C(=O)NCC(CN[*])OC(=O)[*])N(C)C,[*]CNC(=O)OC([*])CNC(=O)C(C)N(C)C,6.22e-05,-4.206209615309182,2,-4.206747531890869
24967,O=C(*)NCCNCC(=O)NCCN*,O=C([*])NCCNCC(=O)NCCN[*],[*]CNCCNC(=O)NCCNC([*])=O,8e-05,-4.096910013008056,3,-4.097105979919434
24968,CCCC(CC(=O)OCC(C)OC(=O)*)O*,CCCC(CC(=O)OCC(C)OC(=O)[*])O[*],[*]CC(=O)OCC(C)OC(=O)OC([*])CCC,3.8e-05,-4.42021640338319,2,-4.361815929412842
24969,COC(=O)C(C)(COC(=O)*)NCC(C)O*,COC(=O)C(C)(COC(=O)[*])NCC(C)O[*],[*]COC(=O)OC(C)CNC([*])(C)C(=O)OC,5.39e-05,-4.268411234813262,0,-4.334278106689453
24970,COC(CN*)C(=O)N(C)CCNC(=O)*,COC(CN[*])C(=O)N(C)CCNC(=O)[*],[*]CNC(=O)NCCN(C)C(=O)C([*])OC,4.39e-05,-4.357535479757878,3,-4.1883697509765625
24971,CC(CN(CCCCF)CCOC(=O)*)O*,CC(CN(CCCCF)CCOC(=O)[*])O[*],[*]CN(CCCCF)CCOC(=O)OC([*])C,5.31e-05,-4.274905478918531,2,-3.9674949645996094
24972,CCOC(=O)CCNC(CN*)CNC(=O)*,CCOC(=O)CCNC(CN[*])CNC(=O)[*],[*]CNC(=O)NCC([*])NCCC(=O)OCC,5.51e-05,-4.258848401148215,1,-4.171053409576416
24973,CC(CC(=O)NCCNCCOC(=O)*)O*,CC(CC(=O)NCCNCCOC(=O)[*])O[*],[*]CC(=O)NCCNCCOC(=O)OC([*])C,0.0001,-4.0,0,-4.000003814697266
24974,CNOCCNC(=O)C(CNC(=O)*)N*,CNOCCNC(=O)C(CNC(=O)[*])N[*],[*]CNC(=O)NC([*])C(=O)NCCONC,7.47e-05,-4.126679398184601,2,-4.005251884460449
24975,CC(C)(OC(=O)*)C(=O)NCC(O*)C(N)=O,CC(C)(OC(=O)[*])C(=O)NCC(O[*])C(N)=O,[*]OC(=O)OC(CNC(=O)C([*])(C)C)C(N)=O,4.2e-05,-4.376750709602099,2,-4.0815510749816895
24976,CC(C)C(CNC(CO*)C(N)=O)OC(=O)*,CC(C)C(CNC(CO[*])C(N)=O)OC(=O)[*],[*]CNC(COC(=O)OC([*])C(C)C)C(N)=O,6.39e-05,-4.1944991418416,2,-4.352598667144775
24977,CC(OC(=O)*)C(CN(C)CC(N)=O)O*,CC(OC(=O)[*])C(CN(C)CC(N)=O)O[*],[*]OC(=O)OC(CN(C)CC(N)=O)C([*])C,7.5e-05,-4.1249387366083,2,-4.1623759269714355
24978,CC(CCCOC(=O)*)CNC(C)CCO*,CC(CCCOC(=O)[*])CNC(C)CCO[*],[*]CCCOC(=O)OCCC(C)NCC([*])C,9.1e-05,-4.040958607678906,0,-4.080509662628174
24979,CC(C)(O*)C(=O)OCCCCOC(=O)*,CC(C)(O[*])C(=O)OCCCCOC(=O)[*],[*]OC(=O)OCCCCOC(=O)C([*])(C)C,8.77e-05,-4.05700040663396,3,-4.154928684234619
24980,CC(=O)CN(C)CC(COC(=O)*)O*,CC(=O)CN(C)CC(COC(=O)[*])O[*],[*]COC(=O)OC([*])CN(C)CC(C)=O,7.22e-05,-4.141462802430361,0,-4.11989688873291
24981,CC(C)(CNC(CO*)C(N)=O)OC(=O)*,CC(C)(CNC(CO[*])C(N)=O)OC(=O)[*],[*]CNC(COC(=O)OC([*])(C)C)C(N)=O,6.07e-05,-4.2168113089247425,1,-4.3409552574157715
24982,O=C(CO*)NC(CCF)COC(=O)*,O=C(CO[*])NC(CCF)COC(=O)[*],[*]COC(=O)OCC(CCF)NC([*])=O,4.37e-05,-4.359518563029578,3,-4.277932643890381
24983,CCC(CN(C)CC(C)(C)CO*)OC(=O)*,CCC(CN(C)CC(C)(C)CO[*])OC(=O)[*],[*]CN(C)CC(C)(C)COC(=O)OC([*])CC,4.26e-05,-4.370590400897281,3,-4.462604522705078
24984,COC(CNC(=O)*)CC(=O)N(C)CCN*,COC(CNC(=O)[*])CC(=O)N(C)CCN[*],[*]CNC(=O)NCCN(C)C(=O)CC([*])OC,9.06e-05,-4.042871802323187,0,-4.24198579788208
24985,CC(CCCN(C)C(C)CO*)OC(=O)*,CC(CCCN(C)C(C)CO[*])OC(=O)[*],[*]CCCN(C)C(C)COC(=O)OC([*])C,6.13e-05,-4.212539525481585,2,-4.2818193435668945
24986,CC(CCOC(=O)*)NC(=O)CC(C)(C)O*,CC(CCOC(=O)[*])NC(=O)CC(C)(C)O[*],[*]CCOC(=O)OC(C)(C)CC(=O)NC([*])C,3.28e-05,-4.484126156288321,0,-4.3208842277526855
24987,CCCCCC(=O)NCC(CNC(=O)*)O*,CCCCCC(=O)NCC(CNC(=O)[*])O[*],[*]CNC(=O)OC([*])CNC(=O)CCCCC,8.34e-05,-4.078833949362261,1,-4.2306013107299805
24988,O=C(*)OCCN(CCCCF)CCO*,O=C([*])OCCN(CCCCF)CCO[*],[*]OCCN(CCCCF)CCOC([*])=O,7.36e-05,-4.133122185662502,2,-3.9820404052734375
24989,CC(CN(CCO*)CC(C)(C)C)NC(=O)*,CC(CN(CCO[*])CC(C)(C)C)NC(=O)[*],[*]CN(CCOC(=O)NC([*])C)CC(C)(C)C,2.01e-05,-4.696803942579511,2,-4.367076873779297
24990,CC(C)C(CCN(C)CCCOC(=O)*)O*,CC(C)C(CCN(C)CCCOC(=O)[*])O[*],[*]CCN(C)CCCOC(=O)OC([*])C(C)C,3.82e-05,-4.4179366370882915,1,-4.306692600250244
24991,CN(CCCNC(=O)*)C(=O)NCCN*,CN(CCCNC(=O)[*])C(=O)NCCN[*],[*]CCCNC(=O)NCCNC(=O)N([*])C,0.000104,-3.9829666607012197,3,-4.286154747009277
24992,COC(CNC(=O)*)C(=O)N(C)CC(C)N*,COC(CNC(=O)[*])C(=O)N(C)CC(C)N[*],[*]CNC(=O)NC(C)CN(C)C(=O)C([*])OC,7.88e-05,-4.103473782510445,3,-4.401315689086914
24993,CSCC(CCO*)NCC(C)OC(=O)*,CSCC(CCO[*])NCC(C)OC(=O)[*],[*]CCOC(=O)OC(C)CNC([*])CSC,7.39e-05,-4.131355561605174,2,-4.183393955230713
24994,CCC(CNC(CC)C(C)O*)OC(=O)*,CCC(CNC(CC)C(C)O[*])OC(=O)[*],[*]CNC(CC)C(C)OC(=O)OC([*])CC,6.26e-05,-4.20342566678957,0,-4.318136215209961
24995,CNC(C(=O)NCCN*)C(C)OC(=O)*,CNC(C(=O)NCCN[*])C(C)OC(=O)[*],[*]C(=O)NCCNC(=O)OC(C)C([*])NC,6.27e-05,-4.202732459169283,0,-4.234011650085449
24996,CC(C)(CC(=O)NCCCCO*)OC(=O)*,CC(C)(CC(=O)NCCCCO[*])OC(=O)[*],[*]CC(=O)NCCCCOC(=O)OC([*])(C)C,8.02e-05,-4.095825631715837,1,-4.286361217498779
24997,COC(=O)C(CNC(C)C(C)OC(=O)*)O*,COC(=O)C(CNC(C)C(C)OC(=O)[*])O[*],[*]CNC(C)C(C)OC(=O)OC([*])C(=O)OC,6.99e-05,-4.1555228242543185,0,-4.302921772003174
24998,CCCC(CNC(=O)C(C)(C)O*)OC(=O)*,CCCC(CNC(=O)C(C)(C)O[*])OC(=O)[*],[*]CNC(=O)C(C)(C)OC(=O)OC([*])CCC,8.41e-05,-4.075204004202088,0,-4.3323588371276855
24999,CC(CN(C)CC(C)(C)CN*)NC(=O)*,CC(CN(C)CC(C)(C)CN[*])NC(=O)[*],[*]CN(C)CC(C)(C)CNC(=O)NC([*])C,4.18e-05,-4.3788237182249645,3,-4.455772399902344
25000,CC(C)C(C)(CN*)NCCCNC(=O)*,CC(C)C(C)(CN[*])NCCCNC(=O)[*],[*]CNC(=O)NCCCNC([*])(C)C(C)C,5.65e-05,-4.247951552180561,0,-4.499752998352051
25001,CC(C)C(NCC(CO*)OC(=O)*)C(C)C,CC(C)C(NCC(CO[*])OC(=O)[*])C(C)C,[*]COC(=O)OC([*])CNC(C(C)C)C(C)C,2.63e-05,-4.580044251510242,3,-4.613317966461182
25002,CCCCCCN(C)CC(COC(=O)*)O*,CCCCCCN(C)CC(COC(=O)[*])O[*],[*]COC(=O)OC([*])CN(C)CCCCCC,5.19e-05,-4.284832642151542,3,-4.317068576812744
25003,CC(C)=CCCN(C)CC(CNC(=O)*)O*,CC(C)=CCCN(C)CC(CNC(=O)[*])O[*],[*]CNC(=O)OC([*])CN(C)CCC=C(C)C,2.84e-05,-4.546681659952962,2,-4.075905799865723
25004,CC(CCCCO*)NCCC(C)OC(=O)*,CC(CCCCO[*])NCCC(C)OC(=O)[*],[*]CCCCOC(=O)OC(C)CCNC([*])C,0.000104,-3.9829666607012197,2,-4.157845973968506
25005,CCCC(CCOC(=O)*)NCC(C)O*,CCCC(CCOC(=O)[*])NCC(C)O[*],[*]CCOC(=O)OC(C)CNC([*])CCC,6.25e-05,-4.204119982655925,1,-4.313913822174072
25006,COC(=O)C(C)(COC(=O)*)NCCCO*,COC(=O)C(C)(COC(=O)[*])NCCCO[*],[*]COC(=O)OCCCNC([*])(C)C(=O)OC,4.86e-05,-4.313363730737707,1,-4.270430088043213
25007,CNCC(CNC(C)C(C)O*)OC(=O)*,CNCC(CNC(C)C(C)O[*])OC(=O)[*],[*]CNC(C)C(C)OC(=O)OC([*])CNC,4.03e-05,-4.394694953858891,0,-4.351583003997803
25008,CCCN(CCOC(=O)*)CC(C)(C)N*,CCCN(CCOC(=O)[*])CC(C)(C)N[*],[*]CCOC(=O)NC(C)(C)CN([*])CCC,2.28e-05,-4.642065152999546,0,-4.330599784851074
25009,CC(CCSCC(C)OC(=O)*)O*,CC(CCSCC(C)OC(=O)[*])O[*],[*]CCSCC(C)OC(=O)OC([*])C,0.000105,-3.9788107009300617,3,-4.173862457275391
25010,COC(=O)CC(NC(=O)*)C(=O)NCCN*,COC(=O)CC(NC(=O)[*])C(=O)NCCN[*],[*]NC(=O)NCCNC(=O)C([*])CC(=O)OC,4.68e-05,-4.329754146925876,2,-4.380671501159668
25011,CC(C)(CCOC(=O)C(C)(C)O*)OC(=O)*,CC(C)(CCOC(=O)C(C)(C)O[*])OC(=O)[*],[*]CCOC(=O)C(C)(C)OC(=O)OC([*])(C)C,2.35e-05,-4.628932137728264,2,-4.403695583343506
25012,CC(CNC(C)(CO*)C(C)C)OC(=O)*,CC(CNC(C)(CO[*])C(C)C)OC(=O)[*],[*]CNC(C)(COC(=O)OC([*])C)C(C)C,2.02e-05,-4.694648630553377,0,-4.420566558837891
25013,CC(CCCOC(=O)C(C)(C)OC(=O)*)O*,CC(CCCOC(=O)C(C)(C)OC(=O)[*])O[*],[*]CCCOC(=O)C(C)(C)OC(=O)OC([*])C,7e-05,-4.154901959985743,0,-4.416599750518799
25014,CC(CNC(CO*)C(C)(C)C)OC(=O)*,CC(CNC(CO[*])C(C)(C)C)OC(=O)[*],[*]CNC(COC(=O)OC([*])C)C(C)(C)C,1.9e-05,-4.721246399047171,3,-4.446094512939453
25015,COCCC(N*)C(=O)NC(C)CNC(=O)*,COCCC(N[*])C(=O)NC(C)CNC(=O)[*],[*]NC(=O)NCC(C)NC(=O)C([*])CCOC,0.000101,-3.9956786262173574,1,-4.132562160491943
25016,CCCCCN(CCCO*)CCOC(=O)*,CCCCCN(CCCO[*])CCOC(=O)[*],[*]CCCOC(=O)OCCN([*])CCCCC,6.05e-05,-4.218244625347531,0,-4.126823902130127
25017,COCCSCC(C)(CO*)COC(=O)*,COCCSCC(C)(CO[*])COC(=O)[*],[*]COC(=O)OCC([*])(C)CSCCOC,6.25e-05,-4.204119982655925,2,-4.2142014503479
25018,CC(NC(C)C(C)(C)OC(=O)*)C(C)O*,CC(NC(C)C(C)(C)OC(=O)[*])C(C)O[*],[*]NC(C)C(C)(C)OC(=O)OC(C)C([*])C,2.03e-05,-4.692503962086787,2,-4.3962860107421875
25019,CC(CC(C)O*)NC(=O)C(C)(C)OC(=O)*,CC(CC(C)O[*])NC(=O)C(C)(C)OC(=O)[*],[*]CC(C)OC(=O)OC(C)(C)C(=O)NC([*])C,5.48e-05,-4.261219441515631,1,-4.3002543449401855
25020,CC(O*)C(COC(=O)*)NC(=O)C(N)=O,CC(O[*])C(COC(=O)[*])NC(=O)C(N)=O,[*]OC(=O)OCC(NC(=O)C(N)=O)C([*])C,4.7e-05,-4.327902142064283,3,-4.310965538024902
25021,C=CC=CCCN(C)CC(CNC(=O)*)O*,C=CC=CCCN(C)CC(CNC(=O)[*])O[*],[*]CNC(=O)OC([*])CN(C)CCC=CC=C,8.46e-05,-4.0726296369609765,0,-4.044950485229492
25022,CCC(NC(=O)C(C)O*)C(C)(C)OC(=O)*,CCC(NC(=O)C(C)O[*])C(C)(C)OC(=O)[*],[*]NC(=O)C(C)OC(=O)OC(C)(C)C([*])CC,4.6e-05,-4.337242168318426,3,-4.448770999908447
25023,CC(CC(C)(C)OC(=O)*)NC(=O)CCO*,CC(CC(C)(C)OC(=O)[*])NC(=O)CCO[*],[*]CC(C)(C)OC(=O)OCCC(=O)NC([*])C,4.21e-05,-4.375717904164332,2,-4.376016616821289
25024,O=C(*)OCCCN(CC=CCl)CCO*,O=C([*])OCCCN(CC=CCl)CCO[*],[*]OCCCN(CC=CCl)CCOC([*])=O,7.49e-05,-4.125518182300533,3,-4.139995098114014
25025,CN(CCOC(=O)*)CC(O*)C(C)(C)C,CN(CCOC(=O)[*])CC(O[*])C(C)(C)C,[*]CCOC(=O)OC(CN([*])C)C(C)(C)C,3.49e-05,-4.45717457304082,2,-4.477123737335205
25026,CCN(CCCOC(=O)*)CCCC(C)O*,CCN(CCCOC(=O)[*])CCCC(C)O[*],[*]CCCOC(=O)OC(C)CCCN([*])CC,7.01e-05,-4.154281982033341,3,-4.240535736083984
25027,CC(CNCC(C)(C)C(C)(C)OC(=O)*)O*,CC(CNCC(C)(C)C(C)(C)OC(=O)[*])O[*],[*]CNCC(C)(C)C(C)(C)OC(=O)OC([*])C,2.39e-05,-4.621602099051862,1,-4.527034759521484
25028,CCCC(C)(CO*)NC(=O)C(C)OC(=O)*,CCCC(C)(CO[*])NC(=O)C(C)OC(=O)[*],[*]COC(=O)OC(C)C(=O)NC([*])(C)CCC,4.23e-05,-4.373659632624958,3,-4.306553840637207
25029,CCC(NC(=O)CCNC(=O)*)C(C)(C)O*,CCC(NC(=O)CCNC(=O)[*])C(C)(C)O[*],[*]NC(=O)CCNC(=O)OC(C)(C)C([*])CC,3.01e-05,-4.521433504406157,1,-4.301732063293457
25030,CCC(CNCC(OC(=O)*)C(=O)NC)O*,CCC(CNCC(OC(=O)[*])C(=O)NC)O[*],[*]CNCC(OC(=O)OC([*])CC)C(=O)NC,3.8e-05,-4.42021640338319,0,-4.234414100646973
25031,CC(N*)C(=O)NCCOCCCNC(=O)*,CC(N[*])C(=O)NCCOCCCNC(=O)[*],[*]NC(=O)NCCCOCCNC(=O)C([*])C,7.19e-05,-4.1432711096171175,3,-4.152495384216309
25032,CC(CNC(=O)CCC(C)(C)OC(=O)*)O*,CC(CNC(=O)CCC(C)(C)OC(=O)[*])O[*],[*]CNC(=O)CCC(C)(C)OC(=O)OC([*])C,4.03e-05,-4.394694953858891,0,-4.461254596710205
25033,CCC(CC)CNC(CO*)C(C)OC(=O)*,CCC(CC)CNC(CO[*])C(C)OC(=O)[*],[*]COC(=O)OC(C)C([*])NCC(CC)CC,1.69e-05,-4.772113295386326,2,-4.465691566467285
25034,CC(C)(CCNC(=O)C(C)(C)OC(=O)*)O*,CC(C)(CCNC(=O)C(C)(C)OC(=O)[*])O[*],[*]CCNC(=O)C(C)(C)OC(=O)OC([*])(C)C,4.31e-05,-4.3655227298392685,1,-4.35504150390625
25035,CC(CCCCO*)NC(=O)C(C)NC(=O)*,CC(CCCCO[*])NC(=O)C(C)NC(=O)[*],[*]CCCCOC(=O)NC(C)C(=O)NC([*])C,4.35e-05,-4.361510743045363,2,-4.285034656524658
25036,CCC(CNC(=O)CNC(=O)*)N*,CCC(CNC(=O)CNC(=O)[*])N[*],[*]CNC(=O)CNC(=O)NC([*])CC,7.73e-05,-4.111820506081675,1,-4.262042999267578
25037,CC(CNCC(=O)NCCO*)OC(=O)*,CC(CNCC(=O)NCCO[*])OC(=O)[*],[*]CNCC(=O)NCCOC(=O)OC([*])C,0.000113,-3.9469215565165805,2,-3.9956295490264893
25038,CC(CCO*)NCCC(OC(=O)*)C(F)F,CC(CCO[*])NCCC(OC(=O)[*])C(F)F,[*]CCOC(=O)OC(CCNC([*])C)C(F)F,5.6e-05,-4.251811972993799,1,-4.076267242431641
25039,CCN(CCCC(C)O*)CCOC(=O)*,CCN(CCCC(C)O[*])CCOC(=O)[*],[*]CCCC(C)OC(=O)OCCN([*])CC,5.91e-05,-4.228412519118745,3,-4.145325660705566
25040,CN(CCCF)CC(C)(CO*)COC(=O)*,CN(CCCF)CC(C)(CO[*])COC(=O)[*],[*]COC(=O)OCC([*])(C)CN(C)CCCF,2.75e-05,-4.560667306169737,0,-4.410948753356934
25041,CNCC(CN(C)C(=O)C(C)N*)OC(=O)*,CNCC(CN(C)C(=O)C(C)N[*])OC(=O)[*],[*]CN(C)C(=O)C(C)NC(=O)OC([*])CNC,4.4e-05,-4.356547323513813,2,-4.3958659172058105
25042,CCC(CC)NCC(CN*)OC(=O)*,CCC(CC)NCC(CN[*])OC(=O)[*],[*]CNC(=O)OC([*])CNC(CC)CC,7.75e-05,-4.110698297493689,3,-4.351297855377197
25043,CC(CC(C)NC(=O)*)NCC=CCO*,CC(CC(C)NC(=O)[*])NCC=CCO[*],[*]CC(C)NC(=O)OCC=CCNC([*])C,7.39e-05,-4.131355561605174,2,-4.210159778594971
25044,CC(CC(C)NC(=O)*)NCC(C)(C)N*,CC(CC(C)NC(=O)[*])NCC(C)(C)N[*],[*]CC(C)NC(=O)NC(C)(C)CNC([*])C,7.21e-05,-4.142064735280571,0,-4.416342735290527
25045,CCCC(C)NC(COC(=O)*)C(C)O*,CCCC(C)NC(COC(=O)[*])C(C)O[*],[*]COC(=O)OC(C)C([*])NC(C)CCC,1.26e-05,-4.8996294548824375,1,-4.481692790985107
25046,CCC(CC)(COC(=O)*)C(=O)OCCO*,CCC(CC)(COC(=O)[*])C(=O)OCCO[*],[*]COC(=O)OCCOC(=O)C([*])(CC)CC,3.02e-05,-4.519993057042849,3,-4.459469318389893
25047,CCC(CO*)N(C)CCC(C)(C)OC(=O)*,CCC(CO[*])N(C)CCC(C)(C)OC(=O)[*],[*]COC(=O)OC(C)(C)CCN(C)C([*])CC,3.89e-05,-4.410050398674293,2,-4.335529327392578
25048,CCN(CC(CO*)OC(=O)*)C(C)C(C)C,CCN(CC(CO[*])OC(=O)[*])C(C)C(C)C,[*]COC(=O)OC([*])CN(CC)C(C)C(C)C,1.39e-05,-4.856985199745905,2,-4.485628128051758
25049,CC(NCC(C)(O*)C(C)C)C(C)OC(=O)*,CC(NCC(C)(O[*])C(C)C)C(C)OC(=O)[*],[*]NCC(C)(OC(=O)OC(C)C([*])C)C(C)C,3.36e-05,-4.473660722610156,3,-4.567779541015625
25050,CC(CCCN(C)CC(C)(C)O*)OC(=O)*,CC(CCCN(C)CC(C)(C)O[*])OC(=O)[*],[*]CCCN(C)CC(C)(C)OC(=O)OC([*])C,5.04e-05,-4.297569463554475,3,-4.3833699226379395
25051,CCC(COC(=O)*)N(C)CCC(C)O*,CCC(COC(=O)[*])N(C)CCC(C)O[*],[*]COC(=O)OC(C)CCN(C)C([*])CC,4.79e-05,-4.319664486585437,2,-4.157310962677002
25052,CCC(CO*)N(C)CC(C)(C)OC(=O)*,CCC(CO[*])N(C)CC(C)(C)OC(=O)[*],[*]COC(=O)OC(C)(C)CN(C)C([*])CC,1.08e-05,-4.966576244513051,1,-4.386587619781494
25053,CCCN(CC(F)F)CC(COC(=O)*)O*,CCCN(CC(F)F)CC(COC(=O)[*])O[*],[*]COC(=O)OC([*])CN(CCC)CC(F)F,6.51e-05,-4.186419011431808,3,-4.155298709869385
25054,CCC(CNC(C)(CO*)C(C)C)OC(=O)*,CCC(CNC(C)(CO[*])C(C)C)OC(=O)[*],[*]CNC(C)(COC(=O)OC([*])CC)C(C)C,4.32e-05,-4.364516253185088,2,-4.432201862335205
25055,CC(CCCOC(=O)*)CNC(C)C(C)O*,CC(CCCOC(=O)[*])CNC(C)C(C)O[*],[*]CCCOC(=O)OC(C)C(C)NCC([*])C,3.89e-05,-4.410050398674293,1,-4.345958709716797
25056,CC(CCO*)NC(CCF)COC(=O)*,CC(CCO[*])NC(CCF)COC(=O)[*],[*]CCOC(=O)OCC(CCF)NC([*])C,5.58e-05,-4.253365801062421,0,-4.185090065002441
25057,CC(C)CCC(CN(C)CCOC(=O)*)O*,CC(C)CCC(CN(C)CCOC(=O)[*])O[*],[*]CN(C)CCOC(=O)OC([*])CCC(C)C,5.29e-05,-4.276544327964814,2,-4.1877946853637695
25058,CC(=O)N(C)CC(CNCCOC(=O)*)O*,CC(=O)N(C)CC(CNCCOC(=O)[*])O[*],[*]CNCCOC(=O)OC([*])CN(C)C(C)=O,6.67e-05,-4.175874166083451,2,-4.095064640045166
25059,CCC(CC)CN(C)CC(CN*)OC(=O)*,CCC(CC)CN(C)CC(CN[*])OC(=O)[*],[*]CNC(=O)OC([*])CN(C)CC(CC)CC,3.31e-05,-4.480172006224281,1,-4.449344635009766
25060,CCC(OC(=O)*)C(=O)OCCCCO*,CCC(OC(=O)[*])C(=O)OCCCCO[*],[*]OC(=O)OCCCCOC(=O)C([*])CC,6.95e-05,-4.158015195409886,1,-4.139404296875
25061,CC(CNCC(COC(=O)*)C(C)C)O*,CC(CNCC(COC(=O)[*])C(C)C)O[*],[*]CNCC(COC(=O)OC([*])C)C(C)C,4.65e-05,-4.3325470471100465,2,-4.413133144378662
25062,CC(C)(CNCC(C)(OC(=O)*)C(F)F)O*,CC(C)(CNCC(C)(OC(=O)[*])C(F)F)O[*],[*]CNCC(C)(OC(=O)OC([*])(C)C)C(F)F,5.33e-05,-4.273272790973428,3,-4.1723246574401855
25063,CCCC(CN(CCOC(=O)*)C(C)C)O*,CCCC(CN(CCOC(=O)[*])C(C)C)O[*],[*]CN(CCOC(=O)OC([*])CCC)C(C)C,3.56e-05,-4.448550002027125,3,-4.4944748878479
25064,CCCC(C)(O*)C(=O)OCCCOC(=O)*,CCCC(C)(O[*])C(=O)OCCCOC(=O)[*],[*]OC(=O)OCCCOC(=O)C([*])(C)CCC,4.92e-05,-4.308034897232639,3,-4.343087196350098
25065,CNCCCCNC(=O)C(CNC(=O)*)N*,CNCCCCNC(=O)C(CNC(=O)[*])N[*],[*]CNC(=O)NC([*])C(=O)NCCCCNC,6.75e-05,-4.170696227168975,0,-4.089056968688965
25066,CC(C)C(C)N(CCO*)CCOC(=O)*,CC(C)C(C)N(CCO[*])CCOC(=O)[*],[*]CCOC(=O)OCCN([*])C(C)C(C)C,3.11e-05,-4.507239610973163,1,-4.407571315765381
25067,CC(C)(C)CN(CCCO*)CCNC(=O)*,CC(C)(C)CN(CCCO[*])CCNC(=O)[*],[*]CCCOC(=O)NCCN([*])CC(C)(C)C,2.86e-05,-4.543633966870957,1,-4.340844631195068
25068,CC(CCCCO*)NCC(C)(C)OC(=O)*,CC(CCCCO[*])NCC(C)(C)OC(=O)[*],[*]CCCCOC(=O)OC(C)(C)CNC([*])C,4.15e-05,-4.3819519032879075,1,-4.342032432556152
25069,CCCCCCNC(CN*)CNC(=O)*,CCCCCCNC(CN[*])CNC(=O)[*],[*]CNC(=O)NCC([*])NCCCCCC,6.72e-05,-4.172630726946175,0,-4.172771453857422
25070,CC(C)(C)CN(CCNC(=O)*)CCO*,CC(C)(C)CN(CCNC(=O)[*])CCO[*],[*]CCNC(=O)OCCN([*])CC(C)(C)C,4.4e-05,-4.356547323513813,3,-4.298250198364258
25071,O=C(*)NCCCN(CCN*)CC(F)(F)F,O=C([*])NCCCN(CCN[*])CC(F)(F)F,[*]NCCCN(CCNC([*])=O)CC(F)(F)F,8.45e-05,-4.073143291050307,0,-4.012996196746826
25072,CC(OC(=O)*)C(N*)C(=O)N(C)C(C)CC#N,CC(OC(=O)[*])C(N[*])C(=O)N(C)C(C)CC#N,[*]OC(=O)NC(C(=O)N(C)C(C)CC#N)C([*])C,3.49e-05,-4.45717457304082,2,-4.482297420501709
25073,CC(CN(C)CC(CC(F)F)N*)NC(=O)*,CC(CN(C)CC(CC(F)F)N[*])NC(=O)[*],[*]CN(C)CC(CC(F)F)NC(=O)NC([*])C,6.93e-05,-4.159266765388193,1,-4.373061180114746
25074,CCN(CCC(C)(C)OC(=O)*)C(C)CO*,CCN(CCC(C)(C)OC(=O)[*])C(C)CO[*],[*]CCC(C)(C)OC(=O)OCC(C)N([*])CC,3.97e-05,-4.401209493236885,2,-4.332031726837158
25075,CCC(CC)NC(=O)CC(CNC(=O)*)O*,CCC(CC)NC(=O)CC(CNC(=O)[*])O[*],[*]CNC(=O)OC([*])CC(=O)NC(CC)CC,3.71e-05,-4.430626090384954,0,-4.327889919281006
25076,CCC(COC(=O)*)NCC(C)(O*)C(F)F,CCC(COC(=O)[*])NCC(C)(O[*])C(F)F,[*]COC(=O)OC(C)(CNC([*])CC)C(F)F,4.23e-05,-4.373659632624958,2,-4.289645195007324
25077,CCC(C)(OC(=O)*)C(=O)OCCCCO*,CCC(C)(OC(=O)[*])C(=O)OCCCCO[*],[*]OC(=O)OCCCCOC(=O)C([*])(C)CC,5.54e-05,-4.2564902352715706,2,-4.231723785400391
25078,CCC(COC(=O)*)N(C)CC(C)O*,CCC(COC(=O)[*])N(C)CC(C)O[*],[*]COC(=O)OC(C)CN(C)C([*])CC,4.85e-05,-4.314258261397736,1,-4.214335918426514
25079,O=C(*)OCC(CO*)NCCCCCF,O=C([*])OCC(CO[*])NCCCCCF,[*]OCC(COC([*])=O)NCCCCCF,5.62e-05,-4.250263684430939,0,-4.121665954589844
25080,CC(CCOC(=O)*)NCC(O*)C(C)(C)C,CC(CCOC(=O)[*])NCC(O[*])C(C)(C)C,[*]CCOC(=O)OC(CNC([*])C)C(C)(C)C,4.83e-05,-4.316052869248487,0,-4.484188079833984
25081,CCCC(OC(=O)*)C(=O)OCC(C)CO*,CCCC(OC(=O)[*])C(=O)OCC(C)CO[*],[*]OC(=O)OCC(C)COC(=O)C([*])CCC,5.16e-05,-4.287350298372789,0,-4.445690631866455
25082,CC(CCN*)NCC(CNC(=O)*)C(C)C,CC(CCN[*])NCC(CNC(=O)[*])C(C)C,[*]CCNC(=O)NCC(CNC([*])C)C(C)C,3.73e-05,-4.428291168191312,3,-4.366099834442139
25083,CCCC(C)(OC(=O)*)C(=O)NCCCO*,CCCC(C)(OC(=O)[*])C(=O)NCCCO[*],[*]OC(=O)OCCCNC(=O)C([*])(C)CCC,3.12e-05,-4.505845405981558,1,-4.295182228088379
25084,CN(CCCO*)CC(C)(OC(=O)*)C(F)F,CN(CCCO[*])CC(C)(OC(=O)[*])C(F)F,[*]CCCOC(=O)OC(C)(CN([*])C)C(F)F,4.65e-05,-4.3325470471100465,2,-4.177399635314941
25085,CC(C)C(CNCC(C)(C)N*)CNC(=O)*,CC(C)C(CNCC(C)(C)N[*])CNC(=O)[*],[*]CNCC(C)(C)NC(=O)NCC([*])C(C)C,4.48e-05,-4.348721986001856,0,-4.409970760345459
25086,CC(CCOC(=O)*)NCC(C)(O*)C(F)F,CC(CCOC(=O)[*])NCC(C)(O[*])C(F)F,[*]CCOC(=O)OC(C)(CNC([*])C)C(F)F,4.21e-05,-4.375717904164332,1,-4.206676483154297
25087,CCC(CC)(CCNC(=O)COC(=O)*)O*,CCC(CC)(CCNC(=O)COC(=O)[*])O[*],[*]CCNC(=O)COC(=O)OC([*])(CC)CC,2.6e-05,-4.585026652029182,0,-4.4108147621154785
25088,CC(CCCCN*)NCCC(C)NC(=O)*,CC(CCCCN[*])NCCC(C)NC(=O)[*],[*]CCCCNC(=O)NC(C)CCNC([*])C,4.83e-05,-4.316052869248487,3,-4.090670108795166
25089,CCC(CC)(CCOC(=O)*)NCC(C)O*,CCC(CC)(CCOC(=O)[*])NCC(C)O[*],[*]CCOC(=O)OC(C)CNC([*])(CC)CC,3.44e-05,-4.46344155742847,2,-4.370636940002441
25090,CCC(CN(C)C(C)CCOC(=O)*)O*,CCC(CN(C)C(C)CCOC(=O)[*])O[*],[*]CN(C)C(C)CCOC(=O)OC([*])CC,8.67e-05,-4.06198090252379,3,-4.202540397644043
25091,CCC(CNCC(C)(C)NC(=O)*)N*,CCC(CNCC(C)(C)NC(=O)[*])N[*],[*]CNCC(C)(C)NC(=O)NC([*])CC,0.00012,-3.9208187539523753,2,-4.170942306518555
25092,CC(CCOC(=O)*)NC(C)CC(C)(C)O*,CC(CCOC(=O)[*])NC(C)CC(C)(C)O[*],[*]CCOC(=O)OC(C)(C)CC(C)NC([*])C,2.42e-05,-4.616184634019569,2,-4.435103416442871
25093,CCN(CCNC(=O)*)C(=O)CNCCN*,CCN(CCNC(=O)[*])C(=O)CNCCN[*],[*]CCNC(=O)NCCNCC(=O)N([*])CC,6.34e-05,-4.1979107421182675,2,-4.116720199584961
25094,CCC(CNC(COC(=O)*)C(C)(C)C)O*,CCC(CNC(COC(=O)[*])C(C)(C)C)O[*],[*]CNC(COC(=O)OC([*])CC)C(C)(C)C,3.87e-05,-4.412289034981089,3,-4.372365474700928
25095,CC(CSCC(C)(C)OC(=O)*)O*,CC(CSCC(C)(C)OC(=O)[*])O[*],[*]CSCC(C)(C)OC(=O)OC([*])C,6e-05,-4.221848749616356,2,-4.41192102432251
25096,CCCC(C)NC(=O)CC(CNC(=O)*)O*,CCCC(C)NC(=O)CC(CNC(=O)[*])O[*],[*]CNC(=O)OC([*])CC(=O)NC(C)CCC,5.49e-05,-4.260427655549908,1,-4.373006820678711
25097,CC(CNC(C)C(C)OC(=O)*)CC(C)O*,CC(CNC(C)C(C)OC(=O)[*])CC(C)O[*],[*]CNC(C)C(C)OC(=O)OC(C)CC([*])C,4.92e-05,-4.308034897232639,3,-4.355528831481934
25098,C#CC(COC(=O)*)NCC(CC(F)F)N*,C#CC(COC(=O)[*])NCC(CC(F)F)N[*],[*]COC(=O)NC(CNC([*])C#C)CC(F)F,6.85e-05,-4.164309428507575,3,-4.180490970611572
25099,CCC(CO*)NCC(CSC)OC(=O)*,CCC(CO[*])NCC(CSC)OC(=O)[*],[*]COC(=O)OC(CNC([*])CC)CSC,4.36e-05,-4.360513510731414,0,-4.173332691192627
25100,CC(COC(=O)*)CN(C)C(C)C(C)(C)O*,CC(COC(=O)[*])CN(C)C(C)C(C)(C)O[*],[*]COC(=O)OC(C)(C)C(C)N(C)CC([*])C,2.14e-05,-4.669586226650809,2,-4.42841100692749
25101,CC(C)=CCN(CCCOC(=O)*)CCO*,CC(C)=CCN(CCCOC(=O)[*])CCO[*],[*]CCCOC(=O)OCCN([*])CC=C(C)C,9.7e-05,-4.013228265733755,2,-4.163471698760986
25102,CC=CCC(CO*)NCC(C)OC(=O)*,CC=CCC(CO[*])NCC(C)OC(=O)[*],[*]COC(=O)OC(C)CNC([*])CC=CC,4.25e-05,-4.371611069949688,0,-4.147616386413574
25103,CCCC(CN(C)CC(C)O*)OC(=O)*,CCCC(CN(C)CC(C)O[*])OC(=O)[*],[*]CN(C)CC(C)OC(=O)OC([*])CCC,4.49e-05,-4.347753658996677,1,-4.3475260734558105
25104,CSCC(CNCCCCO*)OC(=O)*,CSCC(CNCCCCO[*])OC(=O)[*],[*]CNCCCCOC(=O)OC([*])CSC,0.000146,-3.835647144215563,1,-4.069344997406006
25105,CC(NC(CO*)CC(F)F)C(C)OC(=O)*,CC(NC(CO[*])CC(F)F)C(C)OC(=O)[*],[*]NC(COC(=O)OC(C)C([*])C)CC(F)F,2.82e-05,-4.549750891680639,1,-4.275284767150879
25106,CCC(COC(=O)*)N(C)CCCO*,CCC(COC(=O)[*])N(C)CCCO[*],[*]COC(=O)OCCCN(C)C([*])CC,8.64e-05,-4.063486257521107,3,-4.211999893188477
25107,CC(C)(COC(=O)*)NCC(O*)C(C)(C)C,CC(C)(COC(=O)[*])NCC(O[*])C(C)(C)C,[*]COC(=O)OC(CNC([*])(C)C)C(C)(C)C,2.24e-05,-4.649751981665837,3,-4.414795875549316
25108,CC(O*)C(COC(=O)*)NCC(C)(C)C,CC(O[*])C(COC(=O)[*])NCC(C)(C)C,[*]OC(=O)OCC(NCC(C)(C)C)C([*])C,3.03e-05,-4.518557371497695,0,-4.450832366943359
25109,CCN(CCN*)CC(CNC(=O)*)C(C)C,CCN(CCN[*])CC(CNC(=O)[*])C(C)C,[*]CCNC(=O)NCC(CN([*])CC)C(C)C,7.75e-05,-4.110698297493689,3,-4.276920795440674
25110,CCC=CCCN(CCO*)CCOC(=O)*,CCC=CCCN(CCO[*])CCOC(=O)[*],[*]CCOC(=O)OCCN([*])CCC=CCC,8.85e-05,-4.053056729302175,2,-4.213492393493652
25111,CCN(CCC(C)O*)C(C)COC(=O)*,CCN(CCC(C)O[*])C(C)COC(=O)[*],[*]CCC(C)OC(=O)OCC(C)N([*])CC,3.65e-05,-4.437707135543525,2,-4.27183198928833
25112,CCN(CC(COC(=O)*)O*)C(C)(C)C,CCN(CC(COC(=O)[*])O[*])C(C)(C)C,[*]COC(=O)OC([*])CN(CC)C(C)(C)C,2.26e-05,-4.645891560852599,3,-4.5499067306518555
25113,CCC(CNCC(O*)C(C)CC)OC(=O)*,CCC(CNCC(O[*])C(C)CC)OC(=O)[*],[*]CNCC(OC(=O)OC([*])CC)C(C)CC,4.25e-05,-4.371611069949688,0,-4.362487316131592
25114,CCC(C)C(C)N(C)CC(CN*)OC(=O)*,CCC(C)C(C)N(C)CC(CN[*])OC(=O)[*],[*]CNC(=O)OC([*])CN(C)C(C)C(C)CC,4.96e-05,-4.304518323509803,3,-4.4340500831604
25115,CN(CC(C)(C)C#N)C(=O)C(COC(=O)*)N*,CN(CC(C)(C)C#N)C(=O)C(COC(=O)[*])N[*],[*]COC(=O)NC([*])C(=O)N(C)CC(C)(C)C#N,4.28e-05,-4.368556230986828,0,-4.454098224639893
25116,CCC(CNC(C)CC(C)N*)OC(=O)*,CCC(CNC(C)CC(C)N[*])OC(=O)[*],[*]CNC(C)CC(C)NC(=O)OC([*])CC,2.32e-05,-4.634512015109101,1,-4.272733688354492
25117,CCCC(C)(O*)C(=O)OCC(C)OC(=O)*,CCCC(C)(O[*])C(=O)OCC(C)OC(=O)[*],[*]OC(=O)OC(C)COC(=O)C([*])(C)CCC,1.66e-05,-4.779891911959945,0,-4.483413219451904
25118,CON(C)CC(CC(C)(C)OC(=O)*)O*,CON(C)CC(CC(C)(C)OC(=O)[*])O[*],[*]CC(C)(C)OC(=O)OC([*])CN(C)OC,2.59e-05,-4.586700235918748,0,-4.229219436645508
25119,CCCCCN(CCO*)CC(C)NC(=O)*,CCCCCN(CCO[*])CC(C)NC(=O)[*],[*]CCOC(=O)NC(C)CN([*])CCCCC,7.47e-05,-4.126679398184601,3,-4.256425857543945
25120,CCN(CCO*)CC(C)(C)NC(=O)*,CCN(CCO[*])CC(C)(C)NC(=O)[*],[*]CCOC(=O)NC(C)(C)CN([*])CC,5.99e-05,-4.2225731776106885,2,-4.223144054412842
25121,CCCC(C#N)NC(=O)CC(CN*)OC(=O)*,CCCC(C#N)NC(=O)CC(CN[*])OC(=O)[*],[*]CNC(=O)OC([*])CC(=O)NC(C#N)CCC,6.95e-05,-4.158015195409886,2,-4.254814147949219
25122,CC(CNCCCC(C)(C)CO*)OC(=O)*,CC(CNCCCC(C)(C)CO[*])OC(=O)[*],[*]CNCCCC(C)(C)COC(=O)OC([*])C,4.25e-05,-4.371611069949688,1,-4.346944808959961
25123,CCC(CO*)N(C)CC(C)(C)COC(=O)*,CCC(CO[*])N(C)CC(C)(C)COC(=O)[*],[*]COC(=O)OCC(C)(C)CN(C)C([*])CC,3.83e-05,-4.416801226031377,0,-4.425626754760742
25124,CCCN(CCCO*)CC(C)(C)OC(=O)*,CCCN(CCCO[*])CC(C)(C)OC(=O)[*],[*]CCCOC(=O)OC(C)(C)CN([*])CCC,3.56e-05,-4.448550002027125,0,-4.457292079925537
25125,CC(C)(CC(=O)NCC(C)(C)OC(=O)*)O*,CC(C)(CC(=O)NCC(C)(C)OC(=O)[*])O[*],[*]CNC(=O)CC(C)(C)OC(=O)OC([*])(C)C,3.38e-05,-4.471083299722345,1,-4.400218486785889
25126,C=CC=CCCN(CCO*)CC(C)OC(=O)*,C=CC=CCCN(CCO[*])CC(C)OC(=O)[*],[*]CCOC(=O)OC(C)CN([*])CCC=CC=C,7.79e-05,-4.108462542327436,0,-4.066740036010742
25127,CN(CCCCCCCN*)CCNC(=O)*,CN(CCCCCCCN[*])CCNC(=O)[*],[*]CCCCCCCNC(=O)NCCN([*])C,0.000139,-3.856985199745905,0,-4.028270244598389
25128,CCC(C)CN(CCCOC(=O)*)CCO*,CCC(C)CN(CCCOC(=O)[*])CCO[*],[*]CCCOC(=O)OCCN([*])CC(C)CC,5.95e-05,-4.22548303427145,3,-4.1395111083984375
25129,CC(C)(C)CCCNC(CN*)CNC(=O)*,CC(C)(C)CCCNC(CN[*])CNC(=O)[*],[*]CNC(=O)NCC([*])NCCCC(C)(C)C,7.9e-05,-4.102372908709558,0,-4.412440299987793
25130,CC(CNC(=O)*)N(C)CC(CC(F)F)N*,CC(CNC(=O)[*])N(C)CC(CC(F)F)N[*],[*]CNC(=O)NC(CC(F)F)CN(C)C([*])C,3.41e-05,-4.467245621007502,0,-4.173998832702637
25131,CC(CCNC(C)CCCCOC(=O)*)N*,CC(CCNC(C)CCCCOC(=O)[*])N[*],[*]CCCCOC(=O)NC(C)CCNC([*])C,6.83e-05,-4.165579296318468,3,-4.244643688201904
25132,CC(CN(C)CC(CC(F)F)N*)OC(=O)*,CC(CN(C)CC(CC(F)F)N[*])OC(=O)[*],[*]CN(C)CC(CC(F)F)NC(=O)OC([*])C,5.67e-05,-4.246416941107094,3,-4.247745513916016
25133,CCCCCC(OC(=O)*)C(=O)NCCO*,CCCCCC(OC(=O)[*])C(=O)NCCO[*],[*]OC(=O)OCCNC(=O)C([*])CCCCC,8.87e-05,-4.052076380168273,3,-4.26787805557251
25134,CC(C)C(CCN(C)CCNC(=O)*)N*,CC(C)C(CCN(C)CCNC(=O)[*])N[*],[*]CCN(C)CCNC(=O)NC([*])C(C)C,5.64e-05,-4.248720896016658,2,-4.317877769470215
25135,CCN(CCOC(=O)*)CC(CC(F)F)N*,CCN(CCOC(=O)[*])CC(CC(F)F)N[*],[*]CCOC(=O)NC(CC(F)F)CN([*])CC,4.7e-05,-4.327902142064283,0,-4.281460762023926
25136,CCC(CCCNC(C)C(C)OC(=O)*)O*,CCC(CCCNC(C)C(C)OC(=O)[*])O[*],[*]CCCNC(C)C(C)OC(=O)OC([*])CC,2.91e-05,-4.536107011014093,2,-4.26015043258667
25137,CCCC(CN(CC)CCO*)OC(=O)*,CCCC(CN(CC)CCO[*])OC(=O)[*],[*]CN(CC)CCOC(=O)OC([*])CCC,5.34e-05,-4.272458742971444,0,-4.113045692443848
25138,CCC(CO*)N(C)CC(OC(=O)*)C(C)C,CCC(CO[*])N(C)CC(OC(=O)[*])C(C)C,[*]COC(=O)OC(CN(C)C([*])CC)C(C)C,2.77e-05,-4.557520230935552,0,-4.427393436431885
25139,CCC(CNCC(C)CC(C)O*)OC(=O)*,CCC(CNCC(C)CC(C)O[*])OC(=O)[*],[*]CNCC(C)CC(C)OC(=O)OC([*])CC,2.93e-05,-4.533132379645891,3,-4.296562671661377
25140,CCC(CCCNC(=O)CCN*)OC(=O)*,CCC(CCCNC(=O)CCN[*])OC(=O)[*],[*]CCCNC(=O)CCNC(=O)OC([*])CC,4.96e-05,-4.304518323509803,1,-4.18583869934082
25141,CCC(CNCC(C)CCCOC(=O)*)O*,CCC(CNCC(C)CCCOC(=O)[*])O[*],[*]CNCC(C)CCCOC(=O)OC([*])CC,8.66e-05,-4.062482107982653,3,-4.177433967590332
25142,CCCC(C)(O*)C(=O)NC(C)COC(=O)*,CCCC(C)(O[*])C(=O)NC(C)COC(=O)[*],[*]OC(=O)OCC(C)NC(=O)C([*])(C)CCC,4.07e-05,-4.39040559077478,1,-4.407524585723877
25143,CC(C)C(CCN(C)C(C)COC(=O)*)O*,CC(C)C(CCN(C)C(C)COC(=O)[*])O[*],[*]CCN(C)C(C)COC(=O)OC([*])C(C)C,3.56e-05,-4.448550002027125,1,-4.445540904998779
25144,CCC(CCCNC(=O)CCO*)OC(=O)*,CCC(CCCNC(=O)CCO[*])OC(=O)[*],[*]CCCNC(=O)CCOC(=O)OC([*])CC,5.92e-05,-4.22767829327708,1,-4.2032904624938965
25145,CCC(NCC(C)OC(=O)*)C(O*)C(C)C,CCC(NCC(C)OC(=O)[*])C(O[*])C(C)C,[*]NCC(C)OC(=O)OC(C(C)C)C([*])CC,2.24e-05,-4.649751981665837,1,-4.439383506774902
25146,CCC(CNCC(CNC(=O)*)C(C)C)N*,CCC(CNCC(CNC(=O)[*])C(C)C)N[*],[*]CNCC(CNC(=O)NC([*])CC)C(C)C,5.06e-05,-4.295849483160201,1,-4.318088054656982
25147,CC(C#N)CN(C)C(=O)C(N*)C(C)OC(=O)*,CC(C#N)CN(C)C(=O)C(N[*])C(C)OC(=O)[*],[*]NC(=O)OC(C)C([*])C(=O)N(C)CC(C)C#N,6.04e-05,-4.218963061378868,1,-4.404865741729736
25148,CC(NC(=O)CCCN*)C(C)(C)OC(=O)*,CC(NC(=O)CCCN[*])C(C)(C)OC(=O)[*],[*]NC(=O)CCCNC(=O)OC(C)(C)C([*])C,2.98e-05,-4.525783735923745,1,-4.211843967437744
25149,CCCC(CCOC(=O)*)NC(=O)CCO*,CCCC(CCOC(=O)[*])NC(=O)CCO[*],[*]CCOC(=O)OCCC(=O)NC([*])CCC,6.72e-05,-4.172630726946175,2,-4.2826409339904785
25150,CCCC(CN(CC)C(C)COC(=O)*)O*,CCCC(CN(CC)C(C)COC(=O)[*])O[*],[*]CN(CC)C(C)COC(=O)OC([*])CCC,5.67e-05,-4.246416941107094,3,-4.448614120483398
25151,CC(CN(C)CCC(N*)C(C)C)NC(=O)*,CC(CN(C)CCC(N[*])C(C)C)NC(=O)[*],[*]CN(C)CCC(NC(=O)NC([*])C)C(C)C,4.79e-05,-4.319664486585437,3,-4.372918605804443
25152,CCC(C)CNC(COC(=O)*)C(C)O*,CCC(C)CNC(COC(=O)[*])C(C)O[*],[*]COC(=O)OC(C)C([*])NCC(C)CC,4.35e-05,-4.361510743045363,0,-4.452526092529297
25153,CC(CCCOC(=O)*)CNCC(C)O*,CC(CCCOC(=O)[*])CNCC(C)O[*],[*]CCCOC(=O)OC(C)CNCC([*])C,6.57e-05,-4.182434630440219,2,-4.144360542297363
25154,CCCCCCN(CCNC(=O)*)CCO*,CCCCCCN(CCNC(=O)[*])CCO[*],[*]CCNC(=O)OCCN([*])CCCCCC,7.55e-05,-4.1220530483708115,0,-4.133594989776611
25155,CC(CCOC(=O)*)NCCC(C)(C)CO*,CC(CCOC(=O)[*])NCCC(C)(C)CO[*],[*]CCOC(=O)OCC(C)(C)CCNC([*])C,5e-05,-4.301029995663981,3,-4.431724548339844
25156,CC(CCOC(=O)*)NCC(C)(C)CCO*,CC(CCOC(=O)[*])NCC(C)(C)CCO[*],[*]CCOC(=O)OCCC(C)(C)CNC([*])C,4.34e-05,-4.36251027048749,3,-4.3332743644714355
25157,CC(C)CCC(CNCC(C)O*)OC(=O)*,CC(C)CCC(CNCC(C)O[*])OC(=O)[*],[*]CNCC(C)OC(=O)OC([*])CCC(C)C,6.5e-05,-4.187086643357144,3,-4.367475509643555
25158,CC(C)CCN(CCN*)CCOC(=O)*,CC(C)CCN(CCN[*])CCOC(=O)[*],[*]CCNC(=O)OCCN([*])CCC(C)C,6.11e-05,-4.213958789757446,1,-4.155685901641846
25159,CC(CNCC(CN*)C(C)C)CNC(=O)*,CC(CNCC(CN[*])C(C)C)CNC(=O)[*],[*]CNCC(CNC(=O)NCC([*])C)C(C)C,6.3e-05,-4.200659450546418,0,-4.3378801345825195
25160,CCN(CC(OC(=O)*)C(C)C)C(C)CO*,CCN(CC(OC(=O)[*])C(C)C)C(C)CO[*],[*]CC(OC(=O)OCC(C)N([*])CC)C(C)C,3.26e-05,-4.486782399932061,3,-4.436643600463867
25161,CC(CNCC(C)(C)CC(C)OC(=O)*)O*,CC(CNCC(C)(C)CC(C)OC(=O)[*])O[*],[*]CNCC(C)(C)CC(C)OC(=O)OC([*])C,4.82e-05,-4.31695296176115,0,-4.474400520324707
25162,CC(C)C(CNC(=O)*)CN(C)CCCN*,CC(C)C(CNC(=O)[*])CN(C)CCCN[*],[*]CNC(=O)NCCCN(C)CC([*])C(C)C,4.53e-05,-4.343901797987168,3,-4.192107677459717
25163,CC(CO*)CN(C)C(C)CCOC(=O)*,CC(CO[*])CN(C)C(C)CCOC(=O)[*],[*]COC(=O)OCCC(C)N(C)CC([*])C,5.94e-05,-4.2262135550188065,3,-4.200767517089844
25164,CCC(CC(C)O*)NC(C)CCOC(=O)*,CCC(CC(C)O[*])NC(C)CCOC(=O)[*],[*]CC(C)OC(=O)OCCC(C)NC([*])CC,5.19e-05,-4.284832642151542,0,-4.289495468139648
25165,CCCC(CCO*)NC(C)CCOC(=O)*,CCCC(CCO[*])NC(C)CCOC(=O)[*],[*]CCOC(=O)OCCC(C)NC([*])CCC,7.42e-05,-4.129596094720973,2,-4.285700798034668
25166,C=CC=CCCN(CCNC(=O)*)CCO*,C=CC=CCCN(CCNC(=O)[*])CCO[*],[*]CCNC(=O)OCCN([*])CCC=CC=C,0.000129,-3.889410289700751,3,-3.8890507221221924
25167,CC(N(C)CCCOC(=O)*)C(C)(C)O*,CC(N(C)CCCOC(=O)[*])C(C)(C)O[*],[*]C(C)C(C)(C)OC(=O)OCCCN([*])C,3.35e-05,-4.474955192963154,1,-4.2588090896606445
25168,CC(CCO*)N(C)CCCCOC(=O)*,CC(CCO[*])N(C)CCCCOC(=O)[*],[*]CCOC(=O)OCCCCN(C)C([*])C,0.000113,-3.9469215565165805,1,-4.070888519287109
25169,CC(NCCC(C)(C)CO*)C(C)OC(=O)*,CC(NCCC(C)(C)CO[*])C(C)OC(=O)[*],[*]NCCC(C)(C)COC(=O)OC(C)C([*])C,3.16e-05,-4.5003129173815966,0,-4.466434955596924
25170,CC(COC(=O)C(OC(=O)*)C(C)(C)C)O*,CC(COC(=O)C(OC(=O)[*])C(C)(C)C)O[*],[*]COC(=O)C(OC(=O)OC([*])C)C(C)(C)C,3.59e-05,-4.444905551421681,3,-4.460616588592529
25171,CN(CCOC(=O)*)C(CO*)C(C)(C)C,CN(CCOC(=O)[*])C(CO[*])C(C)(C)C,[*]CCOC(=O)OCC(N([*])C)C(C)(C)C,2.91e-05,-4.536107011014093,3,-4.652179718017578
25172,CN(CCCN*)C(COC(=O)*)C(C)(C)C,CN(CCCN[*])C(COC(=O)[*])C(C)(C)C,[*]CCCNC(=O)OCC(N([*])C)C(C)(C)C,1.47e-05,-4.8326826652518236,3,-4.491231918334961
25173,CNCC(CN(C)C(=O)CCNC(=O)*)O*,CNCC(CN(C)C(=O)CCNC(=O)[*])O[*],[*]CN(C)C(=O)CCNC(=O)OC([*])CNC,8.58e-05,-4.066512712151295,1,-4.341787338256836
25174,CCCC(CN(C)CC(C)(C)O*)OC(=O)*,CCCC(CN(C)CC(C)(C)O[*])OC(=O)[*],[*]CN(C)CC(C)(C)OC(=O)OC([*])CCC,3.37e-05,-4.4723700991286615,0,-4.388831615447998
25175,CCCC(O*)C(=O)OCCCCOC(=O)*,CCCC(O[*])C(=O)OCCCCOC(=O)[*],[*]OC(=O)OCCCCOC(=O)C([*])CCC,8.87e-05,-4.052076380168273,2,-4.234185218811035
25176,CC(C)C(CNCC(C)(C)N*)NC(=O)*,CC(C)C(CNCC(C)(C)N[*])NC(=O)[*],[*]CNCC(C)(C)NC(=O)NC([*])C(C)C,4.01e-05,-4.396855627379818,1,-4.470880031585693
25177,CC(CCN(C)C(C)CCO*)OC(=O)*,CC(CCN(C)C(C)CCO[*])OC(=O)[*],[*]CCN(C)C(C)CCOC(=O)OC([*])C,3.91e-05,-4.407823242604133,3,-4.343535900115967
25178,CC(C)NCC(CC(C)(C)O*)OC(=O)*,CC(C)NCC(CC(C)(C)O[*])OC(=O)[*],[*]CC(C)(C)OC(=O)OC([*])CNC(C)C,2.58e-05,-4.58838029403677,3,-4.596251964569092
25179,CC(CC(C)(C)OC(=O)*)NC(=O)C(C)O*,CC(CC(C)(C)OC(=O)[*])NC(=O)C(C)O[*],[*]CC(C)(C)OC(=O)OC(C)C(=O)NC([*])C,3.48e-05,-4.458420756053419,2,-4.484011650085449
25180,CCC(CC(C)CO*)NCC(C)OC(=O)*,CCC(CC(C)CO[*])NCC(C)OC(=O)[*],[*]CC(C)COC(=O)OC(C)CNC([*])CC,4.83e-05,-4.316052869248487,3,-4.392446517944336
25181,CC(C)CC(C)CNC(CN*)CNC(=O)*,CC(C)CC(C)CNC(CN[*])CNC(=O)[*],[*]CNC(=O)NCC([*])NCC(C)CC(C)C,7.5e-05,-4.1249387366083,1,-4.3505754470825195
25182,CCC(CC#N)NC(=O)C(CNC(=O)*)O*,CCC(CC#N)NC(=O)C(CNC(=O)[*])O[*],[*]CNC(=O)OC([*])C(=O)NC(CC)CC#N,3.72e-05,-4.429457060118103,0,-4.130764007568359
25183,CN(CC(C)(C)CNC(=O)*)CC(C)(C)N*,CN(CC(C)(C)CNC(=O)[*])CC(C)(C)N[*],[*]CC(C)(C)CNC(=O)NC(C)(C)CN([*])C,3.85e-05,-4.414539270491499,1,-4.415846347808838
25184,CC(CNCCCCOC(=O)*)(O*)C(F)F,CC(CNCCCCOC(=O)[*])(O[*])C(F)F,[*]CNCCCCOC(=O)OC([*])(C)C(F)F,6.45e-05,-4.1904402853647325,1,-4.190340042114258
25185,CC(CN(C)CCC(OC(=O)*)C(C)C)O*,CC(CN(C)CCC(OC(=O)[*])C(C)C)O[*],[*]CN(C)CCC(OC(=O)OC([*])C)C(C)C,5.32e-05,-4.274088367704952,1,-4.291473865509033
25186,CCCC(C)(CNC(C)CCOC(=O)*)O*,CCCC(C)(CNC(C)CCOC(=O)[*])O[*],[*]CNC(C)CCOC(=O)OC([*])(C)CCC,3.27e-05,-4.485452247339714,0,-4.344979763031006
25187,CCC=CCCNC(CO*)COC(=O)*,CCC=CCCNC(CO[*])COC(=O)[*],[*]COC(=O)OCC([*])NCCC=CCC,8.89e-05,-4.051098239029787,3,-4.245351791381836
25188,CCCCNC(=O)C(OC(=O)*)C(C)(C)O*,CCCCNC(=O)C(OC(=O)[*])C(C)(C)O[*],[*]OC(=O)OC(C)(C)C([*])C(=O)NCCCC,3.21e-05,-4.493494967595128,3,-4.532637119293213
25189,CCCC(CCO*)NC(=O)C(C)NC(=O)*,CCCC(CCO[*])NC(=O)C(C)NC(=O)[*],[*]CCOC(=O)NC(C)C(=O)NC([*])CCC,3.44e-05,-4.46344155742847,2,-4.3766679763793945
25190,CC(CC#N)N(C)C(=O)C(CNC(=O)*)O*,CC(CC#N)N(C)C(=O)C(CNC(=O)[*])O[*],[*]CNC(=O)OC([*])C(=O)N(C)C(C)CC#N,6.32e-05,-4.199282921717615,3,-4.408572673797607
25191,CCN(CCCOC(=O)*)CC(C)(C)N*,CCN(CCCOC(=O)[*])CC(C)(C)N[*],[*]CCCOC(=O)NC(C)(C)CN([*])CC,6.68e-05,-4.175223537524454,2,-4.3381667137146
25192,CCC(C)C(C)NCC(OC(=O)*)C(C)O*,CCC(C)C(C)NCC(OC(=O)[*])C(C)O[*],[*]OC(=O)OC(C)C([*])CNC(C)C(C)CC,2e-05,-4.698970004336019,2,-4.5212788581848145
25193,CCC(CC)(OC(=O)*)C(C)(C)NCCO*,CCC(CC)(OC(=O)[*])C(C)(C)NCCO[*],[*]OC(=O)OCCNC(C)(C)C([*])(CC)CC,1.81e-05,-4.7423214251308154,0,-4.350788116455078
25194,O=C(*)OCC(=O)OCCCCCCO*,O=C([*])OCC(=O)OCCCCCCO[*],[*]COC(=O)OCCCCCCOC([*])=O,7.55e-05,-4.1220530483708115,2,-4.052421569824219
25195,CC(C)(CNC(CCN*)C(F)F)NC(=O)*,CC(C)(CNC(CCN[*])C(F)F)NC(=O)[*],[*]CNC(CCNC(=O)NC([*])(C)C)C(F)F,0.000104,-3.9829666607012197,1,-4.273622989654541
25196,CCCC(O*)C(=O)OCC(C)OC(=O)*,CCCC(O[*])C(=O)OCC(C)OC(=O)[*],[*]OC(=O)OC(C)COC(=O)C([*])CCC,2.46e-05,-4.609064892896621,1,-4.3301262855529785
25197,CC(C)CN(CC(C)OC(=O)*)C(C)CO*,CC(C)CN(CC(C)OC(=O)[*])C(C)CO[*],[*]CC(C)OC(=O)OCC(C)N([*])CC(C)C,3.44e-05,-4.46344155742847,0,-4.381349086761475
25198,CC(CNCC(C)OC(=O)*)CC(C)O*,CC(CNCC(C)OC(=O)[*])CC(C)O[*],[*]CNCC(C)OC(=O)OC(C)CC([*])C,3.16e-05,-4.5003129173815966,1,-4.18978214263916
25199,CCC(C)(OC(=O)*)C(=O)OCC(C)CO*,CCC(C)(OC(=O)[*])C(=O)OCC(C)CO[*],[*]OC(=O)OCC(C)COC(=O)C([*])(C)CC,3.47e-05,-4.459670525209126,1,-4.411115646362305
25200,CCCC(CCNCC(CC)OC(=O)*)O*,CCCC(CCNCC(CC)OC(=O)[*])O[*],[*]CCNCC(CC)OC(=O)OC([*])CCC,3.24e-05,-4.489454989793388,3,-4.365484237670898
25201,CCC(C)N(CCOC(=O)*)CCC(C)O*,CCC(C)N(CCOC(=O)[*])CCC(C)O[*],[*]CCOC(=O)OC(C)CCN([*])C(C)CC,4.44e-05,-4.35261702988538,2,-4.295318603515625
25202,CC(C)CCCN(CCN*)CCOC(=O)*,CC(C)CCCN(CCN[*])CCOC(=O)[*],[*]CCNC(=O)OCCN([*])CCCC(C)C,5.12e-05,-4.29073003902417,2,-4.2590789794921875
25203,CC(CCCN*)NCC(C)(C)NC(=O)*,CC(CCCN[*])NCC(C)(C)NC(=O)[*],[*]CCCNC(=O)NC(C)(C)CNC([*])C,6.23e-05,-4.205511953340831,3,-4.18427038192749
25204,CCC(NC(C)CCO*)C(C)(C)OC(=O)*,CCC(NC(C)CCO[*])C(C)(C)OC(=O)[*],[*]NC(C)CCOC(=O)OC(C)(C)C([*])CC,3.79e-05,-4.421360790031928,2,-4.349435329437256
25205,CC(C)=CCCN(CCO*)CCOC(=O)*,CC(C)=CCCN(CCO[*])CCOC(=O)[*],[*]CCOC(=O)OCCN([*])CCC=C(C)C,9.19e-05,-4.036684488613889,2,-4.064855575561523
25206,CN(CCCNC(=O)*)CC(CC(F)F)N*,CN(CCCNC(=O)[*])CC(CC(F)F)N[*],[*]CCCNC(=O)NC(CC(F)F)CN([*])C,7.71e-05,-4.112945621949043,0,-4.216837406158447
25207,CC(CN(C)C(C)CCOC(=O)*)O*,CC(CN(C)C(C)CCOC(=O)[*])O[*],[*]CN(C)C(C)CCOC(=O)OC([*])C,5.9e-05,-4.229147988357856,0,-4.246044158935547
25208,CC(CCO*)N(C)CCCOC(=O)*,CC(CCO[*])N(C)CCCOC(=O)[*],[*]CCOC(=O)OCCCN(C)C([*])C,8.89e-05,-4.051098239029787,3,-4.1026835441589355
25209,CC(C)(C)CN(CCCNC(=O)*)CCO*,CC(C)(C)CN(CCCNC(=O)[*])CCO[*],[*]CCCNC(=O)OCCN([*])CC(C)(C)C,3.18e-05,-4.497572880015567,3,-4.234728813171387
25210,CCC(CCCNCC(C)OC(=O)*)O*,CCC(CCCNCC(C)OC(=O)[*])O[*],[*]CCCNCC(C)OC(=O)OC([*])CC,3.86e-05,-4.413412695328245,0,-4.157253742218018
25211,CCC(C)NC(=O)C(O*)C(C)(C)OC(=O)*,CCC(C)NC(=O)C(O[*])C(C)(C)OC(=O)[*],[*]OC(=O)OC(C)(C)C([*])C(=O)NC(C)CC,5.16e-05,-4.287350298372789,2,-4.497073650360107
25212,CC(CCO*)CNC(C)CCOC(=O)*,CC(CCO[*])CNC(C)CCOC(=O)[*],[*]CCOC(=O)OCCC(C)NCC([*])C,0.000121,-3.9172146296835497,3,-4.072571754455566
25213,CCCN(CC(C)OC(=O)*)CC(C)(C)O*,CCCN(CC(C)OC(=O)[*])CC(C)(C)O[*],[*]CC(C)OC(=O)OC(C)(C)CN([*])CCC,3.92e-05,-4.406713932979542,0,-4.4264702796936035
25214,CCC(C)(CN(C)CC(C)(C)N*)OC(=O)*,CCC(C)(CN(C)CC(C)(C)N[*])OC(=O)[*],[*]CN(C)CC(C)(C)NC(=O)OC([*])(C)CC,5.59e-05,-4.252588192113577,1,-4.40512752532959
25215,CN(CCCNC(=O)*)CC(C)(C)CN*,CN(CCCNC(=O)[*])CC(C)(C)CN[*],[*]CCCNC(=O)NCC(C)(C)CN([*])C,3.25e-05,-4.488116639021126,2,-4.3922576904296875
25216,CC(C)C(CCN(C)CCCN*)NC(=O)*,CC(C)C(CCN(C)CCCN[*])NC(=O)[*],[*]CCN(C)CCCNC(=O)NC([*])C(C)C,6.45e-05,-4.1904402853647325,1,-4.442444801330566
25217,CCCC(CCNC(=O)C(C)O*)OC(=O)*,CCCC(CCNC(=O)C(C)O[*])OC(=O)[*],[*]CCNC(=O)C(C)OC(=O)OC([*])CCC,3.33e-05,-4.47755576649368,2,-4.305589199066162
25218,CC(CCCCN*)NCC=CCOC(=O)*,CC(CCCCN[*])NCC=CCOC(=O)[*],[*]CCCCNC(=O)OCC=CCNC([*])C,0.0001,-4.0,0,-4.0162153244018555
25219,CCN(CCN*)CC(CC(F)F)NC(=O)*,CCN(CCN[*])CC(CC(F)F)NC(=O)[*],[*]CCNC(=O)NC(CC(F)F)CN([*])CC,6.7e-05,-4.173925197299174,1,-4.03128719329834
25220,CCN(C(=O)CC(CNC(=O)*)O*)C(C)C#N,CCN(C(=O)CC(CNC(=O)[*])O[*])C(C)C#N,[*]CNC(=O)OC([*])CC(=O)N(CC)C(C)C#N,3.88e-05,-4.411168274405793,3,-4.146378993988037
25221,CCC(CNCCCC(CC)OC(=O)*)O*,CCC(CNCCCC(CC)OC(=O)[*])O[*],[*]CCCNCC(CC)OC(=O)OC([*])CC,5.12e-05,-4.29073003902417,2,-4.255290985107422
25222,CC(C)C(CNC(C)C(C)OC(=O)*)CO*,CC(C)C(CNC(C)C(C)OC(=O)[*])CO[*],[*]CNC(C)C(C)OC(=O)OCC([*])C(C)C,1.9e-05,-4.721246399047171,3,-4.326918601989746
25223,CCCC(OC(=O)*)C(=O)OCCCO*,CCCC(OC(=O)[*])C(=O)OCCCO[*],[*]OC(=O)OCCCOC(=O)C([*])CCC,0.000124,-3.906578314837765,0,-4.294162273406982
25224,CCC(CC)(CNC(=O)CCOC(=O)*)O*,CCC(CC)(CNC(=O)CCOC(=O)[*])O[*],[*]CNC(=O)CCOC(=O)OC([*])(CC)CC,2.47e-05,-4.607303046740334,1,-4.349518775939941
25225,CCCC(CCOC(=O)*)NCC(C)(C)O*,CCCC(CCOC(=O)[*])NCC(C)(C)O[*],[*]CCOC(=O)OC(C)(C)CNC([*])CCC,4.21e-05,-4.375717904164332,0,-4.381277561187744
25226,CC(CNC(=O)*)N(C)CCCCCCN*,CC(CNC(=O)[*])N(C)CCCCCCN[*],[*]CNC(=O)NCCCCCCN(C)C([*])C,0.000106,-3.9746941347352296,3,-4.130587577819824
25227,CC(CNC(C)CCOC(=O)*)CC(C)O*,CC(CNC(C)CCOC(=O)[*])CC(C)O[*],[*]CNC(C)CCOC(=O)OC(C)CC([*])C,5.84e-05,-4.2335871528876,1,-4.130077838897705
25228,CCC(CNC(=O)C(C)(CC)OC(=O)*)O*,CCC(CNC(=O)C(C)(CC)OC(=O)[*])O[*],[*]CNC(=O)C(C)(CC)OC(=O)OC([*])CC,5.63e-05,-4.249491605148654,1,-4.334568977355957
25229,CCN(CCO*)CCC(OC(=O)*)C(C)C,CCN(CCO[*])CCC(OC(=O)[*])C(C)C,[*]CCOC(=O)OC(CCN([*])CC)C(C)C,6.86e-05,-4.163675884293248,3,-4.2525858879089355
25230,CC(CN(C)CC(CN*)C(C)C)NC(=O)*,CC(CN(C)CC(CN[*])C(C)C)NC(=O)[*],[*]CN(C)CC(CNC(=O)NC([*])C)C(C)C,4.69e-05,-4.328827157284917,2,-4.511209487915039
25231,CC(CNC(CNC(=O)*)C(C)(C)C)N*,CC(CNC(CNC(=O)[*])C(C)(C)C)N[*],[*]CNC(CNC(=O)NC([*])C)C(C)(C)C,6.72e-05,-4.172630726946175,3,-4.405745029449463
25232,CCCC(CN(C)CCC(C)O*)OC(=O)*,CCCC(CN(C)CCC(C)O[*])OC(=O)[*],[*]CN(C)CCC(C)OC(=O)OC([*])CCC,4.81e-05,-4.317854923626168,3,-4.223772048950195
25233,CC(CCN*)NCC(C)(C)NC(=O)*,CC(CCN[*])NCC(C)(C)NC(=O)[*],[*]CCNC(=O)NC(C)(C)CNC([*])C,9.78e-05,-4.009661145212399,2,-4.17027473449707
25234,CC(CN(C)CCCCCCNC(=O)*)N*,CC(CN(C)CCCCCCNC(=O)[*])N[*],[*]CN(C)CCCCCCNC(=O)NC([*])C,0.000106,-3.9746941347352296,2,-4.074204921722412
25235,CCC(CNC(C)CC(C)(C)OC(=O)*)O*,CCC(CNC(C)CC(C)(C)OC(=O)[*])O[*],[*]CNC(C)CC(C)(C)OC(=O)OC([*])CC,3.53e-05,-4.452225294612178,0,-4.457284927368164
25236,CN(CCCOC(=O)*)C(CO*)C(C)(C)C,CN(CCCOC(=O)[*])C(CO[*])C(C)(C)C,[*]CCCOC(=O)OCC(N([*])C)C(C)(C)C,3.19e-05,-4.496209316942819,2,-4.555278301239014
25237,CC(CCOC(=O)*)N(C)CCC(C)(C)O*,CC(CCOC(=O)[*])N(C)CCC(C)(C)O[*],[*]CCOC(=O)OC(C)(C)CCN(C)C([*])C,5.76e-05,-4.239577516576788,3,-4.346977710723877
25238,CC(CCN(C)CC(C)(C)NC(=O)*)O*,CC(CCN(C)CC(C)(C)NC(=O)[*])O[*],[*]CCN(C)CC(C)(C)NC(=O)OC([*])C,3.23e-05,-4.490797477668897,0,-4.31355094909668
25239,CCCC(CN(C)CCCOC(=O)*)O*,CCCC(CN(C)CCCOC(=O)[*])O[*],[*]CN(C)CCCOC(=O)OC([*])CCC,9.18e-05,-4.037157318798758,0,-4.214181423187256
25240,O=C(CCO*)NCCCCCCOC(=O)*,O=C(CCO[*])NCCCCCCOC(=O)[*],[*]CCOC(=O)OCCCCCCNC([*])=O,7.89e-05,-4.102922996790579,0,-4.04461669921875
25241,CCC(CCNC(C)CCOC(=O)*)O*,CCC(CCNC(C)CCOC(=O)[*])O[*],[*]CCNC(C)CCOC(=O)OC([*])CC,0.000116,-3.9355420107730814,3,-4.144307613372803
25242,CCC(NC(C)CCOC(=O)*)C(C)O*,CCC(NC(C)CCOC(=O)[*])C(C)O[*],[*]NC(C)CCOC(=O)OC(C)C([*])CC,7.89e-05,-4.102922996790579,1,-4.300586700439453
25243,CC(NC(COC(=O)*)C(C)(C)C)C(C)O*,CC(NC(COC(=O)[*])C(C)(C)C)C(C)O[*],[*]NC(COC(=O)OC(C)C([*])C)C(C)(C)C,1.14e-05,-4.943095148663527,3,-4.461767196655273
25244,CCC(CC)(CNCC(C)(C)N*)NC(=O)*,CCC(CC)(CNCC(C)(C)N[*])NC(=O)[*],[*]CNCC(C)(C)NC(=O)NC([*])(CC)CC,5.08e-05,-4.294136287716081,0,-4.2933349609375
25245,CC(C)CC(CO*)NC(C)CCOC(=O)*,CC(C)CC(CO[*])NC(C)CCOC(=O)[*],[*]COC(=O)OCCC(C)NC([*])CC(C)C,4.3e-05,-4.366531544420414,2,-4.335003852844238
25246,CC(CNC(CO*)CC(C)(C)C)OC(=O)*,CC(CNC(CO[*])CC(C)(C)C)OC(=O)[*],[*]CNC(COC(=O)OC([*])C)CC(C)(C)C,6.01e-05,-4.221125527997261,0,-4.476624965667725
25247,CC(C)(CNCCC(C)(C)NC(=O)*)N*,CC(C)(CNCCC(C)(C)NC(=O)[*])N[*],[*]CCNCC(C)(C)NC(=O)NC([*])(C)C,5.72e-05,-4.242603971206976,1,-4.256597995758057
25248,CCCC(CN(CCC)CCOC(=O)*)O*,CCCC(CN(CCC)CCOC(=O)[*])O[*],[*]CN(CCC)CCOC(=O)OC([*])CCC,3.25e-05,-4.488116639021126,1,-4.3422369956970215
25249,CC(C)CC(CNC(C)CCOC(=O)*)O*,CC(C)CC(CNC(C)CCOC(=O)[*])O[*],[*]CNC(C)CCOC(=O)OC([*])CC(C)C,4.88e-05,-4.311580177997289,2,-4.2277727127075195
25250,CC=CCC(COC(=O)*)NCC(CC)O*,CC=CCC(COC(=O)[*])NCC(CC)O[*],[*]COC(=O)OC(CC)CNC([*])CC=CC,4.18e-05,-4.3788237182249645,1,-4.168067932128906
25251,CCC(CC)CNC(CN*)CNC(=O)*,CCC(CC)CNC(CN[*])CNC(=O)[*],[*]CNC(=O)NCC([*])NCC(CC)CC,3.25e-05,-4.488116639021126,2,-4.262612342834473
25252,CC(C)(C)CCN(CCNC(=O)*)CCO*,CC(C)(C)CCN(CCNC(=O)[*])CCO[*],[*]CCNC(=O)OCCN([*])CCC(C)(C)C,3.87e-05,-4.412289034981089,0,-4.190165042877197
25253,CCC(CC)CN(CCNC(=O)*)CCO*,CCC(CC)CN(CCNC(=O)[*])CCO[*],[*]CCNC(=O)OCCN([*])CC(CC)CC,6.87e-05,-4.16304326294045,2,-4.299597263336182
25254,CC(CCOC(=O)*)NC(CCO*)C(C)C,CC(CCOC(=O)[*])NC(CCO[*])C(C)C,[*]CCOC(=O)OCCC(NC([*])C)C(C)C,6.26e-05,-4.20342566678957,2,-4.288647651672363
25255,CC(CCCCN*)NCC(C)(C)NC(=O)*,CC(CCCCN[*])NCC(C)(C)NC(=O)[*],[*]CCCCNC(=O)NC(C)(C)CNC([*])C,7.2e-05,-4.142667503568732,2,-4.245293617248535
25256,CC(C)=CCCN(CCNC(=O)*)CCO*,CC(C)=CCCN(CCNC(=O)[*])CCO[*],[*]CCNC(=O)OCCN([*])CCC=C(C)C,7.7e-05,-4.113509274827518,2,-4.131259918212891
25257,CCC(CCCNC(C)CCOC(=O)*)O*,CCC(CCCNC(C)CCOC(=O)[*])O[*],[*]CCCNC(C)CCOC(=O)OC([*])CC,4.49e-05,-4.347753658996677,1,-4.090378761291504
26438,O=C(*)OC(CF)CO*,O=C([*])OC(CF)CO[*],[*]OCC(CF)OC([*])=O,6.76e-05,-4.170053304058364,1,-4.458774566650391
26439,O=C(*)OC(CN*)C(F)(F)F,O=C([*])OC(CN[*])C(F)(F)F,[*]NCC(OC([*])=O)C(F)(F)F,6.22e-05,-4.206209615309182,1,-4.5514116287231445
26440,CC(C)(OC(=O)*)C(O*)C(=O)O,CC(C)(OC(=O)[*])C(O[*])C(=O)O,[*]OC(=O)OC(C(=O)O)C([*])(C)C,2.66e-05,-4.575118363368933,2,-4.597488880157471
26441,C#CC(CC)NCC(CC(C)(C)O*)OC(=O)*,C#CC(CC)NCC(CC(C)(C)O[*])OC(=O)[*],[*]CC(C)(C)OC(=O)OC([*])CNC(C#C)CC,2.17e-05,-4.663540266151471,1,-4.516754627227783
26442,CCC(O*)C(NC(=O)*)C(=O)O,CCC(O[*])C(NC(=O)[*])C(=O)O,[*]OC(=O)NC(C(=O)O)C([*])CC,5.49e-05,-4.260427655549908,2,-4.61240291595459
26443,C=CCCCNC(=O)C(CCCN*)NC(=O)*,C=CCCCNC(=O)C(CCCN[*])NC(=O)[*],[*]CCCNC(=O)NC([*])C(=O)NCCCC=C,8.89e-05,-4.051098239029787,1,-4.186933517456055
26444,O=C(*)OCC(O*)C(F)(F)F,O=C([*])OCC(O[*])C(F)(F)F,[*]OCC(OC([*])=O)C(F)(F)F,2.27e-05,-4.6439741428068775,0,-4.513360977172852
26445,CC(CO*)COC(=O)*,CC(CO[*])COC(=O)[*],[*]COC(=O)OCC([*])C,4.85e-05,-4.314258261397736,2,-4.207623481750488
26446,C=CC(C)(CNCC(CC)N*)OC(=O)*,C=CC(C)(CNCC(CC)N[*])OC(=O)[*],[*]CNCC(CC)NC(=O)OC([*])(C)C=C,4.64e-05,-4.333482019445119,1,-4.271197319030762
26447,CCOC(=O)CC(CO*)OC(=O)*,CCOC(=O)CC(CO[*])OC(=O)[*],[*]COC(=O)OC([*])CC(=O)OCC,4.87e-05,-4.3124710387853655,0,-4.313594818115234
26448,CCC(CO*)(NC(=O)*)NC(C)CCCC#N,CCC(CO[*])(NC(=O)[*])NC(C)CCCC#N,[*]COC(=O)NC([*])(CC)NC(C)CCCC#N,4.47e-05,-4.349692476868063,0,-4.2831830978393555
26449,C=CC(C)NCC(CC(C)(C)O*)OC(=O)*,C=CC(C)NCC(CC(C)(C)O[*])OC(=O)[*],[*]CC(C)(C)OC(=O)OC([*])CNC(C)C=C,5.81e-05,-4.235823867609669,3,-4.504845142364502
26450,O=C(*)NC(CSCCO*)C(=O)O,O=C([*])NC(CSCCO[*])C(=O)O,[*]NC(CSCCOC([*])=O)C(=O)O,5.51e-05,-4.258848401148215,1,-4.308466911315918
26451,C=CC(CNCC(O*)C(F)(F)F)OC(=O)*,C=CC(CNCC(O[*])C(F)(F)F)OC(=O)[*],[*]CNCC(OC(=O)OC([*])C=C)C(F)(F)F,6.05e-05,-4.218244625347531,2,-4.1701273918151855
26452,COCC(C)(CO*)COC(=O)*,COCC(C)(CO[*])COC(=O)[*],[*]COC(=O)OCC([*])(C)COC,5.48e-05,-4.261219441515631,0,-4.470675468444824
26453,CC(CCCN*)(NC(=O)*)C(=O)O,CC(CCCN[*])(NC(=O)[*])C(=O)O,[*]CCCNC(=O)NC([*])(C)C(=O)O,2.92e-05,-4.534617148551582,1,-4.403839111328125
26454,CC(CCOC(=O)*)SCC(CC#N)O*,CC(CCOC(=O)[*])SCC(CC#N)O[*],[*]CCOC(=O)OC(CC#N)CSC([*])C,6.18e-05,-4.209011524911184,3,-4.228672504425049
26455,C=CCCC(CN(C)CCNC(=O)*)O*,C=CCCC(CN(C)CCNC(=O)[*])O[*],[*]CN(C)CCNC(=O)OC([*])CCC=C,0.000113,-3.9469215565165805,1,-4.144399642944336
26456,CC(COCC#CC(C)(C)OC(=O)*)O*,CC(COCC#CC(C)(C)OC(=O)[*])O[*],[*]COCC#CC(C)(C)OC(=O)OC([*])C,7.12e-05,-4.147520006363144,1,-4.488692760467529
26457,C=CCN(CCC#N)CC(OC(=O)*)C(C)O*,C=CCN(CCC#N)CC(OC(=O)[*])C(C)O[*],[*]OC(=O)OC(C)C([*])CN(CC=C)CCC#N,0.000131,-3.8827287043442356,1,-4.097065448760986
26458,C=C(C)CC(COC(=O)*)NC(C)C(C)O*,C=C(C)CC(COC(=O)[*])NC(C)C(C)O[*],[*]COC(=O)OC(C)C(C)NC([*])CC(=C)C,5.12e-05,-4.29073003902417,1,-4.329705238342285
26459,CCOC(OCC)C(CO*)OC(=O)*,CCOC(OCC)C(CO[*])OC(=O)[*],[*]COC(=O)OC([*])C(OCC)OCC,9.81e-05,-4.008330992620052,3,-4.281975269317627
26460,C=CC(COC(=O)*)NCC(CCCC)O*,C=CC(COC(=O)[*])NCC(CCCC)O[*],[*]COC(=O)OC(CCCC)CNC([*])C=C,9.88e-05,-4.005243055412372,1,-4.085501670837402
26461,O=C(*)NCCCC(N*)(C(=O)O)C(F)F,O=C([*])NCCCC(N[*])(C(=O)O)C(F)F,[*]NCCCC(NC([*])=O)(C(=O)O)C(F)F,5.54e-05,-4.2564902352715706,2,-4.448503494262695
26462,C=CCCC(CNCC(C)OC(=O)*)O*,C=CCCC(CNCC(C)OC(=O)[*])O[*],[*]CNCC(C)OC(=O)OC([*])CCC=C,5.34e-05,-4.272458742971444,1,-4.226548671722412
26463,CC(CCCC#N)N(CCNC(=O)*)CCO*,CC(CCCC#N)N(CCNC(=O)[*])CCO[*],[*]CCNC(=O)OCCN([*])C(C)CCCC#N,9e-05,-4.045757490560675,3,-4.012127876281738
26464,O=C(*)NC(CCCCN*)C(=O)O,O=C([*])NC(CCCCN[*])C(=O)O,[*]NCCCCC(NC([*])=O)C(=O)O,6.24e-05,-4.204815410317576,1,-4.306027412414551
26465,C=CC(CNC(CCC)COC(=O)*)O*,C=CC(CNC(CCC)COC(=O)[*])O[*],[*]CNC(CCC)COC(=O)OC([*])C=C,5.63e-05,-4.249491605148654,0,-4.241567134857178
26466,C=CCCC(CN(C)CCCN*)OC(=O)*,C=CCCC(CN(C)CCCN[*])OC(=O)[*],[*]CN(C)CCCNC(=O)OC([*])CCC=C,7.08e-05,-4.149966742310231,3,-4.133808612823486
26467,C=CCCC(CNC(CC)COC(=O)*)O*,C=CCCC(CNC(CC)COC(=O)[*])O[*],[*]CNC(CC)COC(=O)OC([*])CCC=C,4.58e-05,-4.33913452199613,2,-4.198427200317383
26468,C#CC(C)(CC)NCC(O*)C(C)(C)OC(=O)*,C#CC(C)(CC)NCC(O[*])C(C)(C)OC(=O)[*],[*]OC(=O)OC(C)(C)C([*])CNC(C)(C#C)CC,3.44e-05,-4.46344155742847,2,-4.669271469116211
26469,C=CCN(CC(CO*)OC(=O)*)C(C)C,C=CCN(CC(CO[*])OC(=O)[*])C(C)C,[*]COC(=O)OC([*])CN(CC=C)C(C)C,0.00011,-3.958607314841775,1,-4.3886919021606445
26470,C=CCC(CNC(C)C(C)O*)COC(=O)*,C=CCC(CNC(C)C(C)O[*])COC(=O)[*],[*]CNC(C)C(C)OC(=O)OCC([*])CC=C,7.04e-05,-4.152427340857888,0,-4.382909774780273
26471,C=CC(C)(CNCCC(C)N*)OC(=O)*,C=CC(C)(CNCCC(C)N[*])OC(=O)[*],[*]CNCCC(C)NC(=O)OC([*])(C)C=C,4.67e-05,-4.330683119433888,2,-4.319016456604004
26472,O=C(*)OCCN(CCO*)CC(F)(F)F,O=C([*])OCCN(CCO[*])CC(F)(F)F,[*]OCCN(CCOC([*])=O)CC(F)(F)F,5.49e-05,-4.260427655549908,2,-3.995633602142334
26473,C=CCC(CC(C)O*)OC(=O)*,C=CCC(CC(C)O[*])OC(=O)[*],[*]CC(C)OC(=O)OC([*])CC=C,2.91e-05,-4.536107011014093,2,-4.50104284286499
26474,CC(COC(=O)*)C(C)N*,CC(COC(=O)[*])C(C)N[*],[*]COC(=O)NC(C)C([*])C,2.03e-05,-4.692503962086787,0,-4.351502895355225
26475,C#CC(C)NCC(CC(C)(C)OC(=O)*)O*,C#CC(C)NCC(CC(C)(C)OC(=O)[*])O[*],[*]CC(C)(C)OC(=O)OC([*])CNC(C)C#C,1.89e-05,-4.723538195826756,2,-4.376820087432861
26476,C#CCN(CC)CC(CC(C)(C)O*)OC(=O)*,C#CCN(CC)CC(CC(C)(C)O[*])OC(=O)[*],[*]CC(C)(C)OC(=O)OC([*])CN(CC)CC#C,4.09e-05,-4.388276691992658,2,-4.531574249267578
26477,CC(C)OC(=O)C(CO*)NC(=O)*,CC(C)OC(=O)C(CO[*])NC(=O)[*],[*]COC(=O)NC([*])C(=O)OC(C)C,3.26e-05,-4.486782399932061,2,-4.414420127868652
26478,C=CCCC(C)NCC(CN*)OC(=O)*,C=CCCC(C)NCC(CN[*])OC(=O)[*],[*]CNC(=O)OC([*])CNC(C)CCC=C,5.33e-05,-4.273272790973428,1,-4.28773832321167
26479,C=C(C)CN(C)CC(OC(=O)*)C(C)O*,C=C(C)CN(C)CC(OC(=O)[*])C(C)O[*],[*]OC(=O)OC(C)C([*])CN(C)CC(=C)C,4.36e-05,-4.360513510731414,1,-4.34049654006958
26480,C#CCCCN(CC(C)OC(=O)*)C(C)CO*,C#CCCCN(CC(C)OC(=O)[*])C(C)CO[*],[*]CC(C)OC(=O)OCC(C)N([*])CCCC#C,2.26e-05,-4.645891560852599,0,-4.345820426940918
26481,C=C(C)CN(CC)C(=O)C(CCN*)NC(=O)*,C=C(C)CN(CC)C(=O)C(CCN[*])NC(=O)[*],[*]CCNC(=O)NC([*])C(=O)N(CC)CC(=C)C,3.58e-05,-4.446116973356125,0,-4.418385982513428
26482,C=CC(C)(CN(C)CC(CC)NC(=O)*)O*,C=CC(C)(CN(C)CC(CC)NC(=O)[*])O[*],[*]CN(C)CC(CC)NC(=O)OC([*])(C)C=C,3.28e-05,-4.484126156288321,0,-4.355114936828613
26483,N=C(NCCOC(=O)*)C(N)=NCCO*,N=C(NCCOC(=O)[*])C(N)=NCCO[*],[*]NCCOC(=O)OCCN=C(N)C([*])=N,9.33e-05,-4.0301183562535,0,-4.028722763061523
26484,C=CCCC(C)NC(CC)(CO*)NC(=O)*,C=CCCC(C)NC(CC)(CO[*])NC(=O)[*],[*]COC(=O)NC([*])(CC)NC(C)CCC=C,4.22e-05,-4.374687549038326,0,-4.381670951843262
26485,C=CC(C)(CNCC(F)(F)COC(=O)*)O*,C=CC(C)(CNCC(F)(F)COC(=O)[*])O[*],[*]CNCC(F)(F)COC(=O)OC([*])(C)C=C,6.47e-05,-4.189095719331299,0,-4.286445140838623
26486,C=CC(CNC(CCCC)CO*)OC(=O)*,C=CC(CNC(CCCC)CO[*])OC(=O)[*],[*]CNC(CCCC)COC(=O)OC([*])C=C,5.54e-05,-4.2564902352715706,1,-4.248712062835693
26487,CC(CNCC(C)OC(=O)*)O*,CC(CNCC(C)OC(=O)[*])O[*],[*]CNCC(C)OC(=O)OC([*])C,7.95e-05,-4.0996328713435295,1,-4.175189971923828
26488,C=CCCC(C)NC(COC(=O)*)C(C)O*,C=CCCC(C)NC(COC(=O)[*])C(C)O[*],[*]COC(=O)OC(C)C([*])NC(C)CCC=C,2.07e-05,-4.684029654543083,2,-4.451251029968262
26489,CN(C)C(C)(CO*)COC(=O)*,CN(C)C(C)(CO[*])COC(=O)[*],[*]COC(=O)OCC([*])(C)N(C)C,2.72e-05,-4.565431095965801,3,-4.435824871063232
26490,CC(CCO*)OC(=O)*,CC(CCO[*])OC(=O)[*],[*]CCOC(=O)OC([*])C,0.000131,-3.8827287043442356,3,-4.11817741394043
26491,CC(C)(CN*)CNC(=O)*,CC(C)(CN[*])CNC(=O)[*],[*]CNC(=O)NCC([*])(C)C,2.87e-05,-4.542118103266008,3,-4.464343070983887
26492,CCC(C#N)(CC)NCC(CO*)OC(=O)*,CCC(C#N)(CC)NCC(CO[*])OC(=O)[*],[*]COC(=O)OC([*])CNC(C#N)(CC)CC,3.69e-05,-4.432973633840939,0,-4.582023620605469
26493,CCC(N*)C(OC(=O)*)C(=O)OC,CCC(N[*])C(OC(=O)[*])C(=O)OC,[*]NC(=O)OC(C(=O)OC)C([*])CC,3.57e-05,-4.447331783887806,2,-4.556899547576904
26494,COCC(CCOC(=O)*)N*,COCC(CCOC(=O)[*])N[*],[*]CCOC(=O)NC([*])COC,3.87e-05,-4.412289034981089,0,-4.2383809089660645
26495,CCCCC(N*)C(OC(=O)*)C(=O)O,CCCCC(N[*])C(OC(=O)[*])C(=O)O,[*]NC(=O)OC(C(=O)O)C([*])CCCC,1.89e-05,-4.723538195826756,1,-4.503720760345459
26496,CC(CCNC(=O)*)O*,CC(CCNC(=O)[*])O[*],[*]CCNC(=O)OC([*])C,4.01e-05,-4.396855627379818,0,-4.26008415222168
26497,C=CCC(C)(COC(=O)*)N*,C=CCC(C)(COC(=O)[*])N[*],[*]COC(=O)NC([*])(C)CC=C,5.24e-05,-4.280668713016273,2,-4.47171688079834
26498,CC(C)(C#CC#CC(C)(C)NC(=O)*)N*,CC(C)(C#CC#CC(C)(C)NC(=O)[*])N[*],[*]C#CC#CC(C)(C)NC(=O)NC([*])(C)C,3.32e-05,-4.478861916295964,3,-4.639129638671875
26499,O=C(*)NCC(F)(F)CN*,O=C([*])NCC(F)(F)CN[*],[*]NCC(F)(F)CNC([*])=O,8.78e-05,-4.056505484093897,1,-4.167021751403809
26500,C=CC(C)(CNCCC(C)OC(=O)*)O*,C=CC(C)(CNCCC(C)OC(=O)[*])O[*],[*]CNCCC(C)OC(=O)OC([*])(C)C=C,7.26e-05,-4.139063379299906,3,-4.320471286773682
26501,CN(C)CC(C)(CNC(=O)*)O*,CN(C)CC(C)(CNC(=O)[*])O[*],[*]CNC(=O)OC([*])(C)CN(C)C,3.82e-05,-4.4179366370882915,0,-4.259884834289551
26502,O=C(*)NCC(O*)C(F)F,O=C([*])NCC(O[*])C(F)F,[*]NCC(OC([*])=O)C(F)F,3.38e-05,-4.471083299722345,1,-4.344715118408203
26503,CC(CNC(=O)*)N*,CC(CNC(=O)[*])N[*],[*]CNC(=O)NC([*])C,3.91e-05,-4.407823242604133,2,-4.19683837890625
26504,CC(C)C(CO*)NC(=O)*,CC(C)C(CO[*])NC(=O)[*],[*]COC(=O)NC([*])C(C)C,4.57e-05,-4.34008379993015,1,-4.457310676574707
26505,CC(CCC#N)CN(CCN*)CCOC(=O)*,CC(CCC#N)CN(CCN[*])CCOC(=O)[*],[*]CCNC(=O)OCCN([*])CC(C)CCC#N,0.000107,-3.9706162223147903,3,-4.023687839508057
26506,C=C(C)CN(CC)CC(O*)C(C)OC(=O)*,C=C(C)CN(CC)CC(O[*])C(C)OC(=O)[*],[*]OC(=O)OC(C)C([*])CN(CC)CC(=C)C,4.84e-05,-4.315154638355588,3,-4.433804512023926
26507,CCN(CC)CC(CNC(=O)*)O*,CCN(CC)CC(CNC(=O)[*])O[*],[*]CNC(=O)OC([*])CN(CC)CC,4.66e-05,-4.33161408331,1,-4.227439880371094
26508,C=CC(C)(CNC(C)CCOC(=O)*)O*,C=CC(C)(CNC(C)CCOC(=O)[*])O[*],[*]CNC(C)CCOC(=O)OC([*])(C)C=C,9.24e-05,-4.0343280287798935,2,-4.28325891494751
26509,CC(CO*)(COC(=O)*)C(=O)O,CC(CO[*])(COC(=O)[*])C(=O)O,[*]COC(=O)OCC([*])(C)C(=O)O,2.1e-05,-4.6777807052660805,0,-4.68502950668335
26510,C=CC(=O)NC(C)(CO*)COC(=O)*,C=CC(=O)NC(C)(CO[*])COC(=O)[*],[*]COC(=O)OCC([*])(C)NC(=O)C=C,4.66e-05,-4.33161408331,0,-4.460521221160889
26511,C=C(Cl)C(CO*)OC(=O)*,C=C(Cl)C(CO[*])OC(=O)[*],[*]COC(=O)OC([*])C(=C)Cl,2.97e-05,-4.527243550682788,1,-4.343393325805664
26512,CCC(CCNC(=O)CNC(=O)*)O*,CCC(CCNC(=O)CNC(=O)[*])O[*],[*]CCNC(=O)CNC(=O)OC([*])CC,5.4e-05,-4.267606240177032,1,-4.206585884094238
26513,O=C(*)OCC(F)(F)CO*,O=C([*])OCC(F)(F)CO[*],[*]OCC(F)(F)COC([*])=O,4.28e-05,-4.368556230986828,2,-4.079122543334961
26514,C#CC(C)(CC)NCC(O*)C(C)OC(=O)*,C#CC(C)(CC)NCC(O[*])C(C)OC(=O)[*],[*]OC(=O)OC(C)C([*])CNC(C)(C#C)CC,3.51e-05,-4.454692883534176,1,-4.594588279724121
26515,COCCOC(=O)C(C)(CO*)COC(=O)*,COCCOC(=O)C(C)(CO[*])COC(=O)[*],[*]COC(=O)OCC([*])(C)C(=O)OCCOC,5.75e-05,-4.2403321553103694,1,-4.361496925354004
26516,CCC(CNCC(F)(F)CO*)OC(=O)*,CCC(CNCC(F)(F)CO[*])OC(=O)[*],[*]CNCC(F)(F)COC(=O)OC([*])CC,7.09e-05,-4.149353764816934,1,-4.104933738708496
26517,CC(CN*)(COC(=O)*)CC(=O)O,CC(CN[*])(COC(=O)[*])CC(=O)O,[*]CNC(=O)OCC([*])(C)CC(=O)O,1.99e-05,-4.701146923590294,0,-4.544044494628906
26518,C=CC(C)(CNC(CCC)COC(=O)*)O*,C=CC(C)(CNC(CCC)COC(=O)[*])O[*],[*]CNC(CCC)COC(=O)OC([*])(C)C=C,7.88e-05,-4.103473782510445,3,-4.381117820739746
26519,C=CC(CN(CC)CC(C)(C)O*)OC(=O)*,C=CC(CN(CC)CC(C)(C)O[*])OC(=O)[*],[*]CN(CC)CC(C)(C)OC(=O)OC([*])C=C,4.91e-05,-4.308918507877031,3,-4.4545087814331055
26520,CCC(C)CC(=O)NC(CO*)COC(=O)*,CCC(C)CC(=O)NC(CO[*])COC(=O)[*],[*]COC(=O)OCC([*])NC(=O)CC(C)CC,5.37e-05,-4.270025714300444,2,-4.456661224365234
26521,CC(CN*)OC(=O)*,CC(CN[*])OC(=O)[*],[*]CNC(=O)OC([*])C,5.06e-05,-4.295849483160201,1,-4.118108749389648
26522,C=CC(CN(CCCOC(=O)*)C(C)C)O*,C=CC(CN(CCCOC(=O)[*])C(C)C)O[*],[*]CN(CCCOC(=O)OC([*])C=C)C(C)C,4.94e-05,-4.306273051076353,1,-4.268438339233398
26523,CC(CO*)OCC(C)OC(=O)*,CC(CO[*])OCC(C)OC(=O)[*],[*]COC(=O)OC(C)COC([*])C,0.000176,-3.75448733218585,0,-4.134105682373047
26524,O=C(*)NC(CC[PH](=O)CO*)C(=O)O,O=C([*])NC(CC[PH](=O)CO[*])C(=O)O,[*]NC(CC[PH](=O)COC([*])=O)C(=O)O,3.5e-05,-4.455931955649724,1,-4.391458034515381
26525,CCCCC(CCCC)(COC(=O)*)N*,CCCCC(CCCC)(COC(=O)[*])N[*],[*]COC(=O)NC([*])(CCCC)CCCC,2.04e-05,-4.690369832574101,3,-4.477838516235352
26526,O=C(*)NCCCCNCCCN*,O=C([*])NCCCCNCCCN[*],[*]NCCCCNCCCNC([*])=O,8.61e-05,-4.064996848546345,1,-4.025304317474365
26527,CC(C)(CNC(=O)*)N*,CC(C)(CNC(=O)[*])N[*],[*]CNC(=O)NC([*])(C)C,3.01e-05,-4.521433504406157,1,-4.352344036102295
26528,CC(O*)C(C)(OC(=O)*)C(=O)O,CC(O[*])C(C)(OC(=O)[*])C(=O)O,[*]OC(=O)OC(C)(C(=O)O)C([*])C,2.33e-05,-4.632644078973981,3,-4.5156049728393555
26529,CC(CN(CCO*)CC(F)F)OC(=O)*,CC(CN(CCO[*])CC(F)F)OC(=O)[*],[*]CN(CCOC(=O)OC([*])C)CC(F)F,8.29e-05,-4.081445469449727,3,-4.293150901794434
26530,CCCCCCC(C)(OC(=O)*)C(C)O*,CCCCCCC(C)(OC(=O)[*])C(C)O[*],[*]OC(=O)OC(C)C([*])(C)CCCCCC,1.65e-05,-4.782516055786093,3,-4.6653900146484375
26531,CCCC(=O)OCC(CO*)OC(=O)*,CCCC(=O)OCC(CO[*])OC(=O)[*],[*]COC(=O)OC([*])COC(=O)CCC,3.19e-05,-4.496209316942819,2,-4.517246246337891
26532,CCN(CCCN*)CCOC(=O)*,CCN(CCCN[*])CCOC(=O)[*],[*]CCCNC(=O)OCCN([*])CC,7.75e-05,-4.110698297493689,1,-4.017584323883057
26533,CCN(C)CC(COC(=O)*)O*,CCN(C)CC(COC(=O)[*])O[*],[*]COC(=O)OC([*])CN(C)CC,9.3e-05,-4.031517051446065,3,-4.16677713394165
26534,COCC(CCNC(=O)*)O*,COCC(CCNC(=O)[*])O[*],[*]CCNC(=O)OC([*])COC,6.64e-05,-4.1778319206319825,1,-4.14811897277832
26535,CC#CCN(C)CC(OC(=O)*)C(C)(C)O*,CC#CCN(C)CC(OC(=O)[*])C(C)(C)O[*],[*]OC(=O)OC(C)(C)C([*])CN(C)CC#CC,2.47e-05,-4.607303046740334,2,-4.421431541442871
26536,CCCCNC(=O)CC(CNC(=O)*)O*,CCCCNC(=O)CC(CNC(=O)[*])O[*],[*]CNC(=O)OC([*])CC(=O)NCCCC,4.41e-05,-4.355561410532162,0,-4.382383346557617
26537,CC(C)(CCO*)CC(C)(C)COC(=O)*,CC(C)(CCO[*])CC(C)(C)COC(=O)[*],[*]CCOC(=O)OCC(C)(C)CC([*])(C)C,2.7e-05,-4.568636235841013,2,-4.575026035308838
26538,C=CC(CN(C)CC(CC)NC(=O)*)O*,C=CC(CN(C)CC(CC)NC(=O)[*])O[*],[*]CN(C)CC(CC)NC(=O)OC([*])C=C,6.59e-05,-4.18111458540599,0,-4.304190158843994
26539,CC(CNC(=O)*)CO*,CC(CNC(=O)[*])CO[*],[*]CNC(=O)OCC([*])C,3.76e-05,-4.424812155072339,3,-4.241792678833008
26540,CC(C)(C)OC(=O)NC(CN*)CNC(=O)*,CC(C)(C)OC(=O)NC(CN[*])CNC(=O)[*],[*]CNC(=O)NCC([*])NC(=O)OC(C)(C)C,2.94e-05,-4.531652669587842,1,-4.260270118713379
26541,CCN(CC)CC(CO*)OC(=O)*,CCN(CC)CC(CO[*])OC(=O)[*],[*]COC(=O)OC([*])CN(CC)CC,9.95e-05,-4.002176919254275,1,-4.23965311050415
26542,COC(=O)C(O*)C(C)(C)NC(=O)*,COC(=O)C(O[*])C(C)(C)NC(=O)[*],[*]OC(=O)NC(C)(C)C([*])C(=O)OC,5.27e-05,-4.278189384787454,1,-4.4505534172058105
26543,CC(C)(CNCC(F)(F)CO*)OC(=O)*,CC(C)(CNCC(F)(F)CO[*])OC(=O)[*],[*]CNCC(F)(F)COC(=O)OC([*])(C)C,4.75e-05,-4.323306390375134,2,-4.317127704620361
26544,CC(C)(CNC(=O)*)CC(C)(C)N*,CC(C)(CNC(=O)[*])CC(C)(C)N[*],[*]CNC(=O)NC(C)(C)CC([*])(C)C,4.59e-05,-4.338187314462739,2,-4.523202419281006
26545,C=C(C)CN(C)CC(OC(=O)*)C(C)(C)O*,C=C(C)CN(C)CC(OC(=O)[*])C(C)(C)O[*],[*]OC(=O)OC(C)(C)C([*])CN(C)CC(=C)C,5.88e-05,-4.230622673923862,3,-4.4347639083862305
26546,CC(N*)C(C)C(=O)NCCCOC(=O)*,CC(N[*])C(C)C(=O)NCCCOC(=O)[*],[*]NC(=O)OCCCNC(=O)C(C)C([*])C,2.99e-05,-4.52432881167557,1,-4.292379379272461
26547,C=CC(CNC(COC(=O)*)C(C)C)O*,C=CC(CNC(COC(=O)[*])C(C)C)O[*],[*]CNC(COC(=O)OC([*])C=C)C(C)C,3.54e-05,-4.450996737974212,2,-4.3121867179870605
26548,CC(CC#N)NCC(O*)C(C)(C)OC(=O)*,CC(CC#N)NCC(O[*])C(C)(C)OC(=O)[*],[*]OC(=O)OC(C)(C)C([*])CNC(C)CC#N,8.92e-05,-4.049635145623877,0,-4.242177486419678
26549,CCCC(CNC(=O)CNC(=O)*)O*,CCCC(CNC(=O)CNC(=O)[*])O[*],[*]CNC(=O)CNC(=O)OC([*])CCC,4.3e-05,-4.366531544420414,0,-4.244711399078369
26550,CCCCCC(OC(=O)*)C(C)O*,CCCCCC(OC(=O)[*])C(C)O[*],[*]OC(=O)OC(C)C([*])CCCCC,1.83e-05,-4.73754891026957,1,-4.611636638641357
26551,CC(CNC(=O)*)CC(C)(C)CCN*,CC(CNC(=O)[*])CC(C)(C)CCN[*],[*]CNC(=O)NCCC(C)(C)CC([*])C,4.34e-05,-4.36251027048749,2,-4.466186046600342
26552,CC(CO*)(COC(=O)*)C(=O)OCCF,CC(CO[*])(COC(=O)[*])C(=O)OCCF,[*]COC(=O)OCC([*])(C)C(=O)OCCF,2.83e-05,-4.548213564475709,1,-4.476133346557617
26553,CN(CCCO*)C(=O)CCNC(=O)*,CN(CCCO[*])C(=O)CCNC(=O)[*],[*]CCCOC(=O)NCCC(=O)N([*])C,7.38e-05,-4.131943638176958,2,-4.111598014831543
26554,CC#CCC(COC(=O)*)NC(C)CCO*,CC#CCC(COC(=O)[*])NC(C)CCO[*],[*]COC(=O)OCCC(C)NC([*])CC#CC,7.53e-05,-4.123205023799299,3,-4.332059860229492
26555,C=CCN(C)CC(CC(C)(C)O*)OC(=O)*,C=CCN(C)CC(CC(C)(C)O[*])OC(=O)[*],[*]CC(C)(C)OC(=O)OC([*])CN(C)CC=C,6.46e-05,-4.189767482004916,1,-4.457602500915527
26556,CCC(C)(O*)C(C)(CC)OC(=O)*,CCC(C)(O[*])C(C)(CC)OC(=O)[*],[*]OC(=O)OC(C)(CC)C([*])(C)CC,1.74e-05,-4.7594507517174005,3,-4.810691833496094
26557,COC(=O)C(CCCNC(=O)*)N*,COC(=O)C(CCCNC(=O)[*])N[*],[*]CCCNC(=O)NC([*])C(=O)OC,4.3e-05,-4.366531544420414,2,-4.222318172454834
26558,C#CCN(C)CC(CC(C)(C)O*)OC(=O)*,C#CCN(C)CC(CC(C)(C)O[*])OC(=O)[*],[*]CC(C)(C)OC(=O)OC([*])CN(C)CC#C,5.23e-05,-4.281498311132726,0,-4.331180572509766
26559,CCN(CCOC(=O)*)C(=O)CCN*,CCN(CCOC(=O)[*])C(=O)CCN[*],[*]CCOC(=O)NCCC(=O)N([*])CC,4.47e-05,-4.349692476868063,0,-4.345119953155518
26560,CCC(COC(=O)*)NCC(C)CO*,CCC(COC(=O)[*])NCC(C)CO[*],[*]COC(=O)OCC(C)CNC([*])CC,5.25e-05,-4.279840696594043,3,-4.317662715911865
26561,CCC(CC#N)NC(CC)(CO*)NC(=O)*,CCC(CC#N)NC(CC)(CO[*])NC(=O)[*],[*]COC(=O)NC([*])(CC)NC(CC)CC#N,4.14e-05,-4.382999658879101,1,-4.260085582733154
26562,CC=CCC(CO*)NC(=O)COC(=O)*,CC=CCC(CO[*])NC(=O)COC(=O)[*],[*]COC(=O)OCC(=O)NC([*])CC=CC,5.36e-05,-4.27083521030723,2,-4.313294887542725
26563,O=C(*)OC(CCCO*)C(=O)O,O=C([*])OC(CCCO[*])C(=O)O,[*]OCCCC(OC([*])=O)C(=O)O,3.7e-05,-4.431798275933005,3,-4.227216720581055
26564,O=C(*)OCC(F)(F)CN*,O=C([*])OCC(F)(F)CN[*],[*]NCC(F)(F)COC([*])=O,6.16e-05,-4.210419287835575,2,-4.045138835906982
26565,CN(CC(CO*)OC(=O)*)CC(F)(F)F,CN(CC(CO[*])OC(=O)[*])CC(F)(F)F,[*]COC(=O)OC([*])CN(C)CC(F)(F)F,4.92e-05,-4.308034897232639,2,-4.454660415649414
26566,CC(CC(=O)N(C)CCC(C)OC(=O)*)N*,CC(CC(=O)N(C)CCC(C)OC(=O)[*])N[*],[*]CC(=O)N(C)CCC(C)OC(=O)NC([*])C,3.64e-05,-4.438898616350944,1,-4.4315266609191895
26567,CC(C)(CNC(=O)CO*)COC(=O)*,CC(C)(CNC(=O)CO[*])COC(=O)[*],[*]CNC(=O)COC(=O)OCC([*])(C)C,5.01e-05,-4.300162274132754,1,-4.341339588165283
26568,CC(C)CC(OC(=O)*)C(=O)NCCN*,CC(C)CC(OC(=O)[*])C(=O)NCCN[*],[*]OC(=O)NCCNC(=O)C([*])CC(C)C,3.46e-05,-4.460923901207224,3,-4.343087196350098
26569,C=CCN(CC=C)CC(O*)C(C)OC(=O)*,C=CCN(CC=C)CC(O[*])C(C)OC(=O)[*],[*]OC(=O)OC(C)C([*])CN(CC=C)CC=C,5.58e-05,-4.253365801062421,3,-4.388236045837402
26570,CC(CN*)CNC(=O)*,CC(CN[*])CNC(=O)[*],[*]CNC(=O)NCC([*])C,5.91e-05,-4.228412519118745,0,-4.121109485626221
26571,CCCN(CCO*)CCOC(=O)*,CCCN(CCO[*])CCOC(=O)[*],[*]CCOC(=O)OCCN([*])CCC,0.000159,-3.7986028756795487,2,-4.027586460113525
26572,COCC(CNCCCC(C)OC(=O)*)O*,COCC(CNCCCC(C)OC(=O)[*])O[*],[*]CNCCCC(C)OC(=O)OC([*])COC,7.28e-05,-4.137868620686963,1,-4.045577049255371
26573,CSCC(COC(=O)*)O*,CSCC(COC(=O)[*])O[*],[*]COC(=O)OC([*])CSC,5.62e-05,-4.250263684430939,1,-4.247926712036133
26574,O=C(*)NCC(CF)O*,O=C([*])NCC(CF)O[*],[*]NCC(CF)OC([*])=O,5.53e-05,-4.257274868695302,1,-4.412088394165039
26575,CC(C)(CO*)C(OC(=O)*)C(=O)O,CC(C)(CO[*])C(OC(=O)[*])C(=O)O,[*]COC(=O)OC(C(=O)O)C([*])(C)C,3.34e-05,-4.476253533188435,0,-4.654911041259766
26576,CC(COC(=O)*)O*,CC(COC(=O)[*])O[*],[*]COC(=O)OC([*])C,6.48e-05,-4.188424994129407,3,-4.214299201965332
26577,CCC(CO*)NC(=O)C(C)(C)OC(=O)*,CCC(CO[*])NC(=O)C(C)(C)OC(=O)[*],[*]COC(=O)OC(C)(C)C(=O)NC([*])CC,5.97e-05,-4.224025668870631,1,-4.243546009063721
26578,O=C(*)OCC(CNC(=O)C(F)(F)F)O*,O=C([*])OCC(CNC(=O)C(F)(F)F)O[*],[*]OCC(CNC(=O)C(F)(F)F)OC([*])=O,5.23e-05,-4.281498311132726,2,-4.230209827423096
26579,C#CCCCCCCNC(CO*)COC(=O)*,C#CCCCCCCNC(CO[*])COC(=O)[*],[*]COC(=O)OCC([*])NCCCCCCC#C,4.13e-05,-4.384049948343599,0,-4.216330528259277
26580,O=C(*)NCCCP(=O)(O)CO*,O=C([*])NCCCP(=O)(O)CO[*],[*]NCCCP(=O)(O)COC([*])=O,7.79e-05,-4.108462542327436,0,-3.909475803375244
26581,CC(CO*)C(C)OC(=O)*,CC(CO[*])C(C)OC(=O)[*],[*]COC(=O)OC(C)C([*])C,4.83e-05,-4.316052869248487,3,-4.471997261047363
26582,CC(COC(=O)*)COC(=O)C(C)(C)O*,CC(COC(=O)[*])COC(=O)C(C)(C)O[*],[*]COC(=O)OC(C)(C)C(=O)OCC([*])C,5.74e-05,-4.241088107602026,3,-4.324279308319092
26583,C=CCCC(CNCC(CF)O*)OC(=O)*,C=CCCC(CNCC(CF)O[*])OC(=O)[*],[*]CNCC(CF)OC(=O)OC([*])CCC=C,6.94e-05,-4.158640529545145,3,-4.261672019958496
26584,C=CC(CNC(C)(C)CCO*)OC(=O)*,C=CC(CNC(C)(C)CCO[*])OC(=O)[*],[*]CNC(C)(C)CCOC(=O)OC([*])C=C,6.57e-05,-4.182434630440219,1,-4.281617641448975
26585,CC(C)(C)OC(=O)NCC(COC(=O)*)O*,CC(C)(C)OC(=O)NCC(COC(=O)[*])O[*],[*]COC(=O)OC([*])CNC(=O)OC(C)(C)C,3.64e-05,-4.438898616350944,2,-4.294461250305176
26586,CC(CNC(=O)*)NC(=O)C(C)(C)N*,CC(CNC(=O)[*])NC(=O)C(C)(C)N[*],[*]CNC(=O)NC(C)(C)C(=O)NC([*])C,5.48e-05,-4.261219441515631,3,-4.303916931152344
26587,C=C(C)C(O*)C(OC(=O)*)C(=C)C,C=C(C)C(O[*])C(OC(=O)[*])C(=C)C,[*]OC(=O)OC(C(=C)C)C([*])C(=C)C,1.44e-05,-4.841637507904751,2,-4.438193321228027
26588,CC(CCN*)CNC(=O)*,CC(CCN[*])CNC(=O)[*],[*]CCNC(=O)NCC([*])C,5.65e-05,-4.247951552180561,1,-4.14815616607666
26589,CC(CCCC#N)NC(CO*)COC(=O)*,CC(CCCC#N)NC(CO[*])COC(=O)[*],[*]COC(=O)OCC([*])NC(C)CCCC#N,0.000114,-3.9430951486635273,0,-4.054293632507324
26590,O=C(*)OCCCO*,O=C([*])OCCCO[*],[*]OCCCOC([*])=O,0.00016,-3.795880017344075,2,-3.8687331676483154
26591,CCC(CO*)C(=O)NC(C)COC(=O)*,CCC(CO[*])C(=O)NC(C)COC(=O)[*],[*]COC(=O)OCC(C)NC(=O)C([*])CC,5.93e-05,-4.226945306635737,0,-4.288187026977539
26592,CC(NC(=O)*)C(C)C(=O)NCCCCO*,CC(NC(=O)[*])C(C)C(=O)NCCCCO[*],[*]NC(=O)OCCCCNC(=O)C(C)C([*])C,3.39e-05,-4.4698003017969175,2,-4.211478233337402
26593,CC(CO*)N(C)C(=O)CCCCOC(=O)*,CC(CO[*])N(C)C(=O)CCCCOC(=O)[*],[*]COC(=O)OCCCCC(=O)N(C)C([*])C,3.12e-05,-4.505845405981558,1,-4.402146816253662
26594,CCCCCCCCCC(COC(=O)*)O*,CCCCCCCCCC(COC(=O)[*])O[*],[*]COC(=O)OC([*])CCCCCCCCC,1.06e-05,-4.97469413473523,0,-4.428122043609619
26595,O=C(*)NCCCC(=O)NCCCCO*,O=C([*])NCCCC(=O)NCCCCO[*],[*]CCCNC(=O)OCCCCNC([*])=O,9.08e-05,-4.041914151478915,0,-4.040308952331543
26596,CC(OC(=O)*)C(=O)NCCCCCO*,CC(OC(=O)[*])C(=O)NCCCCCO[*],[*]OC(=O)OCCCCCNC(=O)C([*])C,5.95e-05,-4.22548303427145,1,-4.127313137054443
26597,CC(CCOC(=O)*)NC(=O)C(C)CN*,CC(CCOC(=O)[*])NC(=O)C(C)CN[*],[*]CCOC(=O)NCC(C)C(=O)NC([*])C,4.41e-05,-4.355561410532162,3,-4.301021575927734
26598,CCC(OC(=O)*)C(=O)OCC(C)O*,CCC(OC(=O)[*])C(=O)OCC(C)O[*],[*]OC(=O)OC(C)COC(=O)C([*])CC,6.29e-05,-4.201349354554731,0,-4.305564880371094
26599,CC(CO*)OC(C)COC(=O)*,CC(CO[*])OC(C)COC(=O)[*],[*]COC(=O)OCC(C)OC([*])C,0.000128,-3.8927900303521317,0,-4.203577518463135
26600,C=CCOCC(CC)(CO*)COC(=O)*,C=CCOCC(CC)(CO[*])COC(=O)[*],[*]COC(=O)OCC([*])(CC)COCC=C,1.64e-05,-4.785156151952302,0,-4.567420482635498
26601,CC#CCCNCC(CC(C)(C)O*)OC(=O)*,CC#CCCNCC(CC(C)(C)O[*])OC(=O)[*],[*]CC(C)(C)OC(=O)OC([*])CNCCC#CC,2.73e-05,-4.5638373529592435,2,-4.434536933898926
26602,CC(=O)SCC(CN*)CNC(=O)*,CC(=O)SCC(CN[*])CNC(=O)[*],[*]CNC(=O)NCC([*])CSC(C)=O,6.17e-05,-4.209714835966758,3,-4.1033782958984375
26603,O=C(*)OCC(N*)C(F)(F)F,O=C([*])OCC(N[*])C(F)(F)F,[*]NC(COC([*])=O)C(F)(F)F,5.04e-05,-4.297569463554475,1,-4.549234867095947
26604,CC(C)(CNC(=O)CCN*)NC(=O)*,CC(C)(CNC(=O)CCN[*])NC(=O)[*],[*]CNC(=O)CCNC(=O)NC([*])(C)C,4.12e-05,-4.3851027839668655,1,-4.222136497497559
26605,C=CC(C)(CNCC(C)(C)CO*)OC(=O)*,C=CC(C)(CNCC(C)(C)CO[*])OC(=O)[*],[*]CNCC(C)(C)COC(=O)OC([*])(C)C=C,4.81e-05,-4.317854923626168,2,-4.452967166900635
26606,O=C(*)NC(CCCCCN*)C(=O)O,O=C([*])NC(CCCCCN[*])C(=O)O,[*]NCCCCCC(NC([*])=O)C(=O)O,8.98e-05,-4.0467236633326955,0,-4.384418487548828
26607,C=CC(C)(CNC(CC)CO*)OC(=O)*,C=CC(C)(CNC(CC)CO[*])OC(=O)[*],[*]CNC(CC)COC(=O)OC([*])(C)C=C,4.41e-05,-4.355561410532162,3,-4.3430962562561035
26608,C=C(C)CNCC(CC(C)(C)O*)OC(=O)*,C=C(C)CNCC(CC(C)(C)O[*])OC(=O)[*],[*]CC(C)(C)OC(=O)OC([*])CNCC(=C)C,4.41e-05,-4.355561410532162,0,-4.547830581665039
26609,CC(CCN(C)C(=O)CCCNC(=O)*)O*,CC(CCN(C)C(=O)CCCNC(=O)[*])O[*],[*]CCN(C)C(=O)CCCNC(=O)OC([*])C,4.57e-05,-4.34008379993015,3,-4.294427394866943
26610,CC(C)CS(=O)(=O)CC(COC(=O)*)O*,CC(C)CS(=O)(=O)CC(COC(=O)[*])O[*],[*]COC(=O)OC([*])CS(=O)(=O)CC(C)C,3.86e-05,-4.413412695328245,3,-4.299421310424805
26611,C=CCCC(CNCCC(C)O*)OC(=O)*,C=CCCC(CNCCC(C)O[*])OC(=O)[*],[*]CNCCC(C)OC(=O)OC([*])CCC=C,6.62e-05,-4.1791420105603,1,-4.168970108032227
26612,CN(CCCOC(=O)*)C(=O)CCCCO*,CN(CCCOC(=O)[*])C(=O)CCCCO[*],[*]CCCOC(=O)OCCCCC(=O)N([*])C,0.000119,-3.9244530386074694,0,-4.308836460113525
26613,CC(COC(=O)*)CN(C)C(C)CO*,CC(COC(=O)[*])CN(C)C(C)CO[*],[*]COC(=O)OCC(C)N(C)CC([*])C,4.97e-05,-4.303643611266668,2,-4.274377822875977
26614,CC#CCN(C)CC(CC(C)(C)OC(=O)*)O*,CC#CCN(C)CC(CC(C)(C)OC(=O)[*])O[*],[*]CC(C)(C)OC(=O)OC([*])CN(C)CC#CC,2.94e-05,-4.531652669587842,3,-4.5425615310668945
26615,CCC(CNCCC(COC)O*)OC(=O)*,CCC(CNCCC(COC)O[*])OC(=O)[*],[*]CNCCC(COC)OC(=O)OC([*])CC,7.39e-05,-4.131355561605174,2,-3.93234920501709
26616,O=C(*)OCCCCO*,O=C([*])OCCCCO[*],[*]OCCCCOC([*])=O,0.000185,-3.7328282715969863,3,-3.8353004455566406
26617,O=C(*)NC(CF)CO*,O=C([*])NC(CF)CO[*],[*]NC(CF)COC([*])=O,4.31e-05,-4.3655227298392685,3,-4.3601789474487305
26618,CC(CNCC(OC(=O)*)C(C)C)O*,CC(CNCC(OC(=O)[*])C(C)C)O[*],[*]CNCC(OC(=O)OC([*])C)C(C)C,2.62e-05,-4.581698708680254,0,-4.377481937408447
26619,C=CCCCCCN(CCN*)CCNC(=O)*,C=CCCCCCN(CCN[*])CCNC(=O)[*],[*]CCNC(=O)NCCN([*])CCCCCC=C,0.000211,-3.6757175447023074,1,-4.044956207275391
26620,C=CC(C)(CNC(C)(C)CCO*)OC(=O)*,C=CC(C)(CNC(C)(C)CCO[*])OC(=O)[*],[*]CNC(C)(C)CCOC(=O)OC([*])(C)C=C,3.36e-05,-4.473660722610156,2,-4.4682936668396
26621,CC(C)(CNC(=O)*)C(O*)C(=O)O,CC(C)(CNC(=O)[*])C(O[*])C(=O)O,[*]CNC(=O)OC(C(=O)O)C([*])(C)C,4.02e-05,-4.39577394691553,1,-4.528785228729248
26622,CC(C)COCCNC(CO*)COC(=O)*,CC(C)COCCNC(CO[*])COC(=O)[*],[*]COC(=O)OCC([*])NCCOCC(C)C,5.24e-05,-4.280668713016273,3,-4.082526206970215
26623,CC(C)(C)OCCNC(CO*)COC(=O)*,CC(C)(C)OCCNC(CO[*])COC(=O)[*],[*]COC(=O)OCC([*])NCCOC(C)(C)C,4.47e-05,-4.349692476868063,0,-4.293951034545898
26624,CC(C)(COC(=O)*)N*,CC(C)(COC(=O)[*])N[*],[*]COC(=O)NC([*])(C)C,6.22e-05,-4.206209615309182,0,-4.434381484985352
26625,CC(C)CC(=O)NC(CO*)C(C)OC(=O)*,CC(C)CC(=O)NC(CO[*])C(C)OC(=O)[*],[*]COC(=O)OC(C)C([*])NC(=O)CC(C)C,6.67e-05,-4.175874166083451,3,-4.34036111831665
26626,C=CCN(C)CC(OC(=O)*)C(C)(C)O*,C=CCN(C)CC(OC(=O)[*])C(C)(C)O[*],[*]OC(=O)OC(C)(C)C([*])CN(C)CC=C,3.39e-05,-4.4698003017969175,0,-4.235116481781006
26627,CC(COCC(C)OC(=O)*)O*,CC(COCC(C)OC(=O)[*])O[*],[*]COCC(C)OC(=O)OC([*])C,9.65e-05,-4.015472686656207,2,-4.220554351806641
26628,CC(CCO*)COC(=O)*,CC(CCO[*])COC(=O)[*],[*]CCOC(=O)OCC([*])C,7.77e-05,-4.1095789811990855,2,-4.215301513671875
26629,CCCCCCCCC(COC(=O)*)N*,CCCCCCCCC(COC(=O)[*])N[*],[*]COC(=O)NC([*])CCCCCCCC,2.93e-05,-4.533132379645891,1,-4.356895446777344
26630,C=CCCC(CNCCCOC(=O)*)O*,C=CCCC(CNCCCOC(=O)[*])O[*],[*]CNCCCOC(=O)OC([*])CCC=C,0.000113,-3.9469215565165805,3,-4.028119087219238
26631,CCN(CCO*)C(C)COC(=O)*,CCN(CCO[*])C(C)COC(=O)[*],[*]CCOC(=O)OCC(C)N([*])CC,6.31e-05,-4.199970640755866,1,-4.093306541442871
26632,CC(=CCOC(=O)*)C(O*)C(C)(C)C,CC(=CCOC(=O)[*])C(O[*])C(C)(C)C,[*]=CCOC(=O)OC(C(=[*])C)C(C)(C)C,1.93e-05,-4.714442690992226,3,-4.619930267333984
26633,CC(OC(=O)*)C(=O)N(C)CCCCCO*,CC(OC(=O)[*])C(=O)N(C)CCCCCO[*],[*]OC(=O)OCCCCCN(C)C(=O)C([*])C,3.09e-05,-4.510041520575165,0,-4.27193021774292
26634,CC(C)(OC(=O)*)C(=O)NCCCO*,CC(C)(OC(=O)[*])C(=O)NCCCO[*],[*]OC(=O)OCCCNC(=O)C([*])(C)C,6.18e-05,-4.209011524911184,2,-4.185916900634766
26635,CC(CCO*)NC(=O)C(C)(C)NC(=O)*,CC(CCO[*])NC(=O)C(C)(C)NC(=O)[*],[*]CCOC(=O)NC(C)(C)C(=O)NC([*])C,5.81e-05,-4.235823867609669,2,-4.25499153137207
26636,CC(C)(CO*)NC(=O)CCNC(=O)*,CC(C)(CO[*])NC(=O)CCNC(=O)[*],[*]COC(=O)NCCC(=O)NC([*])(C)C,4.44e-05,-4.35261702988538,1,-4.274016380310059
26637,CC(F)(CO*)COC(=O)*,CC(F)(CO[*])COC(=O)[*],[*]COC(=O)OCC([*])(C)F,9.49e-05,-4.022733787572707,1,-4.541558742523193
26638,COCC(C)(O*)C(=O)OCCCOC(=O)*,COCC(C)(O[*])C(=O)OCCCOC(=O)[*],[*]OC(=O)OCCCOC(=O)C([*])(C)COC,5.25e-05,-4.279840696594043,1,-4.231363773345947
26639,CC(C)(C)OC(=O)NC(CO*)COC(=O)*,CC(C)(C)OC(=O)NC(CO[*])COC(=O)[*],[*]COC(=O)OCC([*])NC(=O)OC(C)(C)C,3.85e-05,-4.414539270491499,2,-4.373405456542969
26640,CCCC(OC(=O)*)C(C)(C)CO*,CCCC(OC(=O)[*])C(C)(C)CO[*],[*]OC(=O)OCC(C)(C)C([*])CCC,7.67e-06,-5.115204636051019,2,-4.6540703773498535
26641,CC(C)(C)OC(=O)NCC(CNC(=O)*)O*,CC(C)(C)OC(=O)NCC(CNC(=O)[*])O[*],[*]CNC(=O)OC([*])CNC(=O)OC(C)(C)C,4.76e-05,-4.3223930472795065,1,-4.321509838104248
26642,CCCC(C)(C#N)NCC(COC(=O)*)O*,CCCC(C)(C#N)NCC(COC(=O)[*])O[*],[*]COC(=O)OC([*])CNC(C)(C#N)CCC,6.77e-05,-4.169411331314856,1,-4.448681354522705
26643,CCOC(=O)CC(C)(CN*)OC(=O)*,CCOC(=O)CC(C)(CN[*])OC(=O)[*],[*]CNC(=O)OC([*])(C)CC(=O)OCC,3.86e-05,-4.413412695328245,0,-4.400164604187012
26644,COC(=O)N(C)CC(CO*)OC(=O)*,COC(=O)N(C)CC(CO[*])OC(=O)[*],[*]COC(=O)OC([*])CN(C)C(=O)OC,4.14e-05,-4.382999658879101,1,-4.331688404083252
26645,COCC(C)(O*)C(=O)OCC(C)OC(=O)*,COCC(C)(O[*])C(=O)OCC(C)OC(=O)[*],[*]OC(=O)OC(C)COC(=O)C([*])(C)COC,5e-05,-4.301029995663981,3,-4.387929916381836
26646,O=C(*)NCCC(F)CN*,O=C([*])NCCC(F)CN[*],[*]NCCC(F)CNC([*])=O,6.66e-05,-4.176525770829699,1,-4.248244285583496
26647,CCC(CNC(=O)C(OC(=O)*)C(C)C)O*,CCC(CNC(=O)C(OC(=O)[*])C(C)C)O[*],[*]CNC(=O)C(OC(=O)OC([*])CC)C(C)C,5.72e-05,-4.242603971206976,0,-4.437422752380371
26648,C=CCCCC(N*)C(=O)NCC(C)NC(=O)*,C=CCCCC(N[*])C(=O)NCC(C)NC(=O)[*],[*]NC(=O)NC(C)CNC(=O)C([*])CCCC=C,4.78e-05,-4.320572103387881,2,-4.260897159576416
26649,CC(CC(C)(C)C(C)(C)N*)OC(=O)*,CC(CC(C)(C)C(C)(C)N[*])OC(=O)[*],[*]CC(C)(C)C(C)(C)NC(=O)OC([*])C,2.2e-05,-4.657577319177793,1,-4.445676803588867
26650,CC(NC(=O)*)C(=O)NC(C)(C)CN*,CC(NC(=O)[*])C(=O)NC(C)(C)CN[*],[*]NC(=O)NCC(C)(C)NC(=O)C([*])C,4.02e-05,-4.39577394691553,2,-4.403244972229004
26651,C=CC(C)(CNC(CO*)C(C)C)OC(=O)*,C=CC(C)(CNC(CO[*])C(C)C)OC(=O)[*],[*]CNC(COC(=O)OC([*])(C)C=C)C(C)C,4.71e-05,-4.326979092871104,0,-4.466261386871338
26652,C=CCCNCC(CC(C)(C)OC(=O)*)O*,C=CCCNCC(CC(C)(C)OC(=O)[*])O[*],[*]CC(C)(C)OC(=O)OC([*])CNCCC=C,2.28e-05,-4.642065152999546,3,-4.327144622802734
26653,C=CCNCC(CC(C)(C)OC(=O)*)O*,C=CCNCC(CC(C)(C)OC(=O)[*])O[*],[*]CC(C)(C)OC(=O)OC([*])CNCC=C,2.39e-05,-4.621602099051862,0,-4.323113918304443
26654,CC(CO*)NC(=O)C(C)(C)OC(=O)*,CC(CO[*])NC(=O)C(C)(C)OC(=O)[*],[*]COC(=O)OC(C)(C)C(=O)NC([*])C,4.72e-05,-4.3260580013659125,3,-4.2039361000061035
26655,CC(CCCNC(=O)C(C)O*)COC(=O)*,CC(CCCNC(=O)C(C)O[*])COC(=O)[*],[*]CCCNC(=O)C(C)OC(=O)OCC([*])C,4.1e-05,-4.3872161432802645,2,-4.259620666503906
26656,C=CC(CNC(COC(=O)*)C(C)(C)C)O*,C=CC(CNC(COC(=O)[*])C(C)(C)C)O[*],[*]CNC(COC(=O)OC([*])C=C)C(C)(C)C,4.27e-05,-4.369572124974976,0,-4.366349220275879
26657,CCC(CO*)(COC(=O)*)NC(=O)C(F)F,CCC(CO[*])(COC(=O)[*])NC(=O)C(F)F,[*]COC(=O)OCC([*])(CC)NC(=O)C(F)F,2.73e-05,-4.5638373529592435,3,-4.366969108581543
26658,C#CCCCNCC(CC(C)(C)O*)OC(=O)*,C#CCCCNCC(CC(C)(C)O[*])OC(=O)[*],[*]CC(C)(C)OC(=O)OC([*])CNCCCC#C,3.29e-05,-4.482804102050026,0,-4.4006547927856445
26659,CC(C)N(C)CC(CO*)OC(=O)*,CC(C)N(C)CC(CO[*])OC(=O)[*],[*]COC(=O)OC([*])CN(C)C(C)C,8.44e-05,-4.073657553374345,3,-4.347743034362793
26660,CC(CNC(=O)C(OC(=O)*)C(C)C)O*,CC(CNC(=O)C(OC(=O)[*])C(C)C)O[*],[*]CNC(=O)C(OC(=O)OC([*])C)C(C)C,5.04e-05,-4.297569463554475,1,-4.4583516120910645
26661,CC(COC(=O)*)NC(=O)C(O*)C(C)C,CC(COC(=O)[*])NC(=O)C(O[*])C(C)C,[*]COC(=O)OC(C(=O)NC([*])C)C(C)C,3.04e-05,-4.517126416391246,3,-4.399726867675781
26662,COC(=O)C(CSCCCOC(=O)*)N*,COC(=O)C(CSCCCOC(=O)[*])N[*],[*]CSCCCOC(=O)NC([*])C(=O)OC,3.67e-05,-4.435333935747911,1,-4.123770713806152
26663,CCCCC(N*)C(CCC)CNC(=O)*,CCCCC(N[*])C(CCC)CNC(=O)[*],[*]NC(=O)NCC(CCC)C([*])CCCC,5.9e-05,-4.229147988357856,3,-4.370741367340088
26664,CC(C)CN(CCO*)CCOC(=O)*,CC(C)CN(CCO[*])CCOC(=O)[*],[*]CCOC(=O)OCCN([*])CC(C)C,6.88e-05,-4.162411561764489,3,-4.2072649002075195
26665,CCC(C)CCC(OC(=O)*)C(C)CO*,CCC(C)CCC(OC(=O)[*])C(C)CO[*],[*]OC(=O)OCC(C)C([*])CCC(C)CC,2.7e-05,-4.568636235841013,3,-4.738515377044678
26666,C=CC(C)(CNCCC(C)CO*)OC(=O)*,C=CC(C)(CNCCC(C)CO[*])OC(=O)[*],[*]CNCCC(C)COC(=O)OC([*])(C)C=C,5.95e-05,-4.22548303427145,0,-4.38279914855957
26667,CC(C)CC(CNC(=O)CCN*)OC(=O)*,CC(C)CC(CNC(=O)CCN[*])OC(=O)[*],[*]CNC(=O)CCNC(=O)OC([*])CC(C)C,4.78e-05,-4.320572103387881,1,-4.399297714233398
26668,O=C(*)NCCCCO*,O=C([*])NCCCCO[*],[*]NCCCCOC([*])=O,7.17e-05,-4.1444808443322,3,-3.9527487754821777
26669,CCC(CNCC(CN(C)C)O*)OC(=O)*,CCC(CNCC(CN(C)C)O[*])OC(=O)[*],[*]CNCC(CN(C)C)OC(=O)OC([*])CC,0.000104,-3.9829666607012197,3,-4.064785480499268
26670,CCC(C)(COC(=O)*)NC(=O)C(C)O*,CCC(C)(COC(=O)[*])NC(=O)C(C)O[*],[*]COC(=O)OC(C)C(=O)NC([*])(C)CC,5.7e-05,-4.2441251443275085,2,-4.515616416931152
26671,O=C(*)NCCCCN*,O=C([*])NCCCCN[*],[*]NCCCCNC([*])=O,6.65e-05,-4.1771783546968955,0,-4.02890682220459
26672,O=C(CCCCCOC(=O)*)NCCO*,O=C(CCCCCOC(=O)[*])NCCO[*],[*]CCCCCOC(=O)OCCNC([*])=O,0.000168,-3.774690718274137,3,-4.068842887878418
26673,CC(CNC(=O)C(C)(C)OC(=O)*)CO*,CC(CNC(=O)C(C)(C)OC(=O)[*])CO[*],[*]CNC(=O)C(C)(C)OC(=O)OCC([*])C,8.15e-05,-4.088842391260023,2,-4.295705795288086
26674,C=CCCCN(C)CC(COC(=O)*)O*,C=CCCCN(C)CC(COC(=O)[*])O[*],[*]COC(=O)OC([*])CN(C)CCCC=C,5.91e-05,-4.228412519118745,3,-4.193045616149902
26675,C=CCCCC(NC(=O)*)C(=O)NC(C)CN*,C=CCCCC(NC(=O)[*])C(=O)NC(C)CN[*],[*]NC(=O)NCC(C)NC(=O)C([*])CCCC=C,6.2e-05,-4.207608310501746,2,-4.277466773986816
26676,C#CC(C)N(C)CC(OC(=O)*)C(C)(C)O*,C#CC(C)N(C)CC(OC(=O)[*])C(C)(C)O[*],[*]OC(=O)OC(C)(C)C([*])CN(C)C(C)C#C,4.88e-05,-4.311580177997289,3,-4.466495037078857
26677,CC#CCNCC(CC(C)(C)OC(=O)*)O*,CC#CCNCC(CC(C)(C)OC(=O)[*])O[*],[*]CC(C)(C)OC(=O)OC([*])CNCC#CC,4.05e-05,-4.392544976785332,0,-4.415543556213379
26678,CC(C)(O*)C(NC(=O)*)C(=O)O,CC(C)(O[*])C(NC(=O)[*])C(=O)O,[*]OC(=O)NC(C(=O)O)C([*])(C)C,2.86e-05,-4.543633966870957,0,-4.5566277503967285
26679,CC(CCN(C)C(=O)C(C)(C)OC(=O)*)O*,CC(CCN(C)C(=O)C(C)(C)OC(=O)[*])O[*],[*]CCN(C)C(=O)C(C)(C)OC(=O)OC([*])C,8.24e-05,-4.084072788302884,0,-4.49822473526001
26680,C=CCCC(C)N(C)CC(COC(=O)*)O*,C=CCCC(C)N(C)CC(COC(=O)[*])O[*],[*]COC(=O)OC([*])CN(C)C(C)CCC=C,5.54e-05,-4.2564902352715706,0,-4.252079486846924
26681,C=CC(CNCCCCCCOC(=O)*)O*,C=CC(CNCCCCCCOC(=O)[*])O[*],[*]CNCCCCCCOC(=O)OC([*])C=C,0.000108,-3.96657624451305,0,-3.998917579650879
26682,CC(C)(C)OC(=O)C(CN*)OC(=O)*,CC(C)(C)OC(=O)C(CN[*])OC(=O)[*],[*]CNC(=O)OC([*])C(=O)OC(C)(C)C,4.71e-05,-4.326979092871104,1,-4.361715316772461
26683,C=CC(CNCCC(C)COC(=O)*)O*,C=CC(CNCCC(C)COC(=O)[*])O[*],[*]CNCCC(C)COC(=O)OC([*])C=C,7.49e-05,-4.125518182300533,0,-4.1500244140625
26684,CC(C)C(NC(=O)*)C(O*)C(=O)O,CC(C)C(NC(=O)[*])C(O[*])C(=O)O,[*]NC(=O)OC(C(=O)O)C([*])C(C)C,1.84e-05,-4.735182176990463,3,-4.485263347625732
26685,C=CC(CNCC(C)(C)COC(=O)*)O*,C=CC(CNCC(C)(C)COC(=O)[*])O[*],[*]CNCC(C)(C)COC(=O)OC([*])C=C,5.96e-05,-4.2247537402597635,0,-4.277847766876221
26686,C#CCN(CC(CO*)OC(=O)*)C(C)(C)C,C#CCN(CC(CO[*])OC(=O)[*])C(C)(C)C,[*]COC(=O)OC([*])CN(CC#C)C(C)(C)C,2.56e-05,-4.591760034688151,3,-4.434983253479004
26687,CC(NC(=O)*)C(=O)NCC(C)(C)N*,CC(NC(=O)[*])C(=O)NCC(C)(C)N[*],[*]NC(=O)NC(C)(C)CNC(=O)C([*])C,3.78e-05,-4.422508200162775,0,-4.431920051574707
26688,CCCCC(N*)C(OC(=O)*)C(F)(F)F,CCCCC(N[*])C(OC(=O)[*])C(F)(F)F,[*]NC(=O)OC(C([*])CCCC)C(F)(F)F,3.86e-05,-4.413412695328245,3,-4.460151195526123
26689,CC(C)C(O*)C(NC(=O)*)C(=O)O,CC(C)C(O[*])C(NC(=O)[*])C(=O)O,[*]OC(=O)NC(C(=O)O)C([*])C(C)C,3.41e-05,-4.467245621007502,2,-4.558459281921387
26690,C=C(C)C(CO*)NC(CC)COC(=O)*,C=C(C)C(CO[*])NC(CC)COC(=O)[*],[*]COC(=O)OCC(CC)NC([*])C(=C)C,3.37e-05,-4.4723700991286615,2,-4.357640266418457
26691,CCN(CCO*)C(=O)C(C)(C)NC(=O)*,CCN(CCO[*])C(=O)C(C)(C)NC(=O)[*],[*]CCOC(=O)NC(C)(C)C(=O)N([*])CC,3.67e-05,-4.435333935747911,3,-4.468188762664795
26692,CCC(CO*)OC(=O)*,CCC(CO[*])OC(=O)[*],[*]COC(=O)OC([*])CC,7.72e-05,-4.112382699664264,3,-4.2072577476501465
26693,C=CCCCCN(CCN*)CCNC(=O)*,C=CCCCCN(CCN[*])CCNC(=O)[*],[*]CCNC(=O)NCCN([*])CCCCC=C,7.48e-05,-4.126098402135539,1,-4.100702285766602
26694,C=C(C)CC(COC(=O)*)NC(C)CCO*,C=C(C)CC(COC(=O)[*])NC(C)CCO[*],[*]COC(=O)OCCC(C)NC([*])CC(=C)C,5.65e-05,-4.247951552180561,0,-4.260318279266357
26695,C=CCCC(CNCCC(C)NC(=O)*)O*,C=CCCC(CNCCC(C)NC(=O)[*])O[*],[*]CNCCC(C)NC(=O)OC([*])CCC=C,5.02e-05,-4.29929628285498,0,-4.1388349533081055
26696,C#CCC(COC(=O)*)(N*)C(=O)O,C#CCC(COC(=O)[*])(N[*])C(=O)O,[*]COC(=O)NC([*])(CC#C)C(=O)O,3.44e-05,-4.46344155742847,3,-4.486340045928955
26697,COCC(C)(CN*)NC(=O)*,COCC(C)(CN[*])NC(=O)[*],[*]CNC(=O)NC([*])(C)COC,4.96e-05,-4.304518323509803,3,-4.214573860168457
26698,CC(C)(CCO*)NC(=O)COC(=O)*,CC(C)(CCO[*])NC(=O)COC(=O)[*],[*]CCOC(=O)OCC(=O)NC([*])(C)C,4.21e-05,-4.375717904164332,3,-4.301266670227051
26699,C=CCC(CO*)COC(=O)*,C=CCC(CO[*])COC(=O)[*],[*]COC(=O)OCC([*])CC=C,6.83e-05,-4.165579296318468,3,-4.1657843589782715
26700,C=CCCC(CNCC(C)CO*)OC(=O)*,C=CCCC(CNCC(C)CO[*])OC(=O)[*],[*]CNCC(C)COC(=O)OC([*])CCC=C,3.98e-05,-4.400116927926312,0,-4.166121006011963
26701,CC(CN*)C(=O)NCC(F)(F)COC(=O)*,CC(CN[*])C(=O)NCC(F)(F)COC(=O)[*],[*]CNC(=O)OCC(F)(F)CNC(=O)C([*])C,6.09e-05,-4.215382707367125,0,-4.274729251861572
26702,CC(CNCC(C)(CN(C)C)OC(=O)*)O*,CC(CNCC(C)(CN(C)C)OC(=O)[*])O[*],[*]CNCC(C)(CN(C)C)OC(=O)OC([*])C,6.79e-05,-4.168130225719499,1,-4.223753929138184
26703,CC(C)C(N*)C(=O)NCCOC(=O)*,CC(C)C(N[*])C(=O)NCCOC(=O)[*],[*]NC(=O)OCCNC(=O)C([*])C(C)C,3.93e-05,-4.405607449624573,1,-4.2649617195129395
26704,CC(C)NC(CO*)COC(=O)*,CC(C)NC(CO[*])COC(=O)[*],[*]COC(=O)OCC([*])NC(C)C,3.98e-05,-4.400116927926312,1,-4.351196765899658
26705,C=CCCC(CNCCCCO*)OC(=O)*,C=CCCC(CNCCCCO[*])OC(=O)[*],[*]CNCCCCOC(=O)OC([*])CCC=C,6.61e-05,-4.179798540514359,3,-4.010845184326172
26706,C#CCCNCC(CC(C)(C)OC(=O)*)O*,C#CCCNCC(CC(C)(C)OC(=O)[*])O[*],[*]CC(C)(C)OC(=O)OC([*])CNCCC#C,6.66e-05,-4.176525770829699,1,-4.3170857429504395
26707,CC(CN(C)CC(C)OC(=O)*)O*,CC(CN(C)CC(C)OC(=O)[*])O[*],[*]CN(C)CC(C)OC(=O)OC([*])C,4.04e-05,-4.393618634889395,1,-4.164084434509277
26708,O=C(O)CCC(CNC(=O)*)N*,O=C(O)CCC(CNC(=O)[*])N[*],[*]CNC(=O)NC([*])CCC(=O)O,6.3e-05,-4.200659450546418,2,-4.416292667388916
26709,CC(C)(CO*)COC(=O)*,CC(C)(CO[*])COC(=O)[*],[*]COC(=O)OCC([*])(C)C,3.81e-05,-4.419075024324381,3,-4.506526947021484
26710,O=C(*)NCCN(CCO*)CC(F)(F)F,O=C([*])NCCN(CCO[*])CC(F)(F)F,[*]NCCN(CCOC([*])=O)CC(F)(F)F,8.86e-05,-4.052566278112949,3,-4.069894790649414
26711,C#CC(C)(C)N(C)CC(OC(=O)*)C(C)O*,C#CC(C)(C)N(C)CC(OC(=O)[*])C(C)O[*],[*]OC(=O)OC(C)C([*])CN(C)C(C)(C)C#C,3.33e-05,-4.47755576649368,0,-4.499876022338867
26712,O=C(NCCCO*)NCCCOC(=O)*,O=C(NCCCO[*])NCCCOC(=O)[*],[*]NCCCOC(=O)OCCCNC([*])=O,8.45e-05,-4.073143291050307,1,-3.883172035217285
26713,C=C(Cl)CC(COC(=O)*)O*,C=C(Cl)CC(COC(=O)[*])O[*],[*]COC(=O)OC([*])CC(=C)Cl,4.19e-05,-4.377785977033705,0,-4.346455097198486
26714,C=CC(CNCC(F)C(C)(C)O*)OC(=O)*,C=CC(CNCC(F)C(C)(C)O[*])OC(=O)[*],[*]CNCC(F)C(C)(C)OC(=O)OC([*])C=C,3.97e-05,-4.401209493236885,1,-4.353096961975098
26715,CC(=O)N(CC(C)OC(=O)*)C(C)CO*,CC(=O)N(CC(C)OC(=O)[*])C(C)CO[*],[*]CC(C)OC(=O)OCC(C)N([*])C(C)=O,4.32e-05,-4.364516253185088,2,-4.424398422241211
26716,CC(C)(C=CC(C)(C)OC(=O)*)O*,CC(C)(C=CC(C)(C)OC(=O)[*])O[*],[*]C=CC(C)(C)OC(=O)OC([*])(C)C,4.34e-05,-4.36251027048749,3,-4.461374759674072
26717,CCCC(CNC(=O)C(C)O*)OC(=O)*,CCCC(CNC(=O)C(C)O[*])OC(=O)[*],[*]CNC(=O)C(C)OC(=O)OC([*])CCC,5.95e-05,-4.22548303427145,2,-4.266844749450684
26718,CCOC(=O)NC(CC)(CO*)COC(=O)*,CCOC(=O)NC(CC)(CO[*])COC(=O)[*],[*]COC(=O)OCC([*])(CC)NC(=O)OCC,2.28e-05,-4.642065152999546,2,-4.453644275665283
26719,N=C(N)NN=CCC(CO*)OC(=O)*,N=C(N)NN=CCC(CO[*])OC(=O)[*],[*]COC(=O)OC([*])CC=NNC(=N)N,6.63e-05,-4.178486471595227,2,-4.103161811828613
26720,COC(=O)NC(CO*)C(C)OC(=O)*,COC(=O)NC(CO[*])C(C)OC(=O)[*],[*]COC(=O)OC(C)C([*])NC(=O)OC,5.66e-05,-4.247183568811729,0,-4.3908538818359375
26721,C=CCCC(CNCC(C)(C)O*)OC(=O)*,C=CCCC(CNCC(C)(C)O[*])OC(=O)[*],[*]CNCC(C)(C)OC(=O)OC([*])CCC=C,4.18e-05,-4.3788237182249645,2,-4.294980525970459
26722,CCOCC(COC(=O)*)O*,CCOCC(COC(=O)[*])O[*],[*]COC(=O)OC([*])COCC,6.14e-05,-4.211831628858833,0,-4.1836137771606445
26723,O=C(*)NCCCCCC(=O)NCCO*,O=C([*])NCCCCCC(=O)NCCO[*],[*]CCCCCNC(=O)OCCNC([*])=O,4.91e-05,-4.308918507877031,0,-4.071061134338379
26724,C#CCN(CC(OC(=O)*)C(C)(C)O*)C(C)C,C#CCN(CC(OC(=O)[*])C(C)(C)O[*])C(C)C,[*]OC(=O)OC(C)(C)C([*])CN(CC#C)C(C)C,2.65e-05,-4.576754126063192,0,-4.495927333831787
26725,CC(C)(CNC(=O)*)NCCO*,CC(C)(CNC(=O)[*])NCCO[*],[*]CNC(=O)OCCNC([*])(C)C,5.71e-05,-4.243363891754152,1,-4.233514308929443
26726,CC(C)(COC(=O)*)O*,CC(C)(COC(=O)[*])O[*],[*]COC(=O)OC([*])(C)C,5.07e-05,-4.294992040666664,0,-4.52443790435791
26727,O=C(*)NCCC(CCN*)C(=O)O,O=C([*])NCCC(CCN[*])C(=O)O,[*]NCCC(CCNC([*])=O)C(=O)O,4.31e-05,-4.3655227298392685,0,-4.308593273162842
26728,COC(=O)C(CCCCN*)NC(=O)*,COC(=O)C(CCCCN[*])NC(=O)[*],[*]CCCCNC(=O)NC([*])C(=O)OC,5.93e-05,-4.226945306635737,1,-4.285429954528809
26729,CC(C)C(CNC(=O)*)O*,CC(C)C(CNC(=O)[*])O[*],[*]CNC(=O)OC([*])C(C)C,4.79e-05,-4.319664486585437,3,-4.443553924560547
26730,CC(N*)C(C)NC(=O)*,CC(N[*])C(C)NC(=O)[*],[*]NC(=O)NC(C)C([*])C,5.65e-05,-4.247951552180561,2,-4.3429999351501465
26731,C=CC(C)(CNCCC(C)(C)OC(=O)*)O*,C=CC(C)(CNCCC(C)(C)OC(=O)[*])O[*],[*]CNCCC(C)(C)OC(=O)OC([*])(C)C=C,6.06e-05,-4.217527375833714,0,-4.331570625305176
26732,CC(CCNC(=O)C(C)(C)N*)NC(=O)*,CC(CCNC(=O)C(C)(C)N[*])NC(=O)[*],[*]CCNC(=O)C(C)(C)NC(=O)NC([*])C,6.17e-05,-4.209714835966758,0,-4.32435417175293
26733,COCCC(C)(CN*)OC(=O)*,COCCC(C)(CN[*])OC(=O)[*],[*]CNC(=O)OC([*])(C)CCOC,6.7e-05,-4.173925197299174,1,-4.358668804168701
26734,C=CC(C)(CNC(C)(C)COC(=O)*)O*,C=CC(C)(CNC(C)(C)COC(=O)[*])O[*],[*]CNC(C)(C)COC(=O)OC([*])(C)C=C,1.67e-05,-4.777283528852417,1,-4.506924152374268
26735,C=C(CCCCCC(=C)COC(=O)*)CO*,C=C(CCCCCC(=C)COC(=O)[*])CO[*],[*]CCCCCC(=C)COC(=O)OCC([*])=C,9.5e-05,-4.022276394711152,3,-4.302433013916016
26736,CC(C)C(N*)C(=O)NCCCOC(=O)*,CC(C)C(N[*])C(=O)NCCCOC(=O)[*],[*]NC(=O)OCCCNC(=O)C([*])C(C)C,4.91e-05,-4.308918507877031,2,-4.245325565338135
26737,CC(C)C(OC(=O)*)C(=O)NCCO*,CC(C)C(OC(=O)[*])C(=O)NCCO[*],[*]OC(=O)OCCNC(=O)C([*])C(C)C,4.63e-05,-4.334419008982047,2,-4.346133232116699
26738,COCC(C)(CO*)NC(=O)*,COCC(C)(CO[*])NC(=O)[*],[*]COC(=O)NC([*])(C)COC,4.18e-05,-4.3788237182249645,1,-4.374139785766602
26739,C=CC(CNC(COC(=O)*)CC(C)C)O*,C=CC(CNC(COC(=O)[*])CC(C)C)O[*],[*]CNC(COC(=O)OC([*])C=C)CC(C)C,4.39e-05,-4.357535479757878,3,-4.326974868774414
26740,O=C(*)OCCN(CCCO*)CC(F)F,O=C([*])OCCN(CCCO[*])CC(F)F,[*]OCCCN(CCOC([*])=O)CC(F)F,0.000158,-3.8013429130455774,3,-4.030854225158691
26741,C=CCCN(C)CC(O*)C(C)OC(=O)*,C=CCCN(C)CC(O[*])C(C)OC(=O)[*],[*]OC(=O)OC(C)C([*])CN(C)CCC=C,6.17e-05,-4.209714835966758,2,-4.344959735870361
26742,C#CCN(CC)CC(O*)C(C)(C)OC(=O)*,C#CCN(CC)CC(O[*])C(C)(C)OC(=O)[*],[*]OC(=O)OC(C)(C)C([*])CN(CC)CC#C,3.18e-05,-4.497572880015567,1,-4.312350273132324
26743,CC(C)(COC(=O)*)C(=O)OCCCO*,CC(C)(COC(=O)[*])C(=O)OCCCO[*],[*]COC(=O)OCCCOC(=O)C([*])(C)C,3.48e-05,-4.458420756053419,1,-4.310667514801025
26744,C=CCN(CC(OC(=O)*)C(C)O*)C(C)C,C=CCN(CC(OC(=O)[*])C(C)O[*])C(C)C,[*]OC(=O)OC(C)C([*])CN(CC=C)C(C)C,3.01e-05,-4.521433504406157,0,-4.462140083312988
26745,C=CC(CNC(CCC)CCOC(=O)*)O*,C=CC(CNC(CCC)CCOC(=O)[*])O[*],[*]CNC(CCC)CCOC(=O)OC([*])C=C,6.06e-05,-4.217527375833714,3,-4.301821231842041
26746,CCCCC(CC)(CCCN*)CNC(=O)*,CCCCC(CC)(CCCN[*])CNC(=O)[*],[*]CCCNC(=O)NCC([*])(CC)CCCC,3.2e-05,-4.494850021680094,2,-4.331820964813232
26747,CC(C)(CNC(=O)*)CO*,CC(C)(CNC(=O)[*])CO[*],[*]CNC(=O)OCC([*])(C)C,1.93e-05,-4.714442690992226,1,-4.351131439208984
26748,O=C(CCO*)CCOC(=O)*,O=C(CCO[*])CCOC(=O)[*],[*]CCOC(=O)OCCC([*])=O,0.000121,-3.9172146296835497,2,-4.067892551422119
26749,CCOC(=O)C(C)(CNC(=O)*)O*,CCOC(=O)C(C)(CNC(=O)[*])O[*],[*]CNC(=O)OC([*])(C)C(=O)OCC,3.88e-05,-4.411168274405793,1,-4.391560077667236
26750,CC(CO*)NCC(C)OC(=O)*,CC(CO[*])NCC(C)OC(=O)[*],[*]COC(=O)OC(C)CNC([*])C,6.63e-05,-4.178486471595227,2,-4.130196571350098
26751,CC(C)(C)OC(=O)C(COC(=O)*)N*,CC(C)(C)OC(=O)C(COC(=O)[*])N[*],[*]COC(=O)NC([*])C(=O)OC(C)(C)C,4.51e-05,-4.345823458122039,0,-4.407515048980713
26752,C#CC(C)N(C)CC(CC(C)(C)O*)OC(=O)*,C#CC(C)N(C)CC(CC(C)(C)O[*])OC(=O)[*],[*]CC(C)(C)OC(=O)OC([*])CN(C)C(C)C#C,3.08e-05,-4.511449283499556,1,-4.501007556915283
26753,C=CC(CNCCCCCO*)OC(=O)*,C=CC(CNCCCCCO[*])OC(=O)[*],[*]CNCCCCCOC(=O)OC([*])C=C,6.28e-05,-4.2020403562628035,3,-3.9454803466796875
26754,CC(C)NCC(COC(=O)*)O*,CC(C)NCC(COC(=O)[*])O[*],[*]COC(=O)OC([*])CNC(C)C,5.67e-05,-4.246416941107094,1,-4.383398056030273
26755,O=C(*)OC(CNCCC(F)(F)F)CO*,O=C([*])OC(CNCCC(F)(F)F)CO[*],[*]OCC(CNCCC(F)(F)F)OC([*])=O,4.72e-05,-4.3260580013659125,2,-4.176094055175781
26756,COCC(C)(CN*)OC(=O)*,COCC(C)(CN[*])OC(=O)[*],[*]CNC(=O)OC([*])(C)COC,2.65e-05,-4.576754126063192,0,-4.3112101554870605
26757,CC(=O)NCC(C)(CO*)COC(=O)*,CC(=O)NCC(C)(CO[*])COC(=O)[*],[*]COC(=O)OCC([*])(C)CNC(C)=O,3.6e-05,-4.443697499232712,1,-4.368964195251465
26758,C=CCCCN(CC)CC(COC(=O)*)O*,C=CCCCN(CC)CC(COC(=O)[*])O[*],[*]COC(=O)OC([*])CN(CC)CCCC=C,4.78e-05,-4.320572103387881,1,-4.168227672576904
26759,CN(CCCO*)C(=O)CCCNC(=O)*,CN(CCCO[*])C(=O)CCCNC(=O)[*],[*]CCCOC(=O)NCCCC(=O)N([*])C,5.12e-05,-4.29073003902417,2,-4.089108943939209
26760,C=CC(C)(CNCCCCCOC(=O)*)O*,C=CC(C)(CNCCCCCOC(=O)[*])O[*],[*]CNCCCCCOC(=O)OC([*])(C)C=C,4.94e-05,-4.306273051076353,2,-4.159301280975342
26761,CCC(CO*)COC(=O)*,CCC(CO[*])COC(=O)[*],[*]COC(=O)OCC([*])CC,6.59e-05,-4.18111458540599,0,-4.271024703979492
26762,CC(C)OCC(CNC(=O)*)O*,CC(C)OCC(CNC(=O)[*])O[*],[*]CNC(=O)OC([*])COC(C)C,4.37e-05,-4.359518563029578,3,-4.178976058959961
26763,CCC(COC(=O)*)C(=O)NCCCO*,CCC(COC(=O)[*])C(=O)NCCCO[*],[*]COC(=O)OCCCNC(=O)C([*])CC,5.15e-05,-4.288192770958809,1,-4.284237384796143
26764,C=C(O)C(CCCCNC(=O)*)N*,C=C(O)C(CCCCNC(=O)[*])N[*],[*]CCCCNC(=O)NC([*])C(=C)O,8.24e-05,-4.084072788302884,3,-4.354862689971924
26765,CC(C)N(CCO*)CCOC(=O)*,CC(C)N(CCO[*])CCOC(=O)[*],[*]CCOC(=O)OCCN([*])C(C)C,5.94e-05,-4.2262135550188065,2,-4.101665496826172
26766,O=C(O)CCCCNC(CO*)COC(=O)*,O=C(O)CCCCNC(CO[*])COC(=O)[*],[*]COC(=O)OCC([*])NCCCCC(=O)O,2.75e-05,-4.560667306169737,3,-4.330080032348633
26767,CCOCC(CNC(=O)*)O*,CCOCC(CNC(=O)[*])O[*],[*]CNC(=O)OC([*])COCC,9.81e-05,-4.008330992620052,3,-4.255276203155518
26768,C=CCCC(CNC(C)COC(=O)*)O*,C=CCCC(CNC(C)COC(=O)[*])O[*],[*]CNC(C)COC(=O)OC([*])CCC=C,7.71e-05,-4.112945621949043,3,-4.199000835418701
26769,C=CCCN(C)CC(OC(=O)*)C(C)(C)O*,C=CCCN(C)CC(OC(=O)[*])C(C)(C)O[*],[*]OC(=O)OC(C)(C)C([*])CN(C)CCC=C,3.64e-05,-4.438898616350944,3,-4.317709445953369
26770,CC(CCNC(=O)C(NC(=O)*)C(C)C)O*,CC(CCNC(=O)C(NC(=O)[*])C(C)C)O[*],[*]CCNC(=O)C(NC(=O)OC([*])C)C(C)C,2.38e-05,-4.623423042943488,1,-4.469711780548096
26771,C=CCCC(COC(=O)*)NC(C)CCO*,C=CCCC(COC(=O)[*])NC(C)CCO[*],[*]COC(=O)OCCC(C)NC([*])CCC=C,7.77e-05,-4.1095789811990855,1,-4.017592906951904
26772,CC(CC(C)(C)C(C)NC(=O)*)O*,CC(CC(C)(C)C(C)NC(=O)[*])O[*],[*]CC(C)(C)C(C)NC(=O)OC([*])C,1.82e-05,-4.739928612014925,1,-4.5774126052856445
26773,CCC(C)NC(CO*)COC(=O)*,CCC(C)NC(CO[*])COC(=O)[*],[*]COC(=O)OCC([*])NC(C)CC,2.24e-05,-4.649751981665837,2,-4.393630504608154
26774,COCCN(C)CC(C)(CO*)COC(=O)*,COCCN(C)CC(C)(CO[*])COC(=O)[*],[*]COC(=O)OCC([*])(C)CN(C)CCOC,7.2e-05,-4.142667503568732,2,-4.184484958648682
26775,COCC(C)(CCOC(=O)*)N*,COCC(C)(CCOC(=O)[*])N[*],[*]CCOC(=O)NC([*])(C)COC,5e-05,-4.301029995663981,1,-4.317619323730469
26776,CC(O*)C(C)C(C)OC(=O)*,CC(O[*])C(C)C(C)OC(=O)[*],[*]OC(=O)OC(C)C(C)C([*])C,2e-05,-4.698970004336019,2,-4.541259765625
26777,CC(C)(COC(=O)*)NCCO*,CC(C)(COC(=O)[*])NCCO[*],[*]COC(=O)OCCNC([*])(C)C,5.26e-05,-4.279014255846261,0,-4.229960918426514
26778,CC(CO*)SCC(CC(=O)O)OC(=O)*,CC(CO[*])SCC(CC(=O)O)OC(=O)[*],[*]COC(=O)OC(CSC([*])C)CC(=O)O,4.87e-05,-4.3124710387853655,0,-4.3271684646606445
26779,CC(C)C(N*)C(=O)OCCOC(=O)*,CC(C)C(N[*])C(=O)OCCOC(=O)[*],[*]NC(=O)OCCOC(=O)C([*])C(C)C,2.3e-05,-4.638272163982407,3,-4.253164291381836
26780,O=CC(O*)C(O)=C(O)COC(=O)*,O=CC(O[*])C(O)=C(O)COC(=O)[*],[*]OC(=O)OCC(O)=C(O)C([*])C=O,7.34e-05,-4.13430394008393,3,-4.392656326293945
26781,CC(C)CC(N*)C(=O)NC(C)CNC(=O)*,CC(C)CC(N[*])C(=O)NC(C)CNC(=O)[*],[*]NC(=O)NCC(C)NC(=O)C([*])CC(C)C,3.87e-05,-4.412289034981089,0,-4.3412394523620605
26782,CC(C)(NC(=O)*)C(=O)NCCCO*,CC(C)(NC(=O)[*])C(=O)NCCCO[*],[*]NC(=O)OCCCNC(=O)C([*])(C)C,5.86e-05,-4.23210238398191,3,-4.159967422485352
26783,CC(C)C(O*)C(=O)NCC(C)(C)OC(=O)*,CC(C)C(O[*])C(=O)NCC(C)(C)OC(=O)[*],[*]OC(=O)OC(C)(C)CNC(=O)C([*])C(C)C,6.3e-05,-4.200659450546418,3,-4.3574748039245605
26784,CN(CCCN*)C(=O)C(C)(C)NC(=O)*,CN(CCCN[*])C(=O)C(C)(C)NC(=O)[*],[*]CCCNC(=O)NC(C)(C)C(=O)N([*])C,5.34e-05,-4.272458742971444,2,-4.360337734222412
26785,CCC(NC(=O)C(C)O*)C(C)OC(=O)*,CCC(NC(=O)C(C)O[*])C(C)OC(=O)[*],[*]NC(=O)C(C)OC(=O)OC(C)C([*])CC,3.04e-05,-4.517126416391246,3,-4.450684070587158
26786,CC(CCO*)NC(=O)CCCNC(=O)*,CC(CCO[*])NC(=O)CCCNC(=O)[*],[*]CCOC(=O)NCCCC(=O)NC([*])C,5.93e-05,-4.226945306635737,3,-4.140298843383789
26787,COCC(CNC(C)CC(C)O*)OC(=O)*,COCC(CNC(C)CC(C)O[*])OC(=O)[*],[*]CNC(C)CC(C)OC(=O)OC([*])COC,8.77e-05,-4.05700040663396,1,-4.160111427307129
26788,CCC(CO*)(COC(=O)*)NC(=O)OC,CCC(CO[*])(COC(=O)[*])NC(=O)OC,[*]COC(=O)OCC([*])(CC)NC(=O)OC,1.96e-05,-4.707743928643524,1,-4.437922477722168
26789,O=C(*)NCCCC(CCCN*)C(F)(F)F,O=C([*])NCCCC(CCCN[*])C(F)(F)F,[*]NCCCC(CCCNC([*])=O)C(F)(F)F,4.52e-05,-4.3448615651886175,1,-4.27892541885376
26790,CC(NC(=O)*)C(C)O*,CC(NC(=O)[*])C(C)O[*],[*]NC(=O)OC(C)C([*])C,2.79e-05,-4.554395796726403,2,-4.400110244750977
26791,C=CC(CNC(C)(C)C(C)(C)OC(=O)*)O*,C=CC(CNC(C)(C)C(C)(C)OC(=O)[*])O[*],[*]CNC(C)(C)C(C)(C)OC(=O)OC([*])C=C,9.97e-05,-4.001304841688344,3,-4.493799209594727
26792,CCC(=O)NC(CC)(CO*)COC(=O)*,CCC(=O)NC(CC)(CO[*])COC(=O)[*],[*]COC(=O)OCC([*])(CC)NC(=O)CC,3.22e-05,-4.492144128304169,2,-4.403717994689941
26793,CC(CCOC(=O)*)NC(=O)C(N*)C(C)C,CC(CCOC(=O)[*])NC(=O)C(N[*])C(C)C,[*]CCOC(=O)NC(C(=O)NC([*])C)C(C)C,4.2e-05,-4.376750709602099,0,-4.359604835510254
26794,O=C(*)NCCCNCCCN*,O=C([*])NCCCNCCCN[*],[*]NCCCNCCCNC([*])=O,7.25e-05,-4.139661993429006,2,-4.003274440765381
26795,COCC(CCNC(C)C(C)O*)OC(=O)*,COCC(CCNC(C)C(C)O[*])OC(=O)[*],[*]CCNC(C)C(C)OC(=O)OC([*])COC,8.84e-05,-4.053547734986927,0,-4.229786396026611
26796,CC(C)C(CNC(=O)*)N*,CC(C)C(CNC(=O)[*])N[*],[*]CNC(=O)NC([*])C(C)C,3.32e-05,-4.478861916295964,0,-4.32560920715332
26797,CC(O*)C(=O)OCCCCOC(=O)*,CC(O[*])C(=O)OCCCCOC(=O)[*],[*]OC(=O)OCCCCOC(=O)C([*])C,9.94e-05,-4.002613615602686,0,-4.249385356903076
26798,C=CCCCCC(CNC(=O)*)O*,C=CCCCCC(CNC(=O)[*])O[*],[*]CNC(=O)OC([*])CCCCC=C,6.97e-05,-4.15676722190199,0,-4.206008434295654
26799,CC(O*)C(=O)OCCCOC(=O)*,CC(O[*])C(=O)OCCCOC(=O)[*],[*]OC(=O)OCCCOC(=O)C([*])C,6.54e-05,-4.184422251675732,1,-4.223761081695557
26800,CC(C)(C#CC#CC(C)(C)OC(=O)*)O*,CC(C)(C#CC#CC(C)(C)OC(=O)[*])O[*],[*]C#CC#CC(C)(C)OC(=O)OC([*])(C)C,1.02e-05,-4.991399828238082,0,-4.64579439163208
26801,CCNC(=O)NC(CC)(CO*)COC(=O)*,CCNC(=O)NC(CC)(CO[*])COC(=O)[*],[*]COC(=O)OCC([*])(CC)NC(=O)NCC,5.39e-05,-4.268411234813262,0,-4.445173263549805
26802,CC(CC(=O)NC(C)(C)CNC(=O)*)N*,CC(CC(=O)NC(C)(C)CNC(=O)[*])N[*],[*]CC(=O)NC(C)(C)CNC(=O)NC([*])C,1.79e-05,-4.747146969020107,2,-4.320842266082764
26803,CCN(CCOC(=O)*)C(=O)C(N*)C(C)C,CCN(CCOC(=O)[*])C(=O)C(N[*])C(C)C,[*]CCOC(=O)NC(C(=O)N([*])CC)C(C)C,2.63e-05,-4.580044251510242,3,-4.469811916351318
26804,CC(C)(CNC(=O)*)C(=O)NCCCCN*,CC(C)(CNC(=O)[*])C(=O)NCCCCN[*],[*]CNC(=O)NCCCCNC(=O)C([*])(C)C,4.85e-05,-4.314258261397736,2,-4.201293468475342
26805,CC(COC(=O)*)CSCCCCO*,CC(COC(=O)[*])CSCCCCO[*],[*]COC(=O)OCCCCSCC([*])C,0.000148,-3.8297382846050425,0,-4.028564453125
26806,CCC(CCNCC(COC)OC(=O)*)O*,CCC(CCNCC(COC)OC(=O)[*])O[*],[*]CCNCC(COC)OC(=O)OC([*])CC,8.76e-05,-4.057495893831919,2,-4.082744121551514
26807,CC(C)(COC(=O)*)NC(=O)C(C)(C)N*,CC(C)(COC(=O)[*])NC(=O)C(C)(C)N[*],[*]COC(=O)NC(C)(C)C(=O)NC([*])(C)C,5.31e-05,-4.274905478918531,3,-4.279800891876221
26808,CCCC(O*)C(C)C(CC)OC(=O)*,CCCC(O[*])C(C)C(CC)OC(=O)[*],[*]OC(=O)OC(CC)C(C)C([*])CCC,2.28e-05,-4.642065152999546,0,-4.658830642700195
26809,CC(C)C(NC(=O)*)C(=O)NCC(C)(C)N*,CC(C)C(NC(=O)[*])C(=O)NCC(C)(C)N[*],[*]NC(=O)NC(C)(C)CNC(=O)C([*])C(C)C,4.67e-05,-4.330683119433888,3,-4.562447547912598
26810,CCCCC(O*)C(CCC)COC(=O)*,CCCCC(O[*])C(CCC)COC(=O)[*],[*]OC(=O)OCC(CCC)C([*])CCCC,1.47e-05,-4.8326826652518236,1,-4.540107727050781
26811,CN(CCO*)C(=O)C(C)(C)NC(=O)*,CN(CCO[*])C(=O)C(C)(C)NC(=O)[*],[*]CCOC(=O)NC(C)(C)C(=O)N([*])C,1.84e-05,-4.735182176990463,1,-4.432241916656494
26812,CC(C)(CNC(=O)*)O*,CC(C)(CNC(=O)[*])O[*],[*]CNC(=O)OC([*])(C)C,4.11e-05,-4.386158178123931,3,-4.447832107543945
26813,CC(C)(C#CC(C)(C)OC(=O)*)O*,CC(C)(C#CC(C)(C)OC(=O)[*])O[*],[*]C#CC(C)(C)OC(=O)OC([*])(C)C,3.32e-05,-4.478861916295964,2,-4.520472049713135
26814,CC(C)(C)C(CNCCO*)OC(=O)*,CC(C)(C)C(CNCCO[*])OC(=O)[*],[*]CNCCOC(=O)OC([*])C(C)(C)C,4.64e-05,-4.333482019445119,2,-4.277263164520264
26815,CCCCC(F)(F)C(CO*)OC(=O)*,CCCCC(F)(F)C(CO[*])OC(=O)[*],[*]COC(=O)OC([*])C(F)(F)CCCC,2.64e-05,-4.578396073130169,3,-4.511646270751953
26816,CC(C)N(C(=O)C(CNC(=O)*)N*)C(C)C,CC(C)N(C(=O)C(CNC(=O)[*])N[*])C(C)C,[*]CNC(=O)NC([*])C(=O)N(C(C)C)C(C)C,3.14e-05,-4.503070351926785,1,-4.606632232666016
26817,CC(C)=CCNC(CO*)COC(=O)*,CC(C)=CCNC(CO[*])COC(=O)[*],[*]COC(=O)OCC([*])NCC=C(C)C,6.45e-05,-4.1904402853647325,1,-4.38431978225708
26818,CC(C)(CN*)C(=O)NCCCOC(=O)*,CC(C)(CN[*])C(=O)NCCCOC(=O)[*],[*]CNC(=O)OCCCNC(=O)C([*])(C)C,4.72e-05,-4.3260580013659125,3,-4.218115329742432
26819,C=CCC(CO*)CC(COC)OC(=O)*,C=CCC(CO[*])CC(COC)OC(=O)[*],[*]COC(=O)OC(COC)CC([*])CC=C,6.65e-05,-4.1771783546968955,1,-4.10194206237793
26820,CC(NC(=O)*)C(=O)N(C)CCCO*,CC(NC(=O)[*])C(=O)N(C)CCCO[*],[*]NC(=O)OCCCN(C)C(=O)C([*])C,3.77e-05,-4.423658649794207,0,-4.37626838684082
26821,CC(CCN(C)C(=O)C(C)N*)OC(=O)*,CC(CCN(C)C(=O)C(C)N[*])OC(=O)[*],[*]CCN(C)C(=O)C(C)NC(=O)OC([*])C,1.7e-05,-4.769551078621726,3,-4.404863357543945
26822,O=C(COC(=O)*)NCC(O*)C(F)(F)F,O=C(COC(=O)[*])NCC(O[*])C(F)(F)F,[*]COC(=O)OC(CNC([*])=O)C(F)(F)F,5.28e-05,-4.277366077466188,2,-4.213315486907959
26823,CC(C)(OC(=O)*)C(=O)NCC(F)(F)CO*,CC(C)(OC(=O)[*])C(=O)NCC(F)(F)CO[*],[*]OC(=O)OCC(F)(F)CNC(=O)C([*])(C)C,3.62e-05,-4.441291429466834,3,-4.307954788208008
26824,CC(CNC(=O)*)NC(=O)CC(C)(C)N*,CC(CNC(=O)[*])NC(=O)CC(C)(C)N[*],[*]CNC(=O)NC(C)(C)CC(=O)NC([*])C,6.99e-05,-4.1555228242543185,0,-4.289571762084961
26825,C=CCCC(CNC(C)CCO*)OC(=O)*,C=CCCC(CNC(C)CCO[*])OC(=O)[*],[*]CNC(C)CCOC(=O)OC([*])CCC=C,0.00012,-3.9208187539523753,0,-4.0460638999938965
26826,CC(C)CC(C)(CN*)NC(=O)CNC(=O)*,CC(C)CC(C)(CN[*])NC(=O)CNC(=O)[*],[*]CNC(=O)NCC(=O)NC([*])(C)CC(C)C,3.44e-05,-4.46344155742847,3,-4.423695087432861
26827,CC(CCO*)NC(=O)C(C)C(C)NC(=O)*,CC(CCO[*])NC(=O)C(C)C(C)NC(=O)[*],[*]CCOC(=O)NC(C)C(C)C(=O)NC([*])C,3.16e-05,-4.5003129173815966,2,-4.447022438049316
26828,CC(CNC(=O)C(C)OC(=O)*)CO*,CC(CNC(=O)C(C)OC(=O)[*])CO[*],[*]CNC(=O)C(C)OC(=O)OCC([*])C,6.2e-05,-4.207608310501746,0,-4.266495704650879
26829,C=CCC(C)(CO*)COC(=O)*,C=CCC(C)(CO[*])COC(=O)[*],[*]COC(=O)OCC([*])(C)CC=C,2.8e-05,-4.552841968657781,0,-4.579551696777344
26830,CCCNC(=O)C(CCCNC(=O)*)N*,CCCNC(=O)C(CCCNC(=O)[*])N[*],[*]CCCNC(=O)NC([*])C(=O)NCCC,5.1e-05,-4.292429823902063,3,-4.250102996826172
26831,CC(CO*)C(OC(=O)*)C(C)(C)C,CC(CO[*])C(OC(=O)[*])C(C)(C)C,[*]COC(=O)OC(C([*])C)C(C)(C)C,2.03e-05,-4.692503962086787,1,-4.750239849090576
26832,COCC(CNC(C)CCO*)OC(=O)*,COCC(CNC(C)CCO[*])OC(=O)[*],[*]CNC(C)CCOC(=O)OC([*])COC,0.000129,-3.889410289700751,2,-4.0561723709106445
26833,COC(C)CN(CCO*)CCOC(=O)*,COC(C)CN(CCO[*])CCOC(=O)[*],[*]CCOC(=O)OCCN([*])CC(C)OC,8.16e-05,-4.088309841246139,2,-3.9497642517089844
26834,CC(C)(CNC(=O)C(C)(C)NC(=O)*)N*,CC(C)(CNC(=O)C(C)(C)NC(=O)[*])N[*],[*]CNC(=O)C(C)(C)NC(=O)NC([*])(C)C,5.83e-05,-4.2343314452409855,2,-4.2848663330078125
26835,NC(=S)NN=CC(CO*)OC(=O)*,NC(=S)NN=CC(CO[*])OC(=O)[*],[*]COC(=O)OC([*])C=NNC(N)=S,7.25e-05,-4.139661993429006,2,-4.383218288421631
26836,CC(CCN(C)CCOC(=O)*)O*,CC(CCN(C)CCOC(=O)[*])O[*],[*]CCN(C)CCOC(=O)OC([*])C,5.16e-05,-4.287350298372789,2,-4.161483287811279
26837,CN(C)CCC(C)(CNC(=O)*)O*,CN(C)CCC(C)(CNC(=O)[*])O[*],[*]CNC(=O)OC([*])(C)CCN(C)C,4.9e-05,-4.309803919971486,2,-4.219183444976807
26838,COCC(CCNCC(C)OC(=O)*)O*,COCC(CCNCC(C)OC(=O)[*])O[*],[*]CCNCC(C)OC(=O)OC([*])COC,0.000121,-3.9172146296835497,0,-4.045823574066162
26839,CCC(N*)C(=O)N(C)CCCOC(=O)*,CCC(N[*])C(=O)N(C)CCCOC(=O)[*],[*]NC(=O)OCCCN(C)C(=O)C([*])CC,5.09e-05,-4.293282217663242,1,-4.401322364807129
26840,CC(CN*)CNC(=O)C(NC(=O)*)C(C)C,CC(CN[*])CNC(=O)C(NC(=O)[*])C(C)C,[*]CNC(=O)NC(C(=O)NCC([*])C)C(C)C,3.8e-05,-4.42021640338319,0,-4.284945964813232
26841,COCCN(CC(CO*)OC(=O)*)C(C)C,COCCN(CC(CO[*])OC(=O)[*])C(C)C,[*]COC(=O)OC([*])CN(CCOC)C(C)C,8.6e-05,-4.0655015487564325,1,-4.214080333709717
26842,CCC(=O)NC(CO*)C(C)OC(=O)*,CCC(=O)NC(CO[*])C(C)OC(=O)[*],[*]COC(=O)OC(C)C([*])NC(=O)CC,8.04e-05,-4.094743951251549,1,-4.274224758148193
26843,CCCCC(CC)(CO*)NC(=O)*,CCCCC(CC)(CO[*])NC(=O)[*],[*]COC(=O)NC([*])(CC)CCCC,3.92e-05,-4.406713932979542,0,-4.699524402618408
26844,COCCC(CO*)NCC(C)OC(=O)*,COCCC(CO[*])NCC(C)OC(=O)[*],[*]COC(=O)OC(C)CNC([*])CCOC,6.45e-05,-4.1904402853647325,2,-4.076708793640137
26845,CCCC(C)(C#CC(C)(CCC)OC(=O)*)O*,CCCC(C)(C#CC(C)(CCC)OC(=O)[*])O[*],[*]C#CC(C)(CCC)OC(=O)OC([*])(C)CCC,3.59e-05,-4.444905551421681,3,-4.765801429748535
26846,COC(=O)C(N*)C(C)(C)NC(=O)*,COC(=O)C(N[*])C(C)(C)NC(=O)[*],[*]NC(=O)NC(C)(C)C([*])C(=O)OC,5.09e-05,-4.293282217663242,1,-4.325019359588623
26847,CCCCOC(=O)NC(CO*)COC(=O)*,CCCCOC(=O)NC(CO[*])COC(=O)[*],[*]COC(=O)OCC([*])NC(=O)OCCCC,3.08e-05,-4.511449283499556,2,-4.4196600914001465
26848,CC(CCO*)NC(=O)C(C)(C)CNC(=O)*,CC(CCO[*])NC(=O)C(C)(C)CNC(=O)[*],[*]CCOC(=O)NCC(C)(C)C(=O)NC([*])C,5.25e-05,-4.279840696594043,1,-4.385620594024658
26849,CC(C)(C)CC(CNC(=O)CNC(=O)*)O*,CC(C)(C)CC(CNC(=O)CNC(=O)[*])O[*],[*]CNC(=O)CNC(=O)OC([*])CC(C)(C)C,3.3e-05,-4.481486060122113,2,-4.361969947814941
26850,CC(C)C(CCO*)NC(=O)CCNC(=O)*,CC(C)C(CCO[*])NC(=O)CCNC(=O)[*],[*]CCOC(=O)NCCC(=O)NC([*])C(C)C,5.42e-05,-4.266000713461613,3,-4.349858283996582
26851,COCC(CCO*)NC(C)C(C)OC(=O)*,COCC(CCO[*])NC(C)C(C)OC(=O)[*],[*]CCOC(=O)OC(C)C(C)NC([*])COC,6.54e-05,-4.184422251675732,0,-4.257198333740234
26852,CCC(NC(=O)*)C(=O)N(C)CCC(C)O*,CCC(NC(=O)[*])C(=O)N(C)CCC(C)O[*],[*]NC(=O)OC(C)CCN(C)C(=O)C([*])CC,5.58e-05,-4.253365801062421,1,-4.314445495605469
26853,CC(CCO*)CNC(=O)*,CC(CCO[*])CNC(=O)[*],[*]CCOC(=O)NCC([*])C,6.08e-05,-4.216096420727265,1,-4.211528778076172
26854,CCCC(OC(=O)*)C(C)C(C)O*,CCCC(OC(=O)[*])C(C)C(C)O[*],[*]OC(=O)OC(C)C(C)C([*])CCC,6.92e-06,-5.1598939055432425,3,-4.6126604080200195
26855,CCCC(CCO*)CNC(=O)CNC(=O)*,CCCC(CCO[*])CNC(=O)CNC(=O)[*],[*]CCOC(=O)NCC(=O)NCC([*])CCC,5.02e-05,-4.29929628285498,2,-4.2723388671875
26856,CCC(CCO*)NC(=O)COC(=O)*,CCC(CCO[*])NC(=O)COC(=O)[*],[*]CCOC(=O)OCC(=O)NC([*])CC,5.42e-05,-4.266000713461613,3,-4.208035469055176
26857,CC(CC(=O)NCC(F)(F)CN*)NC(=O)*,CC(CC(=O)NCC(F)(F)CN[*])NC(=O)[*],[*]CC(=O)NCC(F)(F)CNC(=O)NC([*])C,4.46e-05,-4.350665141287858,3,-4.337038516998291
26858,CCN(CCOC)CC(COC(=O)*)O*,CCN(CCOC)CC(COC(=O)[*])O[*],[*]COC(=O)OC([*])CN(CC)CCOC,0.0001,-4.0,3,-3.981111764907837
26859,CC(CN(C)C(=O)C(C)OC(=O)*)O*,CC(CN(C)C(=O)C(C)OC(=O)[*])O[*],[*]CN(C)C(=O)C(C)OC(=O)OC([*])C,4.82e-05,-4.31695296176115,3,-4.395080089569092
26860,CC(C)(CNC(=O)C(C)(C)OC(=O)*)O*,CC(C)(CNC(=O)C(C)(C)OC(=O)[*])O[*],[*]CNC(=O)C(C)(C)OC(=O)OC([*])(C)C,4.56e-05,-4.341035157335565,1,-4.2967753410339355
26861,CC(CCCN*)NC(=O)CNC(=O)*,CC(CCCN[*])NC(=O)CNC(=O)[*],[*]CCCNC(=O)NCC(=O)NC([*])C,7.08e-05,-4.149966742310231,3,-4.108790874481201
26862,COCC(CO*)NC(C)C(C)OC(=O)*,COCC(CO[*])NC(C)C(C)OC(=O)[*],[*]COC(=O)OC(C)C(C)NC([*])COC,5.6e-05,-4.251811972993799,0,-4.2357072830200195
26863,CC(O*)C(=O)NCC(COC(=O)*)C(C)C,CC(O[*])C(=O)NCC(COC(=O)[*])C(C)C,[*]OC(=O)OCC(CNC(=O)C([*])C)C(C)C,4.59e-05,-4.338187314462739,1,-4.400749206542969
26864,CCCCCCCCC(CO*)COC(=O)*,CCCCCCCCC(CO[*])COC(=O)[*],[*]COC(=O)OCC([*])CCCCCCCC,3.17e-05,-4.498940737782249,2,-4.514906883239746
26865,CCCCCCCCC(CNC(=O)*)O*,CCCCCCCCC(CNC(=O)[*])O[*],[*]CNC(=O)OC([*])CCCCCCCC,3.91e-05,-4.407823242604133,1,-4.405423164367676
26866,C#CC(C)(O*)C(CC)OC(=O)*,C#CC(C)(O[*])C(CC)OC(=O)[*],[*]OC(=O)OC(CC)C([*])(C)C#C,6.09e-05,-4.215382707367125,0,-4.584587097167969
26867,CCN(CC)C(=O)C(CCCN*)NC(=O)*,CCN(CC)C(=O)C(CCCN[*])NC(=O)[*],[*]CCCNC(=O)NC([*])C(=O)N(CC)CC,2.85e-05,-4.54515513999149,3,-4.2876152992248535
26868,CC(CCO*)NC(C)COC(=O)*,CC(CCO[*])NC(C)COC(=O)[*],[*]CCOC(=O)OCC(C)NC([*])C,9.7e-05,-4.013228265733755,1,-4.125357151031494
26869,CCCC(CNC(=O)CCN*)OC(=O)*,CCCC(CNC(=O)CCN[*])OC(=O)[*],[*]CNC(=O)CCNC(=O)OC([*])CCC,6.28e-05,-4.2020403562628035,3,-4.314696311950684
26870,CC(=O)COC(=O)C(C)(CO*)COC(=O)*,CC(=O)COC(=O)C(C)(CO[*])COC(=O)[*],[*]COC(=O)OCC([*])(C)C(=O)OCC(C)=O,5.9e-05,-4.229147988357856,3,-4.472675323486328
26871,CCC(N*)C(=O)N(C)CCCNC(=O)*,CCC(N[*])C(=O)N(C)CCCNC(=O)[*],[*]NC(=O)NCCCN(C)C(=O)C([*])CC,4.77e-05,-4.321481620959886,0,-4.383005142211914
26872,CCCC(CCC)(CO*)COC(=O)*,CCCC(CCC)(CO[*])COC(=O)[*],[*]COC(=O)OCC([*])(CCC)CCC,1.42e-05,-4.847711655616943,3,-4.712540626525879
26873,O=C(*)OC(CN*)COC(F)(F)C(F)F,O=C([*])OC(CN[*])COC(F)(F)C(F)F,[*]NCC(COC(F)(F)C(F)F)OC([*])=O,5.31e-05,-4.274905478918531,0,-4.288941383361816
26874,CC(C)(CCNC(=O)CO*)OC(=O)*,CC(C)(CCNC(=O)CO[*])OC(=O)[*],[*]CCNC(=O)COC(=O)OC([*])(C)C,3.34e-05,-4.476253533188435,0,-4.338734149932861
26875,COCC(C)(C)NCC(CO*)OC(=O)*,COCC(C)(C)NCC(CO[*])OC(=O)[*],[*]COC(=O)OC([*])CNC(C)(C)COC,5.97e-05,-4.224025668870631,0,-4.232363224029541
26876,C#CCN(CC(OC(=O)*)C(C)O*)C(C)C,C#CCN(CC(OC(=O)[*])C(C)O[*])C(C)C,[*]OC(=O)OC(C)C([*])CN(CC#C)C(C)C,5.25e-05,-4.279840696594043,3,-4.477860450744629
26877,CCCN(CCO*)C(=O)C(C)OC(=O)*,CCCN(CCO[*])C(=O)C(C)OC(=O)[*],[*]CCOC(=O)OC(C)C(=O)N([*])CCC,6.16e-05,-4.210419287835575,1,-4.435855865478516
26878,CC(C)CC(CNC(=O)C(C)NC(=O)*)O*,CC(C)CC(CNC(=O)C(C)NC(=O)[*])O[*],[*]CNC(=O)C(C)NC(=O)OC([*])CC(C)C,4.67e-05,-4.330683119433888,2,-4.44232177734375
26879,COC(C)(C)CNCC(COC(=O)*)O*,COC(C)(C)CNCC(COC(=O)[*])O[*],[*]COC(=O)OC([*])CNCC(C)(C)OC,9.19e-05,-4.036684488613889,2,-4.196107864379883
26880,CC(F)(F)C(=O)NC(CO*)COC(=O)*,CC(F)(F)C(=O)NC(CO[*])COC(=O)[*],[*]COC(=O)OCC([*])NC(=O)C(C)(F)F,6.63e-05,-4.178486471595227,1,-4.205642223358154
26881,CC(C)COCC(CNCCNC(=O)*)O*,CC(C)COCC(CNCCNC(=O)[*])O[*],[*]CNCCNC(=O)OC([*])COCC(C)C,0.000124,-3.906578314837765,3,-4.0947980880737305
26882,CC(OC(=O)*)C(=O)NCCC(C)(C)O*,CC(OC(=O)[*])C(=O)NCCC(C)(C)O[*],[*]OC(=O)OC(C)(C)CCNC(=O)C([*])C,5.59e-05,-4.252588192113577,1,-4.350604057312012
26883,CC(C)(CCC(=O)NCCOC(=O)*)O*,CC(C)(CCC(=O)NCCOC(=O)[*])O[*],[*]CCC(=O)NCCOC(=O)OC([*])(C)C,7.15e-05,-4.145693958198919,0,-4.244039058685303
26884,CCC(N*)C(=O)NCC(C)CNC(=O)*,CCC(N[*])C(=O)NCC(C)CNC(=O)[*],[*]NC(=O)NCC(C)CNC(=O)C([*])CC,6.12e-05,-4.213248577854439,3,-4.383095741271973
26885,CC(CCN(C)C(=O)C(C)(C)NC(=O)*)O*,CC(CCN(C)C(=O)C(C)(C)NC(=O)[*])O[*],[*]CCN(C)C(=O)C(C)(C)NC(=O)OC([*])C,3.79e-05,-4.421360790031928,2,-4.3592071533203125
26886,CC(N*)C(=O)NC(C)(C)C(C)(C)OC(=O)*,CC(N[*])C(=O)NC(C)(C)C(C)(C)OC(=O)[*],[*]NC(=O)OC(C)(C)C(C)(C)NC(=O)C([*])C,2.9e-05,-4.5376020021010435,3,-4.428810119628906
26887,CC(N*)C(C)C(=O)N(C)CCCOC(=O)*,CC(N[*])C(C)C(=O)N(C)CCCOC(=O)[*],[*]NC(=O)OCCCN(C)C(=O)C(C)C([*])C,2.53e-05,-4.5968794788241825,1,-4.408572196960449
26888,CCOC(=O)C(CCCCN*)NC(=O)*,CCOC(=O)C(CCCCN[*])NC(=O)[*],[*]CCCCNC(=O)NC([*])C(=O)OCC,5.43e-05,-4.265200170411153,0,-4.194634914398193
26889,CSCSCC(CO*)NC(=O)*,CSCSCC(CO[*])NC(=O)[*],[*]COC(=O)NC([*])CSCSC,9.01e-05,-4.045275209020937,0,-4.261398792266846
26890,CCCCC(CC)(COC(=O)*)O*,CCCCC(CC)(COC(=O)[*])O[*],[*]COC(=O)OC([*])(CC)CCCC,2.8e-05,-4.552841968657781,1,-4.573078155517578
26891,CC(C)C(OC(=O)*)C(=O)NCCN*,CC(C)C(OC(=O)[*])C(=O)NCCN[*],[*]OC(=O)NCCNC(=O)C([*])C(C)C,4.03e-05,-4.394694953858891,2,-4.3111982345581055
26892,CC(O*)C(C)SCCC(C)(C)OC(=O)*,CC(O[*])C(C)SCCC(C)(C)OC(=O)[*],[*]OC(=O)OC(C)(C)CCSC(C)C([*])C,2.28e-05,-4.642065152999546,1,-4.4761199951171875
26893,CN(CC(COC(=O)*)O*)C(=O)C(C)(C)F,CN(CC(COC(=O)[*])O[*])C(=O)C(C)(C)F,[*]COC(=O)OC([*])CN(C)C(=O)C(C)(C)F,4.51e-05,-4.345823458122039,2,-4.3902716636657715
26894,CC(C)C(NC(=O)*)C(=O)NC(C)(C)CO*,CC(C)C(NC(=O)[*])C(=O)NC(C)(C)CO[*],[*]NC(=O)OCC(C)(C)NC(=O)C([*])C(C)C,2.76e-05,-4.559090917934783,0,-4.519420623779297
26895,CC(C)CC(CNC(=O)CNC(=O)*)O*,CC(C)CC(CNC(=O)CNC(=O)[*])O[*],[*]CNC(=O)CNC(=O)OC([*])CC(C)C,4.12e-05,-4.3851027839668655,3,-4.398101329803467
26896,CCC(C)(C)NC(=O)C(NC(=O)*)C(C)O*,CCC(C)(C)NC(=O)C(NC(=O)[*])C(C)O[*],[*]NC(=O)OC(C)C([*])C(=O)NC(C)(C)CC,1.88e-05,-4.72584215073632,0,-4.504517555236816
26897,CCCC(C)(OC(=O)*)C(=O)N(C)CCO*,CCCC(C)(OC(=O)[*])C(=O)N(C)CCO[*],[*]OC(=O)OCCN(C)C(=O)C([*])(C)CCC,5.63e-05,-4.249491605148654,2,-4.487171649932861
26898,CN(CCO*)C(C)(C)COC(=O)*,CN(CCO[*])C(C)(C)COC(=O)[*],[*]CCOC(=O)OCC(C)(C)N([*])C,4.86e-05,-4.313363730737707,2,-4.344994068145752
26899,CC(=CCl)CSCC(COC(=O)*)O*,CC(=CCl)CSCC(COC(=O)[*])O[*],[*]COC(=O)OC([*])CSCC(C)=CCl,5.3e-05,-4.275724130399211,1,-4.214560031890869
26900,CC(CNC(=O)*)C(=O)N(C)CCCO*,CC(CNC(=O)[*])C(=O)N(C)CCCO[*],[*]CNC(=O)OCCCN(C)C(=O)C([*])C,5.49e-05,-4.260427655549908,0,-4.389585971832275
26901,CCCC(=O)NCC(C)(CO*)COC(=O)*,CCCC(=O)NCC(C)(CO[*])COC(=O)[*],[*]COC(=O)OCC([*])(C)CNC(=O)CCC,3.75e-05,-4.425968732272281,2,-4.625889778137207
26902,O=C(O)CC(CCCCCOC(=O)*)O*,O=C(O)CC(CCCCCOC(=O)[*])O[*],[*]CCCCCOC(=O)OC([*])CC(=O)O,2.14e-05,-4.669586226650809,2,-4.259586811065674
26903,CC(CN*)C(=O)NCCCCOC(=O)*,CC(CN[*])C(=O)NCCCCOC(=O)[*],[*]CNC(=O)OCCCCNC(=O)C([*])C,6.93e-05,-4.159266765388193,3,-4.125356674194336
26904,COCC(CN(C)CCC(C)OC(=O)*)O*,COCC(CN(C)CCC(C)OC(=O)[*])O[*],[*]CN(C)CCC(C)OC(=O)OC([*])COC,7.73e-05,-4.111820506081675,0,-4.076621055603027
26905,CCCN(C)CC(CO*)OC(=O)*,CCCN(C)CC(CO[*])OC(=O)[*],[*]COC(=O)OC([*])CN(C)CCC,3.45e-05,-4.462180904926726,1,-4.310936450958252
26906,CCC(CCC(CC)OC(=O)*)O*,CCC(CCC(CC)OC(=O)[*])O[*],[*]CCC(CC)OC(=O)OC([*])CC,7.19e-05,-4.1432711096171175,0,-4.509995460510254
26907,CC(CCN*)NC(=O)C(C)C(C)NC(=O)*,CC(CCN[*])NC(=O)C(C)C(C)NC(=O)[*],[*]CCNC(=O)NC(C)C(C)C(=O)NC([*])C,4.74e-05,-4.324221658325915,0,-4.517760753631592
26908,CCC(N*)C(=O)NC(C)CCNC(=O)*,CCC(N[*])C(=O)NC(C)CCNC(=O)[*],[*]NC(=O)NCCC(C)NC(=O)C([*])CC,5.3e-05,-4.275724130399211,0,-4.269556045532227
26909,CC(C)C(CNC(=O)COC(=O)*)O*,CC(C)C(CNC(=O)COC(=O)[*])O[*],[*]CNC(=O)COC(=O)OC([*])C(C)C,6.6e-05,-4.180456064458132,1,-4.348917484283447
26910,CCN(CCCO*)C(=O)C(C)(C)OC(=O)*,CCN(CCCO[*])C(=O)C(C)(C)OC(=O)[*],[*]CCCOC(=O)OC(C)(C)C(=O)N([*])CC,3.79e-05,-4.421360790031928,2,-4.4415788650512695
26911,CCCCCCC(COC(=O)*)O*,CCCCCCC(COC(=O)[*])O[*],[*]COC(=O)OC([*])CCCCCC,3.23e-05,-4.490797477668897,3,-4.415645599365234
26912,CC(C)C(C#CC(OC(=O)*)C(C)C)O*,CC(C)C(C#CC(OC(=O)[*])C(C)C)O[*],[*]C#CC(OC(=O)OC([*])C(C)C)C(C)C,2.06e-05,-4.686132779630847,0,-4.503666877746582
26913,CCC(CC)(CN*)C(=O)NCCNC(=O)*,CCC(CC)(CN[*])C(=O)NCCNC(=O)[*],[*]CNC(=O)NCCNC(=O)C([*])(CC)CC,2.56e-05,-4.591760034688151,3,-4.38092565536499
26914,CC(CNC(=O)C(C)(C)NC(=O)*)N*,CC(CNC(=O)C(C)(C)NC(=O)[*])N[*],[*]CNC(=O)C(C)(C)NC(=O)NC([*])C,4.46e-05,-4.350665141287858,1,-4.248478889465332
26915,CC(NC(=O)*)C(=O)NCCCCO*,CC(NC(=O)[*])C(=O)NCCCCO[*],[*]NC(=O)OCCCCNC(=O)C([*])C,4.9e-05,-4.309803919971486,3,-4.290864944458008
26916,CN(CCF)CC(C)(CO*)COC(=O)*,CN(CCF)CC(C)(CO[*])COC(=O)[*],[*]COC(=O)OCC([*])(C)CN(C)CCF,2.84e-05,-4.546681659952962,1,-4.466530799865723
26917,COCCC(C)N(CCO*)CCOC(=O)*,COCCC(C)N(CCO[*])CCOC(=O)[*],[*]CCOC(=O)OCCN([*])C(C)CCOC,0.000119,-3.9244530386074694,3,-4.063516139984131
26918,CC(C)(CCNC(=O)NCCO*)OC(=O)*,CC(C)(CCNC(=O)NCCO[*])OC(=O)[*],[*]CCNC(=O)NCCOC(=O)OC([*])(C)C,5.24e-05,-4.280668713016273,3,-4.234986782073975
26919,CCCCCCC(NC(=O)*)C(C)O*,CCCCCCC(NC(=O)[*])C(C)O[*],[*]NC(=O)OC(C)C([*])CCCCCC,4.06e-05,-4.391473966422806,0,-4.5474982261657715
26920,CN(CCCO*)C(=O)CC(C)(C)OC(=O)*,CN(CCCO[*])C(=O)CC(C)(C)OC(=O)[*],[*]CCCOC(=O)OC(C)(C)CC(=O)N([*])C,2.31e-05,-4.636388020107856,1,-4.4113545417785645
26921,CCC(NC(=O)*)C(=O)NCCCCO*,CCC(NC(=O)[*])C(=O)NCCCCO[*],[*]NC(=O)OCCCCNC(=O)C([*])CC,4.44e-05,-4.35261702988538,0,-4.149221420288086
26922,CC(C)(CC(=O)NCCOC(=O)*)O*,CC(C)(CC(=O)NCCOC(=O)[*])O[*],[*]CC(=O)NCCOC(=O)OC([*])(C)C,5.16e-05,-4.287350298372789,2,-4.204585552215576
26923,COCCC(C)(CNCC(C)OC(=O)*)O*,COCCC(C)(CNCC(C)OC(=O)[*])O[*],[*]CNCC(C)OC(=O)OC([*])(C)CCOC,7.53e-05,-4.123205023799299,1,-4.280655860900879
26924,CN(CCOC(=O)*)C(=O)C(CC(F)F)N*,CN(CCOC(=O)[*])C(=O)C(CC(F)F)N[*],[*]CCOC(=O)NC(CC(F)F)C(=O)N([*])C,3.89e-05,-4.410050398674293,2,-4.388210773468018
26925,COCC(C)(C)CNCC(CO*)OC(=O)*,COCC(C)(C)CNCC(CO[*])OC(=O)[*],[*]COC(=O)OC([*])CNCC(C)(C)COC,8.44e-05,-4.073657553374345,0,-4.260926723480225
26926,CC(CC(=O)N(C)C(C)CNC(=O)*)N*,CC(CC(=O)N(C)C(C)CNC(=O)[*])N[*],[*]CC(=O)N(C)C(C)CNC(=O)NC([*])C,4.64e-05,-4.333482019445119,3,-4.441700458526611
26927,CC(CO*)(COC(=O)*)C(=O)OCCCF,CC(CO[*])(COC(=O)[*])C(=O)OCCCF,[*]COC(=O)OCC([*])(C)C(=O)OCCCF,1.99e-05,-4.701146923590294,3,-4.444449424743652
26928,CCC(CCNC(=O)C(C)CN*)OC(=O)*,CCC(CCNC(=O)C(C)CN[*])OC(=O)[*],[*]CCNC(=O)C(C)CNC(=O)OC([*])CC,2.87e-05,-4.542118103266008,3,-4.241092205047607
26929,CC(CC(=O)NCCC(C)NC(=O)*)N*,CC(CC(=O)NCCC(C)NC(=O)[*])N[*],[*]CCNC(=O)CC(C)NC(=O)NC([*])C,5.15e-05,-4.288192770958809,0,-4.305199146270752
26930,CC(OC(=O)*)C(C)S(=O)(=O)CCO*,CC(OC(=O)[*])C(C)S(=O)(=O)CCO[*],[*]OC(=O)OCCS(=O)(=O)C(C)C([*])C,5.2e-05,-4.2839966563652006,2,-4.304110050201416
26931,CC(C)N(C)C(=O)C(CO*)NC(=O)*,CC(C)N(C)C(=O)C(CO[*])NC(=O)[*],[*]COC(=O)NC([*])C(=O)N(C)C(C)C,3.72e-05,-4.429457060118103,3,-4.505362510681152
26932,CCC(CCOC(=O)*)NC(=O)C(C)O*,CCC(CCOC(=O)[*])NC(=O)C(C)O[*],[*]CCOC(=O)OC(C)C(=O)NC([*])CC,5.8e-05,-4.236572006437063,3,-4.336596488952637
26933,CC(C)(C)CC(C)(COC(=O)*)O*,CC(C)(C)CC(C)(COC(=O)[*])O[*],[*]COC(=O)OC([*])(C)CC(C)(C)C,1.28e-05,-4.892790030352131,2,-4.543121337890625
26934,C=CCCC(CN(C)C(C)CNC(=O)*)O*,C=CCCC(CN(C)C(C)CNC(=O)[*])O[*],[*]CN(C)C(C)CNC(=O)OC([*])CCC=C,4.31e-05,-4.3655227298392685,3,-4.243439674377441
26935,CC(C)C(O*)C(=O)N(C)CCCOC(=O)*,CC(C)C(O[*])C(=O)N(C)CCCOC(=O)[*],[*]OC(=O)OCCCN(C)C(=O)C([*])C(C)C,4.76e-05,-4.3223930472795065,1,-4.389616966247559
26936,CN(CCCCN*)CCNC(=O)*,CN(CCCCN[*])CCNC(=O)[*],[*]CCCCNC(=O)NCCN([*])C,8.3e-05,-4.080921907623926,2,-3.9181997776031494
26937,CC(C)CN(C)C(=O)C(COC(=O)*)N*,CC(C)CN(C)C(=O)C(COC(=O)[*])N[*],[*]COC(=O)NC([*])C(=O)N(C)CC(C)C,3.56e-05,-4.448550002027125,1,-4.534485816955566
26938,O=C(*)OCC(Cl)(Cl)CO*,O=C([*])OCC(Cl)(Cl)CO[*],[*]OCC(Cl)(Cl)COC([*])=O,3.52e-05,-4.453457336521869,3,-4.270285606384277
26939,CC(CCN(C)C(=O)C(C)CNC(=O)*)O*,CC(CCN(C)C(=O)C(C)CNC(=O)[*])O[*],[*]CCN(C)C(=O)C(C)CNC(=O)OC([*])C,2.71e-05,-4.567030709125595,0,-4.432278156280518
26940,CCC(CC)C(CNC(=O)CN*)OC(=O)*,CCC(CC)C(CNC(=O)CN[*])OC(=O)[*],[*]CNC(=O)CNC(=O)OC([*])C(CC)CC,5.88e-05,-4.230622673923862,1,-4.475261211395264
26941,CC(CNC(=O)CO*)CC(C)OC(=O)*,CC(CNC(=O)CO[*])CC(C)OC(=O)[*],[*]CNC(=O)COC(=O)OC(C)CC([*])C,4.98e-05,-4.302770657240282,3,-4.267508506774902
26942,CCCN(CCOC(=O)*)C(=O)C(C)(C)O*,CCCN(CCOC(=O)[*])C(=O)C(C)(C)O[*],[*]CCOC(=O)OC(C)(C)C(=O)N([*])CCC,3.65e-05,-4.437707135543525,3,-4.407072067260742
26943,CC(CCCNC(=O)CO*)OC(=O)*,CC(CCCNC(=O)CO[*])OC(=O)[*],[*]CCCNC(=O)COC(=O)OC([*])C,9.05e-05,-4.043351420794797,2,-4.260627746582031
26944,N=C(NCCNC(=O)*)C(N)=NCCN*,N=C(NCCNC(=O)[*])C(N)=NCCN[*],[*]NCCNC(=O)NCCN=C(N)C([*])=N,5.44e-05,-4.2644011003018205,1,-4.064687728881836
26945,CCC(CCC(F)(F)F)(CN*)OC(=O)*,CCC(CCC(F)(F)F)(CN[*])OC(=O)[*],[*]CNC(=O)OC([*])(CC)CCC(F)(F)F,3.3e-05,-4.481486060122113,3,-4.574660301208496
26946,CCC(O*)C(=O)OCCCOC(=O)*,CCC(O[*])C(=O)OCCCOC(=O)[*],[*]OC(=O)OCCCOC(=O)C([*])CC,7.8e-05,-4.107905397309519,1,-4.316205978393555
26947,C#CCOC(=O)C(NC(=O)*)C(C)O*,C#CCOC(=O)C(NC(=O)[*])C(C)O[*],[*]NC(=O)OC(C)C([*])C(=O)OCC#C,2.98e-05,-4.525783735923745,3,-4.395402908325195
26948,CC(C)(NC(=O)COC(=O)*)C(C)(C)O*,CC(C)(NC(=O)COC(=O)[*])C(C)(C)O[*],[*]NC(=O)COC(=O)OC(C)(C)C([*])(C)C,6.72e-05,-4.172630726946175,0,-4.439680576324463
26949,CC(C)C(=O)NCC(CNC(=O)*)O*,CC(C)C(=O)NCC(CNC(=O)[*])O[*],[*]CNC(=O)OC([*])CNC(=O)C(C)C,8.63e-05,-4.06398920428479,1,-4.403748989105225
26950,CCCOC(=O)NC(C)(CO*)COC(=O)*,CCCOC(=O)NC(C)(CO[*])COC(=O)[*],[*]COC(=O)OCC([*])(C)NC(=O)OCCC,2.41e-05,-4.617982957425132,3,-4.425522327423096
26951,CC(C)(OC(=O)*)C(CCC(F)(F)F)N*,CC(C)(OC(=O)[*])C(CCC(F)(F)F)N[*],[*]OC(=O)NC(CCC(F)(F)F)C([*])(C)C,2.65e-05,-4.576754126063192,3,-4.515224933624268
26952,CC(C)C(O*)C(=O)N(C)C(C)COC(=O)*,CC(C)C(O[*])C(=O)N(C)C(C)COC(=O)[*],[*]OC(=O)OCC(C)N(C)C(=O)C([*])C(C)C,3.39e-05,-4.4698003017969175,1,-4.510849952697754
26953,CCCN(C)C(=O)C(CO*)NC(=O)*,CCCN(C)C(=O)C(CO[*])NC(=O)[*],[*]COC(=O)NC([*])C(=O)N(C)CCC,3.45e-05,-4.462180904926726,0,-4.486171722412109
26954,COCCC(COC(=O)*)NC(C)CCO*,COCCC(COC(=O)[*])NC(C)CCO[*],[*]COC(=O)OCCC(C)NC([*])CCOC,9.68e-05,-4.014124642691606,3,-3.97278094291687
26955,CC(CN*)CNC(=O)CCNC(=O)*,CC(CN[*])CNC(=O)CCNC(=O)[*],[*]CNC(=O)CCNC(=O)NCC([*])C,4.27e-05,-4.369572124974976,2,-4.1544575691223145
26956,CCC(C)C(CNC(=O)COC(=O)*)O*,CCC(C)C(CNC(=O)COC(=O)[*])O[*],[*]CNC(=O)COC(=O)OC([*])C(C)CC,3.82e-05,-4.4179366370882915,2,-4.37662935256958
26957,O=C(*)NCC(CN*)C(F)(F)F,O=C([*])NCC(CN[*])C(F)(F)F,[*]NCC(CNC([*])=O)C(F)(F)F,7.23e-05,-4.140861702705469,3,-4.403718948364258
26958,CC(OC(=O)*)C(=O)NCCCCO*,CC(OC(=O)[*])C(=O)NCCCCO[*],[*]OC(=O)OCCCCNC(=O)C([*])C,3.65e-05,-4.437707135543525,0,-4.22987174987793
26959,CC(OC(=O)*)C(=O)N(CCO*)CC(F)F,CC(OC(=O)[*])C(=O)N(CCO[*])CC(F)F,[*]OC(=O)OCCN(CC(F)F)C(=O)C([*])C,6.17e-05,-4.209714835966758,1,-4.243170738220215
26960,CCC(CNC(CCOC)COC(=O)*)O*,CCC(CNC(CCOC)COC(=O)[*])O[*],[*]CNC(CCOC)COC(=O)OC([*])CC,6.29e-05,-4.201349354554731,2,-4.165524482727051
26961,CCC(CNC(COC)CO*)OC(=O)*,CCC(CNC(COC)CO[*])OC(=O)[*],[*]CNC(COC)COC(=O)OC([*])CC,9.09e-05,-4.041436116778033,3,-4.0710320472717285
26962,CCCC(C)(O*)C(=O)NOCCOC(=O)*,CCCC(C)(O[*])C(=O)NOCCOC(=O)[*],[*]OC(=O)OCCONC(=O)C([*])(C)CCC,4.18e-05,-4.3788237182249645,1,-4.365109920501709
26963,CCOCC(CNCC(CC)OC(=O)*)O*,CCOCC(CNCC(CC)OC(=O)[*])O[*],[*]CNCC(CC)OC(=O)OC([*])COCC,7.42e-05,-4.129596094720973,1,-4.072935581207275
26964,CC(CN*)C(=O)NC(C)(C)CNC(=O)*,CC(CN[*])C(=O)NC(C)(C)CNC(=O)[*],[*]CNC(=O)NCC(C)(C)NC(=O)C([*])C,3.77e-05,-4.423658649794207,2,-4.312065601348877
26965,CC(CCOC(=O)*)CNC(=O)C(C)O*,CC(CCOC(=O)[*])CNC(=O)C(C)O[*],[*]CCOC(=O)OC(C)C(=O)NCC([*])C,3.41e-05,-4.467245621007502,2,-4.298174858093262
26966,CC(CN*)NC(=O)CCCCCNC(=O)*,CC(CN[*])NC(=O)CCCCCNC(=O)[*],[*]CNC(=O)NCCCCCC(=O)NC([*])C,6.3e-05,-4.200659450546418,1,-4.162843227386475
26967,CC(COC(=O)*)NC(=O)C(O*)C(C)(C)C,CC(COC(=O)[*])NC(=O)C(O[*])C(C)(C)C,[*]COC(=O)OC(C(=O)NC([*])C)C(C)(C)C,7.49e-05,-4.125518182300533,2,-4.595997333526611
26968,CCN(CCCOC(=O)*)C(=O)C(C)O*,CCN(CCCOC(=O)[*])C(=O)C(C)O[*],[*]CCCOC(=O)OC(C)C(=O)N([*])CC,3.63e-05,-4.440093374963888,2,-4.288100719451904
26969,CCC(CO*)N(C)CCOC(=O)*,CCC(CO[*])N(C)CCOC(=O)[*],[*]COC(=O)OCCN(C)C([*])CC,7.08e-05,-4.149966742310231,2,-4.16592264175415
26970,CC(N*)C(=O)NC(C)C(C)(C)OC(=O)*,CC(N[*])C(=O)NC(C)C(C)(C)OC(=O)[*],[*]NC(=O)OC(C)(C)C(C)NC(=O)C([*])C,3.93e-05,-4.405607449624573,0,-4.504693508148193
26971,O=C(*)NC(CO*)CC(F)(F)F,O=C([*])NC(CO[*])CC(F)(F)F,[*]NC(COC([*])=O)CC(F)(F)F,6.73e-05,-4.171984935776023,2,-4.500309944152832
26972,CSCC(CN(C)CCOC(=O)*)O*,CSCC(CN(C)CCOC(=O)[*])O[*],[*]CN(C)CCOC(=O)OC([*])CSC,7.31e-05,-4.13608262304214,0,-4.053211688995361
26973,CN(CCCCCOC(=O)*)C(=O)CO*,CN(CCCCCOC(=O)[*])C(=O)CO[*],[*]CCCCCOC(=O)OCC(=O)N([*])C,0.00012,-3.9208187539523753,3,-4.307582855224609
26974,CN(CC(C)(C)OC(=O)*)C(=O)C(C)(C)O*,CN(CC(C)(C)OC(=O)[*])C(=O)C(C)(C)O[*],[*]CC(C)(C)OC(=O)OC(C)(C)C(=O)N([*])C,5.38e-05,-4.269217724333611,1,-4.522385597229004
26975,CC(CN(C)C(=O)C(O*)C(C)C)OC(=O)*,CC(CN(C)C(=O)C(O[*])C(C)C)OC(=O)[*],[*]CN(C)C(=O)C(OC(=O)OC([*])C)C(C)C,1.59e-05,-4.798602875679548,3,-4.536523818969727
26976,CCC(CSC(C)CCO*)OC(=O)*,CCC(CSC(C)CCO[*])OC(=O)[*],[*]CSC(C)CCOC(=O)OC([*])CC,8.17e-05,-4.087777943467585,0,-4.102231502532959
26977,CC(C)(CN*)NC(=O)CCCNC(=O)*,CC(C)(CN[*])NC(=O)CCCNC(=O)[*],[*]CNC(=O)NCCCC(=O)NC([*])(C)C,6.53e-05,-4.185086818724926,3,-4.31050443649292
26978,CCC(NC(=O)*)C(=O)NCCC(C)N*,CCC(NC(=O)[*])C(=O)NCCC(C)N[*],[*]NC(=O)NC(C)CCNC(=O)C([*])CC,5.26e-05,-4.279014255846261,0,-4.276698112487793
26979,CC(CSCCO*)OC(=O)*,CC(CSCCO[*])OC(=O)[*],[*]CSCCOC(=O)OC([*])C,8.35e-05,-4.078313524516398,3,-3.929438829421997
26980,CCC(CC)(CCOC(=O)*)CN*,CCC(CC)(CCOC(=O)[*])CN[*],[*]CCOC(=O)NCC([*])(CC)CC,1.58e-05,-4.801342913045577,2,-4.526687145233154
26981,CC(C)=C(CO*)COC(=O)*,CC(C)=C(CO[*])COC(=O)[*],[*]COC(=O)OCC([*])=C(C)C,9.53e-05,-4.020907099361674,3,-4.3591742515563965
26982,CC(CCCCNC(=O)*)NC(=O)CN*,CC(CCCCNC(=O)[*])NC(=O)CN[*],[*]CCCCNC(=O)NCC(=O)NC([*])C,7.98e-05,-4.09799710864927,1,-4.1448974609375
26983,CCC(C)C(NC(=O)*)C(=O)NC(C)CN*,CCC(C)C(NC(=O)[*])C(=O)NC(C)CN[*],[*]NC(=O)NCC(C)NC(=O)C([*])C(C)CC,2.1e-05,-4.6777807052660805,1,-4.387568950653076
26984,CN(C(=O)C(CO*)NC(=O)*)C(C)(C)C,CN(C(=O)C(CO[*])NC(=O)[*])C(C)(C)C,[*]COC(=O)NC([*])C(=O)N(C)C(C)(C)C,2.28e-05,-4.642065152999546,3,-4.614475250244141
26985,O=C(*)NCCSC(=O)SCCN*,O=C([*])NCCSC(=O)SCCN[*],[*]NCCSC(=O)SCCNC([*])=O,4.24e-05,-4.372634143407267,3,-4.2206902503967285
26986,CC(CCSC(C)CCOC(=O)*)O*,CC(CCSC(C)CCOC(=O)[*])O[*],[*]CCSC(C)CCOC(=O)OC([*])C,8.16e-05,-4.088309841246139,2,-4.15395975112915
26987,CC(CSCC(C)OC(=O)*)O*,CC(CSCC(C)OC(=O)[*])O[*],[*]CSCC(C)OC(=O)OC([*])C,6.39e-05,-4.1944991418416,3,-4.258251190185547
26988,CCC(OC(=O)*)C(C)CO*,CCC(OC(=O)[*])C(C)CO[*],[*]OC(=O)OCC(C)C([*])CC,3.04e-05,-4.517126416391246,3,-4.526747226715088
26989,CCC(COC(=O)*)NC(=O)C(C)O*,CCC(COC(=O)[*])NC(=O)C(C)O[*],[*]COC(=O)OC(C)C(=O)NC([*])CC,3.63e-05,-4.440093374963888,1,-4.309107303619385
26990,CCC(CC)C(O*)C(C)C(C)OC(=O)*,CCC(CC)C(O[*])C(C)C(C)OC(=O)[*],[*]OC(=O)OC(C)C(C)C([*])C(CC)CC,2.35e-05,-4.628932137728264,2,-4.747549057006836
26991,CC(COC(=O)*)S(=O)(=O)CCCO*,CC(COC(=O)[*])S(=O)(=O)CCCO[*],[*]COC(=O)OCCCS(=O)(=O)C([*])C,6.69e-05,-4.174573882232177,0,-4.164105415344238
26992,CCCCCCCC(CO*)COC(=O)*,CCCCCCCC(CO[*])COC(=O)[*],[*]COC(=O)OCC([*])CCCCCCC,4e-05,-4.3979400086720375,2,-4.417969703674316
26993,CCCC(O*)C(CC)COC(=O)*,CCCC(O[*])C(CC)COC(=O)[*],[*]OC(=O)OCC(CC)C([*])CCC,1.83e-05,-4.73754891026957,0,-4.633793830871582
26994,CC(COC(=O)*)NC(=O)C(C)(O*)C(C)C,CC(COC(=O)[*])NC(=O)C(C)(O[*])C(C)C,[*]COC(=O)OC(C)(C(=O)NC([*])C)C(C)C,4.81e-05,-4.317854923626168,2,-4.562653541564941
26995,CC(CNC(=O)*)N(C)C(=O)CC(C)(C)N*,CC(CNC(=O)[*])N(C)C(=O)CC(C)(C)N[*],[*]CNC(=O)NC(C)(C)CC(=O)N(C)C([*])C,2.88e-05,-4.540607512240769,1,-4.4452738761901855
26996,CCC(CO*)C(=O)N(CC)CCOC(=O)*,CCC(CO[*])C(=O)N(CC)CCOC(=O)[*],[*]COC(=O)OCCN(CC)C(=O)C([*])CC,3.62e-05,-4.441291429466834,0,-4.378826141357422
26997,O=C(*)NCC(CCC(F)(F)F)O*,O=C([*])NCC(CCC(F)(F)F)O[*],[*]NCC(CCC(F)(F)F)OC([*])=O,2.64e-05,-4.578396073130169,2,-4.284856796264648
26998,CCC(CC)(O*)C(NC(=O)*)C(C)C,CCC(CC)(O[*])C(NC(=O)[*])C(C)C,[*]OC(=O)NC(C(C)C)C([*])(CC)CC,3.16e-05,-4.5003129173815966,1,-4.804941177368164
26999,CCC(CC)(CNC(=O)*)NC(=O)C(C)N*,CCC(CC)(CNC(=O)[*])NC(=O)C(C)N[*],[*]CNC(=O)NC(C)C(=O)NC([*])(CC)CC,3.5e-05,-4.455931955649724,1,-4.522488594055176
27000,CC(CNC(=O)C(C)(C)COC(=O)*)CO*,CC(CNC(=O)C(C)(C)COC(=O)[*])CO[*],[*]CNC(=O)C(C)(C)COC(=O)OCC([*])C,5.17e-05,-4.286509456906058,0,-4.326093673706055
27001,CCC(C)C(CNC(=O)CN*)OC(=O)*,CCC(C)C(CNC(=O)CN[*])OC(=O)[*],[*]CNC(=O)CNC(=O)OC([*])C(C)CC,2.73e-05,-4.5638373529592435,2,-4.428886890411377
27002,CCC(C(=O)NCCCOC(=O)*)C(C)O*,CCC(C(=O)NCCCOC(=O)[*])C(C)O[*],[*]C(=O)NCCCOC(=O)OC(C)C([*])CC,5.35e-05,-4.2716462179787715,0,-4.363567352294922
27003,CC(O*)C(=O)NCC(C)(C)COC(=O)*,CC(O[*])C(=O)NCC(C)(C)COC(=O)[*],[*]OC(=O)OCC(C)(C)CNC(=O)C([*])C,4.94e-05,-4.306273051076353,3,-4.428596496582031
27004,CCCCCN(CCO*)CCOC(=O)*,CCCCCN(CCO[*])CCOC(=O)[*],[*]CCOC(=O)OCCN([*])CCCCC,5.08e-05,-4.294136287716081,2,-4.113448619842529
27005,CC(CN(CCF)CCO*)OC(=O)*,CC(CN(CCF)CCO[*])OC(=O)[*],[*]CN(CCF)CCOC(=O)OC([*])C,0.000103,-3.987162775294828,0,-4.023861885070801
27006,CC(C)(CO*)C(=O)NCCCOC(=O)*,CC(C)(CO[*])C(=O)NCCCOC(=O)[*],[*]COC(=O)OCCCNC(=O)C([*])(C)C,5.07e-05,-4.294992040666664,3,-4.23321533203125
27007,CC(C)C(CSCCCO*)OC(=O)*,CC(C)C(CSCCCO[*])OC(=O)[*],[*]CSCCCOC(=O)OC([*])C(C)C,6.34e-05,-4.1979107421182675,2,-4.278237342834473
27008,CCC(C)C(CNC(=O)C(C)OC(=O)*)O*,CCC(C)C(CNC(=O)C(C)OC(=O)[*])O[*],[*]CNC(=O)C(C)OC(=O)OC([*])C(C)CC,5.51e-05,-4.258848401148215,1,-4.421990394592285
27009,CCCCN(CCOC(=O)*)C(=O)C(C)O*,CCCCN(CCOC(=O)[*])C(=O)C(C)O[*],[*]CCOC(=O)OC(C)C(=O)N([*])CCCC,3.98e-05,-4.400116927926312,0,-4.473496437072754
27010,CC(CCSC(C)C(C)O*)OC(=O)*,CC(CCSC(C)C(C)O[*])OC(=O)[*],[*]CCSC(C)C(C)OC(=O)OC([*])C,5.07e-05,-4.294992040666664,2,-4.2667083740234375
27011,CC(C)CC(CNC(=O)*)NC(=O)CN*,CC(C)CC(CNC(=O)[*])NC(=O)CN[*],[*]CNC(=O)NCC(=O)NC([*])CC(C)C,3.41e-05,-4.467245621007502,2,-4.272075653076172
27012,CCC(CO*)SC(C)CCOC(=O)*,CCC(CO[*])SC(C)CCOC(=O)[*],[*]COC(=O)OCCC(C)SC([*])CC,9.6e-05,-4.017728766960432,0,-4.100550651550293
27013,CC(CCNC(=O)C(NC(=O)*)C(C)C)N*,CC(CCNC(=O)C(NC(=O)[*])C(C)C)N[*],[*]CCNC(=O)C(NC(=O)NC([*])C)C(C)C,4.53e-05,-4.343901797987168,0,-4.305861949920654
27014,CC(COC(=O)*)SCC(O*)C(C)C,CC(COC(=O)[*])SCC(O[*])C(C)C,[*]COC(=O)OC(CSC([*])C)C(C)C,4.58e-05,-4.33913452199613,2,-4.310232162475586
27015,O=C(*)OCCCCCCCCN*,O=C([*])OCCCCCCCCN[*],[*]NCCCCCCCCOC([*])=O,7.18e-05,-4.1438755557577,1,-4.127684593200684
27016,CC(OC(=O)*)C(=O)NCC(C)(C)CCO*,CC(OC(=O)[*])C(=O)NCC(C)(C)CCO[*],[*]OC(=O)OCCC(C)(C)CNC(=O)C([*])C,4.42e-05,-4.354577730650908,1,-4.310425758361816
27017,CC(CO*)CC(C)OC(=O)*,CC(CO[*])CC(C)OC(=O)[*],[*]COC(=O)OC(C)CC([*])C,4.07e-05,-4.39040559077478,3,-4.497200965881348
27018,CC(C)CC(NC(=O)*)C(C)(C)O*,CC(C)CC(NC(=O)[*])C(C)(C)O[*],[*]NC(=O)OC(C)(C)C([*])CC(C)C,2.32e-05,-4.634512015109101,3,-4.622063636779785
27019,CC(C)CSCC(C)(CO*)COC(=O)*,CC(C)CSCC(C)(CO[*])COC(=O)[*],[*]COC(=O)OCC([*])(C)CSCC(C)C,4.11e-05,-4.386158178123931,1,-4.565865993499756
27020,CC(CCCSCC(C)OC(=O)*)O*,CC(CCCSCC(C)OC(=O)[*])O[*],[*]CCCSCC(C)OC(=O)OC([*])C,9.14e-05,-4.039053804266168,2,-4.0714545249938965
27021,CC(C)OC(CCOC(=O)*)CO*,CC(C)OC(CCOC(=O)[*])CO[*],[*]CCOC(=O)OCC([*])OC(C)C,0.000111,-3.9546770212133424,0,-4.227132797241211
27022,CC(N*)C(OC(=O)*)C(C)(C)C,CC(N[*])C(OC(=O)[*])C(C)(C)C,[*]NC(=O)OC(C([*])C)C(C)(C)C,3.11e-05,-4.507239610973163,0,-4.668209552764893
27023,CC(C)(OC(=O)*)C(F)CN*,CC(C)(OC(=O)[*])C(F)CN[*],[*]OC(=O)NCC(F)C([*])(C)C,2.96e-05,-4.528708288941061,0,-4.439699649810791
27024,CC(CC(=O)NC(CO*)C(C)C)OC(=O)*,CC(CC(=O)NC(CO[*])C(C)C)OC(=O)[*],[*]CC(=O)NC(COC(=O)OC([*])C)C(C)C,3.47e-05,-4.459670525209126,3,-4.349159240722656
27025,CC(CC(C)O*)NC(=O)COC(=O)*,CC(CC(C)O[*])NC(=O)COC(=O)[*],[*]CC(C)OC(=O)OCC(=O)NC([*])C,6.37e-05,-4.195860567664649,1,-4.38292121887207
27026,CC(COC(=O)*)SCCC(O*)C(C)C,CC(COC(=O)[*])SCCC(O[*])C(C)C,[*]COC(=O)OC(CCSC([*])C)C(C)C,3.93e-05,-4.405607449624573,3,-4.26186990737915
27027,CC(CCCCNC(=O)*)NC(=O)C(C)N*,CC(CCCCNC(=O)[*])NC(=O)C(C)N[*],[*]CCCCNC(=O)NC(C)C(=O)NC([*])C,5.47e-05,-4.262012673666569,1,-4.2594828605651855
27028,CC(O*)C(C)SC(C)C(C)OC(=O)*,CC(O[*])C(C)SC(C)C(C)OC(=O)[*],[*]OC(=O)OC(C)C(C)SC(C)C([*])C,4.26e-05,-4.370590400897281,3,-4.375163555145264
27029,CC(C)COCC(COC(=O)*)O*,CC(C)COCC(COC(=O)[*])O[*],[*]COC(=O)OC([*])COCC(C)C,3.39e-05,-4.4698003017969175,1,-4.403889179229736
27030,CC(CC(=O)N(C)CCCO*)NC(=O)*,CC(CC(=O)N(C)CCCO[*])NC(=O)[*],[*]CC(=O)N(C)CCCOC(=O)NC([*])C,4.03e-05,-4.394694953858891,0,-4.3018622398376465
27031,CCC(NC(=O)*)C(=O)NCC(C)(C)N*,CCC(NC(=O)[*])C(=O)NCC(C)(C)N[*],[*]NC(=O)NC(C)(C)CNC(=O)C([*])CC,3.76e-05,-4.424812155072339,0,-4.398599147796631
27032,CC(CNC(=O)*)C(=O)NCC(N*)C(C)C,CC(CNC(=O)[*])C(=O)NCC(N[*])C(C)C,[*]CNC(=O)NC(CNC(=O)C([*])C)C(C)C,5.66e-05,-4.247183568811729,3,-4.433056354522705
27033,CC(CCSCCC(C)(C)O*)OC(=O)*,CC(CCSCCC(C)(C)O[*])OC(=O)[*],[*]CCSCCC(C)(C)OC(=O)OC([*])C,3.14e-05,-4.503070351926785,3,-4.39298152923584
27034,CCN(CC(COC)OC(=O)*)C(C)CO*,CCN(CC(COC)OC(=O)[*])C(C)CO[*],[*]CC(COC)OC(=O)OCC(C)N([*])CC,0.00012,-3.9208187539523753,3,-4.232872486114502
27035,CC(CCNC(=O)*)C(C)N*,CC(CCNC(=O)[*])C(C)N[*],[*]CCNC(=O)NC(C)C([*])C,3.01e-05,-4.521433504406157,1,-4.308414936065674
27036,CC(COC(=O)*)CN(C)CCCO*,CC(COC(=O)[*])CN(C)CCCO[*],[*]COC(=O)OCCCN(C)CC([*])C,9.03e-05,-4.044312249686494,0,-4.093985080718994
27037,CC(COCC(C)OCC(C)OC(=O)*)O*,CC(COCC(C)OCC(C)OC(=O)[*])O[*],[*]COCC(C)OC(=O)OC(C)COC([*])C,9.68e-05,-4.014124642691606,3,-4.13251256942749
27038,COCC(O*)C(=O)OCCCCOC(=O)*,COCC(O[*])C(=O)OCCCCOC(=O)[*],[*]OC(=O)OCCCCOC(=O)C([*])COC,8.19e-05,-4.086716098239582,2,-4.148817539215088
27039,CCCCC(CNC(=O)*)O*,CCCCC(CNC(=O)[*])O[*],[*]CNC(=O)OC([*])CCCC,3.42e-05,-4.465973893943865,2,-4.3184661865234375
27040,CC(CNC(=O)C(C)O*)CC(C)OC(=O)*,CC(CNC(=O)C(C)O[*])CC(C)OC(=O)[*],[*]CNC(=O)C(C)OC(=O)OC(C)CC([*])C,3.42e-05,-4.465973893943865,2,-4.306768417358398
27041,CC(CCCSC(C)CCO*)OC(=O)*,CC(CCCSC(C)CCO[*])OC(=O)[*],[*]CCCSC(C)CCOC(=O)OC([*])C,8.31e-05,-4.080398976215889,3,-4.092804431915283
27042,CC(CNC(=O)CC(C)(C)O*)COC(=O)*,CC(CNC(=O)CC(C)(C)O[*])COC(=O)[*],[*]CNC(=O)CC(C)(C)OC(=O)OCC([*])C,3.47e-05,-4.459670525209126,0,-4.3454132080078125
27043,CCCC(=O)N(C)CC(CO*)OC(=O)*,CCCC(=O)N(C)CC(CO[*])OC(=O)[*],[*]COC(=O)OC([*])CN(C)C(=O)CCC,3.91e-05,-4.407823242604133,2,-4.633676528930664
27044,CC(C)C(NC(=O)*)C(C)O*,CC(C)C(NC(=O)[*])C(C)O[*],[*]NC(=O)OC(C)C([*])C(C)C,2.93e-05,-4.533132379645891,0,-4.534966945648193
27045,CC(C)=CC(=O)N(C)CC(COC(=O)*)O*,CC(C)=CC(=O)N(C)CC(COC(=O)[*])O[*],[*]COC(=O)OC([*])CN(C)C(=O)C=C(C)C,3.68e-05,-4.434152181326482,3,-4.344155311584473
27046,CCN(C)CC(CN(C)CCOC(=O)*)O*,CCN(C)CC(CN(C)CCOC(=O)[*])O[*],[*]CN(C)CCOC(=O)OC([*])CN(C)CC,0.000101,-3.9956786262173574,0,-3.982483386993408
27047,CCC(CO*)NC(=O)C(OC(=O)*)C(C)C,CCC(CO[*])NC(=O)C(OC(=O)[*])C(C)C,[*]COC(=O)OC(C(=O)NC([*])CC)C(C)C,2.53e-05,-4.5968794788241825,1,-4.496994972229004
27048,CC(CCNC(=O)CCN*)NC(=O)*,CC(CCNC(=O)CCN[*])NC(=O)[*],[*]CCNC(=O)CCNC(=O)NC([*])C,7.08e-05,-4.149966742310231,1,-4.257566928863525
27049,CC=C(CC)C(=O)NC(CO*)COC(=O)*,CC=C(CC)C(=O)NC(CO[*])COC(=O)[*],[*]COC(=O)OCC([*])NC(=O)C(=CC)CC,2.82e-05,-4.549750891680639,0,-4.306792736053467
27050,CC(C)C(CN(C)CCO*)OC(=O)*,CC(C)C(CN(C)CCO[*])OC(=O)[*],[*]CN(C)CCOC(=O)OC([*])C(C)C,6.53e-05,-4.185086818724926,2,-4.25095796585083
27051,CCC(CC)C(NC(=O)*)C(C)(C)O*,CCC(CC)C(NC(=O)[*])C(C)(C)O[*],[*]NC(=O)OC(C)(C)C([*])C(CC)CC,2.52e-05,-4.598599459218456,2,-4.689125061035156
27052,CC(OC(=O)*)C(C)SCC(C)(C)O*,CC(OC(=O)[*])C(C)SCC(C)(C)O[*],[*]OC(=O)OC(C)(C)CSC(C)C([*])C,3.71e-05,-4.430626090384954,1,-4.369554042816162
27053,CCC(C)C(C)(CO*)COC(=O)*,CCC(C)C(C)(CO[*])COC(=O)[*],[*]COC(=O)OCC([*])(C)C(C)CC,8.21e-06,-5.085656842880559,3,-4.7147216796875
27054,CC(C)C(CSC(C)C(C)O*)OC(=O)*,CC(C)C(CSC(C)C(C)O[*])OC(=O)[*],[*]CSC(C)C(C)OC(=O)OC([*])C(C)C,5.13e-05,-4.289882634888183,1,-4.516261577606201
27055,CC(CN*)NC(=O)C(C)CNC(=O)*,CC(CN[*])NC(=O)C(C)CNC(=O)[*],[*]CNC(=O)NCC(C)C(=O)NC([*])C,3.63e-05,-4.440093374963888,2,-4.414270401000977
27056,CC(C)(CCO*)C(C)(C)OC(=O)*,CC(C)(CCO[*])C(C)(C)OC(=O)[*],[*]CCOC(=O)OC(C)(C)C([*])(C)C,2.65e-05,-4.576754126063192,0,-4.629061698913574
27057,CC(CCCC(C)(C)O*)CCOC(=O)*,CC(CCCC(C)(C)O[*])CCOC(=O)[*],[*]CCCC(C)(C)OC(=O)OCCC([*])C,3.63e-05,-4.440093374963888,2,-4.624373912811279
27058,CC(CCO*)SC(C)C(C)OC(=O)*,CC(CCO[*])SC(C)C(C)OC(=O)[*],[*]CCOC(=O)OC(C)C(C)SC([*])C,4.16e-05,-4.380906669373258,2,-4.3134307861328125
27059,CC(CN*)CNC(=O)C(C)(C)CNC(=O)*,CC(CN[*])CNC(=O)C(C)(C)CNC(=O)[*],[*]CNC(=O)NCC(C)(C)C(=O)NCC([*])C,3.06e-05,-4.51427857351842,0,-4.381672382354736
27060,CCN(CCO*)C(=O)C(OC(=O)*)C(C)C,CCN(CCO[*])C(=O)C(OC(=O)[*])C(C)C,[*]CCOC(=O)OC(C(=O)N([*])CC)C(C)C,3.22e-05,-4.492144128304169,2,-4.482522010803223
27061,CSCCC(CN*)OC(=O)*,CSCCC(CN[*])OC(=O)[*],[*]CNC(=O)OC([*])CCSC,4.7e-05,-4.327902142064283,0,-4.203183650970459
27062,CC(C)(C)C(C#CC(OC(=O)*)C(C)(C)C)O*,CC(C)(C)C(C#CC(OC(=O)[*])C(C)(C)C)O[*],[*]C#CC(OC(=O)OC([*])C(C)(C)C)C(C)(C)C,1.01e-05,-4.995678626217358,3,-4.659296035766602
27063,C[Si](C)(CCCO*)CCCOC(=O)*,C[Si](C)(CCCO[*])CCCOC(=O)[*],[*]CCCOC(=O)OCCC[Si]([*])(C)C,7.6e-05,-4.119186407719209,3,-4.384829998016357
27064,CC(O*)C(C)SCCCCCOC(=O)*,CC(O[*])C(C)SCCCCCOC(=O)[*],[*]OC(=O)OCCCCCSC(C)C([*])C,5.69e-05,-4.244887733604929,0,-4.293355464935303
27065,CC(CN*)NC(=O)CCC(C)(C)NC(=O)*,CC(CN[*])NC(=O)CCC(C)(C)NC(=O)[*],[*]CNC(=O)NC(C)(C)CCC(=O)NC([*])C,4.88e-05,-4.311580177997289,2,-4.328314304351807
27066,O=C(*)OCCC(F)(F)CCO*,O=C([*])OCCC(F)(F)CCO[*],[*]OCCC(F)(F)CCOC([*])=O,5.42e-05,-4.266000713461613,0,-4.3500285148620605
27067,CC(C)(CCN*)CCNC(=O)*,CC(C)(CCN[*])CCNC(=O)[*],[*]CCNC(=O)NCCC([*])(C)C,4.22e-05,-4.374687549038326,0,-4.370495796203613
27068,CCCC(CSCC(C)CO*)OC(=O)*,CCCC(CSCC(C)CO[*])OC(=O)[*],[*]CSCC(C)COC(=O)OC([*])CCC,5.37e-05,-4.270025714300444,1,-4.24833345413208
27069,CCCC(CSC(C)CCOC(=O)*)O*,CCCC(CSC(C)CCOC(=O)[*])O[*],[*]CSC(C)CCOC(=O)OC([*])CCC,5.22e-05,-4.282329496997738,1,-4.192416191101074
27070,CC(C)C(CCC(OC(=O)*)C(C)C)O*,CC(C)C(CCC(OC(=O)[*])C(C)C)O[*],[*]CCC(OC(=O)OC([*])C(C)C)C(C)C,3.47e-05,-4.459670525209126,2,-4.630120277404785
27071,CCCC(CC)SCC(CO*)OC(=O)*,CCCC(CC)SCC(CO[*])OC(=O)[*],[*]COC(=O)OC([*])CSC(CC)CCC,2.32e-05,-4.634512015109101,2,-4.495850086212158
27072,CCCC(CC)NC(CC)(COC(=O)*)N*,CCCC(CC)NC(CC)(COC(=O)[*])N[*],[*]COC(=O)NC([*])(CC)NC(CC)CCC,3.8e-05,-4.42021640338319,1,-4.551388263702393
27073,CC(C)C(C(CN*)COC(=O)*)N(C)C,CC(C)C(C(CN[*])COC(=O)[*])N(C)C,[*]CNC(=O)OCC([*])C(C(C)C)N(C)C,1.51e-05,-4.82102305270683,2,-4.309770584106445
27074,CC(C)(CO*)CSCCCOC(=O)*,CC(C)(CO[*])CSCCCOC(=O)[*],[*]COC(=O)OCCCSCC([*])(C)C,7.66e-05,-4.115771230367396,3,-4.201629638671875
27075,CC(CCCSC(C)CO*)OC(=O)*,CC(CCCSC(C)CO[*])OC(=O)[*],[*]CCCSC(C)COC(=O)OC([*])C,7.35e-05,-4.133712660915805,1,-4.215114593505859
27076,CCC(COC(=O)*)C(=O)N(C)CC(C)O*,CCC(COC(=O)[*])C(=O)N(C)CC(C)O[*],[*]COC(=O)OC(C)CN(C)C(=O)C([*])CC,3.5e-05,-4.455931955649724,0,-4.450967788696289
27077,CC(C)CC(CC(C)(C)OC(=O)*)O*,CC(C)CC(CC(C)(C)OC(=O)[*])O[*],[*]CC(C)(C)OC(=O)OC([*])CC(C)C,9.7e-06,-5.013228265733755,3,-4.590391635894775
27078,CC(C)CC(N*)C(CC(=O)O)OC(=O)*,CC(C)CC(N[*])C(CC(=O)O)OC(=O)[*],[*]NC(=O)OC(CC(=O)O)C([*])CC(C)C,1.53e-05,-4.815308569182402,0,-4.501483917236328
27079,CC(CC(C)(C)NC(=O)C(C)O*)OC(=O)*,CC(CC(C)(C)NC(=O)C(C)O[*])OC(=O)[*],[*]CC(C)(C)NC(=O)C(C)OC(=O)OC([*])C,5.72e-05,-4.242603971206976,3,-4.362854957580566
27080,CCCCC(CC)(CO*)COC(=O)*,CCCCC(CC)(CO[*])COC(=O)[*],[*]COC(=O)OCC([*])(CC)CCCC,2.22e-05,-4.653647025549361,2,-4.668680191040039
27081,CC(CCCSC(C)C(C)OC(=O)*)O*,CC(CCCSC(C)C(C)OC(=O)[*])O[*],[*]CCCSC(C)C(C)OC(=O)OC([*])C,6.67e-05,-4.175874166083451,0,-4.224495887756348
27082,CCC(OC(=O)*)C(C)N*,CCC(OC(=O)[*])C(C)N[*],[*]OC(=O)NC(C)C([*])CC,2.81e-05,-4.55129368009492,1,-4.581188201904297
27083,CCC(CC)(O*)C(C)(C)NC(=O)*,CCC(CC)(O[*])C(C)(C)NC(=O)[*],[*]OC(=O)NC(C)(C)C([*])(CC)CC,4.73e-05,-4.325138859262188,3,-4.643893241882324
27084,CCC(=O)N(CC(C)O*)C(C)COC(=O)*,CCC(=O)N(CC(C)O[*])C(C)COC(=O)[*],[*]CC(C)OC(=O)OCC(C)N([*])C(=O)CC,5.04e-05,-4.297569463554475,3,-4.589690208435059
27085,CCC(C)C(CN*)NC(=O)*,CCC(C)C(CN[*])NC(=O)[*],[*]CNC(=O)NC([*])C(C)CC,4.36e-05,-4.360513510731414,3,-4.573597431182861
27086,CC(C)=CCSCC(COC(=O)*)O*,CC(C)=CCSCC(COC(=O)[*])O[*],[*]COC(=O)OC([*])CSCC=C(C)C,2.47e-05,-4.607303046740334,0,-4.432465076446533
27087,CCC(O*)C(C)(C)NC(=O)*,CCC(O[*])C(C)(C)NC(=O)[*],[*]OC(=O)NC(C)(C)C([*])CC,2.07e-05,-4.684029654543083,2,-4.4471282958984375
27088,CC(CO*)CSCCCC(C)OC(=O)*,CC(CO[*])CSCCCC(C)OC(=O)[*],[*]COC(=O)OC(C)CCCSCC([*])C,0.000112,-3.9507819773298185,0,-4.154961109161377
27089,CC(CCOC(=O)*)SCCC(C)(C)O*,CC(CCOC(=O)[*])SCCC(C)(C)O[*],[*]CCOC(=O)OC(C)(C)CCSC([*])C,2.54e-05,-4.5951662833800615,2,-4.292555332183838
27090,CC(C)(CSCCC(C)(C)OC(=O)*)O*,CC(C)(CSCCC(C)(C)OC(=O)[*])O[*],[*]CCSCC(C)(C)OC(=O)OC([*])(C)C,4.34e-05,-4.36251027048749,0,-4.41835355758667
27091,CC(CCCO*)CCOC(=O)*,CC(CCCO[*])CCOC(=O)[*],[*]CCCOC(=O)OCCC([*])C,9.62e-05,-4.016824927962187,3,-4.185526371002197
27092,CCN(CC)CCC(CNC(=O)*)O*,CCN(CC)CCC(CNC(=O)[*])O[*],[*]CNC(=O)OC([*])CCN(CC)CC,8.4e-05,-4.075720713938118,3,-4.071771621704102
27093,CCOC(=O)C(CNC(=O)*)C(C)(CC)N*,CCOC(=O)C(CNC(=O)[*])C(C)(CC)N[*],[*]CNC(=O)NC(C)(CC)C([*])C(=O)OCC,2.63e-05,-4.580044251510242,0,-4.401311874389648
27094,CC(C)(C)C(NC(=O)*)C(C)(C)O*,CC(C)(C)C(NC(=O)[*])C(C)(C)O[*],[*]NC(=O)OC(C)(C)C([*])C(C)(C)C,1.84e-05,-4.735182176990463,0,-4.63681173324585
27095,CCCCSCC(CO*)NC(=O)*,CCCCSCC(CO[*])NC(=O)[*],[*]COC(=O)NC([*])CSCCCC,5.84e-05,-4.2335871528876,3,-4.148437976837158
27096,CC(C)CC(NC(=O)*)C(O*)C(F)(F)F,CC(C)CC(NC(=O)[*])C(O[*])C(F)(F)F,[*]NC(=O)OC(C([*])CC(C)C)C(F)(F)F,2.66e-05,-4.575118363368933,2,-4.641493797302246
27097,CC(C)C(C)(CNC(=O)*)NCCN*,CC(C)C(C)(CNC(=O)[*])NCCN[*],[*]CNC(=O)NCCNC([*])(C)C(C)C,5.88e-05,-4.230622673923862,2,-4.392578601837158
27098,CCCCOCC(CNC(=O)*)O*,CCCCOCC(CNC(=O)[*])O[*],[*]CNC(=O)OC([*])COCCCC,0.000128,-3.8927900303521317,1,-4.270216941833496
27099,CCC(CC)SCC(COC(=O)*)O*,CCC(CC)SCC(COC(=O)[*])O[*],[*]COC(=O)OC([*])CSC(CC)CC,4.36e-05,-4.360513510731414,0,-4.3164167404174805
27100,CC(CCCC(C)OC(=O)*)O*,CC(CCCC(C)OC(=O)[*])O[*],[*]CCCC(C)OC(=O)OC([*])C,6.6e-05,-4.180456064458132,3,-4.354663372039795
27101,CC(C)C(C)SCC(COC(=O)*)O*,CC(C)C(C)SCC(COC(=O)[*])O[*],[*]COC(=O)OC([*])CSC(C)C(C)C,2.68e-05,-4.5718652059712115,0,-4.412446975708008
27102,CC(C)=CCCC(CO*)OC(=O)*,CC(C)=CCCC(CO[*])OC(=O)[*],[*]COC(=O)OC([*])CCC=C(C)C,2.38e-05,-4.623423042943488,0,-4.29272985458374
27103,CC(CCSCC(C)(C)O*)OC(=O)*,CC(CCSCC(C)(C)O[*])OC(=O)[*],[*]CCSCC(C)(C)OC(=O)OC([*])C,3.99e-05,-4.399027104313252,1,-4.372289180755615
27104,CC(C)(COCOCC(C)(C)NC(=O)*)N*,CC(C)(COCOCC(C)(C)NC(=O)[*])N[*],[*]COCOCC(C)(C)NC(=O)NC([*])(C)C,8.36e-05,-4.077793722560983,2,-4.363813400268555
27105,CC(NC(C)C(C)OC(=O)*)C(C)O*,CC(NC(C)C(C)OC(=O)[*])C(C)O[*],[*]NC(C)C(C)OC(=O)OC(C)C([*])C,3.7e-05,-4.431798275933005,3,-4.38558292388916
27106,CC(C)CCCSCC(COC(=O)*)O*,CC(C)CCCSCC(COC(=O)[*])O[*],[*]COC(=O)OC([*])CSCCCC(C)C,5.7e-05,-4.2441251443275085,0,-4.350498676300049
27107,CCCC(CSC(C)C(C)O*)OC(=O)*,CCCC(CSC(C)C(C)O[*])OC(=O)[*],[*]CSC(C)C(C)OC(=O)OC([*])CCC,2.95e-05,-4.530177984021837,3,-4.2280354499816895
27108,CC(CCOC(=O)*)SCC(C)(C)CO*,CC(CCOC(=O)[*])SCC(C)(C)CO[*],[*]CCOC(=O)OCC(C)(C)CSC([*])C,4.55e-05,-4.341988603342887,0,-4.368655204772949
27109,CC(CCO*)SCCCCOC(=O)*,CC(CCO[*])SCCCCOC(=O)[*],[*]CCOC(=O)OCCCCSC([*])C,0.000137,-3.8632794328435933,0,-4.032035827636719
27110,CCCC(CSCCCO*)OC(=O)*,CCCC(CSCCCO[*])OC(=O)[*],[*]CSCCCOC(=O)OC([*])CCC,8.44e-05,-4.073657553374345,3,-4.0922017097473145
27111,CC(C)C(CCSCCCOC(=O)*)O*,CC(C)C(CCSCCCOC(=O)[*])O[*],[*]CCSCCCOC(=O)OC([*])C(C)C,2.39e-05,-4.621602099051862,1,-4.231532096862793
27112,CC(CSCCC(C)(C)O*)OC(=O)*,CC(CSCCC(C)(C)O[*])OC(=O)[*],[*]CSCCC(C)(C)OC(=O)OC([*])C,4.02e-05,-4.39577394691553,1,-4.392737865447998
27113,CCC(CC)(OC(=O)*)C(N*)C(C)(C)C,CCC(CC)(OC(=O)[*])C(N[*])C(C)(C)C,[*]OC(=O)NC(C(C)(C)C)C([*])(CC)CC,1.46e-05,-4.835647144215563,3,-4.782434940338135
27114,CCCCCCOCC(COC(=O)*)O*,CCCCCCOCC(COC(=O)[*])O[*],[*]COC(=O)OC([*])COCCCCCC,3.79e-05,-4.421360790031928,1,-4.226655960083008
27115,CC(C)(CC(C)(C)NC(=O)*)N*,CC(C)(CC(C)(C)NC(=O)[*])N[*],[*]CC(C)(C)NC(=O)NC([*])(C)C,2.41e-05,-4.617982957425132,2,-4.3145294189453125
27116,CCC(CSCCC(C)(C)OC(=O)*)O*,CCC(CSCCC(C)(C)OC(=O)[*])O[*],[*]CSCCC(C)(C)OC(=O)OC([*])CC,2.92e-05,-4.534617148551582,2,-4.2801971435546875
27117,CC(C)(C)CCC(COC(=O)*)N*,CC(C)(C)CCC(COC(=O)[*])N[*],[*]COC(=O)NC([*])CCC(C)(C)C,2.91e-05,-4.536107011014093,1,-4.479895114898682
27118,C=CCCCCCCC(CN*)OC(=O)*,C=CCCCCCCC(CN[*])OC(=O)[*],[*]CNC(=O)OC([*])CCCCCCC=C,7.02e-05,-4.153662887870195,1,-4.396958351135254
27119,CC(C)(C)C(C)(CO*)COC(=O)*,CC(C)(C)C(C)(CO[*])COC(=O)[*],[*]COC(=O)OCC([*])(C)C(C)(C)C,2.06e-05,-4.686132779630847,0,-4.758878231048584
27120,CC(C)C(C)(O*)C(C)(OC(=O)*)C(C)C,CC(C)C(C)(O[*])C(C)(OC(=O)[*])C(C)C,[*]OC(=O)OC(C)(C(C)C)C([*])(C)C(C)C,2.17e-05,-4.663540266151471,1,-4.883162975311279
27121,O=C(*)NCCCCCCCCN*,O=C([*])NCCCCCCCCN[*],[*]NCCCCCCCCNC([*])=O,6.59e-05,-4.18111458540599,0,-4.112813949584961
27122,CC(CO*)CSCCC(C)OC(=O)*,CC(CO[*])CSCCC(C)OC(=O)[*],[*]COC(=O)OC(C)CCSCC([*])C,6.1e-05,-4.214670164989233,0,-4.099071025848389
27123,CC(COC(=O)*)SCC(C)(C)CO*,CC(COC(=O)[*])SCC(C)(C)CO[*],[*]COC(=O)OCC(C)(C)CSC([*])C,4.02e-05,-4.39577394691553,1,-4.4405975341796875
27124,CC(C)(C)CC(NC(=O)*)C(C)(C)O*,CC(C)(C)CC(NC(=O)[*])C(C)(C)O[*],[*]NC(=O)OC(C)(C)C([*])CC(C)(C)C,1.59e-05,-4.798602875679548,0,-4.614581108093262
27125,CC(C)C(C)(CN*)NC(=O)CCNC(=O)*,CC(C)C(C)(CN[*])NC(=O)CCNC(=O)[*],[*]CNC(=O)NCCC(=O)NC([*])(C)C(C)C,3.11e-05,-4.507239610973163,2,-4.41648530960083
27126,CC(C)(CCSCCCCO*)OC(=O)*,CC(C)(CCSCCCCO[*])OC(=O)[*],[*]CCSCCCCOC(=O)OC([*])(C)C,5.27e-05,-4.278189384787454,0,-4.2191691398620605
27127,CCCCCCC(CO*)COC(=O)*,CCCCCCC(CO[*])COC(=O)[*],[*]COC(=O)OCC([*])CCCCCC,2.22e-05,-4.653647025549361,3,-4.442689418792725
27128,CCCCC(CCOC(=O)*)O*,CCCCC(CCOC(=O)[*])O[*],[*]CCOC(=O)OC([*])CCCC,5.33e-05,-4.273272790973428,3,-4.434573650360107
27129,CCC(CC)(CCO*)OC(=O)*,CCC(CC)(CCO[*])OC(=O)[*],[*]CCOC(=O)OC([*])(CC)CC,2.39e-05,-4.621602099051862,3,-4.606196880340576
27130,CC(CCSCCC(C)OC(=O)*)O*,CC(CCSCCC(C)OC(=O)[*])O[*],[*]CCSCCC(C)OC(=O)OC([*])C,6.1e-05,-4.214670164989233,0,-4.151144027709961
27131,CCCCC(CN*)CNC(=O)*,CCCCC(CN[*])CNC(=O)[*],[*]CNC(=O)NCC([*])CCCC,6.3e-05,-4.200659450546418,1,-4.208551406860352
27132,CCC(C)(C(CNC(=O)*)CO*)N(C)C,CCC(C)(C(CNC(=O)[*])CO[*])N(C)C,[*]CNC(=O)OCC([*])C(C)(CC)N(C)C,3.03e-05,-4.518557371497695,2,-4.366147518157959
27133,CC(CCN*)C(C)(C)NC(=O)*,CC(CCN[*])C(C)(C)NC(=O)[*],[*]CCNC(=O)NC(C)(C)C([*])C,3.8e-05,-4.42021640338319,0,-4.366430282592773
27134,CCCN(CCCC(C)N*)CCOC(=O)*,CCCN(CCCC(C)N[*])CCOC(=O)[*],[*]CCCC(C)NC(=O)OCCN([*])CCC,4.38e-05,-4.3585258894959,0,-4.23541259765625
27135,CC(C)(CCNCCC(C)(C)NC(=O)*)N*,CC(C)(CCNCCC(C)(C)NC(=O)[*])N[*],[*]CCNCCC(C)(C)NC(=O)NC([*])(C)C,9.03e-05,-4.044312249686494,2,-4.342600345611572
27136,CC(CCOC(=O)*)C(C)N*,CC(CCOC(=O)[*])C(C)N[*],[*]CCOC(=O)NC(C)C([*])C,2.39e-05,-4.621602099051862,3,-4.369416236877441
27137,CCCC(CSC(C)COC(=O)*)O*,CCCC(CSC(C)COC(=O)[*])O[*],[*]CSC(C)COC(=O)OC([*])CCC,6.61e-05,-4.179798540514359,3,-4.186391353607178
27138,CC(C)(CNCC(C)(C)NC(=O)*)N*,CC(C)(CNCC(C)(C)NC(=O)[*])N[*],[*]CNCC(C)(C)NC(=O)NC([*])(C)C,7e-05,-4.154901959985743,3,-4.271983623504639
27139,O=C(*)NCCCCCCCCCN*,O=C([*])NCCCCCCCCCN[*],[*]NCCCCCCCCCNC([*])=O,0.000109,-3.962573502059376,1,-4.047535419464111
27140,CCC(CC)(OC(=O)*)C(C)(C)CN*,CCC(CC)(OC(=O)[*])C(C)(C)CN[*],[*]OC(=O)NCC(C)(C)C([*])(CC)CC,2.81e-05,-4.55129368009492,3,-4.74122428894043
27141,CC(C)(F)CNC(=O)C(COC(=O)*)N*,CC(C)(F)CNC(=O)C(COC(=O)[*])N[*],[*]COC(=O)NC([*])C(=O)NCC(C)(C)F,3.52e-05,-4.453457336521869,3,-4.452242851257324
27142,CC=CC(O*)C(=O)NCCOC(=O)*,CC=CC(O[*])C(=O)NCCOC(=O)[*],[*]OC(=O)OCCNC(=O)C([*])C=CC,5.04e-05,-4.297569463554475,1,-4.32693338394165
27143,CCC(CCCNC(=O)COC(=O)*)O*,CCC(CCCNC(=O)COC(=O)[*])O[*],[*]CCCNC(=O)COC(=O)OC([*])CC,9.03e-05,-4.044312249686494,1,-4.201626300811768
27144,CC(C)C(CO*)ONC(=O)CCOC(=O)*,CC(C)C(CO[*])ONC(=O)CCOC(=O)[*],[*]COC(=O)OCCC(=O)NOC([*])C(C)C,5.52e-05,-4.2580609222708015,2,-4.255132675170898
27145,CC(CCCOC(=O)*)CNC(=O)CCO*,CC(CCCOC(=O)[*])CNC(=O)CCO[*],[*]CCCOC(=O)OCCC(=O)NCC([*])C,0.00011,-3.958607314841775,2,-4.249472141265869
27146,O=C(CC(F)F)NCC(CO*)OC(=O)*,O=C(CC(F)F)NCC(CO[*])OC(=O)[*],[*]COC(=O)OC([*])CNC(=O)CC(F)F,6.6e-05,-4.180456064458132,2,-4.305844783782959
27147,CC(C)(COC(=O)*)ONC(=O)CCO*,CC(C)(COC(=O)[*])ONC(=O)CCO[*],[*]COC(=O)OCCC(=O)NOC([*])(C)C,6.65e-05,-4.1771783546968955,0,-4.245643138885498
27148,CC(C)(O*)C(=O)NCC(CF)OC(=O)*,CC(C)(O[*])C(=O)NCC(CF)OC(=O)[*],[*]OC(=O)OC(CF)CNC(=O)C([*])(C)C,6.58e-05,-4.181774106386045,3,-4.3871541023254395
27149,COCCCN(C)CC(OC(=O)*)C(C)O*,COCCCN(C)CC(OC(=O)[*])C(C)O[*],[*]OC(=O)OC(C)C([*])CN(C)CCCOC,8.56e-05,-4.0675262353228465,2,-4.078028202056885
27150,COC(=O)C(CCO*)OCC(C)NC(=O)*,COC(=O)C(CCO[*])OCC(C)NC(=O)[*],[*]CCOC(=O)NC(C)COC([*])C(=O)OC,4.55e-05,-4.341988603342887,0,-4.388574123382568
27151,CCON(CC)CC(COC(=O)*)O*,CCON(CC)CC(COC(=O)[*])O[*],[*]COC(=O)OC([*])CN(CC)OCC,5.65e-05,-4.247951552180561,0,-4.3405022621154785
27152,CC(C)C(CCO*)NC(=O)CCOC(=O)*,CC(C)C(CCO[*])NC(=O)CCOC(=O)[*],[*]CCOC(=O)OCCC(=O)NC([*])C(C)C,5e-05,-4.301029995663981,2,-4.362996578216553
27153,C=C(F)C(=O)NC(CO*)C(C)OC(=O)*,C=C(F)C(=O)NC(CO[*])C(C)OC(=O)[*],[*]COC(=O)OC(C)C([*])NC(=O)C(=C)F,5.02e-05,-4.29929628285498,0,-4.360480308532715
27154,CCC(C)(O*)C(=O)NOCCOC(=O)*,CCC(C)(O[*])C(=O)NOCCOC(=O)[*],[*]OC(=O)OCCONC(=O)C([*])(C)CC,6.03e-05,-4.219682687859849,1,-4.278683662414551
27155,CC(CN(C)C(=O)C(C)(C)CNC(=O)*)N*,CC(CN(C)C(=O)C(C)(C)CNC(=O)[*])N[*],[*]CN(C)C(=O)C(C)(C)CNC(=O)NC([*])C,4.3e-05,-4.366531544420414,2,-4.424629211425781
27156,CC(C)C(CNC(=O)CCOC(=O)*)CO*,CC(C)C(CNC(=O)CCOC(=O)[*])CO[*],[*]CNC(=O)CCOC(=O)OCC([*])C(C)C,4.15e-05,-4.3819519032879075,1,-4.3268327713012695
27157,CCC(C)(OC(=O)*)C(=O)OCCO*,CCC(C)(OC(=O)[*])C(=O)OCCO[*],[*]OC(=O)OCCOC(=O)C([*])(C)CC,7.32e-05,-4.135488918941608,2,-4.33288049697876
27158,CCC(CS(=O)(=O)CC(C)OC(=O)*)O*,CCC(CS(=O)(=O)CC(C)OC(=O)[*])O[*],[*]CS(=O)(=O)CC(C)OC(=O)OC([*])CC,6.57e-05,-4.182434630440219,0,-4.401216506958008
27159,CCN(C)C(=O)C(CCCNC(=O)*)N*,CCN(C)C(=O)C(CCCNC(=O)[*])N[*],[*]CCCNC(=O)NC([*])C(=O)N(C)CC,3.68e-05,-4.434152181326482,1,-4.365193843841553
27160,CSCCCNC(=O)C(CO*)NC(=O)*,CSCCCNC(=O)C(CO[*])NC(=O)[*],[*]COC(=O)NC([*])C(=O)NCCCSC,6.14e-05,-4.211831628858833,0,-4.311224937438965
27161,CC=C(NC=N)NC(CCCN*)NC(=O)*,CC=C(NC=N)NC(CCCN[*])NC(=O)[*],[*]CCCNC(=O)NC([*])NC(=CC)NC=N,3.56e-05,-4.448550002027125,1,-4.177206039428711
27162,CC(O*)C(CN(C)CC(F)F)OC(=O)*,CC(O[*])C(CN(C)CC(F)F)OC(=O)[*],[*]OC(=O)OC(CN(C)CC(F)F)C([*])C,5.8e-05,-4.236572006437063,2,-4.220290184020996
27163,COC(=O)C(CCOC(=O)*)OCC(C)O*,COC(=O)C(CCOC(=O)[*])OCC(C)O[*],[*]CCOC(=O)OC(C)COC([*])C(=O)OC,5.46e-05,-4.262807357295263,2,-4.182675361633301
27164,CN(CC(COC(=O)*)O*)C(=O)CC(F)F,CN(CC(COC(=O)[*])O[*])C(=O)CC(F)F,[*]COC(=O)OC([*])CN(C)C(=O)CC(F)F,7.59e-05,-4.11975822410452,3,-4.281458854675293
27165,CC(CC(=O)N(C)CCOC(=O)*)O*,CC(CC(=O)N(C)CCOC(=O)[*])O[*],[*]CC(=O)N(C)CCOC(=O)OC([*])C,7.14e-05,-4.146301788223826,0,-4.259970664978027
27166,CC(C)CC(C)(NC(=O)*)C(=O)NCCO*,CC(C)CC(C)(NC(=O)[*])C(=O)NCCO[*],[*]NC(=O)OCCNC(=O)C([*])(C)CC(C)C,6.1e-05,-4.214670164989233,0,-4.439530849456787
27167,CCC(F)C(=O)NCC(CN*)OC(=O)*,CCC(F)C(=O)NCC(CN[*])OC(=O)[*],[*]CNC(=O)OC([*])CNC(=O)C(F)CC,5.8e-05,-4.236572006437063,3,-4.27446174621582
27168,CC(NC(=O)CO*)C(C)(C)OC(=O)*,CC(NC(=O)CO[*])C(C)(C)OC(=O)[*],[*]NC(=O)COC(=O)OC(C)(C)C([*])C,7.97e-05,-4.098541678603888,0,-4.43083381652832
27169,CON(C)C(=O)C(N*)C(C)(C)OC(=O)*,CON(C)C(=O)C(N[*])C(C)(C)OC(=O)[*],[*]NC(=O)OC(C)(C)C([*])C(=O)N(C)OC,5.99e-05,-4.2225731776106885,2,-4.3855977058410645
27170,CC(OC(=O)*)C(=O)OCC(C)(C)O*,CC(OC(=O)[*])C(=O)OCC(C)(C)O[*],[*]OC(=O)OC(C)(C)COC(=O)C([*])C,2.3e-05,-4.638272163982407,1,-4.444370746612549
27171,CC(Cl)=CC(=O)NC(CO*)COC(=O)*,CC(Cl)=CC(=O)NC(CO[*])COC(=O)[*],[*]COC(=O)OCC([*])NC(=O)C=C(C)Cl,6.09e-05,-4.215382707367125,0,-4.267078399658203
27172,CC(CO*)COC(=O)COC(=O)*,CC(CO[*])COC(=O)COC(=O)[*],[*]COC(=O)COC(=O)OCC([*])C,5.29e-05,-4.276544327964814,3,-4.171404838562012
27173,CC(C)C(CNCC(=O)CCOC(=O)*)O*,CC(C)C(CNCC(=O)CCOC(=O)[*])O[*],[*]CNCC(=O)CCOC(=O)OC([*])C(C)C,7.43e-05,-4.129011186239425,2,-4.256497859954834
27174,CN(CC(COC(=O)*)O*)C(=O)OCCF,CN(CC(COC(=O)[*])O[*])C(=O)OCCF,[*]COC(=O)OC([*])CN(C)C(=O)OCCF,3.32e-05,-4.478861916295964,2,-4.11370849609375
27175,C=C(F)C(=O)NC(CC)(CO*)COC(=O)*,C=C(F)C(=O)NC(CC)(CO[*])COC(=O)[*],[*]COC(=O)OCC([*])(CC)NC(=O)C(=C)F,5.67e-05,-4.246416941107094,1,-4.3481035232543945
27176,CC(CNC(=O)CCO*)CC(C)OC(=O)*,CC(CNC(=O)CCO[*])CC(C)OC(=O)[*],[*]CNC(=O)CCOC(=O)OC(C)CC([*])C,7.26e-05,-4.139063379299906,3,-4.287942886352539
27177,O=C(*)NCCC(N*)C(=O)NCC(F)(F)F,O=C([*])NCCC(N[*])C(=O)NCC(F)(F)F,[*]NCCC(NC([*])=O)C(=O)NCC(F)(F)F,7.64e-05,-4.11690664142431,2,-4.238457202911377
27178,CCCC(C)NC(=O)C(CO*)NC(=O)*,CCCC(C)NC(=O)C(CO[*])NC(=O)[*],[*]COC(=O)NC([*])C(=O)NC(C)CCC,3.05e-05,-4.515700160653214,2,-4.425289154052734
27179,O=C(CCOC(=O)*)NCC(F)(F)CO*,O=C(CCOC(=O)[*])NCC(F)(F)CO[*],[*]CCOC(=O)OCC(F)(F)CNC([*])=O,6.97e-05,-4.15676722190199,2,-4.06094217300415
27180,CC(OC(=O)*)C(=O)NOC(CO*)C(C)C,CC(OC(=O)[*])C(=O)NOC(CO[*])C(C)C,[*]OC(=O)OCC(ONC(=O)C([*])C)C(C)C,2.92e-05,-4.534617148551582,2,-4.403149127960205
27181,CCCC(C)(CNC(=O)COC(=O)*)O*,CCCC(C)(CNC(=O)COC(=O)[*])O[*],[*]CNC(=O)COC(=O)OC([*])(C)CCC,5.49e-05,-4.260427655549908,3,-4.312001705169678
27182,CCCC(CCNC(=O)CN*)OC(=O)*,CCCC(CCNC(=O)CN[*])OC(=O)[*],[*]CCNC(=O)CNC(=O)OC([*])CCC,4.06e-05,-4.391473966422806,1,-4.278461456298828
27183,CC(CCN(C)C(=O)CCOC(=O)*)O*,CC(CCN(C)C(=O)CCOC(=O)[*])O[*],[*]CCN(C)C(=O)CCOC(=O)OC([*])C,4.98e-05,-4.302770657240282,0,-4.372884750366211
27184,O=C(*)OC(C(=O)NCCO*)C(F)(F)F,O=C([*])OC(C(=O)NCCO[*])C(F)(F)F,[*]OCCNC(=O)C(OC([*])=O)C(F)(F)F,6.12e-05,-4.213248577854439,0,-4.241025924682617
27185,CC(C)=C(C)C(=O)NCC(COC(=O)*)O*,CC(C)=C(C)C(=O)NCC(COC(=O)[*])O[*],[*]COC(=O)OC([*])CNC(=O)C(C)=C(C)C,2.67e-05,-4.573488738635425,1,-4.488550662994385
27186,CCCC(O*)C(=O)NOCCOC(=O)*,CCCC(O[*])C(=O)NOCCOC(=O)[*],[*]OC(=O)OCCONC(=O)C([*])CCC,5.96e-05,-4.2247537402597635,3,-4.123855113983154
27187,CCC(C)(CNC(=O)CCOC(=O)*)O*,CCC(C)(CNC(=O)CCOC(=O)[*])O[*],[*]CNC(=O)CCOC(=O)OC([*])(C)CC,5.08e-05,-4.294136287716081,0,-4.317179203033447
27188,O=C(CCCF)NCC(CN*)OC(=O)*,O=C(CCCF)NCC(CN[*])OC(=O)[*],[*]CNC(=O)OC([*])CNC(=O)CCCF,0.000114,-3.9430951486635273,2,-4.198413372039795
27189,CC(C)(F)CNC(=O)CC(CN*)OC(=O)*,CC(C)(F)CNC(=O)CC(CN[*])OC(=O)[*],[*]CNC(=O)OC([*])CC(=O)NCC(C)(C)F,6.98e-05,-4.156144577376839,2,-4.435876846313477
27190,CCC(CO*)(COC(=O)*)NC(=S)NC,CCC(CO[*])(COC(=O)[*])NC(=S)NC,[*]COC(=O)OCC([*])(CC)NC(=S)NC,1.33e-05,-4.876148359032914,3,-4.6339874267578125
27191,CCCC(O*)C(=O)NCC(C)OC(=O)*,CCCC(O[*])C(=O)NCC(C)OC(=O)[*],[*]OC(=O)OC(C)CNC(=O)C([*])CCC,7.66e-05,-4.115771230367396,1,-4.271659851074219
27192,CC(CONC(=O)C(N*)C(C)C)NC(=O)*,CC(CONC(=O)C(N[*])C(C)C)NC(=O)[*],[*]CONC(=O)C(NC(=O)NC([*])C)C(C)C,7.22e-05,-4.141462802430361,2,-4.398004055023193
27193,O=C(*)OCC(=O)OCCCCCO*,O=C([*])OCC(=O)OCCCCCO[*],[*]COC(=O)OCCCCCOC([*])=O,0.000156,-3.8068754016455384,1,-4.021816730499268
27194,CCC(OC(=O)*)C(C)C(=O)NC(C)CO*,CCC(OC(=O)[*])C(C)C(=O)NC(C)CO[*],[*]OC(=O)OCC(C)NC(=O)C(C)C([*])CC,3.2e-05,-4.494850021680094,2,-4.349662780761719
27195,CCC(C)OC(=O)NCC(CO*)OC(=O)*,CCC(C)OC(=O)NCC(CO[*])OC(=O)[*],[*]COC(=O)OC([*])CNC(=O)OC(C)CC,1.61e-05,-4.79317412396815,0,-4.300304889678955
27196,CC(CO*)(COC(=O)*)NC(=O)OCCF,CC(CO[*])(COC(=O)[*])NC(=O)OCCF,[*]COC(=O)OCC([*])(C)NC(=O)OCCF,4.15e-05,-4.3819519032879075,1,-4.430984020233154
27197,CC(CN(C)C(=O)CCOC(=O)*)O*,CC(CN(C)C(=O)CCOC(=O)[*])O[*],[*]CN(C)C(=O)CCOC(=O)OC([*])C,3.79e-05,-4.421360790031928,2,-4.224331378936768
27198,CNC(=S)NC(CCO*)CCOC(=O)*,CNC(=S)NC(CCO[*])CCOC(=O)[*],[*]CCOC(=O)OCCC([*])NC(=S)NC,4.52e-05,-4.3448615651886175,2,-4.3371171951293945
27199,CCC(CCO*)NC(=O)CCOC(=O)*,CCC(CCO[*])NC(=O)CCOC(=O)[*],[*]CCOC(=O)OCCC(=O)NC([*])CC,8.93e-05,-4.049148541111453,3,-4.1606292724609375
27200,CCC(OC(=O)*)C(C)C(=O)NOCCO*,CCC(OC(=O)[*])C(C)C(=O)NOCCO[*],[*]OC(=O)OCCONC(=O)C(C)C([*])CC,4.29e-05,-4.367542707815276,0,-4.33796501159668
27201,O=C(*)NCC(=O)N(CCN*)CC(F)(F)F,O=C([*])NCC(=O)N(CCN[*])CC(F)(F)F,[*]NCCN(CC(F)(F)F)C(=O)CNC([*])=O,0.000104,-3.9829666607012197,1,-4.280959606170654
27202,CN(CCCCCOC(=O)*)C(=O)CCO*,CN(CCCCCOC(=O)[*])C(=O)CCO[*],[*]CCCCCOC(=O)OCCC(=O)N([*])C,6.34e-05,-4.1979107421182675,1,-4.191864490509033
27203,CCC(O*)C(C)C(=O)N(C)CCOC(=O)*,CCC(O[*])C(C)C(=O)N(C)CCOC(=O)[*],[*]OC(=O)OCCN(C)C(=O)C(C)C([*])CC,5.05e-05,-4.296708621881338,3,-4.451817989349365
27204,CC(CCCOC(=O)*)CNC(=O)CO*,CC(CCCOC(=O)[*])CNC(=O)CO[*],[*]CCCOC(=O)OCC(=O)NCC([*])C,6.48e-05,-4.188424994129407,1,-4.209493637084961
27205,CC(C)CC(CNC(=O)CO*)OC(=O)*,CC(C)CC(CNC(=O)CO[*])OC(=O)[*],[*]CNC(=O)COC(=O)OC([*])CC(C)C,8.22e-05,-4.0851281824599495,1,-4.433400630950928
27206,CCCC(CNC(=O)CCO*)OC(=O)*,CCCC(CNC(=O)CCO[*])OC(=O)[*],[*]CNC(=O)CCOC(=O)OC([*])CCC,5.22e-05,-4.282329496997738,2,-4.211825847625732
27207,CC(C)C(COC(=O)COC(=O)*)O*,CC(C)C(COC(=O)COC(=O)[*])O[*],[*]COC(=O)COC(=O)OC([*])C(C)C,3.84e-05,-4.4156687756324695,2,-4.295729637145996
27208,CON(C)CC(O*)C(C)OC(=O)*,CON(C)CC(O[*])C(C)OC(=O)[*],[*]OC(=O)OC(C)C([*])CN(C)OC,5.27e-05,-4.278189384787454,1,-4.262639045715332
27209,CC(C)OC(=O)N(C)CC(COC(=O)*)O*,CC(C)OC(=O)N(C)CC(COC(=O)[*])O[*],[*]COC(=O)OC([*])CN(C)C(=O)OC(C)C,3.2e-05,-4.494850021680094,3,-4.36191987991333
27210,COCCNCC(CC(C)(C)OC(=O)*)O*,COCCNCC(CC(C)(C)OC(=O)[*])O[*],[*]CC(C)(C)OC(=O)OC([*])CNCCOC,7.86e-05,-4.104577453960592,1,-4.24395227432251
27211,CC(CCC(=O)N(C)CC(C)NC(=O)*)N*,CC(CCC(=O)N(C)CC(C)NC(=O)[*])N[*],[*]CCC(=O)N(C)CC(C)NC(=O)NC([*])C,2.55e-05,-4.5934598195660445,2,-4.381243705749512
27212,CCN(CC)C(=O)C(O*)C(C)(C)OC(=O)*,CCN(CC)C(=O)C(O[*])C(C)(C)OC(=O)[*],[*]OC(=O)OC(C)(C)C([*])C(=O)N(CC)CC,2.74e-05,-4.562249437179612,3,-4.54697847366333
27213,CCNC(=S)NC(C)(CO*)COC(=O)*,CCNC(=S)NC(C)(CO[*])COC(=O)[*],[*]COC(=O)OCC([*])(C)NC(=S)NCC,1.34e-05,-4.872895201635193,1,-4.507205009460449
27214,CC(C)N(C)C(=O)C(CN*)NC(=O)*,CC(C)N(C)C(=O)C(CN[*])NC(=O)[*],[*]CNC(=O)NC([*])C(=O)N(C)C(C)C,2.76e-05,-4.559090917934783,3,-4.434760093688965
27215,CC(C)(F)CCNC(=O)C(COC(=O)*)N*,CC(C)(F)CCNC(=O)C(COC(=O)[*])N[*],[*]COC(=O)NC([*])C(=O)NCCC(C)(C)F,4.58e-05,-4.33913452199613,0,-4.448598861694336
27216,CN(CCO*)CC(CC(F)F)NC(=O)*,CN(CCO[*])CC(CC(F)F)NC(=O)[*],[*]CCOC(=O)NC(CC(F)F)CN([*])C,4.3e-05,-4.366531544420414,2,-4.232261657714844
27217,CCC(CCNC(=O)CCO*)OC(=O)*,CCC(CCNC(=O)CCO[*])OC(=O)[*],[*]CCNC(=O)CCOC(=O)OC([*])CC,8.67e-05,-4.06198090252379,2,-4.212684631347656
27218,CCCC(O*)C(=O)NCCCOC(=O)*,CCCC(O[*])C(=O)NCCCOC(=O)[*],[*]OC(=O)OCCCNC(=O)C([*])CCC,6.31e-05,-4.199970640755866,1,-4.236038684844971
27219,CC(C)(O*)C(F)CNC(=O)CCOC(=O)*,CC(C)(O[*])C(F)CNC(=O)CCOC(=O)[*],[*]OC(=O)OCCC(=O)NCC(F)C([*])(C)C,4.99e-05,-4.30189945437661,3,-4.249049663543701
27220,CCCNC(=S)NCC(CO*)OC(=O)*,CCCNC(=S)NCC(CO[*])OC(=O)[*],[*]COC(=O)OC([*])CNC(=S)NCCC,4.96e-05,-4.304518323509803,2,-4.508523941040039
27221,O=C(*)OCC(CO*)NC(=O)OCCF,O=C([*])OCC(CO[*])NC(=O)OCCF,[*]COC(=O)OCC([*])NC(=O)OCCF,3.18e-05,-4.497572880015567,3,-4.27603006362915
27222,CC=C(C)C(=O)NCC(CO*)OC(=O)*,CC=C(C)C(=O)NCC(CO[*])OC(=O)[*],[*]COC(=O)OC([*])CNC(=O)C(C)=CC,4.21e-05,-4.375717904164332,3,-4.345530033111572
27223,CCC(F)C(=O)NCC(OC(=O)*)C(C)O*,CCC(F)C(=O)NCC(OC(=O)[*])C(C)O[*],[*]OC(=O)OC(C)C([*])CNC(=O)C(F)CC,5.41e-05,-4.266802734893431,3,-4.371385097503662
27224,CCNC(=S)N(C)CC(CO*)OC(=O)*,CCNC(=S)N(C)CC(CO[*])OC(=O)[*],[*]COC(=O)OC([*])CN(C)C(=S)NCC,2.93e-05,-4.533132379645891,0,-4.5526580810546875
27225,CCC=C(F)C(=O)NCC(COC(=O)*)O*,CCC=C(F)C(=O)NCC(COC(=O)[*])O[*],[*]COC(=O)OC([*])CNC(=O)C(F)=CCC,2.82e-05,-4.549750891680639,0,-4.3905134201049805
27226,CC(F)(F)CNC(=O)C(CNC(=O)*)N*,CC(F)(F)CNC(=O)C(CNC(=O)[*])N[*],[*]CNC(=O)NC([*])C(=O)NCC(C)(F)F,5.28e-05,-4.277366077466188,1,-4.209118843078613
27227,CN(CC(F)(F)F)C(=O)C(CN*)NC(=O)*,CN(CC(F)(F)F)C(=O)C(CN[*])NC(=O)[*],[*]CNC(=O)NC([*])C(=O)N(C)CC(F)(F)F,3.15e-05,-4.501689446210399,2,-4.335264682769775
27228,CSCC(CCO*)NC(=O)COC(=O)*,CSCC(CCO[*])NC(=O)COC(=O)[*],[*]CCOC(=O)OCC(=O)NC([*])CSC,7.56e-05,-4.121478204498794,3,-4.148079872131348
27229,COC(C)CN(C)CC(OC(=O)*)C(C)O*,COC(C)CN(C)CC(OC(=O)[*])C(C)O[*],[*]OC(=O)OC(C)C([*])CN(C)CC(C)OC,8.49e-05,-4.071092309756048,0,-4.232631206512451
27230,CC(CCNC(=O)CCO*)CCOC(=O)*,CC(CCNC(=O)CCO[*])CCOC(=O)[*],[*]CCNC(=O)CCOC(=O)OCCC([*])C,6.72e-05,-4.172630726946175,1,-4.191787242889404
27231,O=C(*)NCCCCNC(=O)CCO*,O=C([*])NCCCCNC(=O)CCO[*],[*]CCOC(=O)NCCCCNC([*])=O,6.53e-05,-4.185086818724926,1,-4.035932540893555
27232,CC(O*)C(COC(=O)*)NC(=O)CC(F)F,CC(O[*])C(COC(=O)[*])NC(=O)CC(F)F,[*]OC(=O)OCC(NC(=O)CC(F)F)C([*])C,6.81e-05,-4.166852888087215,3,-4.1736931800842285
27233,CC(N*)C(=O)NC(=N)SCCNC(=O)*,CC(N[*])C(=O)NC(=N)SCCNC(=O)[*],[*]NC(=O)NCCSC(=N)NC(=O)C([*])C,3.58e-05,-4.446116973356125,3,-4.315319061279297
27234,CSC=CC(=O)NCC(CNC(=O)*)O*,CSC=CC(=O)NCC(CNC(=O)[*])O[*],[*]CNC(=O)OC([*])CNC(=O)C=CSC,4.01e-05,-4.396855627379818,1,-4.114593982696533
27235,O=C(*)NC(CCCN*)C(=O)NCC(F)F,O=C([*])NC(CCCN[*])C(=O)NCC(F)F,[*]NCCCC(NC([*])=O)C(=O)NCC(F)F,6.44e-05,-4.1911141326401875,3,-4.16600227355957
27236,O=C(CCC(F)F)NCC(CO*)OC(=O)*,O=C(CCC(F)F)NCC(CO[*])OC(=O)[*],[*]COC(=O)OC([*])CNC(=O)CCC(F)F,0.000118,-3.9281179926938745,3,-4.209741115570068
27237,CC(COC(=O)*)COC(=O)CC(C)O*,CC(COC(=O)[*])COC(=O)CC(C)O[*],[*]COC(=O)CC(C)OC(=O)OCC([*])C,3.81e-05,-4.419075024324381,1,-4.310466766357422
27238,CCONC(=O)C(NC(=O)*)C(C)(C)O*,CCONC(=O)C(NC(=O)[*])C(C)(C)O[*],[*]NC(=O)OC(C)(C)C([*])C(=O)NOCC,3.21e-05,-4.493494967595128,1,-4.308475971221924
27239,CCC(C)OC(=O)NC(CO*)COC(=O)*,CCC(C)OC(=O)NC(CO[*])COC(=O)[*],[*]COC(=O)OCC([*])NC(=O)OC(C)CC,4.95e-05,-4.305394801066432,3,-4.448185920715332
27240,CCOCCC(C)NCC(CO*)OC(=O)*,CCOCCC(C)NCC(CO[*])OC(=O)[*],[*]COC(=O)OC([*])CNC(C)CCOCC,9.25e-05,-4.0338582672609675,3,-4.163387775421143
27241,CC(C)(CCNC(=O)CCO*)COC(=O)*,CC(C)(CCNC(=O)CCO[*])COC(=O)[*],[*]CCNC(=O)CCOC(=O)OCC([*])(C)C,4.1e-05,-4.3872161432802645,0,-4.289468288421631
27242,CCCC(OC(=O)*)C(=O)N(C)CCN*,CCCC(OC(=O)[*])C(=O)N(C)CCN[*],[*]OC(=O)NCCN(C)C(=O)C([*])CCC,3.85e-05,-4.414539270491499,0,-4.273255348205566
27243,CCC(CCNC(=O)COC(=O)*)O*,CCC(CCNC(=O)COC(=O)[*])O[*],[*]CCNC(=O)COC(=O)OC([*])CC,7.17e-05,-4.1444808443322,0,-4.207686424255371
27244,CCC(F)C(=O)N(C)CC(CO*)OC(=O)*,CCC(F)C(=O)N(C)CC(CO[*])OC(=O)[*],[*]COC(=O)OC([*])CN(C)C(=O)C(F)CC,2.24e-05,-4.649751981665837,3,-4.292989730834961
27245,CSCC(CN(C)CCNC(=O)*)O*,CSCC(CN(C)CCNC(=O)[*])O[*],[*]CN(C)CCNC(=O)OC([*])CSC,6.87e-05,-4.16304326294045,2,-4.100365161895752
27246,CC(F)(F)CNC(=O)C(CCNC(=O)*)N*,CC(F)(F)CNC(=O)C(CCNC(=O)[*])N[*],[*]CCNC(=O)NC([*])C(=O)NCC(C)(F)F,5.45e-05,-4.2636034977233574,2,-4.296014308929443
27247,CCC(CCOC(=O)*)CNC(=O)CCO*,CCC(CCOC(=O)[*])CNC(=O)CCO[*],[*]CCOC(=O)OCCC(=O)NCC([*])CC,7.06e-05,-4.151195298948196,2,-4.292562484741211
27248,CN(CC(C)(C)CO*)C(=O)COC(=O)*,CN(CC(C)(C)CO[*])C(=O)COC(=O)[*],[*]CC(C)(C)COC(=O)OCC(=O)N([*])C,2.84e-05,-4.546681659952962,0,-4.4760308265686035
27249,N=CNC(=O)C(CCCCNC(=O)*)N*,N=CNC(=O)C(CCCCNC(=O)[*])N[*],[*]CCCCNC(=O)NC([*])C(=O)NC=N,6.27e-05,-4.202732459169283,1,-4.274491310119629
27250,CC(CC(C)O*)NC(=O)CCOC(=O)*,CC(CC(C)O[*])NC(=O)CCOC(=O)[*],[*]CC(C)OC(=O)OCCC(=O)NC([*])C,5.69e-05,-4.244887733604929,3,-4.3302693367004395
27251,CCC=CNC(=O)C(CNC(=O)*)N*,CCC=CNC(=O)C(CNC(=O)[*])N[*],[*]CNC(=O)NC([*])C(=O)NC=CCC,9.99e-05,-4.000434511774018,0,-4.399109840393066
27252,CC(CC(=O)OCCCO*)OC(=O)*,CC(CC(=O)OCCCO[*])OC(=O)[*],[*]CC(=O)OCCCOC(=O)OC([*])C,6.91e-05,-4.1605219526258015,3,-4.185520172119141
27253,CCCC(OC(=O)*)C(=O)N(C)C(C)CO*,CCCC(OC(=O)[*])C(=O)N(C)C(C)CO[*],[*]OC(=O)OCC(C)N(C)C(=O)C([*])CCC,6.79e-05,-4.168130225719499,1,-4.452078342437744
27254,CCN(CC(C)C)C(=O)C(CO*)NC(=O)*,CCN(CC(C)C)C(=O)C(CO[*])NC(=O)[*],[*]COC(=O)NC([*])C(=O)N(CC)CC(C)C,2.11e-05,-4.675717544702307,2,-4.396570205688477
27255,CC(=CC=CN)NCC(CO*)OC(=O)*,CC(=CC=CN)NCC(CO[*])OC(=O)[*],[*]COC(=O)OC([*])CNC(C)=CC=CN,4.65e-05,-4.3325470471100465,3,-4.151930332183838
27256,CC(CCNC(=S)NCCNC(=O)*)N*,CC(CCNC(=S)NCCNC(=O)[*])N[*],[*]CCNC(=S)NCCNC(=O)NC([*])C,4.52e-05,-4.3448615651886175,1,-4.356493949890137
27257,CC(Cl)=CC(=O)NCC(CO*)OC(=O)*,CC(Cl)=CC(=O)NCC(CO[*])OC(=O)[*],[*]COC(=O)OC([*])CNC(=O)C=C(C)Cl,3.28e-05,-4.484126156288321,3,-4.179715156555176
27258,CC(OC(=O)*)C(C)(C)CNC(=O)CO*,CC(OC(=O)[*])C(C)(C)CNC(=O)CO[*],[*]OC(=O)OCC(=O)NCC(C)(C)C([*])C,4.04e-05,-4.393618634889395,1,-4.383842945098877
27259,CC(F)(F)CNC(=O)C(COC(=O)*)N*,CC(F)(F)CNC(=O)C(COC(=O)[*])N[*],[*]COC(=O)NC([*])C(=O)NCC(C)(F)F,9.59e-05,-4.018181392829336,2,-4.366151809692383
27260,O=C(CCOC(=O)*)NC(CO*)CC(F)F,O=C(CCOC(=O)[*])NC(CO[*])CC(F)F,[*]CCOC(=O)OCC(CC(F)F)NC([*])=O,5.7e-05,-4.2441251443275085,3,-4.1474504470825195
27261,CSCC(CN(C)C(C)CN*)OC(=O)*,CSCC(CN(C)C(C)CN[*])OC(=O)[*],[*]CN(C)C(C)CNC(=O)OC([*])CSC,7.15e-05,-4.145693958198919,1,-4.246108531951904
27262,CC(C)(OC(=O)*)C(=O)NCC=CCO*,CC(C)(OC(=O)[*])C(=O)NCC=CCO[*],[*]OC(=O)OCC=CCNC(=O)C([*])(C)C,4.73e-05,-4.325138859262188,3,-4.236879825592041
27263,CC(O*)C(=O)N(C)CC(C)(C)COC(=O)*,CC(O[*])C(=O)N(C)CC(C)(C)COC(=O)[*],[*]OC(=O)OCC(C)(C)CN(C)C(=O)C([*])C,3.02e-05,-4.519993057042849,0,-4.6223835945129395
27264,CC(CN(C)C(=O)CCN*)NC(=O)*,CC(CN(C)C(=O)CCN[*])NC(=O)[*],[*]CN(C)C(=O)CCNC(=O)NC([*])C,4.38e-05,-4.3585258894959,3,-4.30708646774292
27265,O=C(*)OCCS(=O)(=O)CCO*,O=C([*])OCCS(=O)(=O)CCO[*],[*]OCCS(=O)(=O)CCOC([*])=O,6.47e-05,-4.189095719331299,2,-4.1042070388793945
27266,CC(C)(CCNC(=O)CCOC(=O)*)O*,CC(C)(CCNC(=O)CCOC(=O)[*])O[*],[*]CCNC(=O)CCOC(=O)OC([*])(C)C,6.46e-05,-4.189767482004916,0,-4.26645040512085
27267,CC(CONC(=O)CCCNC(=O)*)N*,CC(CONC(=O)CCCNC(=O)[*])N[*],[*]CONC(=O)CCCNC(=O)NC([*])C,8.43e-05,-4.074172425375258,1,-4.177183151245117
27268,CCCC(OC(=O)*)C(=O)NCCN*,CCCC(OC(=O)[*])C(=O)NCCN[*],[*]OC(=O)NCCNC(=O)C([*])CCC,5.51e-05,-4.258848401148215,1,-4.200759410858154
27269,CCCC(O*)C(=O)NC(C)COC(=O)*,CCCC(O[*])C(=O)NC(C)COC(=O)[*],[*]OC(=O)OCC(C)NC(=O)C([*])CCC,4.82e-05,-4.31695296176115,1,-4.284030437469482
27270,O=C(*)NC(CCN*)C(=O)NCC(F)F,O=C([*])NC(CCN[*])C(=O)NCC(F)F,[*]NCCC(NC([*])=O)C(=O)NCC(F)F,5.15e-05,-4.288192770958809,3,-4.277275085449219
27271,CC(C)(CNC(=O)CCO*)COC(=O)*,CC(C)(CNC(=O)CCO[*])COC(=O)[*],[*]CNC(=O)CCOC(=O)OCC([*])(C)C,5.35e-05,-4.2716462179787715,0,-4.231228828430176
27272,CC(C)(CONC(=O)CCOC(=O)*)O*,CC(C)(CONC(=O)CCOC(=O)[*])O[*],[*]CONC(=O)CCOC(=O)OC([*])(C)C,5.93e-05,-4.226945306635737,2,-4.191243648529053
27273,CCCNC(=O)C(CCNC(=O)*)N*,CCCNC(=O)C(CCNC(=O)[*])N[*],[*]CCNC(=O)NC([*])C(=O)NCCC,3.06e-05,-4.51427857351842,0,-4.299845218658447
27274,CCC(COC(=O)*)NC(=O)CCO*,CCC(COC(=O)[*])NC(=O)CCO[*],[*]COC(=O)OCCC(=O)NC([*])CC,6.39e-05,-4.1944991418416,1,-4.199438095092773
27275,CSC(C)C(=O)NCC(CN*)OC(=O)*,CSC(C)C(=O)NCC(CN[*])OC(=O)[*],[*]CNC(=O)OC([*])CNC(=O)C(C)SC,8.76e-05,-4.057495893831919,2,-4.268909931182861
27276,CCCC(O*)C(=O)NCCOC(=O)*,CCCC(O[*])C(=O)NCCOC(=O)[*],[*]OC(=O)OCCNC(=O)C([*])CCC,5.66e-05,-4.247183568811729,2,-4.278892517089844
27277,CC(C)(CCONC(=N)CO*)OC(=O)*,CC(C)(CCONC(=N)CO[*])OC(=O)[*],[*]CCONC(=N)COC(=O)OC([*])(C)C,5.39e-05,-4.268411234813262,2,-4.27363920211792
27278,CC(CC(=O)NCCCCN*)OC(=O)*,CC(CC(=O)NCCCCN[*])OC(=O)[*],[*]CC(=O)NCCCCNC(=O)OC([*])C,6.53e-05,-4.185086818724926,2,-4.14554500579834
27279,CCC(C)(O*)C(=O)NCCOC(=O)*,CCC(C)(O[*])C(=O)NCCOC(=O)[*],[*]OC(=O)OCCNC(=O)C([*])(C)CC,5.17e-05,-4.286509456906058,1,-4.258255481719971
27280,CC(C)NC(=S)NC(CO*)COC(=O)*,CC(C)NC(=S)NC(CO[*])COC(=O)[*],[*]COC(=O)OCC([*])NC(=S)NC(C)C,3.77e-05,-4.423658649794207,2,-4.542799949645996
27281,CSCC(C)NC(=O)C(COC(=O)*)N*,CSCC(C)NC(=O)C(COC(=O)[*])N[*],[*]COC(=O)NC([*])C(=O)NC(C)CSC,4.52e-05,-4.3448615651886175,0,-4.385343074798584
27282,C=CC=CCCNC(CN*)CNC(=O)*,C=CC=CCCNC(CN[*])CNC(=O)[*],[*]CNC(=O)NCC([*])NCCC=CC=C,6.89e-05,-4.161780778092374,3,-4.040600776672363
27283,CC(C)C=CC(=O)NCC(CO*)OC(=O)*,CC(C)C=CC(=O)NCC(CO[*])OC(=O)[*],[*]COC(=O)OC([*])CNC(=O)C=CC(C)C,6.16e-05,-4.210419287835575,1,-4.338570594787598
27284,CCN(C)C(=O)C(CCNC(=O)*)N*,CCN(C)C(=O)C(CCNC(=O)[*])N[*],[*]CCNC(=O)NC([*])C(=O)N(C)CC,4.32e-05,-4.364516253185088,3,-4.392796039581299
27285,CCOCCC(C)NCC(CN*)OC(=O)*,CCOCCC(C)NCC(CN[*])OC(=O)[*],[*]CNC(=O)OC([*])CNC(C)CCOCC,0.000114,-3.9430951486635273,1,-4.163240909576416
27286,CC(NC(=O)*)C(=O)NCC(F)C(C)(C)O*,CC(NC(=O)[*])C(=O)NCC(F)C(C)(C)O[*],[*]NC(=O)OC(C)(C)C(F)CNC(=O)C([*])C,2.67e-05,-4.573488738635425,3,-4.521816253662109
27287,CCN(CC(F)F)C(=O)C(CO*)NC(=O)*,CCN(CC(F)F)C(=O)C(CO[*])NC(=O)[*],[*]COC(=O)NC([*])C(=O)N(CC)CC(F)F,2.69e-05,-4.570247719997592,3,-4.362460136413574
27288,CCN(CCOC(=O)*)C(=O)C(C)(CC)O*,CCN(CCOC(=O)[*])C(=O)C(C)(CC)O[*],[*]CCOC(=O)OC(C)(CC)C(=O)N([*])CC,4.94e-05,-4.306273051076353,0,-4.480506896972656
27289,CCCN(C)C(=O)C(CN*)NC(=O)*,CCCN(C)C(=O)C(CN[*])NC(=O)[*],[*]CNC(=O)NC([*])C(=O)N(C)CCC,5.31e-05,-4.274905478918531,1,-4.425934314727783
27290,CCC(CNCC(=O)CCOC(=O)*)O*,CCC(CNCC(=O)CCOC(=O)[*])O[*],[*]CNCC(=O)CCOC(=O)OC([*])CC,0.000106,-3.9746941347352296,3,-4.102091312408447
27291,CCCN(CC)C(=O)C(CO*)NC(=O)*,CCCN(CC)C(=O)C(CO[*])NC(=O)[*],[*]COC(=O)NC([*])C(=O)N(CC)CCC,3.93e-05,-4.405607449624573,2,-4.5092315673828125
27292,CC(C)COCCNC(CN*)CNC(=O)*,CC(C)COCCNC(CN[*])CNC(=O)[*],[*]CNC(=O)NCC([*])NCCOCC(C)C,0.000139,-3.856985199745905,1,-4.122047424316406
27293,CC=CCC(COC(=O)*)NC(=O)CCO*,CC=CCC(COC(=O)[*])NC(=O)CCO[*],[*]COC(=O)OCCC(=O)NC([*])CC=CC,4.93e-05,-4.30715308072277,1,-4.254828929901123
27294,CCC(OC(=O)*)C(C)C(=O)NCC(C)O*,CCC(OC(=O)[*])C(C)C(=O)NCC(C)O[*],[*]OC(=O)OC(C)CNC(=O)C(C)C([*])CC,4.8e-05,-4.318758762624412,0,-4.426438331604004
27295,CC(CN(C)C(=S)NCCNC(=O)*)N*,CC(CN(C)C(=S)NCCNC(=O)[*])N[*],[*]CN(C)C(=S)NCCNC(=O)NC([*])C,8.21e-05,-4.085656842880559,0,-4.309074401855469
27296,CC(CC(=O)NCCC(C)(C)NC(=O)*)N*,CC(CC(=O)NCCC(C)(C)NC(=O)[*])N[*],[*]CC(=O)NCCC(C)(C)NC(=O)NC([*])C,4.85e-05,-4.314258261397736,3,-4.458308696746826
27297,O=C(*)OCC(N*)C(=O)O,O=C([*])OCC(N[*])C(=O)O,[*]NC(COC([*])=O)C(=O)O,4.64e-05,-4.333482019445119,1,-4.457430362701416
27298,CCOCCN(C)CC(OC(=O)*)C(C)O*,CCOCCN(C)CC(OC(=O)[*])C(C)O[*],[*]OC(=O)OC(C)C([*])CN(C)CCOCC,0.000151,-3.8210230527068307,3,-4.221730709075928
27299,CC(CNC(=O)CC(N*)C(F)F)NC(=O)*,CC(CNC(=O)CC(N[*])C(F)F)NC(=O)[*],[*]CNC(=O)CC(NC(=O)NC([*])C)C(F)F,9.6e-05,-4.017728766960432,1,-4.2979254722595215
27300,CCOCCC(CN(C)CCNC(=O)*)O*,CCOCCC(CN(C)CCNC(=O)[*])O[*],[*]CN(C)CCNC(=O)OC([*])CCOCC,8.28e-05,-4.08196966321512,2,-3.980365514755249
27301,CC(CC(=O)NCC(CF)O*)OC(=O)*,CC(CC(=O)NCC(CF)O[*])OC(=O)[*],[*]CC(=O)NCC(CF)OC(=O)OC([*])C,7.22e-05,-4.141462802430361,1,-4.366310119628906
27302,CCOC=CC(=O)NCC(COC(=O)*)O*,CCOC=CC(=O)NCC(COC(=O)[*])O[*],[*]COC(=O)OC([*])CNC(=O)C=COCC,5.95e-05,-4.22548303427145,3,-4.219690799713135
27303,CC(CCNC(=O)CO*)CCOC(=O)*,CC(CCNC(=O)CO[*])CCOC(=O)[*],[*]CCNC(=O)COC(=O)OCCC([*])C,6.59e-05,-4.18111458540599,0,-4.065242767333984
27304,O=C(*)OC(CNC(=O)OCCF)CO*,O=C([*])OC(CNC(=O)OCCF)CO[*],[*]COC(=O)OC([*])CNC(=O)OCCF,5.2e-05,-4.2839966563652006,2,-4.258781433105469
27305,CCCNC(=S)NC(CO*)COC(=O)*,CCCNC(=S)NC(CO[*])COC(=O)[*],[*]COC(=O)OCC([*])NC(=S)NCCC,8.34e-05,-4.078833949362261,1,-4.540255546569824
27306,CC(OC(=O)*)C(=O)NCCO*,CC(OC(=O)[*])C(=O)NCCO[*],[*]OC(=O)OCCNC(=O)C([*])C,5.66e-05,-4.247183568811729,1,-4.175181865692139
27307,CCC(C(=O)NOCCO*)C(C)OC(=O)*,CCC(C(=O)NOCCO[*])C(C)OC(=O)[*],[*]C(=O)NOCCOC(=O)OC(C)C([*])CC,7.06e-05,-4.151195298948196,2,-4.280620574951172
27308,CC(O*)C(=O)NCC=CCOC(=O)*,CC(O[*])C(=O)NCC=CCOC(=O)[*],[*]OC(=O)OCC=CCNC(=O)C([*])C,7.36e-05,-4.133122185662502,3,-4.149928569793701
27309,CCC(F)C(=O)NC(COC(=O)*)C(C)O*,CCC(F)C(=O)NC(COC(=O)[*])C(C)O[*],[*]COC(=O)OC(C)C([*])NC(=O)C(F)CC,6.01e-05,-4.221125527997261,3,-4.308267116546631
27310,CC(CONC(=O)CC(C)NC(=O)*)N*,CC(CONC(=O)CC(C)NC(=O)[*])N[*],[*]CONC(=O)CC(C)NC(=O)NC([*])C,5.79e-05,-4.2373214362725635,2,-4.355627059936523
27311,CCCC=CC(OC(=O)*)C(=O)NCCO*,CCCC=CC(OC(=O)[*])C(=O)NCCO[*],[*]OC(=O)OCCNC(=O)C([*])C=CCCC,6.09e-05,-4.215382707367125,2,-4.384451866149902
27312,O=C(*)NC(CO*)C(=O)NCC=CCl,O=C([*])NC(CO[*])C(=O)NCC=CCl,[*]NC(COC([*])=O)C(=O)NCC=CCl,3.74e-05,-4.42712839779952,0,-4.348488807678223
27313,CCCC(OC(=O)*)C(=O)NOCC(C)N*,CCCC(OC(=O)[*])C(=O)NOCC(C)N[*],[*]OC(=O)NC(C)CONC(=O)C([*])CCC,6.25e-05,-4.204119982655925,1,-4.354007244110107
27314,CSC(C)CNC(=O)C(COC(=O)*)N*,CSC(C)CNC(=O)C(COC(=O)[*])N[*],[*]COC(=O)NC([*])C(=O)NCC(C)SC,2.96e-05,-4.528708288941061,1,-4.356500148773193
27315,CCCC(C)N(C)C(=O)C(COC(=O)*)N*,CCCC(C)N(C)C(=O)C(COC(=O)[*])N[*],[*]COC(=O)NC([*])C(=O)N(C)C(C)CCC,5.92e-05,-4.22767829327708,3,-4.556571006774902
27316,CN(C(=O)C(CN*)NC(=O)*)C(C)(C)C,CN(C(=O)C(CN[*])NC(=O)[*])C(C)(C)C,[*]CNC(=O)NC([*])C(=O)N(C)C(C)(C)C,5.14e-05,-4.289036881004725,0,-4.700774669647217
27317,O=C(*)NCC(CN*)NCC=CCl,O=C([*])NCC(CN[*])NCC=CCl,[*]NCC(CNC([*])=O)NCC=CCl,7.44e-05,-4.128427064454121,2,-4.075335502624512
27318,O=C(*)NC(CO*)C(=O)NCCCC(F)F,O=C([*])NC(CO[*])C(=O)NCCCC(F)F,[*]NC(COC([*])=O)C(=O)NCCCC(F)F,5.67e-05,-4.246416941107094,2,-4.272250175476074
27319,CCC(C)NC(=O)C(NC(=O)*)C(C)(C)O*,CCC(C)NC(=O)C(NC(=O)[*])C(C)(C)O[*],[*]NC(=O)OC(C)(C)C([*])C(=O)NC(C)CC,2.73e-05,-4.5638373529592435,2,-4.484678745269775
27320,CC(CN*)NC(=O)CC(C)(C)CNC(=O)*,CC(CN[*])NC(=O)CC(C)(C)CNC(=O)[*],[*]CNC(=O)NCC(C)(C)CC(=O)NC([*])C,4.35e-05,-4.361510743045363,3,-4.348207950592041
27321,O=C(O)CN(CCO*)CCOC(=O)*,O=C(O)CN(CCO[*])CCOC(=O)[*],[*]CCOC(=O)OCCN([*])CC(=O)O,6.59e-05,-4.18111458540599,0,-4.14837121963501
27322,CCN(CCOC)CC(O*)C(C)OC(=O)*,CCN(CCOC)CC(O[*])C(C)OC(=O)[*],[*]OC(=O)OC(C)C([*])CN(CC)CCOC,0.000107,-3.9706162223147903,2,-4.0443572998046875
27323,O=C(CCCF)NCC(COC(=O)*)O*,O=C(CCCF)NCC(COC(=O)[*])O[*],[*]COC(=O)OC([*])CNC(=O)CCCF,0.000178,-3.749579997691106,0,-4.231354713439941
27324,C=C(F)C(=O)N(C)CC(CO*)OC(=O)*,C=C(F)C(=O)N(C)CC(CO[*])OC(=O)[*],[*]COC(=O)OC([*])CN(C)C(=O)C(=C)F,8.24e-05,-4.084072788302884,3,-4.228857040405273
27325,O=C(CCOC(=O)*)NCCCCO*,O=C(CCOC(=O)[*])NCCCCO[*],[*]CCOC(=O)OCCCCNC([*])=O,9.1e-05,-4.040958607678906,3,-3.9586033821105957
27326,CCC=CNC(=O)CC(CN*)OC(=O)*,CCC=CNC(=O)CC(CN[*])OC(=O)[*],[*]CNC(=O)OC([*])CC(=O)NC=CCC,2.83e-05,-4.548213564475709,1,-4.310137748718262
27327,CCC(C)(CC(=O)N(C)CCOC(=O)*)O*,CCC(C)(CC(=O)N(C)CCOC(=O)[*])O[*],[*]CC(=O)N(C)CCOC(=O)OC([*])(C)CC,3.96e-05,-4.402304814074488,0,-4.26606559753418
27328,CC(C)CC(COC(=O)*)NC(=O)CCO*,CC(C)CC(COC(=O)[*])NC(=O)CCO[*],[*]COC(=O)OCCC(=O)NC([*])CC(C)C,4.94e-05,-4.306273051076353,0,-4.244884967803955
27329,O=C(CCO*)NCCCCCOC(=O)*,O=C(CCO[*])NCCCCCOC(=O)[*],[*]CCOC(=O)OCCCCCNC([*])=O,0.000137,-3.8632794328435933,3,-3.9857945442199707
27330,CC(CCCNC(=O)COC(=O)*)CO*,CC(CCCNC(=O)COC(=O)[*])CO[*],[*]CCCNC(=O)COC(=O)OCC([*])C,6.7e-05,-4.173925197299174,3,-4.188629627227783
27331,O=C(CCNC(=O)*)CN*,O=C(CCNC(=O)[*])CN[*],[*]CCNC(=O)NCC([*])=O,8.53e-05,-4.069050968832477,3,-4.267232418060303
27332,CCOCC(CNCCC(C)N*)OC(=O)*,CCOCC(CNCCC(C)N[*])OC(=O)[*],[*]CNCCC(C)NC(=O)OC([*])COCC,0.000108,-3.96657624451305,1,-4.062114715576172
27333,CC(C)(C)C(CO*)NC(=O)CCOC(=O)*,CC(C)(C)C(CO[*])NC(=O)CCOC(=O)[*],[*]COC(=O)OCCC(=O)NC([*])C(C)(C)C,3.23e-05,-4.490797477668897,3,-4.429752349853516
27334,CN(CCCCO*)C(=O)CCOC(=O)*,CN(CCCCO[*])C(=O)CCOC(=O)[*],[*]CCCCOC(=O)OCCC(=O)N([*])C,8.96e-05,-4.047691990337875,1,-4.186201095581055
27335,CC(CCCOC(=O)*)CNC(=O)C(C)O*,CC(CCCOC(=O)[*])CNC(=O)C(C)O[*],[*]CCCOC(=O)OC(C)C(=O)NCC([*])C,7.06e-05,-4.151195298948196,1,-4.279117584228516
27336,CCC(O*)C(=O)OCCCNC(=O)*,CCC(O[*])C(=O)OCCCNC(=O)[*],[*]OC(=O)NCCCOC(=O)C([*])CC,5.69e-05,-4.244887733604929,2,-4.324867248535156
27337,CC(N*)C(=O)NOC(COC(=O)*)C(C)C,CC(N[*])C(=O)NOC(COC(=O)[*])C(C)C,[*]NC(=O)OCC(ONC(=O)C([*])C)C(C)C,4.15e-05,-4.3819519032879075,1,-4.320881366729736
27338,CC(C)NC(=O)N(C)CC(COC(=O)*)O*,CC(C)NC(=O)N(C)CC(COC(=O)[*])O[*],[*]COC(=O)OC([*])CN(C)C(=O)NC(C)C,3.1e-05,-4.508638306165727,2,-4.304862022399902
27339,CC(NC(=O)C(CO*)NC(=O)*)C(C)(C)C,CC(NC(=O)C(CO[*])NC(=O)[*])C(C)(C)C,[*]COC(=O)NC([*])C(=O)NC(C)C(C)(C)C,2.32e-05,-4.634512015109101,1,-4.6168646812438965
27340,CCCN(C)C(=O)C(CCN*)NC(=O)*,CCCN(C)C(=O)C(CCN[*])NC(=O)[*],[*]CCNC(=O)NC([*])C(=O)N(C)CCC,6e-05,-4.221848749616356,3,-4.357056140899658
27341,CCOCC(CNCC(CC)NC(=O)*)O*,CCOCC(CNCC(CC)NC(=O)[*])O[*],[*]CNCC(CC)NC(=O)OC([*])COCC,8.74e-05,-4.058488567365597,1,-4.036376953125
27342,CC(NC(=O)*)C(=O)NCCC(C)(C)N*,CC(NC(=O)[*])C(=O)NCCC(C)(C)N[*],[*]NC(=O)NC(C)(C)CCNC(=O)C([*])C,6.01e-05,-4.221125527997261,3,-4.468156337738037
27343,CCOCCC(C)NC(CO*)COC(=O)*,CCOCCC(C)NC(CO[*])COC(=O)[*],[*]COC(=O)OCC([*])NC(C)CCOCC,5.33e-05,-4.273272790973428,1,-4.176830291748047
27344,CCC(C)(CC(=O)NCCO*)OC(=O)*,CCC(C)(CC(=O)NCCO[*])OC(=O)[*],[*]CC(=O)NCCOC(=O)OC([*])(C)CC,5.27e-05,-4.278189384787454,3,-4.308714866638184
27345,CC(C)CC(O*)C(=O)N(C)CCOC(=O)*,CC(C)CC(O[*])C(=O)N(C)CCOC(=O)[*],[*]OC(=O)OCCN(C)C(=O)C([*])CC(C)C,2.42e-05,-4.616184634019569,0,-4.358652114868164
27346,CC(C)(C)C(=O)CNCC(CO*)OC(=O)*,CC(C)(C)C(=O)CNCC(CO[*])OC(=O)[*],[*]COC(=O)OC([*])CNCC(=O)C(C)(C)C,4.54e-05,-4.342944147142896,0,-4.399609565734863
27347,CCC(CNC(=S)NCCN*)NC(=O)*,CCC(CNC(=S)NCCN[*])NC(=O)[*],[*]CNC(=S)NCCNC(=O)NC([*])CC,4.22e-05,-4.374687549038326,0,-4.209543704986572
27348,CCC(C)(C)NC(=O)C(CO*)NC(=O)*,CCC(C)(C)NC(=O)C(CO[*])NC(=O)[*],[*]COC(=O)NC([*])C(=O)NC(C)(C)CC,3.8e-05,-4.42021640338319,3,-4.483912467956543
27349,CC(CN*)C(=O)NCC(CF)OC(=O)*,CC(CN[*])C(=O)NCC(CF)OC(=O)[*],[*]CNC(=O)OC(CF)CNC(=O)C([*])C,6.49e-05,-4.187755303199631,2,-4.1461100578308105
27350,CC(OC(=O)*)C(C)(C)CNC(=O)CN*,CC(OC(=O)[*])C(C)(C)CNC(=O)CN[*],[*]OC(=O)NCC(=O)NCC(C)(C)C([*])C,5.89e-05,-4.229884705212898,0,-4.245163440704346
27351,CC=C(NC=N)NC(CC)(COC(=O)*)N*,CC=C(NC=N)NC(CC)(COC(=O)[*])N[*],[*]COC(=O)NC([*])(CC)NC(=CC)NC=N,2.87e-05,-4.542118103266008,2,-4.631606101989746
27352,CCNC(=O)C(N*)C(C)(C)OC(=O)*,CCNC(=O)C(N[*])C(C)(C)OC(=O)[*],[*]NC(=O)OC(C)(C)C([*])C(=O)NCC,4.14e-05,-4.382999658879101,0,-4.538890361785889
27353,COCC(C)=CCNC(CO*)COC(=O)*,COCC(C)=CCNC(CO[*])COC(=O)[*],[*]COC(=O)OCC([*])NCC=C(C)COC,6.71e-05,-4.1732774798310075,0,-4.0797038078308105
27354,COCC(CNCCC(C)NC(=O)*)O*,COCC(CNCCC(C)NC(=O)[*])O[*],[*]CNCCC(C)NC(=O)OC([*])COC,6.5e-05,-4.187086643357144,2,-4.0168137550354
27355,CCC(C)C(COC(=O)*)NC(=O)C(C)N*,CCC(C)C(COC(=O)[*])NC(=O)C(C)N[*],[*]COC(=O)NC(C)C(=O)NC([*])C(C)CC,2.5e-05,-4.6020599913279625,1,-4.501489639282227
27356,CCN(C(=O)C(CO*)NC(=O)*)C(C)C,CCN(C(=O)C(CO[*])NC(=O)[*])C(C)C,[*]COC(=O)NC([*])C(=O)N(CC)C(C)C,4.87e-05,-4.3124710387853655,1,-4.689638137817383
27357,CC(CCCN*)NC(=O)CCNC(=O)*,CC(CCCN[*])NC(=O)CCNC(=O)[*],[*]CCCNC(=O)NCCC(=O)NC([*])C,7.1e-05,-4.1487416512809245,3,-4.160355567932129
27358,CC(C)NC(=O)C(O*)C(C)(C)OC(=O)*,CC(C)NC(=O)C(O[*])C(C)(C)OC(=O)[*],[*]OC(=O)OC(C)(C)C([*])C(=O)NC(C)C,5.93e-05,-4.226945306635737,0,-4.497416019439697
27359,CC(CCCO*)NC(=O)COC(=O)*,CC(CCCO[*])NC(=O)COC(=O)[*],[*]CCCOC(=O)OCC(=O)NC([*])C,0.000113,-3.9469215565165805,3,-4.171209335327148
27360,CC(OC(=O)*)C(=O)NCC(C)(C)C(C)O*,CC(OC(=O)[*])C(=O)NCC(C)(C)C(C)O[*],[*]OC(=O)OC(C)C(C)(C)CNC(=O)C([*])C,3.01e-05,-4.521433504406157,1,-4.520815372467041
27361,CCCOCC(CN(C)CCO*)OC(=O)*,CCCOCC(CN(C)CCO[*])OC(=O)[*],[*]CN(C)CCOC(=O)OC([*])COCCC,7.92e-05,-4.101274818410507,1,-3.9409797191619873
27362,CC=C(NC=N)N(CCN*)CCOC(=O)*,CC=C(NC=N)N(CCN[*])CCOC(=O)[*],[*]CCNC(=O)OCCN([*])C(=CC)NC=N,2.82e-05,-4.549750891680639,1,-4.288084030151367
27363,CCC(C)(CC(=O)NCCN*)OC(=O)*,CCC(C)(CC(=O)NCCN[*])OC(=O)[*],[*]CC(=O)NCCNC(=O)OC([*])(C)CC,4.4e-05,-4.356547323513813,2,-4.346526622772217
27364,CC(C)C(C)NC(=O)C(CN*)NC(=O)*,CC(C)C(C)NC(=O)C(CN[*])NC(=O)[*],[*]CNC(=O)NC([*])C(=O)NC(C)C(C)C,2.63e-05,-4.580044251510242,1,-4.406766414642334
27365,CN(CCF)CC(COC(=O)*)O*,CN(CCF)CC(COC(=O)[*])O[*],[*]COC(=O)OC([*])CN(C)CCF,4.86e-05,-4.313363730737707,1,-4.224767208099365
27366,COCCN(C)CC(OC(=O)*)C(C)(C)O*,COCCN(C)CC(OC(=O)[*])C(C)(C)O[*],[*]OC(=O)OC(C)(C)C([*])CN(C)CCOC,9.34e-05,-4.029653123769907,3,-4.151683330535889
27367,CCC(C)C(COC(=O)*)NC(=O)CCO*,CCC(C)C(COC(=O)[*])NC(=O)CCO[*],[*]COC(=O)OCCC(=O)NC([*])C(C)CC,2.68e-05,-4.5718652059712115,0,-4.438596248626709
27368,CC(=O)CC(C)(C)NCC(COC(=O)*)O*,CC(=O)CC(C)(C)NCC(COC(=O)[*])O[*],[*]COC(=O)OC([*])CNC(C)(C)CC(C)=O,0.000123,-3.910094888560602,1,-4.482893466949463
27369,CCCC(OC(=O)*)C(=O)N(C)CCO*,CCCC(OC(=O)[*])C(=O)N(C)CCO[*],[*]OC(=O)OCCN(C)C(=O)C([*])CCC,2.84e-05,-4.546681659952962,3,-4.35329008102417
27370,CCC(COC(=O)*)C(=O)NCCN*,CCC(COC(=O)[*])C(=O)NCCN[*],[*]COC(=O)NCCNC(=O)C([*])CC,7.45e-05,-4.127843727251707,3,-4.249264717102051
27371,CCC(C)(O*)C(=O)NCCCOC(=O)*,CCC(C)(O[*])C(=O)NCCCOC(=O)[*],[*]OC(=O)OCCCNC(=O)C([*])(C)CC,4.25e-05,-4.371611069949688,2,-4.237200736999512
27372,CC(C)(CC(=O)NCC=CCOC(=O)*)O*,CC(C)(CC(=O)NCC=CCOC(=O)[*])O[*],[*]CC(=O)NCC=CCOC(=O)OC([*])(C)C,5.5e-05,-4.259637310505756,2,-4.171267509460449
27373,CC(CNCC(CC(F)F)NC(=O)*)O*,CC(CNCC(CC(F)F)NC(=O)[*])O[*],[*]CNCC(CC(F)F)NC(=O)OC([*])C,6.97e-05,-4.15676722190199,3,-4.21062707901001
27374,CCC(C)(O*)C(=O)N(C)CCCOC(=O)*,CCC(C)(O[*])C(=O)N(C)CCCOC(=O)[*],[*]OC(=O)OCCCN(C)C(=O)C([*])(C)CC,4.42e-05,-4.354577730650908,3,-4.3642144203186035
27375,CC(O*)C(NC(=O)*)C(=O)NCC(C)(C)F,CC(O[*])C(NC(=O)[*])C(=O)NCC(C)(C)F,[*]OC(=O)NC(C(=O)NCC(C)(C)F)C([*])C,2.41e-05,-4.617982957425132,2,-4.592685222625732
27376,CC(OC(=O)*)C(C)(C)CNC(=O)CCN*,CC(OC(=O)[*])C(C)(C)CNC(=O)CCN[*],[*]OC(=O)NCCC(=O)NCC(C)(C)C([*])C,3.17e-05,-4.498940737782249,3,-4.294105052947998
27377,CC(CCCNC(=O)*)NC(=O)C(C)CN*,CC(CCCNC(=O)[*])NC(=O)C(C)CN[*],[*]CCCNC(=O)NCC(C)C(=O)NC([*])C,6.54e-05,-4.184422251675732,2,-4.393057346343994
27378,CC(C)(OC(=O)*)C(=O)NCCCCN*,CC(C)(OC(=O)[*])C(=O)NCCCCN[*],[*]OC(=O)NCCCCNC(=O)C([*])(C)C,5.78e-05,-4.2380721615794705,2,-4.246093273162842
27379,CC(C)CC(C)(O*)C(=O)NCCNC(=O)*,CC(C)CC(C)(O[*])C(=O)NCCNC(=O)[*],[*]OC(=O)NCCNC(=O)C([*])(C)CC(C)C,4.84e-05,-4.315154638355588,1,-4.413079738616943
27380,CCC(CNCC(COC)O*)NC(=O)*,CCC(CNCC(COC)O[*])NC(=O)[*],[*]CNCC(COC)OC(=O)NC([*])CC,5.09e-05,-4.293282217663242,2,-4.093739986419678
27381,CCC(C)N(CC)C(=O)C(CO*)NC(=O)*,CCC(C)N(CC)C(=O)C(CO[*])NC(=O)[*],[*]COC(=O)NC([*])C(=O)N(CC)C(C)CC,4.57e-05,-4.34008379993015,0,-4.596510410308838
27382,CCN(C)C(=O)C(CCCCNC(=O)*)N*,CCN(C)C(=O)C(CCCCNC(=O)[*])N[*],[*]CCCCNC(=O)NC([*])C(=O)N(C)CC,3.98e-05,-4.400116927926312,2,-4.309585094451904
27383,CC(NCCN(C)CCOC(=O)*)C(C)O*,CC(NCCN(C)CCOC(=O)[*])C(C)O[*],[*]NCCN(C)CCOC(=O)OC(C)C([*])C,0.000187,-3.728158393463501,3,-3.9672422409057617
27384,CCCN(CCC)C(=O)C(CN*)NC(=O)*,CCCN(CCC)C(=O)C(CN[*])NC(=O)[*],[*]CNC(=O)NC([*])C(=O)N(CCC)CCC,2.35e-05,-4.628932137728264,0,-4.372379779815674
27385,CCNC(=O)N(C)CC(COC(=O)*)O*,CCNC(=O)N(C)CC(COC(=O)[*])O[*],[*]COC(=O)OC([*])CN(C)C(=O)NCC,6.9e-05,-4.161150909262744,0,-4.388543605804443
27386,CCCN(CCOC)CC(COC(=O)*)O*,CCCN(CCOC)CC(COC(=O)[*])O[*],[*]COC(=O)OC([*])CN(CCC)CCOC,6.67e-05,-4.175874166083451,0,-3.9990921020507812
27387,CC(CCNCC(C)O*)NC(=O)*,CC(CCNCC(C)O[*])NC(=O)[*],[*]CCNCC(C)OC(=O)NC([*])C,5.68e-05,-4.245651664288981,3,-4.178558349609375
27388,CCC(C)=CC(=O)NCC(COC(=O)*)O*,CCC(C)=CC(=O)NCC(COC(=O)[*])O[*],[*]COC(=O)OC([*])CNC(=O)C=C(C)CC,4.87e-05,-4.3124710387853655,3,-4.403504848480225
27389,CCN(CC(C)(C)OC(=O)*)C(=O)CCO*,CCN(CC(C)(C)OC(=O)[*])C(=O)CCO[*],[*]CC(C)(C)OC(=O)OCCC(=O)N([*])CC,2.93e-05,-4.533132379645891,1,-4.309844017028809
27390,CCNC(=O)NC(CCO*)CCOC(=O)*,CCNC(=O)NC(CCO[*])CCOC(=O)[*],[*]CCOC(=O)OCCC([*])NC(=O)NCC,4.47e-05,-4.349692476868063,0,-4.0699076652526855
27391,CCC(C)C(C)NC(=O)C(COC(=O)*)N*,CCC(C)C(C)NC(=O)C(COC(=O)[*])N[*],[*]COC(=O)NC([*])C(=O)NC(C)C(C)CC,5.04e-05,-4.297569463554475,2,-4.580329418182373
27392,CCCCN(CCCOC(=O)*)C(=O)CN*,CCCCN(CCCOC(=O)[*])C(=O)CN[*],[*]CCCOC(=O)NCC(=O)N([*])CCCC,4.9e-05,-4.309803919971486,0,-4.287663459777832
27393,CC(=O)C(C)(CN(C)CCCO*)OC(=O)*,CC(=O)C(C)(CN(C)CCCO[*])OC(=O)[*],[*]CN(C)CCCOC(=O)OC([*])(C)C(C)=O,0.000117,-3.9318141382538383,0,-4.268052101135254
27394,CCCC(CO*)NCC(COC)OC(=O)*,CCCC(CO[*])NCC(COC)OC(=O)[*],[*]COC(=O)OC(CNC([*])CCC)COC,7.24e-05,-4.140261433802853,3,-4.128031253814697
27395,CCC(CC)CNC(=O)C(CN*)NC(=O)*,CCC(CC)CNC(=O)C(CN[*])NC(=O)[*],[*]CNC(=O)NC([*])C(=O)NCC(CC)CC,3.47e-05,-4.459670525209126,2,-4.4099531173706055
27396,CCC(C)C(CC(=O)NCCN*)NC(=O)*,CCC(C)C(CC(=O)NCCN[*])NC(=O)[*],[*]CC(=O)NCCNC(=O)NC([*])C(C)CC,4.97e-05,-4.303643611266668,0,-4.28648042678833
27397,CC(CCO*)CNC(=O)CCOC(=O)*,CC(CCO[*])CNC(=O)CCOC(=O)[*],[*]CCOC(=O)OCCC(=O)NCC([*])C,7.38e-05,-4.131943638176958,1,-4.186059951782227
27398,CCCC=CC(=O)NCC(COC(=O)*)O*,CCCC=CC(=O)NCC(COC(=O)[*])O[*],[*]COC(=O)OC([*])CNC(=O)C=CCCC,4.97e-05,-4.303643611266668,3,-4.302875518798828
27399,CC(=CC=CN)N(CCN*)CCOC(=O)*,CC(=CC=CN)N(CCN[*])CCOC(=O)[*],[*]CCNC(=O)OCCN([*])C(C)=CC=CN,7.12e-05,-4.147520006363144,2,-4.074428081512451
27400,CC(=CC=CN)NC(CO*)C(C)OC(=O)*,CC(=CC=CN)NC(CO[*])C(C)OC(=O)[*],[*]COC(=O)OC(C)C([*])NC(C)=CC=CN,4.35e-05,-4.361510743045363,2,-4.252805709838867
27401,CC(C)(CCNC(=O)C(C)(C)NC(=O)*)N*,CC(C)(CCNC(=O)C(C)(C)NC(=O)[*])N[*],[*]CCNC(=O)C(C)(C)NC(=O)NC([*])(C)C,4.77e-05,-4.321481620959886,2,-4.322022438049316
27402,CC(CNC(=O)*)NCC(C)(C)N*,CC(CNC(=O)[*])NCC(C)(C)N[*],[*]CNC(=O)NC(C)(C)CNC([*])C,8.35e-05,-4.078313524516398,3,-4.300797462463379
27403,CCC(NC(=O)*)C(=O)NCCC(C)(C)N*,CCC(NC(=O)[*])C(=O)NCCC(C)(C)N[*],[*]NC(=O)NC(C)(C)CCNC(=O)C([*])CC,4.79e-05,-4.319664486585437,0,-4.398117542266846
27404,CCCC(O*)C(=O)N(C)CC(C)NC(=O)*,CCCC(O[*])C(=O)N(C)CC(C)NC(=O)[*],[*]OC(=O)NC(C)CN(C)C(=O)C([*])CCC,6.28e-05,-4.2020403562628035,0,-4.47489070892334
27405,CN(CCCOC(=O)*)CC(C)(O*)C(=O)O,CN(CCCOC(=O)[*])CC(C)(O[*])C(=O)O,[*]CCCOC(=O)OC(C)(CN([*])C)C(=O)O,3.57e-05,-4.447331783887806,1,-4.50269889831543
27406,CCC(CNC(CCOC(=O)*)COC)O*,CCC(CNC(CCOC(=O)[*])COC)O[*],[*]CNC(CCOC(=O)OC([*])CC)COC,5.95e-05,-4.22548303427145,0,-4.1276960372924805
27407,CC(NCC(F)(F)COC(=O)*)C(C)O*,CC(NCC(F)(F)COC(=O)[*])C(C)O[*],[*]NCC(F)(F)COC(=O)OC(C)C([*])C,6.67e-05,-4.175874166083451,0,-4.347615718841553
27408,CC(CNC(=O)CC(C)(C)OC(=O)*)O*,CC(CNC(=O)CC(C)(C)OC(=O)[*])O[*],[*]CNC(=O)CC(C)(C)OC(=O)OC([*])C,6.21e-05,-4.20690839982342,0,-4.4561848640441895
27409,CC(COC(=O)*)NCC(O*)C(C)C,CC(COC(=O)[*])NCC(O[*])C(C)C,[*]COC(=O)OC(CNC([*])C)C(C)C,6.73e-05,-4.171984935776023,0,-4.315857410430908
27410,CC(NC(=O)*)C(=O)N(C)C(C)CN*,CC(NC(=O)[*])C(=O)N(C)C(C)CN[*],[*]NC(=O)NCC(C)N(C)C(=O)C([*])C,4.26e-05,-4.370590400897281,1,-4.453060150146484
27411,COCCC(COC(=O)*)NC(C)C(C)O*,COCCC(COC(=O)[*])NC(C)C(C)O[*],[*]COC(=O)OC(C)C(C)NC([*])CCOC,8.36e-05,-4.077793722560983,3,-4.0573015213012695
27412,O=C(*)OC(CO*)(C(F)(F)F)C(F)(F)F,O=C([*])OC(CO[*])(C(F)(F)F)C(F)(F)F,[*]OCC(OC([*])=O)(C(F)(F)F)C(F)(F)F,1.35e-05,-4.869666231504994,1,-4.703921318054199
27413,CCC(COC(=O)*)C(=O)NOCCO*,CCC(COC(=O)[*])C(=O)NOCCO[*],[*]COC(=O)OCCONC(=O)C([*])CC,6.19e-05,-4.208309350979882,1,-4.187213897705078
27414,CN(CCCO*)C(=O)C(C)(C)NC(=O)*,CN(CCCO[*])C(=O)C(C)(C)NC(=O)[*],[*]CCCOC(=O)NC(C)(C)C(=O)N([*])C,6.34e-05,-4.1979107421182675,1,-4.357510566711426
27415,C[Si](C)(CCCOC(=O)*)CO*,C[Si](C)(CCCOC(=O)[*])CO[*],[*]CCCOC(=O)OC[Si]([*])(C)C,8.46e-05,-4.0726296369609765,1,-4.687138080596924
27416,CCC(CO*)C(=O)NCC(C)OC(=O)*,CCC(CO[*])C(=O)NCC(C)OC(=O)[*],[*]COC(=O)OC(C)CNC(=O)C([*])CC,4.85e-05,-4.314258261397736,3,-4.252403259277344
27417,CCCC=CC(=O)NC(CO*)COC(=O)*,CCCC=CC(=O)NC(CO[*])COC(=O)[*],[*]COC(=O)OCC([*])NC(=O)C=CCCC,5.53e-05,-4.257274868695302,0,-4.318149089813232
27418,CCC(COC(=O)*)SC(C)C(C)O*,CCC(COC(=O)[*])SC(C)C(C)O[*],[*]COC(=O)OC(C)C(C)SC([*])CC,2.79e-05,-4.554395796726403,3,-4.344223976135254
27419,CC(CCOC(=O)*)SCC(O*)C(C)C,CC(CCOC(=O)[*])SCC(O[*])C(C)C,[*]CCOC(=O)OC(CSC([*])C)C(C)C,6.86e-05,-4.163675884293248,2,-4.322439193725586
27420,CCCC(CC(=O)NOCCOC(=O)*)O*,CCCC(CC(=O)NOCCOC(=O)[*])O[*],[*]CC(=O)NOCCOC(=O)OC([*])CCC,9.53e-05,-4.020907099361674,1,-4.1507368087768555
27421,CC=CC(=O)N(C)CC(COC(=O)*)O*,CC=CC(=O)N(C)CC(COC(=O)[*])O[*],[*]COC(=O)OC([*])CN(C)C(=O)C=CC,4.7e-05,-4.327902142064283,0,-4.368762493133545
27422,CCC(COC(=O)*)C(=O)NC(C)(C)CO*,CCC(COC(=O)[*])C(=O)NC(C)(C)CO[*],[*]COC(=O)OCC(C)(C)NC(=O)C([*])CC,5.99e-05,-4.2225731776106885,0,-4.438564300537109
27423,CC(CCOC(=O)CC(C)OC(=O)*)O*,CC(CCOC(=O)CC(C)OC(=O)[*])O[*],[*]CCOC(=O)CC(C)OC(=O)OC([*])C,4.26e-05,-4.370590400897281,3,-4.322181701660156
27424,CC=C(C)C(=O)NC(CO*)COC(=O)*,CC=C(C)C(=O)NC(CO[*])COC(=O)[*],[*]COC(=O)OCC([*])NC(=O)C(C)=CC,3.56e-05,-4.448550002027125,1,-4.366757869720459
27425,C#CCOCC(COC(=O)*)O*,C#CCOCC(COC(=O)[*])O[*],[*]COC(=O)OC([*])COCC#C,5.1e-05,-4.292429823902063,3,-4.144878387451172
27426,CC(CSCCC(O*)C(C)C)OC(=O)*,CC(CSCCC(O[*])C(C)C)OC(=O)[*],[*]CSCCC(OC(=O)OC([*])C)C(C)C,2.76e-05,-4.559090917934783,3,-4.382584571838379
27427,CCCCCC(CO*)COC(=O)*,CCCCCC(CO[*])COC(=O)[*],[*]COC(=O)OCC([*])CCCCC,3.32e-05,-4.478861916295964,2,-4.315915584564209
27428,CC(CN*)CNC(=O)C(C)NC(=O)*,CC(CN[*])CNC(=O)C(C)NC(=O)[*],[*]CNC(=O)NC(C)C(=O)NCC([*])C,6.93e-05,-4.159266765388193,0,-4.20090389251709
27429,CC(CCNC(=O)C(C)(C)O*)OC(=O)*,CC(CCNC(=O)C(C)(C)O[*])OC(=O)[*],[*]CCNC(=O)C(C)(C)OC(=O)OC([*])C,2.86e-05,-4.543633966870957,2,-4.318105697631836
27430,CC(CCO*)SCCCCCOC(=O)*,CC(CCO[*])SCCCCCOC(=O)[*],[*]CCOC(=O)OCCCCCSC([*])C,0.00011,-3.958607314841775,2,-3.9934542179107666
27431,CCOCC(CN(C)CCCO*)OC(=O)*,CCOCC(CN(C)CCCO[*])OC(=O)[*],[*]CN(C)CCCOC(=O)OC([*])COCC,0.000121,-3.9172146296835497,0,-3.996236801147461
27432,CC(O*)C(=O)NC(COC(=O)*)C(C)C,CC(O[*])C(=O)NC(COC(=O)[*])C(C)C,[*]OC(=O)OCC(NC(=O)C([*])C)C(C)C,5.92e-05,-4.22767829327708,3,-4.3586344718933105
27433,CC(C)CCN(C)C(=O)C(COC(=O)*)N*,CC(C)CCN(C)C(=O)C(COC(=O)[*])N[*],[*]COC(=O)NC([*])C(=O)N(C)CCC(C)C,1.55e-05,-4.809668301829708,2,-4.40208101272583
27434,CCCOC(=O)N(CCO*)CCOC(=O)*,CCCOC(=O)N(CCO[*])CCOC(=O)[*],[*]CCOC(=O)OCCN([*])C(=O)OCCC,3.21e-05,-4.493494967595128,0,-4.216859817504883
27435,CC(CS(=O)(=O)C(C)C(C)OC(=O)*)O*,CC(CS(=O)(=O)C(C)C(C)OC(=O)[*])O[*],[*]CS(=O)(=O)C(C)C(C)OC(=O)OC([*])C,2.78e-05,-4.555955204081924,3,-4.412059307098389
27436,O=C(*)OCCC(O*)C(F)(F)F,O=C([*])OCCC(O[*])C(F)(F)F,[*]OCCC(OC([*])=O)C(F)(F)F,5.58e-05,-4.253365801062421,1,-4.483924865722656
27437,CCCCOCC(CNCCO*)OC(=O)*,CCCCOCC(CNCCO[*])OC(=O)[*],[*]CNCCOC(=O)OC([*])COCCCC,9.38e-05,-4.027797161620936,0,-4.009697437286377
27438,CC(C)C(C)(C#CC(C)(OC(=O)*)C(C)C)O*,CC(C)C(C)(C#CC(C)(OC(=O)[*])C(C)C)O[*],[*]C#CC(C)(OC(=O)OC([*])(C)C(C)C)C(C)C,1.15e-05,-4.939302159646388,1,-4.675032138824463
27439,CC(=O)CN(CCO*)CC(C)OC(=O)*,CC(=O)CN(CCO[*])CC(C)OC(=O)[*],[*]CCOC(=O)OC(C)CN([*])CC(C)=O,9.52e-05,-4.021363051615526,3,-4.1717424392700195
27440,CC(C)C(NC(=O)*)C(=O)NCCCCO*,CC(C)C(NC(=O)[*])C(=O)NCCCCO[*],[*]NC(=O)OCCCCNC(=O)C([*])C(C)C,5.7e-05,-4.2441251443275085,2,-4.333320617675781
27441,CC(OC(=O)*)C(=O)N(C)C(C)CO*,CC(OC(=O)[*])C(=O)N(C)C(C)CO[*],[*]OC(=O)OCC(C)N(C)C(=O)C([*])C,2.47e-05,-4.607303046740334,2,-4.481760025024414
27442,CC(OC(=O)*)C(=O)NC(CO*)C(C)(C)C,CC(OC(=O)[*])C(=O)NC(CO[*])C(C)(C)C,[*]OC(=O)OCC(NC(=O)C([*])C)C(C)(C)C,2.75e-05,-4.560667306169737,1,-4.539583206176758
27443,CC(C)(CCCC(C)(O*)C(=O)O)OC(=O)*,CC(C)(CCCC(C)(O[*])C(=O)O)OC(=O)[*],[*]CCCC(C)(OC(=O)OC([*])(C)C)C(=O)O,2.29e-05,-4.640164517660112,0,-4.577874183654785
27444,CC(C)C(CNC(=O)CCCN*)NC(=O)*,CC(C)C(CNC(=O)CCCN[*])NC(=O)[*],[*]CNC(=O)CCCNC(=O)NC([*])C(C)C,8.11e-05,-4.090979145788844,3,-4.24379301071167
27445,CC(C)C(C)(OC(=O)*)C(=O)NCCCO*,CC(C)C(C)(OC(=O)[*])C(=O)NCCCO[*],[*]OC(=O)OCCCNC(=O)C([*])(C)C(C)C,4.78e-05,-4.320572103387881,1,-4.357242107391357
27446,CC(NC(=O)*)C(=O)N(C)CC(C)(C)CN*,CC(NC(=O)[*])C(=O)N(C)CC(C)(C)CN[*],[*]NC(=O)NCC(C)(C)CN(C)C(=O)C([*])C,2.77e-05,-4.557520230935552,0,-4.527260780334473
27447,CC(C)(OC(=O)*)C(F)CCO*,CC(C)(OC(=O)[*])C(F)CCO[*],[*]OC(=O)OCCC(F)C([*])(C)C,1.31e-05,-4.882728704344236,2,-4.5292816162109375
27448,O=CC(=O)C=CC(COC(=O)*)O*,O=CC(=O)C=CC(COC(=O)[*])O[*],[*]COC(=O)OC([*])C=CC(=O)C=O,6.06e-05,-4.217527375833714,3,-4.244198799133301
27449,CC(O*)C(C=O)OC(=O)*,CC(O[*])C(C=O)OC(=O)[*],[*]OC(=O)OC(C=O)C([*])C,3.61e-05,-4.442492798094342,3,-4.212573051452637
27450,CC(C)C(N*)C(=O)N(C)CCCOC(=O)*,CC(C)C(N[*])C(=O)N(C)CCCOC(=O)[*],[*]NC(=O)OCCCN(C)C(=O)C([*])C(C)C,2.79e-05,-4.554395796726403,2,-4.309177875518799
27451,CC(C)C(OC(=O)*)C(C)N*,CC(C)C(OC(=O)[*])C(C)N[*],[*]OC(=O)NC(C)C([*])C(C)C,6.07e-05,-4.2168113089247425,3,-4.571511268615723
27452,CC(CNC(=O)*)NC(=O)C(N*)C(C)(C)C,CC(CNC(=O)[*])NC(=O)C(N[*])C(C)(C)C,[*]CNC(=O)NC(C(=O)NC([*])C)C(C)(C)C,5.51e-05,-4.258848401148215,1,-4.499871253967285
27453,CC(C)OCCNC(CN*)CNC(=O)*,CC(C)OCCNC(CN[*])CNC(=O)[*],[*]CNC(=O)NCC([*])NCCOC(C)C,0.000105,-3.9788107009300617,0,-4.055410385131836
27454,CCCN(CC(C)O*)CC(C)OC(=O)*,CCCN(CC(C)O[*])CC(C)OC(=O)[*],[*]CC(C)OC(=O)OC(C)CN([*])CCC,6.24e-05,-4.204815410317576,3,-4.359105587005615
27455,O=C(*)NCCC(CCN*)C(F)(F)F,O=C([*])NCCC(CCN[*])C(F)(F)F,[*]NCCC(CCNC([*])=O)C(F)(F)F,5.73e-05,-4.24184537803261,3,-4.301708221435547
27456,CC(OC(=O)*)C(C)SCCCCO*,CC(OC(=O)[*])C(C)SCCCCO[*],[*]OC(=O)OCCCCSC(C)C([*])C,9.01e-05,-4.045275209020937,2,-4.217042446136475
27457,CC(C=CC(C)OC(=O)*)O*,CC(C=CC(C)OC(=O)[*])O[*],[*]C=CC(C)OC(=O)OC([*])C,4.61e-05,-4.336299074610352,1,-4.404155731201172
27458,CC(O*)C(NC(=O)*)C(=O)OC(C)(C)C,CC(O[*])C(NC(=O)[*])C(=O)OC(C)(C)C,[*]OC(=O)NC(C(=O)OC(C)(C)C)C([*])C,1.52e-05,-4.818156412055227,0,-4.537286281585693
27459,O=C(*)NCCC(CCO*)C(F)(F)F,O=C([*])NCCC(CCO[*])C(F)(F)F,[*]NCCC(CCOC([*])=O)C(F)(F)F,5.14e-05,-4.289036881004725,3,-4.34909725189209
27460,CCC(CC)C(CNC(=O)*)N*,CCC(CC)C(CNC(=O)[*])N[*],[*]CNC(=O)NC([*])C(CC)CC,4.25e-05,-4.371611069949688,0,-4.542569160461426
27461,CCC(CO*)CC(CC)COC(=O)*,CCC(CO[*])CC(CC)COC(=O)[*],[*]COC(=O)OCC(CC)CC([*])CC,4.16e-05,-4.380906669373258,1,-4.508686542510986
27462,CC=CC(O*)C(C)(OC(=O)*)C(C)=O,CC=CC(O[*])C(C)(OC(=O)[*])C(C)=O,[*]OC(=O)OC(C)(C(C)=O)C([*])C=CC,3.64e-05,-4.438898616350944,2,-4.409425258636475
27463,CC(CN*)NC(=O)C(NC(=O)*)C(C)C,CC(CN[*])NC(=O)C(NC(=O)[*])C(C)C,[*]CNC(=O)NC(C(=O)NC([*])C)C(C)C,4.21e-05,-4.375717904164332,2,-4.416722297668457
27464,CC(C)C(CO*)C(NC(=O)*)C(C)C,CC(C)C(CO[*])C(NC(=O)[*])C(C)C,[*]COC(=O)NC(C(C)C)C([*])C(C)C,2.54e-05,-4.5951662833800615,1,-4.724815845489502
27465,COC(C)(C)OC(CCOC(=O)*)CO*,COC(C)(C)OC(CCOC(=O)[*])CO[*],[*]CCOC(=O)OCC([*])OC(C)(C)OC,7.25e-05,-4.139661993429006,3,-4.309882164001465
27466,CCC(C)C(CN*)COC(=O)*,CCC(C)C(CN[*])COC(=O)[*],[*]CNC(=O)OCC([*])C(C)CC,2.09e-05,-4.679853713888946,1,-4.621033191680908
27467,CC(CNC(=O)C(O*)C(C)C)COC(=O)*,CC(CNC(=O)C(O[*])C(C)C)COC(=O)[*],[*]CNC(=O)C(OC(=O)OCC([*])C)C(C)C,2.55e-05,-4.5934598195660445,0,-4.376467704772949
27468,CCCCN(CC(C)O*)CC(C)OC(=O)*,CCCCN(CC(C)O[*])CC(C)OC(=O)[*],[*]CC(C)OC(=O)OC(C)CN([*])CCCC,5.83e-05,-4.2343314452409855,1,-4.396295547485352
27469,CCCCCC(CCO*)OC(=O)*,CCCCCC(CCO[*])OC(=O)[*],[*]CCOC(=O)OC([*])CCCCC,7.18e-05,-4.1438755557577,0,-4.394064426422119
27470,CC(CCN*)CC(C)(C)CNC(=O)*,CC(CCN[*])CC(C)(C)CNC(=O)[*],[*]CCNC(=O)NCC(C)(C)CC([*])C,4.09e-05,-4.388276691992658,1,-4.405806541442871
27471,CC(C)(C)OCC(CN*)OC(=O)*,CC(C)(C)OCC(CN[*])OC(=O)[*],[*]CNC(=O)OC([*])COC(C)(C)C,6.73e-05,-4.171984935776023,0,-4.4820075035095215
27472,O=C(*)NCCC(CN*)C(F)(F)F,O=C([*])NCCC(CN[*])C(F)(F)F,[*]NCCC(CNC([*])=O)C(F)(F)F,5.24e-05,-4.280668713016273,1,-4.323176860809326
27473,CC(CCO*)SCC(C)(C)OC(=O)*,CC(CCO[*])SCC(C)(C)OC(=O)[*],[*]CCOC(=O)OC(C)(C)CSC([*])C,4.04e-05,-4.393618634889395,3,-4.2640380859375
27474,CCCC(OC(=O)*)C(CC)N*,CCCC(OC(=O)[*])C(CC)N[*],[*]OC(=O)NC(CC)C([*])CCC,2.48e-05,-4.605548319173784,0,-4.681037425994873
27475,O=C(*)OC(CCP(=O)(O)O)CO*,O=C([*])OC(CCP(=O)(O)O)CO[*],[*]OCC(CCP(=O)(O)O)OC([*])=O,5.52e-05,-4.2580609222708015,3,-4.258556365966797
27476,O=C(*)NCCCCCCCCCCCN*,O=C([*])NCCCCCCCCCCCN[*],[*]NCCCCCCCCCCCNC([*])=O,9.43e-05,-4.0254883072626715,2,-4.0890631675720215
27477,O=C(*)NCCNC(=O)C(CC(F)F)N*,O=C([*])NCCNC(=O)C(CC(F)F)N[*],[*]NCCNC(=O)C(CC(F)F)NC([*])=O,7.29e-05,-4.137272471682025,2,-4.341118335723877
27478,O=C(*)OC(F)(C(F)(F)F)C(F)(F)O*,O=C([*])OC(F)(C(F)(F)F)C(F)(F)O[*],[*]OC(F)(F)C(F)(OC([*])=O)C(F)(F)F,5.29e-05,-4.276544327964814,1,-5.070621490478516
27479,O=C(*)OCCN(CCCF)CCN*,O=C([*])OCCN(CCCF)CCN[*],[*]NCCN(CCCF)CCOC([*])=O,9.98e-05,-4.000869458712629,2,-4.003716468811035
27480,O=C(*)NCCN*,O=C([*])NCCN[*],[*]NCCNC([*])=O,7.49e-05,-4.125518182300533,2,-4.001797199249268
27481,O=C(*)NCCCNC(=O)NCC=CCO*,O=C([*])NCCCNC(=O)NCC=CCO[*],[*]NCC=CCOC(=O)NCCCNC([*])=O,7.47e-05,-4.126679398184601,1,-3.9577672481536865
27482,O=C(*)OC(C(O*)C(=O)O)C(F)(F)F,O=C([*])OC(C(O[*])C(=O)O)C(F)(F)F,[*]OC(C(=O)O)C(OC([*])=O)C(F)(F)F,2.86e-05,-4.543633966870957,0,-4.455059051513672
27483,O=C(*)OCC(CO*)NCCOCC(F)F,O=C([*])OCC(CO[*])NCCOCC(F)F,[*]OCC(COC([*])=O)NCCOCC(F)F,0.000139,-3.856985199745905,2,-4.00828218460083
27484,O=C(*)NC(CCC(N*)C(=O)O)C(=O)O,O=C([*])NC(CCC(N[*])C(=O)O)C(=O)O,[*]NC(CCC(NC([*])=O)C(=O)O)C(=O)O,5.92e-05,-4.22767829327708,1,-4.34071683883667
27485,O=C(*)NCCNC(=O)NCCCCCO*,O=C([*])NCCNC(=O)NCCCCCO[*],[*]NCCCCCOC(=O)NCCNC([*])=O,6.29e-05,-4.201349354554731,0,-3.8800148963928223
27486,O=C(*)NCC=CCCN*,O=C([*])NCC=CCCN[*],[*]NCC=CCCNC([*])=O,7.22e-05,-4.141462802430361,0,-4.001077651977539
27487,O=C(*)NCCC(=O)NCCCO*,O=C([*])NCCC(=O)NCCCO[*],[*]CCNC(=O)OCCCNC([*])=O,0.000129,-3.889410289700751,1,-4.177466869354248
27488,O=C(*)NCCCN*,O=C([*])NCCCN[*],[*]NCCCNC([*])=O,9.22e-05,-4.035269078946371,1,-4.085790634155273
27489,O=C(*)NCCCO*,O=C([*])NCCCO[*],[*]NCCCOC([*])=O,8.43e-05,-4.074172425375258,0,-3.9343767166137695
27492,O=C(*)NCCS(=O)(=S)OCCN*,O=C([*])NCCS(=O)(=S)OCCN[*],[*]NCCOS(=O)(=S)CCNC([*])=O,8.68e-05,-4.061480274823508,0,-4.335387229919434
27493,C#CCOCC(CNCCO*)OC(=O)*,C#CCOCC(CNCCO[*])OC(=O)[*],[*]CNCCOC(=O)OC([*])COCC#C,7.11e-05,-4.148130399270234,1,-3.8424723148345947
27494,CNCC(C)NC(=O)CC(CNC(=O)*)O*,CNCC(C)NC(=O)CC(CNC(=O)[*])O[*],[*]CNC(=O)OC([*])CC(=O)NC(C)CNC,5.06e-05,-4.295849483160201,2,-4.201742649078369
27495,CC(OC(=O)*)C(=O)OCC(C)(C)CO*,CC(OC(=O)[*])C(=O)OCC(C)(C)CO[*],[*]OC(=O)OCC(C)(C)COC(=O)C([*])C,3.72e-05,-4.429457060118103,1,-4.386926174163818
27496,CC(C)(NC(=O)*)C(=O)NCCN*,CC(C)(NC(=O)[*])C(=O)NCCN[*],[*]NC(=O)NCCNC(=O)C([*])(C)C,5.09e-05,-4.293282217663242,1,-4.210918426513672
27497,COC(=O)C(CCN*)CCNC(=O)*,COC(=O)C(CCN[*])CCNC(=O)[*],[*]CCNC(=O)NCCC([*])C(=O)OC,5.01e-05,-4.300162274132754,3,-4.19488000869751
27498,CCC(CO*)C(=O)N(C)CCOC(=O)*,CCC(CO[*])C(=O)N(C)CCOC(=O)[*],[*]COC(=O)OCCN(C)C(=O)C([*])CC,6.9e-05,-4.161150909262744,3,-4.3074631690979
27499,C=CCC(CNCC(C)OC(=O)*)CO*,C=CCC(CNCC(C)OC(=O)[*])CO[*],[*]CNCC(C)OC(=O)OCC([*])CC=C,6.34e-05,-4.1979107421182675,2,-4.193253040313721
27500,CC=C(NC=N)NCC(CO*)OC(=O)*,CC=C(NC=N)NCC(CO[*])OC(=O)[*],[*]COC(=O)OC([*])CNC(=CC)NC=N,4.14e-05,-4.382999658879101,3,-4.437406063079834
27501,CCC(C)NC(=O)C(CCN*)NC(=O)*,CCC(C)NC(=O)C(CCN[*])NC(=O)[*],[*]CCNC(=O)NC([*])C(=O)NC(C)CC,3.26e-05,-4.486782399932061,1,-4.2706379890441895
27502,CCC(C)C(COC(=O)*)NCC(C)(C)O*,CCC(C)C(COC(=O)[*])NCC(C)(C)O[*],[*]COC(=O)OC(C)(C)CNC([*])C(C)CC,3.44e-05,-4.46344155742847,2,-4.489987850189209
27503,C=CC(CNCCCCO*)OC(=O)*,C=CC(CNCCCCO[*])OC(=O)[*],[*]CNCCCCOC(=O)OC([*])C=C,0.000119,-3.9244530386074694,0,-4.072300910949707
27504,CC(C)C(C)(CN*)NCCOC(=O)*,CC(C)C(C)(CN[*])NCCOC(=O)[*],[*]CNC(=O)OCCNC([*])(C)C(C)C,3.5e-05,-4.455931955649724,2,-4.414938926696777
27505,CC(C)C(CNC(=O)CN*)NC(=O)*,CC(C)C(CNC(=O)CN[*])NC(=O)[*],[*]CNC(=O)CNC(=O)NC([*])C(C)C,4.51e-05,-4.345823458122039,2,-4.365459442138672
27506,CNCC(CN(C)C(=O)CNC(=O)*)O*,CNCC(CN(C)C(=O)CNC(=O)[*])O[*],[*]CN(C)C(=O)CNC(=O)OC([*])CNC,5.01e-05,-4.300162274132754,2,-4.184294700622559
27507,CC(C)(CNCCCC(C)(C)OC(=O)*)O*,CC(C)(CNCCCC(C)(C)OC(=O)[*])O[*],[*]CCCNCC(C)(C)OC(=O)OC([*])(C)C,3.43e-05,-4.464705879957229,2,-4.411404132843018
27508,CC(NCCCCOC(=O)*)C(C)O*,CC(NCCCCOC(=O)[*])C(C)O[*],[*]NCCCCOC(=O)OC(C)C([*])C,6.59e-05,-4.18111458540599,0,-4.362965106964111
27509,CCC(CC)C(COC(=O)*)N*,CCC(CC)C(COC(=O)[*])N[*],[*]COC(=O)NC([*])C(CC)CC,2.5e-05,-4.6020599913279625,3,-4.566136360168457
27510,CCC(O*)C(C)C(CC)OC(=O)*,CCC(O[*])C(C)C(CC)OC(=O)[*],[*]OC(=O)OC(CC)C(C)C([*])CC,1.63e-05,-4.787812395596042,3,-4.68361234664917
27511,CN(CCO*)CC(C)(C)NC(=O)*,CN(CCO[*])CC(C)(C)NC(=O)[*],[*]CCOC(=O)NC(C)(C)CN([*])C,6.07e-05,-4.2168113089247425,0,-4.237456798553467
27512,CC(CSCCO*)(OC(=O)*)C(F)F,CC(CSCCO[*])(OC(=O)[*])C(F)F,[*]CSCCOC(=O)OC([*])(C)C(F)F,7.45e-05,-4.127843727251707,2,-4.104104042053223
27513,O=C(*)OCCOCCOCCCN*,O=C([*])OCCOCCOCCCN[*],[*]NCCCOCCOCCOC([*])=O,0.000169,-3.7721132953863266,3,-3.4835009574890137
27514,C=C(C)CN(C)CC(CO*)OC(=O)*,C=C(C)CN(C)CC(CO[*])OC(=O)[*],[*]COC(=O)OC([*])CN(C)CC(=C)C,9.36e-05,-4.028724151261895,0,-4.300711631774902
27515,COC(=O)C(C)NC(=O)C(CN*)OC(=O)*,COC(=O)C(C)NC(=O)C(CN[*])OC(=O)[*],[*]CNC(=O)OC([*])C(=O)NC(C)C(=O)OC,5.14e-05,-4.289036881004725,0,-4.28024959564209
27516,NC(N)=NN=CC(CO*)OC(=O)*,NC(N)=NN=CC(CO[*])OC(=O)[*],[*]COC(=O)OC([*])C=NN=C(N)N,6.45e-05,-4.1904402853647325,1,-4.37578821182251
27517,CC(CONC(=O)CC(C)(C)NC(=O)*)N*,CC(CONC(=O)CC(C)(C)NC(=O)[*])N[*],[*]CONC(=O)CC(C)(C)NC(=O)NC([*])C,3.03e-05,-4.518557371497695,0,-4.297431945800781
27518,CCNCC(=O)NCC(CN*)OC(=O)*,CCNCC(=O)NCC(CN[*])OC(=O)[*],[*]CNC(=O)OC([*])CNC(=O)CNCC,0.000102,-3.9913998282380825,2,-4.164901256561279
27519,CCNC(=S)NC(COC(=O)*)C(C)O*,CCNC(=S)NC(COC(=O)[*])C(C)O[*],[*]COC(=O)OC(C)C([*])NC(=S)NCC,1.97e-05,-4.705533773838407,0,-4.359469413757324
27520,CCCCCC(CNCC(C)OC(=O)*)O*,CCCCCC(CNCC(C)OC(=O)[*])O[*],[*]CNCC(C)OC(=O)OC([*])CCCCC,5.62e-05,-4.250263684430939,2,-4.215425491333008
27521,CCC(C)(C#N)NC(=O)C(N*)C(C)OC(=O)*,CCC(C)(C#N)NC(=O)C(N[*])C(C)OC(=O)[*],[*]NC(=O)OC(C)C([*])C(=O)NC(C)(C#N)CC,4.36e-05,-4.360513510731414,3,-4.264273166656494
27522,CC(F)(F)CNCC(COC(=O)*)O*,CC(F)(F)CNCC(COC(=O)[*])O[*],[*]COC(=O)OC([*])CNCC(C)(F)F,7.46e-05,-4.127261172527331,0,-4.0201191902160645
27523,CC(C)CC(CO*)NC(=O)C(C)NC(=O)*,CC(C)CC(CO[*])NC(=O)C(C)NC(=O)[*],[*]COC(=O)NC(C)C(=O)NC([*])CC(C)C,4.37e-05,-4.359518563029578,2,-4.4720282554626465
27524,CCOC(=O)CN(CCN*)CCNC(=O)*,CCOC(=O)CN(CCN[*])CCNC(=O)[*],[*]CCNC(=O)NCCN([*])CC(=O)OCC,5.98e-05,-4.223298816011589,1,-4.133080005645752
27525,CCCCC(C)NCC(CNC(=O)*)O*,CCCCC(C)NCC(CNC(=O)[*])O[*],[*]CNC(=O)OC([*])CNC(C)CCCC,5.02e-05,-4.29929628285498,2,-4.362922668457031
27526,CCC(CN(C)CC(COC)OC(=O)*)N*,CCC(CN(C)CC(COC)OC(=O)[*])N[*],[*]CN(C)CC(COC)OC(=O)NC([*])CC,4.19e-05,-4.377785977033705,3,-4.2125468254089355
27527,CC(C)OC(=O)C(OC(=O)*)C(O*)C(=O)O,CC(C)OC(=O)C(OC(=O)[*])C(O[*])C(=O)O,[*]OC(=O)OC(C(=O)O)C([*])C(=O)OC(C)C,1.74e-05,-4.7594507517174005,0,-4.518767356872559
27528,C=CC(OC(=O)*)C(=O)N(C)C(C)CCO*,C=CC(OC(=O)[*])C(=O)N(C)C(C)CCO[*],[*]OC(=O)OCCC(C)N(C)C(=O)C([*])C=C,6.32e-05,-4.199282921717615,1,-4.4559197425842285
27529,C=C(COC(=O)*)C(=O)NC(CO*)C(C)C,C=C(COC(=O)[*])C(=O)NC(CO[*])C(C)C,[*]COC(=O)OCC(NC(=O)C([*])=C)C(C)C,4.11e-05,-4.386158178123931,1,-4.388600826263428
27530,CC(CCCO*)NC(=O)CCOC(=O)*,CC(CCCO[*])NC(=O)CCOC(=O)[*],[*]CCCOC(=O)OCCC(=O)NC([*])C,6.5e-05,-4.187086643357144,2,-4.137383460998535
27531,CCOCC(=O)NC(CO*)C(C)OC(=O)*,CCOCC(=O)NC(CO[*])C(C)OC(=O)[*],[*]COC(=O)OC(C)C([*])NC(=O)COCC,7.61e-05,-4.118615343229427,3,-4.153040885925293
27532,C=CC(CO*)NCC(C)OC(=O)*,C=CC(CO[*])NCC(C)OC(=O)[*],[*]COC(=O)OC(C)CNC([*])C=C,4.66e-05,-4.33161408331,3,-4.158605098724365
27533,CC(=CCNC(CO*)COC(=O)*)C(=O)O,CC(=CCNC(CO[*])COC(=O)[*])C(=O)O,[*]COC(=O)OCC([*])NCC=C(C)C(=O)O,4.84e-05,-4.315154638355588,2,-4.251413345336914
27534,O=C(*)NC(CCN*)C(=O)NCCCS,O=C([*])NC(CCN[*])C(=O)NCCCS,[*]NCCC(NC([*])=O)C(=O)NCCCS,6.03e-05,-4.219682687859849,1,-4.197683811187744
27535,O=C(*)OCCNC(=O)C(CC(F)F)N*,O=C([*])OCCNC(=O)C(CC(F)F)N[*],[*]NC(CC(F)F)C(=O)NCCOC([*])=O,4.73e-05,-4.325138859262188,0,-4.2743449211120605
27536,CC(COC(=O)*)CSC(C)C(C)O*,CC(COC(=O)[*])CSC(C)C(C)O[*],[*]COC(=O)OC(C)C(C)SCC([*])C,5.15e-05,-4.288192770958809,0,-4.32471227645874
27537,CC(CC#N)NCC(CO*)OC(=O)*,CC(CC#N)NCC(CO[*])OC(=O)[*],[*]COC(=O)OC([*])CNC(C)CC#N,0.000119,-3.9244530386074694,2,-4.071576118469238
27538,CC(C)(N*)C(=O)NCCCCNC(=O)*,CC(C)(N[*])C(=O)NCCCCNC(=O)[*],[*]NC(=O)NCCCCNC(=O)C([*])(C)C,7.48e-05,-4.126098402135539,2,-4.353440284729004
27539,CN(CCOC(=O)*)CC(C)(O*)C(F)F,CN(CCOC(=O)[*])CC(C)(O[*])C(F)F,[*]CCOC(=O)OC(C)(CN([*])C)C(F)F,0.000102,-3.9913998282380825,2,-4.353444576263428
27540,C=CC(C)(O*)C(=O)NCCOC(=O)*,C=CC(C)(O[*])C(=O)NCCOC(=O)[*],[*]OC(=O)OCCNC(=O)C([*])(C)C=C,3.56e-05,-4.448550002027125,0,-4.170910835266113
27541,CC(CNC(=O)*)(N*)C(F)(F)F,CC(CNC(=O)[*])(N[*])C(F)(F)F,[*]CNC(=O)NC([*])(C)C(F)(F)F,3.7e-05,-4.431798275933005,1,-4.488302707672119
27542,O=C(*)OCCCCCCSCCCO*,O=C([*])OCCCCCCSCCCO[*],[*]OCCCCCCSCCCOC([*])=O,0.000209,-3.6798537138889458,0,-4.021915435791016
27543,CC(CO*)NC(=O)*,CC(CO[*])NC(=O)[*],[*]COC(=O)NC([*])C,2.12e-05,-4.673664139071248,1,-4.256287097930908
27544,CC(=O)CNCC(COC(=O)*)O*,CC(=O)CNCC(COC(=O)[*])O[*],[*]COC(=O)OC([*])CNCC(C)=O,7.62e-05,-4.1180450286604,1,-4.146810531616211
27545,CC(NC(=O)*)C(=O)NC(CO*)CC(F)F,CC(NC(=O)[*])C(=O)NC(CO[*])CC(F)F,[*]NC(=O)OCC(CC(F)F)NC(=O)C([*])C,3.19e-05,-4.496209316942819,2,-4.274252414703369
27546,O=C(*)OCC(O)=C(O)C(O)=C(O)CO*,O=C([*])OCC(O)=C(O)C(O)=C(O)CO[*],[*]OCC(O)=C(O)C(O)=C(O)COC([*])=O,6.75e-05,-4.170696227168975,3,-4.823877334594727
27547,CCCCNCC(CC(C)(C)OC(=O)*)O*,CCCCNCC(CC(C)(C)OC(=O)[*])O[*],[*]CC(C)(C)OC(=O)OC([*])CNCCCC,6.43e-05,-4.191789027075778,3,-4.365790843963623
27548,CC(C)(C)C(O*)C(=O)OCCCOC(=O)*,CC(C)(C)C(O[*])C(=O)OCCCOC(=O)[*],[*]OC(=O)OCCCOC(=O)C([*])C(C)(C)C,4.66e-05,-4.33161408331,0,-4.487512111663818
27549,CCN(CCO*)C(=O)C(C)NC(=O)*,CCN(CCO[*])C(=O)C(C)NC(=O)[*],[*]CCOC(=O)NC(C)C(=O)N([*])CC,6.45e-05,-4.1904402853647325,3,-4.45690393447876
27550,CC(CNC(=O)*)C(=O)N(C)CCN*,CC(CNC(=O)[*])C(=O)N(C)CCN[*],[*]CNC(=O)NCCN(C)C(=O)C([*])C,3.57e-05,-4.447331783887806,2,-4.386021137237549
27551,CCN(CCOC(=O)*)C(=O)C(C)(C)O*,CCN(CCOC(=O)[*])C(=O)C(C)(C)O[*],[*]CCOC(=O)OC(C)(C)C(=O)N([*])CC,4.37e-05,-4.359518563029578,2,-4.399422645568848
27552,CCCC(C)(CNC(C)C(C)O*)OC(=O)*,CCCC(C)(CNC(C)C(C)O[*])OC(=O)[*],[*]CNC(C)C(C)OC(=O)OC([*])(C)CCC,4.25e-05,-4.371611069949688,3,-4.409048557281494
27553,C[Si](C)(C)CNC(=O)C(CN*)NC(=O)*,C[Si](C)(C)CNC(=O)C(CN[*])NC(=O)[*],[*]CNC(=O)NC([*])C(=O)NC[Si](C)(C)C,5.05e-05,-4.296708621881338,3,-4.323739528656006
27554,CC(CONC(=O)C(C)CNC(=O)*)N*,CC(CONC(=O)C(C)CNC(=O)[*])N[*],[*]CONC(=O)C(C)CNC(=O)NC([*])C,5.11e-05,-4.291579099865287,3,-4.217158317565918
27555,O=C(*)NCCC(O*)C(=O)O,O=C([*])NCCC(O[*])C(=O)O,[*]NCCC(OC([*])=O)C(=O)O,4.79e-05,-4.319664486585437,0,-4.371774673461914
27556,C#CCNC(=O)C(N*)C(C)(C)OC(=O)*,C#CCNC(=O)C(N[*])C(C)(C)OC(=O)[*],[*]NC(=O)OC(C)(C)C([*])C(=O)NCC#C,2.26e-05,-4.645891560852599,1,-4.247763633728027
27557,CCCN(CCOCCO*)CCOC(=O)*,CCCN(CCOCCO[*])CCOC(=O)[*],[*]CCOCCOC(=O)OCCN([*])CCC,0.000132,-3.87942606879415,0,-3.6159579753875732
27558,COC(=O)C(C)(C)NCC(CO*)OC(=O)*,COC(=O)C(C)(C)NCC(CO[*])OC(=O)[*],[*]COC(=O)OC([*])CNC(C)(C)C(=O)OC,5.02e-05,-4.29929628285498,3,-4.343351364135742
27559,CCCC(CC(=O)OCCOC(=O)*)O*,CCCC(CC(=O)OCCOC(=O)[*])O[*],[*]CC(=O)OCCOC(=O)OC([*])CCC,5.42e-05,-4.266000713461613,0,-4.273217678070068
27560,CC(C)OCC(N*)C(=O)NCCNC(=O)*,CC(C)OCC(N[*])C(=O)NCCNC(=O)[*],[*]NC(=O)NCCNC(=O)C([*])COC(C)C,0.000132,-3.87942606879415,2,-4.1497297286987305
27561,CC(CN(N)CC(C)OC(=O)*)O*,CC(CN(N)CC(C)OC(=O)[*])O[*],[*]CN(N)CC(C)OC(=O)OC([*])C,0.000121,-3.9172146296835497,1,-4.192885875701904
27562,C=CC(=O)N(C)CC(C)(CO*)COC(=O)*,C=CC(=O)N(C)CC(C)(CO[*])COC(=O)[*],[*]COC(=O)OCC([*])(C)CN(C)C(=O)C=C,4.87e-05,-4.3124710387853655,2,-4.5391459465026855
27563,CCC(CC)(COC(=O)*)N*,CCC(CC)(COC(=O)[*])N[*],[*]COC(=O)NC([*])(CC)CC,4.28e-05,-4.368556230986828,2,-4.651759147644043
27564,CSCC(CN(C)CCCN*)OC(=O)*,CSCC(CN(C)CCCN[*])OC(=O)[*],[*]CN(C)CCCNC(=O)OC([*])CSC,5.61e-05,-4.251037138743839,0,-4.245678901672363
27565,O=C(*)OCCCCCCCCCO*,O=C([*])OCCCCCCCCCO[*],[*]OCCCCCCCCCOC([*])=O,0.000121,-3.9172146296835497,2,-3.9813385009765625
27566,CCC(CCNC(=O)C(CC)N*)OC(=O)*,CCC(CCNC(=O)C(CC)N[*])OC(=O)[*],[*]CCNC(=O)C(CC)NC(=O)OC([*])CC,3.12e-05,-4.505845405981558,3,-4.264954566955566
27567,CNCCCN(C)C(=O)C(CO*)NC(=O)*,CNCCCN(C)C(=O)C(CO[*])NC(=O)[*],[*]COC(=O)NC([*])C(=O)N(C)CCCNC,5.18e-05,-4.285670240254767,3,-4.347987651824951
27568,CN(CCOCCOC(=O)*)CC(C)(C)N*,CN(CCOCCOC(=O)[*])CC(C)(C)N[*],[*]CCOCCOC(=O)NC(C)(C)CN([*])C,0.000157,-3.8041003475907664,2,-4.10150671005249
27569,C=CCCC(CN*)OC(=O)*,C=CCCC(CN[*])OC(=O)[*],[*]CNC(=O)OC([*])CCC=C,5.78e-05,-4.2380721615794705,3,-4.225035190582275
27570,CC(CF)NCC(CC(C)(C)O*)OC(=O)*,CC(CF)NCC(CC(C)(C)O[*])OC(=O)[*],[*]CC(C)(C)OC(=O)OC([*])CNC(C)CF,5.74e-05,-4.241088107602026,2,-4.491389751434326
27571,CCC(C)N(CCN*)CCOC(=O)*,CCC(C)N(CCN[*])CCOC(=O)[*],[*]CCNC(=O)OCCN([*])C(C)CC,9.26e-05,-4.033389013318065,3,-4.219549655914307
27572,CCC(CNC(=O)CCOC(=O)*)O*,CCC(CNC(=O)CCOC(=O)[*])O[*],[*]CNC(=O)CCOC(=O)OC([*])CC,5.49e-05,-4.260427655549908,1,-4.1527581214904785
27573,CCCC(CC(=O)NCCOC(=O)*)O*,CCCC(CC(=O)NCCOC(=O)[*])O[*],[*]CC(=O)NCCOC(=O)OC([*])CCC,7.62e-05,-4.1180450286604,2,-4.281179904937744
27574,CC(CCCNC(=O)CCOC(=O)*)CO*,CC(CCCNC(=O)CCOC(=O)[*])CO[*],[*]CCCNC(=O)CCOC(=O)OCC([*])C,6.65e-05,-4.1771783546968955,0,-4.16830587387085
27575,CC(CCOC(=O)*)NC(C)C(C)(C)CO*,CC(CCOC(=O)[*])NC(C)C(C)(C)CO[*],[*]CCOC(=O)OCC(C)(C)C(C)NC([*])C,2.78e-05,-4.555955204081924,1,-4.433383941650391
27576,CC(CC(=O)NC(C)CCO*)NC(=O)*,CC(CC(=O)NC(C)CCO[*])NC(=O)[*],[*]CCOC(=O)NC(C)CC(=O)NC([*])C,6.66e-05,-4.176525770829699,0,-4.237087726593018
27577,CCCCN(CCCNC(=O)*)CCO*,CCCCN(CCCNC(=O)[*])CCO[*],[*]CCCNC(=O)OCCN([*])CCCC,7.69e-05,-4.114073660198569,0,-3.9728991985321045
27578,CC(CCO*)N(C)CCCCCOC(=O)*,CC(CCO[*])N(C)CCCCCOC(=O)[*],[*]CCOC(=O)OCCCCCN(C)C([*])C,9.56e-05,-4.0195421077238995,2,-3.966071128845215
27579,CCC(CC)(CNC(=O)CCNC(=O)*)N*,CCC(CC)(CNC(=O)CCNC(=O)[*])N[*],[*]CNC(=O)CCNC(=O)NC([*])(CC)CC,5.29e-05,-4.276544327964814,1,-4.4014506340026855
27580,C=CC(C)(CNCC(C)CO*)OC(=O)*,C=CC(C)(CNCC(C)CO[*])OC(=O)[*],[*]CNCC(C)COC(=O)OC([*])(C)C=C,4.68e-05,-4.329754146925876,1,-4.282750129699707
27581,COCCC(COC(=O)*)N*,COCCC(COC(=O)[*])N[*],[*]COC(=O)NC([*])CCOC,6.35e-05,-4.197226274708024,2,-4.198785781860352
27582,CCCCN(C)C(=O)C(COC(=O)*)N*,CCCCN(C)C(=O)C(COC(=O)[*])N[*],[*]COC(=O)NC([*])C(=O)N(C)CCCC,4.58e-05,-4.33913452199613,3,-4.4934210777282715
27583,CC(C)CC(CNC(=O)CCO*)OC(=O)*,CC(C)CC(CNC(=O)CCO[*])OC(=O)[*],[*]CNC(=O)CCOC(=O)OC([*])CC(C)C,4.73e-05,-4.325138859262188,0,-4.303021430969238
27584,CC(CNC(=O)*)C(=O)NCCC(C)(C)N*,CC(CNC(=O)[*])C(=O)NCCC(C)(C)N[*],[*]CNC(=O)NC(C)(C)CCNC(=O)C([*])C,2.57e-05,-4.590066876668706,3,-4.451103210449219
27585,C=CC(CO*)NCC(OC(=O)*)C(C)(C)C,C=CC(CO[*])NCC(OC(=O)[*])C(C)(C)C,[*]COC(=O)OC(CNC([*])C=C)C(C)(C)C,3.87e-05,-4.412289034981089,3,-4.392014503479004
27586,CC(CN(C)CCCNC(=O)*)N*,CC(CN(C)CCCNC(=O)[*])N[*],[*]CN(C)CCCNC(=O)NC([*])C,9.46e-05,-4.024108863598207,2,-4.15019416809082
27587,*[Si](CCC1OC(=O)OC1)(CCC1OC(=O)OC1)CCC*,[*][Si](CCC1OC(=O)OC1)(CCC1OC(=O)OC1)CCC[*],[*]CCC[Si]([*])(CCC1COC(=O)O1)CCC1COC(=O)O1,1.02e-05,-4.991399828238082,2,-4.421964168548584
27588,COC(=O)C(C)NC(=O)C(CN*)OC(=O)*,COC(=O)C(C)NC(=O)C(CN[*])OC(=O)[*],[*]CNC(=O)OC([*])C(=O)NC(C)C(=O)OC,2.04e-05,-4.690369832574101,0,-4.28024959564209
27589,NC(N)=NN=CC(CO*)OC(=O)*,NC(N)=NN=CC(CO[*])OC(=O)[*],[*]COC(=O)OC([*])C=NN=C(N)N,1.85e-05,-4.732828271596986,1,-4.37578821182251
27590,CC(NC(=O)*)C(=O)NC(CO*)CC(F)F,CC(NC(=O)[*])C(=O)NC(CO[*])CC(F)F,[*]NC(=O)OCC(CC(F)F)NC(=O)C([*])C,1.24e-05,-4.906578314837765,2,-4.274252414703369
27591,CCNC(=S)NC(COC(=O)*)C(C)O*,CCNC(=S)NC(COC(=O)[*])C(C)O[*],[*]COC(=O)OC(C)C([*])NC(=S)NCC,1.09e-05,-4.962573502059376,0,-4.359469413757324
27592,CCOCC(=O)NC(CO*)C(C)OC(=O)*,CCOCC(=O)NC(CO[*])C(C)OC(=O)[*],[*]COC(=O)OC(C)C([*])NC(=O)COCC,2.75e-05,-4.560667306169737,3,-4.153040885925293
27593,CC(F)(F)CNCC(COC(=O)*)O*,CC(F)(F)CNCC(COC(=O)[*])O[*],[*]COC(=O)OC([*])CNCC(C)(F)F,1.77e-05,-4.752026733638194,0,-4.0201191902160645
27594,CN(CCOC(=O)*)CC(C)(O*)C(F)F,CN(CCOC(=O)[*])CC(C)(O[*])C(F)F,[*]CCOC(=O)OC(C)(CN([*])C)C(F)F,1.49e-05,-4.826813731587726,2,-4.353444576263428
27595,*OC(=O)OCCOCC*,[*]OC(=O)OCCOCC[*],[*]OCCOCCOC([*])=O,0.000107,-3.9706162223147903,1,-4.001847743988037
27596,COC(=O)C(C)(C)NCC(CO*)OC(=O)*,COC(=O)C(C)(C)NCC(CO[*])OC(=O)[*],[*]COC(=O)OC([*])CNC(C)(C)C(=O)OC,2.29e-05,-4.640164517660112,3,-4.343351364135742
27597,CC(=O)CNCC(COC(=O)*)O*,CC(=O)CNCC(COC(=O)[*])O[*],[*]COC(=O)OC([*])CNCC(C)=O,2.95e-05,-4.530177984021837,1,-4.146810531616211
27598,*OC(=O)OCCCC*,[*]OC(=O)OCCCC[*],[*]OCCCCOC([*])=O,7.03e-05,-4.153044674980176,3,-4.0347981452941895
27599,C=CC(C)(O*)C(=O)NCCOC(=O)*,C=CC(C)(O[*])C(=O)NCCOC(=O)[*],[*]OC(=O)OCCNC(=O)C([*])(C)C=C,1.92e-05,-4.716698771296451,0,-4.170910835266113
27600,*OC(=O)OC(CC1=CC=CC=C1)C*,[*]OC(=O)OC(CC1=CC=CC=C1)C[*],[*]OCC(Cc1ccccc1)OC([*])=O,9.01e-06,-5.045275209020937,0,-4.78672981262207
27601,*C1N(C(=O)C)C(=O)N(C(=O)C)C1*,[*]C1N(C(=O)C)C(=O)N(C(=O)C)C1[*],[*]C1C([*])N(C(C)=O)C(=O)N1C(C)=O,7.75e-06,-5.110698297493689,0,-4.651515007019043
27602,O=C(*)OCC(O)=C(O)C(O)=C(O)CO*,O=C([*])OCC(O)=C(O)C(O)=C(O)CO[*],[*]OCC(O)=C(O)C(O)=C(O)COC([*])=O,1.85e-05,-4.732828271596986,3,-4.823877334594727
27603,*OC(=O)OCCOCCOCCOCC*,[*]OC(=O)OCCOCCOCCOCC[*],[*]OCCOCCOCCOCCOC([*])=O,0.000176,-3.75448733218585,3,-3.5249667167663574
27604,CCC(C)(C#N)NC(=O)C(N*)C(C)OC(=O)*,CCC(C)(C#N)NC(=O)C(N[*])C(C)OC(=O)[*],[*]NC(=O)OC(C)C([*])C(=O)NC(C)(C#N)CC,1.42e-05,-4.847711655616943,3,-4.264273166656494
27605,CNCC(C)NC(=O)CC(CNC(=O)*)O*,CNCC(C)NC(=O)CC(CNC(=O)[*])O[*],[*]CNC(=O)OC([*])CC(=O)NC(C)CNC,2.98e-05,-4.525783735923745,2,-4.201742649078369
27606,C=CC(C)(CNCC(C)CO*)OC(=O)*,C=CC(C)(CNCC(C)CO[*])OC(=O)[*],[*]CNCC(C)COC(=O)OC([*])(C)C=C,1.41e-05,-4.85078088734462,1,-4.282750129699707
27607,CC(OC(=O)*)C(=O)OCC(C)(C)CO*,CC(OC(=O)[*])C(=O)OCC(C)(C)CO[*],[*]OC(=O)OCC(C)(C)COC(=O)C([*])C,7.29e-06,-5.137272471682025,1,-4.386926174163818
27608,C[Si](C)(C)CNC(=O)C(CN*)NC(=O)*,C[Si](C)(C)CNC(=O)C(CN[*])NC(=O)[*],[*]CNC(=O)NC([*])C(=O)NC[Si](C)(C)C,1.39e-05,-4.856985199745905,3,-4.323739528656006
27609,CCCC(CC(=O)OCCOC(=O)*)O*,CCCC(CC(=O)OCCOC(=O)[*])O[*],[*]CC(=O)OCCOC(=O)OC([*])CCC,1.58e-05,-4.801342913045577,0,-4.273217678070068
27610,*OC(=O)OCCCCCCCC*,[*]OC(=O)OCCCCCCCC[*],[*]OCCCCCCCCOC([*])=O,5.15e-05,-4.288192770958809,1,-4.1347270011901855
27611,CC(CN(N)CC(C)OC(=O)*)O*,CC(CN(N)CC(C)OC(=O)[*])O[*],[*]CN(N)CC(C)OC(=O)OC([*])C,6.06e-05,-4.217527375833714,1,-4.192885875701904
27612,C#CCOCC(CNCCO*)OC(=O)*,C#CCOCC(CNCCO[*])OC(=O)[*],[*]CNCCOC(=O)OC([*])COCC#C,3.99e-05,-4.399027104313252,1,-3.8424723148345947
27613,CCC(CCNC(=O)C(CC)N*)OC(=O)*,CCC(CCNC(=O)C(CC)N[*])OC(=O)[*],[*]CCNC(=O)C(CC)NC(=O)OC([*])CC,1.26e-05,-4.8996294548824375,3,-4.264954566955566
27614,CC(CNC(=O)*)(N*)C(F)(F)F,CC(CNC(=O)[*])(N[*])C(F)(F)F,[*]CNC(=O)NC([*])(C)C(F)(F)F,2.16e-05,-4.665546248849069,1,-4.488302707672119
27615,CC(=CCNC(CO*)COC(=O)*)C(=O)O,CC(=CCNC(CO[*])COC(=O)[*])C(=O)O,[*]COC(=O)OCC([*])NCC=C(C)C(=O)O,1.09e-05,-4.962573502059376,2,-4.251413345336914
27616,O=C(*)NCCS(=O)(=S)OCCN*,O=C([*])NCCS(=O)(=S)OCCN[*],[*]NCCOS(=O)(=S)CCNC([*])=O,1.66e-05,-4.779891911959945,0,-4.335387229919434
27617,*[Si](C)(CCC1OC(=O)OC1)CCC*,[*][Si](C)(CCC1OC(=O)OC1)CCC[*],[*]CCC[Si]([*])(C)CCC1COC(=O)O1,3.8e-05,-4.42021640338319,1,-4.938814163208008
27618,CCCC(CC(=O)NCCOC(=O)*)O*,CCCC(CC(=O)NCCOC(=O)[*])O[*],[*]CC(=O)NCCOC(=O)OC([*])CCC,2.03e-05,-4.692503962086787,2,-4.281179904937744
27619,CC(CSCCO*)(OC(=O)*)C(F)F,CC(CSCCO[*])(OC(=O)[*])C(F)F,[*]CSCCOC(=O)OC([*])(C)C(F)F,3.39e-05,-4.4698003017969175,2,-4.104104042053223
27620,CCC(CC)C(COC(=O)*)N*,CCC(CC)C(COC(=O)[*])N[*],[*]COC(=O)NC([*])C(CC)CC,1.06e-05,-4.97469413473523,3,-4.566136360168457
27621,CC(C)C(C)(CN*)NCCOC(=O)*,CC(C)C(C)(CN[*])NCCOC(=O)[*],[*]CNC(=O)OCCNC([*])(C)C(C)C,1.08e-05,-4.966576244513051,2,-4.414938926696777
27622,*OC(C1=O)=C(C1=O)OC1=C(OCC)C=C(C(OCC)=C1)*,[*]OC(C1=O)=C(C1=O)OC1=C(OCC)C=C(C(OCC)=C1)[*],[*]Oc1c(Oc2cc(OCC)c([*])cc2OCC)c(=O)c1=O,2.48e-06,-5.605548319173784,2,-4.951953887939453
27623,CCNCC(=O)NCC(CN*)OC(=O)*,CCNCC(=O)NCC(CN[*])OC(=O)[*],[*]CNC(=O)OC([*])CNC(=O)CNCC,2.6e-05,-4.585026652029182,2,-4.164901256561279
27624,*OCC*,[*]OCC[*],[*]COC[*],0.00108,-2.96657624451305,1,-3.780329465866089
27625,CC(COC(=O)*)CSC(C)C(C)O*,CC(COC(=O)[*])CSC(C)C(C)O[*],[*]COC(=O)OC(C)C(C)SCC([*])C,1.82e-05,-4.739928612014925,0,-4.32471227645874
27626,O=C(*)OCCNC(=O)C(CC(F)F)N*,O=C([*])OCCNC(=O)C(CC(F)F)N[*],[*]NC(CC(F)F)C(=O)NCCOC([*])=O,1.21e-05,-4.91721462968355,0,-4.2743449211120605
27627,CCC(C)N(CCN*)CCOC(=O)*,CCC(C)N(CCN[*])CCOC(=O)[*],[*]CCNC(=O)OCCN([*])C(C)CC,2.39e-05,-4.621602099051862,3,-4.219549655914307
27628,*CCOCCOCCOCCOCC*,[*]CCOCCOCCOCCOCC[*],[*]CCOCCOCCOCCOCC[*],0.000807,-3.09312646527793,3,-3.2409398555755615
27629,*OC(=O)OCCOCCOCC*,[*]OC(=O)OCCOCCOCC[*],[*]OCCOCCOCCOC([*])=O,8.86e-05,-4.052566278112949,2,-3.681589126586914
27630,C#CCNC(=O)C(N*)C(C)(C)OC(=O)*,C#CCNC(=O)C(N[*])C(C)(C)OC(=O)[*],[*]NC(=O)OC(C)(C)C([*])C(=O)NCC#C,1.18e-05,-4.928117992693875,1,-4.247763633728027
27631,CC(CO*)NC(=O)*,CC(CO[*])NC(=O)[*],[*]COC(=O)NC([*])C,9.84e-06,-5.007004901568658,1,-4.256287097930908
27632,C=CC(=O)N(C)CC(C)(CO*)COC(=O)*,C=CC(=O)N(C)CC(C)(CO[*])COC(=O)[*],[*]COC(=O)OCC([*])(C)CN(C)C(=O)C=C,8.78e-06,-5.056505484093897,2,-4.5391459465026855
27633,O=C(*)NCCC(O*)C(=O)O,O=C([*])NCCC(O[*])C(=O)O,[*]NCCC(OC([*])=O)C(=O)O,1.39e-05,-4.856985199745905,0,-4.371774673461914
27634,*CC(C)O*,[*]CC(C)O[*],[*]CC(C)O[*],0.000295,-3.530177984021837,1,-4.142598628997803
27635,CC(CC#N)NCC(CO*)OC(=O)*,CC(CC#N)NCC(CO[*])OC(=O)[*],[*]COC(=O)OC([*])CNC(C)CC#N,4.35e-05,-4.361510743045363,2,-4.071576118469238
27636,*OC(=O)OCC(OC)(OC)C*,[*]OC(=O)OCC(OC)(OC)C[*],[*]COC(=O)OCC([*])(OC)OC,1.7e-05,-4.769551078621726,2,-4.580548286437988
27637,CC(C)CC(CO*)NC(=O)C(C)NC(=O)*,CC(C)CC(CO[*])NC(=O)C(C)NC(=O)[*],[*]COC(=O)NC(C)C(=O)NC([*])CC(C)C,1.3e-05,-4.886056647693163,2,-4.4720282554626465
27638,*OS(=O)OCCCC*,[*]OS(=O)OCCCC[*],[*]OCCCCOS([*])=O,0.000156,-3.8068754016455384,0,-4.029342174530029
27639,CCC(COC(=O)*)C(=O)NCC(CF)O*,CCC(COC(=O)[*])C(=O)NCC(CF)O[*],[*]COC(=O)OC(CF)CNC(=O)C([*])CC,1.47e-05,-4.8326826652518236,1,-4.295711994171143
27640,CCCCCC(CNCC(C)OC(=O)*)O*,CCCCCC(CNCC(C)OC(=O)[*])O[*],[*]CNCC(C)OC(=O)OC([*])CCCCC,2.17e-05,-4.663540266151471,2,-4.215425491333008
27641,*OC(=O)OCCC*,[*]OC(=O)OCCC[*],[*]OCCCOC([*])=O,4.65e-05,-4.3325470471100465,2,-3.647829532623291
27642,CCC(O*)C(C)C(CC)OC(=O)*,CCC(O[*])C(C)C(CC)OC(=O)[*],[*]OC(=O)OC(CC)C(C)C([*])CC,1.49e-05,-4.826813731587726,3,-4.68361234664917
27643,CC(C)(C)C(O*)C(=O)OCCCOC(=O)*,CC(C)(C)C(O[*])C(=O)OCCCOC(=O)[*],[*]OC(=O)OCCCOC(=O)C([*])C(C)(C)C,1.16e-05,-4.935542010773082,0,-4.487512111663818
27644,CCC(CO*)C(=O)N(C)CCOC(=O)*,CCC(CO[*])C(=O)N(C)CCOC(=O)[*],[*]COC(=O)OCCN(C)C(=O)C([*])CC,1.08e-05,-4.966576244513051,3,-4.3074631690979
27645,*OC(=O)OC(C)C*,[*]OC(=O)OC(C)C[*],[*]COC(=O)OC([*])C,1.38e-05,-4.860120913598763,3,-4.123621463775635
27646,CC(CCCO*)NC(=O)CCOC(=O)*,CC(CCCO[*])NC(=O)CCOC(=O)[*],[*]CCCOC(=O)OCCC(=O)NC([*])C,1.71e-05,-4.767003889607846,2,-4.137383460998535
27647,*OC(=O)OCCOCC*,[*]OC(=O)OCCOCC[*],[*]OCCOCCOC([*])=O,0.000124,-3.906578314837765,1,-4.001847743988037
27648,O=C(*)NC(CCN*)C(=O)NCCCS,O=C([*])NC(CCN[*])C(=O)NCCCS,[*]NCCC(NC([*])=O)C(=O)NCCCS,1.81e-05,-4.7423214251308154,1,-4.197683811187744
27649,CCCN(CCOCCO*)CCOC(=O)*,CCCN(CCOCCO[*])CCOC(=O)[*],[*]CCOCCOC(=O)OCCN([*])CCC,7.2e-05,-4.142667503568732,0,-3.6159579753875732
27650,C=C(C)C(=O)OCC(COC(=O)*)O*,C=C(C)C(=O)OCC(COC(=O)[*])O[*],[*]COC(=O)OC([*])COC(=O)C(=C)C,6.87e-06,-5.16304326294045,1,-4.377202987670898
27651,*OC(=O)OC(CC)C*,[*]OC(=O)OC(CC)C[*],[*]COC(=O)OC([*])CC,1.85e-05,-4.732828271596986,3,-4.386899948120117
27652,*CCCCOCCOCCOCCOCC*,[*]CCCCOCCOCCOCCOCC[*],[*]CCCOCCOCCOCCOCCC[*],0.00037,-3.431798275933005,2,-3.1900863647460938
27653,CNCC(CN(C)C(=O)CNC(=O)*)O*,CNCC(CN(C)C(=O)CNC(=O)[*])O[*],[*]CN(C)C(=O)CNC(=O)OC([*])CNC,9.74e-06,-5.011441043121384,2,-4.184294700622559
27654,C=C(COC(=O)*)C(=O)NC(CO*)C(C)C,C=C(COC(=O)[*])C(=O)NC(CO[*])C(C)C,[*]COC(=O)OCC(NC(=O)C([*])=C)C(C)C,1.58e-05,-4.801342913045577,1,-4.388600826263428
27655,CCN(CCOC(=O)*)C(=O)C(C)(C)O*,CCN(CCOC(=O)[*])C(=O)C(C)(C)O[*],[*]CCOC(=O)OC(C)(C)C(=O)N([*])CC,5.71e-06,-5.243363891754152,2,-4.399422645568848
27656,CC(CONC(=O)C(C)CNC(=O)*)N*,CC(CONC(=O)C(C)CNC(=O)[*])N[*],[*]CONC(=O)C(C)CNC(=O)NC([*])C,1.74e-05,-4.7594507517174005,3,-4.217158317565918
27657,*C(=O)COCC(=O)OC(C)CO*,[*]C(=O)COCC(=O)OC(C)CO[*],[*]COC(=O)COCC(=O)OC([*])C,2.9e-05,-4.5376020021010435,0,-3.961015462875366
27658,CC(CCCNC(=O)CCOC(=O)*)CO*,CC(CCCNC(=O)CCOC(=O)[*])CO[*],[*]CCCNC(=O)CCOC(=O)OCC([*])C,2.43e-05,-4.614393726401688,0,-4.16830587387085
27659,C=CC(OC(=O)*)C(=O)N(C)C(C)CCO*,C=CC(OC(=O)[*])C(=O)N(C)C(C)CCO[*],[*]OC(=O)OCCC(C)N(C)C(=O)C([*])C=C,6.01e-06,-5.221125527997261,1,-4.4559197425842285
27660,C=CC(CO*)NCC(C)OC(=O)*,C=CC(CO[*])NCC(C)OC(=O)[*],[*]COC(=O)OC(C)CNC([*])C=C,3.38e-05,-4.471083299722345,3,-4.158605098724365
27661,*CCCCCCOCCOCCOCCOCCOCC*,[*]CCCCCCOCCOCCOCCOCCOCC[*],[*]CCCCOCCOCCOCCOCCOCCCC[*],0.000543,-3.2652001704111533,1,-3.149139165878296
27662,*C(=O)CCCC(=O)OC(C)CO*,[*]C(=O)CCCC(=O)OC(C)CO[*],[*]COC(=O)CCCC(=O)OC([*])C,2.73e-05,-4.5638373529592435,2,-3.9973533153533936
27663,O=C(*)OCCOCCOCCCN*,O=C([*])OCCOCCOCCCN[*],[*]NCCCOCCOCCOC([*])=O,0.000173,-3.7619538968712045,3,-3.4835009574890137
27664,CC(CNC(=O)*)C(=O)N(C)CCN*,CC(CNC(=O)[*])C(=O)N(C)CCN[*],[*]CNC(=O)NCCN(C)C(=O)C([*])C,1.38e-05,-4.860120913598763,2,-4.386021137237549
27665,CC=C(NC=N)NCC(CO*)OC(=O)*,CC=C(NC=N)NCC(CO[*])OC(=O)[*],[*]COC(=O)OC([*])CNC(=CC)NC=N,1.03e-05,-4.987162775294828,3,-4.437406063079834
27666,CCC(CNC(=O)CCOC(=O)*)O*,CCC(CNC(=O)CCOC(=O)[*])O[*],[*]CNC(=O)CCOC(=O)OC([*])CC,1.9e-05,-4.721246399047171,1,-4.1527581214904785
27667,CC(C)C(CNC(=O)CN*)NC(=O)*,CC(C)C(CNC(=O)CN[*])NC(=O)[*],[*]CNC(=O)CNC(=O)NC([*])C(C)C,1.37e-05,-4.863279432843593,2,-4.365459442138672
27668,CNCCCN(C)C(=O)C(CO*)NC(=O)*,CNCCCN(C)C(=O)C(CO[*])NC(=O)[*],[*]COC(=O)NC([*])C(=O)N(C)CCCNC,1.6e-05,-4.795880017344075,3,-4.347987651824951
27669,CSCC(CN(C)CCCN*)OC(=O)*,CSCC(CN(C)CCCN[*])OC(=O)[*],[*]CN(C)CCCNC(=O)OC([*])CSC,2.19e-05,-4.6595558851598815,0,-4.245678901672363
27670,*OCOCCOCC*,[*]OCOCCOCC[*],[*]COCCOCOC[*],0.00103,-2.9871627752948275,1,-3.440166711807251
27671,COC(=O)C(CCN*)CCNC(=O)*,COC(=O)C(CCN[*])CCNC(=O)[*],[*]CCNC(=O)NCCC([*])C(=O)OC,2.28e-05,-4.642065152999546,3,-4.19488000869751
27672,C=CCC(CNCC(C)OC(=O)*)CO*,C=CCC(CNCC(C)OC(=O)[*])CO[*],[*]CNCC(C)OC(=O)OCC([*])CC=C,3.47e-05,-4.459670525209126,2,-4.193253040313721
27673,*OC(=O)OC(CCC)C*,[*]OC(=O)OC(CCC)C[*],[*]COC(=O)OC([*])CCC,1.2e-05,-4.920818753952375,3,-4.439858436584473
27674,CC(CC(=O)NC(C)CCO*)NC(=O)*,CC(CC(=O)NC(C)CCO[*])NC(=O)[*],[*]CCOC(=O)NC(C)CC(=O)NC([*])C,1.09e-05,-4.962573502059376,0,-4.237087726593018
27675,COCC(C)(O*)C(=O)N(C)CCOC(=O)*,COCC(C)(O[*])C(=O)N(C)CCOC(=O)[*],[*]OC(=O)OCCN(C)C(=O)C([*])(C)COC,1.3e-05,-4.886056647693163,2,-4.269207954406738
27676,CC(CF)NCC(CC(C)(C)O*)OC(=O)*,CC(CF)NCC(CC(C)(C)O[*])OC(=O)[*],[*]CC(C)(C)OC(=O)OC([*])CNC(C)CF,8.67e-06,-5.06198090252379,2,-4.491389751434326
27677,CC(CNC(=O)*)C(=O)NCCC(C)(C)N*,CC(CNC(=O)[*])C(=O)NCCC(C)(C)N[*],[*]CNC(=O)NC(C)(C)CCNC(=O)C([*])C,1.22e-05,-4.913640169325252,3,-4.451103210449219
27678,CC(C)(N*)C(=O)NCCCCNC(=O)*,CC(C)(N[*])C(=O)NCCCCNC(=O)[*],[*]NC(=O)NCCCCNC(=O)C([*])(C)C,2.16e-05,-4.665546248849069,2,-4.353440284729004
27679,*OC(=O)OCCOCCOCCOCCOCCOCC*,[*]OC(=O)OCCOCCOCCOCCOCCOCC[*],[*]OCCOCCOCCOCCOCCOCCOC([*])=O,0.000261,-3.583359492661719,0,-3.970815658569336
27680,CCN(CCO*)C(=O)C(C)NC(=O)*,CCN(CCO[*])C(=O)C(C)NC(=O)[*],[*]CCOC(=O)NC(C)C(=O)N([*])CC,1.18e-05,-4.928117992693875,3,-4.45690393447876
27681,C=C(C)CN(C)CC(CO*)OC(=O)*,C=C(C)CN(C)CC(CO[*])OC(=O)[*],[*]COC(=O)OC([*])CN(C)CC(=C)C,2.37e-05,-4.6252516539898965,0,-4.300711631774902
27682,*OC(=O)OCCCCCC*,[*]OC(=O)OCCCCCC[*],[*]OCCCCCCOC([*])=O,6.2e-05,-4.207608310501746,3,-4.083256244659424
27683,*OC(=O)OCCCCC*,[*]OC(=O)OCCCCC[*],[*]OCCCCCOC([*])=O,5.94e-05,-4.2262135550188065,1,-3.9647908210754395
27684,CC(CCOC(=O)*)NC(C)C(C)(C)CO*,CC(CCOC(=O)[*])NC(C)C(C)(C)CO[*],[*]CCOC(=O)OCC(C)(C)C(C)NC([*])C,1.18e-05,-4.928117992693875,1,-4.433383941650391
27685,O=C(*)OCCCCCCSCCCO*,O=C([*])OCCCCCCSCCCO[*],[*]OCCCCCCSCCCOC([*])=O,4.14e-05,-4.382999658879101,0,-4.021915435791016
27686,CC(C)(NC(=O)*)C(=O)NCCN*,CC(C)(NC(=O)[*])C(=O)NCCN[*],[*]NC(=O)NCCNC(=O)C([*])(C)C,1.75e-05,-4.756961951313706,1,-4.210918426513672
27687,CCCCNCC(CC(C)(C)OC(=O)*)O*,CCCCNCC(CC(C)(C)OC(=O)[*])O[*],[*]CC(C)(C)OC(=O)OC([*])CNCCCC,1.97e-05,-4.705533773838407,3,-4.365790843963623
27688,*OC(CCCCC*)=O,[*]OC(CCCCC[*])=O,[*]CCCCCOC([*])=O,3.64e-05,-4.438898616350944,1,-3.9995219707489014
27689,CC(CONC(=O)CC(C)(C)NC(=O)*)N*,CC(CONC(=O)CC(C)(C)NC(=O)[*])N[*],[*]CONC(=O)CC(C)(C)NC(=O)NC([*])C,8.24e-06,-5.084072788302884,0,-4.297431945800781
27690,C=CC(CNCCCCO*)OC(=O)*,C=CC(CNCCCCO[*])OC(=O)[*],[*]CNCCCCOC(=O)OC([*])C=C,4.11e-05,-4.386158178123931,0,-4.072300910949707
27691,CCC(C)NC(=O)C(CCN*)NC(=O)*,CCC(C)NC(=O)C(CCN[*])NC(=O)[*],[*]CCNC(=O)NC([*])C(=O)NC(C)CC,1.15e-05,-4.939302159646388,1,-4.2706379890441895
27692,CC(CCO*)N(C)CCCCCOC(=O)*,CC(CCO[*])N(C)CCCCCOC(=O)[*],[*]CCOC(=O)OCCCCCN(C)C([*])C,3.81e-05,-4.419075024324381,2,-3.966071128845215
27693,COCCC(COC(=O)*)N*,COCCC(COC(=O)[*])N[*],[*]COC(=O)NC([*])CCOC,2.54e-05,-4.5951662833800615,2,-4.198785781860352
27694,CCOC(=O)CN(CCN*)CCNC(=O)*,CCOC(=O)CN(CCN[*])CCNC(=O)[*],[*]CCNC(=O)NCCN([*])CC(=O)OCC,2.66e-05,-4.575118363368933,1,-4.133080005645752
27695,CC(C)OCC(N*)C(=O)NCCNC(=O)*,CC(C)OCC(N[*])C(=O)NCCNC(=O)[*],[*]NC(=O)NCCNC(=O)C([*])COC(C)C,2.44e-05,-4.61261017366127,2,-4.1497297286987305
27696,*OC(=O)OCCCCCCCCCC*,[*]OC(=O)OCCCCCCCCCC[*],[*]OCCCCCCCCCCOC([*])=O,3.37e-05,-4.4723700991286615,2,-4.198321342468262
27697,*OC(=O)OCC(CC)(COCC=C)C*,[*]OC(=O)OCC(CC)(COCC=C)C[*],[*]COC(=O)OCC([*])(CC)COCC=C,1.01e-05,-4.995678626217358,0,-4.4536519050598145
27698,CN(CCOCCOC(=O)*)CC(C)(C)N*,CN(CCOCCOC(=O)[*])CC(C)(C)N[*],[*]CCOCCOC(=O)NC(C)(C)CN([*])C,3.88e-05,-4.411168274405793,2,-4.10150671005249
27699,CCC(CC)(CNC(=O)CCNC(=O)*)N*,CCC(CC)(CNC(=O)CCNC(=O)[*])N[*],[*]CNC(=O)CCNC(=O)NC([*])(CC)CC,1.29e-05,-4.889410289700751,1,-4.4014506340026855
27700,CCCCN(C)C(=O)C(COC(=O)*)N*,CCCCN(C)C(=O)C(COC(=O)[*])N[*],[*]COC(=O)NC([*])C(=O)N(C)CCCC,1.01e-05,-4.995678626217358,3,-4.4934210777282715
27701,*OC(=O)OCCCCCCC*,[*]OC(=O)OCCCCCCC[*],[*]OCCCCCCCOC([*])=O,3.67e-05,-4.435333935747911,3,-4.01516056060791
27702,CC(C)CC(CNC(=O)CCO*)OC(=O)*,CC(C)CC(CNC(=O)CCO[*])OC(=O)[*],[*]CNC(=O)CCOC(=O)OC([*])CC(C)C,2.07e-05,-4.684029654543083,0,-4.303021430969238
27703,CC(NCCCCOC(=O)*)C(C)O*,CC(NCCCCOC(=O)[*])C(C)O[*],[*]NCCCCOC(=O)OC(C)C([*])C,2.45e-05,-4.610833915635467,0,-4.362965106964111
27704,C=CC(CO*)NCC(OC(=O)*)C(C)(C)C,C=CC(CO[*])NCC(OC(=O)[*])C(C)(C)C,[*]COC(=O)OC(CNC([*])C=C)C(C)(C)C,1.17e-05,-4.931814138253839,3,-4.392014503479004
27705,CCC(CC)(COC(=O)*)N*,CCC(CC)(COC(=O)[*])N[*],[*]COC(=O)NC([*])(CC)CC,8.78e-06,-5.056505484093897,2,-4.651759147644043
27706,O=C(*)OCCCCCCCCCO*,O=C([*])OCCCCCCCCCO[*],[*]OCCCCCCCCCOC([*])=O,4.67e-05,-4.330683119433888,2,-3.9813385009765625
27707,CCCCC(CNCC(C)OC(=O)*)O*,CCCCC(CNCC(C)OC(=O)[*])O[*],[*]CNCC(C)OC(=O)OC([*])CCCC,2e-05,-4.698970004336019,2,-4.1700286865234375
27708,CCCCN(CCCNC(=O)*)CCO*,CCCCN(CCCNC(=O)[*])CCO[*],[*]CCCNC(=O)OCCN([*])CCCC,2.66e-05,-4.575118363368933,0,-3.9728991985321045
27709,*CCCCOCCOCCOCCOCCOCC*,[*]CCCCOCCOCCOCCOCCOCC[*],[*]CCCOCCOCCOCCOCCOCCC[*],0.000633,-3.198596289982645,0,-3.2839300632476807
27710,*CCOCCOCCOCCOCCOCC*,[*]CCOCCOCCOCCOCCOCC[*],[*]CCOCCOCCOCCOCCOCC[*],0.000776,-3.1101382787418115,2,-2.9990391731262207
27711,CC(CN(C)CCCNC(=O)*)N*,CC(CN(C)CCCNC(=O)[*])N[*],[*]CN(C)CCCNC(=O)NC([*])C,1.92e-05,-4.716698771296451,2,-4.15019416809082
27712,CCC(CN(C)CC(COC)OC(=O)*)N*,CCC(CN(C)CC(COC)OC(=O)[*])N[*],[*]CN(C)CC(COC)OC(=O)NC([*])CC,3.12e-05,-4.505845405981558,3,-4.2125468254089355
27713,*OC(=O)OCCCCCCCCC*,[*]OC(=O)OCCCCCCCCC[*],[*]OCCCCCCCCCOC([*])=O,5.09e-05,-4.293282217663242,2,-4.110352516174316
27714,CN(CCO*)CC(C)(C)NC(=O)*,CN(CCO[*])CC(C)(C)NC(=O)[*],[*]CCOC(=O)NC(C)(C)CN([*])C,2e-05,-4.698970004336019,0,-4.237456798553467
27715,CC(C)(CNCCCC(C)(C)OC(=O)*)O*,CC(C)(CNCCCC(C)(C)OC(=O)[*])O[*],[*]CCCNCC(C)(C)OC(=O)OC([*])(C)C,1.64e-05,-4.785156151952302,2,-4.411404132843018
27716,CCCC(C)(CNC(C)C(C)O*)OC(=O)*,CCCC(C)(CNC(C)C(C)O[*])OC(=O)[*],[*]CNC(C)C(C)OC(=O)OC([*])(C)CCC,8.69e-06,-5.060980223551334,3,-4.409048557281494
27718,O=C(*)NCCCSCC(N*)C(=O)O,O=C([*])NCCCSCC(N[*])C(=O)O,[*]NCCCSCC(NC([*])=O)C(=O)O,7.78e-05,-4.1090204030103115,1,-4.335987567901611
27719,CCCN(CCO*)CC(OC(=O)*)C(C)C,CCCN(CCO[*])CC(OC(=O)[*])C(C)C,[*]CCOC(=O)OC(CN([*])CCC)C(C)C,4.43e-05,-4.3535962737769305,3,-4.433461666107178
27723,*CCCCCCOCCOCCOCCOCC*,[*]CCCCCCOCCOCCOCCOCC[*],[*]CCCCOCCOCCOCCOCCCC[*],0.000352,-3.453457336521869,0,-3.284510612487793
27724,*NCC*,[*]NCC[*],[*]CNC[*],0.000195,-3.709965388637482,0,-3.505654811859131
27725,CCC(C)C(COC(=O)*)NCC(C)(C)O*,CCC(C)C(COC(=O)[*])NCC(C)(C)O[*],[*]COC(=O)OC(C)(C)CNC([*])C(C)CC,8.55e-06,-5.068033885271827,2,-4.489987850189209
27726,CC(OC(=O)*)C(=O)OCCO*,CC(OC(=O)[*])C(=O)OCCO[*],[*]OC(=O)OCCOC(=O)C([*])C,5e-05,-4.301029995663981,1,-4.207824230194092
27727,O=C(CO*)NC(COC(=O)*)C(=O)O,O=C(CO[*])NC(COC(=O)[*])C(=O)O,[*]COC(=O)OCC(NC([*])=O)C(=O)O,5.27e-05,-4.278189384787454,0,-4.397215843200684
27728,COC(=O)CNC(=O)C(CN*)NC(=O)*,COC(=O)CNC(=O)C(CN[*])NC(=O)[*],[*]CNC(=O)NC([*])C(=O)NCC(=O)OC,7.05e-05,-4.151810883008602,1,-4.295377731323242
27729,C=CCNC(=S)NCC(COC(=O)*)O*,C=CCNC(=S)NCC(COC(=O)[*])O[*],[*]COC(=O)OC([*])CNC(=S)NCC=C,6.65e-05,-4.1771783546968955,1,-4.534916400909424
27730,O=C(*)OCCCCC#CC#CCCCCO*,O=C([*])OCCCCC#CC#CCCCCO[*],[*]OCCCCC#CC#CCCCCOC([*])=O,7.05e-05,-4.151810883008602,0,-4.089593887329102
27731,CC(NC(=O)*)C(=O)NCCN*,CC(NC(=O)[*])C(=O)NCCN[*],[*]NC(=O)NCCNC(=O)C([*])C,6.26e-05,-4.20342566678957,1,-4.176555633544922
27732,O=C(O)CCN(CCO*)CCOC(=O)*,O=C(O)CCN(CCO[*])CCOC(=O)[*],[*]CCOC(=O)OCCN([*])CCC(=O)O,3.63e-05,-4.440093374963888,2,-4.114086151123047
27733,CC(C)(C#CC=CC(C)(C)OC(=O)*)O*,CC(C)(C#CC=CC(C)(C)OC(=O)[*])O[*],[*]C#CC=CC(C)(C)OC(=O)OC([*])(C)C,2.29e-05,-4.640164517660112,2,-4.353835105895996
27734,CCOCC(=O)NC(CO*)COC(=O)*,CCOCC(=O)NC(CO[*])COC(=O)[*],[*]COC(=O)OCC([*])NC(=O)COCC,8.76e-05,-4.057495893831919,1,-4.13468074798584
27735,CNC(=O)CN(CCO*)CCOC(=O)*,CNC(=O)CN(CCO[*])CCOC(=O)[*],[*]CCOC(=O)OCCN([*])CC(=O)NC,0.000111,-3.9546770212133424,3,-3.9650254249572754
27736,O=C(*)NCCCCNC(=O)CN*,O=C([*])NCCCCNC(=O)CN[*],[*]CNC(=O)NCCCCNC([*])=O,7.59e-05,-4.11975822410452,3,-4.1407365798950195
27737,CN(CCO*)CC(C)(OC(=O)*)C(=O)O,CN(CCO[*])CC(C)(OC(=O)[*])C(=O)O,[*]CCOC(=O)OC(C)(CN([*])C)C(=O)O,4.88e-05,-4.311580177997289,2,-4.45296573638916
27738,CCOC(=O)CNCC(CO*)OC(=O)*,CCOC(=O)CNCC(CO[*])OC(=O)[*],[*]COC(=O)OC([*])CNCC(=O)OCC,3.2e-05,-4.494850021680094,3,-4.1526007652282715
27739,O=C(O)CCC(=O)NCC(COC(=O)*)O*,O=C(O)CCC(=O)NCC(COC(=O)[*])O[*],[*]COC(=O)OC([*])CNC(=O)CCC(=O)O,5.92e-05,-4.22767829327708,0,-4.259947299957275
27740,C=CC(OC(=O)*)C(=O)NC(CO*)C(=O)O,C=CC(OC(=O)[*])C(=O)NC(CO[*])C(=O)O,[*]OC(=O)OCC(NC(=O)C([*])C=C)C(=O)O,8.93e-05,-4.049148541111453,0,-4.473033905029297
27741,CCN(CCO*)C(=O)COC(=O)*,CCN(CCO[*])C(=O)COC(=O)[*],[*]CCOC(=O)OCC(=O)N([*])CC,5.3e-05,-4.275724130399211,2,-4.191300392150879
27742,CC(NCC(COC(=O)*)O*)C(N)=O,CC(NCC(COC(=O)[*])O[*])C(N)=O,[*]COC(=O)OC([*])CNC(C)C(N)=O,5.42e-05,-4.266000713461613,0,-4.160928249359131
27743,CN(C)C(=O)CCNCC(CO*)OC(=O)*,CN(C)C(=O)CCNCC(CO[*])OC(=O)[*],[*]COC(=O)OC([*])CNCCC(=O)N(C)C,6.72e-05,-4.172630726946175,0,-4.054137706756592
27744,CCC(CO*)(COC(=O)*)NC(=O)C(=O)O,CCC(CO[*])(COC(=O)[*])NC(=O)C(=O)O,[*]COC(=O)OCC([*])(CC)NC(=O)C(=O)O,1.74e-05,-4.7594507517174005,1,-4.3982343673706055
27745,C=C(COC(=O)*)C(=O)NCCO*,C=C(COC(=O)[*])C(=O)NCCO[*],[*]COC(=O)OCCNC(=O)C([*])=C,9.89e-05,-4.004803708402821,3,-4.145318984985352
27746,O=C(O)CCNC(CO*)COC(=O)*,O=C(O)CCNC(CO[*])COC(=O)[*],[*]COC(=O)OCC([*])NCCC(=O)O,5.59e-05,-4.252588192113577,0,-4.322695732116699
27747,CON=CC(=O)NC(C)(CO*)COC(=O)*,CON=CC(=O)NC(C)(CO[*])COC(=O)[*],[*]COC(=O)OCC([*])(C)NC(=O)C=NOC,3.79e-05,-4.421360790031928,1,-4.329246520996094
27748,CC(C#N)CNC(=O)C(CN*)OC(=O)*,CC(C#N)CNC(=O)C(CN[*])OC(=O)[*],[*]CNC(=O)OC([*])C(=O)NCC(C)C#N,6.69e-05,-4.174573882232177,1,-4.2500319480896
27749,COC(=O)C(C)NCC(CO*)OC(=O)*,COC(=O)C(C)NCC(CO[*])OC(=O)[*],[*]COC(=O)OC([*])CNC(C)C(=O)OC,5.64e-05,-4.248720896016658,3,-4.250060081481934
27750,CCOCCC(=O)NC(CO*)COC(=O)*,CCOCCC(=O)NC(CO[*])COC(=O)[*],[*]COC(=O)OCC([*])NC(=O)CCOCC,8.3e-05,-4.080921907623926,2,-4.182565689086914
27751,C=CCC(CC=C)(O*)C(C)NC(=O)*,C=CCC(CC=C)(O[*])C(C)NC(=O)[*],[*]OC(=O)NC(C)C([*])(CC=C)CC=C,2.74e-05,-4.562249437179612,0,-4.512924671173096
27752,CNC(=O)CNC(CO*)COC(=O)*,CNC(=O)CNC(CO[*])COC(=O)[*],[*]COC(=O)OCC([*])NCC(=O)NC,6.46e-05,-4.189767482004916,3,-4.190222263336182
27753,COCC(=O)NC(CO*)COC(=O)*,COCC(=O)NC(CO[*])COC(=O)[*],[*]COC(=O)OCC([*])NC(=O)COC,8.26e-05,-4.083019952679618,0,-4.135457515716553
27754,C=C(CO*)C(=O)NCC#CCOC(=O)*,C=C(CO[*])C(=O)NCC#CCOC(=O)[*],[*]COC(=O)OCC#CCNC(=O)C([*])=C,5.58e-05,-4.253365801062421,2,-4.229726791381836
27755,CNC(=O)CNCC(COC(=O)*)O*,CNC(=O)CNCC(COC(=O)[*])O[*],[*]COC(=O)OC([*])CNCC(=O)NC,9.32e-05,-4.030584087646019,3,-4.1569318771362305
27756,CCOC(=O)CN(CCO*)CCOC(=O)*,CCOC(=O)CN(CCO[*])CCOC(=O)[*],[*]CCOC(=O)OCCN([*])CC(=O)OCC,0.000182,-3.7399286120149253,0,-4.004486560821533
27757,CC(CC(=O)NCCNC(=O)*)O*,CC(CC(=O)NCCNC(=O)[*])O[*],[*]CC(=O)NCCNC(=O)OC([*])C,8.03e-05,-4.095284454721319,0,-4.252265453338623
27758,COCC(CNC(=O)C(C)NC(=O)*)O*,COCC(CNC(=O)C(C)NC(=O)[*])O[*],[*]CNC(=O)C(C)NC(=O)OC([*])COC,5.01e-05,-4.300162274132754,0,-4.243876934051514
27759,COC(=O)CCN(CCO*)CCOC(=O)*,COC(=O)CCN(CCO[*])CCOC(=O)[*],[*]CCOC(=O)OCCN([*])CCC(=O)OC,8.85e-05,-4.053056729302175,3,-3.924236297607422
27760,NC(=O)CNC(=O)C(CNC(=O)*)N*,NC(=O)CNC(=O)C(CNC(=O)[*])N[*],[*]CNC(=O)NC([*])C(=O)NCC(N)=O,6.92e-05,-4.1598939055432425,1,-4.189720153808594
27761,CC(CO*)(COC(=O)*)C(=O)OCC(=O)O,CC(CO[*])(COC(=O)[*])C(=O)OCC(=O)O,[*]COC(=O)OCC([*])(C)C(=O)OCC(=O)O,2.61e-05,-4.583359492661719,1,-4.463425636291504
27762,CN(C)C(=O)CNCC(CO*)OC(=O)*,CN(C)C(=O)CNCC(CO[*])OC(=O)[*],[*]COC(=O)OC([*])CNCC(=O)N(C)C,5.52e-05,-4.2580609222708015,3,-4.115596771240234
27763,CCC(C)(C#CC#CC(C)(CC)OC(=O)*)O*,CCC(C)(C#CC#CC(C)(CC)OC(=O)[*])O[*],[*]C#CC#CC(C)(CC)OC(=O)OC([*])(C)CC,1.32e-05,-4.87942606879415,0,-4.6023125648498535
27764,O=C(*)NCCNC(=O)CCCN*,O=C([*])NCCNC(=O)CCCN[*],[*]CCCNC(=O)NCCNC([*])=O,7.31e-05,-4.13608262304214,0,-4.01441764831543
27765,C#CCNC(=O)C(CO*)NC(=O)*,C#CCNC(=O)C(CO[*])NC(=O)[*],[*]COC(=O)NC([*])C(=O)NCC#C,5.76e-05,-4.239577516576788,1,-4.381106376647949
27766,CN(CCC(=O)O)CC(COC(=O)*)O*,CN(CCC(=O)O)CC(COC(=O)[*])O[*],[*]COC(=O)OC([*])CN(C)CCC(=O)O,3.89e-05,-4.410050398674293,0,-4.346767902374268
27767,CC(CC(=O)NC(C#N)CO*)NC(=O)*,CC(CC(=O)NC(C#N)CO[*])NC(=O)[*],[*]CC(=O)NC(C#N)COC(=O)NC([*])C,5.04e-05,-4.297569463554475,1,-4.278710842132568
27768,CCNC(CO*)COC(=O)*,CCNC(CO[*])COC(=O)[*],[*]COC(=O)OCC([*])NCC,6.93e-05,-4.159266765388193,1,-4.322419166564941
27769,CC(C)(OC(=O)*)C(O*)C(=O)NCC#N,CC(C)(OC(=O)[*])C(O[*])C(=O)NCC#N,[*]OC(=O)OC(C(=O)NCC#N)C([*])(C)C,5.48e-05,-4.261219441515631,0,-4.3572678565979
27770,C=C(COC(=O)*)C(=O)NCC(COC)O*,C=C(COC(=O)[*])C(=O)NCC(COC)O[*],[*]COC(=O)OC(CNC(=O)C([*])=C)COC,0.000115,-3.939302159646388,2,-4.126801013946533
27771,C=C(COC(=O)*)C(=O)NC(CO*)C(=O)O,C=C(COC(=O)[*])C(=O)NC(CO[*])C(=O)O,[*]COC(=O)OCC(NC(=O)C([*])=C)C(=O)O,3.9e-05,-4.4089353929735005,2,-4.372887134552002
27772,C#CC(C)(CCC=C(C)COC(=O)*)O*,C#CC(C)(CCC=C(C)COC(=O)[*])O[*],[*]CCC=C(C)COC(=O)OC([*])(C)C#C,5.82e-05,-4.235077015350112,3,-4.511250972747803
27773,COC(=O)CNC(CO*)COC(=O)*,COC(=O)CNC(CO[*])COC(=O)[*],[*]COC(=O)OCC([*])NCC(=O)OC,7.24e-05,-4.140261433802853,0,-4.160823822021484
27774,CC(COC(=O)C(CC(=O)O)O*)OC(=O)*,CC(COC(=O)C(CC(=O)O)O[*])OC(=O)[*],[*]COC(=O)C(CC(=O)O)OC(=O)OC([*])C,3.54e-05,-4.450996737974212,0,-4.530026435852051
27775,CON=CC(=O)NCC(COC(=O)*)O*,CON=CC(=O)NCC(COC(=O)[*])O[*],[*]COC(=O)OC([*])CNC(=O)C=NOC,4.97e-05,-4.303643611266668,0,-4.125569820404053
27776,CN(C)C(=O)CNC(CO*)COC(=O)*,CN(C)C(=O)CNC(CO[*])COC(=O)[*],[*]COC(=O)OCC([*])NCC(=O)N(C)C,7.47e-05,-4.126679398184601,0,-4.134042739868164
27777,C=CC(C)CCC(O*)C(C)(C)OC(=O)*,C=CC(C)CCC(O[*])C(C)(C)OC(=O)[*],[*]OC(=O)OC(C)(C)C([*])CCC(C)C=C,3.05e-05,-4.515700160653214,2,-4.60130500793457
27778,COC(=O)CNC(=O)C(CNC(=O)*)O*,COC(=O)CNC(=O)C(CNC(=O)[*])O[*],[*]CNC(=O)OC([*])C(=O)NCC(=O)OC,5.35e-05,-4.2716462179787715,0,-4.1950788497924805
27779,N#CNCC(COC(=O)*)O*,N#CNCC(COC(=O)[*])O[*],[*]COC(=O)OC([*])CNC#N,3.72e-05,-4.429457060118103,2,-4.226690769195557
27780,O=C(O)CCC(=O)NC(CO*)COC(=O)*,O=C(O)CCC(=O)NC(CO[*])COC(=O)[*],[*]COC(=O)OCC([*])NC(=O)CCC(=O)O,3.84e-05,-4.4156687756324695,2,-4.363640308380127
27781,CCC(CNCC(CC)OC(=O)*)O*,CCC(CNCC(CC)OC(=O)[*])O[*],[*]CNCC(CC)OC(=O)OC([*])CC,7.09e-05,-4.149353764816934,1,-4.172695159912109
27782,CCCCN(C)CC(CNC(=O)*)O*,CCCCN(C)CC(CNC(=O)[*])O[*],[*]CNC(=O)OC([*])CN(C)CCCC,7.77e-05,-4.1095789811990855,3,-4.2029547691345215
27783,COCC(CNC(=O)CC(C)N*)OC(=O)*,COCC(CNC(=O)CC(C)N[*])OC(=O)[*],[*]CNC(=O)CC(C)NC(=O)OC([*])COC,6.34e-05,-4.1979107421182675,3,-4.174734115600586
27784,O=C(*)NCC(N*)C(=O)NCCCS,O=C([*])NCC(N[*])C(=O)NCCCS,[*]NCC(NC([*])=O)C(=O)NCCCS,8.77e-05,-4.05700040663396,3,-4.46760368347168
27785,COCC(CNC(=O)CNC(=O)*)O*,COCC(CNC(=O)CNC(=O)[*])O[*],[*]CNC(=O)CNC(=O)OC([*])COC,7.9e-05,-4.102372908709558,1,-4.066201686859131
27786,CC(CN(CCCOC(=O)*)C(C)C)O*,CC(CN(CCCOC(=O)[*])C(C)C)O[*],[*]CN(CCCOC(=O)OC([*])C)C(C)C,6.7e-05,-4.173925197299174,3,-4.291384220123291
27787,CCN(CCOC(=O)*)CC(C)(C)O*,CCN(CCOC(=O)[*])CC(C)(C)O[*],[*]CCOC(=O)OC(C)(C)CN([*])CC,3.83e-05,-4.416801226031377,3,-4.3209638595581055
27788,C=CCN(C)C(=O)C(COC(=O)*)N*,C=CCN(C)C(=O)C(COC(=O)[*])N[*],[*]COC(=O)NC([*])C(=O)N(C)CC=C,5.82e-05,-4.235077015350112,3,-4.363415241241455
27789,CN(C)C(=O)CCNC(CO*)COC(=O)*,CN(C)C(=O)CCNC(CO[*])COC(=O)[*],[*]COC(=O)OCC([*])NCCC(=O)N(C)C,9.73e-05,-4.011887159731648,3,-4.173386096954346
27790,NS(=O)(=O)NCC(CO*)OC(=O)*,NS(=O)(=O)NCC(CO[*])OC(=O)[*],[*]COC(=O)OC([*])CNS(N)(=O)=O,4.81e-05,-4.317854923626168,0,-4.478654861450195
27791,CCCCC(NC(=O)*)C(=O)NC(C)CO*,CCCCC(NC(=O)[*])C(=O)NC(C)CO[*],[*]NC(=O)OCC(C)NC(=O)C([*])CCCC,3.65e-05,-4.437707135543525,1,-4.3760786056518555
27792,O=C(*)OCCN(CCO*)C(=O)C(=O)O,O=C([*])OCCN(CCO[*])C(=O)C(=O)O,[*]OCCN(CCOC([*])=O)C(=O)C(=O)O,4.85e-05,-4.314258261397736,3,-4.352878093719482
27793,C=C(CO*)C(=O)NC(C#N)COC(=O)*,C=C(CO[*])C(=O)NC(C#N)COC(=O)[*],[*]COC(=O)OCC(C#N)NC(=O)C([*])=C,6.13e-05,-4.212539525481585,3,-4.231326103210449
27794,CC(C)N(CCCO*)CC(C)(C)OC(=O)*,CC(C)N(CCCO[*])CC(C)(C)OC(=O)[*],[*]CCCOC(=O)OC(C)(C)CN([*])C(C)C,4.48e-05,-4.348721986001856,1,-4.353878974914551
27795,CS(=O)(=O)CCNCC(COC(=O)*)O*,CS(=O)(=O)CCNCC(COC(=O)[*])O[*],[*]COC(=O)OC([*])CNCCS(C)(=O)=O,0.000129,-3.889410289700751,0,-4.313659191131592
27796,CCCN(CCO*)CC(C)OC(=O)*,CCCN(CCO[*])CC(C)OC(=O)[*],[*]CCOC(=O)OC(C)CN([*])CCC,4.3e-05,-4.366531544420414,3,-4.211206912994385
27797,CCC(C)(C)N(C)CC(O*)C(C)OC(=O)*,CCC(C)(C)N(C)CC(O[*])C(C)OC(=O)[*],[*]OC(=O)OC(C)C([*])CN(C)C(C)(C)CC,1.53e-05,-4.815308569182402,1,-4.421866416931152
27798,C=C(CC(O*)C(C)C)C(C)OC(=O)*,C=C(CC(O[*])C(C)C)C(C)OC(=O)[*],[*]CC(OC(=O)OC(C)C([*])=C)C(C)C,2.62e-05,-4.581698708680254,2,-4.649658203125
27799,CN(CCO*)C(=O)COC(=O)*,CN(CCO[*])C(=O)COC(=O)[*],[*]CCOC(=O)OCC(=O)N([*])C,6.52e-05,-4.185752404268079,0,-4.148700714111328
27800,CCCC(NC(=O)*)C(=O)NC(CC)CO*,CCCC(NC(=O)[*])C(=O)NC(CC)CO[*],[*]NC(=O)OCC(CC)NC(=O)C([*])CCC,3.18e-05,-4.497572880015567,2,-4.367225646972656
27801,CCNC(=O)CN(CCO*)CCOC(=O)*,CCNC(=O)CN(CCO[*])CCOC(=O)[*],[*]CCOC(=O)OCCN([*])CC(=O)NCC,8.82e-05,-4.054531414868181,0,-3.963531255722046
27802,CCCCN(C)CC(CO*)OC(=O)*,CCCCN(C)CC(CO[*])OC(=O)[*],[*]COC(=O)OC([*])CN(C)CCCC,2.87e-05,-4.542118103266008,1,-4.3562798500061035
27803,C=CC(C)(CC=CC(C)(C)OC(=O)*)O*,C=CC(C)(CC=CC(C)(C)OC(=O)[*])O[*],[*]CC=CC(C)(C)OC(=O)OC([*])(C)C=C,4.9e-05,-4.309803919971486,1,-4.502880573272705
27804,CCOC(=O)CNC(=O)C(CN*)OC(=O)*,CCOC(=O)CNC(=O)C(CN[*])OC(=O)[*],[*]CNC(=O)OC([*])C(=O)NCC(=O)OCC,9.08e-05,-4.041914151478915,2,-4.11652946472168
27805,CCNC(=O)NC(CO*)COC(=O)*,CCNC(=O)NC(CO[*])COC(=O)[*],[*]COC(=O)OCC([*])NC(=O)NCC,4.85e-05,-4.314258261397736,3,-4.3057122230529785
27806,O=C(COC(=O)*)NCCCCO*,O=C(COC(=O)[*])NCCCCO[*],[*]COC(=O)OCCCCNC([*])=O,0.00012,-3.9208187539523753,3,-4.033966541290283
27807,CNC(=O)CCCNC(CO*)COC(=O)*,CNC(=O)CCCNC(CO[*])COC(=O)[*],[*]COC(=O)OCC([*])NCCCC(=O)NC,8.54e-05,-4.068542129310995,2,-4.1761698722839355
27808,CCCC(C)N(C)CC(OC(=O)*)C(C)O*,CCCC(C)N(C)CC(OC(=O)[*])C(C)O[*],[*]OC(=O)OC(C)C([*])CN(C)C(C)CCC,4.24e-05,-4.372634143407267,3,-4.585704326629639
27809,CCC(C)N(CCO*)CCOC(=O)*,CCC(C)N(CCO[*])CCOC(=O)[*],[*]CCOC(=O)OCCN([*])C(C)CC,7.74e-05,-4.111259039317107,0,-4.321183204650879
27810,CCC(CNCC(CC(F)F)NC(=O)*)N*,CCC(CNCC(CC(F)F)NC(=O)[*])N[*],[*]CNCC(CC(F)F)NC(=O)NC([*])CC,7.81e-05,-4.1073489661227,3,-4.100866317749023
27811,CNC(=O)C(C)NCC(CO*)OC(=O)*,CNC(=O)C(C)NCC(CO[*])OC(=O)[*],[*]COC(=O)OC([*])CNC(C)C(=O)NC,4.74e-05,-4.324221658325915,3,-4.156346321105957
27812,CCC(CN(CC)CCO*)OC(=O)*,CCC(CN(CC)CCO[*])OC(=O)[*],[*]CN(CC)CCOC(=O)OC([*])CC,9.92e-05,-4.0034883278458215,2,-4.117190837860107
27813,CC(=O)NCC(=O)NC(CO*)COC(=O)*,CC(=O)NCC(=O)NC(CO[*])COC(=O)[*],[*]COC(=O)OCC([*])NC(=O)CNC(C)=O,9.79e-05,-4.009217308196862,1,-4.270080089569092
27814,CCCCCNCC(COC(=O)*)O*,CCCCCNCC(COC(=O)[*])O[*],[*]COC(=O)OC([*])CNCCCCC,6.17e-05,-4.209714835966758,1,-4.20692253112793
27815,CCCC(O*)C(=O)NCCC(C)NC(=O)*,CCCC(O[*])C(=O)NCCC(C)NC(=O)[*],[*]OC(=O)NC(C)CCNC(=O)C([*])CCC,6.54e-05,-4.184422251675732,1,-4.331834316253662
27816,CC(CO*)(COC(=O)*)NC(=O)C(=O)O,CC(CO[*])(COC(=O)[*])NC(=O)C(=O)O,[*]COC(=O)OCC([*])(C)NC(=O)C(=O)O,2.41e-05,-4.617982957425132,3,-4.391274929046631
27817,CCOC(=O)CCNCC(CO*)OC(=O)*,CCOC(=O)CCNCC(CO[*])OC(=O)[*],[*]COC(=O)OC([*])CNCCC(=O)OCC,3.2e-05,-4.494850021680094,1,-4.153316020965576
27818,CON(CC(COC(=O)*)O*)CC(C)(C)C,CON(CC(COC(=O)[*])O[*])CC(C)(C)C,[*]COC(=O)OC([*])CN(CC(C)(C)C)OC,1.7e-05,-4.769551078621726,2,-4.476128578186035
27819,CCCCN(CC)CC(OC(=O)*)C(C)O*,CCCCN(CC)CC(OC(=O)[*])C(C)O[*],[*]OC(=O)OC(C)C([*])CN(CC)CCCC,3.3e-05,-4.481486060122113,3,-4.4831719398498535
27820,CCC(C)(O*)C(=O)OCCC(C)OC(=O)*,CCC(C)(O[*])C(=O)OCCC(C)OC(=O)[*],[*]OC(=O)OC(C)CCOC(=O)C([*])(C)CC,4.79e-05,-4.319664486585437,3,-4.352265357971191
27821,CCC(C)(C#CC(C)(CC)OC(=O)*)O*,CCC(C)(C#CC(C)(CC)OC(=O)[*])O[*],[*]C#CC(C)(CC)OC(=O)OC([*])(C)CC,3.04e-05,-4.517126416391246,1,-4.594063758850098
27822,C#CCNCC(=O)NCC(CNC(=O)*)O*,C#CCNCC(=O)NCC(CNC(=O)[*])O[*],[*]CNC(=O)OC([*])CNC(=O)CNCC#C,5.35e-05,-4.2716462179787715,3,-4.134679317474365
27823,C#CCNC(CO*)(COC(=O)*)C(F)(F)F,C#CCNC(CO[*])(COC(=O)[*])C(F)(F)F,[*]COC(=O)OCC([*])(NCC#C)C(F)(F)F,1.21e-05,-4.91721462968355,1,-4.280186176300049
27824,CC(CN(C)CC(C)(C)N*)NC(=O)*,CC(CN(C)CC(C)(C)N[*])NC(=O)[*],[*]CN(C)CC(C)(C)NC(=O)NC([*])C,0.000107,-3.9706162223147903,2,-4.310537338256836
27825,CCCC(O*)C(=O)NCC(C)(C)OC(=O)*,CCCC(O[*])C(=O)NCC(C)(C)OC(=O)[*],[*]OC(=O)OC(C)(C)CNC(=O)C([*])CCC,4.42e-05,-4.354577730650908,3,-4.244228839874268
27826,CCCCC(NC(=O)*)C(=O)NCC(C)O*,CCCCC(NC(=O)[*])C(=O)NCC(C)O[*],[*]NC(=O)OC(C)CNC(=O)C([*])CCCC,9.2e-05,-4.036212172654444,2,-4.476740837097168
27827,CC(CN(C)CCCCCO*)OC(=O)*,CC(CN(C)CCCCCO[*])OC(=O)[*],[*]CN(C)CCCCCOC(=O)OC([*])C,5.56e-05,-4.2549252084179425,2,-3.9842376708984375
27828,CC(C)OC(=O)CNC(CO*)COC(=O)*,CC(C)OC(=O)CNC(CO[*])COC(=O)[*],[*]COC(=O)OCC([*])NCC(=O)OC(C)C,4.26e-05,-4.370590400897281,2,-4.210141181945801
27829,COC(=O)CCCNC(CO*)COC(=O)*,COC(=O)CCCNC(CO[*])COC(=O)[*],[*]COC(=O)OCC([*])NCCCC(=O)OC,5.51e-05,-4.258848401148215,0,-4.228472709655762
27830,CC(C)CCN(CCO*)CCOC(=O)*,CC(C)CCN(CCO[*])CCOC(=O)[*],[*]CCOC(=O)OCCN([*])CCC(C)C,8.46e-05,-4.0726296369609765,0,-4.098731517791748
27831,C#CCC(CO*)NC(=O)COC(=O)*,C#CCC(CO[*])NC(=O)COC(=O)[*],[*]COC(=O)OCC(=O)NC([*])CC#C,5.64e-05,-4.248720896016658,1,-4.195272922515869
27832,CCC(CO*)NC(=O)COC(=O)*,CCC(CO[*])NC(=O)COC(=O)[*],[*]COC(=O)OCC(=O)NC([*])CC,4.75e-05,-4.323306390375134,0,-4.218148708343506
27833,CCC(CC(C)C)NCC(CNC(=O)*)O*,CCC(CC(C)C)NCC(CNC(=O)[*])O[*],[*]CNC(=O)OC([*])CNC(CC)CC(C)C,4.08e-05,-4.38933983691012,0,-4.2932891845703125
27834,COC(=O)CNCC(CO*)OC(=O)*,COC(=O)CNCC(CO[*])OC(=O)[*],[*]COC(=O)OC([*])CNCC(=O)OC,4.97e-05,-4.303643611266668,3,-4.122183799743652
27835,CCC(=O)NC(CO*)COC(=O)*,CCC(=O)NC(CO[*])COC(=O)[*],[*]COC(=O)OCC([*])NC(=O)CC,9.34e-05,-4.029653123769907,3,-4.296493053436279
27836,COCC(CNC(=O)C(C)CNC(=O)*)O*,COCC(CNC(=O)C(C)CNC(=O)[*])O[*],[*]CNC(=O)C(C)CNC(=O)OC([*])COC,4.34e-05,-4.36251027048749,0,-4.204556465148926
27837,N#CC(CO*)NC(=O)COC(=O)*,N#CC(CO[*])NC(=O)COC(=O)[*],[*]COC(=O)OCC(=O)NC([*])C#N,7.38e-05,-4.131943638176958,2,-4.27022647857666
27838,CCCN(CCO*)CC(CC)OC(=O)*,CCCN(CCO[*])CC(CC)OC(=O)[*],[*]CCOC(=O)OC(CC)CN([*])CCC,5.15e-05,-4.288192770958809,1,-4.261078834533691
27839,CC(C)N(CCCCOC(=O)*)CCO*,CC(C)N(CCCCOC(=O)[*])CCO[*],[*]CCCCOC(=O)OCCN([*])C(C)C,5.04e-05,-4.297569463554475,3,-4.116736888885498
27840,CCC(CN(CCCOC(=O)*)C(C)C)O*,CCC(CN(CCCOC(=O)[*])C(C)C)O[*],[*]CN(CCCOC(=O)OC([*])CC)C(C)C,7.27e-05,-4.138465589140962,3,-4.360925674438477
27841,CC(O*)C(NC(=O)*)C(=O)N(CC#N)CC#N,CC(O[*])C(NC(=O)[*])C(=O)N(CC#N)CC#N,[*]OC(=O)NC(C(=O)N(CC#N)CC#N)C([*])C,7.32e-05,-4.135488918941608,1,-4.307401657104492
27842,COCCNC(=O)C(CO*)NC(=O)*,COCCNC(=O)C(CO[*])NC(=O)[*],[*]COC(=O)NC([*])C(=O)NCCOC,8.85e-05,-4.053056729302175,0,-4.144191265106201
27843,NC(=O)CNCC(CO*)OC(=O)*,NC(=O)CNCC(CO[*])OC(=O)[*],[*]COC(=O)OC([*])CNCC(N)=O,8.14e-05,-4.089375595110798,2,-4.114142894744873
27844,COCC(CNCC(COC)OC(=O)*)O*,COCC(CNCC(COC)OC(=O)[*])O[*],[*]CNCC(COC)OC(=O)OC([*])COC,9.63e-05,-4.016373712875465,3,-4.020847320556641
27845,CSCC(C)(C)NCC(COC(=O)*)O*,CSCC(C)(C)NCC(COC(=O)[*])O[*],[*]COC(=O)OC([*])CNC(C)(C)CSC,9.63e-05,-4.016373712875465,1,-4.361155033111572
27846,CCC(CC(C)C)NC(CO*)COC(=O)*,CCC(CC(C)C)NC(CO[*])COC(=O)[*],[*]COC(=O)OCC([*])NC(CC)CC(C)C,2.72e-05,-4.565431095965801,3,-4.409357070922852
27847,CCNC(=O)NCC(CO*)OC(=O)*,CCNC(=O)NCC(CO[*])OC(=O)[*],[*]COC(=O)OC([*])CNC(=O)NCC,7.9e-05,-4.102372908709558,3,-4.284005641937256
27848,CCCN(CCCNC(=O)*)CCO*,CCCN(CCCNC(=O)[*])CCO[*],[*]CCCNC(=O)OCCN([*])CCC,7.61e-05,-4.118615343229427,1,-4.078951358795166
27849,COCC#CC(=O)NC(CO*)COC(=O)*,COCC#CC(=O)NC(CO[*])COC(=O)[*],[*]COC(=O)OCC([*])NC(=O)C#CCOC,4.96e-05,-4.304518323509803,2,-4.209271430969238
27850,COCCCNCC(CO*)OC(=O)*,COCCCNCC(CO[*])OC(=O)[*],[*]COC(=O)OC([*])CNCCCOC,0.000103,-3.987162775294828,0,-3.9166150093078613
27851,CC(CC#N)NC(=O)C(CNC(=O)*)O*,CC(CC#N)NC(=O)C(CNC(=O)[*])O[*],[*]CNC(=O)OC([*])C(=O)NC(C)CC#N,5.34e-05,-4.272458742971444,1,-4.190131664276123
27852,C=C(CO*)C(=O)NOCCOC(=O)*,C=C(CO[*])C(=O)NOCCOC(=O)[*],[*]COC(=O)OCCONC(=O)C([*])=C,9.3e-05,-4.031517051446065,1,-4.102543830871582
27853,CCCC(OC(=O)*)C(=O)NC(C)CCO*,CCCC(OC(=O)[*])C(=O)NC(C)CCO[*],[*]OC(=O)OCCC(C)NC(=O)C([*])CCC,4.61e-05,-4.336299074610352,0,-4.32261323928833
27854,CCC(C)(O*)C(=O)NCC#CCOC(=O)*,CCC(C)(O[*])C(=O)NCC#CCOC(=O)[*],[*]OC(=O)OCC#CCNC(=O)C([*])(C)CC,5.63e-05,-4.249491605148654,0,-4.269212245941162
27855,C=CCCCCC(CO*)OC(=O)*,C=CCCCCC(CO[*])OC(=O)[*],[*]COC(=O)OC([*])CCCCC=C,4.06e-05,-4.391473966422806,1,-4.301639080047607
27856,CNC(=O)CCNCC(CO*)OC(=O)*,CNC(=O)CCNCC(CO[*])OC(=O)[*],[*]COC(=O)OC([*])CNCCC(=O)NC,5.83e-05,-4.2343314452409855,0,-4.084690570831299
27857,COCCC(=O)NC(CO*)COC(=O)*,COCCC(=O)NC(CO[*])COC(=O)[*],[*]COC(=O)OCC([*])NC(=O)CCOC,5.64e-05,-4.248720896016658,0,-4.1027607917785645
27858,CN(CC(F)F)CC(O*)C(C)(C)OC(=O)*,CN(CC(F)F)CC(O[*])C(C)(C)OC(=O)[*],[*]OC(=O)OC(C)(C)C([*])CN(C)CC(F)F,7.53e-05,-4.123205023799299,1,-4.2581257820129395
27859,COC(=O)CCNC(=O)C(CNC(=O)*)O*,COC(=O)CCNC(=O)C(CNC(=O)[*])O[*],[*]CNC(=O)OC([*])C(=O)NCCC(=O)OC,6.62e-05,-4.1791420105603,1,-4.290486812591553
27860,CCCC(C)CN(C)CC(COC(=O)*)O*,CCCC(C)CN(C)CC(COC(=O)[*])O[*],[*]COC(=O)OC([*])CN(C)CC(C)CCC,5.83e-05,-4.2343314452409855,1,-4.320815563201904
27861,CC(C#N)NC(=O)C(NC(=O)*)C(C)O*,CC(C#N)NC(=O)C(NC(=O)[*])C(C)O[*],[*]NC(=O)OC(C)C([*])C(=O)NC(C)C#N,5.78e-05,-4.2380721615794705,2,-4.308772087097168
27862,CCCC(C)CN(CCN*)CCNC(=O)*,CCCC(C)CN(CCN[*])CCNC(=O)[*],[*]CCNC(=O)NCCN([*])CC(C)CCC,0.000124,-3.906578314837765,0,-4.273801803588867
27863,CCCNC(=O)CNC(CO*)COC(=O)*,CCCNC(=O)CNC(CO[*])COC(=O)[*],[*]COC(=O)OCC([*])NCC(=O)NCCC,7.55e-05,-4.1220530483708115,3,-4.218591690063477
27864,CCC(CN(C)CCCCCO*)NC(=O)*,CCC(CN(C)CCCCCO[*])NC(=O)[*],[*]CN(C)CCCCCOC(=O)NC([*])CC,5.91e-05,-4.228412519118745,1,-4.189875602722168
27865,CCN(CC(C)N*)CC(C)(C)OC(=O)*,CCN(CC(C)N[*])CC(C)(C)OC(=O)[*],[*]CC(C)NC(=O)OC(C)(C)CN([*])CC,5.23e-05,-4.281498311132726,1,-4.303696155548096
27866,CCCN(C)CC(O*)C(C)OC(=O)*,CCCN(C)CC(O[*])C(C)OC(=O)[*],[*]OC(=O)OC(C)C([*])CN(C)CCC,3.96e-05,-4.402304814074488,1,-4.432950496673584
27867,CCNCC(COC(=O)*)O*,CCNCC(COC(=O)[*])O[*],[*]COC(=O)OC([*])CNCC,4.86e-05,-4.313363730737707,2,-4.096652030944824
27868,CCC(CC)N(CC)CC(COC(=O)*)O*,CCC(CC)N(CC)CC(COC(=O)[*])O[*],[*]COC(=O)OC([*])CN(CC)C(CC)CC,2.46e-05,-4.609064892896621,0,-4.473690032958984
27869,CC(CN(C)C(C)(C)COC(=O)*)O*,CC(CN(C)C(C)(C)COC(=O)[*])O[*],[*]CN(C)C(C)(C)COC(=O)OC([*])C,2.89e-05,-4.539102157243452,2,-4.398355007171631
27870,CC(CC(=O)NCCN*)NC(=O)*,CC(CC(=O)NCCN[*])NC(=O)[*],[*]CC(=O)NCCNC(=O)NC([*])C,6.75e-05,-4.170696227168975,3,-4.327181816101074
27871,C#CCN(CC#C)CC(O*)C(C)OC(=O)*,C#CCN(CC#C)CC(O[*])C(C)OC(=O)[*],[*]OC(=O)OC(C)C([*])CN(CC#C)CC#C,4.15e-05,-4.3819519032879075,0,-4.2057785987854
27872,CC(C)CCCNCC(CO*)OC(=O)*,CC(C)CCCNCC(CO[*])OC(=O)[*],[*]COC(=O)OC([*])CNCCCC(C)C,7.14e-05,-4.146301788223826,2,-4.37116003036499
27873,C=CC(O*)C(=O)NCC(OC(=O)*)C(N)=O,C=CC(O[*])C(=O)NCC(OC(=O)[*])C(N)=O,[*]OC(=O)OC(CNC(=O)C([*])C=C)C(N)=O,4.08e-05,-4.38933983691012,3,-4.198622703552246
27874,CCOC(=O)C(C)NCC(COC(=O)*)O*,CCOC(=O)C(C)NCC(COC(=O)[*])O[*],[*]COC(=O)OC([*])CNC(C)C(=O)OCC,3.21e-05,-4.493494967595128,2,-4.240984916687012
27875,NC(=O)CCC(=O)NCC(CO*)OC(=O)*,NC(=O)CCC(=O)NCC(CO[*])OC(=O)[*],[*]COC(=O)OC([*])CNC(=O)CCC(N)=O,0.000131,-3.8827287043442356,2,-4.268217086791992
27876,NC(=O)CCNCC(COC(=O)*)O*,NC(=O)CCNCC(COC(=O)[*])O[*],[*]COC(=O)OC([*])CNCCC(N)=O,0.000102,-3.9913998282380825,3,-4.0881428718566895
27877,CCC(CO*)N(CC)CCCOC(=O)*,CCC(CO[*])N(CC)CCCOC(=O)[*],[*]COC(=O)OCCCN(CC)C([*])CC,5.23e-05,-4.281498311132726,1,-4.26215934753418
27878,CC(=O)NCC(CO*)OC(=O)*,CC(=O)NCC(CO[*])OC(=O)[*],[*]COC(=O)OC([*])CNC(C)=O,6.32e-05,-4.199282921717615,2,-4.122154235839844
27879,CCCC(OC(=O)*)C(=O)NCCCCO*,CCCC(OC(=O)[*])C(=O)NCCCCO[*],[*]OC(=O)OCCCCNC(=O)C([*])CCC,8.13e-05,-4.089909454405932,3,-4.191242218017578
27880,CCCCN(CCCO*)CCCOC(=O)*,CCCCN(CCCO[*])CCCOC(=O)[*],[*]CCCOC(=O)OCCCN([*])CCCC,8.99e-05,-4.046240308266771,2,-4.184471130371094
27881,CCC(OC(=O)*)C(=O)OCC(C)(C)O*,CCC(OC(=O)[*])C(=O)OCC(C)(C)O[*],[*]OC(=O)OC(C)(C)COC(=O)C([*])CC,6.81e-05,-4.166852888087215,2,-4.398403644561768
27882,CCC(OC(=O)*)C(C)C(=O)NCC#CCO*,CCC(OC(=O)[*])C(C)C(=O)NCC#CCO[*],[*]OC(=O)OCC#CCNC(=O)C(C)C([*])CC,4.8e-05,-4.318758762624412,1,-4.479180335998535
27883,CCC(CN(C)CC(CC)NC(=O)*)N*,CCC(CN(C)CC(CC)NC(=O)[*])N[*],[*]CN(C)CC(CC)NC(=O)NC([*])CC,6.93e-05,-4.159266765388193,1,-4.381863594055176
27884,CC(CC(=O)OCC(C)(C)COC(=O)*)O*,CC(CC(=O)OCC(C)(C)COC(=O)[*])O[*],[*]CC(=O)OCC(C)(C)COC(=O)OC([*])C,2.5e-05,-4.6020599913279625,2,-4.535519123077393
27885,C#CC(C)(C)C(=O)N(C)CC(COC(=O)*)O*,C#CC(C)(C)C(=O)N(C)CC(COC(=O)[*])O[*],[*]COC(=O)OC([*])CN(C)C(=O)C(C)(C)C#C,3.64e-05,-4.438898616350944,1,-4.4117207527160645
27886,C=CC(=NCC(CO*)OC(=O)*)NCOC,C=CC(=NCC(CO[*])OC(=O)[*])NCOC,[*]COC(=O)OC([*])CN=C(C=C)NCOC,0.000118,-3.9281179926938745,3,-4.052187442779541
27887,CC(C)(C#N)CNC(=O)C(CNC(=O)*)O*,CC(C)(C#N)CNC(=O)C(CNC(=O)[*])O[*],[*]CNC(=O)OC([*])C(=O)NCC(C)(C)C#N,5.31e-05,-4.274905478918531,0,-4.325346946716309
27888,C=CC(C)(CNC(COC(=O)*)C(N)=O)O*,C=CC(C)(CNC(COC(=O)[*])C(N)=O)O[*],[*]CNC(COC(=O)OC([*])(C)C=C)C(N)=O,0.000126,-3.899629454882437,1,-4.351974010467529
27889,CCC(CO*)NCCCCCOC(=O)*,CCC(CO[*])NCCCCCOC(=O)[*],[*]COC(=O)OCCCCCNC([*])CC,8.61e-05,-4.064996848546345,2,-4.09772253036499
27890,CCCCC(CNCC(CF)O*)OC(=O)*,CCCCC(CNCC(CF)O[*])OC(=O)[*],[*]CNCC(CF)OC(=O)OC([*])CCCC,4.69e-05,-4.328827157284917,0,-4.305171489715576
27891,C=C(COC(=O)*)C(=O)NCCC(C)(C)O*,C=C(COC(=O)[*])C(=O)NCCC(C)(C)O[*],[*]COC(=O)OC(C)(C)CCNC(=O)C([*])=C,4.56e-05,-4.341035157335565,3,-4.280040740966797
27892,CCC(CNC(C)C(C)(C)COC(=O)*)O*,CCC(CNC(C)C(C)(C)COC(=O)[*])O[*],[*]CNC(C)C(C)(C)COC(=O)OC([*])CC,3.85e-05,-4.414539270491499,0,-4.466758728027344
27893,N#CC(NC(=O)C(CN*)NC(=O)*)C(N)=O,N#CC(NC(=O)C(CN[*])NC(=O)[*])C(N)=O,[*]CNC(=O)NC([*])C(=O)NC(C#N)C(N)=O,4.6e-05,-4.337242168318426,1,-4.2669453620910645
27894,O=C(*)OC(CNCCCS)CO*,O=C([*])OC(CNCCCS)CO[*],[*]OCC(CNCCCS)OC([*])=O,5.38e-05,-4.269217724333611,1,-4.191757678985596
27895,CCCCC(CNC(CC)COC(=O)*)O*,CCCCC(CNC(CC)COC(=O)[*])O[*],[*]CNC(CC)COC(=O)OC([*])CCCC,5.86e-05,-4.23210238398191,1,-4.389782905578613
27896,CN(C)CCNC(=O)C(CO*)NC(=O)*,CN(C)CCNC(=O)C(CO[*])NC(=O)[*],[*]COC(=O)NC([*])C(=O)NCCN(C)C,8.7e-05,-4.060480747381382,0,-4.22723913192749
27897,C=CC(CNC(COC(=O)*)C(=O)OC)O*,C=CC(CNC(COC(=O)[*])C(=O)OC)O[*],[*]CNC(COC(=O)OC([*])C=C)C(=O)OC,6.01e-05,-4.221125527997261,2,-4.320106506347656
27898,CC(C)C#CC(=O)NCC(OC(=O)*)C(C)O*,CC(C)C#CC(=O)NCC(OC(=O)[*])C(C)O[*],[*]OC(=O)OC(C)C([*])CNC(=O)C#CC(C)C,3.43e-05,-4.464705879957229,0,-4.408034324645996
27899,CC(C)N(CCCCCO*)CCNC(=O)*,CC(C)N(CCCCCO[*])CCNC(=O)[*],[*]CCCCCOC(=O)NCCN([*])C(C)C,7.33e-05,-4.134896025358872,0,-4.199434757232666
27900,CN(C)C(=O)CN(CCO*)CCOC(=O)*,CN(C)C(=O)CN(CCO[*])CCOC(=O)[*],[*]CCOC(=O)OCCN([*])CC(=O)N(C)C,9.93e-05,-4.0030507515046185,2,-3.8657898902893066
27901,CC(C#N)CN(C)C(=O)C(CN*)OC(=O)*,CC(C#N)CN(C)C(=O)C(CN[*])OC(=O)[*],[*]CNC(=O)OC([*])C(=O)N(C)CC(C)C#N,4.88e-05,-4.311580177997289,3,-4.32709264755249
27902,COCCCNC(CO*)COC(=O)*,COCCCNC(CO[*])COC(=O)[*],[*]COC(=O)OCC([*])NCCCOC,7.61e-05,-4.118615343229427,1,-3.992704391479492
27903,CCC(CN(C)CC(C)OC(=O)*)O*,CCC(CN(C)CC(C)OC(=O)[*])O[*],[*]CN(C)CC(C)OC(=O)OC([*])CC,5.51e-05,-4.258848401148215,3,-4.253379821777344
27904,CC(C)C(N*)C(=O)NC(C#N)COC(=O)*,CC(C)C(N[*])C(=O)NC(C#N)COC(=O)[*],[*]NC(=O)OCC(C#N)NC(=O)C([*])C(C)C,3.13e-05,-4.504455662453552,3,-4.368372917175293
27905,C=C(C)CCC(=O)NC(CO*)COC(=O)*,C=C(C)CCC(=O)NC(CO[*])COC(=O)[*],[*]COC(=O)OCC([*])NC(=O)CCC(=C)C,7.29e-05,-4.137272471682025,1,-4.298797607421875
27906,CCCCC(C)NCC(CO*)OC(=O)*,CCCCC(C)NCC(CO[*])OC(=O)[*],[*]COC(=O)OC([*])CNC(C)CCCC,4.06e-05,-4.391473966422806,1,-4.429198265075684
27907,CC(OC(=O)*)C(=O)NCCCO*,CC(OC(=O)[*])C(=O)NCCCO[*],[*]OC(=O)OCCCNC(=O)C([*])C,7.27e-05,-4.138465589140962,3,-4.216258525848389
27908,NC(=O)CCNC(=O)C(COC(=O)*)N*,NC(=O)CCNC(=O)C(COC(=O)[*])N[*],[*]COC(=O)NC([*])C(=O)NCCC(N)=O,9.32e-05,-4.030584087646019,3,-4.120589256286621
27909,CCC(CN(C)CCCO*)NC(=O)*,CCC(CN(C)CCCO[*])NC(=O)[*],[*]CN(C)CCCOC(=O)NC([*])CC,7.48e-05,-4.126098402135539,3,-4.14353609085083
27910,C=C(C)C(CO*)N(C)CCOC(=O)*,C=C(C)C(CO[*])N(C)CCOC(=O)[*],[*]COC(=O)OCCN(C)C([*])C(=C)C,6e-05,-4.221848749616356,0,-4.248390197753906
27911,COCC(CN(C)CCN*)OC(=O)*,COCC(CN(C)CCN[*])OC(=O)[*],[*]CN(C)CCNC(=O)OC([*])COC,6.42e-05,-4.192464971931146,0,-4.05132532119751
27912,CCC(CO*)N(C)CC(CC#N)OC(=O)*,CCC(CO[*])N(C)CC(CC#N)OC(=O)[*],[*]COC(=O)OC(CC#N)CN(C)C([*])CC,3.09e-05,-4.510041520575165,0,-4.305530071258545
27913,CC(C)N(CCCO*)CCOC(=O)*,CC(C)N(CCCO[*])CCOC(=O)[*],[*]CCCOC(=O)OCCN([*])C(C)C,8.74e-05,-4.058488567365597,3,-4.210193157196045
27914,C=C(CC(OC(=O)*)C(C)C)C(C)CO*,C=C(CC(OC(=O)[*])C(C)C)C(C)CO[*],[*]CC(OC(=O)OCC(C)C([*])=C)C(C)C,2.04e-05,-4.690369832574101,3,-4.534223556518555
27915,C=CCC(C)C(=O)NCC(CO*)OC(=O)*,C=CCC(C)C(=O)NCC(CO[*])OC(=O)[*],[*]COC(=O)OC([*])CNC(=O)C(C)CC=C,4.38e-05,-4.3585258894959,2,-4.320069789886475
27916,CCCCC(CN(C)CC(C)NC(=O)*)O*,CCCCC(CN(C)CC(C)NC(=O)[*])O[*],[*]CN(C)CC(C)NC(=O)OC([*])CCCC,5.62e-05,-4.250263684430939,0,-4.400680065155029
27917,C=CCC(CC=C)(O*)C(NC(=O)*)C(C)C,C=CCC(CC=C)(O[*])C(NC(=O)[*])C(C)C,[*]OC(=O)NC(C(C)C)C([*])(CC=C)CC=C,3.35e-05,-4.474955192963154,0,-4.62070369720459
27918,CCCCC(CNCC(CC)NC(=O)*)O*,CCCCC(CNCC(CC)NC(=O)[*])O[*],[*]CNCC(CC)NC(=O)OC([*])CCCC,3.3e-05,-4.481486060122113,1,-4.31063985824585
27919,CN(CCCNC(=O)*)C(=O)CN*,CN(CCCNC(=O)[*])C(=O)CN[*],[*]CCCNC(=O)NCC(=O)N([*])C,5.47e-05,-4.262012673666569,1,-4.245328903198242
27920,CC(O*)C(CN(C)CCCF)OC(=O)*,CC(O[*])C(CN(C)CCCF)OC(=O)[*],[*]OC(=O)OC(CN(C)CCCF)C([*])C,2.4e-05,-4.619788758288394,1,-4.193938255310059
27921,CC(=O)N(C)CC(COC(=O)*)O*,CC(=O)N(C)CC(COC(=O)[*])O[*],[*]COC(=O)OC([*])CN(C)C(C)=O,5.17e-05,-4.286509456906058,2,-4.258554458618164
27922,C#CCOCC(CNC(C)COC(=O)*)O*,C#CCOCC(CNC(C)COC(=O)[*])O[*],[*]CNC(C)COC(=O)OC([*])COCC#C,0.000123,-3.910094888560602,2,-4.004616737365723
27923,CC(=O)CN(CCO*)CCOC(=O)*,CC(=O)CN(CCO[*])CCOC(=O)[*],[*]CCOC(=O)OCCN([*])CC(C)=O,0.000181,-3.7423214251308154,2,-4.018519878387451
27924,C#CCC(CO*)NC(=O)C(C)(CC)OC(=O)*,C#CCC(CO[*])NC(=O)C(C)(CC)OC(=O)[*],[*]COC(=O)OC(C)(CC)C(=O)NC([*])CC#C,3.87e-05,-4.412289034981089,0,-4.218661785125732
27925,CON=CC(=O)N(C)CC(CO*)OC(=O)*,CON=CC(=O)N(C)CC(CO[*])OC(=O)[*],[*]COC(=O)OC([*])CN(C)C(=O)C=NOC,3.75e-05,-4.425968732272281,0,-4.179640293121338
27926,C=CC(COC(=O)*)NC(=O)CC(C)O*,C=CC(COC(=O)[*])NC(=O)CC(C)O[*],[*]COC(=O)OC(C)CC(=O)NC([*])C=C,6e-05,-4.221848749616356,1,-4.205410480499268
27927,C=CC(CNC(CO*)C(N)=O)OC(=O)*,C=CC(CNC(CO[*])C(N)=O)OC(=O)[*],[*]CNC(COC(=O)OC([*])C=C)C(N)=O,4.2e-05,-4.376750709602099,1,-4.2949910163879395
27928,C#CC(C)(NC(=O)*)C(=O)NCC(CF)O*,C#CC(C)(NC(=O)[*])C(=O)NCC(CF)O[*],[*]NC(=O)OC(CF)CNC(=O)C([*])(C)C#C,3.02e-05,-4.519993057042849,1,-4.332627296447754
27929,CC(C)(C)CCN(CCO*)CCOC(=O)*,CC(C)(C)CCN(CCO[*])CCOC(=O)[*],[*]CCOC(=O)OCCN([*])CCC(C)(C)C,4.44e-05,-4.35261702988538,3,-4.318200588226318
27930,CC(C#N)CNC(=O)C(COC(=O)*)N*,CC(C#N)CNC(=O)C(COC(=O)[*])N[*],[*]COC(=O)NC([*])C(=O)NCC(C)C#N,6.79e-05,-4.168130225719499,3,-4.3185319900512695
27931,CCCCC(CNC(C)CCO*)OC(=O)*,CCCCC(CNC(C)CCO[*])OC(=O)[*],[*]CNC(C)CCOC(=O)OC([*])CCCC,6.08e-05,-4.216096420727265,1,-4.164025783538818
27932,CCN(CC#N)C(=O)C(CO*)NC(=O)*,CCN(CC#N)C(=O)C(CO[*])NC(=O)[*],[*]COC(=O)NC([*])C(=O)N(CC)CC#N,6.42e-05,-4.192464971931146,3,-4.306983947753906
27933,CC(C)N(CCCCCO*)CCOC(=O)*,CC(C)N(CCCCCO[*])CCOC(=O)[*],[*]CCCCCOC(=O)OCCN([*])C(C)C,6.5e-05,-4.187086643357144,2,-4.082350254058838
27934,O=C(*)NCCNC(=O)CNC(=O)CN*,O=C([*])NCCNC(=O)CNC(=O)CN[*],[*]CNC(=O)CNC(=O)NCCNC([*])=O,5.83e-05,-4.2343314452409855,3,-4.139971733093262
27935,C=CC(CNCC(C)(C)O*)OC(=O)*,C=CC(CNCC(C)(C)O[*])OC(=O)[*],[*]CNCC(C)(C)OC(=O)OC([*])C=C,3.16e-05,-4.5003129173815966,2,-4.289479732513428
27936,C=CC(CNCC(=O)CCOC(=O)*)O*,C=CC(CNCC(=O)CCOC(=O)[*])O[*],[*]CNCC(=O)CCOC(=O)OC([*])C=C,0.000158,-3.8013429130455774,0,-3.9617109298706055
27937,CC(O*)C(CN(C)CCC#N)OC(=O)*,CC(O[*])C(CN(C)CCC#N)OC(=O)[*],[*]OC(=O)OC(CN(C)CCC#N)C([*])C,0.000112,-3.9507819773298185,3,-4.228034019470215
27938,CCC(COC(=O)*)SCCCO*,CCC(COC(=O)[*])SCCCO[*],[*]COC(=O)OCCCSC([*])CC,0.000106,-3.9746941347352296,0,-4.143068790435791
27939,CCCCCN(C)CC(CN*)OC(=O)*,CCCCCN(C)CC(CN[*])OC(=O)[*],[*]CNC(=O)OC([*])CN(C)CCCCC,5.13e-05,-4.289882634888183,3,-4.310611724853516
27940,C=CCNC(=O)N(C)CC(COC(=O)*)O*,C=CCNC(=O)N(C)CC(COC(=O)[*])O[*],[*]COC(=O)OC([*])CN(C)C(=O)NCC=C,2.47e-05,-4.607303046740334,2,-4.2482194900512695
27941,CCOCCNC(CO*)COC(=O)*,CCOCCNC(CO[*])COC(=O)[*],[*]COC(=O)OCC([*])NCCOCC,0.00012,-3.9208187539523753,2,-4.035959720611572
27942,CCC(C)(OC(=O)*)C(=O)NCCCCO*,CCC(C)(OC(=O)[*])C(=O)NCCCCO[*],[*]OC(=O)OCCCCNC(=O)C([*])(C)CC,6.27e-05,-4.202732459169283,2,-4.165164947509766
27943,C=CC(CNC(C)(C)COC(=O)*)O*,C=CC(CNC(C)(C)COC(=O)[*])O[*],[*]CNC(C)(C)COC(=O)OC([*])C=C,4.03e-05,-4.394694953858891,0,-4.259530067443848
27944,CC(CCOC(=O)*)N(C)CC(CC#N)O*,CC(CCOC(=O)[*])N(C)CC(CC#N)O[*],[*]CCOC(=O)OC(CC#N)CN(C)C([*])C,3.45e-05,-4.462180904926726,1,-4.199497699737549
27945,C#CC(C)NC(=O)C(CCCCN*)NC(=O)*,C#CC(C)NC(=O)C(CCCCN[*])NC(=O)[*],[*]CCCCNC(=O)NC([*])C(=O)NC(C)C#C,3.77e-05,-4.423658649794207,1,-4.23142671585083
27946,CCCCN(CCCOC(=O)*)CCO*,CCCCN(CCCOC(=O)[*])CCO[*],[*]CCCOC(=O)OCCN([*])CCCC,9.86e-05,-4.006123085058789,0,-3.9629933834075928
27947,CC(CNCC(C)(C)C(C)OC(=O)*)O*,CC(CNCC(C)(C)C(C)OC(=O)[*])O[*],[*]CNCC(C)(C)C(C)OC(=O)OC([*])C,2.45e-05,-4.610833915635467,0,-4.555350303649902
27948,C=CC(CNC(C)CO*)OC(=O)*,C=CC(CNC(C)CO[*])OC(=O)[*],[*]CNC(C)COC(=O)OC([*])C=C,0.000118,-3.9281179926938745,2,-4.122913360595703
27949,C=CCOCC(=O)NCC(CO*)OC(=O)*,C=CCOCC(=O)NCC(CO[*])OC(=O)[*],[*]COC(=O)OC([*])CNC(=O)COCC=C,8.75e-05,-4.057991946977687,0,-4.101718425750732
27950,CC(CNC(=O)*)C(=O)NCCO*,CC(CNC(=O)[*])C(=O)NCCO[*],[*]CNC(=O)OCCNC(=O)C([*])C,5.76e-05,-4.239577516576788,1,-4.272526264190674
27951,CCC(N*)C(=O)NCCNC(=O)*,CCC(N[*])C(=O)NCCNC(=O)[*],[*]NC(=O)NCCNC(=O)C([*])CC,6.49e-05,-4.187755303199631,0,-4.209059715270996
27952,C=CC(O*)C(=O)NC(COC(=O)*)C(N)=O,C=CC(O[*])C(=O)NC(COC(=O)[*])C(N)=O,[*]OC(=O)OCC(NC(=O)C([*])C=C)C(N)=O,7.99e-05,-4.097453220686009,2,-4.087324142456055
27953,COCC(CNC(=O)C(C)(C)NC(=O)*)O*,COCC(CNC(=O)C(C)(C)NC(=O)[*])O[*],[*]CNC(=O)C(C)(C)NC(=O)OC([*])COC,4.24e-05,-4.372634143407267,1,-4.129236698150635
27954,CC#CCN(C)CC(COC(=O)*)O*,CC#CCN(C)CC(COC(=O)[*])O[*],[*]COC(=O)OC([*])CN(C)CC#CC,5.62e-05,-4.250263684430939,1,-4.303110122680664
27955,C#CC(C)(C)N(C)CC(CO*)OC(=O)*,C#CC(C)(C)N(C)CC(CO[*])OC(=O)[*],[*]COC(=O)OC([*])CN(C)C(C)(C)C#C,2.57e-05,-4.590066876668706,1,-4.286320686340332
27956,C=CCONC(=O)NC(CO*)COC(=O)*,C=CCONC(=O)NC(CO[*])COC(=O)[*],[*]COC(=O)OCC([*])NC(=O)NOCC=C,6.77e-05,-4.169411331314856,3,-4.263006210327148
27957,C=CC(CNCCCOC(=O)*)O*,C=CC(CNCCCOC(=O)[*])O[*],[*]CNCCCOC(=O)OC([*])C=C,8.62e-05,-4.064492734175287,1,-4.030491828918457
27958,CC(C)N(CCCCOC(=O)*)CCCO*,CC(C)N(CCCCOC(=O)[*])CCCO[*],[*]CCCCOC(=O)OCCCN([*])C(C)C,5.74e-05,-4.241088107602026,1,-4.121912479400635
27959,CCCC(OC(=O)*)C(=O)NCCC(C)O*,CCCC(OC(=O)[*])C(=O)NCCC(C)O[*],[*]OC(=O)OC(C)CCNC(=O)C([*])CCC,5.85e-05,-4.23284413391782,2,-4.295382976531982
27960,CCC(CN(CCO*)C(C)C)OC(=O)*,CCC(CN(CCO[*])C(C)C)OC(=O)[*],[*]CN(CCOC(=O)OC([*])CC)C(C)C,4.66e-05,-4.33161408331,2,-4.3540496826171875
27961,CCOCC(CNCCOC(=O)*)O*,CCOCC(CNCCOC(=O)[*])O[*],[*]CNCCOC(=O)OC([*])COCC,5.26e-05,-4.279014255846261,3,-3.9385862350463867
27962,CCCN(CCCCO*)CCOC(=O)*,CCCN(CCCCO[*])CCOC(=O)[*],[*]CCCCOC(=O)OCCN([*])CCC,7.1e-05,-4.1487416512809245,1,-4.0605854988098145
27963,C=CC(C)(C)NC(=O)C(CO*)NC(=O)*,C=CC(C)(C)NC(=O)C(CO[*])NC(=O)[*],[*]COC(=O)NC([*])C(=O)NC(C)(C)C=C,6.48e-05,-4.188424994129407,1,-4.401160717010498
27964,C=CC(CO*)NC(=O)CCOC(=O)*,C=CC(CO[*])NC(=O)CCOC(=O)[*],[*]COC(=O)OCCC(=O)NC([*])C=C,5.63e-05,-4.249491605148654,2,-4.100978374481201
27965,C=C(CO*)C(=O)NCC(OC(=O)*)C(=O)O,C=C(CO[*])C(=O)NCC(OC(=O)[*])C(=O)O,[*]COC(=O)OC(CNC(=O)C([*])=C)C(=O)O,4.46e-05,-4.350665141287858,1,-4.329140663146973
27966,CC(CCCC(=O)OCCCOC(=O)*)O*,CC(CCCC(=O)OCCCOC(=O)[*])O[*],[*]CCCC(=O)OCCCOC(=O)OC([*])C,7.63e-05,-4.117475462045119,2,-4.198496341705322
27967,CCN(C(=O)C(CO*)NC(=O)*)C(C)C#N,CCN(C(=O)C(CO[*])NC(=O)[*])C(C)C#N,[*]COC(=O)NC([*])C(=O)N(CC)C(C)C#N,2.41e-05,-4.617982957425132,0,-4.392109394073486
27968,COCC(CNCC(C)O*)OC(=O)*,COCC(CNCC(C)O[*])OC(=O)[*],[*]CNCC(C)OC(=O)OC([*])COC,6.59e-05,-4.18111458540599,0,-4.040553569793701
27969,C=C(COC(=O)*)C(=O)NCC(O*)C(N)=O,C=C(COC(=O)[*])C(=O)NCC(O[*])C(N)=O,[*]COC(=O)OC(CNC(=O)C([*])=C)C(N)=O,5.71e-05,-4.243363891754152,3,-4.137337684631348
27970,CCON(CC)CC(OC(=O)*)C(C)O*,CCON(CC)CC(OC(=O)[*])C(C)O[*],[*]OC(=O)OC(C)C([*])CN(CC)OCC,4.43e-05,-4.3535962737769305,0,-4.4264607429504395
27971,CCCCC(CNCCCCO*)OC(=O)*,CCCCC(CNCCCCO[*])OC(=O)[*],[*]CNCCCCOC(=O)OC([*])CCCC,5.24e-05,-4.280668713016273,1,-4.098299026489258
27972,CC(C)(NCC(CO*)OC(=O)*)C(N)=O,CC(C)(NCC(CO[*])OC(=O)[*])C(N)=O,[*]COC(=O)OC([*])CNC(C)(C)C(N)=O,0.000102,-3.9913998282380825,0,-4.298764228820801
27973,CC(C)(COC(=O)*)C(=O)NC(C#N)CO*,CC(C)(COC(=O)[*])C(=O)NC(C#N)CO[*],[*]COC(=O)OCC(C#N)NC(=O)C([*])(C)C,3.31e-05,-4.480172006224281,3,-4.397958755493164
27974,CC(C)=CCN(CCO*)CCOC(=O)*,CC(C)=CCN(CCO[*])CCOC(=O)[*],[*]CCOC(=O)OCCN([*])CC=C(C)C,5.26e-05,-4.279014255846261,1,-4.1007208824157715
27975,CCC(C)NC(CCO*)CCOC(=O)*,CCC(C)NC(CCO[*])CCOC(=O)[*],[*]CCOC(=O)OCCC([*])NC(C)CC,5.29e-05,-4.276544327964814,0,-4.325422286987305
27976,C=C(COC(=O)*)C(=O)NC(C)C(C)(C)O*,C=C(COC(=O)[*])C(=O)NC(C)C(C)(C)O[*],[*]COC(=O)OC(C)(C)C(C)NC(=O)C([*])=C,3.31e-05,-4.480172006224281,3,-4.361263751983643
27977,CCC(CC#N)NC(=O)C(CNC(=O)*)N*,CCC(CC#N)NC(=O)C(CNC(=O)[*])N[*],[*]CNC(=O)NC([*])C(=O)NC(CC)CC#N,5.67e-05,-4.246416941107094,2,-4.1067681312561035
27978,CCC(C(=O)NCC#CCOC(=O)*)C(C)O*,CCC(C(=O)NCC#CCOC(=O)[*])C(C)O[*],[*]C(=O)NCC#CCOC(=O)OC(C)C([*])CC,3.2e-05,-4.494850021680094,2,-4.349844932556152
27979,C#CCN(CC#N)CC(OC(=O)*)C(C)(C)O*,C#CCN(CC#N)CC(OC(=O)[*])C(C)(C)O[*],[*]OC(=O)OC(C)(C)C([*])CN(CC#C)CC#N,5.53e-05,-4.257274868695302,3,-4.339590549468994
27980,N#CCC(NC(=O)*)C(=O)NCCCCCO*,N#CCC(NC(=O)[*])C(=O)NCCCCCO[*],[*]NC(=O)OCCCCCNC(=O)C([*])CC#N,6.18e-05,-4.209011524911184,0,-4.209329605102539
27981,C#CC(C)(N*)C(=O)NC(C=C)COC(=O)*,C#CC(C)(N[*])C(=O)NC(C=C)COC(=O)[*],[*]NC(=O)OCC(C=C)NC(=O)C([*])(C)C#C,6.99e-05,-4.1555228242543185,2,-4.284008979797363
27982,C[Si](C)(C)C#CNCC(COC(=O)*)O*,C[Si](C)(C)C#CNCC(COC(=O)[*])O[*],[*]COC(=O)OC([*])CNC#C[Si](C)(C)C,3.51e-05,-4.454692883534176,0,-4.3341145515441895
27983,N#CCCCCNC(=O)C(CNC(=O)*)N*,N#CCCCCNC(=O)C(CNC(=O)[*])N[*],[*]CNC(=O)NC([*])C(=O)NCCCCC#N,6.18e-05,-4.209011524911184,3,-4.207891941070557
27984,C=CCOCC(CNC(C)COC(=O)*)O*,C=CCOCC(CNC(C)COC(=O)[*])O[*],[*]CNC(C)COC(=O)OC([*])COCC=C,7.2e-05,-4.142667503568732,0,-4.020155906677246
27985,CCCCC(C)N(CCO*)CCOC(=O)*,CCCCC(C)N(CCO[*])CCOC(=O)[*],[*]CCOC(=O)OCCN([*])C(C)CCCC,3.86e-05,-4.413412695328245,0,-4.174992084503174
27986,CC(O*)C(CN(C)CC(C)(C)C)OC(=O)*,CC(O[*])C(CN(C)CC(C)(C)C)OC(=O)[*],[*]OC(=O)OC(CN(C)CC(C)(C)C)C([*])C,4.57e-05,-4.34008379993015,3,-4.568358898162842
27987,CCCCC(CNCCCO*)OC(=O)*,CCCCC(CNCCCO[*])OC(=O)[*],[*]CNCCCOC(=O)OC([*])CCCC,9.53e-05,-4.020907099361674,0,-4.0962371826171875
27988,C#CCOCC(CN(C)CCO*)OC(=O)*,C#CCOCC(CN(C)CCO[*])OC(=O)[*],[*]CN(C)CCOC(=O)OC([*])COCC#C,7.35e-05,-4.133712660915805,1,-3.883875608444214
27989,CC(C)C(C)N(C)CC(OC(=O)*)C(C)O*,CC(C)C(C)N(C)CC(OC(=O)[*])C(C)O[*],[*]OC(=O)OC(C)C([*])CN(C)C(C)C(C)C,2.37e-05,-4.6252516539898965,1,-4.4410505294799805
27990,C=C(Cl)CC(N*)C(=O)NCCNC(=O)*,C=C(Cl)CC(N[*])C(=O)NCCNC(=O)[*],[*]NC(=O)NCCNC(=O)C([*])CC(=C)Cl,4.97e-05,-4.303643611266668,0,-4.368722915649414
27991,C=CC(C)(OC(=O)*)C(=O)NCCCCN*,C=CC(C)(OC(=O)[*])C(=O)NCCCCN[*],[*]OC(=O)NCCCCNC(=O)C([*])(C)C=C,5.95e-05,-4.22548303427145,1,-4.190080165863037
27992,C=CC(CNCC(CC)OC(=O)*)O*,C=CC(CNCC(CC)OC(=O)[*])O[*],[*]CNCC(CC)OC(=O)OC([*])C=C,8.34e-05,-4.078833949362261,3,-4.157960414886475
27993,O=C(*)NC(CNCCCCN*)CC(F)F,O=C([*])NC(CNCCCCN[*])CC(F)F,[*]NCCCCNCC(CC(F)F)NC([*])=O,9.74e-05,-4.011441043121384,2,-4.059087753295898
27994,C=CC(C)(C)CNC(=O)C(CO*)NC(=O)*,C=CC(C)(C)CNC(=O)C(CO[*])NC(=O)[*],[*]COC(=O)NC([*])C(=O)NCC(C)(C)C=C,5.82e-05,-4.235077015350112,0,-4.4023966789245605
27995,C=CC(C)NC(=O)C(NC(=O)*)C(C)(C)O*,C=CC(C)NC(=O)C(NC(=O)[*])C(C)(C)O[*],[*]NC(=O)OC(C)(C)C([*])C(=O)NC(C)C=C,5.93e-05,-4.226945306635737,3,-4.382975101470947
27996,COCCCNC(=O)C(CO*)NC(=O)*,COCCCNC(=O)C(CO[*])NC(=O)[*],[*]COC(=O)NC([*])C(=O)NCCCOC,9.69e-05,-4.013676222949234,2,-4.105573654174805
27997,CCC(CO*)C(=O)NC(C#N)COC(=O)*,CCC(CO[*])C(=O)NC(C#N)COC(=O)[*],[*]COC(=O)OCC(C#N)NC(=O)C([*])CC,6.34e-05,-4.1979107421182675,0,-4.307065963745117
27998,C=CC(COC(=O)*)NCC(CC#N)O*,C=CC(COC(=O)[*])NCC(CC#N)O[*],[*]COC(=O)OC(CC#N)CNC([*])C=C,6.6e-05,-4.180456064458132,2,-4.057387828826904
27999,CCC(CO*)NCCCCOC(=O)*,CCC(CO[*])NCCCCOC(=O)[*],[*]COC(=O)OCCCCNC([*])CC,9.35e-05,-4.029188389127483,3,-4.140989780426025
28000,C=CC(C)(OC(=O)*)C(=O)NCC(C)N*,C=CC(C)(OC(=O)[*])C(=O)NCC(C)N[*],[*]OC(=O)NC(C)CNC(=O)C([*])(C)C=C,5.09e-05,-4.293282217663242,0,-4.407987117767334
28001,CCCC(CN(C)CC(CC)NC(=O)*)O*,CCCC(CN(C)CC(CC)NC(=O)[*])O[*],[*]CN(C)CC(CC)NC(=O)OC([*])CCC,6.03e-05,-4.219682687859849,3,-4.432825565338135
28002,CN(CC(CC#N)OC(=O)*)CC(C)(C)O*,CN(CC(CC#N)OC(=O)[*])CC(C)(C)O[*],[*]CC(CC#N)OC(=O)OC(C)(C)CN([*])C,4.02e-05,-4.39577394691553,2,-4.373337745666504
28003,CCCCCC(CN(C)CCO*)OC(=O)*,CCCCCC(CN(C)CCO[*])OC(=O)[*],[*]CN(C)CCOC(=O)OC([*])CCCCC,7.76e-05,-4.110138278741812,2,-4.148535251617432
28004,C=CCCC(COC(=O)*)NC(=O)CO*,C=CCCC(COC(=O)[*])NC(=O)CO[*],[*]COC(=O)OCC(=O)NC([*])CCC=C,8.44e-05,-4.073657553374345,3,-4.134485244750977
28005,C=CC(COC(=O)*)NCC(C=C)O*,C=CC(COC(=O)[*])NCC(C=C)O[*],[*]COC(=O)OC(C=C)CNC([*])C=C,0.0001,-4.0,3,-4.249961853027344
28006,CCCC(OC(=O)*)C(=O)NC(CC)CO*,CCCC(OC(=O)[*])C(=O)NC(CC)CO[*],[*]OC(=O)OCC(CC)NC(=O)C([*])CCC,3.26e-05,-4.486782399932061,0,-4.364338397979736
28007,C=CC(CNCC(C)CO*)OC(=O)*,C=CC(CNCC(C)CO[*])OC(=O)[*],[*]CNCC(C)COC(=O)OC([*])C=C,5.33e-05,-4.273272790973428,3,-4.179206848144531
28008,C=CCOC(=O)N(C)CC(COC(=O)*)O*,C=CCOC(=O)N(C)CC(COC(=O)[*])O[*],[*]COC(=O)OC([*])CN(C)C(=O)OCC=C,3.46e-05,-4.460923901207224,0,-4.366122722625732
28009,CCCCC(CO*)NCC(C)(C)OC(=O)*,CCCCC(CO[*])NCC(C)(C)OC(=O)[*],[*]COC(=O)OC(C)(C)CNC([*])CCCC,3.47e-05,-4.459670525209126,2,-4.386471748352051
28010,CCCN(CC(O*)C(C)OC(=O)*)C(C)C,CCCN(CC(O[*])C(C)OC(=O)[*])C(C)C,[*]OC(=O)OC(C)C([*])CN(CCC)C(C)C,1.83e-05,-4.73754891026957,1,-4.660879611968994
28011,CCCCC(CNCC(CC)O*)OC(=O)*,CCCCC(CNCC(CC)O[*])OC(=O)[*],[*]CNCC(CC)OC(=O)OC([*])CCCC,8.51e-05,-4.070070439915412,2,-4.27285099029541
28012,CC(C)N(CCCCN*)CCCOC(=O)*,CC(C)N(CCCCN[*])CCCOC(=O)[*],[*]CCCCNC(=O)OCCCN([*])C(C)C,5.55e-05,-4.255707016877324,2,-4.022724151611328
28013,CCCC#CC(=O)N(C)CC(COC(=O)*)O*,CCCC#CC(=O)N(C)CC(COC(=O)[*])O[*],[*]COC(=O)OC([*])CN(C)C(=O)C#CCCC,5.96e-05,-4.2247537402597635,3,-4.381122589111328
28014,COCC(CNC(C)CO*)OC(=O)*,COCC(CNC(C)CO[*])OC(=O)[*],[*]CNC(C)COC(=O)OC([*])COC,0.000106,-3.9746941347352296,0,-4.078471660614014
28015,C=CCOCC(CNCC(C)OC(=O)*)O*,C=CCOCC(CNCC(C)OC(=O)[*])O[*],[*]CNCC(C)OC(=O)OC([*])COCC=C,8.04e-05,-4.094743951251549,1,-3.9714066982269287
28016,C#CCN(CC#CC)CC(OC(=O)*)C(C)O*,C#CCN(CC#CC)CC(OC(=O)[*])C(C)O[*],[*]OC(=O)OC(C)C([*])CN(CC#C)CC#CC,8.9e-05,-4.050609993355088,1,-4.438394069671631
28017,CC(CNCC(F)C(C)(C)OC(=O)*)O*,CC(CNCC(F)C(C)(C)OC(=O)[*])O[*],[*]CNCC(F)C(C)(C)OC(=O)OC([*])C,2.57e-05,-4.590066876668706,3,-4.3538899421691895
28018,CC(CN(C)CC(C)(C)OC(=O)*)O*,CC(CN(C)CC(C)(C)OC(=O)[*])O[*],[*]CN(C)CC(C)(C)OC(=O)OC([*])C,4.49e-05,-4.347753658996677,1,-4.302331447601318
28019,CC(C)CC(COC(=O)*)NCC(C)O*,CC(C)CC(COC(=O)[*])NCC(C)O[*],[*]COC(=O)OC(C)CNC([*])CC(C)C,6.77e-05,-4.169411331314856,3,-4.361456394195557
28020,CC(OC(=O)*)C(CN(C)CC#N)O*,CC(OC(=O)[*])C(CN(C)CC#N)O[*],[*]OC(=O)OC(CN(C)CC#N)C([*])C,4.96e-05,-4.304518323509803,0,-4.09334659576416
28021,CC(C)(CC#N)CNC(=O)C(COC(=O)*)N*,CC(C)(CC#N)CNC(=O)C(COC(=O)[*])N[*],[*]COC(=O)NC([*])C(=O)NCC(C)(C)CC#N,4.36e-05,-4.360513510731414,2,-4.261143207550049
28022,C=CC(C)(O*)C(=O)NCC(C)(C)NC(=O)*,C=CC(C)(O[*])C(=O)NCC(C)(C)NC(=O)[*],[*]OC(=O)NC(C)(C)CNC(=O)C([*])(C)C=C,4.31e-05,-4.3655227298392685,2,-4.289022445678711
28023,CCC(CC)N(CCN*)CCOC(=O)*,CCC(CC)N(CCN[*])CCOC(=O)[*],[*]CCNC(=O)OCCN([*])C(CC)CC,5.84e-05,-4.2335871528876,0,-4.273056507110596
28024,CCC(C)C(C)NCC(CO*)OC(=O)*,CCC(C)C(C)NCC(CO[*])OC(=O)[*],[*]COC(=O)OC([*])CNC(C)C(C)CC,3.3e-05,-4.481486060122113,3,-4.522060871124268
28025,CCCC(COC(=O)*)NCC(CC)O*,CCCC(COC(=O)[*])NCC(CC)O[*],[*]COC(=O)OC(CC)CNC([*])CCC,4.81e-05,-4.317854923626168,2,-4.319111347198486
28026,CCCC#CC(=O)NCC(COC(=O)*)O*,CCCC#CC(=O)NCC(COC(=O)[*])O[*],[*]COC(=O)OC([*])CNC(=O)C#CCCC,3.77e-05,-4.423658649794207,2,-4.375514507293701
28027,C=CCNC(=O)C(O*)C(C)(C)OC(=O)*,C=CCNC(=O)C(O[*])C(C)(C)OC(=O)[*],[*]OC(=O)OC(C)(C)C([*])C(=O)NCC=C,5.73e-05,-4.24184537803261,3,-4.414187431335449
28028,CCCC(CNCCC(C)NC(=O)*)O*,CCCC(CNCCC(C)NC(=O)[*])O[*],[*]CNCCC(C)NC(=O)OC([*])CCC,2.91e-05,-4.536107011014093,2,-4.194415092468262
28029,CC(O*)C(COC(=O)*)NC(=O)CCS,CC(O[*])C(COC(=O)[*])NC(=O)CCS,[*]OC(=O)OCC(NC(=O)CCS)C([*])C,5.83e-05,-4.2343314452409855,1,-4.286747932434082
28030,CC(NCC=CCO*)C(C)(C)COC(=O)*,CC(NCC=CCO[*])C(C)(C)COC(=O)[*],[*]NCC=CCOC(=O)OCC(C)(C)C([*])C,3.72e-05,-4.429457060118103,3,-4.348222255706787
28031,CC(C)CC(C#N)NC(=O)C(COC(=O)*)N*,CC(C)CC(C#N)NC(=O)C(COC(=O)[*])N[*],[*]COC(=O)NC([*])C(=O)NC(C#N)CC(C)C,3.31e-05,-4.480172006224281,3,-4.3694987297058105
28032,CCC(COC(=O)*)N(CC)CC(C)(C)O*,CCC(COC(=O)[*])N(CC)CC(C)(C)O[*],[*]COC(=O)OC(C)(C)CN(CC)C([*])CC,2.78e-05,-4.555955204081924,2,-4.502719879150391
28033,CC(C)(C)C#CC(=O)NC(CO*)COC(=O)*,CC(C)(C)C#CC(=O)NC(CO[*])COC(=O)[*],[*]COC(=O)OCC([*])NC(=O)C#CC(C)(C)C,3.28e-05,-4.484126156288321,1,-4.425237655639648
28034,C#CCOCC(CNC(C=C)COC(=O)*)O*,C#CCOCC(CNC(C=C)COC(=O)[*])O[*],[*]CNC(C=C)COC(=O)OC([*])COCC#C,9.37e-05,-4.028260409112222,2,-4.057985782623291
28035,C=C(CC)C(=O)N(C)CC(CO*)OC(=O)*,C=C(CC)C(=O)N(C)CC(CO[*])OC(=O)[*],[*]COC(=O)OC([*])CN(C)C(=O)C(=C)CC,6.1e-05,-4.214670164989233,2,-4.39738130569458
28036,C=C(C)CC(NC(=O)*)C(=O)NCC=CCO*,C=C(C)CC(NC(=O)[*])C(=O)NCC=CCO[*],[*]NC(=O)OCC=CCNC(=O)C([*])CC(=C)C,2.78e-05,-4.555955204081924,3,-4.33972692489624
28037,CC#CCCCC(=O)NCC(COC(=O)*)O*,CC#CCCCC(=O)NCC(COC(=O)[*])O[*],[*]COC(=O)OC([*])CNC(=O)CCCC#CC,7.39e-05,-4.131355561605174,3,-4.250957012176514
28038,C#CCCCNC(=O)C(CCN*)NC(=O)*,C#CCCCNC(=O)C(CCN[*])NC(=O)[*],[*]CCNC(=O)NC([*])C(=O)NCCCC#C,5.31e-05,-4.274905478918531,1,-4.292971134185791
28039,CSCCC(COC(=O)*)NCC(C)O*,CSCCC(COC(=O)[*])NCC(C)O[*],[*]COC(=O)OC(C)CNC([*])CCSC,6.93e-05,-4.159266765388193,3,-4.032779216766357
28040,C=C(Cl)CNC(=O)C(CO*)NC(=O)*,C=C(Cl)CNC(=O)C(CO[*])NC(=O)[*],[*]COC(=O)NC([*])C(=O)NCC(=C)Cl,6.4e-05,-4.1938200260161125,2,-4.29635763168335
28041,CCN(CCSC)CC(CO*)OC(=O)*,CCN(CCSC)CC(CO[*])OC(=O)[*],[*]COC(=O)OC([*])CN(CC)CCSC,6.34e-05,-4.1979107421182675,3,-3.99891996383667
28042,CCC(C)CN(CCO*)CCOC(=O)*,CCC(C)CN(CCO[*])CCOC(=O)[*],[*]CCOC(=O)OCCN([*])CC(C)CC,6.91e-05,-4.1605219526258015,1,-4.372426509857178
28043,C#CC(CO*)NC(C)CCOC(=O)*,C#CC(CO[*])NC(C)CCOC(=O)[*],[*]COC(=O)OCCC(C)NC([*])C#C,8.78e-05,-4.056505484093897,2,-4.178199291229248
28044,C=C(C)C(=O)NC(CO*)C(C)OC(=O)*,C=C(C)C(=O)NC(CO[*])C(C)OC(=O)[*],[*]COC(=O)OC(C)C([*])NC(=O)C(=C)C,6.39e-05,-4.1944991418416,0,-4.3221116065979
28045,CC(CN(C)CC(C)(C)COC(=O)*)O*,CC(CN(C)CC(C)(C)COC(=O)[*])O[*],[*]CN(C)CC(C)(C)COC(=O)OC([*])C,3.85e-05,-4.414539270491499,0,-4.4199323654174805
28046,CCC(CC)CN(C)CC(CO*)OC(=O)*,CCC(CC)CN(C)CC(CO[*])OC(=O)[*],[*]COC(=O)OC([*])CN(C)CC(CC)CC,2.52e-05,-4.598599459218456,2,-4.426762104034424
28047,CN(CCCCN*)CCCCNC(=O)*,CN(CCCCN[*])CCCCNC(=O)[*],[*]CCCCNC(=O)NCCCCN([*])C,6.38e-05,-4.195179321278838,0,-3.9826226234436035
28048,CCSCC(C)NC(CO*)COC(=O)*,CCSCC(C)NC(CO[*])COC(=O)[*],[*]COC(=O)OCC([*])NC(C)CSCC,6.63e-05,-4.178486471595227,0,-4.350430011749268
28049,CCC(CNC(C)(C)CO*)OC(=O)*,CCC(CNC(C)(C)CO[*])OC(=O)[*],[*]CNC(C)(C)COC(=O)OC([*])CC,4.61e-05,-4.336299074610352,1,-4.3148088455200195
28050,CCC(CC(C)C)NCC(COC(=O)*)O*,CCC(CC(C)C)NCC(COC(=O)[*])O[*],[*]COC(=O)OC([*])CNC(CC)CC(C)C,3.91e-05,-4.407823242604133,0,-4.364360332489014
28051,CCC(CC)NCC(COC(=O)*)O*,CCC(CC)NCC(COC(=O)[*])O[*],[*]COC(=O)OC([*])CNC(CC)CC,4.62e-05,-4.335358024443875,2,-4.419277667999268
28052,CN(CC#N)C(=O)C(CCCN*)NC(=O)*,CN(CC#N)C(=O)C(CCCN[*])NC(=O)[*],[*]CCCNC(=O)NC([*])C(=O)N(C)CC#N,4.58e-05,-4.33913452199613,1,-4.28503942489624
28053,CC(CNCC#CCO*)(OC(=O)*)C(F)F,CC(CNCC#CCO[*])(OC(=O)[*])C(F)F,[*]CNCC#CCOC(=O)OC([*])(C)C(F)F,8.61e-05,-4.064996848546345,0,-4.396133899688721
28054,C#CC(C)(C)C(=O)NCC(CO*)OC(=O)*,C#CC(C)(C)C(=O)NCC(CO[*])OC(=O)[*],[*]COC(=O)OC([*])CNC(=O)C(C)(C)C#C,4.59e-05,-4.338187314462739,3,-4.284986972808838
28055,CCCC(C)NCC(CO*)OC(=O)*,CCCC(C)NCC(CO[*])OC(=O)[*],[*]COC(=O)OC([*])CNC(C)CCC,4.66e-05,-4.33161408331,3,-4.500332355499268
28056,CCCCN(C)CC(O*)C(C)OC(=O)*,CCCCN(C)CC(O[*])C(C)OC(=O)[*],[*]OC(=O)OC(C)C([*])CN(C)CCCC,3.05e-05,-4.515700160653214,2,-4.4806342124938965
28057,CCC(C)(C)NCC(CO*)OC(=O)*,CCC(C)(C)NCC(CO[*])OC(=O)[*],[*]COC(=O)OC([*])CNC(C)(C)CC,4.16e-05,-4.380906669373258,1,-4.518082618713379
28058,C#CC(COC(=O)*)NC(=O)CCO*,C#CC(COC(=O)[*])NC(=O)CCO[*],[*]COC(=O)OCCC(=O)NC([*])C#C,4.43e-05,-4.3535962737769305,1,-4.16965913772583
28059,CN(CC(CC#N)O*)C(C)(C)COC(=O)*,CN(CC(CC#N)O[*])C(C)(C)COC(=O)[*],[*]CC(CC#N)OC(=O)OCC(C)(C)N([*])C,4.8e-05,-4.318758762624412,3,-4.478705883026123
28060,CCC(C)(C#N)NCC(CO*)OC(=O)*,CCC(C)(C#N)NCC(CO[*])OC(=O)[*],[*]COC(=O)OC([*])CNC(C)(C#N)CC,3.44e-05,-4.46344155742847,1,-4.403058052062988
28061,CCC(CC#N)N(C)CC(CO*)OC(=O)*,CCC(CC#N)N(C)CC(CO[*])OC(=O)[*],[*]COC(=O)OC([*])CN(C)C(CC)CC#N,6.73e-05,-4.171984935776023,2,-4.269887447357178
28062,CCC(CN(C)CC(C)O*)NC(=O)*,CCC(CN(C)CC(C)O[*])NC(=O)[*],[*]CN(C)CC(C)OC(=O)NC([*])CC,4.92e-05,-4.308034897232639,2,-4.166525363922119
28063,CCC(CN(C)CC(CC)O*)NC(=O)*,CCC(CN(C)CC(CC)O[*])NC(=O)[*],[*]CN(C)CC(CC)OC(=O)NC([*])CC,2.83e-05,-4.548213564475709,2,-4.289880752563477
28064,CC(CN(CCN*)CC(F)(F)F)NC(=O)*,CC(CN(CCN[*])CC(F)(F)F)NC(=O)[*],[*]CN(CCNC(=O)NC([*])C)CC(F)(F)F,6.85e-05,-4.164309428507575,0,-4.377979278564453
28065,CCC(C)CN(C)CC(O*)C(C)OC(=O)*,CCC(C)CN(C)CC(O[*])C(C)OC(=O)[*],[*]OC(=O)OC(C)C([*])CN(C)CC(C)CC,2.97e-05,-4.527243550682788,3,-4.472119331359863
28066,CCCC(CN(C)CC(C)NC(=O)*)O*,CCCC(CN(C)CC(C)NC(=O)[*])O[*],[*]CN(C)CC(C)NC(=O)OC([*])CCC,6.66e-05,-4.176525770829699,3,-4.380841255187988
28067,C#CCOCC(CNCC(C)O*)OC(=O)*,C#CCOCC(CNCC(C)O[*])OC(=O)[*],[*]CNCC(C)OC(=O)OC([*])COCC#C,6.87e-05,-4.16304326294045,0,-4.050732612609863
28068,CC(C)(CNCC(F)C(C)(C)O*)OC(=O)*,CC(C)(CNCC(F)C(C)(C)O[*])OC(=O)[*],[*]CNCC(F)C(C)(C)OC(=O)OC([*])(C)C,4e-05,-4.3979400086720375,0,-4.454494476318359
28069,O=C(*)OCCCS(=O)(=O)CCO*,O=C([*])OCCCS(=O)(=O)CCO[*],[*]OCCCS(=O)(=O)CCOC([*])=O,7.48e-05,-4.126098402135539,0,-4.1209540367126465
28070,CC(NCCCCO*)C(C)(C)COC(=O)*,CC(NCCCCO[*])C(C)(C)COC(=O)[*],[*]NCCCCOC(=O)OCC(C)(C)C([*])C,3.15e-05,-4.501689446210399,1,-4.380288600921631
28071,CC(C)CCN(C)CC(CNC(=O)*)O*,CC(C)CCN(C)CC(CNC(=O)[*])O[*],[*]CNC(=O)OC([*])CN(C)CCC(C)C,4.98e-05,-4.302770657240282,2,-4.121485233306885
28072,CCCCN(CCC)CC(COC(=O)*)O*,CCCCN(CCC)CC(COC(=O)[*])O[*],[*]COC(=O)OC([*])CN(CCC)CCCC,5.23e-05,-4.281498311132726,3,-4.352270126342773
28073,CCCC#CC(=O)NC(COC(=O)*)C(C)O*,CCCC#CC(=O)NC(COC(=O)[*])C(C)O[*],[*]COC(=O)OC(C)C([*])NC(=O)C#CCCC,7.09e-05,-4.149353764816934,0,-4.373407363891602
28074,CC(CCO*)NC(C)CCOC(=O)*,CC(CCO[*])NC(C)CCOC(=O)[*],[*]CCOC(=O)OCCC(C)NC([*])C,7.65e-05,-4.116338564846382,0,-4.065274715423584
28075,CC(C)N(CCCCO*)CCNC(=O)*,CC(C)N(CCCCO[*])CCNC(=O)[*],[*]CCCCOC(=O)NCCN([*])C(C)C,8.1e-05,-4.0915149811213505,1,-4.148244857788086
28076,CCC(C)(O*)C(=O)NC(C#N)COC(=O)*,CCC(C)(O[*])C(=O)NC(C#N)COC(=O)[*],[*]OC(=O)OCC(C#N)NC(=O)C([*])(C)CC,5.6e-05,-4.251811972993799,3,-4.3505754470825195
28077,CC(CNCCCCCO*)OC(=O)*,CC(CNCCCCCO[*])OC(=O)[*],[*]CNCCCCCOC(=O)OC([*])C,0.000149,-3.826813731587726,0,-4.031261444091797
28078,CCC(CNCCC(C)COC(=O)*)O*,CCC(CNCCC(C)COC(=O)[*])O[*],[*]CNCCC(C)COC(=O)OC([*])CC,6.97e-05,-4.15676722190199,3,-4.150087356567383
28079,C=C(COC(=O)*)C(=O)NC(C)CN*,C=C(COC(=O)[*])C(=O)NC(C)CN[*],[*]COC(=O)NCC(C)NC(=O)C([*])=C,3.43e-05,-4.464705879957229,2,-4.271626949310303
28080,C=CC(C)(CC(=O)NOCCO*)OC(=O)*,C=CC(C)(CC(=O)NOCCO[*])OC(=O)[*],[*]CC(=O)NOCCOC(=O)OC([*])(C)C=C,6.61e-05,-4.179798540514359,0,-4.081265449523926
28081,CC(C)C(CO*)NCC(CC#N)OC(=O)*,CC(C)C(CO[*])NCC(CC#N)OC(=O)[*],[*]COC(=O)OC(CC#N)CNC([*])C(C)C,3.57e-05,-4.447331783887806,1,-4.351218223571777
28082,C#CCC(CO*)NC(=O)C(CCC)OC(=O)*,C#CCC(CO[*])NC(=O)C(CCC)OC(=O)[*],[*]COC(=O)OC(CCC)C(=O)NC([*])CC#C,7.52e-05,-4.123782159408358,2,-4.283982276916504
28083,CC(C)N(CCCO*)CCCOC(=O)*,CC(C)N(CCCO[*])CCCOC(=O)[*],[*]CCCOC(=O)OCCCN([*])C(C)C,0.000104,-3.9829666607012197,1,-4.1454949378967285
28084,CCC(COC(=O)*)NC(=O)C(C)(CC)O*,CCC(COC(=O)[*])NC(=O)C(C)(CC)O[*],[*]COC(=O)OC(C)(CC)C(=O)NC([*])CC,4.25e-05,-4.371611069949688,1,-4.362581253051758
28085,CCC(CNC(C)(CNC(=O)*)C(C)C)O*,CCC(CNC(C)(CNC(=O)[*])C(C)C)O[*],[*]CNC(C)(CNC(=O)OC([*])CC)C(C)C,2.41e-05,-4.617982957425132,3,-4.354049205780029
28086,O=C(*)NCCCNCCCCCCN*,O=C([*])NCCCNCCCCCCN[*],[*]NCCCCCCNCCCNC([*])=O,9.11e-05,-4.040481623027001,2,-4.016565322875977
28087,CC(C)CN(C)CC(OC(=O)*)C(C)O*,CC(C)CN(C)CC(OC(=O)[*])C(C)O[*],[*]OC(=O)OC(C)C([*])CN(C)CC(C)C,5.68e-05,-4.245651664288981,3,-4.421440124511719
28088,CCC(COC(=O)*)(N*)NC(C)=CC=CN,CCC(COC(=O)[*])(N[*])NC(C)=CC=CN,[*]COC(=O)NC([*])(CC)NC(C)=CC=CN,5.45e-05,-4.2636034977233574,0,-4.429769515991211
28089,CC(CNC(C)(CN*)C(C)C)OC(=O)*,CC(CNC(C)(CN[*])C(C)C)OC(=O)[*],[*]CNC(C)(CNC(=O)OC([*])C)C(C)C,1.37e-05,-4.863279432843593,1,-4.306464195251465
28090,CCCCN(CC#N)C(=O)C(CNC(=O)*)N*,CCCCN(CC#N)C(=O)C(CNC(=O)[*])N[*],[*]CNC(=O)NC([*])C(=O)N(CC#N)CCCC,6.99e-05,-4.1555228242543185,0,-4.3192315101623535
28091,CCCCCCNCC(COC(=O)*)O*,CCCCCCNCC(COC(=O)[*])O[*],[*]COC(=O)OC([*])CNCCCCCC,7.8e-05,-4.107905397309519,3,-4.234437942504883
28092,C=C(COC(=O)*)C(=O)NCC=CCO*,C=C(COC(=O)[*])C(=O)NCC=CCO[*],[*]COC(=O)OCC=CCNC(=O)C([*])=C,9.28e-05,-4.032452023781138,2,-4.236340522766113
28093,CCCCCC(C)NCC(CO*)OC(=O)*,CCCCCC(C)NCC(CO[*])OC(=O)[*],[*]COC(=O)OC([*])CNC(C)CCCCC,6.14e-05,-4.211831628858833,2,-4.513669013977051
28094,CCC(CN(C)CCCCCN*)NC(=O)*,CCC(CN(C)CCCCCN[*])NC(=O)[*],[*]CN(C)CCCCCNC(=O)NC([*])CC,6.31e-05,-4.199970640755866,0,-4.141170501708984
28095,CCC(C)(O*)C(=O)NCC(C)(C)OC(=O)*,CCC(C)(O[*])C(=O)NCC(C)(C)OC(=O)[*],[*]OC(=O)OC(C)(C)CNC(=O)C([*])(C)CC,4.08e-05,-4.38933983691012,2,-4.287966251373291
28096,CCN(CCCCN*)CCNC(=O)*,CCN(CCCCN[*])CCNC(=O)[*],[*]CCCCNC(=O)NCCN([*])CC,0.000106,-3.9746941347352296,3,-3.9584054946899414
28097,CC(NC(=O)*)C(=O)NCCCC(C)(C)O*,CC(NC(=O)[*])C(=O)NCCCC(C)(C)O[*],[*]NC(=O)OC(C)(C)CCCNC(=O)C([*])C,7.03e-05,-4.153044674980176,3,-4.54625940322876
28098,CCCN(CCCOC(=O)*)CCO*,CCCN(CCCOC(=O)[*])CCO[*],[*]CCCOC(=O)OCCN([*])CCC,0.000155,-3.8096683018297086,0,-4.008049488067627
28099,CC(C#N)CN(C)CC(OC(=O)*)C(C)O*,CC(C#N)CN(C)CC(OC(=O)[*])C(C)O[*],[*]OC(=O)OC(C)C([*])CN(C)CC(C)C#N,8.04e-05,-4.094743951251549,1,-4.189188003540039
28100,C=CC(C)(OC(=O)*)C(=O)NC(C)C(C)N*,C=CC(C)(OC(=O)[*])C(=O)NC(C)C(C)N[*],[*]OC(=O)NC(C)C(C)NC(=O)C([*])(C)C=C,2.88e-05,-4.540607512240769,0,-4.539306163787842
28101,CCCCC(CNC(C)(C)CO*)OC(=O)*,CCCCC(CNC(C)(C)CO[*])OC(=O)[*],[*]CNC(C)(C)COC(=O)OC([*])CCCC,2.95e-05,-4.530177984021837,2,-4.2960004806518555
28102,C=C(C)CCC(=O)NCC(CO*)OC(=O)*,C=C(C)CCC(=O)NCC(CO[*])OC(=O)[*],[*]COC(=O)OC([*])CNC(=O)CCC(=C)C,5.22e-05,-4.282329496997738,2,-4.211726665496826
28103,CCN(CCCOC(=O)*)CC(CC#N)O*,CCN(CCCOC(=O)[*])CC(CC#N)O[*],[*]CCCOC(=O)OC(CC#N)CN([*])CC,0.0001,-4.0,0,-4.177084445953369
28104,C#CC(C)(N*)C(=O)NCCCCCOC(=O)*,C#CC(C)(N[*])C(=O)NCCCCCOC(=O)[*],[*]NC(=O)OCCCCCNC(=O)C([*])(C)C#C,6.01e-05,-4.221125527997261,2,-4.251794815063477
28105,CCCC(CNCC(CC)N*)OC(=O)*,CCCC(CNCC(CC)N[*])OC(=O)[*],[*]CNCC(CC)NC(=O)OC([*])CCC,6.08e-05,-4.216096420727265,3,-4.281773567199707
28106,CCC(COC(=O)*)NCC(C)(C)O*,CCC(COC(=O)[*])NCC(C)(C)O[*],[*]COC(=O)OC(C)(C)CNC([*])CC,3.19e-05,-4.496209316942819,3,-4.3504533767700195
28107,CCSCC(C)NCC(CN*)OC(=O)*,CCSCC(C)NCC(CN[*])OC(=O)[*],[*]CNC(=O)OC([*])CNC(C)CSCC,6.66e-05,-4.176525770829699,1,-4.095625877380371
28108,C=CCCONC(=O)C(NC(=O)*)C(C)O*,C=CCCONC(=O)C(NC(=O)[*])C(C)O[*],[*]NC(=O)OC(C)C([*])C(=O)NOCCC=C,7.95e-05,-4.0996328713435295,2,-4.368070125579834
28109,CCCC(CNC(CO*)C(C)C)OC(=O)*,CCCC(CNC(CO[*])C(C)C)OC(=O)[*],[*]CNC(COC(=O)OC([*])CCC)C(C)C,2.04e-05,-4.690369832574101,0,-4.396354675292969
28110,CC(CN*)NC(=O)C(CCCC#N)NC(=O)*,CC(CN[*])NC(=O)C(CCCC#N)NC(=O)[*],[*]CNC(=O)NC(CCCC#N)C(=O)NC([*])C,6.29e-05,-4.201349354554731,0,-4.06901741027832
28111,CC(CC(C)NC(=O)*)NCCC(C)(C)N*,CC(CC(C)NC(=O)[*])NCCC(C)(C)N[*],[*]CC(C)NC(=O)NC(C)(C)CCNC([*])C,6.26e-05,-4.20342566678957,3,-4.348442077636719
28112,CCN(CC(C)C)CC(O*)C(C)OC(=O)*,CCN(CC(C)C)CC(O[*])C(C)OC(=O)[*],[*]OC(=O)OC(C)C([*])CN(CC)CC(C)C,4.3e-05,-4.366531544420414,2,-4.288163661956787
28113,C=CC(C)(CC(=O)NC(C#N)CO*)OC(=O)*,C=CC(C)(CC(=O)NC(C#N)CO[*])OC(=O)[*],[*]CC(=O)NC(C#N)COC(=O)OC([*])(C)C=C,3.76e-05,-4.424812155072339,2,-4.114467620849609
28114,C=CC(C)(CNCCCO*)OC(=O)*,C=CC(C)(CNCCCO[*])OC(=O)[*],[*]CNCCCOC(=O)OC([*])(C)C=C,6.52e-05,-4.185752404268079,0,-4.213699817657471
28115,CCCCC(COC(=O)*)NCC(C)O*,CCCCC(COC(=O)[*])NCC(C)O[*],[*]COC(=O)OC(C)CNC([*])CCCC,4.35e-05,-4.361510743045363,0,-4.261657238006592
28116,CC(CN(C)CC(C)(C)CN*)OC(=O)*,CC(CN(C)CC(C)(C)CN[*])OC(=O)[*],[*]CN(C)CC(C)(C)CNC(=O)OC([*])C,5.34e-05,-4.272458742971444,2,-4.51226806640625
28117,CC(CN*)C(=O)NCCNC(=O)*,CC(CN[*])C(=O)NCCNC(=O)[*],[*]CNC(=O)NCCNC(=O)C([*])C,9.13e-05,-4.039529222465701,0,-4.126621723175049
28118,C=CC(C)(O*)C(=O)N(C)CCCNC(=O)*,C=CC(C)(O[*])C(=O)N(C)CCCNC(=O)[*],[*]OC(=O)NCCCN(C)C(=O)C([*])(C)C=C,5.12e-05,-4.29073003902417,0,-4.332157611846924
28119,COCC(CNC(=O)CCN*)OC(=O)*,COCC(CNC(=O)CCN[*])OC(=O)[*],[*]CNC(=O)CCNC(=O)OC([*])COC,0.000123,-3.910094888560602,0,-4.154603958129883
28120,CCC(CN(C)CC(C)N*)NC(=O)*,CCC(CN(C)CC(C)N[*])NC(=O)[*],[*]CN(C)CC(C)NC(=O)NC([*])CC,8.81e-05,-4.055024091587952,1,-4.2408037185668945
28121,C=CC(C)(CNCC(CF)OC(=O)*)O*,C=CC(C)(CNCC(CF)OC(=O)[*])O[*],[*]CNCC(CF)OC(=O)OC([*])(C)C=C,9.12e-05,-4.0400051616715835,3,-4.3161797523498535
28122,CCN(CCO*)CC(CC#N)OC(=O)*,CCN(CCO[*])CC(CC#N)OC(=O)[*],[*]CCOC(=O)OC(CC#N)CN([*])CC,5.27e-05,-4.278189384787454,1,-4.069185733795166
28123,CN(CC#N)CC(CC(C)(C)O*)OC(=O)*,CN(CC#N)CC(CC(C)(C)O[*])OC(=O)[*],[*]CC(C)(C)OC(=O)OC([*])CN(C)CC#N,5.92e-05,-4.22767829327708,1,-4.408284664154053
28124,CC(C)CC(C#N)NC(=O)C(CNC(=O)*)N*,CC(C)CC(C#N)NC(=O)C(CNC(=O)[*])N[*],[*]CNC(=O)NC([*])C(=O)NC(C#N)CC(C)C,4.25e-05,-4.371611069949688,2,-4.3184733390808105
28125,C#CC(=O)N(CC(CO*)OC(=O)*)C(C)(C)C,C#CC(=O)N(CC(CO[*])OC(=O)[*])C(C)(C)C,[*]COC(=O)OC([*])CN(C(=O)C#C)C(C)(C)C,4.05e-05,-4.392544976785332,3,-4.546141624450684
28126,CC(C)(CCCNC(=O)CCO*)OC(=O)*,CC(C)(CCCNC(=O)CCO[*])OC(=O)[*],[*]CCCNC(=O)CCOC(=O)OC([*])(C)C,6.18e-05,-4.209011524911184,3,-4.251417636871338
28127,CC(CCNCC(O*)C(C)C)NC(=O)*,CC(CCNCC(O[*])C(C)C)NC(=O)[*],[*]CCNCC(OC(=O)NC([*])C)C(C)C,3.14e-05,-4.503070351926785,3,-4.409041881561279
28128,CC(C)(C#N)NCC(CO*)OC(=O)*,CC(C)(C#N)NCC(CO[*])OC(=O)[*],[*]COC(=O)OC([*])CNC(C)(C)C#N,3.32e-05,-4.478861916295964,3,-4.148266792297363
28129,CC(CSC(C)COC(=O)*)O*,CC(CSC(C)COC(=O)[*])O[*],[*]CSC(C)COC(=O)OC([*])C,4.79e-05,-4.319664486585437,0,-4.305057048797607
28130,CCCCCCN(CCN*)CCNC(=O)*,CCCCCCN(CCN[*])CCNC(=O)[*],[*]CCNC(=O)NCCN([*])CCCCCC,7.09e-05,-4.149353764816934,2,-4.106364727020264
28131,CC(CC(=O)NCCCCCOC(=O)*)O*,CC(CC(=O)NCCCCCOC(=O)[*])O[*],[*]CC(=O)NCCCCCOC(=O)OC([*])C,5.27e-05,-4.278189384787454,1,-4.11875581741333
28132,CCCC(OC(=O)*)C(=O)NC(C)(C)CO*,CCCC(OC(=O)[*])C(=O)NC(C)(C)CO[*],[*]OC(=O)OCC(C)(C)NC(=O)C([*])CCC,5.78e-05,-4.2380721615794705,0,-4.440669059753418
28133,CCCCN(CCO*)CC(CC)OC(=O)*,CCCCN(CCO[*])CC(CC)OC(=O)[*],[*]CCOC(=O)OC(CC)CN([*])CCCC,5.13e-05,-4.289882634888183,2,-4.295425891876221
28134,CCN(CC(CC#N)O*)C(C)COC(=O)*,CCN(CC(CC#N)O[*])C(C)COC(=O)[*],[*]CC(CC#N)OC(=O)OCC(C)N([*])CC,2.62e-05,-4.581698708680254,0,-4.213584899902344
28135,N#CCC(NC(=O)*)C(=O)NCCCCN*,N#CCC(NC(=O)[*])C(=O)NCCCCN[*],[*]NC(=O)NCCCCNC(=O)C([*])CC#N,5.87e-05,-4.231361898752385,2,-4.236189365386963
28136,C=CC(C)(OC(=O)*)C(=O)NOCC(C)N*,C=CC(C)(OC(=O)[*])C(=O)NOCC(C)N[*],[*]OC(=O)NC(C)CONC(=O)C([*])(C)C=C,4.91e-05,-4.308918507877031,1,-4.312945365905762
28137,C#CC(=O)N(CC(C)O*)C(C)COC(=O)*,C#CC(=O)N(CC(C)O[*])C(C)COC(=O)[*],[*]CC(C)OC(=O)OCC(C)N([*])C(=O)C#C,3.74e-05,-4.42712839779952,2,-4.540899276733398
28138,C#CCCCC(=O)NCC(OC(=O)*)C(C)O*,C#CCCCC(=O)NCC(OC(=O)[*])C(C)O[*],[*]OC(=O)OC(C)C([*])CNC(=O)CCCC#C,5.9e-05,-4.229147988357856,0,-4.311532974243164
28139,CC(O*)C(CN(C)C(C)CC#N)OC(=O)*,CC(O[*])C(CN(C)C(C)CC#N)OC(=O)[*],[*]OC(=O)OC(CN(C)C(C)CC#N)C([*])C,8.32e-05,-4.079876673709276,3,-4.393296241760254
28140,CCC(C)(CNCC(C)O*)OC(=O)*,CCC(C)(CNCC(C)O[*])OC(=O)[*],[*]CNCC(C)OC(=O)OC([*])(C)CC,4.7e-05,-4.327902142064283,0,-4.3838911056518555
28141,CN(CC(CO*)OC(=O)*)C(=O)CCC#N,CN(CC(CO[*])OC(=O)[*])C(=O)CCC#N,[*]COC(=O)OC([*])CN(C)C(=O)CCC#N,6.72e-05,-4.172630726946175,3,-4.074740409851074
28142,CC#CC(=O)NC(COC(=O)*)C(CCC)O*,CC#CC(=O)NC(COC(=O)[*])C(CCC)O[*],[*]COC(=O)OC(CCC)C([*])NC(=O)C#CC,3.75e-05,-4.425968732272281,1,-4.353126525878906
28143,CCCC(O*)C(=O)NCC#CCOC(=O)*,CCCC(O[*])C(=O)NCC#CCOC(=O)[*],[*]OC(=O)OCC#CCNC(=O)C([*])CCC,3.86e-05,-4.413412695328245,3,-4.245898723602295
28144,CCC(CNCC(OC(=O)*)C(C)(C)C)N*,CCC(CNCC(OC(=O)[*])C(C)(C)C)N[*],[*]CNCC(OC(=O)NC([*])CC)C(C)(C)C,9.26e-05,-4.033389013318065,1,-4.354715824127197
28145,C=CCC(CNC(=O)C(=C)COC(=O)*)CO*,C=CCC(CNC(=O)C(=C)COC(=O)[*])CO[*],[*]CNC(=O)C(=C)COC(=O)OCC([*])CC=C,6.88e-05,-4.162411561764489,0,-4.116008758544922
28146,C=C(C)CNC(=O)C(CCNC(=O)*)N*,C=C(C)CNC(=O)C(CCNC(=O)[*])N[*],[*]CCNC(=O)NC([*])C(=O)NCC(=C)C,4.97e-05,-4.303643611266668,3,-4.364771366119385
28147,CC(O*)C(COC(=O)*)NC(=O)CCC#N,CC(O[*])C(COC(=O)[*])NC(=O)CCC#N,[*]OC(=O)OCC(NC(=O)CCC#N)C([*])C,7.47e-05,-4.126679398184601,1,-4.130782127380371
28148,CC(C)(C)C(N*)C(=O)NC(C#N)COC(=O)*,CC(C)(C)C(N[*])C(=O)NC(C#N)COC(=O)[*],[*]NC(=O)OCC(C#N)NC(=O)C([*])C(C)(C)C,4.09e-05,-4.388276691992658,1,-4.457727432250977
28149,CC(CN(CCCOC(=O)*)C(C)C)N*,CC(CN(CCCOC(=O)[*])C(C)C)N[*],[*]CN(CCCOC(=O)NC([*])C)C(C)C,4.95e-05,-4.305394801066432,2,-4.134679317474365
28150,CC(=O)C=C(C)NCC(CO*)OC(=O)*,CC(=O)C=C(C)NCC(CO[*])OC(=O)[*],[*]COC(=O)OC([*])CNC(C)=CC(C)=O,4.84e-05,-4.315154638355588,2,-4.367579460144043
28151,CC(CN(C)CC(CC#N)OC(=O)*)O*,CC(CN(C)CC(CC#N)OC(=O)[*])O[*],[*]CN(C)CC(CC#N)OC(=O)OC([*])C,3.7e-05,-4.431798275933005,1,-4.156466484069824
28152,C=CC(C)(OC(=O)*)C(=O)NCC(C)CN*,C=CC(C)(OC(=O)[*])C(=O)NCC(C)CN[*],[*]OC(=O)NCC(C)CNC(=O)C([*])(C)C=C,4.39e-05,-4.357535479757878,1,-4.33593225479126
28153,CCCC(OC(=O)*)C(=O)NCC(C)(C)N*,CCCC(OC(=O)[*])C(=O)NCC(C)(C)N[*],[*]OC(=O)NC(C)(C)CNC(=O)C([*])CCC,3.22e-05,-4.492144128304169,3,-4.4081854820251465
28154,O=C(*)NCC(CC(=O)NCCCS)O*,O=C([*])NCC(CC(=O)NCCCS)O[*],[*]CNC(=O)OC([*])CC(=O)NCCCS,3.31e-05,-4.480172006224281,1,-4.186599254608154
28155,C=CC(CNCCC(C)OC(=O)*)O*,C=CC(CNCCC(C)OC(=O)[*])O[*],[*]CNCCC(C)OC(=O)OC([*])C=C,7.2e-05,-4.142667503568732,0,-4.084752082824707
28156,C=CCCC(CO*)NC(=O)CCOC(=O)*,C=CCCC(CO[*])NC(=O)CCOC(=O)[*],[*]COC(=O)OCCC(=O)NC([*])CCC=C,0.000108,-3.96657624451305,0,-4.08601713180542
28157,C=C(CO*)C(=O)NCCCC(C)OC(=O)*,C=C(CO[*])C(=O)NCCCC(C)OC(=O)[*],[*]COC(=O)OC(C)CCCNC(=O)C([*])=C,9.79e-05,-4.009217308196862,1,-4.161772727966309
28158,CCC(CNC(CNC(=O)*)C(C)(C)C)O*,CCC(CNC(CNC(=O)[*])C(C)(C)C)O[*],[*]CNC(CNC(=O)OC([*])CC)C(C)(C)C,5.81e-05,-4.235823867609669,1,-4.515159606933594
28159,N#CCCCC(=O)NCC(COC(=O)*)O*,N#CCCCC(=O)NCC(COC(=O)[*])O[*],[*]COC(=O)OC([*])CNC(=O)CCCC#N,8.74e-05,-4.058488567365597,2,-4.243549346923828
28160,C=CCCN(C)CC(COC(=O)*)O*,C=CCCN(C)CC(COC(=O)[*])O[*],[*]COC(=O)OC([*])CN(C)CCC=C,7.69e-05,-4.114073660198569,3,-4.176424980163574
28161,CC#CCN(C)CC(OC(=O)*)C(C)O*,CC#CCN(C)CC(OC(=O)[*])C(C)O[*],[*]OC(=O)OC(C)C([*])CN(C)CC#CC,4.66e-05,-4.33161408331,2,-4.409273147583008
28162,CCCC(COC(=O)*)NCC(C)O*,CCCC(COC(=O)[*])NCC(C)O[*],[*]COC(=O)OC(C)CNC([*])CCC,8.45e-05,-4.073143291050307,2,-4.251777648925781
28163,C#CC(C)N(C)CC(O*)C(C)OC(=O)*,C#CC(C)N(C)CC(O[*])C(C)OC(=O)[*],[*]OC(=O)OC(C)C([*])CN(C)C(C)C#C,5.03e-05,-4.298432014944073,2,-4.4468231201171875
28164,CCCNCC(CC(C)(C)O*)OC(=O)*,CCCNCC(CC(C)(C)O[*])OC(=O)[*],[*]CC(C)(C)OC(=O)OC([*])CNCCC,2.67e-05,-4.573488738635425,2,-4.2994585037231445
28165,C=CC(CN(C)CCOC(=O)*)O*,C=CC(CN(C)CCOC(=O)[*])O[*],[*]CN(C)CCOC(=O)OC([*])C=C,9.32e-05,-4.030584087646019,1,-4.048521995544434
28166,C=CC(C)(O*)C(=O)NCC(CC)NC(=O)*,C=CC(C)(O[*])C(=O)NCC(CC)NC(=O)[*],[*]OC(=O)NC(CC)CNC(=O)C([*])(C)C=C,3.12e-05,-4.505845405981558,2,-4.2677226066589355
28167,C=CC(OC(=O)*)C(=O)NC(CC#CC)CO*,C=CC(OC(=O)[*])C(=O)NC(CC#CC)CO[*],[*]OC(=O)OCC(CC#CC)NC(=O)C([*])C=C,5.76e-05,-4.239577516576788,2,-4.320441246032715
28168,CC(C)CCC(CN(C)CCN*)OC(=O)*,CC(C)CCC(CN(C)CCN[*])OC(=O)[*],[*]CN(C)CCNC(=O)OC([*])CCC(C)C,4.29e-05,-4.367542707815276,0,-4.239455699920654
28169,N#CCCC(C#N)CNC(CO*)COC(=O)*,N#CCCC(C#N)CNC(CO[*])COC(=O)[*],[*]COC(=O)OCC([*])NCC(C#N)CCC#N,7.52e-05,-4.123782159408358,1,-4.222189426422119
28170,O=C(*)NCC(CN*)NCC=C(Cl)Cl,O=C([*])NCC(CN[*])NCC=C(Cl)Cl,[*]NCC(CNC([*])=O)NCC=C(Cl)Cl,7.37e-05,-4.132532512140949,2,-4.037758827209473
28171,CCC(CNCC(C)(C)OC(=O)*)N*,CCC(CNCC(C)(C)OC(=O)[*])N[*],[*]CNCC(C)(C)OC(=O)NC([*])CC,6.69e-05,-4.174573882232177,1,-4.178020477294922
28172,CC(CN(CCN*)C(C)C)NC(=O)*,CC(CN(CCN[*])C(C)C)NC(=O)[*],[*]CN(CCNC(=O)NC([*])C)C(C)C,7.61e-05,-4.118615343229427,1,-4.168529510498047
28173,CC(CN(C)CCCCN*)NC(=O)*,CC(CN(C)CCCCN[*])NC(=O)[*],[*]CN(C)CCCCNC(=O)NC([*])C,9.73e-05,-4.011887159731648,0,-4.153101921081543
28174,CCCCC(COC(=O)*)NCC(CC)O*,CCCCC(COC(=O)[*])NCC(CC)O[*],[*]COC(=O)OC(CC)CNC([*])CCCC,3.56e-05,-4.448550002027125,1,-4.328554153442383
28175,CCN(CC(O*)C(C)OC(=O)*)C(C)C#N,CCN(CC(O[*])C(C)OC(=O)[*])C(C)C#N,[*]OC(=O)OC(C)C([*])CN(CC)C(C)C#N,6.82e-05,-4.166215625343521,1,-4.305906772613525
28176,C=CC(C)(OC(=O)*)C(=O)NCCC(C)N*,C=CC(C)(OC(=O)[*])C(=O)NCCC(C)N[*],[*]OC(=O)NC(C)CCNC(=O)C([*])(C)C=C,3.48e-05,-4.458420756053419,2,-4.362599849700928
28177,C#CC(C)(C)C(=O)NC(COC(=O)*)C(C)O*,C#CC(C)(C)C(=O)NC(COC(=O)[*])C(C)O[*],[*]COC(=O)OC(C)C([*])NC(=O)C(C)(C)C#C,5.11e-05,-4.291579099865287,1,-4.433207988739014
28178,CN(CCCO*)CC(CC#N)OC(=O)*,CN(CCCO[*])CC(CC#N)OC(=O)[*],[*]CCCOC(=O)OC(CC#N)CN([*])C,5.25e-05,-4.279840696594043,0,-4.190426826477051
28179,C=CCCCC(=O)NCC(COC(=O)*)O*,C=CCCCC(=O)NCC(COC(=O)[*])O[*],[*]COC(=O)OC([*])CNC(=O)CCCC=C,7.25e-05,-4.139661993429006,1,-4.280279159545898
28180,C#CCN(CC)CC(O*)C(C)OC(=O)*,C#CCN(CC)CC(O[*])C(C)OC(=O)[*],[*]OC(=O)OC(C)C([*])CN(CC)CC#C,5.1e-05,-4.292429823902063,1,-4.266226768493652
28181,C=CCN(CC=C)C(=O)C(CO*)NC(=O)*,C=CCN(CC=C)C(=O)C(CO[*])NC(=O)[*],[*]COC(=O)NC([*])C(=O)N(CC=C)CC=C,3.56e-05,-4.448550002027125,3,-4.42539119720459
28182,CC(CNCCCC(C)(C)OC(=O)*)O*,CC(CNCCCC(C)(C)OC(=O)[*])O[*],[*]CNCCCC(C)(C)OC(=O)OC([*])C,5.09e-05,-4.293282217663242,1,-4.398513317108154
28183,CC(C)(S)CNCC(CO*)OC(=O)*,CC(C)(S)CNCC(CO[*])OC(=O)[*],[*]COC(=O)OC([*])CNCC(C)(C)S,5e-05,-4.301029995663981,2,-4.423226833343506
28184,CCC(CO*)NC(CCOC(=O)*)C(C)C,CCC(CO[*])NC(CCOC(=O)[*])C(C)C,[*]COC(=O)OCCC(NC([*])CC)C(C)C,4.11e-05,-4.386158178123931,2,-4.435288906097412
28185,CCC(O*)C(=O)OCC(C)(C)COC(=O)*,CCC(O[*])C(=O)OCC(C)(C)COC(=O)[*],[*]OC(=O)OCC(C)(C)COC(=O)C([*])CC,1.52e-05,-4.818156412055227,3,-4.401946544647217
28186,CCC(CNCC(F)C(C)(C)O*)OC(=O)*,CCC(CNCC(F)C(C)(C)O[*])OC(=O)[*],[*]CNCC(F)C(C)(C)OC(=O)OC([*])CC,6.9e-05,-4.161150909262744,2,-4.308794021606445
28187,CCC(CO*)NCC(CC#N)OC(=O)*,CCC(CO[*])NCC(CC#N)OC(=O)[*],[*]COC(=O)OC(CC#N)CNC([*])CC,5.43e-05,-4.265200170411153,2,-4.15869665145874
28188,C=CCC(C)NC(=O)C(COC(=O)*)N*,C=CCC(C)NC(=O)C(COC(=O)[*])N[*],[*]COC(=O)NC([*])C(=O)NC(C)CC=C,2.67e-05,-4.573488738635425,1,-4.299185276031494
28189,CN(CC(CO*)OC(=O)*)CC(C)(C)C#N,CN(CC(CO[*])OC(=O)[*])CC(C)(C)C#N,[*]COC(=O)OC([*])CN(C)CC(C)(C)C#N,6.69e-05,-4.174573882232177,1,-4.444730758666992
28190,C=C(C)CC(CO*)NC(=O)C(=C)COC(=O)*,C=C(C)CC(CO[*])NC(=O)C(=C)COC(=O)[*],[*]COC(=O)OCC(=C)C(=O)NC([*])CC(=C)C,6.91e-05,-4.1605219526258015,0,-4.312064170837402
28191,C=CCN(CC=C)C(=O)C(NC(=O)*)C(C)O*,C=CCN(CC=C)C(=O)C(NC(=O)[*])C(C)O[*],[*]NC(=O)OC(C)C([*])C(=O)N(CC=C)CC=C,5.03e-05,-4.298432014944073,3,-4.510060787200928
28192,N#CC(CO*)NC(=O)CCCCOC(=O)*,N#CC(CO[*])NC(=O)CCCCOC(=O)[*],[*]COC(=O)OCCCCC(=O)NC([*])C#N,5.1e-05,-4.292429823902063,3,-4.132426738739014
28193,C=C(COC(=O)*)C(=O)NCC(C)CCO*,C=C(COC(=O)[*])C(=O)NCC(C)CCO[*],[*]COC(=O)OCCC(C)CNC(=O)C([*])=C,9.68e-05,-4.014124642691606,0,-4.210050582885742
28194,CCC=CCCN(CCN*)CCNC(=O)*,CCC=CCCN(CCN[*])CCNC(=O)[*],[*]CCNC(=O)NCCN([*])CCC=CCC,0.000141,-3.85078088734462,2,-4.159302711486816
28195,N#CCCCCNC(=O)C(CCNC(=O)*)N*,N#CCCCCNC(=O)C(CCNC(=O)[*])N[*],[*]CCNC(=O)NC([*])C(=O)NCCCCC#N,9.88e-05,-4.005243055412372,1,-4.279736042022705
28196,CC(CCNCC(C)(C)O*)COC(=O)*,CC(CCNCC(C)(C)O[*])COC(=O)[*],[*]CCNCC(C)(C)OC(=O)OCC([*])C,2.18e-05,-4.661543506395395,2,-4.383113384246826
28197,CC(C)(C)C#CC(=O)NCC(CNC(=O)*)O*,CC(C)(C)C#CC(=O)NCC(CNC(=O)[*])O[*],[*]CNC(=O)OC([*])CNC(=O)C#CC(C)(C)C,0.000109,-3.962573502059376,3,-4.378841876983643
28198,CCCCC(CNCCC(C)N*)OC(=O)*,CCCCC(CNCCC(C)N[*])OC(=O)[*],[*]CNCCC(C)NC(=O)OC([*])CCCC,0.000109,-3.962573502059376,3,-4.2722039222717285
28199,CCCC(CN(C)CCO*)OC(=O)*,CCCC(CN(C)CCO[*])OC(=O)[*],[*]CN(C)CCOC(=O)OC([*])CCC,0.000138,-3.8601209135987635,0,-4.103837013244629
28200,CC(O*)C(CN(C)C(C)(C)C)OC(=O)*,CC(O[*])C(CN(C)C(C)(C)C)OC(=O)[*],[*]OC(=O)OC(CN(C)C(C)(C)C)C([*])C,3.13e-05,-4.504455662453552,2,-4.644964694976807
28201,CCN(CC(CO*)OC(=O)*)C(C)C#N,CCN(CC(CO[*])OC(=O)[*])C(C)C#N,[*]COC(=O)OC([*])CN(CC)C(C)C#N,0.000104,-3.9829666607012197,1,-4.234341621398926
28202,C#CC(NC(=O)C(CO*)NC(=O)*)C(C)(C)C,C#CC(NC(=O)C(CO[*])NC(=O)[*])C(C)(C)C,[*]COC(=O)NC([*])C(=O)NC(C#C)C(C)(C)C,1.01e-05,-4.995678626217358,2,-4.467700958251953
28203,C=CC(CNCC(CF)O*)OC(=O)*,C=CC(CNCC(CF)O[*])OC(=O)[*],[*]CNCC(CF)OC(=O)OC([*])C=C,6.82e-05,-4.166215625343521,2,-4.159167289733887
28204,CCCC(C)NC(CCO*)CCOC(=O)*,CCCC(C)NC(CCO[*])CCOC(=O)[*],[*]CCOC(=O)OCCC([*])NC(C)CCC,6.75e-05,-4.170696227168975,3,-4.499398231506348
28205,CCN(CCC#N)CC(O*)C(C)OC(=O)*,CCN(CCC#N)CC(O[*])C(C)OC(=O)[*],[*]OC(=O)OC(C)C([*])CN(CC)CCC#N,0.000116,-3.9355420107730814,1,-4.029577732086182
28206,C#CCN(CC#CC)CC(CO*)OC(=O)*,C#CCN(CC#CC)CC(CO[*])OC(=O)[*],[*]COC(=O)OC([*])CN(CC#C)CC#CC,3.83e-05,-4.416801226031377,3,-4.162753582000732
28207,CC(C#N)N(C)C(=O)CC(CNC(=O)*)O*,CC(C#N)N(C)C(=O)CC(CNC(=O)[*])O[*],[*]CNC(=O)OC([*])CC(=O)N(C)C(C)C#N,3.44e-05,-4.46344155742847,3,-4.386240482330322
28208,CCCCN(CC#N)CC(COC(=O)*)O*,CCCCN(CC#N)CC(COC(=O)[*])O[*],[*]COC(=O)OC([*])CN(CC#N)CCCC,7.44e-05,-4.128427064454121,1,-4.1609978675842285
28209,C=C(CC)C(=O)NCC(OC(=O)*)C(C)O*,C=C(CC)C(=O)NCC(OC(=O)[*])C(C)O[*],[*]OC(=O)OC(C)C([*])CNC(=O)C(=C)CC,8.49e-05,-4.071092309756048,0,-4.315176963806152
28210,CCC(C)N(CC)CC(OC(=O)*)C(C)O*,CCC(C)N(CC)CC(OC(=O)[*])C(C)O[*],[*]OC(=O)OC(C)C([*])CN(CC)C(C)CC,3.64e-05,-4.438898616350944,1,-4.415148735046387
28211,CC(CC#N)N(C)C(=O)C(CO*)NC(=O)*,CC(CC#N)N(C)C(=O)C(CO[*])NC(=O)[*],[*]COC(=O)NC([*])C(=O)N(C)C(C)CC#N,4.99e-05,-4.30189945437661,2,-4.413136005401611
28212,C=CC(CNCC(CC)N*)OC(=O)*,C=CC(CNCC(CC)N[*])OC(=O)[*],[*]CNCC(CC)NC(=O)OC([*])C=C,4.81e-05,-4.317854923626168,2,-4.297135353088379
28213,C#CCC(C)(C)C(=O)NCC(CO*)OC(=O)*,C#CCC(C)(C)C(=O)NCC(CO[*])OC(=O)[*],[*]COC(=O)OC([*])CNC(=O)C(C)(C)CC#C,3.95e-05,-4.403402904373539,0,-4.226678848266602
28214,C=CCN(CCC#N)CC(CO*)OC(=O)*,C=CCN(CCC#N)CC(CO[*])OC(=O)[*],[*]COC(=O)OC([*])CN(CC=C)CCC#N,0.000134,-3.8728952016351923,2,-3.9393885135650635
28215,C=CC(C)(OC(=O)*)C(=O)N(C)CCN*,C=CC(C)(OC(=O)[*])C(=O)N(C)CCN[*],[*]OC(=O)NCCN(C)C(=O)C([*])(C)C=C,4.78e-05,-4.320572103387881,3,-4.366291046142578
28216,CCC(C)CN(C)CC(CN*)OC(=O)*,CCC(C)CN(C)CC(CN[*])OC(=O)[*],[*]CNC(=O)OC([*])CN(C)CC(C)CC,3.13e-05,-4.504455662453552,3,-4.364336013793945
28217,CC(C)N(CCCCNC(=O)*)CCN*,CC(C)N(CCCCNC(=O)[*])CCN[*],[*]CCCCNC(=O)NCCN([*])C(C)C,9.35e-05,-4.029188389127483,2,-4.184035778045654
28218,C=CCNC(=O)C(N*)C(C)(C)OC(=O)*,C=CCNC(=O)C(N[*])C(C)(C)OC(=O)[*],[*]NC(=O)OC(C)(C)C([*])C(=O)NCC=C,3.02e-05,-4.519993057042849,1,-4.271223068237305
28219,CCC(CN(C)CC(C)(C)O*)NC(=O)*,CCC(CN(C)CC(C)(C)O[*])NC(=O)[*],[*]CN(C)CC(C)(C)OC(=O)NC([*])CC,2.59e-05,-4.586700235918748,0,-4.3042755126953125
28220,CC(CO*)NC(C)C(C)(C)COC(=O)*,CC(CO[*])NC(C)C(C)(C)COC(=O)[*],[*]COC(=O)OCC(C)(C)C(C)NC([*])C,2.1e-05,-4.6777807052660805,3,-4.430816173553467
28221,CN(CCOC(=O)*)CC(CC#N)O*,CN(CCOC(=O)[*])CC(CC#N)O[*],[*]CCOC(=O)OC(CC#N)CN([*])C,7.51e-05,-4.124360062995832,3,-4.3256402015686035
28222,CN(CC(CO*)OC(=O)*)C(=O)CCS,CN(CC(CO[*])OC(=O)[*])C(=O)CCS,[*]COC(=O)OC([*])CN(C)C(=O)CCS,4.83e-05,-4.316052869248487,3,-4.344771385192871
28223,CC(CCNCC(C)(C)O*)NC(=O)*,CC(CCNCC(C)(C)O[*])NC(=O)[*],[*]CCNCC(C)(C)OC(=O)NC([*])C,3.22e-05,-4.492144128304169,0,-4.295682430267334
28224,C#CCCCCNC(=O)C(NC(=O)*)C(C)O*,C#CCCCCNC(=O)C(NC(=O)[*])C(C)O[*],[*]NC(=O)OC(C)C([*])C(=O)NCCCCC#C,2.48e-05,-4.605548319173784,3,-4.222554683685303
28225,C=C(CC)C(=O)NC(C)(CO*)COC(=O)*,C=C(CC)C(=O)NC(C)(CO[*])COC(=O)[*],[*]COC(=O)OCC([*])(C)NC(=O)C(=C)CC,5.36e-05,-4.27083521030723,1,-4.323946475982666
28226,C=C(CC)C(=O)NC(COC(=O)*)C(C)O*,C=C(CC)C(=O)NC(COC(=O)[*])C(C)O[*],[*]COC(=O)OC(C)C([*])NC(=O)C(=C)CC,3.6e-05,-4.443697499232712,2,-4.325343608856201
28227,C#CCCC(CNC(=O)CCO*)OC(=O)*,C#CCCC(CNC(=O)CCO[*])OC(=O)[*],[*]CNC(=O)CCOC(=O)OC([*])CCC#C,7.46e-05,-4.127261172527331,2,-4.210047245025635
28228,C#CCCCN(C)CC(COC(=O)*)O*,C#CCCCN(C)CC(COC(=O)[*])O[*],[*]COC(=O)OC([*])CN(C)CCCC#C,3.46e-05,-4.460923901207224,2,-4.168670654296875
28229,C=CC(CN(C)CC(C)NC(=O)*)O*,C=CC(CN(C)CC(C)NC(=O)[*])O[*],[*]CN(C)CC(C)NC(=O)OC([*])C=C,7.28e-05,-4.137868620686963,1,-4.21962308883667
28230,CC(COC(=O)*)N(C)CC(CC#N)O*,CC(COC(=O)[*])N(C)CC(CC#N)O[*],[*]COC(=O)OC(CC#N)CN(C)C([*])C,4.66e-05,-4.33161408331,3,-4.34009313583374
28231,C=C(CC)CNC(=O)C(NC(=O)*)C(C)O*,C=C(CC)CNC(=O)C(NC(=O)[*])C(C)O[*],[*]NC(=O)OC(C)C([*])C(=O)NCC(=C)CC,2.88e-05,-4.540607512240769,0,-4.371092796325684
28232,C#CCNC(=O)CC(CCCCN*)NC(=O)*,C#CCNC(=O)CC(CCCCN[*])NC(=O)[*],[*]CCCCNC(=O)NC([*])CC(=O)NCC#C,3.59e-05,-4.444905551421681,2,-4.175551891326904
28233,C=C(CC)C(=O)NCC(CO*)OC(=O)*,C=C(CC)C(=O)NCC(CO[*])OC(=O)[*],[*]COC(=O)OC([*])CNC(=O)C(=C)CC,3.48e-05,-4.458420756053419,1,-4.2032036781311035
28234,C=C(COC(=O)*)C(=O)NC(CC)CCO*,C=C(COC(=O)[*])C(=O)NC(CC)CCO[*],[*]COC(=O)OCCC(CC)NC(=O)C([*])=C,6.48e-05,-4.188424994129407,1,-4.251711368560791
28235,CC(C)(CC(=O)NC(C#N)COC(=O)*)O*,CC(C)(CC(=O)NC(C#N)COC(=O)[*])O[*],[*]CC(=O)NC(C#N)COC(=O)OC([*])(C)C,2.94e-05,-4.531652669587842,1,-4.167998313903809
28236,C#CCN(C)CC(OC(=O)*)C(C)O*,C#CCN(C)CC(OC(=O)[*])C(C)O[*],[*]OC(=O)OC(C)C([*])CN(C)CC#C,6.85e-05,-4.164309428507575,0,-4.255585670471191
28237,C#CC(C)NC(=O)C(CCCN*)NC(=O)*,C#CC(C)NC(=O)C(CCCN[*])NC(=O)[*],[*]CCCNC(=O)NC([*])C(=O)NC(C)C#C,4.19e-05,-4.377785977033705,1,-4.238997936248779
28238,CC(C)CC(N*)C(=O)NC(C#N)COC(=O)*,CC(C)CC(N[*])C(=O)NC(C#N)COC(=O)[*],[*]NC(=O)OCC(C#N)NC(=O)C([*])CC(C)C,2.45e-05,-4.610833915635467,0,-4.33674430847168
28239,C=CC(CNCC(F)(F)CO*)OC(=O)*,C=CC(CNCC(F)(F)CO[*])OC(=O)[*],[*]CNCC(F)(F)COC(=O)OC([*])C=C,8.71e-05,-4.059981844992337,0,-4.094301223754883
28240,C=C(COC(=O)*)C(=O)NC(CCF)CO*,C=C(COC(=O)[*])C(=O)NC(CCF)CO[*],[*]COC(=O)OCC(CCF)NC(=O)C([*])=C,6.15e-05,-4.211124884224583,2,-4.350229740142822
28241,C=CC(C)(O*)C(=O)N(CC)CCNC(=O)*,C=CC(C)(O[*])C(=O)N(CC)CCNC(=O)[*],[*]OC(=O)NCCN(CC)C(=O)C([*])(C)C=C,4.5e-05,-4.346787486224656,3,-4.394668102264404
28242,C=CCCCC(=O)NCC(CN*)OC(=O)*,C=CCCCC(=O)NCC(CN[*])OC(=O)[*],[*]CNC(=O)OC([*])CNC(=O)CCCC=C,8.28e-05,-4.08196966321512,1,-4.210343837738037
28243,C=CCC(CO*)NC(=O)C(=C)COC(=O)*,C=CCC(CO[*])NC(=O)C(=C)COC(=O)[*],[*]COC(=O)OCC(=C)C(=O)NC([*])CC=C,7.05e-05,-4.151810883008602,2,-4.163450241088867
28244,C=C(CO*)C(=O)NC(CC)C(C)OC(=O)*,C=C(CO[*])C(=O)NC(CC)C(C)OC(=O)[*],[*]COC(=O)OC(C)C(CC)NC(=O)C([*])=C,4.88e-05,-4.311580177997289,1,-4.371053218841553
28245,CCC(CC#N)N(CCNC(=O)*)CCO*,CCC(CC#N)N(CCNC(=O)[*])CCO[*],[*]CCNC(=O)OCCN([*])C(CC)CC#N,0.000105,-3.9788107009300617,1,-4.166998863220215
28246,CCCN(CCC)CC(OC(=O)*)C(C)O*,CCCN(CCC)CC(OC(=O)[*])C(C)O[*],[*]OC(=O)OC(C)C([*])CN(CCC)CCC,2.53e-05,-4.5968794788241825,2,-4.530941486358643
28247,CC(C)C(CNCC(F)(F)COC(=O)*)O*,CC(C)C(CNCC(F)(F)COC(=O)[*])O[*],[*]CNCC(F)(F)COC(=O)OC([*])C(C)C,8.35e-05,-4.078313524516398,3,-4.29918098449707
28248,CC(C)(OC(=O)*)C(O*)C(=O)NCC(N)=O,CC(C)(OC(=O)[*])C(O[*])C(=O)NCC(N)=O,[*]OC(=O)OC(C(=O)NCC(N)=O)C([*])(C)C,5.99e-05,-4.2225731776106885,2,-4.1392998695373535
28249,COCC(CCOC(=O)*)NC(=O)CO*,COCC(CCOC(=O)[*])NC(=O)CO[*],[*]CCOC(=O)OCC(=O)NC([*])COC,0.000115,-3.939302159646388,2,-4.080817699432373
28250,CC(O*)C(CNC(=O)CC(N)=O)OC(=O)*,CC(O[*])C(CNC(=O)CC(N)=O)OC(=O)[*],[*]OC(=O)OC(CNC(=O)CC(N)=O)C([*])C,0.00011,-3.958607314841775,1,-4.277751445770264
28251,O=C(CCF)NCC(CO*)OC(=O)*,O=C(CCF)NCC(CO[*])OC(=O)[*],[*]COC(=O)OC([*])CNC(=O)CCF,6.03e-05,-4.219682687859849,0,-4.311085224151611
28252,COC(C)CC(=O)NCC(CN*)OC(=O)*,COC(C)CC(=O)NCC(CN[*])OC(=O)[*],[*]CNC(=O)OC([*])CNC(=O)CC(C)OC,4.05e-05,-4.392544976785332,1,-4.092898845672607
28253,CC(C)NCC(=O)NCC(CNC(=O)*)O*,CC(C)NCC(=O)NCC(CNC(=O)[*])O[*],[*]CNC(=O)OC([*])CNC(=O)CNC(C)C,9.06e-05,-4.042871802323187,1,-4.300007343292236
28254,CC(NC(CO*)C(=O)O)C(C)OC(=O)*,CC(NC(CO[*])C(=O)O)C(C)OC(=O)[*],[*]NC(COC(=O)OC(C)C([*])C)C(=O)O,3.44e-05,-4.46344155742847,0,-4.377132892608643
28255,COCCC(C)NC(=O)C(COC(=O)*)N*,COCCC(C)NC(=O)C(COC(=O)[*])N[*],[*]COC(=O)NC([*])C(=O)NC(C)CCOC,7.66e-05,-4.115771230367396,3,-4.2509355545043945
28256,CC(O*)C(=O)NC(C)(COC(=O)*)C(=O)O,CC(O[*])C(=O)NC(C)(COC(=O)[*])C(=O)O,[*]OC(=O)OCC(C)(NC(=O)C([*])C)C(=O)O,5.97e-05,-4.224025668870631,1,-4.4128923416137695
28257,CNC(=O)CNC(=O)C(N*)C(C)OC(=O)*,CNC(=O)CNC(=O)C(N[*])C(C)OC(=O)[*],[*]NC(=O)OC(C)C([*])C(=O)NCC(=O)NC,5.64e-05,-4.248720896016658,1,-4.327856540679932
28258,COC(C)C(C)NC(=O)C(COC(=O)*)N*,COC(C)C(C)NC(=O)C(COC(=O)[*])N[*],[*]COC(=O)NC([*])C(=O)NC(C)C(C)OC,3.98e-05,-4.400116927926312,3,-4.324108123779297
28259,CC(O*)C(=O)NCC(C)(OC(=O)*)C(=O)O,CC(O[*])C(=O)NCC(C)(OC(=O)[*])C(=O)O,[*]OC(=O)OC(C)(CNC(=O)C([*])C)C(=O)O,3.78e-05,-4.422508200162775,2,-4.439608097076416
28260,NC(=O)CCCNC(=O)C(CN*)OC(=O)*,NC(=O)CCCNC(=O)C(CN[*])OC(=O)[*],[*]CNC(=O)OC([*])C(=O)NCCCC(N)=O,9.33e-05,-4.0301183562535,3,-4.0500807762146
28261,CC(O*)C(=O)NCCC(OC(=O)*)C(=O)O,CC(O[*])C(=O)NCCC(OC(=O)[*])C(=O)O,[*]OC(=O)OC(CCNC(=O)C([*])C)C(=O)O,3.78e-05,-4.422508200162775,0,-4.365286827087402
28262,CC(NC(=O)C(N*)C(C)OC(=O)*)C(N)=O,CC(NC(=O)C(N[*])C(C)OC(=O)[*])C(N)=O,[*]NC(=O)OC(C)C([*])C(=O)NC(C)C(N)=O,4.28e-05,-4.368556230986828,3,-4.187006950378418
28263,CCC(=O)CNC(=O)C(CN*)OC(=O)*,CCC(=O)CNC(=O)C(CN[*])OC(=O)[*],[*]CNC(=O)OC([*])C(=O)NCC(=O)CC,7.56e-05,-4.121478204498794,3,-4.205169677734375
28264,COCC(CNC(COC(=O)*)C(=O)O)O*,COCC(CNC(COC(=O)[*])C(=O)O)O[*],[*]CNC(COC(=O)OC([*])COC)C(=O)O,5.12e-05,-4.29073003902417,2,-4.25834846496582
28265,CC(C(=O)O)N(C)C(=O)C(COC(=O)*)N*,CC(C(=O)O)N(C)C(=O)C(COC(=O)[*])N[*],[*]COC(=O)NC([*])C(=O)N(C)C(C)C(=O)O,4.32e-05,-4.364516253185088,0,-4.53118896484375
28266,CN(C)C(=O)CNC(=O)C(CNC(=O)*)O*,CN(C)C(=O)CNC(=O)C(CNC(=O)[*])O[*],[*]CNC(=O)OC([*])C(=O)NCC(=O)N(C)C,4.34e-05,-4.36251027048749,0,-4.203874111175537
28267,CC(OC(=O)*)C(CO*)NCCC(N)=O,CC(OC(=O)[*])C(CO[*])NCCC(N)=O,[*]OC(=O)OCC(NCCC(N)=O)C([*])C,7.43e-05,-4.129011186239425,0,-3.982271194458008
28268,CCC(=O)CNC(=O)CC(CNC(=O)*)O*,CCC(=O)CNC(=O)CC(CNC(=O)[*])O[*],[*]CNC(=O)OC([*])CC(=O)NCC(=O)CC,0.000101,-3.9956786262173574,3,-4.2052903175354
28269,CC(O*)C(=O)NC(C#N)COC(=O)*,CC(O[*])C(=O)NC(C#N)COC(=O)[*],[*]OC(=O)OCC(C#N)NC(=O)C([*])C,4.02e-05,-4.39577394691553,0,-4.309994220733643
28270,CCC(NC(=O)C(CN*)OC(=O)*)C(N)=O,CCC(NC(=O)C(CN[*])OC(=O)[*])C(N)=O,[*]CNC(=O)OC([*])C(=O)NC(CC)C(N)=O,9.27e-05,-4.032920265855503,3,-4.290410041809082
28271,CC(OC(=O)*)C(N*)C(=O)N(C)CC(N)=O,CC(OC(=O)[*])C(N[*])C(=O)N(C)CC(N)=O,[*]OC(=O)NC(C(=O)N(C)CC(N)=O)C([*])C,6.45e-05,-4.1904402853647325,2,-4.27939510345459
28272,CC(C)(OC(=O)*)C(=O)NCC(O*)C(=O)O,CC(C)(OC(=O)[*])C(=O)NCC(O[*])C(=O)O,[*]OC(=O)OC(CNC(=O)C([*])(C)C)C(=O)O,6.5e-05,-4.187086643357144,3,-4.319345951080322
28273,CC(CNC(=O)C(=O)O)(CO*)COC(=O)*,CC(CNC(=O)C(=O)O)(CO[*])COC(=O)[*],[*]COC(=O)OCC([*])(C)CNC(=O)C(=O)O,3.5e-05,-4.455931955649724,2,-4.561671257019043
28274,C=CC(C)(OC(=O)*)C(=O)NC(C#N)CO*,C=CC(C)(OC(=O)[*])C(=O)NC(C#N)CO[*],[*]OC(=O)OCC(C#N)NC(=O)C([*])(C)C=C,3.12e-05,-4.505845405981558,2,-4.23110294342041
28275,CC(OC(=O)*)C(N*)C(=O)NCCC(N)=O,CC(OC(=O)[*])C(N[*])C(=O)NCCC(N)=O,[*]OC(=O)NC(C(=O)NCCC(N)=O)C([*])C,7.96e-05,-4.099086932262331,1,-4.012840270996094
28276,COCC(CNC(=O)NCCN*)OC(=O)*,COCC(CNC(=O)NCCN[*])OC(=O)[*],[*]CNC(=O)NCCNC(=O)OC([*])COC,5.4e-05,-4.267606240177032,3,-4.145410060882568
28277,CNC(=O)CNC(=O)C(CN*)OC(=O)*,CNC(=O)CNC(=O)C(CN[*])OC(=O)[*],[*]CNC(=O)OC([*])C(=O)NCC(=O)NC,3.65e-05,-4.437707135543525,1,-4.248221397399902
28278,C=CC(CO*)NC(=O)CNC(=O)*,C=CC(CO[*])NC(=O)CNC(=O)[*],[*]COC(=O)NCC(=O)NC([*])C=C,8.08e-05,-4.092588639225414,3,-4.213761329650879
28279,CC(NC(=O)*)C(=O)NCC(=O)NCCO*,CC(NC(=O)[*])C(=O)NCC(=O)NCCO[*],[*]NC(=O)OCCNC(=O)CNC(=O)C([*])C,7.17e-05,-4.1444808443322,2,-4.314369201660156
28280,CNC(C)CCNC(=O)C(CO*)NC(=O)*,CNC(C)CCNC(=O)C(CO[*])NC(=O)[*],[*]COC(=O)NC([*])C(=O)NCCC(C)NC,8.57e-05,-4.0670191780768015,2,-4.311854362487793
28281,CSCCC(CO*)NC(=O)*,CSCCC(CO[*])NC(=O)[*],[*]COC(=O)NC([*])CCSC,5.85e-05,-4.23284413391782,3,-4.214285850524902
28282,CNCC(C)C(=O)NCC(CN*)OC(=O)*,CNCC(C)C(=O)NCC(CN[*])OC(=O)[*],[*]CNC(=O)OC([*])CNC(=O)C(C)CNC,7.09e-05,-4.149353764816934,1,-4.152795314788818
28283,CC(O*)C(NC(=O)*)C(=O)N=S(C)(C)=O,CC(O[*])C(NC(=O)[*])C(=O)N=S(C)(C)=O,[*]OC(=O)NC(C(=O)N=S(C)(C)=O)C([*])C,5.73e-05,-4.24184537803261,3,-4.329620838165283
28284,CCOCCNC(=O)C(NC(=O)*)C(C)O*,CCOCCNC(=O)C(NC(=O)[*])C(C)O[*],[*]NC(=O)OC(C)C([*])C(=O)NCCOCC,6.27e-05,-4.202732459169283,2,-4.2001848220825195
28285,CC(CONC(=O)CN*)NC(=O)*,CC(CONC(=O)CN[*])NC(=O)[*],[*]CONC(=O)CNC(=O)NC([*])C,5.07e-05,-4.294992040666664,0,-4.290600776672363
28286,CC(CNC(=O)*)N(C)C(=O)CNCCN*,CC(CNC(=O)[*])N(C)C(=O)CNCCN[*],[*]CNC(=O)NCCNCC(=O)N(C)C([*])C,6.46e-05,-4.189767482004916,0,-4.219259738922119
28287,CC(CN*)NC(=O)C(CC(=O)O)NC(=O)*,CC(CN[*])NC(=O)C(CC(=O)O)NC(=O)[*],[*]CNC(=O)NC(CC(=O)O)C(=O)NC([*])C,4.42e-05,-4.354577730650908,2,-4.471519947052002
28288,CCC(=O)CNC(=O)C(CO*)NC(=O)*,CCC(=O)CNC(=O)C(CO[*])NC(=O)[*],[*]COC(=O)NC([*])C(=O)NCC(=O)CC,5.22e-05,-4.282329496997738,0,-4.172959804534912
28289,C#CCC(COC(=O)*)NC(=O)CCO*,C#CCC(COC(=O)[*])NC(=O)CCO[*],[*]COC(=O)OCCC(=O)NC([*])CC#C,4.19e-05,-4.377785977033705,2,-4.170233726501465
28290,CN(CC(N)=O)CC(OC(=O)*)C(C)(C)O*,CN(CC(N)=O)CC(OC(=O)[*])C(C)(C)O[*],[*]OC(=O)OC(C)(C)C([*])CN(C)CC(N)=O,0.000119,-3.9244530386074694,3,-4.223451614379883
28291,CC(CC(C)(C)OC(=O)*)O*,CC(CC(C)(C)OC(=O)[*])O[*],[*]CC(C)(C)OC(=O)OC([*])C,4.07e-05,-4.39040559077478,0,-4.569497585296631
28292,CC(N*)C(C)NC(=O)CNCCNC(=O)*,CC(N[*])C(C)NC(=O)CNCCNC(=O)[*],[*]NC(=O)CNCCNC(=O)NC(C)C([*])C,8.71e-05,-4.059981844992337,3,-4.224767684936523
28293,O=C(*)OCC(F)(F)C(F)(F)CO*,O=C([*])OCC(F)(F)C(F)(F)CO[*],[*]OCC(F)(F)C(F)(F)COC([*])=O,2.59e-05,-4.586700235918748,2,-4.0201544761657715
28294,CCS(C)(=O)=NC(=O)C(CN*)OC(=O)*,CCS(C)(=O)=NC(=O)C(CN[*])OC(=O)[*],[*]CNC(=O)OC([*])C(=O)N=S(C)(=O)CC,4.03e-05,-4.394694953858891,0,-4.059310436248779
28295,CN(CCCNC(=O)*)C(=O)CNCCN*,CN(CCCNC(=O)[*])C(=O)CNCCN[*],[*]CCCNC(=O)NCCNCC(=O)N([*])C,9.81e-05,-4.008330992620052,1,-4.058542251586914
28296,CN(CC#N)C(=O)C(CNC(=O)*)N*,CN(CC#N)C(=O)C(CNC(=O)[*])N[*],[*]CNC(=O)NC([*])C(=O)N(C)CC#N,4.9e-05,-4.309803919971486,3,-4.147294998168945
28297,C=CC(CO*)NCC(C)(OC(=O)*)C(=O)O,C=CC(CO[*])NCC(C)(OC(=O)[*])C(=O)O,[*]COC(=O)OC(C)(CNC([*])C=C)C(=O)O,4.17e-05,-4.379863945026242,2,-4.413685321807861
28298,CC=CC(O*)C(C=CC)OC(=O)*,CC=CC(O[*])C(C=CC)OC(=O)[*],[*]OC(=O)OC(C=CC)C([*])C=CC,1.63e-05,-4.787812395596042,3,-4.495728015899658
28299,COC(=O)CN(C)C(=O)C(CNC(=O)*)O*,COC(=O)CN(C)C(=O)C(CNC(=O)[*])O[*],[*]CNC(=O)OC([*])C(=O)N(C)CC(=O)OC,6.24e-05,-4.204815410317576,0,-4.361722469329834
28300,O=C(*)OC(CO*)COC(=O)CS,O=C([*])OC(CO[*])COC(=O)CS,[*]COC(=O)OC([*])COC(=O)CS,4.69e-05,-4.328827157284917,3,-4.45186185836792
28301,C#CC(C)NC(=O)CC(CNC(=O)*)O*,C#CC(C)NC(=O)CC(CNC(=O)[*])O[*],[*]CNC(=O)OC([*])CC(=O)NC(C)C#C,3.47e-05,-4.459670525209126,2,-4.236703872680664
28302,O=C(CNC(=O)COC(=O)*)NCCO*,O=C(CNC(=O)COC(=O)[*])NCCO[*],[*]CNC(=O)COC(=O)OCCNC([*])=O,6.74e-05,-4.17134010346468,3,-3.9913461208343506
28303,C#CCNC(=O)C(OC(=O)*)C(C)(C)O*,C#CCNC(=O)C(OC(=O)[*])C(C)(C)O[*],[*]OC(=O)OC(C)(C)C([*])C(=O)NCC#C,3.12e-05,-4.505845405981558,2,-4.412526607513428
28304,CN(CC(N)=O)C(=O)C(CNC(=O)*)O*,CN(CC(N)=O)C(=O)C(CNC(=O)[*])O[*],[*]CNC(=O)OC([*])C(=O)N(C)CC(N)=O,6.86e-05,-4.163675884293248,2,-4.122998237609863
28305,C#CC(C)NC(=O)NC(CO*)COC(=O)*,C#CC(C)NC(=O)NC(CO[*])COC(=O)[*],[*]COC(=O)OCC([*])NC(=O)NC(C)C#C,6.27e-05,-4.202732459169283,0,-4.310177326202393
28306,CCC(CC)(CO*)COC(=O)*,CCC(CC)(CO[*])COC(=O)[*],[*]COC(=O)OCC([*])(CC)CC,2.13e-05,-4.671620396561262,3,-4.543191432952881
28307,CNC(=O)CCNC(=O)C(CO*)NC(=O)*,CNC(=O)CCNC(=O)C(CO[*])NC(=O)[*],[*]COC(=O)NC([*])C(=O)NCCC(=O)NC,9.4e-05,-4.026872146400302,0,-4.24613618850708
28308,CCS(C)(=O)=NC(=O)C(CO*)NC(=O)*,CCS(C)(=O)=NC(=O)C(CO[*])NC(=O)[*],[*]COC(=O)NC([*])C(=O)N=S(C)(=O)CC,0.00011,-3.958607314841775,1,-4.347314834594727
28309,CN(C)C(=O)CNC(=O)C(CO*)NC(=O)*,CN(C)C(=O)CNC(=O)C(CO[*])NC(=O)[*],[*]COC(=O)NC([*])C(=O)NCC(=O)N(C)C,5.99e-05,-4.2225731776106885,1,-4.320846080780029
28310,CNCC(O*)C(C)C(=O)NCCNC(=O)*,CNCC(O[*])C(C)C(=O)NCCNC(=O)[*],[*]OC(=O)NCCNC(=O)C(C)C([*])CNC,5.89e-05,-4.229884705212898,0,-4.337288856506348
28311,CC(C)(C)N(CCO*)CCOC(=O)*,CC(C)(C)N(CCO[*])CCOC(=O)[*],[*]CCOC(=O)OCCN([*])C(C)(C)C,4.13e-05,-4.384049948343599,0,-4.163879871368408
28312,CN(CCOC(=O)*)C(=O)NCC#CCO*,CN(CCOC(=O)[*])C(=O)NCC#CCO[*],[*]CCOC(=O)OCC#CCNC(=O)N([*])C,4.72e-05,-4.3260580013659125,0,-4.073009490966797
28313,CC(OC(=O)*)C(=O)NCC#CCO*,CC(OC(=O)[*])C(=O)NCC#CCO[*],[*]OC(=O)OCC#CCNC(=O)C([*])C,3.97e-05,-4.401209493236885,3,-4.204181671142578
28314,CCCCCCN(CCO*)CCOC(=O)*,CCCCCCN(CCO[*])CCOC(=O)[*],[*]CCOC(=O)OCCN([*])CCCCCC,0.000107,-3.9706162223147903,1,-4.242410182952881
28315,CC(=O)N(CCNCCO*)CCOC(=O)*,CC(=O)N(CCNCCO[*])CCOC(=O)[*],[*]CCNCCOC(=O)OCCN([*])C(C)=O,9.18e-05,-4.037157318798758,1,-3.8228554725646973
28316,C#CCNC(=O)C(CCNC(=O)*)N*,C#CCNC(=O)C(CCNC(=O)[*])N[*],[*]CCNC(=O)NC([*])C(=O)NCC#C,5.5e-05,-4.259637310505756,2,-4.287960052490234
28317,O=C(CN*)NC(COC(=O)*)C(F)(F)F,O=C(CN[*])NC(COC(=O)[*])C(F)(F)F,[*]CNC(=O)OCC(NC([*])=O)C(F)(F)F,8.48e-05,-4.071604147743286,2,-4.360589981079102
28318,COC(=O)C(C)(COC(=O)*)NC(=O)CN*,COC(=O)C(C)(COC(=O)[*])NC(=O)CN[*],[*]COC(=O)NCC(=O)NC([*])(C)C(=O)OC,4.21e-05,-4.375717904164332,1,-4.384122371673584
28319,CCCCN(CCO*)CCOC(=O)*,CCCCN(CCO[*])CCOC(=O)[*],[*]CCOC(=O)OCCN([*])CCCC,0.000105,-3.9788107009300617,3,-4.153984069824219
28320,CNCCCNC(=O)CC(CN*)OC(=O)*,CNCCCNC(=O)CC(CN[*])OC(=O)[*],[*]CNC(=O)OC([*])CC(=O)NCCCNC,7.55e-05,-4.1220530483708115,2,-4.150182247161865
28321,O=C(*)OCC(N*)C(=O)NCCOCCF,O=C([*])OCC(N[*])C(=O)NCCOCCF,[*]NC(COC([*])=O)C(=O)NCCOCCF,0.000194,-3.712198270069774,3,-4.1919145584106445
28322,CC(C)(C)OCC(COC(=O)*)O*,CC(C)(C)OCC(COC(=O)[*])O[*],[*]COC(=O)OC([*])COC(C)(C)C,2.1e-05,-4.6777807052660805,0,-4.409852981567383
28323,CC(=O)NCC(CNCCO*)OC(=O)*,CC(=O)NCC(CNCCO[*])OC(=O)[*],[*]CNCCOC(=O)OC([*])CNC(C)=O,7.67e-05,-4.115204636051019,1,-4.038814067840576
28324,CCCC(CO*)COC(=O)*,CCCC(CO[*])COC(=O)[*],[*]COC(=O)OCC([*])CCC,2.56e-05,-4.591760034688151,0,-4.436874866485596
28325,COC(=O)CN(C)C(=O)C(CO*)NC(=O)*,COC(=O)CN(C)C(=O)C(CO[*])NC(=O)[*],[*]COC(=O)NC([*])C(=O)N(C)CC(=O)OC,3.66e-05,-4.436518914605589,1,-4.378842830657959
28326,CC(CO*)NC(=O)CCOC(=O)*,CC(CO[*])NC(=O)CCOC(=O)[*],[*]COC(=O)OCCC(=O)NC([*])C,9.44e-05,-4.025028005701931,0,-4.14889669418335
28327,COC(=O)C(C)(COC(=O)*)NC(=O)CO*,COC(=O)C(C)(COC(=O)[*])NC(=O)CO[*],[*]COC(=O)OCC(=O)NC([*])(C)C(=O)OC,5.13e-05,-4.289882634888183,2,-4.3593854904174805
28328,CC(CC(C)OC(=O)*)O*,CC(CC(C)OC(=O)[*])O[*],[*]CC(C)OC(=O)OC([*])C,5.16e-05,-4.287350298372789,0,-4.30728816986084
28329,COCCN(C)C(=O)C(CO*)NC(=O)*,COCCN(C)C(=O)C(CO[*])NC(=O)[*],[*]COC(=O)NC([*])C(=O)N(C)CCOC,5.02e-05,-4.29929628285498,1,-4.23190450668335
28330,N#CC(NC(=O)C(CCN*)NC(=O)*)C(N)=O,N#CC(NC(=O)C(CCN[*])NC(=O)[*])C(N)=O,[*]CCNC(=O)NC([*])C(=O)NC(C#N)C(N)=O,4.56e-05,-4.341035157335565,2,-4.189780235290527
28331,CC(CNC(=O)C(CO*)NC(=O)*)N(C)C,CC(CNC(=O)C(CO[*])NC(=O)[*])N(C)C,[*]COC(=O)NC([*])C(=O)NCC(C)N(C)C,8.22e-05,-4.0851281824599495,3,-4.437471866607666
28332,N#CCNC(=O)CC(CNC(=O)*)O*,N#CCNC(=O)CC(CNC(=O)[*])O[*],[*]CNC(=O)OC([*])CC(=O)NCC#N,6.02e-05,-4.220403508742176,3,-4.330419540405273
28333,CC(CONC(=O)CCNC(=O)*)N*,CC(CONC(=O)CCNC(=O)[*])N[*],[*]CONC(=O)CCNC(=O)NC([*])C,5.64e-05,-4.248720896016658,3,-4.20575475692749
28334,CCC(CC)(CNC(=O)*)O*,CCC(CC)(CNC(=O)[*])O[*],[*]CNC(=O)OC([*])(CC)CC,2.81e-05,-4.55129368009492,0,-4.553300857543945
28335,N#CCC(N*)C(=O)NCCNC(=O)*,N#CCC(N[*])C(=O)NCCNC(=O)[*],[*]NC(=O)NCCNC(=O)C([*])CC#N,5.32e-05,-4.274088367704952,2,-4.266385555267334
28336,C=CC(OC(=O)*)C(=O)N(C)CCO*,C=CC(OC(=O)[*])C(=O)N(C)CCO[*],[*]OC(=O)OCCN(C)C(=O)C([*])C=C,3.94e-05,-4.404503778174426,2,-4.28331184387207
28337,CC(CCCC(C)(C)O*)NCCOC(=O)*,CC(CCCC(C)(C)O[*])NCCOC(=O)[*],[*]CCCC(C)(C)OC(=O)OCCNC([*])C,3.1e-05,-4.508638306165727,3,-4.424679756164551
28338,O=C(*)NCCCCCN*,O=C([*])NCCCCCN[*],[*]NCCCCCNC([*])=O,8.01e-05,-4.096367483915762,1,-4.069324970245361
28339,CC(OC(=O)*)C(=O)NC(C(=O)O)C(C)O*,CC(OC(=O)[*])C(=O)NC(C(=O)O)C(C)O[*],[*]OC(=O)OC(C)C(NC(=O)C([*])C)C(=O)O,4.87e-05,-4.3124710387853655,1,-4.523443222045898
28340,CS(C)(=O)=NC(=O)C(CO*)NC(=O)*,CS(C)(=O)=NC(=O)C(CO[*])NC(=O)[*],[*]COC(=O)NC([*])C(=O)N=S(C)(C)=O,6.57e-05,-4.182434630440219,2,-4.142606735229492
28341,C=CC(O*)C(=O)NCCOC(=O)*,C=CC(O[*])C(=O)NCCOC(=O)[*],[*]OC(=O)OCCNC(=O)C([*])C=C,4.47e-05,-4.349692476868063,0,-4.167319297790527
28342,CCC(CC(C)O*)OC(=O)*,CCC(CC(C)O[*])OC(=O)[*],[*]CC(C)OC(=O)OC([*])CC,5.93e-05,-4.226945306635737,3,-4.411933422088623
28343,CC(CSC(C)CCOC(=O)*)O*,CC(CSC(C)CCOC(=O)[*])O[*],[*]CSC(C)CCOC(=O)OC([*])C,0.000106,-3.9746941347352296,2,-4.29046630859375
28344,COCC(C)CNC(=O)C(COC(=O)*)N*,COCC(C)CNC(=O)C(COC(=O)[*])N[*],[*]COC(=O)NC([*])C(=O)NCC(C)COC,5.39e-05,-4.268411234813262,1,-4.218657493591309
28345,CC(O*)C(C)(C)OC(=O)*,CC(O[*])C(C)(C)OC(=O)[*],[*]OC(=O)OC(C)(C)C([*])C,4.73e-05,-4.325138859262188,2,-4.576890468597412
28346,CC(CNC(C)C(C)(C)OC(=O)*)O*,CC(CNC(C)C(C)(C)OC(=O)[*])O[*],[*]CNC(C)C(C)(C)OC(=O)OC([*])C,5.63e-05,-4.249491605148654,3,-4.415982723236084
28347,CC(CNC(=O)CO*)(OC(=O)*)C(=O)O,CC(CNC(=O)CO[*])(OC(=O)[*])C(=O)O,[*]CNC(=O)COC(=O)OC([*])(C)C(=O)O,5.3e-05,-4.275724130399211,2,-4.535684585571289
28348,CCCC(CCOC(=O)*)N*,CCCC(CCOC(=O)[*])N[*],[*]CCOC(=O)NC([*])CCC,2.07e-05,-4.684029654543083,1,-4.395290374755859
28349,NC(=O)C(CNC(=O)COC(=O)*)O*,NC(=O)C(CNC(=O)COC(=O)[*])O[*],[*]CNC(=O)COC(=O)OC([*])C(N)=O,6.18e-05,-4.209011524911184,2,-4.148429870605469
28350,CCC(C)(OC(=O)*)C(=O)OCC(C)O*,CCC(C)(OC(=O)[*])C(=O)OCC(C)O[*],[*]OC(=O)OC(C)COC(=O)C([*])(C)CC,4.9e-05,-4.309803919971486,3,-4.4508490562438965
28351,COCC#CCNC(CO*)COC(=O)*,COCC#CCNC(CO[*])COC(=O)[*],[*]COC(=O)OCC([*])NCC#CCOC,5.8e-05,-4.236572006437063,3,-3.94692325592041
28352,COCC(C)(C)NC(=O)C(CO*)NC(=O)*,COCC(C)(C)NC(=O)C(CO[*])NC(=O)[*],[*]COC(=O)NC([*])C(=O)NC(C)(C)COC,6.74e-05,-4.17134010346468,1,-4.303051948547363
28353,CCNCCCNC(=O)C(CO*)NC(=O)*,CCNCCCNC(=O)C(CO[*])NC(=O)[*],[*]COC(=O)NC([*])C(=O)NCCCNCC,5.07e-05,-4.294992040666664,1,-4.174309253692627
28354,CCC(OC)C(=O)NCC(CNC(=O)*)O*,CCC(OC)C(=O)NCC(CNC(=O)[*])O[*],[*]CNC(=O)OC([*])CNC(=O)C(CC)OC,4.83e-05,-4.316052869248487,0,-4.176481246948242
28355,CC(C)(CNC(=O)CNCCNC(=O)*)N*,CC(C)(CNC(=O)CNCCNC(=O)[*])N[*],[*]CNC(=O)CNCCNC(=O)NC([*])(C)C,5.32e-05,-4.274088367704952,2,-4.0738630294799805
28356,CC(OC(=O)*)C(N*)C(=O)NCC(N)=O,CC(OC(=O)[*])C(N[*])C(=O)NCC(N)=O,[*]OC(=O)NC(C(=O)NCC(N)=O)C([*])C,6.26e-05,-4.20342566678957,0,-4.0902419090271
28357,O=C(*)NCCCCCCCN*,O=C([*])NCCCCCCCN[*],[*]NCCCCCCCNC([*])=O,5.1e-05,-4.292429823902063,2,-4.13784646987915
28358,CC(C)CCC(C)NCC(COC(=O)*)O*,CC(C)CCC(C)NCC(COC(=O)[*])O[*],[*]COC(=O)OC([*])CNC(C)CCC(C)C,1.88e-05,-4.72584215073632,1,-4.40241813659668
28359,C#CCNC(=O)C(CNC(=O)*)N*,C#CCNC(=O)C(CNC(=O)[*])N[*],[*]CNC(=O)NC([*])C(=O)NCC#C,7.37e-05,-4.132532512140949,0,-4.301224708557129
28360,CC(CCNC(=O)CNCCN*)NC(=O)*,CC(CCNC(=O)CNCCN[*])NC(=O)[*],[*]CCNC(=O)CNCCNC(=O)NC([*])C,8.18e-05,-4.087246696328677,2,-4.0705246925354
28361,CC(O*)C(C)(C)COC(=O)*,CC(O[*])C(C)(C)COC(=O)[*],[*]OC(=O)OCC(C)(C)C([*])C,1.86e-05,-4.730487055782084,3,-4.556166172027588
28362,CNC(=O)CCNC(=O)C(CN*)OC(=O)*,CNC(=O)CCNC(=O)C(CN[*])OC(=O)[*],[*]CNC(=O)OC([*])C(=O)NCCC(=O)NC,9.75e-05,-4.010995384301463,1,-4.189762592315674
28363,O=C(*)NCCCCCO*,O=C([*])NCCCCCO[*],[*]NCCCCCOC([*])=O,7.44e-05,-4.128427064454121,2,-3.8033547401428223
28364,CC(C)(C)C(COC(=O)*)O*,CC(C)(C)C(COC(=O)[*])O[*],[*]COC(=O)OC([*])C(C)(C)C,1.6e-05,-4.795880017344075,2,-4.5630927085876465
28365,CC(CCN*)NC(=O)CNCCNC(=O)*,CC(CCN[*])NC(=O)CNCCNC(=O)[*],[*]CCNC(=O)NCCNCC(=O)NC([*])C,9.41e-05,-4.026410376572743,2,-3.9691195487976074
28366,COCCNC(=O)C(NC(=O)*)C(C)(C)O*,COCCNC(=O)C(NC(=O)[*])C(C)(C)O[*],[*]NC(=O)OC(C)(C)C([*])C(=O)NCCOC,7.63e-05,-4.117475462045119,2,-4.2578606605529785
28367,O=C(*)NC(CO*)C(=O)NCC(F)F,O=C([*])NC(CO[*])C(=O)NCC(F)F,[*]NC(COC([*])=O)C(=O)NCC(F)F,8.31e-05,-4.080398976215889,0,-4.2851457595825195
28368,CN(CCNC(=O)*)C(=O)C(CC(=O)O)N*,CN(CCNC(=O)[*])C(=O)C(CC(=O)O)N[*],[*]CCNC(=O)NC(CC(=O)O)C(=O)N([*])C,5.03e-05,-4.298432014944073,0,-4.574477195739746
28369,O=C(*)NCCCCCCN*,O=C([*])NCCCCCCN[*],[*]NCCCCCCNC([*])=O,0.000106,-3.9746941347352296,1,-4.149425029754639
28370,CC(C)C(COC(=O)*)NCC(C)(C)O*,CC(C)C(COC(=O)[*])NCC(C)(C)O[*],[*]COC(=O)OC(C)(C)CNC([*])C(C)C,3.23e-05,-4.490797477668897,0,-4.439696788787842
28371,CCCC(CCC)NCC(CO*)OC(=O)*,CCCC(CCC)NCC(CO[*])OC(=O)[*],[*]COC(=O)OC([*])CNC(CCC)CCC,6.56e-05,-4.1830961606243395,2,-4.596469402313232
28372,CCCC(C)(CO*)COC(=O)*,CCCC(C)(CO[*])COC(=O)[*],[*]COC(=O)OCC([*])(C)CCC,1e-05,-5.0,3,-4.561379432678223
28373,CCCC(CCCOC(=O)*)O*,CCCC(CCCOC(=O)[*])O[*],[*]CCCOC(=O)OC([*])CCC,5.36e-05,-4.27083521030723,3,-4.460407257080078
28374,CC(C)(NC(=O)C(CN*)OC(=O)*)C(N)=O,CC(C)(NC(=O)C(CN[*])OC(=O)[*])C(N)=O,[*]CNC(=O)OC([*])C(=O)NC(C)(C)C(N)=O,0.000113,-3.9469215565165805,2,-4.18695068359375
28375,CCC(CNCC(C)(CC)O*)OC(=O)*,CCC(CNCC(C)(CC)O[*])OC(=O)[*],[*]CNCC(C)(CC)OC(=O)OC([*])CC,5.02e-05,-4.29929628285498,2,-4.426739692687988
28376,CC(C)(CC(=O)CC(C)(C)OC(=O)*)O*,CC(C)(CC(=O)CC(C)(C)OC(=O)[*])O[*],[*]CC(=O)CC(C)(C)OC(=O)OC([*])(C)C,2.37e-05,-4.6252516539898965,2,-4.495023727416992
28377,CC(=O)NCC(COC(=O)*)NCCO*,CC(=O)NCC(COC(=O)[*])NCCO[*],[*]COC(=O)OCCNC([*])CNC(C)=O,8.26e-05,-4.083019952679618,1,-4.05294132232666
28378,CCCCC(CC)NCC(CO*)OC(=O)*,CCCCC(CC)NCC(CO[*])OC(=O)[*],[*]COC(=O)OC([*])CNC(CC)CCCC,2.16e-05,-4.665546248849069,1,-4.442002773284912
28379,CCCCCC(C)NC(CO*)COC(=O)*,CCCCCC(C)NC(CO[*])COC(=O)[*],[*]COC(=O)OCC([*])NC(C)CCCCC,2.77e-05,-4.557520230935552,2,-4.443414688110352
28380,CC(C)(CNCC(C)(C)O*)COC(=O)*,CC(C)(CNCC(C)(C)O[*])COC(=O)[*],[*]CNCC(C)(C)OC(=O)OCC([*])(C)C,2.99e-05,-4.52432881167557,0,-4.360443115234375
28381,CCCCCCNC(CO*)COC(=O)*,CCCCCCNC(CO[*])COC(=O)[*],[*]COC(=O)OCC([*])NCCCCCC,3.68e-05,-4.434152181326482,3,-4.303949356079102
28382,CC(C)(O*)C(OC(=O)*)C(=O)NCC(=O)O,CC(C)(O[*])C(OC(=O)[*])C(=O)NCC(=O)O,[*]OC(=O)OC(C(=O)NCC(=O)O)C([*])(C)C,5.27e-05,-4.278189384787454,1,-4.479225158691406
28383,CN(CCCOC(=O)*)C(=O)CNCCN*,CN(CCCOC(=O)[*])C(=O)CNCCN[*],[*]CCCOC(=O)NCCNCC(=O)N([*])C,9.19e-05,-4.036684488613889,0,-4.100515842437744
28384,CCN(CC(=O)O)C(=O)C(COC(=O)*)N*,CCN(CC(=O)O)C(=O)C(COC(=O)[*])N[*],[*]COC(=O)NC([*])C(=O)N(CC)CC(=O)O,2.24e-05,-4.649751981665837,1,-4.458273887634277
28385,CC(=O)NCC(CNCCCO*)OC(=O)*,CC(=O)NCC(CNCCCO[*])OC(=O)[*],[*]CNCCCOC(=O)OC([*])CNC(C)=O,4.9e-05,-4.309803919971486,2,-4.139883995056152
28386,CNC(=O)C(=O)N(CCN*)CCOC(=O)*,CNC(=O)C(=O)N(CCN[*])CCOC(=O)[*],[*]CCNC(=O)OCCN([*])C(=O)C(=O)NC,4.22e-05,-4.374687549038326,2,-4.18607234954834
28387,CS(C)(=O)=NC(=O)C(CNC(=O)*)O*,CS(C)(=O)=NC(=O)C(CNC(=O)[*])O[*],[*]CNC(=O)OC([*])C(=O)N=S(C)(C)=O,0.000105,-3.9788107009300617,3,-4.272889137268066
28388,CC(C)(C)C#CC(=O)NCC(CO*)OC(=O)*,CC(C)(C)C#CC(=O)NCC(CO[*])OC(=O)[*],[*]COC(=O)OC([*])CNC(=O)C#CC(C)(C)C,5.11e-05,-4.291579099865287,0,-4.336141586303711
28389,CC(C)C#CC(=O)NCC(COC(=O)*)O*,CC(C)C#CC(=O)NCC(COC(=O)[*])O[*],[*]COC(=O)OC([*])CNC(=O)C#CC(C)C,7.96e-05,-4.099086932262331,1,-4.27302885055542
28390,CN(CCCOC(=O)*)CC(C)(C)O*,CN(CCCOC(=O)[*])CC(C)(C)O[*],[*]CCCOC(=O)OC(C)(C)CN([*])C,4.02e-05,-4.39577394691553,0,-4.268890857696533
28391,COCCC(N*)C(=O)N(C)CCNC(=O)*,COCCC(N[*])C(=O)N(C)CCNC(=O)[*],[*]NC(=O)NCCN(C)C(=O)C([*])CCOC,5.9e-05,-4.229147988357856,1,-4.192097187042236
28392,CC(CONC(=O)C(C)NC(=O)*)N*,CC(CONC(=O)C(C)NC(=O)[*])N[*],[*]CONC(=O)C(C)NC(=O)NC([*])C,6.24e-05,-4.204815410317576,2,-4.346493721008301
28393,O=C(O)CSCC(COC(=O)*)O*,O=C(O)CSCC(COC(=O)[*])O[*],[*]COC(=O)OC([*])CSCC(=O)O,2.58e-05,-4.58838029403677,1,-4.2484331130981445
28394,CC(C#N)CNC(=O)CC(CN*)OC(=O)*,CC(C#N)CNC(=O)CC(CN[*])OC(=O)[*],[*]CNC(=O)OC([*])CC(=O)NCC(C)C#N,2.95e-05,-4.530177984021837,0,-4.22675085067749
28395,O=CC(COC(=O)*)O*,O=CC(COC(=O)[*])O[*],[*]COC(=O)OC([*])C=O,5.26e-05,-4.279014255846261,3,-4.243416786193848
28396,C#CC(C)NC(=O)C(CN*)NC(=O)*,C#CC(C)NC(=O)C(CN[*])NC(=O)[*],[*]CNC(=O)NC([*])C(=O)NC(C)C#C,2.34e-05,-4.6307841425898575,1,-4.258023262023926
28397,CC(OC(=O)*)C(CNC(=O)C(=O)O)O*,CC(OC(=O)[*])C(CNC(=O)C(=O)O)O[*],[*]OC(=O)OC(CNC(=O)C(=O)O)C([*])C,5e-05,-4.301029995663981,2,-4.4670796394348145
28398,CN(CCO*)CCC(C)(C)OC(=O)*,CN(CCO[*])CCC(C)(C)OC(=O)[*],[*]CCOC(=O)OC(C)(C)CCN([*])C,3.7e-05,-4.431798275933005,2,-4.297680854797363
28399,CC(CN(C)CCCCOC(=O)*)N*,CC(CN(C)CCCCOC(=O)[*])N[*],[*]CN(C)CCCCOC(=O)NC([*])C,4.84e-05,-4.315154638355588,0,-4.274746894836426
28400,CCC(CNC(CO*)C(=O)O)OC(=O)*,CCC(CNC(CO[*])C(=O)O)OC(=O)[*],[*]CNC(COC(=O)OC([*])CC)C(=O)O,2.53e-05,-4.5968794788241825,0,-4.4057159423828125
28401,CCC(CN(CC)CC(C)(C)O*)OC(=O)*,CCC(CN(CC)CC(C)(C)O[*])OC(=O)[*],[*]CN(CC)CC(C)(C)OC(=O)OC([*])CC,3.36e-05,-4.473660722610156,1,-4.389100074768066
28402,CCN(CCCC(C)N*)CCOC(=O)*,CCN(CCCC(C)N[*])CCOC(=O)[*],[*]CCCC(C)NC(=O)OCCN([*])CC,6.16e-05,-4.210419287835575,2,-4.12468957901001
28403,CC(C)CCC(C)NC(CO*)COC(=O)*,CC(C)CCC(C)NC(CO[*])COC(=O)[*],[*]COC(=O)OCC([*])NC(C)CCC(C)C,4.93e-05,-4.30715308072277,1,-4.366019248962402
28404,CONC(=O)C(NC(=O)*)C(C)(C)O*,CONC(=O)C(NC(=O)[*])C(C)(C)O[*],[*]NC(=O)OC(C)(C)C([*])C(=O)NOC,2.32e-05,-4.634512015109101,3,-4.398770809173584
28405,CC(CNC(C)(CO*)C(=O)O)OC(=O)*,CC(CNC(C)(CO[*])C(=O)O)OC(=O)[*],[*]CNC(C)(COC(=O)OC([*])C)C(=O)O,2.34e-05,-4.6307841425898575,3,-4.3762526512146
28406,N#CCCC(=O)NCC(COC(=O)*)O*,N#CCCC(=O)NCC(COC(=O)[*])O[*],[*]COC(=O)OC([*])CNC(=O)CCC#N,7.75e-05,-4.110698297493689,1,-4.189517974853516
28407,O=C(*)OC(CS)C(CS)O*,O=C([*])OC(CS)C(CS)O[*],[*]OC(CS)C(CS)OC([*])=O,5.56e-05,-4.2549252084179425,3,-4.437548637390137
28408,C=CC(O*)C(=O)NOCCOC(=O)*,C=CC(O[*])C(=O)NOCCOC(=O)[*],[*]OC(=O)OCCONC(=O)C([*])C=C,6.88e-05,-4.162411561764489,2,-4.06583833694458
28409,CC(C)C(CO*)COC(=O)*,CC(C)C(CO[*])COC(=O)[*],[*]COC(=O)OCC([*])C(C)C,2.31e-05,-4.636388020107856,0,-4.3628315925598145
28410,C=CC(C)(OC(=O)*)C(=O)NOCCO*,C=CC(C)(OC(=O)[*])C(=O)NOCCO[*],[*]OC(=O)OCCONC(=O)C([*])(C)C=C,7.11e-05,-4.148130399270234,2,-4.237178802490234
28411,CCC(CC)(CNCC(C)O*)OC(=O)*,CCC(CC)(CNCC(C)O[*])OC(=O)[*],[*]CNCC(C)OC(=O)OC([*])(CC)CC,4.34e-05,-4.36251027048749,0,-4.337758541107178
28412,CNC(=O)C(C)NC(=O)C(CO*)NC(=O)*,CNC(=O)C(C)NC(=O)C(CO[*])NC(=O)[*],[*]COC(=O)NC([*])C(=O)NC(C)C(=O)NC,6.84e-05,-4.164943898279883,0,-4.315392971038818
28413,CCC(NC(=O)C(CO*)NC(=O)*)C(N)=O,CCC(NC(=O)C(CO[*])NC(=O)[*])C(N)=O,[*]COC(=O)NC([*])C(=O)NC(CC)C(N)=O,7.54e-05,-4.122628654130226,3,-4.30146598815918
28414,CCC(CCOC(=O)*)CNC(C)C(C)O*,CCC(CCOC(=O)[*])CNC(C)C(C)O[*],[*]CCOC(=O)OC(C)C(C)NCC([*])CC,3.22e-05,-4.492144128304169,1,-4.380100250244141
28415,COC(C)CNC(=O)C(CO*)NC(=O)*,COC(C)CNC(=O)C(CO[*])NC(=O)[*],[*]COC(=O)NC([*])C(=O)NCC(C)OC,4.46e-05,-4.350665141287858,1,-4.17067813873291
28416,CCC(CCO*)CNCC(C)OC(=O)*,CCC(CCO[*])CNCC(C)OC(=O)[*],[*]CCOC(=O)OC(C)CNCC([*])CC,4.89e-05,-4.31069114087638,3,-4.226086616516113
28417,CCC(=O)CNC(=O)C(N*)C(C)OC(=O)*,CCC(=O)CNC(=O)C(N[*])C(C)OC(=O)[*],[*]NC(=O)OC(C)C([*])C(=O)NCC(=O)CC,7.81e-05,-4.1073489661227,1,-4.427618503570557
28418,C#CCNC(=O)C(CCCN*)NC(=O)*,C#CCNC(=O)C(CCCN[*])NC(=O)[*],[*]CCCNC(=O)NC([*])C(=O)NCC#C,5.14e-05,-4.289036881004725,2,-4.244022369384766
28419,O=C(NCC#CCO*)NCCCOC(=O)*,O=C(NCC#CCO[*])NCCCOC(=O)[*],[*]NCC#CCOC(=O)OCCCNC([*])=O,5.87e-05,-4.231361898752385,2,-3.9641013145446777
28420,CC(OC(=O)*)C(=O)NCC(O*)C(=O)O,CC(OC(=O)[*])C(=O)NCC(O[*])C(=O)O,[*]OC(=O)OC(CNC(=O)C([*])C)C(=O)O,4.41e-05,-4.355561410532162,0,-4.34157133102417
28421,CC(C)(CN*)NC(=O)CNCCNC(=O)*,CC(C)(CN[*])NC(=O)CNCCNC(=O)[*],[*]CNC(=O)NCCNCC(=O)NC([*])(C)C,3.55e-05,-4.449771646944906,3,-4.069090366363525
28422,C#CCNC(=O)CC(CN*)OC(=O)*,C#CCNC(=O)CC(CN[*])OC(=O)[*],[*]CNC(=O)OC([*])CC(=O)NCC#C,6.74e-05,-4.17134010346468,3,-4.396440505981445
28423,C=CC(CO*)NC(=O)NCC#CCOC(=O)*,C=CC(CO[*])NC(=O)NCC#CCOC(=O)[*],[*]COC(=O)OCC#CCNC(=O)NC([*])C=C,9.24e-05,-4.0343280287798935,2,-4.1042890548706055
28424,N#CC(CO*)NC(=O)*,N#CC(CO[*])NC(=O)[*],[*]COC(=O)NC([*])C#N,3.78e-05,-4.422508200162775,2,-4.274929523468018
28425,CCC(CN(C)CC(C)(C)CNC(=O)*)O*,CCC(CN(C)CC(C)(C)CNC(=O)[*])O[*],[*]CN(C)CC(C)(C)CNC(=O)OC([*])CC,2.89e-05,-4.539102157243452,1,-4.413753509521484
28426,CC(C)(C)CCN(CCN*)CCNC(=O)*,CC(C)(C)CCN(CCN[*])CCNC(=O)[*],[*]CCNC(=O)NCCN([*])CCC(C)(C)C,5.22e-05,-4.282329496997738,0,-4.391782760620117
28427,CC(CCCOC(=O)*)NC(=O)C(C)(C)N*,CC(CCCOC(=O)[*])NC(=O)C(C)(C)N[*],[*]CCCOC(=O)NC(C)(C)C(=O)NC([*])C,0.000111,-3.9546770212133424,1,-4.295876979827881
28428,CNCCN(C)C(=O)C(COC(=O)*)N*,CNCCN(C)C(=O)C(COC(=O)[*])N[*],[*]COC(=O)NC([*])C(=O)N(C)CCNC,9.43e-05,-4.0254883072626715,0,-4.273335933685303
28429,C#CC(C)(NC(=O)*)C(=O)NCC(=O)CCO*,C#CC(C)(NC(=O)[*])C(=O)NCC(=O)CCO[*],[*]NC(=O)OCCC(=O)CNC(=O)C([*])(C)C#C,2.51e-05,-4.600326278518962,0,-4.28244161605835
28430,O=C(*)OCCCCCO*,O=C([*])OCCCCCO[*],[*]OCCCCCOC([*])=O,0.00019,-3.721246399047171,1,-3.839608669281006
28431,CCCC(C)(CN*)OC(=O)*,CCCC(C)(CN[*])OC(=O)[*],[*]CNC(=O)OC([*])(C)CCC,2.7e-05,-4.568636235841013,0,-4.616872787475586
28432,O=C(*)OCC(N*)C(O)=NO,O=C([*])OCC(N[*])C(O)=NO,[*]NC(COC([*])=O)C(O)=NO,3.75e-05,-4.425968732272281,0,-4.207023620605469
28433,COC(=O)CCCNC(CN*)CNC(=O)*,COC(=O)CCCNC(CN[*])CNC(=O)[*],[*]CNC(=O)NCC([*])NCCCC(=O)OC,8.09e-05,-4.092051478387727,1,-4.252349853515625
28434,CON=CC(=O)NCC(OC(=O)*)C(C)O*,CON=CC(=O)NCC(OC(=O)[*])C(C)O[*],[*]OC(=O)OC(C)C([*])CNC(=O)C=NOC,6.06e-05,-4.217527375833714,0,-4.297400951385498
28435,CC(=O)NCC(COC(=O)*)NCC(C)O*,CC(=O)NCC(COC(=O)[*])NCC(C)O[*],[*]COC(=O)OC(C)CNC([*])CNC(C)=O,6.4e-05,-4.1938200260161125,1,-4.166786193847656
28436,O=C(*)NCCCC(=O)NCCCO*,O=C([*])NCCCC(=O)NCCCO[*],[*]CCCNC(=O)OCCCNC([*])=O,0.000103,-3.987162775294828,2,-4.110711574554443
28437,CCC(C)(CO*)COC(=O)*,CCC(C)(CO[*])COC(=O)[*],[*]COC(=O)OCC([*])(C)CC,3.99e-05,-4.399027104313252,2,-4.552720069885254
28438,CNC(=O)C(C)NC(=O)C(CN*)OC(=O)*,CNC(=O)C(C)NC(=O)C(CN[*])OC(=O)[*],[*]CNC(=O)OC([*])C(=O)NC(C)C(=O)NC,6.75e-05,-4.170696227168975,2,-4.271200180053711
28439,CN(CCC(N)=O)C(=O)C(CN*)OC(=O)*,CN(CCC(N)=O)C(=O)C(CN[*])OC(=O)[*],[*]CNC(=O)OC([*])C(=O)N(C)CCC(N)=O,5.76e-05,-4.239577516576788,0,-4.050665855407715
28440,CC(COC(=O)*)CSCC(C)O*,CC(COC(=O)[*])CSCC(C)O[*],[*]COC(=O)OC(C)CSCC([*])C,9.35e-05,-4.029188389127483,2,-4.237960338592529
28441,O=C(*)NCCCCCC(=O)NCCN*,O=C([*])NCCCCCC(=O)NCCN[*],[*]CCCCCNC(=O)NCCNC([*])=O,9.5e-05,-4.022276394711152,2,-4.103753089904785
28442,O=C(COC(=O)*)NCCC(O*)C(=O)O,O=C(COC(=O)[*])NCCC(O[*])C(=O)O,[*]COC(=O)OC(CCNC([*])=O)C(=O)O,5.09e-05,-4.293282217663242,2,-4.251698970794678
28443,CC(CN(C)CCOC(=O)*)O*,CC(CN(C)CCOC(=O)[*])O[*],[*]CN(C)CCOC(=O)OC([*])C,9.06e-05,-4.042871802323187,1,-4.054419040679932
28444,C#CC(C)(N*)C(=O)NC(COC(=O)*)C(N)=O,C#CC(C)(N[*])C(=O)NC(COC(=O)[*])C(N)=O,[*]NC(=O)OCC(NC(=O)C([*])(C)C#C)C(N)=O,6.49e-05,-4.187755303199631,0,-4.177072525024414
28445,CC(C)(C)C(=O)NCC(CN*)OC(=O)*,CC(C)(C)C(=O)NCC(CN[*])OC(=O)[*],[*]CNC(=O)OC([*])CNC(=O)C(C)(C)C,5.78e-05,-4.2380721615794705,3,-4.399283409118652
28446,CC(CCN(C)C(C)(C)CO*)OC(=O)*,CC(CCN(C)C(C)(C)CO[*])OC(=O)[*],[*]CCN(C)C(C)(C)COC(=O)OC([*])C,5.44e-05,-4.2644011003018205,1,-4.531196117401123
28447,CC(CNC(=O)C(CC(=O)O)NC(=O)*)N*,CC(CNC(=O)C(CC(=O)O)NC(=O)[*])N[*],[*]CNC(=O)C(CC(=O)O)NC(=O)NC([*])C,3.67e-05,-4.435333935747911,1,-4.481146812438965
28448,CC(=O)NCC(CNCC(C)O*)OC(=O)*,CC(=O)NCC(CNCC(C)O[*])OC(=O)[*],[*]CNCC(C)OC(=O)OC([*])CNC(C)=O,9.12e-05,-4.0400051616715835,2,-4.1292338371276855
28449,CCC(C)C(NC(=O)*)C(=O)NCCN*,CCC(C)C(NC(=O)[*])C(=O)NCCN[*],[*]NC(=O)NCCNC(=O)C([*])C(C)CC,5.09e-05,-4.293282217663242,3,-4.393267631530762
28450,CC(COC(=O)*)NC(=O)NCC#CCO*,CC(COC(=O)[*])NC(=O)NCC#CCO[*],[*]COC(=O)OCC#CCNC(=O)NC([*])C,5.95e-05,-4.22548303427145,0,-4.208454132080078
28451,CC(NCC(C)(C)O*)C(C)(C)OC(=O)*,CC(NCC(C)(C)O[*])C(C)(C)OC(=O)[*],[*]NCC(C)(C)OC(=O)OC(C)(C)C([*])C,4.67e-05,-4.330683119433888,2,-4.5152692794799805
28452,CN(CC(CO*)OC(=O)*)C(=O)CC(=O)O,CN(CC(CO[*])OC(=O)[*])C(=O)CC(=O)O,[*]COC(=O)OC([*])CN(C)C(=O)CC(=O)O,4.59e-05,-4.338187314462739,1,-4.3505778312683105
28453,CCCC(CNC(=O)*)O*,CCCC(CNC(=O)[*])O[*],[*]CNC(=O)OC([*])CCC,4.8e-05,-4.318758762624412,2,-4.321840286254883
28454,CCC(NC)C(=O)NCC(CN*)OC(=O)*,CCC(NC)C(=O)NCC(CN[*])OC(=O)[*],[*]CNC(=O)OC([*])CNC(=O)C(CC)NC,7.48e-05,-4.126098402135539,1,-4.236248970031738
28455,CC#CCC(CO*)NC(=O)COC(=O)*,CC#CCC(CO[*])NC(=O)COC(=O)[*],[*]COC(=O)OCC(=O)NC([*])CC#CC,4.47e-05,-4.349692476868063,3,-4.308170795440674
28456,CC(CCO*)CNC(C)C(C)OC(=O)*,CC(CCO[*])CNC(C)C(C)OC(=O)[*],[*]CCOC(=O)OC(C)C(C)NCC([*])C,5.06e-05,-4.295849483160201,2,-4.281695365905762
28457,CCCCC(CO*)NC(=O)*,CCCCC(CO[*])NC(=O)[*],[*]COC(=O)NC([*])CCCC,7.08e-05,-4.149966742310231,1,-4.379899501800537
28458,CC(CC#N)C(=O)NCC(CO*)OC(=O)*,CC(CC#N)C(=O)NCC(CO[*])OC(=O)[*],[*]COC(=O)OC([*])CNC(=O)C(C)CC#N,4.77e-05,-4.321481620959886,2,-4.205866813659668
28459,CCC(C)C(CO*)NC(=O)*,CCC(C)C(CO[*])NC(=O)[*],[*]COC(=O)NC([*])C(C)CC,1.86e-05,-4.730487055782084,2,-4.507930278778076
28460,CCCCN(CCCO*)CCNC(=O)*,CCCCN(CCCO[*])CCNC(=O)[*],[*]CCCOC(=O)NCCN([*])CCCC,7.12e-05,-4.147520006363144,3,-4.0900983810424805
28461,CC(C)(O*)C(=O)NCC#CCOC(=O)*,CC(C)(O[*])C(=O)NCC#CCOC(=O)[*],[*]OC(=O)OCC#CCNC(=O)C([*])(C)C,3.95e-05,-4.403402904373539,3,-4.211382865905762
28462,CCN(CCO*)CC(COC)OC(=O)*,CCN(CCO[*])CC(COC)OC(=O)[*],[*]CCOC(=O)OC(COC)CN([*])CC,0.000132,-3.87942606879415,2,-4.041460990905762
28463,C=CC(CO*)NCC(OC(=O)*)C(=O)OC,C=CC(CO[*])NCC(OC(=O)[*])C(=O)OC,[*]COC(=O)OC(CNC([*])C=C)C(=O)OC,5.17e-05,-4.286509456906058,1,-4.366041660308838
28464,CC(C)OCC(CNCC(C)O*)OC(=O)*,CC(C)OCC(CNCC(C)O[*])OC(=O)[*],[*]CNCC(C)OC(=O)OC([*])COC(C)C,7.19e-05,-4.1432711096171175,0,-4.106189250946045
28465,CCCN(CCCCCO*)CCOC(=O)*,CCCN(CCCCCO[*])CCOC(=O)[*],[*]CCCCCOC(=O)OCCN([*])CCC,6.69e-05,-4.174573882232177,2,-4.084686279296875
28466,COC(C)CCNC(=O)C(CO*)NC(=O)*,COC(C)CCNC(=O)C(CO[*])NC(=O)[*],[*]COC(=O)NC([*])C(=O)NCCC(C)OC,7.38e-05,-4.131943638176958,0,-4.258456230163574
28467,CC(OC(=O)*)C(=O)NCC(CC(=O)O)O*,CC(OC(=O)[*])C(=O)NCC(CC(=O)O)O[*],[*]OC(=O)OC(CNC(=O)C([*])C)CC(=O)O,3.68e-05,-4.434152181326482,1,-4.407308101654053
28468,CC(CNC(=O)*)CNC(=O)CNCCN*,CC(CNC(=O)[*])CNC(=O)CNCCN[*],[*]CNC(=O)CNCCNC(=O)NCC([*])C,7.88e-05,-4.103473782510445,1,-4.092687129974365
28469,CC(CO*)CSCCOC(=O)*,CC(CO[*])CSCCOC(=O)[*],[*]COC(=O)OCCSCC([*])C,9.32e-05,-4.030584087646019,0,-4.035170555114746
28470,CC(COC(C)COC(C)COC(=O)*)O*,CC(COC(C)COC(C)COC(=O)[*])O[*],[*]COC(=O)OC(C)COC(C)COC([*])C,0.000125,-3.9030899869919438,3,-3.9926342964172363
28471,CC(CN(C)CCOC(=O)*)N*,CC(CN(C)CCOC(=O)[*])N[*],[*]CN(C)CCOC(=O)NC([*])C,6.5e-05,-4.187086643357144,1,-4.180441379547119
28472,CCC(CO*)NC(=O)C(C)NC(=O)*,CCC(CO[*])NC(=O)C(C)NC(=O)[*],[*]COC(=O)NC(C)C(=O)NC([*])CC,4.81e-05,-4.317854923626168,3,-4.319166660308838
28473,CCCC(O*)C(C)(C)NC(=O)*,CCCC(O[*])C(C)(C)NC(=O)[*],[*]OC(=O)NC(C)(C)C([*])CCC,3.11e-05,-4.507239610973163,2,-4.478116035461426
28474,O=C(*)NCCCCNC(=O)CCCN*,O=C([*])NCCCCNC(=O)CCCN[*],[*]CCCNC(=O)NCCCCNC([*])=O,6.9e-05,-4.161150909262744,2,-4.05588436126709
28475,O=C(*)OCC(N*)C(=O)NO,O=C([*])OCC(N[*])C(=O)NO,[*]NC(COC([*])=O)C(=O)NO,5.62e-05,-4.250263684430939,1,-4.36149787902832
28476,CC(C)C(=O)NC(CO*)COC(=O)*,CC(C)C(=O)NC(CO[*])COC(=O)[*],[*]COC(=O)OCC([*])NC(=O)C(C)C,3.5e-05,-4.455931955649724,2,-4.302005290985107
28477,COCC(N*)C(=O)N(C)CCNC(=O)*,COCC(N[*])C(=O)N(C)CCNC(=O)[*],[*]NC(=O)NCCN(C)C(=O)C([*])COC,6.25e-05,-4.204119982655925,3,-4.203021049499512
28478,CCCC(N*)C(=O)N(C)CCOC(=O)*,CCCC(N[*])C(=O)N(C)CCOC(=O)[*],[*]NC(=O)OCCN(C)C(=O)C([*])CCC,4.45e-05,-4.351639989019068,2,-4.377016544342041
28479,COCC(CNCC(C)(C)O*)OC(=O)*,COCC(CNCC(C)(C)O[*])OC(=O)[*],[*]CNCC(C)(C)OC(=O)OC([*])COC,7.29e-05,-4.137272471682025,1,-4.221441268920898
28480,CC(C)(C)CCNC(=O)C(COC(=O)*)N*,CC(C)(C)CCNC(=O)C(COC(=O)[*])N[*],[*]COC(=O)NC([*])C(=O)NCCC(C)(C)C,2.92e-05,-4.534617148551582,2,-4.409077167510986
28481,CC(C)OCC(CNCCCOC(=O)*)O*,CC(C)OCC(CNCCCOC(=O)[*])O[*],[*]CNCCCOC(=O)OC([*])COC(C)C,8.03e-05,-4.095284454721319,3,-4.044049263000488
28482,C=C(CO*)C(=O)NC(CC=CC)COC(=O)*,C=C(CO[*])C(=O)NC(CC=CC)COC(=O)[*],[*]COC(=O)OCC(CC=CC)NC(=O)C([*])=C,7.14e-05,-4.146301788223826,0,-4.256206512451172
28483,CN(CCNC(=O)*)CC(C)(C)O*,CN(CCNC(=O)[*])CC(C)(C)O[*],[*]CCNC(=O)OC(C)(C)CN([*])C,3.57e-05,-4.447331783887806,1,-4.281702995300293
28484,CC(N*)C(=O)NCCCCNC(=O)*,CC(N[*])C(=O)NCCCCNC(=O)[*],[*]NC(=O)NCCCCNC(=O)C([*])C,3.45e-05,-4.462180904926726,3,-4.2230401039123535
28485,O=C(*)NCCCCCNCCCN*,O=C([*])NCCCCCNCCCN[*],[*]NCCCCCNCCCNC([*])=O,9.54e-05,-4.020451625295905,3,-3.9548544883728027
28486,C#CCCCNC(=O)C(CN*)NC(=O)*,C#CCCCNC(=O)C(CN[*])NC(=O)[*],[*]CNC(=O)NC([*])C(=O)NCCCC#C,7.53e-05,-4.123205023799299,3,-4.3040771484375
28487,CCNCCNC(=O)C(COC(=O)*)N*,CCNCCNC(=O)C(COC(=O)[*])N[*],[*]COC(=O)NC([*])C(=O)NCCNCC,7.86e-05,-4.104577453960592,1,-4.1494855880737305
28488,CN(CCO*)CC(C)(C)COC(=O)*,CN(CCO[*])CC(C)(C)COC(=O)[*],[*]CCOC(=O)OCC(C)(C)CN([*])C,6.1e-05,-4.214670164989233,3,-4.3319621086120605
28489,CC(CCCOC(=O)*)N*,CC(CCCOC(=O)[*])N[*],[*]CCCOC(=O)NC([*])C,4.63e-05,-4.334419008982047,0,-4.293848514556885
28490,COCCCN(C)CC(CN*)OC(=O)*,COCCCN(C)CC(CN[*])OC(=O)[*],[*]CNC(=O)OC([*])CN(C)CCCOC,0.000122,-3.9136401693252516,0,-4.0186686515808105
28491,CN(CCO*)CC(OC(=O)*)C(F)(F)F,CN(CCO[*])CC(OC(=O)[*])C(F)(F)F,[*]CCOC(=O)OC(CN([*])C)C(F)(F)F,3.77e-05,-4.423658649794207,0,-4.2491536140441895
28492,CC(C)C(N*)C(=O)NCCCCNC(=O)*,CC(C)C(N[*])C(=O)NCCCCNC(=O)[*],[*]NC(=O)NCCCCNC(=O)C([*])C(C)C,4.12e-05,-4.3851027839668655,3,-4.234105110168457
28493,CCC(C)NCC(COC(=O)*)O*,CCC(C)NCC(COC(=O)[*])O[*],[*]COC(=O)OC([*])CNC(C)CC,3.89e-05,-4.410050398674293,1,-4.288557529449463
28494,CN(CCCCCO*)CC(C)(C)OC(=O)*,CN(CCCCCO[*])CC(C)(C)OC(=O)[*],[*]CCCCCOC(=O)OC(C)(C)CN([*])C,4.25e-05,-4.371611069949688,0,-4.330345153808594
28495,CCC(=O)NCC(CO*)NCCOC(=O)*,CCC(=O)NCC(CO[*])NCCOC(=O)[*],[*]COC(=O)OCCNC([*])CNC(=O)CC,5.36e-05,-4.27083521030723,2,-4.1742658615112305
28496,CCN(CCCCOC(=O)*)CC(C)(C)O*,CCN(CCCCOC(=O)[*])CC(C)(C)O[*],[*]CCCCOC(=O)OC(C)(C)CN([*])CC,8.27e-05,-4.082494490447453,2,-4.19114351272583
28497,C=CC(C)(OC(=O)*)C(=O)NCCN*,C=CC(C)(OC(=O)[*])C(=O)NCCN[*],[*]OC(=O)NCCNC(=O)C([*])(C)C=C,4.81e-05,-4.317854923626168,0,-4.282858371734619
28498,O=C(*)OCC(CO*)NC(=O)C(F)(F)F,O=C([*])OCC(CO[*])NC(=O)C(F)(F)F,[*]OCC(COC([*])=O)NC(=O)C(F)(F)F,2.66e-05,-4.575118363368933,3,-4.147554874420166
28499,CCC(NC(=O)*)C(C)O*,CCC(NC(=O)[*])C(C)O[*],[*]NC(=O)OC(C)C([*])CC,2.42e-05,-4.616184634019569,2,-4.485887050628662
28500,CC(CNCCCCO*)OC(=O)*,CC(CNCCCCO[*])OC(=O)[*],[*]CNCCCCOC(=O)OC([*])C,0.00012,-3.9208187539523753,3,-4.036948204040527
28501,C#CC(C)(NC(=O)*)C(=O)NCCO*,C#CC(C)(NC(=O)[*])C(=O)NCCO[*],[*]NC(=O)OCCNC(=O)C([*])(C)C#C,2.97e-05,-4.527243550682788,0,-4.276235103607178
28502,O=C(*)NCCN(CCN*)[N+]([O-])=NO,O=C([*])NCCN(CCN[*])[N+]([O-])=NO,[*]NCCN(CCNC([*])=O)[N+]([O-])=NO,9.19e-05,-4.036684488613889,2,-4.100246906280518
28503,CC(C)CCNC(CO*)COC(=O)*,CC(C)CCNC(CO[*])COC(=O)[*],[*]COC(=O)OCC([*])NCCC(C)C,3.11e-05,-4.507239610973163,2,-4.327831745147705
28504,C#CCC(COC(=O)*)NC(=O)C(C)O*,C#CCC(COC(=O)[*])NC(=O)C(C)O[*],[*]COC(=O)OC(C)C(=O)NC([*])CC#C,4.55e-05,-4.341988603342887,1,-4.306297779083252
28505,CCC(CO*)NC(C)C(C)OC(=O)*,CCC(CO[*])NC(C)C(C)OC(=O)[*],[*]COC(=O)OC(C)C(C)NC([*])CC,6.63e-05,-4.178486471595227,0,-4.33291482925415
28506,CCCN(CCO*)C(=O)CCNC(=O)*,CCCN(CCO[*])C(=O)CCNC(=O)[*],[*]CCOC(=O)NCCC(=O)N([*])CCC,5.56e-05,-4.2549252084179425,2,-4.34411096572876
28507,C#CCN(CC#C)CC(O*)C(C)(C)OC(=O)*,C#CCN(CC#C)CC(O[*])C(C)(C)OC(=O)[*],[*]OC(=O)OC(C)(C)C([*])CN(CC#C)CC#C,5.84e-05,-4.2335871528876,3,-4.388911247253418
28508,CC(C)(CCCN*)COC(=O)*,CC(C)(CCCN[*])COC(=O)[*],[*]CCCNC(=O)OCC([*])(C)C,2.45e-05,-4.610833915635467,0,-4.443048477172852
28509,CCC(CCO*)CNC(=O)*,CCC(CCO[*])CNC(=O)[*],[*]CCOC(=O)NCC([*])CC,4.65e-05,-4.3325470471100465,2,-4.2254638671875
28510,CCC(COC(=O)*)NCCC(C)(C)O*,CCC(COC(=O)[*])NCCC(C)(C)O[*],[*]COC(=O)OC(C)(C)CCNC([*])CC,2.92e-05,-4.534617148551582,3,-4.327969074249268
28511,CC(C)(C)C(CO*)COC(=O)*,CC(C)(C)C(CO[*])COC(=O)[*],[*]COC(=O)OCC([*])C(C)(C)C,2.02e-05,-4.694648630553377,0,-4.603481769561768
28512,CN(CCCCO*)CC(C)(C)OC(=O)*,CN(CCCCO[*])CC(C)(C)OC(=O)[*],[*]CCCCOC(=O)OC(C)(C)CN([*])C,5.06e-05,-4.295849483160201,2,-4.305987358093262
28513,CCOCC(CNCCCOC(=O)*)O*,CCOCC(CNCCCOC(=O)[*])O[*],[*]CNCCCOC(=O)OC([*])COCC,0.000121,-3.9172146296835497,0,-3.955554246902466
28514,CCN(CC)CCNCC(CO*)OC(=O)*,CCN(CC)CCNCC(CO[*])OC(=O)[*],[*]COC(=O)OC([*])CNCCN(CC)CC,0.000131,-3.8827287043442356,2,-4.056527137756348
28515,CCCN(C)CC(CNC(=O)*)O*,CCCN(C)CC(CNC(=O)[*])O[*],[*]CNC(=O)OC([*])CN(C)CCC,4.02e-05,-4.39577394691553,3,-4.212538242340088
28516,CC(CSCCCO*)OC(=O)*,CC(CSCCCO[*])OC(=O)[*],[*]CSCCCOC(=O)OC([*])C,0.000108,-3.96657624451305,0,-4.109587669372559
28517,C=C(CO*)C(=O)N(CCC)CCOC(=O)*,C=C(CO[*])C(=O)N(CCC)CCOC(=O)[*],[*]COC(=O)OCCN(CCC)C(=O)C([*])=C,7.36e-05,-4.133122185662502,1,-4.310500144958496
28518,CCC(CC)(CNC(C)C(C)O*)OC(=O)*,CCC(CC)(CNC(C)C(C)O[*])OC(=O)[*],[*]CNC(C)C(C)OC(=O)OC([*])(CC)CC,2.49e-05,-4.603800652904264,3,-4.37412166595459
28519,CN(CC(C)(C)C#N)C(=O)C(CN*)OC(=O)*,CN(CC(C)(C)C#N)C(=O)C(CN[*])OC(=O)[*],[*]CNC(=O)OC([*])C(=O)N(C)CC(C)(C)C#N,6.69e-05,-4.174573882232177,1,-4.367791652679443
28520,CC(CCCOC(=O)*)O*,CC(CCCOC(=O)[*])O[*],[*]CCCOC(=O)OC([*])C,6.87e-05,-4.16304326294045,1,-4.282291412353516
28521,CCC(CC)(CC)NCC(CO*)OC(=O)*,CCC(CC)(CC)NCC(CO[*])OC(=O)[*],[*]COC(=O)OC([*])CNC(CC)(CC)CC,2.82e-05,-4.549750891680639,1,-4.584609508514404
28522,CCOCC(CNCC(C)O*)OC(=O)*,CCOCC(CNCC(C)O[*])OC(=O)[*],[*]CNCC(C)OC(=O)OC([*])COCC,9.88e-05,-4.005243055412372,3,-4.105871200561523
28523,CCOCC(CNCC(C)(C)O*)OC(=O)*,CCOCC(CNCC(C)(C)O[*])OC(=O)[*],[*]CNCC(C)(C)OC(=O)OC([*])COCC,7.17e-05,-4.1444808443322,0,-4.230501651763916
28524,CCCCC(CNCCOC(=O)*)O*,CCCCC(CNCCOC(=O)[*])O[*],[*]CNCCOC(=O)OC([*])CCCC,9.05e-05,-4.043351420794797,2,-4.02882719039917
28525,CCC(CN(C)CCO*)NC(=O)*,CCC(CN(C)CCO[*])NC(=O)[*],[*]CN(C)CCOC(=O)NC([*])CC,7.18e-05,-4.1438755557577,3,-4.09681510925293
28526,CC(CCN(C)CCCOC(=O)*)O*,CC(CCN(C)CCCOC(=O)[*])O[*],[*]CCN(C)CCCOC(=O)OC([*])C,8.65e-05,-4.062983892535186,0,-4.1551899909973145
28527,CC(CO*)CSCCCOC(=O)*,CC(CO[*])CSCCCOC(=O)[*],[*]COC(=O)OCCCSCC([*])C,8.58e-05,-4.066512712151295,1,-3.988079786300659
28528,COCC(C)N(C)CC(CN*)OC(=O)*,COCC(C)N(C)CC(CN[*])OC(=O)[*],[*]CNC(=O)OC([*])CN(C)C(C)COC,8.11e-05,-4.090979145788844,3,-4.154731273651123
28529,CCCCC(CC)NC(CO*)COC(=O)*,CCCCC(CC)NC(CO[*])COC(=O)[*],[*]COC(=O)OCC([*])NC(CC)CCCC,4.45e-05,-4.351639989019068,3,-4.38784122467041
28530,CCCOC(=O)C(C)(CO*)COC(=O)*,CCCOC(=O)C(C)(CO[*])COC(=O)[*],[*]COC(=O)OCC([*])(C)C(=O)OCCC,1.69e-05,-4.772113295386326,1,-4.604253768920898
28531,CCCCNC(CO*)COC(=O)*,CCCCNC(CO[*])COC(=O)[*],[*]COC(=O)OCC([*])NCCCC,7.43e-05,-4.129011186239425,0,-4.415672779083252
28532,C#CCC(COC(=O)*)NCC(COC)O*,C#CCC(COC(=O)[*])NCC(COC)O[*],[*]COC(=O)OC(CNC([*])CC#C)COC,8.73e-05,-4.0589857562944305,2,-4.193576812744141
28533,CCOCC(CN(C)CCO*)OC(=O)*,CCOCC(CN(C)CCO[*])OC(=O)[*],[*]CN(C)CCOC(=O)OC([*])COCC,0.000127,-3.896196279044043,1,-3.9575188159942627
28534,CC(=O)C=C(C)NC(=O)C(CNC(=O)*)N*,CC(=O)C=C(C)NC(=O)C(CNC(=O)[*])N[*],[*]CNC(=O)NC([*])C(=O)NC(C)=CC(C)=O,2.97e-05,-4.527243550682788,3,-4.396094799041748
28535,CCN(CCCOC(=O)*)CC(C)(C)O*,CCN(CCCOC(=O)[*])CC(C)(C)O[*],[*]CCCOC(=O)OC(C)(C)CN([*])CC,6.63e-05,-4.178486471595227,3,-4.292363166809082
28536,CC(C)C(CNC(=O)*)C(=O)NCCN*,CC(C)C(CNC(=O)[*])C(=O)NCCN[*],[*]CNC(=O)NCCNC(=O)C([*])C(C)C,6.52e-05,-4.185752404268079,0,-4.399937629699707
28537,CC(C)CNCC(COC(=O)*)O*,CC(C)CNCC(COC(=O)[*])O[*],[*]COC(=O)OC([*])CNCC(C)C,5.47e-05,-4.262012673666569,2,-4.303991317749023
28538,O=C(O)CCN(CCCO*)CCOC(=O)*,O=C(O)CCN(CCCO[*])CCOC(=O)[*],[*]CCCOC(=O)OCCN([*])CCC(=O)O,5.45e-05,-4.2636034977233574,3,-4.215173244476318
28539,CCC(C)CC(C)NCC(CO*)OC(=O)*,CCC(C)CC(C)NCC(CO[*])OC(=O)[*],[*]COC(=O)OC([*])CNC(C)CC(C)CC,3.53e-05,-4.452225294612178,0,-4.518567085266113
28540,CCCNCC(CO*)OC(=O)*,CCCNCC(CO[*])OC(=O)[*],[*]COC(=O)OC([*])CNCCC,3.52e-05,-4.453457336521869,1,-4.191768646240234
28541,CCOCC(CN(CC)CCOC(=O)*)O*,CCOCC(CN(CC)CCOC(=O)[*])O[*],[*]CN(CC)CCOC(=O)OC([*])COCC,9.97e-05,-4.001304841688344,3,-4.200234413146973
28542,CC(C)(C)C(COC(=O)*)N*,CC(C)(C)C(COC(=O)[*])N[*],[*]COC(=O)NC([*])C(C)(C)C,3.3e-05,-4.481486060122113,0,-4.58849573135376
28543,CC(C)(CNCCCCOC(=O)*)O*,CC(C)(CNCCCCOC(=O)[*])O[*],[*]CNCCCCOC(=O)OC([*])(C)C,5.39e-05,-4.268411234813262,2,-4.182417869567871
28544,CCC(CNCC(CC)(CC)OC(=O)*)O*,CCC(CNCC(CC)(CC)OC(=O)[*])O[*],[*]CNCC(CC)(CC)OC(=O)OC([*])CC,2.79e-05,-4.554395796726403,1,-4.4692182540893555
28545,CCC(CCO*)CNCC(CC)OC(=O)*,CCC(CCO[*])CNCC(CC)OC(=O)[*],[*]CCOC(=O)OC(CC)CNCC([*])CC,6.01e-05,-4.221125527997261,0,-4.328656196594238
28546,CC(CNC(C)C(C)OC(=O)*)O*,CC(CNC(C)C(C)OC(=O)[*])O[*],[*]CNC(C)C(C)OC(=O)OC([*])C,6.76e-05,-4.170053304058364,2,-4.348138332366943
28547,CCC(CNCC(C)(C)O*)OC(=O)*,CCC(CNCC(C)(C)O[*])OC(=O)[*],[*]CNCC(C)(C)OC(=O)OC([*])CC,5.52e-05,-4.2580609222708015,0,-4.252532958984375
28548,CC(C)(CCSCCOC(=O)*)O*,CC(C)(CCSCCOC(=O)[*])O[*],[*]CCSCCOC(=O)OC([*])(C)C,9.26e-05,-4.033389013318065,2,-4.210335731506348
28549,CC(C)CC(CO*)NC(=O)*,CC(C)CC(CO[*])NC(=O)[*],[*]COC(=O)NC([*])CC(C)C,3.15e-05,-4.501689446210399,0,-4.453952789306641
28550,CCC(CO*)NC(=O)CCCCOC(=O)*,CCC(CO[*])NC(=O)CCCCOC(=O)[*],[*]COC(=O)OCCCCC(=O)NC([*])CC,8.22e-05,-4.0851281824599495,0,-4.2279863357543945
28551,CCCCC(CO*)OC(=O)*,CCCCC(CO[*])OC(=O)[*],[*]COC(=O)OC([*])CCCC,3.18e-05,-4.497572880015567,2,-4.3130693435668945
28552,CC(CN(C)CC(C)OC(=O)*)N*,CC(CN(C)CC(C)OC(=O)[*])N[*],[*]CN(C)CC(C)OC(=O)NC([*])C,7.64e-05,-4.11690664142431,0,-4.277320861816406
28553,C#CCCCC(=O)NCC(CO*)OC(=O)*,C#CCCCC(=O)NCC(CO[*])OC(=O)[*],[*]COC(=O)OC([*])CNC(=O)CCCC#C,4.58e-05,-4.33913452199613,3,-4.2011189460754395
28554,CN(CCCOC(=O)*)C(C)(C)CO*,CN(CCCOC(=O)[*])C(C)(C)CO[*],[*]CCCOC(=O)OCC(C)(C)N([*])C,6.75e-05,-4.170696227168975,3,-4.435480117797852
28555,CCC(CN(C)CC(C)(C)OC(=O)*)O*,CCC(CN(C)CC(C)(C)OC(=O)[*])O[*],[*]CN(C)CC(C)(C)OC(=O)OC([*])CC,3.85e-05,-4.414539270491499,2,-4.309816837310791
28556,CC(C)N(CCN*)CCOC(=O)*,CC(C)N(CCN[*])CCOC(=O)[*],[*]CCNC(=O)OCCN([*])C(C)C,0.000104,-3.9829666607012197,0,-4.155575752258301
28557,CCCC(C)NC(CO*)COC(=O)*,CCCC(C)NC(CO[*])COC(=O)[*],[*]COC(=O)OCC([*])NC(C)CCC,2.87e-05,-4.542118103266008,3,-4.579146385192871
28558,CC(C)(C)C(=O)NC(CO*)COC(=O)*,CC(C)(C)C(=O)NC(CO[*])COC(=O)[*],[*]COC(=O)OCC([*])NC(=O)C(C)(C)C,4.76e-05,-4.3223930472795065,3,-4.492303848266602
28559,CC(C#CC#CC(C)OC(=O)*)O*,CC(C#CC#CC(C)OC(=O)[*])O[*],[*]C#CC#CC(C)OC(=O)OC([*])C,3.51e-05,-4.454692883534176,1,-4.6280388832092285
28560,CSCCC(N*)C(=O)NCCNC(=O)*,CSCCC(N[*])C(=O)NCCNC(=O)[*],[*]NC(=O)NCCNC(=O)C([*])CCSC,8.8e-05,-4.055517327849832,3,-4.2878828048706055
28561,CCOC(C)OC(CCO*)COC(=O)*,CCOC(C)OC(CCO[*])COC(=O)[*],[*]CCOC(=O)OCC([*])OC(C)OCC,9.09e-05,-4.041436116778033,0,-4.174429893493652
28562,CC(C)(C)CN(CCO*)CCOC(=O)*,CC(C)(C)CN(CCO[*])CCOC(=O)[*],[*]CCOC(=O)OCCN([*])CC(C)(C)C,3.4e-05,-4.468521082957745,1,-4.362260341644287
28563,CC(=O)C(C)SCC(COC(=O)*)O*,CC(=O)C(C)SCC(COC(=O)[*])O[*],[*]COC(=O)OC([*])CSC(C)C(C)=O,9.88e-05,-4.005243055412372,3,-4.320819854736328
28564,CN(CCOC(=O)*)C(=O)C(CC#N)N*,CN(CCOC(=O)[*])C(=O)C(CC#N)N[*],[*]CCOC(=O)NC(CC#N)C(=O)N([*])C,4.83e-05,-4.316052869248487,1,-4.3516740798950195
28565,CCC(=O)N(C)CC(C)(CO*)COC(=O)*,CCC(=O)N(C)CC(C)(CO[*])COC(=O)[*],[*]COC(=O)OCC([*])(C)CN(C)C(=O)CC,2.97e-05,-4.527243550682788,0,-4.565112113952637
28566,COCC(CN(C)CCCNC(=O)*)O*,COCC(CN(C)CCCNC(=O)[*])O[*],[*]CN(C)CCCNC(=O)OC([*])COC,0.000105,-3.9788107009300617,2,-3.9968934059143066
28567,O=C(*)NCCNC(=O)CCCCCCN*,O=C([*])NCCNC(=O)CCCCCCN[*],[*]CCCCCCNC(=O)NCCNC([*])=O,6.95e-05,-4.158015195409886,0,-4.113347053527832
28568,COCC(CN(CCOC(=O)*)C(C)C)O*,COCC(CN(CCOC(=O)[*])C(C)C)O[*],[*]CN(CCOC(=O)OC([*])COC)C(C)C,4.65e-05,-4.3325470471100465,0,-4.169395923614502
28569,CC(C)OCCNCC(CO*)OC(=O)*,CC(C)OCCNCC(CO[*])OC(=O)[*],[*]COC(=O)OC([*])CNCCOC(C)C,0.000108,-3.96657624451305,0,-4.120547771453857
28570,CCSCCNC(CO*)COC(=O)*,CCSCCNC(CO[*])COC(=O)[*],[*]COC(=O)OCC([*])NCCSCC,9.63e-05,-4.016373712875465,2,-4.1221795082092285
28571,C=C(CO*)C(=O)NOC(C)(C)COC(=O)*,C=C(CO[*])C(=O)NOC(C)(C)COC(=O)[*],[*]COC(=O)OCC(C)(C)ONC(=O)C([*])=C,8.16e-05,-4.088309841246139,2,-4.264105319976807
28572,CCC(NC(=O)*)C(O*)C(C)C,CCC(NC(=O)[*])C(O[*])C(C)C,[*]NC(=O)OC(C(C)C)C([*])CC,2.07e-05,-4.684029654543083,0,-4.686898231506348
28573,O=C(*)OCC(CO*)=NO,O=C([*])OCC(CO[*])=NO,[*]OCC(COC([*])=O)=NO,6.65e-05,-4.1771783546968955,1,-4.432102203369141
28574,O=C(CCCCCO*)NCC#CCOC(=O)*,O=C(CCCCCO[*])NCC#CCOC(=O)[*],[*]CCCCCOC(=O)OCC#CCNC([*])=O,9.05e-05,-4.043351420794797,2,-4.245248794555664
28575,CNC(=O)CN(CCN*)CCOC(=O)*,CNC(=O)CN(CCN[*])CCOC(=O)[*],[*]CCNC(=O)OCCN([*])CC(=O)NC,9.28e-05,-4.032452023781138,0,-3.9040350914001465
28576,CCN(CCCCN*)CC(C)(C)OC(=O)*,CCN(CCCCN[*])CC(C)(C)OC(=O)[*],[*]CCCCNC(=O)OC(C)(C)CN([*])CC,4.15e-05,-4.3819519032879075,3,-4.165379524230957
28577,CC(CCO*)CCOC(=O)*,CC(CCO[*])CCOC(=O)[*],[*]CCOC(=O)OCCC([*])C,0.000118,-3.9281179926938745,3,-4.130104064941406
28578,CC(C)N(C)CC(CNC(=O)*)O*,CC(C)N(C)CC(CNC(=O)[*])O[*],[*]CNC(=O)OC([*])CN(C)C(C)C,6.13e-05,-4.212539525481585,2,-4.303028583526611
28579,CC(C#N)(CO*)NC(=O)*,CC(C#N)(CO[*])NC(=O)[*],[*]COC(=O)NC([*])(C)C#N,3.36e-05,-4.473660722610156,1,-4.522540092468262
28580,CC(COC(=O)*)NCC(O*)C(F)(F)F,CC(COC(=O)[*])NCC(O[*])C(F)(F)F,[*]COC(=O)OC(CNC([*])C)C(F)(F)F,5.53e-05,-4.257274868695302,1,-4.295191287994385
28581,O=C(*)NCCN(CCN*)CC(F)(F)F,O=C([*])NCCN(CCN[*])CC(F)(F)F,[*]NCCN(CCNC([*])=O)CC(F)(F)F,9.28e-05,-4.032452023781138,3,-4.025838851928711
28582,COCC#CC(=O)NCC(CO*)OC(=O)*,COCC#CC(=O)NCC(CO[*])OC(=O)[*],[*]COC(=O)OC([*])CNC(=O)C#CCOC,7.96e-05,-4.099086932262331,0,-4.176131725311279
28583,CCCC(CO*)OC(=O)*,CCCC(CO[*])OC(=O)[*],[*]COC(=O)OC([*])CCC,4.29e-05,-4.367542707815276,3,-4.33740758895874
28584,CCC(CNCC(C)CCOC(=O)*)O*,CCC(CNCC(C)CCOC(=O)[*])O[*],[*]CNCC(C)CCOC(=O)OC([*])CC,7.42e-05,-4.129596094720973,1,-4.107992172241211
28585,CC(C)C(CNCCCCCOC(=O)*)O*,CC(C)C(CNCCCCCOC(=O)[*])O[*],[*]CNCCCCCOC(=O)OC([*])C(C)C,5.16e-05,-4.287350298372789,2,-4.186373710632324
28586,CN(CCC(C)(C)OC(=O)*)CC(C)(C)O*,CN(CCC(C)(C)OC(=O)[*])CC(C)(C)O[*],[*]CCC(C)(C)OC(=O)OC(C)(C)CN([*])C,6.5e-05,-4.187086643357144,0,-4.461475849151611
28587,CN(CCCNC(=O)*)CC(C)(C)O*,CN(CCCNC(=O)[*])CC(C)(C)O[*],[*]CCCNC(=O)OC(C)(C)CN([*])C,8.51e-05,-4.070070439915412,0,-4.296848773956299
28588,O=C(*)NC(CC#CCN*)C(=O)O,O=C([*])NC(CC#CCN[*])C(=O)O,[*]NCC#CCC(NC([*])=O)C(=O)O,8.09e-05,-4.092051478387727,2,-4.425181865692139
28589,C#CC(C)(NC(=O)*)C(=O)NCCNCCO*,C#CC(C)(NC(=O)[*])C(=O)NCCNCCO[*],[*]NC(=O)OCCNCCNC(=O)C([*])(C)C#C,6.76e-05,-4.170053304058364,3,-4.056729793548584
28590,NOC(=O)C(O*)C(OC(=O)*)C(=O)ON,NOC(=O)C(O[*])C(OC(=O)[*])C(=O)ON,[*]OC(=O)OC(C(=O)ON)C([*])C(=O)ON,9.48e-05,-4.023191662661934,3,-4.59114933013916
28591,CCC(C)NCC(CN*)OC(=O)*,CCC(C)NCC(CN[*])OC(=O)[*],[*]CNC(=O)OC([*])CNC(C)CC,3.67e-05,-4.435333935747911,2,-4.317790508270264
28592,CCC(CCN*)NC(=O)*,CCC(CCN[*])NC(=O)[*],[*]CCNC(=O)NC([*])CC,4.71e-05,-4.326979092871104,1,-4.2017822265625
28593,CC(CCCOC(=O)*)NC(=O)CCCN*,CC(CCCOC(=O)[*])NC(=O)CCCN[*],[*]CCCOC(=O)NCCCC(=O)NC([*])C,5.17e-05,-4.286509456906058,2,-4.161988735198975
28594,C=C(CO*)COC(=O)*,C=C(CO[*])COC(=O)[*],[*]COC(=O)OCC([*])=C,0.000193,-3.714442690992226,1,-4.161596775054932
28595,CC(C)CNC(CO*)COC(=O)*,CC(C)CNC(CO[*])COC(=O)[*],[*]COC(=O)OCC([*])NCC(C)C,2.55e-05,-4.5934598195660445,1,-4.3546624183654785
28596,C=CCOCC(CO*)OC(=O)*,C=CCOCC(CO[*])OC(=O)[*],[*]COC(=O)OC([*])COCC=C,3.68e-05,-4.434152181326482,3,-4.099714279174805
28597,CN(CCOC(=O)*)CC(C)(C)O*,CN(CCOC(=O)[*])CC(C)(C)O[*],[*]CCOC(=O)OC(C)(C)CN([*])C,8.17e-05,-4.087777943467585,2,-4.311951637268066
28598,COCC(CNCC(C)CCO*)OC(=O)*,COCC(CNCC(C)CCO[*])OC(=O)[*],[*]CNCC(C)CCOC(=O)OC([*])COC,9.1e-05,-4.040958607678906,2,-4.09688663482666
28599,CCC(COC)NCC(COC(=O)*)O*,CCC(COC)NCC(COC(=O)[*])O[*],[*]COC(=O)OC([*])CNC(CC)COC,7.98e-05,-4.09799710864927,1,-4.1765546798706055
28600,O=C(*)OCCCNCC(O*)C(F)(F)F,O=C([*])OCCCNCC(O[*])C(F)(F)F,[*]OCCCNCC(OC([*])=O)C(F)(F)F,4.13e-05,-4.384049948343599,1,-4.232797622680664
28601,CC(CC(OC(=O)*)C(C)C)O*,CC(CC(OC(=O)[*])C(C)C)O[*],[*]CC(OC(=O)OC([*])C)C(C)C,2.15e-05,-4.667561540084395,1,-4.3974995613098145
28602,CC(N(C)CCO*)C(C)(C)OC(=O)*,CC(N(C)CCO[*])C(C)(C)OC(=O)[*],[*]C(C)C(C)(C)OC(=O)OCCN([*])C,3.18e-05,-4.497572880015567,1,-4.25417947769165
28603,CC(C)(CCOC(=O)*)O*,CC(C)(CCOC(=O)[*])O[*],[*]CCOC(=O)OC([*])(C)C,3e-05,-4.522878745280337,3,-4.455207347869873
28604,CC(C)(C)C(NC(=O)*)C(=O)NCCCO*,CC(C)(C)C(NC(=O)[*])C(=O)NCCCO[*],[*]NC(=O)OCCCNC(=O)C([*])C(C)(C)C,3.01e-05,-4.521433504406157,3,-4.395488739013672
28605,O=C(*)OC(CS)CO*,O=C([*])OC(CS)CO[*],[*]OCC(CS)OC([*])=O,3.7e-05,-4.431798275933005,2,-4.312612056732178
28606,CC(NCC(C)(C)OC(=O)*)C(C)O*,CC(NCC(C)(C)OC(=O)[*])C(C)O[*],[*]NCC(C)(C)OC(=O)OC(C)C([*])C,3.22e-05,-4.492144128304169,0,-4.444250106811523
28607,O=C(*)OCC(=O)OCCCCO*,O=C([*])OCC(=O)OCCCCO[*],[*]COC(=O)OCCCCOC([*])=O,8.25e-05,-4.0835460514500745,1,-4.10890531539917
28608,CCN(CCOC(=O)*)C(=O)C(C)CN*,CCN(CCOC(=O)[*])C(=O)C(C)CN[*],[*]CCOC(=O)NCC(C)C(=O)N([*])CC,7.48e-05,-4.126098402135539,3,-4.37461519241333
28609,CCC(C)(CN*)OC(=O)*,CCC(C)(CN[*])OC(=O)[*],[*]CNC(=O)OC([*])(C)CC,2.01e-05,-4.696803942579511,1,-4.587185382843018
28610,CC(OC(=O)*)C(=O)NC(C)(C)CO*,CC(OC(=O)[*])C(=O)NC(C)(C)CO[*],[*]OC(=O)OCC(C)(C)NC(=O)C([*])C,6.76e-05,-4.170053304058364,3,-4.406414985656738
28611,CCCCC(NC(=O)*)C(=O)NCCO*,CCCCC(NC(=O)[*])C(=O)NCCO[*],[*]NC(=O)OCCNC(=O)C([*])CCCC,8.33e-05,-4.079354998593212,0,-4.297914505004883
28612,CCC(C)(CNC(C)C(C)OC(=O)*)O*,CCC(C)(CNC(C)C(C)OC(=O)[*])O[*],[*]CNC(C)C(C)OC(=O)OC([*])(C)CC,3.72e-05,-4.429457060118103,3,-4.396564483642578
28613,CCCCCC(CNCCOC(=O)*)O*,CCCCCC(CNCCOC(=O)[*])O[*],[*]CNCCOC(=O)OC([*])CCCCC,0.000131,-3.8827287043442356,1,-4.113458156585693
28614,CC(C)NC(=O)CC(CN*)OC(=O)*,CC(C)NC(=O)CC(CN[*])OC(=O)[*],[*]CNC(=O)OC([*])CC(=O)NC(C)C,4.89e-05,-4.31069114087638,2,-4.2911858558654785
28615,O=C(*)OCC(CNCC(F)(F)F)O*,O=C([*])OCC(CNCC(F)(F)F)O[*],[*]OCC(CNCC(F)(F)F)OC([*])=O,4.24e-05,-4.372634143407267,3,-4.124455451965332
28616,C=CC(CO*)NC(=O)C(C)NC(=O)*,C=CC(CO[*])NC(=O)C(C)NC(=O)[*],[*]COC(=O)NC(C)C(=O)NC([*])C=C,5.33e-05,-4.273272790973428,1,-4.24943733215332
28617,CC(C)(CNC(=O)*)NC(=O)CCN*,CC(C)(CNC(=O)[*])NC(=O)CCN[*],[*]CNC(=O)NCCC(=O)NC([*])(C)C,7.38e-05,-4.131943638176958,1,-4.2722697257995605
28618,CCN(CC(C)OC(=O)*)CC(C)(C)O*,CCN(CC(C)OC(=O)[*])CC(C)(C)O[*],[*]CC(C)OC(=O)OC(C)(C)CN([*])CC,3.72e-05,-4.429457060118103,0,-4.41527795791626
28619,CC(OC(=O)*)C(N*)C(=O)N(C)CCC#N,CC(OC(=O)[*])C(N[*])C(=O)N(C)CCC#N,[*]OC(=O)NC(C(=O)N(C)CCC#N)C([*])C,5.86e-05,-4.23210238398191,3,-4.2693095207214355
28620,CC(C)CCNCC(CO*)OC(=O)*,CC(C)CCNCC(CO[*])OC(=O)[*],[*]COC(=O)OC([*])CNCCC(C)C,2.51e-05,-4.600326278518962,1,-4.290210247039795
28621,CC(C)(O*)C(=O)OCCOC(=O)*,CC(C)(O[*])C(=O)OCCOC(=O)[*],[*]OC(=O)OCCOC(=O)C([*])(C)C,6.73e-05,-4.171984935776023,3,-4.179032325744629
28622,CC(C#CC(C)OC(=O)*)O*,CC(C#CC(C)OC(=O)[*])O[*],[*]C#CC(C)OC(=O)OC([*])C,4.41e-05,-4.355561410532162,3,-4.342565059661865
28623,CCC(CCO*)OC(=O)*,CCC(CCO[*])OC(=O)[*],[*]CCOC(=O)OC([*])CC,0.000123,-3.910094888560602,0,-4.243635177612305
28624,C#CCN(C)CC(OC(=O)*)C(C)(C)O*,C#CCN(C)CC(OC(=O)[*])C(C)(C)O[*],[*]OC(=O)OC(C)(C)C([*])CN(C)CC#C,6.23e-05,-4.205511953340831,1,-4.310487747192383
28625,CN(CCCN*)CCNC(=O)*,CN(CCCN[*])CCNC(=O)[*],[*]CCCNC(=O)NCCN([*])C,8.13e-05,-4.089909454405932,1,-3.91892147064209
28626,CC(O*)C(C)N(C)CC(C)(C)OC(=O)*,CC(O[*])C(C)N(C)CC(C)(C)OC(=O)[*],[*]OC(=O)OC(C)(C)CN(C)C(C)C([*])C,1.98e-05,-4.703334809738469,0,-4.46092414855957
28627,COCC(CNC(C)(C)CO*)OC(=O)*,COCC(CNC(C)(C)CO[*])OC(=O)[*],[*]CNC(C)(C)COC(=O)OC([*])COC,4.13e-05,-4.384049948343599,1,-4.25990629196167
28628,CCC(CC)(CNCC(C)OC(=O)*)CO*,CCC(CC)(CNCC(C)OC(=O)[*])CO[*],[*]CNCC(C)OC(=O)OCC([*])(CC)CC,2.5e-05,-4.6020599913279625,3,-4.376004695892334
28629,CCC(CNCCCCCO*)OC(=O)*,CCC(CNCCCCCO[*])OC(=O)[*],[*]CNCCCCCOC(=O)OC([*])CC,7.66e-05,-4.115771230367396,3,-4.005044460296631
28630,CC(C)CC(COC(=O)*)NC(C)C(C)O*,CC(C)CC(COC(=O)[*])NC(C)C(C)O[*],[*]COC(=O)OC(C)C(C)NC([*])CC(C)C,3.27e-05,-4.485452247339714,2,-4.344985008239746
28631,CC(CO*)NCC(COC(C)C)OC(=O)*,CC(CO[*])NCC(COC(C)C)OC(=O)[*],[*]COC(=O)OC(CNC([*])C)COC(C)C,0.000115,-3.939302159646388,0,-4.148782730102539
28632,CCC(CO*)NC(=O)CCNC(=O)*,CCC(CO[*])NC(=O)CCNC(=O)[*],[*]COC(=O)NCCC(=O)NC([*])CC,5.85e-05,-4.23284413391782,3,-4.369293689727783
28633,C=C(CCOC(=O)*)CO*,C=C(CCOC(=O)[*])CO[*],[*]CCOC(=O)OCC([*])=C,9.98e-05,-4.000869458712629,1,-4.222445487976074
28634,CC(C)(C)CNCC(CO*)OC(=O)*,CC(C)(C)CNCC(CO[*])OC(=O)[*],[*]COC(=O)OC([*])CNCC(C)(C)C,4.37e-05,-4.359518563029578,1,-4.479637145996094
28635,CCN(CCCO*)CCC(C)OC(=O)*,CCN(CCCO[*])CCC(C)OC(=O)[*],[*]CCCOC(=O)OC(C)CCN([*])CC,0.000107,-3.9706162223147903,0,-4.11543083190918
28636,CCC(CNC(C)CCCO*)OC(=O)*,CCC(CNC(C)CCCO[*])OC(=O)[*],[*]CNC(C)CCCOC(=O)OC([*])CC,7.03e-05,-4.153044674980176,0,-4.208381175994873
28637,CC(OC(=O)*)C(N*)C(=O)NCC(C)(C)C#N,CC(OC(=O)[*])C(N[*])C(=O)NCC(C)(C)C#N,[*]OC(=O)NC(C(=O)NCC(C)(C)C#N)C([*])C,4.11e-05,-4.386158178123931,3,-4.317137241363525
28638,CCC(C)CNCC(CO*)OC(=O)*,CCC(C)CNCC(CO[*])OC(=O)[*],[*]COC(=O)OC([*])CNCC(C)CC,2.7e-05,-4.568636235841013,3,-4.377814769744873
28639,CCC(N*)C(=O)NC(C)CCCOC(=O)*,CCC(N[*])C(=O)NC(C)CCCOC(=O)[*],[*]NC(=O)OCCCC(C)NC(=O)C([*])CC,3.12e-05,-4.505845405981558,1,-4.372906684875488
28640,CC(C)=CC(=O)NC(CO*)COC(=O)*,CC(C)=CC(=O)NC(CO[*])COC(=O)[*],[*]COC(=O)OCC([*])NC(=O)C=C(C)C,3.94e-05,-4.404503778174426,2,-4.348400115966797
28641,CCCCCN(C)CC(COC(=O)*)O*,CCCCCN(C)CC(COC(=O)[*])O[*],[*]COC(=O)OC([*])CN(C)CCCCC,5.81e-05,-4.235823867609669,0,-4.367744445800781
28642,CC(C)OCC(CNCCOC(=O)*)O*,CC(C)OCC(CNCCOC(=O)[*])O[*],[*]CNCCOC(=O)OC([*])COC(C)C,0.000144,-3.8416375079047502,0,-4.0868330001831055
28643,CCC(C)N(CC)CC(CO*)OC(=O)*,CCC(C)N(CC)CC(CO[*])OC(=O)[*],[*]COC(=O)OC([*])CN(CC)C(C)CC,3.35e-05,-4.474955192963154,0,-4.389334201812744
28644,CC=CC(=O)NC(CO*)COC(=O)*,CC=CC(=O)NC(CO[*])COC(=O)[*],[*]COC(=O)OCC([*])NC(=O)C=CC,3.72e-05,-4.429457060118103,1,-4.286354064941406
28645,CCC(CNC(=O)*)C(=O)NCCC(C)O*,CCC(CNC(=O)[*])C(=O)NCCC(C)O[*],[*]CNC(=O)OC(C)CCNC(=O)C([*])CC,3.3e-05,-4.481486060122113,2,-4.294134616851807
28646,O=C(*)NCCC(=O)NCCCCN*,O=C([*])NCCC(=O)NCCCCN[*],[*]CCNC(=O)NCCCCNC([*])=O,6.76e-05,-4.170053304058364,2,-4.182666778564453
28647,CCOCC(CNC(CC)CO*)OC(=O)*,CCOCC(CNC(CC)CO[*])OC(=O)[*],[*]CNC(CC)COC(=O)OC([*])COCC,0.000112,-3.9507819773298185,2,-4.253167152404785
28648,O=C(CCCCOC(=O)*)NCCO*,O=C(CCCCOC(=O)[*])NCCO[*],[*]CCCCOC(=O)OCCNC([*])=O,7.01e-05,-4.154281982033341,2,-3.989638328552246
28649,CCN(CCC#N)C(=O)C(CNC(=O)*)O*,CCN(CCC#N)C(=O)C(CNC(=O)[*])O[*],[*]CNC(=O)OC([*])C(=O)N(CC)CCC#N,7.71e-05,-4.112945621949043,2,-4.141942501068115
28650,CCCCNCC(COC(=O)*)O*,CCCCNCC(COC(=O)[*])O[*],[*]COC(=O)OC([*])CNCCCC,9.44e-05,-4.025028005701931,0,-4.234751224517822
28651,CCN(CCOC(=O)*)CCC(C)(C)O*,CCN(CCOC(=O)[*])CCC(C)(C)O[*],[*]CCOC(=O)OC(C)(C)CCN([*])CC,5.93e-05,-4.226945306635737,0,-4.337774276733398
28652,CC(C)C(COC(=O)*)NC(C)C(C)O*,CC(C)C(COC(=O)[*])NC(C)C(C)O[*],[*]COC(=O)OC(C)C(C)NC([*])C(C)C,2.73e-05,-4.5638373529592435,3,-4.368163585662842
28653,C#CCOC(=O)C(C)(CO*)COC(=O)*,C#CCOC(=O)C(C)(CO[*])COC(=O)[*],[*]COC(=O)OCC([*])(C)C(=O)OCC#C,2.31e-05,-4.636388020107856,1,-4.536911964416504
28654,CC(CN(C)C(C)C(C)OC(=O)*)O*,CC(CN(C)C(C)C(C)OC(=O)[*])O[*],[*]CN(C)C(C)C(C)OC(=O)OC([*])C,6.01e-05,-4.221125527997261,2,-4.4112772941589355
28655,CC(CCNCC(C)(C)O*)OC(=O)*,CC(CCNCC(C)(C)O[*])OC(=O)[*],[*]CCNCC(C)(C)OC(=O)OC([*])C,5.01e-05,-4.300162274132754,2,-4.342649459838867
28656,CC(SCC(CO*)OC(=O)*)C(=O)O,CC(SCC(CO[*])OC(=O)[*])C(=O)O,[*]COC(=O)OC([*])CSC(C)C(=O)O,3.2e-05,-4.494850021680094,3,-4.339023590087891
28657,CCN(CC(C)C#N)C(=O)C(CN*)OC(=O)*,CCN(CC(C)C#N)C(=O)C(CN[*])OC(=O)[*],[*]CNC(=O)OC([*])C(=O)N(CC)CC(C)C#N,5.47e-05,-4.262012673666569,2,-4.260873317718506
28658,CC(C)C(C)C(=O)NC(CO*)COC(=O)*,CC(C)C(C)C(=O)NC(CO[*])COC(=O)[*],[*]COC(=O)OCC([*])NC(=O)C(C)C(C)C,3.34e-05,-4.476253533188435,2,-4.476407051086426
28659,CC(CN(C)C(C)CN*)OC(=O)*,CC(CN(C)C(C)CN[*])OC(=O)[*],[*]CN(C)C(C)CNC(=O)OC([*])C,5.25e-05,-4.279840696594043,1,-4.328364849090576
28660,CCN(C(=O)C(CNC(=O)*)O*)C(C)C#N,CCN(C(=O)C(CNC(=O)[*])O[*])C(C)C#N,[*]CNC(=O)OC([*])C(=O)N(CC)C(C)C#N,6.06e-05,-4.217527375833714,1,-4.398403167724609
28661,CC(CCCC(=O)OCCOC(=O)*)O*,CC(CCCC(=O)OCCOC(=O)[*])O[*],[*]CCCC(=O)OCCOC(=O)OC([*])C,7.06e-05,-4.151195298948196,1,-4.233018398284912
28662,CCC(=O)N(C)CC(CO*)OC(=O)*,CCC(=O)N(C)CC(CO[*])OC(=O)[*],[*]COC(=O)OC([*])CN(C)C(=O)CC,5.24e-05,-4.280668713016273,0,-4.334854602813721
28663,C=C(COC(=O)*)C(=O)NCCCCCO*,C=C(COC(=O)[*])C(=O)NCCCCCO[*],[*]COC(=O)OCCCCCNC(=O)C([*])=C,0.00012,-3.9208187539523753,0,-4.043601989746094
28664,CC(CN(C)C(=O)CCCCOC(=O)*)O*,CC(CN(C)C(=O)CCCCOC(=O)[*])O[*],[*]CN(C)C(=O)CCCCOC(=O)OC([*])C,6.44e-05,-4.1911141326401875,0,-4.354637145996094
28665,C=CCC(CO*)NC(=O)*,C=CCC(CO[*])NC(=O)[*],[*]COC(=O)NC([*])CC=C,4.45e-05,-4.351639989019068,3,-4.214879512786865
28666,CC(C)(C)CCNCC(CO*)OC(=O)*,CC(C)(C)CCNCC(CO[*])OC(=O)[*],[*]COC(=O)OC([*])CNCCC(C)(C)C,4.47e-05,-4.349692476868063,1,-4.429525852203369
28667,CCC(CN(C)CCOC(=O)*)O*,CCC(CN(C)CCOC(=O)[*])O[*],[*]CN(C)CCOC(=O)OC([*])CC,6.61e-05,-4.179798540514359,3,-4.159824371337891
28668,CCCCCNC(=O)C(COC(=O)*)N*,CCCCCNC(=O)C(COC(=O)[*])N[*],[*]COC(=O)NC([*])C(=O)NCCCCC,9.35e-05,-4.029188389127483,3,-4.280120849609375
28669,CC(C)NC(=O)NC(CO*)COC(=O)*,CC(C)NC(=O)NC(CO[*])COC(=O)[*],[*]COC(=O)OCC([*])NC(=O)NC(C)C,5.07e-05,-4.294992040666664,0,-4.334129810333252
28670,C#CC(COC(=O)*)NC(=O)CCCCCO*,C#CC(COC(=O)[*])NC(=O)CCCCCO[*],[*]COC(=O)OCCCCCC(=O)NC([*])C#C,5.56e-05,-4.2549252084179425,3,-4.185666084289551
28671,CC(O*)C(C)SCCCOC(=O)*,CC(O[*])C(C)SCCCOC(=O)[*],[*]OC(=O)OCCCSC(C)C([*])C,6.21e-05,-4.20690839982342,0,-4.2718329429626465
28672,CC(CC(=O)NCCCCNC(=O)*)N*,CC(CC(=O)NCCCCNC(=O)[*])N[*],[*]CC(=O)NCCCCNC(=O)NC([*])C,4.48e-05,-4.348721986001856,2,-4.220407009124756
28673,CCC(COC(=O)*)NCCCO*,CCC(COC(=O)[*])NCCCO[*],[*]COC(=O)OCCCNC([*])CC,9.47e-05,-4.023650020996727,0,-4.248025894165039
28674,COCC(CNCC(C)COC(=O)*)O*,COCC(CNCC(C)COC(=O)[*])O[*],[*]CNCC(C)COC(=O)OC([*])COC,8.11e-05,-4.090979145788844,3,-4.114002704620361
28675,CCN(CCO*)CC(C)OC(=O)*,CCN(CCO[*])CC(C)OC(=O)[*],[*]CCOC(=O)OC(C)CN([*])CC,9.12e-05,-4.0400051616715835,2,-4.094461917877197
28676,CCC(CO*)NCC(C)OC(=O)*,CCC(CO[*])NCC(C)OC(=O)[*],[*]COC(=O)OC(C)CNC([*])CC,6.24e-05,-4.204815410317576,2,-4.230901718139648
28677,CC(C)C(C)NCC(COC(=O)*)O*,CC(C)C(C)NCC(COC(=O)[*])O[*],[*]COC(=O)OC([*])CNC(C)C(C)C,3.52e-05,-4.453457336521869,2,-4.561952590942383
28678,CC(N*)C(C)(C)OC(=O)*,CC(N[*])C(C)(C)OC(=O)[*],[*]NC(=O)OC(C)(C)C([*])C,2.65e-05,-4.576754126063192,1,-4.450460910797119
28679,CC(CCO*)CNC(=O)C(C)CNC(=O)*,CC(CCO[*])CNC(=O)C(C)CNC(=O)[*],[*]CCOC(=O)NCC(C)C(=O)NCC([*])C,6.13e-05,-4.212539525481585,0,-4.304108142852783
28680,CCC(CNC(C)CO*)OC(=O)*,CCC(CNC(C)CO[*])OC(=O)[*],[*]CNC(C)COC(=O)OC([*])CC,8.92e-05,-4.049635145623877,0,-4.18993616104126
28681,CC(CN(C)CCCNC(=O)*)O*,CC(CN(C)CCCNC(=O)[*])O[*],[*]CN(C)CCCNC(=O)OC([*])C,7.97e-05,-4.098541678603888,3,-4.170291423797607
28682,CCOCCCNCC(CO*)OC(=O)*,CCOCCCNCC(CO[*])OC(=O)[*],[*]COC(=O)OC([*])CNCCCOCC,8.98e-05,-4.0467236633326955,3,-3.9435744285583496
28683,O=C(*)NCCNC(=O)CCCCN*,O=C([*])NCCNC(=O)CCCCN[*],[*]CCCCNC(=O)NCCNC([*])=O,7.45e-05,-4.127843727251707,1,-4.0943169593811035
28684,CC(C)(CNCCOC(=O)*)O*,CC(C)(CNCCOC(=O)[*])O[*],[*]CNCCOC(=O)OC([*])(C)C,6.86e-05,-4.163675884293248,0,-4.20883846282959
28685,CCCC(C)N(C)CC(CO*)OC(=O)*,CCCC(C)N(C)CC(CO[*])OC(=O)[*],[*]COC(=O)OC([*])CN(C)C(C)CCC,3.61e-05,-4.442492798094342,3,-4.4472975730896
28686,CC(CN(C)CCCO*)NC(=O)*,CC(CN(C)CCCO[*])NC(=O)[*],[*]CN(C)CCCOC(=O)NC([*])C,8.74e-05,-4.058488567365597,2,-4.092645645141602
28687,CCC(CN*)C(=O)NCCCOC(=O)*,CCC(CN[*])C(=O)NCCCOC(=O)[*],[*]CNC(=O)OCCCNC(=O)C([*])CC,3.99e-05,-4.399027104313252,1,-4.22755765914917
28688,CCC(C)C(=O)NC(CO*)COC(=O)*,CCC(C)C(=O)NC(CO[*])COC(=O)[*],[*]COC(=O)OCC([*])NC(=O)C(C)CC,4.71e-05,-4.326979092871104,3,-4.380378723144531
28689,CC(C)(C)OCC(CNCCOC(=O)*)O*,CC(C)(C)OCC(CNCCOC(=O)[*])O[*],[*]CNCCOC(=O)OC([*])COC(C)(C)C,6.02e-05,-4.220403508742176,0,-4.225803375244141
28690,CC(CNC(=O)C(C)(C)N*)OC(=O)*,CC(CNC(=O)C(C)(C)N[*])OC(=O)[*],[*]CNC(=O)C(C)(C)NC(=O)OC([*])C,6.46e-05,-4.189767482004916,3,-4.228297233581543
28691,CC(C)OCCN(C)CC(CNC(=O)*)O*,CC(C)OCCN(C)CC(CNC(=O)[*])O[*],[*]CNC(=O)OC([*])CN(C)CCOC(C)C,0.00014,-3.853871964321762,0,-4.036025047302246
28692,CC(C)(C)C(CO*)NCCOC(=O)*,CC(C)(C)C(CO[*])NCCOC(=O)[*],[*]COC(=O)OCCNC([*])C(C)(C)C,2.91e-05,-4.536107011014093,3,-4.4035844802856445
28693,O=C(CO*)NCCCCCOC(=O)*,O=C(CO[*])NCCCCCOC(=O)[*],[*]COC(=O)OCCCCCNC([*])=O,0.000124,-3.906578314837765,2,-4.0106940269470215
28694,CC(C)(C)C(=O)NCC(CO*)OC(=O)*,CC(C)(C)C(=O)NCC(CO[*])OC(=O)[*],[*]COC(=O)OC([*])CNC(=O)C(C)(C)C,5.75e-05,-4.2403321553103694,2,-4.401538372039795
28695,CCCCC(N*)C(=O)N(C)CCOC(=O)*,CCCCC(N[*])C(=O)N(C)CCOC(=O)[*],[*]NC(=O)OCCN(C)C(=O)C([*])CCCC,3.06e-05,-4.51427857351842,3,-4.441943645477295
28696,CC(C)CN(C)CC(CNC(=O)*)O*,CC(C)CN(C)CC(CNC(=O)[*])O[*],[*]CNC(=O)OC([*])CN(C)CC(C)C,5.51e-05,-4.258848401148215,2,-4.281069755554199
28697,CC(CO*)NCC(C)(C)OC(=O)*,CC(CO[*])NCC(C)(C)OC(=O)[*],[*]COC(=O)OC(C)(C)CNC([*])C,0.000108,-3.96657624451305,1,-4.248336315155029
28698,CC(CC(=O)NC(C)CCCOC(=O)*)N*,CC(CC(=O)NC(C)CCCOC(=O)[*])N[*],[*]CCCOC(=O)NC(C)CC(=O)NC([*])C,3.66e-05,-4.436518914605589,0,-4.331480503082275
28699,CCN(CC)C(=O)CC(CNC(=O)*)O*,CCN(CC)C(=O)CC(CNC(=O)[*])O[*],[*]CNC(=O)OC([*])CC(=O)N(CC)CC,2.36e-05,-4.627087997029894,1,-4.255084991455078
28700,O=C(*)OCCN(CCO*)CC(F)F,O=C([*])OCCN(CCO[*])CC(F)F,[*]OCCN(CCOC([*])=O)CC(F)F,0.000146,-3.835647144215563,3,-4.098780632019043
28701,CC(COC(=O)C(C)O*)OC(=O)*,CC(COC(=O)C(C)O[*])OC(=O)[*],[*]COC(=O)C(C)OC(=O)OC([*])C,2.56e-05,-4.591760034688151,3,-4.299842834472656
28702,CCOCC(CNC(C)(C)CO*)OC(=O)*,CCOCC(CNC(C)(C)CO[*])OC(=O)[*],[*]CNC(C)(C)COC(=O)OC([*])COCC,5.67e-05,-4.246416941107094,0,-4.194177627563477
28703,CN(CCOC(=O)*)C(=O)C(C)(C)CO*,CN(CCOC(=O)[*])C(=O)C(C)(C)CO[*],[*]CCOC(=O)OCC(C)(C)C(=O)N([*])C,2.7e-05,-4.568636235841013,3,-4.519454002380371
28704,CC(CN*)C(=O)N(C)CCOC(=O)*,CC(CN[*])C(=O)N(C)CCOC(=O)[*],[*]CNC(=O)OCCN(C)C(=O)C([*])C,4.89e-05,-4.31069114087638,0,-4.224357604980469
28705,CC(CCOC(=O)*)SCCCO*,CC(CCOC(=O)[*])SCCCO[*],[*]CCOC(=O)OCCCSC([*])C,0.000108,-3.96657624451305,0,-4.02201509475708
28706,CC(CNC(=O)*)C(=O)NCCCO*,CC(CNC(=O)[*])C(=O)NCCCO[*],[*]CNC(=O)OCCCNC(=O)C([*])C,4.98e-05,-4.302770657240282,0,-4.26041841506958
28707,C=C(C)CNC(=O)C(CN*)NC(=O)*,C=C(C)CNC(=O)C(CN[*])NC(=O)[*],[*]CNC(=O)NC([*])C(=O)NCC(=C)C,3.7e-05,-4.431798275933005,0,-4.440090656280518
28708,CCCN(CC(COC(=O)*)O*)C(C)C,CCCN(CC(COC(=O)[*])O[*])C(C)C,[*]COC(=O)OC([*])CN(CCC)C(C)C,3.32e-05,-4.478861916295964,1,-4.555726528167725
28709,CN(CCO*)CC(C)(C)CNC(=O)*,CN(CCO[*])CC(C)(C)CNC(=O)[*],[*]CCOC(=O)NCC(C)(C)CN([*])C,3.04e-05,-4.517126416391246,1,-4.292479515075684
28710,CCCCC(C)NC(CO*)COC(=O)*,CCCCC(C)NC(CO[*])COC(=O)[*],[*]COC(=O)OCC([*])NC(C)CCCC,3.11e-05,-4.507239610973163,3,-4.48030948638916
28711,CCCC(=O)NC(CO*)COC(=O)*,CCCC(=O)NC(CO[*])COC(=O)[*],[*]COC(=O)OCC([*])NC(=O)CCC,7.18e-05,-4.1438755557577,3,-4.39253044128418
28712,CC(CNC(CO*)C(C)C)OC(=O)*,CC(CNC(CO[*])C(C)C)OC(=O)[*],[*]CNC(COC(=O)OC([*])C)C(C)C,1.85e-05,-4.732828271596986,0,-4.360443115234375
28713,CC=CC=CC(=O)NC(CO*)COC(=O)*,CC=CC=CC(=O)NC(CO[*])COC(=O)[*],[*]COC(=O)OCC([*])NC(=O)C=CC=CC,2.83e-05,-4.548213564475709,2,-4.390050411224365
28714,CC(C)CSCC(CO*)OC(=O)*,CC(C)CSCC(CO[*])OC(=O)[*],[*]COC(=O)OC([*])CSCC(C)C,3.16e-05,-4.5003129173815966,2,-4.344268798828125
28715,CC(CNCC(OC(=O)*)C(F)(F)F)O*,CC(CNCC(OC(=O)[*])C(F)(F)F)O[*],[*]CNCC(OC(=O)OC([*])C)C(F)(F)F,5.61e-05,-4.251037138743839,1,-4.228407859802246
28716,CC(CCO*)NC(=O)CCCCOC(=O)*,CC(CCO[*])NC(=O)CCCCOC(=O)[*],[*]CCOC(=O)OCCCCC(=O)NC([*])C,6.77e-05,-4.169411331314856,3,-4.089356422424316
28717,CC(C)(C)C(N*)C(=O)NCCNC(=O)*,CC(C)(C)C(N[*])C(=O)NCCNC(=O)[*],[*]NC(=O)NCCNC(=O)C([*])C(C)(C)C,4.16e-05,-4.380906669373258,2,-4.445673942565918
28718,CCN(CC)CC(CNCCOC(=O)*)O*,CCN(CC)CC(CNCCOC(=O)[*])O[*],[*]CNCCOC(=O)OC([*])CN(CC)CC,6.16e-05,-4.210419287835575,0,-4.039661407470703
28719,CCOCC(CN(C)CC(C)O*)OC(=O)*,CCOCC(CN(C)CC(C)O[*])OC(=O)[*],[*]CN(C)CC(C)OC(=O)OC([*])COCC,8.41e-05,-4.075204004202088,0,-4.141677379608154
28720,CCCN(CCO*)CC(COC)OC(=O)*,CCCN(CCO[*])CC(COC)OC(=O)[*],[*]CCOC(=O)OC(COC)CN([*])CCC,5.21e-05,-4.283162276700476,0,-4.032909870147705
28721,CCC(CCO*)CNC(=O)CCNC(=O)*,CCC(CCO[*])CNC(=O)CCNC(=O)[*],[*]CCOC(=O)NCCC(=O)NCC([*])CC,7.63e-05,-4.117475462045119,2,-4.267097473144531
28722,CC(C)(CC(=O)NCCCO*)NC(=O)*,CC(C)(CC(=O)NCCCO[*])NC(=O)[*],[*]CC(=O)NCCCOC(=O)NC([*])(C)C,4.18e-05,-4.3788237182249645,0,-4.292139530181885
28723,CC(C)C(COC(=O)*)NCCCO*,CC(C)C(COC(=O)[*])NCCCO[*],[*]COC(=O)OCCCNC([*])C(C)C,5.92e-05,-4.22767829327708,2,-4.140534400939941
28724,CC(C)C(COC(=O)*)NCCO*,CC(C)C(COC(=O)[*])NCCO[*],[*]COC(=O)OCCNC([*])C(C)C,6.43e-05,-4.191789027075778,0,-4.1688947677612305
28725,COCC(CN(C)CC(C)(C)O*)OC(=O)*,COCC(CN(C)CC(C)(C)O[*])OC(=O)[*],[*]CN(C)CC(C)(C)OC(=O)OC([*])COC,6.63e-05,-4.178486471595227,3,-4.30339241027832
28726,C#CC(C)NC(=O)C(CCNC(=O)*)N*,C#CC(C)NC(=O)C(CCNC(=O)[*])N[*],[*]CCNC(=O)NC([*])C(=O)NC(C)C#C,5.94e-05,-4.2262135550188065,1,-4.270384788513184
28727,CC(CNCC(C)(C)O*)OC(=O)*,CC(CNCC(C)(C)O[*])OC(=O)[*],[*]CNCC(C)(C)OC(=O)OC([*])C,4.04e-05,-4.393618634889395,1,-4.377005100250244
28728,CC(CN(C)CCC(C)(C)OC(=O)*)O*,CC(CN(C)CCC(C)(C)OC(=O)[*])O[*],[*]CN(C)CCC(C)(C)OC(=O)OC([*])C,7.71e-05,-4.112945621949043,1,-4.347495079040527
28729,C=C(CO*)C(=O)NC(C)(C)C(C)OC(=O)*,C=C(CO[*])C(=O)NC(C)(C)C(C)OC(=O)[*],[*]COC(=O)OC(C)C(C)(C)NC(=O)C([*])=C,5.3e-05,-4.275724130399211,1,-4.462685585021973
28730,CN(CCN*)CC(C)(C)CNC(=O)*,CN(CCN[*])CC(C)(C)CNC(=O)[*],[*]CCNC(=O)NCC(C)(C)CN([*])C,4.01e-05,-4.396855627379818,3,-4.344300270080566
28731,CC(C)C(NCC(CO*)OC(=O)*)C(=O)O,CC(C)C(NCC(CO[*])OC(=O)[*])C(=O)O,[*]COC(=O)OC([*])CNC(C(=O)O)C(C)C,2.56e-05,-4.591760034688151,2,-4.401032447814941
28732,CC(OC(=O)*)C(=O)NCC(C)(C)O*,CC(OC(=O)[*])C(=O)NCC(C)(C)O[*],[*]OC(=O)OC(C)(C)CNC(=O)C([*])C,6.39e-05,-4.1944991418416,2,-4.412432670593262
28733,CC(CCCO*)NC(=O)CCNC(=O)*,CC(CCCO[*])NC(=O)CCNC(=O)[*],[*]CCCOC(=O)NCCC(=O)NC([*])C,5.96e-05,-4.2247537402597635,3,-4.222482681274414
28734,O=C(*)NCCCCC(=O)NCCCCN*,O=C([*])NCCCCC(=O)NCCCCN[*],[*]CCCCNC(=O)NCCCCNC([*])=O,7.88e-05,-4.103473782510445,1,-4.09712028503418
28735,CCC(COC(=O)*)NC(=O)C(N*)C(C)C,CCC(COC(=O)[*])NC(=O)C(N[*])C(C)C,[*]COC(=O)NC(C(=O)NC([*])CC)C(C)C,2.8e-05,-4.552841968657781,2,-4.420762538909912
28736,CCCCOCCNC(CO*)COC(=O)*,CCCCOCCNC(CO[*])COC(=O)[*],[*]COC(=O)OCC([*])NCCOCCCC,0.000102,-3.9913998282380825,0,-4.117652416229248
28737,CC(CN(C)CCCCCOC(=O)*)N*,CC(CN(C)CCCCCOC(=O)[*])N[*],[*]CN(C)CCCCCOC(=O)NC([*])C,7.61e-05,-4.118615343229427,3,-4.216372013092041
28738,CCC(CC)CNCC(CO*)OC(=O)*,CCC(CC)CNCC(CO[*])OC(=O)[*],[*]COC(=O)OC([*])CNCC(CC)CC,2.97e-05,-4.527243550682788,2,-4.43646240234375
28739,CC(C)N(CC#CCOC(=O)*)CCO*,CC(C)N(CC#CCOC(=O)[*])CCO[*],[*]CC#CCOC(=O)OCCN([*])C(C)C,8.04e-05,-4.094743951251549,3,-4.228063583374023
28740,CCC(CNCCCO*)OC(=O)*,CCC(CNCCCO[*])OC(=O)[*],[*]CNCCCOC(=O)OC([*])CC,9.18e-05,-4.037157318798758,3,-4.032888889312744
28741,CC(CNC(=O)CCCCOC(=O)*)O*,CC(CNC(=O)CCCCOC(=O)[*])O[*],[*]CNC(=O)CCCCOC(=O)OC([*])C,4.84e-05,-4.315154638355588,0,-4.321104049682617
28742,CC(C)CCC(=O)NC(CO*)COC(=O)*,CC(C)CCC(=O)NC(CO[*])COC(=O)[*],[*]COC(=O)OCC([*])NC(=O)CCC(C)C,5.47e-05,-4.262012673666569,2,-4.342434406280518
28743,CN(CCC#N)CC(OC(=O)*)C(C)(C)O*,CN(CCC#N)CC(OC(=O)[*])C(C)(C)O[*],[*]OC(=O)OC(C)(C)C([*])CN(C)CCC#N,6.09e-05,-4.215382707367125,2,-4.078654766082764
28744,CC(C)CC(=O)NCC(COC(=O)*)O*,CC(C)CC(=O)NCC(COC(=O)[*])O[*],[*]COC(=O)OC([*])CNC(=O)CC(C)C,8.58e-05,-4.066512712151295,1,-4.37285041809082
28745,COCC(NCC(COC(=O)*)O*)C(C)C,COCC(NCC(COC(=O)[*])O[*])C(C)C,[*]COC(=O)OC([*])CNC(COC)C(C)C,4.01e-05,-4.396855627379818,3,-4.33084774017334
28746,O=C(O)CCCN(CCO*)CCOC(=O)*,O=C(O)CCCN(CCO[*])CCOC(=O)[*],[*]CCOC(=O)OCCN([*])CCCC(=O)O,3.46e-05,-4.460923901207224,2,-4.136897087097168
28747,CCN(CCOC(=O)*)C(C)C(C)O*,CCN(CCOC(=O)[*])C(C)C(C)O[*],[*]CCOC(=O)OC(C)C(C)N([*])CC,5.39e-05,-4.268411234813262,2,-4.3403425216674805
28748,CCC(CNCC(C)OC(=O)*)O*,CCC(CNCC(C)OC(=O)[*])O[*],[*]CNCC(C)OC(=O)OC([*])CC,9.09e-05,-4.041436116778033,0,-4.120869159698486
28749,CCC(CC)CNC(CO*)COC(=O)*,CCC(CC)CNC(CO[*])COC(=O)[*],[*]COC(=O)OCC([*])NCC(CC)CC,3.16e-05,-4.5003129173815966,1,-4.514000415802002
28750,CN(CCCNC(=O)*)C(=O)CCN*,CN(CCCNC(=O)[*])C(=O)CCN[*],[*]CCCNC(=O)NCCC(=O)N([*])C,6.39e-05,-4.1944991418416,0,-4.301866054534912
28751,CNC(=O)CCSCC(CO*)OC(=O)*,CNC(=O)CCSCC(CO[*])OC(=O)[*],[*]COC(=O)OC([*])CSCCC(=O)NC,0.00011,-3.958607314841775,3,-4.050999641418457
28752,COC(=O)C(C)SCC(CO*)OC(=O)*,COC(=O)C(C)SCC(CO[*])OC(=O)[*],[*]COC(=O)OC([*])CSC(C)C(=O)OC,5.38e-05,-4.269217724333611,0,-4.217828750610352
28753,CSCCNC(CO*)COC(=O)*,CSCCNC(CO[*])COC(=O)[*],[*]COC(=O)OCC([*])NCCSC,9.2e-05,-4.036212172654444,0,-4.166168212890625
28754,CC(C)COC(=O)NCC(COC(=O)*)O*,CC(C)COC(=O)NCC(COC(=O)[*])O[*],[*]COC(=O)OC([*])CNC(=O)OCC(C)C,3.21e-05,-4.493494967595128,1,-4.313475608825684
28755,CCC(CN(C)CCN*)OC(=O)*,CCC(CN(C)CCN[*])OC(=O)[*],[*]CN(C)CCNC(=O)OC([*])CC,0.000104,-3.9829666607012197,3,-4.129904747009277
28756,O=C(*)OCC(CO*)NCCC(F)(F)F,O=C([*])OCC(CO[*])NCCC(F)(F)F,[*]OCC(COC([*])=O)NCCC(F)(F)F,4.02e-05,-4.39577394691553,3,-4.042622089385986
28757,CSCCNCC(COC(=O)*)O*,CSCCNCC(COC(=O)[*])O[*],[*]COC(=O)OC([*])CNCCSC,0.000129,-3.889410289700751,1,-4.130489349365234
28758,CC(C)OC(=O)NC(C)(CO*)COC(=O)*,CC(C)OC(=O)NC(C)(CO[*])COC(=O)[*],[*]COC(=O)OCC([*])(C)NC(=O)OC(C)C,3.78e-05,-4.422508200162775,2,-4.362905979156494
28759,CCOC(=O)C(C)(CO*)COC(=O)*,CCOC(=O)C(C)(CO[*])COC(=O)[*],[*]COC(=O)OCC([*])(C)C(=O)OCC,3.8e-05,-4.42021640338319,3,-4.591761589050293
28760,CN(C)C(=O)C(CCCNC(=O)*)N*,CN(C)C(=O)C(CCCNC(=O)[*])N[*],[*]CCCNC(=O)NC([*])C(=O)N(C)C,3.19e-05,-4.496209316942819,2,-4.258609294891357
28761,CCSCCNCC(COC(=O)*)O*,CCSCCNCC(COC(=O)[*])O[*],[*]COC(=O)OC([*])CNCCSCC,9.28e-05,-4.032452023781138,3,-4.02046537399292
28762,CC(C)=CC(=O)NC(C)(CO*)COC(=O)*,CC(C)=CC(=O)NC(C)(CO[*])COC(=O)[*],[*]COC(=O)OCC([*])(C)NC(=O)C=C(C)C,3.82e-05,-4.4179366370882915,1,-4.447010517120361
28763,CCOC(=O)CSCC(COC(=O)*)O*,CCOC(=O)CSCC(COC(=O)[*])O[*],[*]COC(=O)OC([*])CSCC(=O)OCC,6.99e-05,-4.1555228242543185,0,-4.1654438972473145
28764,CCOCC(CNCCC(C)OC(=O)*)O*,CCOCC(CNCCC(C)OC(=O)[*])O[*],[*]CNCCC(C)OC(=O)OC([*])COCC,0.00011,-3.958607314841775,0,-4.02446174621582
28765,O=C(*)OCC(CO*)NCCCF,O=C([*])OCC(CO[*])NCCCF,[*]OCC(COC([*])=O)NCCCF,4.14e-05,-4.382999658879101,0,-4.124650955200195
28766,CCN(CCOC(=O)*)C(=O)CCCCO*,CCN(CCOC(=O)[*])C(=O)CCCCO[*],[*]CCOC(=O)OCCCCC(=O)N([*])CC,7.47e-05,-4.126679398184601,1,-4.136816024780273
28767,COCC(CNCCC(C)(C)O*)OC(=O)*,COCC(CNCCC(C)(C)O[*])OC(=O)[*],[*]CNCCC(C)(C)OC(=O)OC([*])COC,8.24e-05,-4.084072788302884,1,-4.146180629730225
28768,CCCCNC(=O)NCC(CO*)OC(=O)*,CCCCNC(=O)NCC(CO[*])OC(=O)[*],[*]COC(=O)OC([*])CNC(=O)NCCCC,9.64e-05,-4.015922966097169,3,-4.3231096267700195
28769,CCC(CNCC(C)COC(=O)*)O*,CCC(CNCC(C)COC(=O)[*])O[*],[*]CNCC(C)COC(=O)OC([*])CC,7.22e-05,-4.141462802430361,2,-4.113651752471924
28770,CCCNC(=O)NC(CO*)COC(=O)*,CCCNC(=O)NC(CO[*])COC(=O)[*],[*]COC(=O)OCC([*])NC(=O)NCCC,6.28e-05,-4.2020403562628035,2,-4.322412490844727
28771,CCC=C(C)C(=O)NC(CO*)COC(=O)*,CCC=C(C)C(=O)NC(CO[*])COC(=O)[*],[*]COC(=O)OCC([*])NC(=O)C(C)=CCC,8.87e-05,-4.052076380168273,3,-4.513947486877441
28772,CC=CC=CC(=O)NC(C)(CO*)COC(=O)*,CC=CC=CC(=O)NC(C)(CO[*])COC(=O)[*],[*]COC(=O)OCC([*])(C)NC(=O)C=CC=CC,2.8e-05,-4.552841968657781,3,-4.368392467498779
28773,CCOCC(CNC(C)CO*)OC(=O)*,CCOCC(CNC(C)CO[*])OC(=O)[*],[*]CNC(C)COC(=O)OC([*])COCC,0.000102,-3.9913998282380825,1,-4.060635566711426
28774,CC(CC(=O)NC(CO*)C(C)C)NC(=O)*,CC(CC(=O)NC(CO[*])C(C)C)NC(=O)[*],[*]CC(=O)NC(COC(=O)NC([*])C)C(C)C,4.21e-05,-4.375717904164332,1,-4.467925548553467
28775,CCNC(=O)NC(C)(CO*)COC(=O)*,CCNC(=O)NC(C)(CO[*])COC(=O)[*],[*]COC(=O)OCC([*])(C)NC(=O)NCC,5.76e-05,-4.239577516576788,1,-4.271947383880615
28776,CC(C)OCCNC(CO*)COC(=O)*,CC(C)OCCNC(CO[*])COC(=O)[*],[*]COC(=O)OCC([*])NCCOC(C)C,7.26e-05,-4.139063379299906,1,-4.133389949798584
28777,O=C(*)NCCCCCCNC(=O)CCN*,O=C([*])NCCCCCCNC(=O)CCN[*],[*]CCNC(=O)NCCCCCCNC([*])=O,8.22e-05,-4.0851281824599495,0,-4.082002639770508
28778,C=CCNC(=S)NC(CO*)COC(=O)*,C=CCNC(=S)NC(CO[*])COC(=O)[*],[*]COC(=O)OCC([*])NC(=S)NCC=C,2.56e-05,-4.591760034688151,0,-4.416080951690674
28779,O=C(*)OCC(CO*)NCC(F)F,O=C([*])OCC(CO[*])NCC(F)F,[*]OCC(COC([*])=O)NCC(F)F,7.75e-05,-4.110698297493689,1,-4.146299839019775
28780,CCCC(C)C(=O)NC(CO*)COC(=O)*,CCCC(C)C(=O)NC(CO[*])COC(=O)[*],[*]COC(=O)OCC([*])NC(=O)C(C)CCC,2e-05,-4.698970004336019,0,-4.380030632019043
28781,CCC(SCC(CO*)OC(=O)*)C(=O)O,CCC(SCC(CO[*])OC(=O)[*])C(=O)O,[*]COC(=O)OC([*])CSC(CC)C(=O)O,3.13e-05,-4.504455662453552,3,-4.356468677520752
28782,CCCCNC(=O)NC(CO*)COC(=O)*,CCCCNC(=O)NC(CO[*])COC(=O)[*],[*]COC(=O)OCC([*])NC(=O)NCCCC,8.38e-05,-4.076755981369724,2,-4.392655372619629
28783,CSCCC(=O)NCC(COC(=O)*)O*,CSCCC(=O)NCC(COC(=O)[*])O[*],[*]COC(=O)OC([*])CNC(=O)CCSC,3.56e-05,-4.448550002027125,3,-4.148842811584473
28784,CC(CCCOC(=O)*)NC(=O)C(C)CN*,CC(CCCOC(=O)[*])NC(=O)C(C)CN[*],[*]CCCOC(=O)NCC(C)C(=O)NC([*])C,4.01e-05,-4.396855627379818,1,-4.418516635894775
28785,CC(CCOC(=O)*)CNC(=O)CCCN*,CC(CCOC(=O)[*])CNC(=O)CCCN[*],[*]CCOC(=O)NCCCC(=O)NCC([*])C,5.44e-05,-4.2644011003018205,2,-4.16826057434082
28786,CCC(CNCC(C)O*)NC(=O)*,CCC(CNCC(C)O[*])NC(=O)[*],[*]CNCC(C)OC(=O)NC([*])CC,5.62e-05,-4.250263684430939,2,-4.063560962677002
28787,CCC(CC)C(=O)NC(CO*)COC(=O)*,CCC(CC)C(=O)NC(CO[*])COC(=O)[*],[*]COC(=O)OCC([*])NC(=O)C(CC)CC,2.88e-05,-4.540607512240769,3,-4.345240116119385
28788,CCCCNC(=O)C(CO*)NC(=O)*,CCCCNC(=O)C(CO[*])NC(=O)[*],[*]COC(=O)NC([*])C(=O)NCCCC,5.2e-05,-4.2839966563652006,1,-4.4332356452941895
28789,CC(C)C(CO*)NC(=O)CCNC(=O)*,CC(C)C(CO[*])NC(=O)CCNC(=O)[*],[*]COC(=O)NCCC(=O)NC([*])C(C)C,4.05e-05,-4.392544976785332,2,-4.371812343597412
28790,CC(C)OCCN(CCO*)CCOC(=O)*,CC(C)OCCN(CCO[*])CCOC(=O)[*],[*]CCOC(=O)OCCN([*])CCOC(C)C,0.000119,-3.9244530386074694,3,-3.953695297241211
28791,CC(CCCO*)NC(=O)CNC(=O)*,CC(CCCO[*])NC(=O)CNC(=O)[*],[*]CCCOC(=O)NCC(=O)NC([*])C,6.52e-05,-4.185752404268079,2,-4.167628765106201
28792,CCCNC(=O)CC(CN*)OC(=O)*,CCCNC(=O)CC(CN[*])OC(=O)[*],[*]CNC(=O)OC([*])CC(=O)NCCC,0.000101,-3.9956786262173574,3,-4.496701717376709
28793,CCC(C)CNC(CO*)COC(=O)*,CCC(C)CNC(CO[*])COC(=O)[*],[*]COC(=O)OCC([*])NCC(C)CC,3.82e-05,-4.4179366370882915,3,-4.3772993087768555
28794,CCN(CCNC(=O)*)CC(C)O*,CCN(CCNC(=O)[*])CC(C)O[*],[*]CCNC(=O)OC(C)CN([*])CC,9.76e-05,-4.010550182333308,1,-4.069250583648682
28795,O=C(CCCCO*)NCCCOC(=O)*,O=C(CCCCO[*])NCCCOC(=O)[*],[*]CCCCOC(=O)OCCCNC([*])=O,8.67e-05,-4.06198090252379,3,-4.167258262634277
28796,CCC(C)(C)C(=O)NC(CO*)COC(=O)*,CCC(C)(C)C(=O)NC(CO[*])COC(=O)[*],[*]COC(=O)OCC([*])NC(=O)C(C)(C)CC,2.51e-05,-4.600326278518962,3,-4.50340461730957
28797,CCC(OC(=O)*)C(=O)OCCO*,CCC(OC(=O)[*])C(=O)OCCO[*],[*]OC(=O)OCCOC(=O)C([*])CC,7.44e-05,-4.128427064454121,2,-4.281327724456787
28798,CC(C)(C)NC(=O)CC(CN*)OC(=O)*,CC(C)(C)NC(=O)CC(CN[*])OC(=O)[*],[*]CNC(=O)OC([*])CC(=O)NC(C)(C)C,4.72e-05,-4.3260580013659125,2,-4.285090446472168
28799,CCCNC(CO*)COC(=O)*,CCCNC(CO[*])COC(=O)[*],[*]COC(=O)OCC([*])NCCC,3.33e-05,-4.47755576649368,2,-4.334651947021484
28800,CC(=O)CSCC(CO*)OC(=O)*,CC(=O)CSCC(CO[*])OC(=O)[*],[*]COC(=O)OC([*])CSCC(C)=O,7.93e-05,-4.100726812682396,2,-4.074804306030273
28801,CCN(CC(C)(C)O*)C(=O)C(C)NC(=O)*,CCN(CC(C)(C)O[*])C(=O)C(C)NC(=O)[*],[*]CC(C)(C)OC(=O)NC(C)C(=O)N([*])CC,2.26e-05,-4.645891560852599,2,-4.489765167236328
28802,CC(C)(CN*)C(=O)NCCNC(=O)*,CC(C)(CN[*])C(=O)NCCNC(=O)[*],[*]CNC(=O)NCCNC(=O)C([*])(C)C,5.65e-05,-4.247951552180561,2,-4.299185276031494
28803,O=C(*)OC(CNCC(F)F)CO*,O=C([*])OC(CNCC(F)F)CO[*],[*]OCC(CNCC(F)F)OC([*])=O,6.73e-05,-4.171984935776023,0,-4.035768985748291
28804,CC(CN*)C(=O)NCCCCNC(=O)*,CC(CN[*])C(=O)NCCCCNC(=O)[*],[*]CNC(=O)NCCCCNC(=O)C([*])C,4.64e-05,-4.333482019445119,1,-4.167482852935791
28805,CCCC(=O)NC(C)(CO*)COC(=O)*,CCCC(=O)NC(C)(CO[*])COC(=O)[*],[*]COC(=O)OCC([*])(C)NC(=O)CCC,4.88e-05,-4.311580177997289,2,-4.522580146789551
28806,CCN(CCOC(=O)*)CC(C)(O*)C(=O)O,CCN(CCOC(=O)[*])CC(C)(O[*])C(=O)O,[*]CCOC(=O)OC(C)(CN([*])CC)C(=O)O,3.23e-05,-4.490797477668897,1,-4.492342948913574
28807,CCOCC(CNC(C)CCO*)OC(=O)*,CCOCC(CNC(C)CCO[*])OC(=O)[*],[*]CNC(C)CCOC(=O)OC([*])COCC,9.4e-05,-4.026872146400302,1,-4.03187370300293
28808,CN(CCO*)C(=O)C(C)(C)OC(=O)*,CN(CCO[*])C(=O)C(C)(C)OC(=O)[*],[*]CCOC(=O)OC(C)(C)C(=O)N([*])C,5.64e-05,-4.248720896016658,0,-4.49010705947876
28809,CC(C)(C)NC(=O)NC(CO*)COC(=O)*,CC(C)(C)NC(=O)NC(CO[*])COC(=O)[*],[*]COC(=O)OCC([*])NC(=O)NC(C)(C)C,3.45e-05,-4.462180904926726,2,-4.361143112182617
28810,CCOCCN(CC)CC(CO*)OC(=O)*,CCOCCN(CC)CC(CO[*])OC(=O)[*],[*]COC(=O)OC([*])CN(CC)CCOCC,5.36e-05,-4.27083521030723,0,-4.0909199714660645
28811,CCC(C)(N*)C(=O)NCC(C)OC(=O)*,CCC(C)(N[*])C(=O)NCC(C)OC(=O)[*],[*]NC(=O)OC(C)CNC(=O)C([*])(C)CC,2.94e-05,-4.531652669587842,3,-4.392360687255859
28812,CC(C)C(C)C(=O)NCC(COC(=O)*)O*,CC(C)C(C)C(=O)NCC(COC(=O)[*])O[*],[*]COC(=O)OC([*])CNC(=O)C(C)C(C)C,4.82e-05,-4.31695296176115,1,-4.475494861602783
28813,COCC(CN(C)C(C)CN*)OC(=O)*,COCC(CN(C)C(C)CN[*])OC(=O)[*],[*]CN(C)C(C)CNC(=O)OC([*])COC,9.73e-05,-4.011887159731648,0,-4.157658576965332
28814,CN(C)C(=O)CSCC(CO*)OC(=O)*,CN(C)C(=O)CSCC(CO[*])OC(=O)[*],[*]COC(=O)OC([*])CSCC(=O)N(C)C,0.000118,-3.9281179926938745,1,-4.256444454193115
28815,CCC(=O)NC(C)(CO*)COC(=O)*,CCC(=O)NC(C)(CO[*])COC(=O)[*],[*]COC(=O)OCC([*])(C)NC(=O)CC,6.16e-05,-4.210419287835575,2,-4.347813129425049
28816,CC(CO*)COC(=O)C(C)OC(=O)*,CC(CO[*])COC(=O)C(C)OC(=O)[*],[*]COC(=O)OC(C)C(=O)OCC([*])C,3.61e-05,-4.442492798094342,2,-4.256475925445557
28817,CCCOCCCNCC(COC(=O)*)O*,CCCOCCCNCC(COC(=O)[*])O[*],[*]COC(=O)OC([*])CNCCCOCCC,0.000108,-3.96657624451305,0,-3.8905930519104004
28818,CCCC(C)(NC(=O)*)C(=O)NCCN*,CCCC(C)(NC(=O)[*])C(=O)NCCN[*],[*]NC(=O)NCCNC(=O)C([*])(C)CCC,3.8e-05,-4.42021640338319,3,-4.369316577911377
28819,CC(C)(CO*)C(=O)OCCOC(=O)*,CC(C)(CO[*])C(=O)OCCOC(=O)[*],[*]COC(=O)OCCOC(=O)C([*])(C)C,6.6e-05,-4.180456064458132,0,-4.3268513679504395
28820,CN(CCOC(=O)*)C(=O)CCCCN*,CN(CCOC(=O)[*])C(=O)CCCCN[*],[*]CCOC(=O)NCCCCC(=O)N([*])C,5.21e-05,-4.283162276700476,1,-4.186513423919678
28821,CCN(CCCOC(=O)*)CCN*,CCN(CCCOC(=O)[*])CCN[*],[*]CCCOC(=O)NCCN([*])CC,8.15e-05,-4.088842391260023,0,-4.040388584136963
28822,CC(CSCC(COC(=O)*)O*)C(=O)O,CC(CSCC(COC(=O)[*])O[*])C(=O)O,[*]COC(=O)OC([*])CSCC(C)C(=O)O,5e-05,-4.301029995663981,0,-4.296624660491943
28823,CSCCCNCC(COC(=O)*)O*,CSCCCNCC(COC(=O)[*])O[*],[*]COC(=O)OC([*])CNCCCSC,6.28e-05,-4.2020403562628035,3,-4.05231237411499
28824,CCCNC(=O)NC(C)(CO*)COC(=O)*,CCCNC(=O)NC(C)(CO[*])COC(=O)[*],[*]COC(=O)OCC([*])(C)NC(=O)NCCC,3.42e-05,-4.465973893943865,1,-4.335789680480957
28825,CC(C)OC(=O)NC(CO*)COC(=O)*,CC(C)OC(=O)NC(CO[*])COC(=O)[*],[*]COC(=O)OCC([*])NC(=O)OC(C)C,4.91e-05,-4.308918507877031,3,-4.328044414520264
28826,COCC(C)NC(C)(CO*)COC(=O)*,COCC(C)NC(C)(CO[*])COC(=O)[*],[*]COC(=O)OCC([*])(C)NC(C)COC,6.05e-05,-4.218244625347531,3,-4.275290012359619
28827,CC(C)C(CO*)NC(=O)CCCNC(=O)*,CC(C)C(CO[*])NC(=O)CCCNC(=O)[*],[*]COC(=O)NCCCC(=O)NC([*])C(C)C,4.38e-05,-4.3585258894959,1,-4.349276542663574
28828,CC(CCO*)NCC(C)OC(=O)*,CC(CCO[*])NCC(C)OC(=O)[*],[*]CCOC(=O)OC(C)CNC([*])C,4.78e-05,-4.320572103387881,3,-4.065436840057373
28829,CC(C)C(CNCCO*)OC(=O)*,CC(C)C(CNCCO[*])OC(=O)[*],[*]CNCCOC(=O)OC([*])C(C)C,5.38e-05,-4.269217724333611,0,-4.139914512634277
28830,CC(C)NC(=O)NC(C)(CO*)COC(=O)*,CC(C)NC(=O)NC(C)(CO[*])COC(=O)[*],[*]COC(=O)OCC([*])(C)NC(=O)NC(C)C,6.81e-05,-4.166852888087215,0,-4.415060997009277
28831,CCOCC(CNCC(C)COC(=O)*)O*,CCOCC(CNCC(C)COC(=O)[*])O[*],[*]CNCC(C)COC(=O)OC([*])COCC,5.76e-05,-4.239577516576788,1,-4.008989334106445
28832,CC(C)=CC(=O)NCC(COC(=O)*)O*,CC(C)=CC(=O)NCC(COC(=O)[*])O[*],[*]COC(=O)OC([*])CNC(=O)C=C(C)C,5.45e-05,-4.2636034977233574,2,-4.372531414031982
28833,C=C(C)C(=O)NC(CC)(CO*)COC(=O)*,C=C(C)C(=O)NC(CC)(CO[*])COC(=O)[*],[*]COC(=O)OCC([*])(CC)NC(=O)C(=C)C,4.24e-05,-4.372634143407267,3,-4.466396331787109
28834,CC(CNCC(C)O*)COC(=O)*,CC(CNCC(C)O[*])COC(=O)[*],[*]CNCC(C)OC(=O)OCC([*])C,7.18e-05,-4.1438755557577,0,-4.211498260498047
28835,CN(CC(F)F)CC(CO*)OC(=O)*,CN(CC(F)F)CC(CO[*])OC(=O)[*],[*]COC(=O)OC([*])CN(C)CC(F)F,0.000115,-3.939302159646388,2,-4.231566429138184
28836,COCC(CNC(C)(C)CCOC(=O)*)O*,COCC(CNC(C)(C)CCOC(=O)[*])O[*],[*]CNC(C)(C)CCOC(=O)OC([*])COC,7.61e-05,-4.118615343229427,0,-4.07826566696167
28837,CCC(C(=O)O)N(C)CC(CO*)OC(=O)*,CCC(C(=O)O)N(C)CC(CO[*])OC(=O)[*],[*]COC(=O)OC([*])CN(C)C(CC)C(=O)O,1.76e-05,-4.7544873321858505,1,-4.311193943023682
28838,CC(C)(C)CC(=O)NC(CO*)COC(=O)*,CC(C)(C)CC(=O)NC(CO[*])COC(=O)[*],[*]COC(=O)OCC([*])NC(=O)CC(C)(C)C,7.81e-05,-4.1073489661227,0,-4.301023006439209
28839,CC(CCO*)CNCC(C)OC(=O)*,CC(CCO[*])CNCC(C)OC(=O)[*],[*]CCOC(=O)OC(C)CNCC([*])C,9.02e-05,-4.044793462458058,0,-4.201745986938477
28840,CC(COC(=O)*)N(C)C(=O)CCCCN*,CC(COC(=O)[*])N(C)C(=O)CCCCN[*],[*]COC(=O)NCCCCC(=O)N(C)C([*])C,3.68e-05,-4.434152181326482,2,-4.351082801818848
28841,CC(NC(=O)*)C(=O)NC(CO*)C(C)C,CC(NC(=O)[*])C(=O)NC(CO[*])C(C)C,[*]NC(=O)OCC(NC(=O)C([*])C)C(C)C,4.67e-05,-4.330683119433888,1,-4.456875801086426
28842,CC(C)(CC(=O)NCCNC(=O)*)N*,CC(C)(CC(=O)NCCNC(=O)[*])N[*],[*]CC(=O)NCCNC(=O)NC([*])(C)C,3.23e-05,-4.490797477668897,1,-4.217584133148193
28843,CCN(CCCN*)CCNC(=O)*,CCN(CCCN[*])CCNC(=O)[*],[*]CCCNC(=O)NCCN([*])CC,7.37e-05,-4.132532512140949,0,-4.012896537780762
28844,CCC(CCO*)CNC(=O)CNC(=O)*,CCC(CCO[*])CNC(=O)CNC(=O)[*],[*]CCOC(=O)NCC(=O)NCC([*])CC,4.16e-05,-4.380906669373258,0,-4.208673000335693
28845,CC(CN(C)CC(C)(O*)C(=O)O)OC(=O)*,CC(CN(C)CC(C)(O[*])C(=O)O)OC(=O)[*],[*]CN(C)CC(C)(OC(=O)OC([*])C)C(=O)O,8.71e-05,-4.059981844992337,1,-4.372270107269287
28846,CC(CO*)N(C)CC(C)(OC(=O)*)C(=O)O,CC(CO[*])N(C)CC(C)(OC(=O)[*])C(=O)O,[*]COC(=O)OC(C)(CN(C)C([*])C)C(=O)O,2.34e-05,-4.6307841425898575,3,-4.422714710235596
28847,CC(CC(=O)OCCO*)OC(=O)*,CC(CC(=O)OCCO[*])OC(=O)[*],[*]CC(=O)OCCOC(=O)OC([*])C,5.75e-05,-4.2403321553103694,0,-4.169430732727051
28848,CCOCCCNC(CO*)COC(=O)*,CCOCCCNC(CO[*])COC(=O)[*],[*]COC(=O)OCC([*])NCCCOCC,0.000122,-3.9136401693252516,0,-4.110038757324219
28849,CC(CN(C)CC(C)NC(=O)*)N*,CC(CN(C)CC(C)NC(=O)[*])N[*],[*]CN(C)CC(C)NC(=O)NC([*])C,6.14e-05,-4.211831628858833,0,-4.230129718780518
28850,COCC(CNC(C)C(C)(C)OC(=O)*)O*,COCC(CNC(C)C(C)(C)OC(=O)[*])O[*],[*]CNC(C)C(C)(C)OC(=O)OC([*])COC,7.41e-05,-4.130181792020672,0,-4.249424457550049
28851,CC(CCCO*)NC(=O)C(C)NC(=O)*,CC(CCCO[*])NC(=O)C(C)NC(=O)[*],[*]CCCOC(=O)NC(C)C(=O)NC([*])C,3.54e-05,-4.450996737974212,3,-4.245735168457031
28852,CCC(C)(NCC(COC(=O)*)O*)C(=O)O,CCC(C)(NCC(COC(=O)[*])O[*])C(=O)O,[*]COC(=O)OC([*])CNC(C)(CC)C(=O)O,2.88e-05,-4.540607512240769,3,-4.593003749847412
28853,COCC(C)N(C)CC(CO*)OC(=O)*,COCC(C)N(C)CC(CO[*])OC(=O)[*],[*]COC(=O)OC([*])CN(C)C(C)COC,8.93e-05,-4.049148541111453,0,-4.090421676635742
28854,CC(CO*)NC(=O)CCCCOC(=O)*,CC(CO[*])NC(=O)CCCCOC(=O)[*],[*]COC(=O)OCCCCC(=O)NC([*])C,5.26e-05,-4.279014255846261,3,-4.061685085296631
28855,CCOCC(CN(C)CCNC(=O)*)O*,CCOCC(CN(C)CCNC(=O)[*])O[*],[*]CN(C)CCNC(=O)OC([*])COCC,0.000107,-3.9706162223147903,3,-4.060935974121094
28856,CC(C)(C)CNC(CO*)COC(=O)*,CC(C)(C)CNC(CO[*])COC(=O)[*],[*]COC(=O)OCC([*])NCC(C)(C)C,3.18e-05,-4.497572880015567,0,-4.447514533996582
28857,CC(CN(CC(F)F)CC(C)OC(=O)*)O*,CC(CN(CC(F)F)CC(C)OC(=O)[*])O[*],[*]CN(CC(F)F)CC(C)OC(=O)OC([*])C,3.24e-05,-4.489454989793388,3,-4.107541084289551
28858,CCCC(CNCC(F)(F)COC(=O)*)O*,CCCC(CNCC(F)(F)COC(=O)[*])O[*],[*]CNCC(F)(F)COC(=O)OC([*])CCC,3.88e-05,-4.411168274405793,1,-4.181734085083008
28859,C=CCOC(=O)NCC(COC(=O)*)O*,C=CCOC(=O)NCC(COC(=O)[*])O[*],[*]COC(=O)OC([*])CNC(=O)OCC=C,6.38e-05,-4.195179321278838,3,-4.2168097496032715
28860,CCCCNC(=O)C(NC(=O)*)C(C)(C)O*,CCCCNC(=O)C(NC(=O)[*])C(C)(C)O[*],[*]NC(=O)OC(C)(C)C([*])C(=O)NCCCC,2.77e-05,-4.557520230935552,3,-4.517383098602295
28861,CC(C)(CC(CNCC(F)F)O*)OC(=O)*,CC(C)(CC(CNCC(F)F)O[*])OC(=O)[*],[*]CC(CNCC(F)F)OC(=O)OC([*])(C)C,3.2e-05,-4.494850021680094,0,-4.281404972076416
28862,CCC(CNC(CCF)COC(=O)*)O*,CCC(CNC(CCF)COC(=O)[*])O[*],[*]CNC(CCF)COC(=O)OC([*])CC,3.69e-05,-4.432973633840939,3,-4.258265018463135
28863,C=CC(C)(CNC(=O)*)O*,C=CC(C)(CNC(=O)[*])O[*],[*]CNC(=O)OC([*])(C)C=C,5.27e-05,-4.278189384787454,3,-4.318528652191162
28864,C=CC(CNCC(C)OC(=O)*)O*,C=CC(CNCC(C)OC(=O)[*])O[*],[*]CNCC(C)OC(=O)OC([*])C=C,9.11e-05,-4.040481623027001,3,-4.137919902801514
28865,O=C(*)NCC(CN*)NCCCCCF,O=C([*])NCC(CN[*])NCCCCCF,[*]NCC(CNC([*])=O)NCCCCCF,0.000126,-3.899629454882437,3,-4.114496231079102
28866,CC(NC(CCF)COC(=O)*)C(C)O*,CC(NC(CCF)COC(=O)[*])C(C)O[*],[*]NC(CCF)COC(=O)OC(C)C([*])C,5.98e-05,-4.223298816011589,0,-4.332594394683838
28867,N#CCC(O*)C(CC#N)OC(=O)*,N#CCC(O[*])C(CC#N)OC(=O)[*],[*]OC(=O)OC(CC#N)C([*])CC#N,3.78e-05,-4.422508200162775,2,-4.192591667175293
28868,C=CC(C)(CC(=O)NCCO*)OC(=O)*,C=CC(C)(CC(=O)NCCO[*])OC(=O)[*],[*]CC(=O)NCCOC(=O)OC([*])(C)C=C,7.09e-05,-4.149353764816934,0,-4.109020709991455
28869,C=C(CO*)C(=O)NCCCOC(=O)*,C=C(CO[*])C(=O)NCCCOC(=O)[*],[*]COC(=O)OCCCNC(=O)C([*])=C,0.000149,-3.826813731587726,0,-4.1029534339904785
28870,CC(C)(CNCC(CC(F)F)NC(=O)*)N*,CC(C)(CNCC(CC(F)F)NC(=O)[*])N[*],[*]CNCC(CC(F)F)NC(=O)NC([*])(C)C,6.93e-05,-4.159266765388193,1,-4.191571235656738
28871,N#CCCCCNCC(COC(=O)*)O*,N#CCCCCNCC(COC(=O)[*])O[*],[*]COC(=O)OC([*])CNCCCCC#N,0.000142,-3.8477116556169433,0,-4.082494735717773
28872,O=C(*)OCC(COC(=O)CCS)O*,O=C([*])OCC(COC(=O)CCS)O[*],[*]COC(=O)OC([*])COC(=O)CCS,3.17e-05,-4.498940737782249,2,-4.385209560394287
28873,CCCN(C)CC(O*)C(C)(C)OC(=O)*,CCCN(C)CC(O[*])C(C)(C)OC(=O)[*],[*]OC(=O)OC(C)(C)C([*])CN(C)CCC,2.49e-05,-4.603800652904264,1,-4.5142059326171875
28874,CC(CCCCOC(=O)*)NC(=O)C(C)O*,CC(CCCCOC(=O)[*])NC(=O)C(C)O[*],[*]CCCCOC(=O)OC(C)C(=O)NC([*])C,5.58e-05,-4.253365801062421,0,-4.219411373138428
28875,CC(CN*)CNCC(CC(F)F)NC(=O)*,CC(CN[*])CNCC(CC(F)F)NC(=O)[*],[*]CNCC(CC(F)F)NC(=O)NCC([*])C,9.71e-05,-4.012780770091995,0,-4.032320499420166
28876,C=C(C)CNCC(COC(=O)*)O*,C=C(C)CNCC(COC(=O)[*])O[*],[*]COC(=O)OC([*])CNCC(=C)C,8.01e-05,-4.096367483915762,3,-4.336836814880371
28877,CCCC(CC)N(CCNC(=O)*)CCO*,CCCC(CC)N(CCNC(=O)[*])CCO[*],[*]CCNC(=O)OCCN([*])C(CC)CCC,4.35e-05,-4.361510743045363,2,-4.391747951507568
28878,CC(C)(CC(CNCCCF)OC(=O)*)O*,CC(C)(CC(CNCCCF)OC(=O)[*])O[*],[*]CC(CNCCCF)OC(=O)OC([*])(C)C,4.35e-05,-4.361510743045363,1,-4.334745407104492
28879,CC(CC#N)N(C)CC(CO*)OC(=O)*,CC(CC#N)N(C)CC(CO[*])OC(=O)[*],[*]COC(=O)OC([*])CN(C)C(C)CC#N,7.3e-05,-4.136677139879544,1,-4.244457721710205
28880,CC=CCC(COC(=O)*)NC(C)C(C)O*,CC=CCC(COC(=O)[*])NC(C)C(C)O[*],[*]COC(=O)OC(C)C(C)NC([*])CC=CC,5.16e-05,-4.287350298372789,0,-4.31263542175293
28881,CC(COC(=O)*)NC(=O)CCCCCO*,CC(COC(=O)[*])NC(=O)CCCCCO[*],[*]COC(=O)OCCCCCC(=O)NC([*])C,5e-05,-4.301029995663981,1,-4.120855331420898
28882,CC(CNC(C(C)C)C(C)(C)O*)OC(=O)*,CC(CNC(C(C)C)C(C)(C)O[*])OC(=O)[*],[*]CNC(C(C)C)C(C)(C)OC(=O)OC([*])C,3.03e-05,-4.518557371497695,2,-4.569234371185303
28883,CCCCCC(CNC(C)CO*)OC(=O)*,CCCCCC(CNC(C)CO[*])OC(=O)[*],[*]CNC(C)COC(=O)OC([*])CCCCC,7.86e-05,-4.104577453960592,3,-4.260445594787598
28884,C=CC(C)(O*)C(=O)NCC(C)OC(=O)*,C=CC(C)(O[*])C(=O)NCC(C)OC(=O)[*],[*]OC(=O)OC(C)CNC(=O)C([*])(C)C=C,0.000104,-3.9829666607012197,3,-4.332216262817383
28885,CC(CC(C(C=O)OC(=O)*)N(C)C)O*,CC(CC(C(C=O)OC(=O)[*])N(C)C)O[*],[*]CC(C(C=O)OC(=O)OC([*])C)N(C)C,7.95e-05,-4.0996328713435295,2,-4.4124860763549805
28886,C#CCNC(=O)C(CCCCN*)NC(=O)*,C#CCNC(=O)C(CCCCN[*])NC(=O)[*],[*]CCCCNC(=O)NC([*])C(=O)NCC#C,4.41e-05,-4.355561410532162,2,-4.245395660400391
28887,N#CCCCNC(CO*)COC(=O)*,N#CCCCNC(CO[*])COC(=O)[*],[*]COC(=O)OCC([*])NCCCC#N,7.9e-05,-4.102372908709558,1,-4.206523418426514
28888,CCC(CC#N)NC(CO*)COC(=O)*,CCC(CC#N)NC(CO[*])COC(=O)[*],[*]COC(=O)OCC([*])NC(CC)CC#N,5.43e-05,-4.265200170411153,2,-4.2081756591796875
28889,C=CC(CCO*)NC(=O)*,C=CC(CCO[*])NC(=O)[*],[*]CCOC(=O)NC([*])C=C,7.96e-05,-4.099086932262331,0,-4.1605401039123535
28890,C=CC(C)(O*)C(=O)NCCCCOC(=O)*,C=CC(C)(O[*])C(=O)NCCCCOC(=O)[*],[*]OC(=O)OCCCCNC(=O)C([*])(C)C=C,9.46e-05,-4.024108863598207,3,-4.211259365081787
28891,CC(C)(C#N)CCNC(CO*)COC(=O)*,CC(C)(C#N)CCNC(CO[*])COC(=O)[*],[*]COC(=O)OCC([*])NCCC(C)(C)C#N,7e-05,-4.154901959985743,3,-4.362602233886719
28892,O=C(*)OCC(O*)C(S)CS,O=C([*])OCC(O[*])C(S)CS,[*]OCC(OC([*])=O)C(S)CS,3.57e-05,-4.447331783887806,1,-4.243184566497803
28893,CCCC(CNC(C)CCOC(=O)*)O*,CCCC(CNC(C)CCOC(=O)[*])O[*],[*]CNC(C)CCOC(=O)OC([*])CCC,6.15e-05,-4.211124884224583,3,-4.235618591308594
28894,CC(OC(=O)*)C(CN(C(C)C)C(C)C)O*,CC(OC(=O)[*])C(CN(C(C)C)C(C)C)O[*],[*]OC(=O)OC(CN(C(C)C)C(C)C)C([*])C,2.1e-05,-4.6777807052660805,3,-4.464036464691162
28895,CCN(CCC#N)CC(COC(=O)*)O*,CCN(CCC#N)CC(COC(=O)[*])O[*],[*]COC(=O)OC([*])CN(CC)CCC#N,8.28e-05,-4.08196966321512,2,-3.9655938148498535
28896,C=CC(O*)C(=O)NC(C)CC(C)OC(=O)*,C=CC(O[*])C(=O)NC(C)CC(C)OC(=O)[*],[*]OC(=O)OC(C)CC(C)NC(=O)C([*])C=C,4.47e-05,-4.349692476868063,3,-4.394054412841797
28897,C#CCCC(CNC(=O)C(C)OC(=O)*)O*,C#CCCC(CNC(=O)C(C)OC(=O)[*])O[*],[*]CNC(=O)C(C)OC(=O)OC([*])CCC#C,4.17e-05,-4.379863945026242,3,-4.2933030128479
28898,C=CCCNC(CO*)COC(=O)*,C=CCCNC(CO[*])COC(=O)[*],[*]COC(=O)OCC([*])NCCC=C,8.01e-05,-4.096367483915762,0,-4.251695156097412
28899,C=CC(COC(=O)*)NCC(CSC)O*,C=CC(COC(=O)[*])NCC(CSC)O[*],[*]COC(=O)OC(CNC([*])C=C)CSC,8.16e-05,-4.088309841246139,3,-4.094661712646484
28900,C=CCC(CO*)NC(=O)C(C)(C)NC(=O)*,C=CCC(CO[*])NC(=O)C(C)(C)NC(=O)[*],[*]COC(=O)NC(C)(C)C(=O)NC([*])CC=C,6.02e-05,-4.220403508742176,0,-4.2767534255981445
28901,CC#CC(=O)NC(CC)(CO*)COC(=O)*,CC#CC(=O)NC(CC)(CO[*])COC(=O)[*],[*]COC(=O)OCC([*])(CC)NC(=O)C#CC,3.62e-05,-4.441291429466834,2,-4.50200891494751
28902,C=CCCC(=O)NC(C)(CO*)COC(=O)*,C=CCCC(=O)NC(C)(CO[*])COC(=O)[*],[*]COC(=O)OCC([*])(C)NC(=O)CCC=C,5.27e-05,-4.278189384787454,1,-4.341507911682129
28903,CC(C)C(NCCCOC(=O)*)C(C)(C)O*,CC(C)C(NCCCOC(=O)[*])C(C)(C)O[*],[*]NCCCOC(=O)OC(C)(C)C([*])C(C)C,3.05e-05,-4.515700160653214,3,-4.364304065704346
28904,C=CC(O*)C(=O)NCC(C)(C)OC(=O)*,C=CC(O[*])C(=O)NCC(C)(C)OC(=O)[*],[*]OC(=O)OC(C)(C)CNC(=O)C([*])C=C,6.17e-05,-4.209714835966758,0,-4.274299144744873
28905,C=CC(OC(=O)*)C(=O)NC(C)(C)CO*,C=CC(OC(=O)[*])C(=O)NC(C)(C)CO[*],[*]OC(=O)OCC(C)(C)NC(=O)C([*])C=C,7.14e-05,-4.146301788223826,0,-4.406290054321289
28906,CN(CC(O*)C(C)(C)OC(=O)*)C(C)(C)C,CN(CC(O[*])C(C)(C)OC(=O)[*])C(C)(C)C,[*]OC(=O)OC(C)(C)C([*])CN(C)C(C)(C)C,3.99e-05,-4.399027104313252,0,-4.517571926116943
28907,CCC(C#N)C(=O)NC(CO*)COC(=O)*,CCC(C#N)C(=O)NC(CO[*])COC(=O)[*],[*]COC(=O)OCC([*])NC(=O)C(C#N)CC,2.68e-05,-4.5718652059712115,2,-4.32627010345459
28908,C=CCCC(=O)NC(CO*)COC(=O)*,C=CCCC(=O)NC(CO[*])COC(=O)[*],[*]COC(=O)OCC([*])NC(=O)CCC=C,9.96e-05,-4.001740661576301,3,-4.21519660949707
28909,C=C(C)CN(CCO*)CCOC(=O)*,C=C(C)CN(CCO[*])CCOC(=O)[*],[*]CCOC(=O)OCCN([*])CC(=C)C,0.000117,-3.9318141382538383,3,-4.198239326477051
28910,CC#CCC(COC(=O)*)NC(=O)C(C)(C)O*,CC#CCC(COC(=O)[*])NC(=O)C(C)(C)O[*],[*]COC(=O)OC(C)(C)C(=O)NC([*])CC#CC,5.66e-05,-4.247183568811729,3,-4.501769065856934
28911,C=CC(O*)C(=O)NCCC(CC)OC(=O)*,C=CC(O[*])C(=O)NCCC(CC)OC(=O)[*],[*]OC(=O)OC(CC)CCNC(=O)C([*])C=C,6.16e-05,-4.210419287835575,1,-4.185021877288818
28912,C=CC(COC(=O)*)NC(=O)CC(C)(C=C)O*,C=CC(COC(=O)[*])NC(=O)CC(C)(C=C)O[*],[*]COC(=O)OC(C)(C=C)CC(=O)NC([*])C=C,4e-05,-4.3979400086720375,1,-4.32405424118042
28913,CC(C#N)C(=O)NC(COC(=O)*)C(C)O*,CC(C#N)C(=O)NC(COC(=O)[*])C(C)O[*],[*]COC(=O)OC(C)C([*])NC(=O)C(C)C#N,4.54e-05,-4.342944147142896,0,-4.377401351928711
28914,CC(CNC(C(C)C)C(C)(C)OC(=O)*)N*,CC(CNC(C(C)C)C(C)(C)OC(=O)[*])N[*],[*]CNC(C(C)C)C(C)(C)OC(=O)NC([*])C,3.01e-05,-4.521433504406157,0,-4.53897762298584
28915,C=CC(C)(CC(=O)NCC#CCOC(=O)*)O*,C=CC(C)(CC(=O)NCC#CCOC(=O)[*])O[*],[*]CC(=O)NCC#CCOC(=O)OC([*])(C)C=C,3.55e-05,-4.449771646944906,3,-4.242600440979004
28916,N#CCCCCNC(CO*)COC(=O)*,N#CCCCCNC(CO[*])COC(=O)[*],[*]COC(=O)OCC([*])NCCCCC#N,5.82e-05,-4.235077015350112,2,-4.199331283569336
28917,C=CC(OC(=O)*)C(=O)NCC(F)(F)CO*,C=CC(OC(=O)[*])C(=O)NCC(F)(F)CO[*],[*]OC(=O)OCC(F)(F)CNC(=O)C([*])C=C,3.07e-05,-4.512861624522814,1,-4.291416168212891
28918,C=C(C)C(=O)NCC(COC(=O)*)O*,C=C(C)C(=O)NCC(COC(=O)[*])O[*],[*]COC(=O)OC([*])CNC(=O)C(=C)C,4.89e-05,-4.31069114087638,3,-4.297596454620361
28919,C=CCCCNC(CN*)CNC(=O)*,C=CCCCNC(CN[*])CNC(=O)[*],[*]CNC(=O)NCC([*])NCCCC=C,8.72e-05,-4.059483515067432,2,-4.126588344573975
28920,C=CC(CO*)NC(=O)C(=C)COC(=O)*,C=CC(CO[*])NC(=O)C(=C)COC(=O)[*],[*]COC(=O)OCC(=C)C(=O)NC([*])C=C,9.33e-05,-4.0301183562535,1,-4.2267656326293945
28921,C=CC(C)(OC(=O)*)C(=O)NCC(C)CO*,C=CC(C)(OC(=O)[*])C(=O)NCC(C)CO[*],[*]OC(=O)OCC(C)CNC(=O)C([*])(C)C=C,5.93e-05,-4.226945306635737,2,-4.323962688446045
28922,C=C(CO*)C(=O)NCC(C)OC(=O)*,C=C(CO[*])C(=O)NCC(C)OC(=O)[*],[*]COC(=O)OC(C)CNC(=O)C([*])=C,7.61e-05,-4.118615343229427,2,-4.1959099769592285
28923,C=CC(OC(=O)*)C(=O)NC(C)CCCO*,C=CC(OC(=O)[*])C(=O)NC(C)CCCO[*],[*]OC(=O)OCCCC(C)NC(=O)C([*])C=C,8.48e-05,-4.071604147743286,1,-4.386435508728027
28924,N#CCC(COC(=O)*)O*,N#CCC(COC(=O)[*])O[*],[*]COC(=O)OC([*])CC#N,7.28e-05,-4.137868620686963,2,-4.252834796905518
28925,CCC(CNCC(C)(C)C(C)OC(=O)*)O*,CCC(CNCC(C)(C)C(C)OC(=O)[*])O[*],[*]CNCC(C)(C)C(C)OC(=O)OC([*])CC,2.05e-05,-4.688246138944246,2,-4.512087345123291
28926,C=CC(C)(CC(=O)NC(C)CO*)OC(=O)*,C=CC(C)(CC(=O)NC(C)CO[*])OC(=O)[*],[*]CC(=O)NC(C)COC(=O)OC([*])(C)C=C,6.79e-05,-4.168130225719499,0,-4.202147006988525
28927,C=C(COC(=O)*)C(=O)NOCC(C)(C)O*,C=C(COC(=O)[*])C(=O)NOCC(C)(C)O[*],[*]COC(=O)OC(C)(C)CONC(=O)C([*])=C,5.98e-05,-4.223298816011589,0,-4.181694507598877
28928,C=CC(OC(=O)*)C(=O)NC(CCF)CO*,C=CC(OC(=O)[*])C(=O)NC(CCF)CO[*],[*]OC(=O)OCC(CCF)NC(=O)C([*])C=C,5.56e-05,-4.2549252084179425,0,-4.382576942443848
28929,CC(CNCC=CCOC(=O)*)(O*)C(F)F,CC(CNCC=CCOC(=O)[*])(O[*])C(F)F,[*]CNCC=CCOC(=O)OC([*])(C)C(F)F,3.7e-05,-4.431798275933005,3,-4.0592360496521
28930,C=CC(C)(O*)C(=O)N(CC)CCOC(=O)*,C=CC(C)(O[*])C(=O)N(CC)CCOC(=O)[*],[*]OC(=O)OCCN(CC)C(=O)C([*])(C)C=C,6.3e-05,-4.200659450546418,3,-4.383820056915283
28931,CCCC(C)NC(CC)(COC(=O)*)N*,CCCC(C)NC(CC)(COC(=O)[*])N[*],[*]COC(=O)NC([*])(CC)NC(C)CCC,2.59e-05,-4.586700235918748,2,-4.4937028884887695
28932,CN(CC#N)CC(C)(CO*)COC(=O)*,CN(CC#N)CC(C)(CO[*])COC(=O)[*],[*]COC(=O)OCC([*])(C)CN(C)CC#N,3.11e-05,-4.507239610973163,1,-4.391643047332764
28933,C=CC(O*)C(=O)NCC(C)(C)COC(=O)*,C=CC(O[*])C(=O)NCC(C)(C)COC(=O)[*],[*]OC(=O)OCC(C)(C)CNC(=O)C([*])C=C,6.3e-05,-4.200659450546418,1,-4.401780128479004
28934,C=CC(OC(=O)*)C(=O)NCC=CCO*,C=CC(OC(=O)[*])C(=O)NCC=CCO[*],[*]OC(=O)OCC=CCNC(=O)C([*])C=C,5.18e-05,-4.285670240254767,1,-4.243251800537109
28935,CC(C#N)N(C)CC(COC(=O)*)O*,CC(C#N)N(C)CC(COC(=O)[*])O[*],[*]COC(=O)OC([*])CN(C)C(C)C#N,5.34e-05,-4.272458742971444,3,-4.1536431312561035
28936,C=CCOC(=O)C(C)(CO*)COC(=O)*,C=CCOC(=O)C(C)(CO[*])COC(=O)[*],[*]COC(=O)OCC([*])(C)C(=O)OCC=C,3.12e-05,-4.505845405981558,3,-4.622134685516357
28937,C#CCN(CCOC(=O)*)CC(C)O*,C#CCN(CCOC(=O)[*])CC(C)O[*],[*]CCOC(=O)OC(C)CN([*])CC#C,9.08e-05,-4.041914151478915,0,-4.041105270385742
28938,CSCC(CNCC(C)(C)O*)OC(=O)*,CSCC(CNCC(C)(C)O[*])OC(=O)[*],[*]CNCC(C)(C)OC(=O)OC([*])CSC,7.36e-05,-4.133122185662502,3,-4.250554084777832
28939,C=CC(O*)C(=O)OCC(C)OC(=O)*,C=CC(O[*])C(=O)OCC(C)OC(=O)[*],[*]OC(=O)OC(C)COC(=O)C([*])C=C,3.25e-05,-4.488116639021126,2,-4.300462245941162
28940,CC(CNCCC#N)(CO*)COC(=O)*,CC(CNCCC#N)(CO[*])COC(=O)[*],[*]COC(=O)OCC([*])(C)CNCCC#N,6.48e-05,-4.188424994129407,1,-4.224737644195557
28941,C=CCOC(=O)NC(C)(CO*)COC(=O)*,C=CCOC(=O)NC(C)(CO[*])COC(=O)[*],[*]COC(=O)OCC([*])(C)NC(=O)OCC=C,8.17e-05,-4.087777943467585,0,-4.3393425941467285
28942,CCON(CC)CC(OC(=O)*)C(C)(C)O*,CCON(CC)CC(OC(=O)[*])C(C)(C)O[*],[*]OC(=O)OC(C)(C)C([*])CN(CC)OCC,6.21e-05,-4.20690839982342,3,-4.568390369415283
28943,CC(CCOC(=O)C(C)(C)COC(=O)*)O*,CC(CCOC(=O)C(C)(C)COC(=O)[*])O[*],[*]CCOC(=O)C(C)(C)COC(=O)OC([*])C,2.79e-05,-4.554395796726403,3,-4.397604465484619
28944,CC#CCN(C)CC(C)(CO*)COC(=O)*,CC#CCN(C)CC(C)(CO[*])COC(=O)[*],[*]COC(=O)OCC([*])(C)CN(C)CC#CC,2.84e-05,-4.546681659952962,0,-4.597623825073242
28945,C=CCC(CNC(=O)C(C)N*)COC(=O)*,C=CCC(CNC(=O)C(C)N[*])COC(=O)[*],[*]CNC(=O)C(C)NC(=O)OCC([*])CC=C,3.66e-05,-4.436518914605589,0,-4.39092493057251
28946,C=C(CO*)C(=O)NC(C)COC(=O)*,C=C(CO[*])C(=O)NC(C)COC(=O)[*],[*]COC(=O)OCC(C)NC(=O)C([*])=C,7.75e-05,-4.110698297493689,3,-4.1826171875
28947,C#CCC(CO*)NC(C)C(C)OC(=O)*,C#CCC(CO[*])NC(C)C(C)OC(=O)[*],[*]COC(=O)OC(C)C(C)NC([*])CC#C,1.29e-05,-4.889410289700751,1,-4.273143291473389
28948,C=C(Cl)CNC(CO*)COC(=O)*,C=C(Cl)CNC(CO[*])COC(=O)[*],[*]COC(=O)OCC([*])NCC(=C)Cl,5.99e-05,-4.2225731776106885,1,-4.2321343421936035
28949,CCCC(CCNC(=O)C(C)N*)OC(=O)*,CCCC(CCNC(=O)C(C)N[*])OC(=O)[*],[*]CCNC(=O)C(C)NC(=O)OC([*])CCC,4.6e-05,-4.337242168318426,1,-4.446910381317139
28950,C=CC(O*)C(=O)OCC(C)COC(=O)*,C=CC(O[*])C(=O)OCC(C)COC(=O)[*],[*]OC(=O)OCC(C)COC(=O)C([*])C=C,4.87e-05,-4.3124710387853655,3,-4.37122917175293
28951,N#CC(CN*)CNC(=O)*,N#CC(CN[*])CNC(=O)[*],[*]CNC(=O)NCC([*])C#N,8e-05,-4.096910013008056,2,-4.195038318634033
28952,CCC(CC#N)NC(=O)CC(CNC(=O)*)O*,CCC(CC#N)NC(=O)CC(CNC(=O)[*])O[*],[*]CNC(=O)OC([*])CC(=O)NC(CC)CC#N,6.43e-05,-4.191789027075778,2,-4.091732025146484
28953,C#CCCN(C)CC(C)(CO*)COC(=O)*,C#CCCN(C)CC(C)(CO[*])COC(=O)[*],[*]COC(=O)OCC([*])(C)CN(C)CCC#C,3.95e-05,-4.403402904373539,1,-4.493469715118408
28954,C=CC(OC(=O)*)C(=O)OCCO*,C=CC(OC(=O)[*])C(=O)OCCO[*],[*]OC(=O)OCCOC(=O)C([*])C=C,6e-05,-4.221848749616356,1,-4.192866802215576
28955,CCN(CC(C)C#N)CC(COC(=O)*)O*,CCN(CC(C)C#N)CC(COC(=O)[*])O[*],[*]COC(=O)OC([*])CN(CC)CC(C)C#N,8.01e-05,-4.096367483915762,1,-4.096438884735107
28956,CC#CCN(CCO*)CC(C)OC(=O)*,CC#CCN(CCO[*])CC(C)OC(=O)[*],[*]CCOC(=O)OC(C)CN([*])CC#CC,3.45e-05,-4.462180904926726,3,-4.195146560668945
28957,C=C(C)CNC(CO*)COC(=O)*,C=C(C)CNC(CO[*])COC(=O)[*],[*]COC(=O)OCC([*])NCC(=C)C,6.75e-05,-4.170696227168975,1,-4.309811592102051
28958,CN(CCC#N)C(=O)CC(CNC(=O)*)O*,CN(CCC#N)C(=O)CC(CNC(=O)[*])O[*],[*]CNC(=O)OC([*])CC(=O)N(C)CCC#N,7.16e-05,-4.145086977692144,2,-4.043184280395508
28959,C=CC(CO*)NC(=O)CCCCOC(=O)*,C=CC(CO[*])NC(=O)CCCCOC(=O)[*],[*]COC(=O)OCCCCC(=O)NC([*])C=C,8.13e-05,-4.089909454405932,2,-4.160317420959473
28960,CCCCC(C)N(CCN*)CCOC(=O)*,CCCCC(C)N(CCN[*])CCOC(=O)[*],[*]CCNC(=O)OCCN([*])C(C)CCCC,6.56e-05,-4.1830961606243395,2,-4.13104248046875
28961,C#CCC(CO*)NCC(C)OC(=O)*,C#CCC(CO[*])NCC(C)OC(=O)[*],[*]COC(=O)OC(C)CNC([*])CC#C,6.18e-05,-4.209011524911184,0,-4.194167137145996
28962,C=C(C)C(COC(=O)*)O*,C=C(C)C(COC(=O)[*])O[*],[*]COC(=O)OC([*])C(=C)C,2.84e-05,-4.546681659952962,0,-4.376153469085693
28963,C=CC(CO*)NC(=O)C(C)(CC)OC(=O)*,C=CC(CO[*])NC(=O)C(C)(CC)OC(=O)[*],[*]COC(=O)OC(C)(CC)C(=O)NC([*])C=C,5.83e-05,-4.2343314452409855,1,-4.325793743133545
28964,C=CC(C)(CNCCOC(=O)*)O*,C=CC(C)(CNCCOC(=O)[*])O[*],[*]CNCCOC(=O)OC([*])(C)C=C,5.51e-05,-4.258848401148215,1,-4.1838579177856445
28965,C=CCNCC(CO*)OC(=O)*,C=CCNCC(CO[*])OC(=O)[*],[*]COC(=O)OC([*])CNCC=C,0.000111,-3.9546770212133424,0,-4.127656936645508
28966,C=C(CO*)C(=O)NCC(C)(CC)OC(=O)*,C=C(CO[*])C(=O)NCC(C)(CC)OC(=O)[*],[*]COC(=O)OC(C)(CC)CNC(=O)C([*])=C,4.75e-05,-4.323306390375134,3,-4.293948173522949
28967,C#CCC(CO*)NC(=O)C(C)(C)OC(=O)*,C#CCC(CO[*])NC(=O)C(C)(C)OC(=O)[*],[*]COC(=O)OC(C)(C)C(=O)NC([*])CC#C,6.35e-05,-4.197226274708024,0,-4.300685882568359
28968,CSCCC(C)NCC(CNC(=O)*)O*,CSCCC(C)NCC(CNC(=O)[*])O[*],[*]CNC(=O)OC([*])CNC(C)CCSC,4.58e-05,-4.33913452199613,0,-4.1592535972595215
28969,CC(C)(CC(CNCCF)O*)OC(=O)*,CC(C)(CC(CNCCF)O[*])OC(=O)[*],[*]CC(CNCCF)OC(=O)OC([*])(C)C,4.4e-05,-4.356547323513813,1,-4.3473639488220215
28970,C=CC(O*)C(=O)NCCCC(C)OC(=O)*,C=CC(O[*])C(=O)NCCCC(C)OC(=O)[*],[*]OC(=O)OC(C)CCCNC(=O)C([*])C=C,6.6e-05,-4.180456064458132,2,-4.256906986236572
28971,CC(CN(CCCC#N)CCO*)OC(=O)*,CC(CN(CCCC#N)CCO[*])OC(=O)[*],[*]CN(CCCC#N)CCOC(=O)OC([*])C,0.000112,-3.9507819773298185,2,-3.935368061065674
28972,C#CCCC(CNC(=O)C(C)(C)OC(=O)*)O*,C#CCCC(CNC(=O)C(C)(C)OC(=O)[*])O[*],[*]CNC(=O)C(C)(C)OC(=O)OC([*])CCC#C,7.77e-05,-4.1095789811990855,3,-4.34535551071167
28973,C=CCNC(=O)NC(C)(CO*)COC(=O)*,C=CCNC(=O)NC(C)(CO[*])COC(=O)[*],[*]COC(=O)OCC([*])(C)NC(=O)NCC=C,9.12e-05,-4.0400051616715835,2,-4.277329444885254
28974,C=CC(OC(=O)*)C(=O)NC(C)(C)CCO*,C=CC(OC(=O)[*])C(=O)NC(C)(C)CCO[*],[*]OC(=O)OCCC(C)(C)NC(=O)C([*])C=C,6.37e-05,-4.195860567664649,0,-4.437575340270996
28975,C=CCC(CNC(=O)C(C)O*)COC(=O)*,C=CCC(CNC(=O)C(C)O[*])COC(=O)[*],[*]CNC(=O)C(C)OC(=O)OCC([*])CC=C,3.6e-05,-4.443697499232712,0,-4.269683361053467
28976,C=CC(O*)C(=O)NCC(C)OC(=O)*,C=CC(O[*])C(=O)NCC(C)OC(=O)[*],[*]OC(=O)OC(C)CNC(=O)C([*])C=C,0.000122,-3.9136401693252516,2,-4.2388715744018555
28977,CC(CC#N)NC(=O)CC(CN*)OC(=O)*,CC(CC#N)NC(=O)CC(CN[*])OC(=O)[*],[*]CNC(=O)OC([*])CC(=O)NC(C)CC#N,5e-05,-4.301029995663981,0,-4.122995376586914
28978,C=CCCCNCC(COC(=O)*)O*,C=CCCCNCC(COC(=O)[*])O[*],[*]COC(=O)OC([*])CNCCCC=C,5.93e-05,-4.226945306635737,3,-4.116493225097656
28979,CC(C)(CCON=C(N)CCO*)OC(=O)*,CC(C)(CCON=C(N)CCO[*])OC(=O)[*],[*]CCON=C(N)CCOC(=O)OC([*])(C)C,4.93e-05,-4.30715308072277,1,-4.092996597290039
28980,CCC(CO*)C(=O)NCC#CCOC(=O)*,CCC(CO[*])C(=O)NCC#CCOC(=O)[*],[*]COC(=O)OCC#CCNC(=O)C([*])CC,4.62e-05,-4.335358024443875,3,-4.28423547744751
28981,C=CC(O*)C(=O)N(CCC)CCOC(=O)*,C=CC(O[*])C(=O)N(CCC)CCOC(=O)[*],[*]OC(=O)OCCN(CCC)C(=O)C([*])C=C,3.73e-05,-4.428291168191312,1,-4.375183582305908
28982,CCCC(O*)C(=O)NC(C)CCNC(=O)*,CCCC(O[*])C(=O)NC(C)CCNC(=O)[*],[*]OC(=O)NCCC(C)NC(=O)C([*])CCC,5.51e-05,-4.258848401148215,2,-4.267492294311523
28983,CSCC(CNCC#CCOC(=O)*)O*,CSCC(CNCC#CCOC(=O)[*])O[*],[*]CNCC#CCOC(=O)OC([*])CSC,7.6e-05,-4.119186407719209,2,-4.175034999847412
28984,CC(C#N)CN(C)C(=O)CC(CN*)OC(=O)*,CC(C#N)CN(C)C(=O)CC(CN[*])OC(=O)[*],[*]CNC(=O)OC([*])CC(=O)N(C)CC(C)C#N,7.61e-05,-4.118615343229427,2,-4.356423377990723
28985,CC(CCCCNC(=O)*)NC(=O)CCN*,CC(CCCCNC(=O)[*])NC(=O)CCN[*],[*]CCCCNC(=O)NCCC(=O)NC([*])C,6.71e-05,-4.1732774798310075,0,-4.207444190979004
28986,CCC(COC(=O)*)C(=O)NCCO*,CCC(COC(=O)[*])C(=O)NCCO[*],[*]COC(=O)OCCNC(=O)C([*])CC,4.37e-05,-4.359518563029578,3,-4.216825485229492
28987,CC(CCNCC(O*)C(C)C)COC(=O)*,CC(CCNCC(O[*])C(C)C)COC(=O)[*],[*]CCNCC(OC(=O)OCC([*])C)C(C)C,3.5e-05,-4.455931955649724,2,-4.365208625793457
28988,C=CC(COC(=O)*)NCCC(C)O*,C=CC(COC(=O)[*])NCCC(C)O[*],[*]COC(=O)OC(C)CCNC([*])C=C,7.67e-05,-4.115204636051019,1,-4.1044206619262695
28989,C=CC(OC(=O)*)C(=O)N(C)CC(C)(C)O*,C=CC(OC(=O)[*])C(=O)N(C)CC(C)(C)O[*],[*]OC(=O)OC(C)(C)CN(C)C(=O)C([*])C=C,3.08e-05,-4.511449283499556,3,-4.396452903747559
28990,C=CC(O*)C(=O)NC(CC)CCOC(=O)*,C=CC(O[*])C(=O)NC(CC)CCOC(=O)[*],[*]OC(=O)OCCC(CC)NC(=O)C([*])C=C,5.46e-05,-4.262807357295263,2,-4.233534812927246
28991,CC#CC(=O)N(C)CC(C)(CO*)COC(=O)*,CC#CC(=O)N(C)CC(C)(CO[*])COC(=O)[*],[*]COC(=O)OCC([*])(C)CN(C)C(=O)C#CC,1.91e-05,-4.718966632752273,0,-4.613886833190918
28992,C#CCCOC(=O)C(C)(CO*)COC(=O)*,C#CCCOC(=O)C(C)(CO[*])COC(=O)[*],[*]COC(=O)OCC([*])(C)C(=O)OCCC#C,1.99e-05,-4.701146923590294,1,-4.444937705993652
28993,CC(O*)C(COC(=O)*)NC(=O)C(F)F,CC(O[*])C(COC(=O)[*])NC(=O)C(F)F,[*]OC(=O)OCC(NC(=O)C(F)F)C([*])C,8.37e-05,-4.07727454200674,2,-4.370029449462891
28994,CCCCC(CC)NCC(CNC(=O)*)O*,CCCCC(CC)NCC(CNC(=O)[*])O[*],[*]CNC(=O)OC([*])CNC(CC)CCCC,3.73e-05,-4.428291168191312,3,-4.3093485832214355
28995,C=CC(COC(=O)*)NCC(CC)O*,C=CC(COC(=O)[*])NCC(CC)O[*],[*]COC(=O)OC(CC)CNC([*])C=C,7.26e-05,-4.139063379299906,1,-4.165353298187256
28996,C=CC(CNCCO*)OC(=O)*,C=CC(CNCCO[*])OC(=O)[*],[*]CNCCOC(=O)OC([*])C=C,7.43e-05,-4.129011186239425,3,-3.8955609798431396
28997,CC(COCC#CCOC(=O)*)O*,CC(COCC#CCOC(=O)[*])O[*],[*]COCC#CCOC(=O)OC([*])C,9.25e-05,-4.0338582672609675,2,-4.358782768249512
28998,CC(C)C#CC(=O)NC(CO*)COC(=O)*,CC(C)C#CC(=O)NC(CO[*])COC(=O)[*],[*]COC(=O)OCC([*])NC(=O)C#CC(C)C,4.24e-05,-4.372634143407267,3,-4.378532409667969
28999,CC(CCNC(=O)CC(C)(C)N*)NC(=O)*,CC(CCNC(=O)CC(C)(C)N[*])NC(=O)[*],[*]CCNC(=O)CC(C)(C)NC(=O)NC([*])C,2.33e-05,-4.632644078973981,3,-4.248617649078369
29000,C=C(CO*)C(=O)NCCC(CC)OC(=O)*,C=C(CO[*])C(=O)NCCC(CC)OC(=O)[*],[*]COC(=O)OC(CC)CCNC(=O)C([*])=C,6.78e-05,-4.168770306132937,0,-4.1328511238098145
29001,C=CC(OC(=O)*)C(=O)NCC(CC)O*,C=CC(OC(=O)[*])C(=O)NCC(CC)O[*],[*]OC(=O)OC(CC)CNC(=O)C([*])C=C,4.61e-05,-4.336299074610352,0,-4.374891757965088
29002,C=CC(C)(O*)C(=O)NCC#CCOC(=O)*,C=CC(C)(O[*])C(=O)NCC#CCOC(=O)[*],[*]OC(=O)OCC#CCNC(=O)C([*])(C)C=C,8.12e-05,-4.090443970758825,1,-4.330554962158203
29003,C#CCCCC(=O)NC(C)(CO*)COC(=O)*,C#CCCCC(=O)NC(C)(CO[*])COC(=O)[*],[*]COC(=O)OCC([*])(C)NC(=O)CCCC#C,3.28e-05,-4.484126156288321,2,-4.358930587768555
29004,CCCC(CNCCC(C)COC(=O)*)O*,CCCC(CNCCC(C)COC(=O)[*])O[*],[*]CNCCC(C)COC(=O)OC([*])CCC,3.11e-05,-4.507239610973163,2,-4.125131607055664
29005,C=CC(CNC(=O)*)O*,C=CC(CNC(=O)[*])O[*],[*]CNC(=O)OC([*])C=C,6.35e-05,-4.197226274708024,2,-4.245818138122559
29006,CC#CCOCC(CO*)OC(=O)*,CC#CCOCC(CO[*])OC(=O)[*],[*]COC(=O)OC([*])COCC#CC,0.000116,-3.9355420107730814,2,-4.432307243347168
29007,C=CCN(C)CC(COC(=O)*)O*,C=CCN(C)CC(COC(=O)[*])O[*],[*]COC(=O)OC([*])CN(C)CC=C,0.000124,-3.906578314837765,0,-4.052637100219727
29008,C=C(Cl)CNC(=O)CC(CN*)OC(=O)*,C=C(Cl)CNC(=O)CC(CN[*])OC(=O)[*],[*]CNC(=O)OC([*])CC(=O)NCC(=C)Cl,4.93e-05,-4.30715308072277,0,-4.245701789855957
29009,CC(C)=CC(=O)NC(COC(=O)*)C(C)O*,CC(C)=CC(=O)NC(COC(=O)[*])C(C)O[*],[*]COC(=O)OC(C)C([*])NC(=O)C=C(C)C,4.89e-05,-4.31069114087638,2,-4.3951802253723145
29010,CC(C)(CCC(=O)NCC#CCO*)OC(=O)*,CC(C)(CCC(=O)NCC#CCO[*])OC(=O)[*],[*]CCC(=O)NCC#CCOC(=O)OC([*])(C)C,3.71e-05,-4.430626090384954,3,-4.328555107116699
29011,CCCCCC(OC(=O)*)C(=O)NCCN*,CCCCCC(OC(=O)[*])C(=O)NCCN[*],[*]OC(=O)NCCNC(=O)C([*])CCCCC,5.73e-05,-4.24184537803261,0,-4.222833633422852
29012,CC(CN(CC(F)F)C(=O)COC(=O)*)O*,CC(CN(CC(F)F)C(=O)COC(=O)[*])O[*],[*]CN(CC(F)F)C(=O)COC(=O)OC([*])C,5.79e-05,-4.2373214362725635,1,-4.244846820831299
29013,C=CC(C)(OC(=O)*)C(=O)NC(C)CCO*,C=CC(C)(OC(=O)[*])C(=O)NC(C)CCO[*],[*]OC(=O)OCCC(C)NC(=O)C([*])(C)C=C,5.02e-05,-4.29929628285498,2,-4.277358055114746
29014,C=CCCC(CO*)NC(=O)C(C=C)OC(=O)*,C=CCCC(CO[*])NC(=O)C(C=C)OC(=O)[*],[*]COC(=O)OC(C=C)C(=O)NC([*])CCC=C,8.21e-05,-4.085656842880559,1,-4.256034851074219
29015,O=C(*)NCC(F)(F)CNC(=O)CCCN*,O=C([*])NCC(F)(F)CNC(=O)CCCN[*],[*]CCCNC(=O)NCC(F)(F)CNC([*])=O,5.57e-05,-4.2541448048262716,3,-4.218123912811279
29016,CC(C#N)C(=O)NC(C)(CO*)COC(=O)*,CC(C#N)C(=O)NC(C)(CO[*])COC(=O)[*],[*]COC(=O)OCC([*])(C)NC(=O)C(C)C#N,3.87e-05,-4.412289034981089,0,-4.396528244018555
29017,C=CC(C)(CC(=O)NCCCO*)OC(=O)*,C=CC(C)(CC(=O)NCCCO[*])OC(=O)[*],[*]CC(=O)NCCCOC(=O)OC([*])(C)C=C,7.82e-05,-4.106793246940152,0,-4.099534034729004
29018,C=CC(OC(=O)*)C(=O)OCCCO*,C=CC(OC(=O)[*])C(=O)OCCCO[*],[*]OC(=O)OCCCOC(=O)C([*])C=C,5.27e-05,-4.278189384787454,3,-4.192380905151367
29019,C=CCOC(=O)NC(CO*)C(C)OC(=O)*,C=CCOC(=O)NC(CO[*])C(C)OC(=O)[*],[*]COC(=O)OC(C)C([*])NC(=O)OCC=C,2.09e-05,-4.679853713888946,1,-4.371883392333984
29020,CCCC(CCNC(=O)CCNC(=O)*)O*,CCCC(CCNC(=O)CCNC(=O)[*])O[*],[*]CCNC(=O)CCNC(=O)OC([*])CCC,6.64e-05,-4.1778319206319825,1,-4.333249092102051
29021,CCOCC(C)(C)NCC(COC(=O)*)O*,CCOCC(C)(C)NCC(COC(=O)[*])O[*],[*]COC(=O)OC([*])CNC(C)(C)COCC,6.66e-05,-4.176525770829699,1,-4.3342156410217285
29022,CCC(C)C(CNC(C)C(C)OC(=O)*)O*,CCC(C)C(CNC(C)C(C)OC(=O)[*])O[*],[*]CNC(C)C(C)OC(=O)OC([*])C(C)CC,3.58e-05,-4.446116973356125,2,-4.430245399475098
29023,C=C(COC(=O)*)C(=O)NC(C)CCO*,C=C(COC(=O)[*])C(=O)NC(C)CCO[*],[*]COC(=O)OCCC(C)NC(=O)C([*])=C,5.81e-05,-4.235823867609669,1,-4.263029098510742
29024,CCCC(C)(CO*)NC(=O)CCNC(=O)*,CCCC(C)(CO[*])NC(=O)CCNC(=O)[*],[*]COC(=O)NCCC(=O)NC([*])(C)CCC,5.57e-05,-4.2541448048262716,0,-4.440927982330322
29025,C=CCN(C)C(=O)CC(CN*)OC(=O)*,C=CCN(C)C(=O)CC(CN[*])OC(=O)[*],[*]CNC(=O)OC([*])CC(=O)N(C)CC=C,5.81e-05,-4.235823867609669,1,-4.269219398498535
29026,C#CCCN(CCOC(=O)*)CC(C)O*,C#CCCN(CCOC(=O)[*])CC(C)O[*],[*]CCOC(=O)OC(C)CN([*])CCC#C,4.26e-05,-4.370590400897281,0,-4.1182098388671875
29027,CCC(CC)C(=O)NCC(CNC(=O)*)O*,CCC(CC)C(=O)NCC(CNC(=O)[*])O[*],[*]CNC(=O)OC([*])CNC(=O)C(CC)CC,5.08e-05,-4.294136287716081,0,-4.27012825012207
29028,N#CCCCC(=O)NC(CO*)COC(=O)*,N#CCCCC(=O)NC(CO[*])COC(=O)[*],[*]COC(=O)OCC([*])NC(=O)CCCC#N,9e-05,-4.045757490560675,1,-4.260993957519531
29029,C=CC(OC(=O)*)C(=O)NC(C)CO*,C=CC(OC(=O)[*])C(=O)NC(C)CO[*],[*]OC(=O)OCC(C)NC(=O)C([*])C=C,5.45e-05,-4.2636034977233574,0,-4.279075622558594
29030,CCCN(CC)CC(OC(=O)*)C(C)(C)O*,CCCN(CC)CC(OC(=O)[*])C(C)(C)O[*],[*]OC(=O)OC(C)(C)C([*])CN(CC)CCC,4.11e-05,-4.386158178123931,0,-4.406291484832764
29031,C#CCCCC(=O)NC(CO*)COC(=O)*,C#CCCCC(=O)NC(CO[*])COC(=O)[*],[*]COC(=O)OCC([*])NC(=O)CCCC#C,5.55e-05,-4.255707016877324,3,-4.241762638092041
29032,C=CC(CO*)NC(=O)C(CCC)OC(=O)*,C=CC(CO[*])NC(=O)C(CCC)OC(=O)[*],[*]COC(=O)OC(CCC)C(=O)NC([*])C=C,5.02e-05,-4.29929628285498,0,-4.138647556304932
29033,CCCC(CC)NC(=O)C(COC(=O)*)N*,CCCC(CC)NC(=O)C(COC(=O)[*])N[*],[*]COC(=O)NC([*])C(=O)NC(CC)CCC,2.05e-05,-4.688246138944246,0,-4.433638095855713
29034,C=C(COC(=O)*)C(=O)NCC(C)(C)O*,C=C(COC(=O)[*])C(=O)NCC(C)(C)O[*],[*]COC(=O)OC(C)(C)CNC(=O)C([*])=C,4.99e-05,-4.30189945437661,2,-4.320626258850098
29035,CC(C)C(COC(=O)C(C)(C)OC(=O)*)O*,CC(C)C(COC(=O)C(C)(C)OC(=O)[*])O[*],[*]COC(=O)C(C)(C)OC(=O)OC([*])C(C)C,1.77e-05,-4.752026733638194,1,-4.412236213684082
29036,CC(OC(=O)*)C(C)(C)CNCC(C)(C)N*,CC(OC(=O)[*])C(C)(C)CNCC(C)(C)N[*],[*]OC(=O)NC(C)(C)CNCC(C)(C)C([*])C,4.92e-05,-4.308034897232639,3,-4.34423828125
29037,CC(OC(=O)*)C(C)S(=O)(=O)CCCO*,CC(OC(=O)[*])C(C)S(=O)(=O)CCCO[*],[*]OC(=O)OCCCS(=O)(=O)C(C)C([*])C,5.44e-05,-4.2644011003018205,0,-4.290098667144775
29038,CC(CCO*)NCC(F)(F)COC(=O)*,CC(CCO[*])NCC(F)(F)COC(=O)[*],[*]CCOC(=O)OCC(F)(F)CNC([*])C,0.000106,-3.9746941347352296,1,-4.164907455444336
29039,C#CCC(N*)C(=O)NCCCCNC(=O)*,C#CCC(N[*])C(=O)NCCCCNC(=O)[*],[*]NC(=O)NCCCCNC(=O)C([*])CC#C,4.41e-05,-4.355561410532162,0,-4.3170928955078125
29040,C#CCC(NC(=O)*)C(=O)NCCCCCO*,C#CCC(NC(=O)[*])C(=O)NCCCCCO[*],[*]NC(=O)OCCCCCNC(=O)C([*])CC#C,4.73e-05,-4.325138859262188,3,-4.249460220336914
29041,C=CC(CO*)NC(=O)C(C)OC(=O)*,C=CC(CO[*])NC(=O)C(C)OC(=O)[*],[*]COC(=O)OC(C)C(=O)NC([*])C=C,6.8e-05,-4.167491087293763,0,-4.205670356750488
29042,CC#CCN(CCCO*)CCOC(=O)*,CC#CCN(CCCO[*])CCOC(=O)[*],[*]CCCOC(=O)OCCN([*])CC#CC,7.74e-05,-4.111259039317107,0,-4.140056133270264
29043,CCC(C#N)NCC(COC(=O)*)O*,CCC(C#N)NCC(COC(=O)[*])O[*],[*]COC(=O)OC([*])CNC(C#N)CC,3.65e-05,-4.437707135543525,1,-4.143589019775391
29044,CC(CC#N)N(C)C(=O)CC(CNC(=O)*)O*,CC(CC#N)N(C)C(=O)CC(CNC(=O)[*])O[*],[*]CNC(=O)OC([*])CC(=O)N(C)C(C)CC#N,5.56e-05,-4.2549252084179425,1,-4.36641263961792
29045,CCC(CC#N)NCC(CO*)OC(=O)*,CCC(CC#N)NCC(CO[*])OC(=O)[*],[*]COC(=O)OC([*])CNC(CC)CC#N,7.04e-05,-4.152427340857888,1,-4.12376594543457
29046,CN(CCCF)CC(O*)C(C)(C)OC(=O)*,CN(CCCF)CC(O[*])C(C)(C)OC(=O)[*],[*]OC(=O)OC(C)(C)C([*])CN(C)CCCF,4.22e-05,-4.374687549038326,2,-4.376978397369385
29047,CC(C)C#CC(=O)N(C)CC(COC(=O)*)O*,CC(C)C#CC(=O)N(C)CC(COC(=O)[*])O[*],[*]COC(=O)OC([*])CN(C)C(=O)C#CC(C)C,5.2e-05,-4.2839966563652006,0,-4.416466236114502
29048,C=CCCC(=O)NCC(CN*)OC(=O)*,C=CCCC(=O)NCC(CN[*])OC(=O)[*],[*]CNC(=O)OC([*])CNC(=O)CCC=C,6.81e-05,-4.166852888087215,2,-4.170708179473877
29049,C=CCOCC(CN*)OC(=O)*,C=CCOCC(CN[*])OC(=O)[*],[*]CNC(=O)OC([*])COCC=C,3.43e-05,-4.464705879957229,0,-4.2407708168029785
29050,CC(CN(CC#N)C(C)COC(=O)*)O*,CC(CN(CC#N)C(C)COC(=O)[*])O[*],[*]CN(CC#N)C(C)COC(=O)OC([*])C,7.32e-05,-4.135488918941608,1,-4.202457904815674
29051,O=C(CO*)NCCCCCCOC(=O)*,O=C(CO[*])NCCCCCCOC(=O)[*],[*]COC(=O)OCCCCCCNC([*])=O,0.000125,-3.9030899869919438,2,-3.9834163188934326
29052,C=CCCCC(=O)NC(CO*)COC(=O)*,C=CCCCC(=O)NC(CO[*])COC(=O)[*],[*]COC(=O)OCC([*])NC(=O)CCCC=C,4.47e-05,-4.349692476868063,2,-4.234120845794678
29053,COCC(C)(C)CNC(CO*)COC(=O)*,COCC(C)(C)CNC(CO[*])COC(=O)[*],[*]COC(=O)OCC([*])NCC(C)(C)COC,3.45e-05,-4.462180904926726,2,-4.282624244689941
29054,C=C(CO*)C(=O)NC(CC)COC(=O)*,C=C(CO[*])C(=O)NC(CC)COC(=O)[*],[*]COC(=O)OCC(CC)NC(=O)C([*])=C,0.000104,-3.9829666607012197,3,-4.141110897064209
29055,CCCC(CO*)NCC(OC(=O)*)C(C)C,CCCC(CO[*])NCC(OC(=O)[*])C(C)C,[*]COC(=O)OC(CNC([*])CCC)C(C)C,2.76e-05,-4.559090917934783,2,-4.469662189483643
29056,CCCC(C)(C)NC(=O)C(COC(=O)*)N*,CCCC(C)(C)NC(=O)C(COC(=O)[*])N[*],[*]COC(=O)NC([*])C(=O)NC(C)(C)CCC,2.82e-05,-4.549750891680639,0,-4.508063793182373
29057,CC(CNC(CO*)C(F)(F)F)OC(=O)*,CC(CNC(CO[*])C(F)(F)F)OC(=O)[*],[*]CNC(COC(=O)OC([*])C)C(F)(F)F,6.77e-05,-4.169411331314856,3,-4.3547492027282715
29058,CC(CN(CCC#N)C(C)COC(=O)*)O*,CC(CN(CCC#N)C(C)COC(=O)[*])O[*],[*]CN(CCC#N)C(C)COC(=O)OC([*])C,9.31e-05,-4.031050319018657,0,-3.972468614578247
29059,C=CCN(CCNC(=O)*)CCO*,C=CCN(CCNC(=O)[*])CCO[*],[*]CCNC(=O)OCCN([*])CC=C,0.000139,-3.856985199745905,0,-3.8890724182128906
29060,C=CC(CO*)NCC(C)COC(=O)*,C=CC(CO[*])NCC(C)COC(=O)[*],[*]COC(=O)OCC(C)CNC([*])C=C,6.18e-05,-4.209011524911184,2,-4.283216953277588
29061,O=C(*)NC(CCS)CO*,O=C([*])NC(CCS)CO[*],[*]NC(CCS)COC([*])=O,6.2e-05,-4.207608310501746,3,-4.377965450286865
29062,CC(C)(C)C(COC(=O)*)NC(=O)CO*,CC(C)(C)C(COC(=O)[*])NC(=O)CO[*],[*]COC(=O)OCC(=O)NC([*])C(C)(C)C,4.94e-05,-4.306273051076353,1,-4.5022478103637695
29063,C#CCCN(CCCOC(=O)*)CCO*,C#CCCN(CCCOC(=O)[*])CCO[*],[*]CCCOC(=O)OCCN([*])CCC#C,0.000127,-3.896196279044043,3,-3.9577877521514893
29064,C=CC(CO*)NCC(COCC)OC(=O)*,C=CC(CO[*])NCC(COCC)OC(=O)[*],[*]COC(=O)OC(CNC([*])C=C)COCC,0.000131,-3.8827287043442356,2,-4.202371597290039
29065,C=CC(O*)C(=O)NCCC(C)(C)OC(=O)*,C=CC(O[*])C(=O)NCCC(C)(C)OC(=O)[*],[*]OC(=O)OC(C)(C)CCNC(=O)C([*])C=C,7.16e-05,-4.145086977692144,1,-4.297560214996338
29066,C=CC(O*)C(=O)N(C)C(C)COC(=O)*,C=CC(O[*])C(=O)N(C)C(C)COC(=O)[*],[*]OC(=O)OCC(C)N(C)C(=O)C([*])C=C,4.7e-05,-4.327902142064283,0,-4.428159236907959
29067,CCC(CNCC#CCO*)OC(=O)*,CCC(CNCC#CCO[*])OC(=O)[*],[*]CNCC#CCOC(=O)OC([*])CC,7.11e-05,-4.148130399270234,0,-4.156088829040527
29068,C=C(CO*)C(=O)N(C)CC(C)OC(=O)*,C=C(CO[*])C(=O)N(C)CC(C)OC(=O)[*],[*]COC(=O)OC(C)CN(C)C(=O)C([*])=C,4.57e-05,-4.34008379993015,3,-4.316845417022705
29069,C=CC(C)NC(=O)CC(CN*)OC(=O)*,C=CC(C)NC(=O)CC(CN[*])OC(=O)[*],[*]CNC(=O)OC([*])CC(=O)NC(C)C=C,4.05e-05,-4.392544976785332,3,-4.390036582946777
29070,N#CCCCNCC(COC(=O)*)O*,N#CCCCNCC(COC(=O)[*])O[*],[*]COC(=O)OC([*])CNCCCC#N,7.59e-05,-4.11975822410452,2,-4.144680976867676
29071,CCCCCC(CNCCCOC(=O)*)O*,CCCCCC(CNCCCOC(=O)[*])O[*],[*]CNCCCOC(=O)OC([*])CCCCC,9.32e-05,-4.030584087646019,1,-4.118293285369873
29072,C=CC(O*)C(=O)NCCCCOC(=O)*,C=CC(O[*])C(=O)NCCCCOC(=O)[*],[*]OC(=O)OCCCCNC(=O)C([*])C=C,6.91e-05,-4.1605219526258015,1,-4.196113586425781
29073,C=CC(O*)C(=O)NC(CC)COC(=O)*,C=CC(O[*])C(=O)NC(CC)COC(=O)[*],[*]OC(=O)OCC(CC)NC(=O)C([*])C=C,9.53e-05,-4.020907099361674,3,-4.204290390014648
29074,C#CCCCCC(=O)NC(CO*)COC(=O)*,C#CCCCCC(=O)NC(CO[*])COC(=O)[*],[*]COC(=O)OCC([*])NC(=O)CCCCC#C,5.53e-05,-4.257274868695302,1,-4.2049641609191895
29075,C=CC(C)(CC(=O)NCC(C)OC(=O)*)O*,C=CC(C)(CC(=O)NCC(C)OC(=O)[*])O[*],[*]CC(=O)NCC(C)OC(=O)OC([*])(C)C=C,7.23e-05,-4.140861702705469,0,-4.268872261047363
29076,CC(C)OCC(COC(=O)*)N(C)CCO*,CC(C)OCC(COC(=O)[*])N(C)CCO[*],[*]COC(=O)OCCN(C)C([*])COC(C)C,8.95e-05,-4.048176964684088,1,-4.1985907554626465
29077,CC(N*)C(C)NCC(CC(F)F)NC(=O)*,CC(N[*])C(C)NCC(CC(F)F)NC(=O)[*],[*]NCC(CC(F)F)NC(=O)NC(C)C([*])C,7.32e-05,-4.135488918941608,1,-4.258670330047607
29078,C=CCNC(=O)NC(CO*)C(C)OC(=O)*,C=CCNC(=O)NC(CO[*])C(C)OC(=O)[*],[*]COC(=O)OC(C)C([*])NC(=O)NCC=C,9.36e-05,-4.028724151261895,2,-4.411816120147705
29079,C=C(COC(=O)*)C(=O)NC(C)(C)CO*,C=C(COC(=O)[*])C(=O)NC(C)(C)CO[*],[*]COC(=O)OCC(C)(C)NC(=O)C([*])=C,9.29e-05,-4.031984286006359,3,-4.351761817932129
29080,C=CC(O*)C(=O)NC(CC=CC)COC(=O)*,C=CC(O[*])C(=O)NC(CC=CC)COC(=O)[*],[*]OC(=O)OCC(CC=CC)NC(=O)C([*])C=C,8.09e-05,-4.092051478387727,1,-4.38069486618042
29081,C=CC(C)(OC(=O)*)C(=O)NC(C)CO*,C=CC(C)(OC(=O)[*])C(=O)NC(C)CO[*],[*]OC(=O)OCC(C)NC(=O)C([*])(C)C=C,5.38e-05,-4.269217724333611,0,-4.278061389923096
29082,CC#CC(=O)NCC(C)(CO*)COC(=O)*,CC#CC(=O)NCC(C)(CO[*])COC(=O)[*],[*]COC(=O)OCC([*])(C)CNC(=O)C#CC,3e-05,-4.522878745280337,3,-4.472650527954102
29083,C=CC(CO*)NC(=O)C(CC)COC(=O)*,C=CC(CO[*])NC(=O)C(CC)COC(=O)[*],[*]COC(=O)OCC(CC)C(=O)NC([*])C=C,3.89e-05,-4.410050398674293,3,-4.199052333831787
29084,CCC(C(=O)NC(C)CO*)C(C)OC(=O)*,CCC(C(=O)NC(C)CO[*])C(C)OC(=O)[*],[*]C(=O)NC(C)COC(=O)OC(C)C([*])CC,7.06e-05,-4.151195298948196,3,-4.433270454406738
29085,C=CCCNC(CN*)CNC(=O)*,C=CCCNC(CN[*])CNC(=O)[*],[*]CNC(=O)NCC([*])NCCC=C,7.64e-05,-4.11690664142431,0,-4.113304615020752
29086,CC(N(C)C(=O)COC(=O)*)C(C)(C)O*,CC(N(C)C(=O)COC(=O)[*])C(C)(C)O[*],[*]C(C)C(C)(C)OC(=O)OCC(=O)N([*])C,3.52e-05,-4.453457336521869,3,-4.43363094329834
29087,CCCC(CCNC(C)C(C)O*)OC(=O)*,CCCC(CCNC(C)C(C)O[*])OC(=O)[*],[*]CCNC(C)C(C)OC(=O)OC([*])CCC,6.04e-05,-4.218963061378868,3,-4.327816009521484
29088,CC(C)NC(=O)NC(CO*)C(C)OC(=O)*,CC(C)NC(=O)NC(CO[*])C(C)OC(=O)[*],[*]COC(=O)OC(C)C([*])NC(=O)NC(C)C,3.35e-05,-4.474955192963154,1,-4.436245441436768
29089,CC(CCNC(=O)CCCN*)NC(=O)*,CC(CCNC(=O)CCCN[*])NC(=O)[*],[*]CCNC(=O)CCCNC(=O)NC([*])C,8.93e-05,-4.049148541111453,0,-4.085155963897705
29090,CC(CO*)(COC(=O)*)CSCC(=O)O,CC(CO[*])(COC(=O)[*])CSCC(=O)O,[*]COC(=O)OCC([*])(C)CSCC(=O)O,2.74e-05,-4.562249437179612,2,-4.383087158203125
29091,CN(CCCN*)C(=O)CC(C)(C)NC(=O)*,CN(CCCN[*])C(=O)CC(C)(C)NC(=O)[*],[*]CCCNC(=O)NC(C)(C)CC(=O)N([*])C,3.23e-05,-4.490797477668897,0,-4.347646713256836
29092,C=CC(C)(OC(=O)*)C(=O)NCCCO*,C=CC(C)(OC(=O)[*])C(=O)NCCCO[*],[*]OC(=O)OCCCNC(=O)C([*])(C)C=C,6.64e-05,-4.1778319206319825,3,-4.205030918121338
29093,C#CCC(CO*)NC(=O)C(C)(C)COC(=O)*,C#CCC(CO[*])NC(=O)C(C)(C)COC(=O)[*],[*]COC(=O)OCC(C)(C)C(=O)NC([*])CC#C,6.4e-05,-4.1938200260161125,3,-4.35309362411499
29094,C#CCN(CCCOC(=O)*)CCO*,C#CCN(CCCOC(=O)[*])CCO[*],[*]CCCOC(=O)OCCN([*])CC#C,0.000121,-3.9172146296835497,2,-3.897843360900879
29095,CCN(CC(O*)C(C)OC(=O)*)C(C)(C)C,CCN(CC(O[*])C(C)OC(=O)[*])C(C)(C)C,[*]OC(=O)OC(C)C([*])CN(CC)C(C)(C)C,2.09e-05,-4.679853713888946,2,-4.629064559936523
29096,C=CC(O*)C(=O)NOCC(C)(C)OC(=O)*,C=CC(O[*])C(=O)NOCC(C)(C)OC(=O)[*],[*]OC(=O)OC(C)(C)CONC(=O)C([*])C=C,0.000102,-3.9913998282380825,0,-4.17255973815918
29097,C=CC(OC(=O)*)C(=O)OCCCCO*,C=CC(OC(=O)[*])C(=O)OCCCCO[*],[*]OC(=O)OCCCCOC(=O)C([*])C=C,3.64e-05,-4.438898616350944,0,-4.236348628997803
29098,C=CC(OC(=O)*)C(=O)NCCC(C)O*,C=CC(OC(=O)[*])C(=O)NCCC(C)O[*],[*]OC(=O)OC(C)CCNC(=O)C([*])C=C,5.06e-05,-4.295849483160201,1,-4.278410911560059
29099,CC(C)C(=O)NCC(C)(CO*)COC(=O)*,CC(C)C(=O)NCC(C)(CO[*])COC(=O)[*],[*]COC(=O)OCC([*])(C)CNC(=O)C(C)C,3.28e-05,-4.484126156288321,0,-4.4532036781311035
29100,C=CCC(CNC(=O)C(C=C)O*)COC(=O)*,C=CCC(CNC(=O)C(C=C)O[*])COC(=O)[*],[*]CNC(=O)C(C=C)OC(=O)OCC([*])CC=C,5.7e-05,-4.2441251443275085,2,-4.266865253448486
29101,CC(OC(=O)*)C(=O)NCCC(C)(C)CO*,CC(OC(=O)[*])C(=O)NCCC(C)(C)CO[*],[*]OC(=O)OCC(C)(C)CCNC(=O)C([*])C,2.24e-05,-4.649751981665837,1,-4.3343963623046875
29102,C=CC(CO*)NCCCCOC(=O)*,C=CC(CO[*])NCCCCOC(=O)[*],[*]COC(=O)OCCCCNC([*])C=C,0.000143,-3.844663962534938,2,-4.090571880340576
29103,C=CC(O*)C(=O)NC(COC(=O)*)C(C)C,C=CC(O[*])C(=O)NC(COC(=O)[*])C(C)C,[*]OC(=O)OCC(NC(=O)C([*])C=C)C(C)C,4.76e-05,-4.3223930472795065,1,-4.426321029663086
29104,CCC(CC)NC(CC)(COC(=O)*)N*,CCC(CC)NC(CC)(COC(=O)[*])N[*],[*]COC(=O)NC([*])(CC)NC(CC)CC,3.54e-05,-4.450996737974212,0,-4.58685827255249
29105,C=CC(COC(=O)*)NC(=O)CC(C)(C)O*,C=CC(COC(=O)[*])NC(=O)CC(C)(C)O[*],[*]COC(=O)OC(C)(C)CC(=O)NC([*])C=C,4.78e-05,-4.320572103387881,0,-4.217963218688965
29106,CC(CC(=O)NC(C)C(C)(C)O*)NC(=O)*,CC(CC(=O)NC(C)C(C)(C)O[*])NC(=O)[*],[*]CC(=O)NC(C)C(C)(C)OC(=O)NC([*])C,3.37e-05,-4.4723700991286615,2,-4.382323741912842
29107,CCCC(CC(=O)NCC#CCOC(=O)*)O*,CCCC(CC(=O)NCC#CCOC(=O)[*])O[*],[*]CC(=O)NCC#CCOC(=O)OC([*])CCC,5.53e-05,-4.257274868695302,1,-4.302740573883057
29108,C#CCC(COC(=O)*)NCC(CC)O*,C#CCC(COC(=O)[*])NCC(CC)O[*],[*]COC(=O)OC(CC)CNC([*])CC#C,9.04e-05,-4.043831569524636,3,-4.211950302124023
29109,C#CCCCNC(CO*)COC(=O)*,C#CCCCNC(CO[*])COC(=O)[*],[*]COC(=O)OCC([*])NCCCC#C,5.39e-05,-4.268411234813262,1,-4.204568386077881
29110,C=CC(C)(O*)C(=O)NCCC(C)OC(=O)*,C=CC(C)(O[*])C(=O)NCCC(C)OC(=O)[*],[*]OC(=O)OC(C)CCNC(=O)C([*])(C)C=C,5.44e-05,-4.2644011003018205,3,-4.29149866104126
29111,C#CCCCN(CCO*)CCOC(=O)*,C#CCCCN(CCO[*])CCOC(=O)[*],[*]CCOC(=O)OCCN([*])CCCC#C,0.000101,-3.9956786262173574,0,-4.134890079498291
29112,CCC(N*)C(=O)NC(C)CCCNC(=O)*,CCC(N[*])C(=O)NC(C)CCCNC(=O)[*],[*]NC(=O)NCCCC(C)NC(=O)C([*])CC,6.62e-05,-4.1791420105603,3,-4.473921775817871
29113,C=CC(O*)C(=O)NCC(C)(CC)OC(=O)*,C=CC(O[*])C(=O)NCC(C)(CC)OC(=O)[*],[*]OC(=O)OC(C)(CC)CNC(=O)C([*])C=C,6.49e-05,-4.187755303199631,1,-4.3900017738342285
29114,CC(CNC(=O)CC(C)(C)NC(=O)*)N*,CC(CNC(=O)CC(C)(C)NC(=O)[*])N[*],[*]CNC(=O)CC(C)(C)NC(=O)NC([*])C,5.18e-05,-4.285670240254767,3,-4.406269073486328
29115,C#CC(CO*)NCC(CNC(=O)*)C(C)C,C#CC(CO[*])NCC(CNC(=O)[*])C(C)C,[*]COC(=O)NCC(CNC([*])C#C)C(C)C,2.84e-05,-4.546681659952962,3,-4.323628902435303
29116,CC(C)(CCS(=O)(=O)CCO*)OC(=O)*,CC(C)(CCS(=O)(=O)CCO[*])OC(=O)[*],[*]CCS(=O)(=O)CCOC(=O)OC([*])(C)C,6.44e-05,-4.1911141326401875,3,-4.438117027282715
29117,CC(CCNC(=O)C(C)(C)COC(=O)*)O*,CC(CCNC(=O)C(C)(C)COC(=O)[*])O[*],[*]CCNC(=O)C(C)(C)COC(=O)OC([*])C,3.76e-05,-4.424812155072339,1,-4.331778049468994
29118,O=C(*)OCCN(CC(F)F)C(=O)CO*,O=C([*])OCCN(CC(F)F)C(=O)CO[*],[*]OCCN(CC(F)F)C(=O)COC([*])=O,4.91e-05,-4.308918507877031,2,-4.159651279449463
29119,CC(C)CC(=O)NCC(CNC(=O)*)O*,CC(C)CC(=O)NCC(CNC(=O)[*])O[*],[*]CNC(=O)OC([*])CNC(=O)CC(C)C,5.57e-05,-4.2541448048262716,0,-4.317592144012451
29120,CCC(CNC(=O)C(C)O*)OC(=O)*,CCC(CNC(=O)C(C)O[*])OC(=O)[*],[*]CNC(=O)C(C)OC(=O)OC([*])CC,4.23e-05,-4.373659632624958,2,-4.220515251159668
29121,CCCC(CNC(C)(C)CO*)OC(=O)*,CCCC(CNC(C)(C)CO[*])OC(=O)[*],[*]CNC(C)(C)COC(=O)OC([*])CCC,2.67e-05,-4.573488738635425,2,-4.370666980743408
29122,COC(C)CN(CCO*)CC(C)OC(=O)*,COC(C)CN(CCO[*])CC(C)OC(=O)[*],[*]CCOC(=O)OC(C)CN([*])CC(C)OC,6.24e-05,-4.204815410317576,1,-4.039233684539795
29123,CC(C)C(=O)N(C)CC(COC(=O)*)O*,CC(C)C(=O)N(C)CC(COC(=O)[*])O[*],[*]COC(=O)OC([*])CN(C)C(=O)C(C)C,3.2e-05,-4.494850021680094,2,-4.388017177581787
29124,CCCCC(C)NC(COC(=O)*)C(C)O*,CCCCC(C)NC(COC(=O)[*])C(C)O[*],[*]COC(=O)OC(C)C([*])NC(C)CCCC,1.77e-05,-4.752026733638194,3,-4.477385997772217
29125,CCOCC(CNCC(CF)O*)OC(=O)*,CCOCC(CNCC(CF)O[*])OC(=O)[*],[*]CNCC(CF)OC(=O)OC([*])COCC,5.36e-05,-4.27083521030723,0,-4.047281742095947
29126,CCC(CC)C(CNC(=O)COC(=O)*)O*,CCC(CC)C(CNC(=O)COC(=O)[*])O[*],[*]CNC(=O)COC(=O)OC([*])C(CC)CC,4.07e-05,-4.39040559077478,1,-4.490514278411865
29127,CC=C(C)C(=O)NC(C)(CO*)COC(=O)*,CC=C(C)C(=O)NC(C)(CO[*])COC(=O)[*],[*]COC(=O)OCC([*])(C)NC(=O)C(C)=CC,4.46e-05,-4.350665141287858,1,-4.466092586517334
29128,C=CC(O*)C(=O)N(CC)C(C)COC(=O)*,C=CC(O[*])C(=O)N(CC)C(C)COC(=O)[*],[*]OC(=O)OCC(C)N(CC)C(=O)C([*])C=C,4.23e-05,-4.373659632624958,2,-4.399277210235596
29129,CC(C)(CNCC(F)(F)CNC(=O)*)N*,CC(C)(CNCC(F)(F)CNC(=O)[*])N[*],[*]CNCC(F)(F)CNC(=O)NC([*])(C)C,8.12e-05,-4.090443970758825,1,-4.043556213378906
29130,C#CCC(COC(=O)*)NC(=O)C(C=C)O*,C#CCC(COC(=O)[*])NC(=O)C(C=C)O[*],[*]COC(=O)OC(C=C)C(=O)NC([*])CC#C,6.56e-05,-4.1830961606243395,0,-4.3111724853515625
29131,C=CC(C)(O*)C(=O)N(C)CCOC(=O)*,C=CC(C)(O[*])C(=O)N(C)CCOC(=O)[*],[*]OC(=O)OCCN(C)C(=O)C([*])(C)C=C,3.55e-05,-4.449771646944906,1,-4.352837085723877
29132,COCC(CN(C)CC(C)NC(=O)*)O*,COCC(CN(C)CC(C)NC(=O)[*])O[*],[*]CN(C)CC(C)NC(=O)OC([*])COC,3.84e-05,-4.4156687756324695,2,-4.100625514984131
29133,CC(C)(CC(=O)NCC#CCO*)OC(=O)*,CC(C)(CC(=O)NCC#CCO[*])OC(=O)[*],[*]CC(=O)NCC#CCOC(=O)OC([*])(C)C,4.12e-05,-4.3851027839668655,0,-4.239365577697754
29134,CCN(CC(OC(=O)*)C(C)(C)O*)C(C)C,CCN(CC(OC(=O)[*])C(C)(C)O[*])C(C)C,[*]OC(=O)OC(C)(C)C([*])CN(CC)C(C)C,2.15e-05,-4.667561540084395,1,-4.503847122192383
29135,C=CC(O*)C(=O)N(CC)CCCOC(=O)*,C=CC(O[*])C(=O)N(CC)CCCOC(=O)[*],[*]OC(=O)OCCCN(CC)C(=O)C([*])C=C,8.85e-05,-4.053056729302175,1,-4.3569111824035645
29136,C=CC(OC(=O)*)C(=O)N(C)CCCO*,C=CC(OC(=O)[*])C(=O)N(C)CCCO[*],[*]OC(=O)OCCCN(C)C(=O)C([*])C=C,5.15e-05,-4.288192770958809,0,-4.297299385070801
29137,C=CC(CO*)NC(=O)C(OC(=O)*)C(C)C,C=CC(CO[*])NC(=O)C(OC(=O)[*])C(C)C,[*]COC(=O)OC(C(=O)NC([*])C=C)C(C)C,6.74e-05,-4.17134010346468,1,-4.456896781921387
29138,C=CCCNC(=O)NC(CO*)COC(=O)*,C=CCCNC(=O)NC(CO[*])COC(=O)[*],[*]COC(=O)OCC([*])NC(=O)NCCC=C,4.64e-05,-4.333482019445119,1,-4.228667736053467
29139,CC(C)(NC(=O)*)C(=O)NCC(F)(F)CN*,CC(C)(NC(=O)[*])C(=O)NCC(F)(F)CN[*],[*]NC(=O)NCC(F)(F)CNC(=O)C([*])(C)C,4.71e-05,-4.326979092871104,2,-4.260191917419434
29140,C=CC(O*)C(=O)NCC(C)CCOC(=O)*,C=CC(O[*])C(=O)NCC(C)CCOC(=O)[*],[*]OC(=O)OCCC(C)CNC(=O)C([*])C=C,7.36e-05,-4.133122185662502,1,-4.222555637359619
29141,CCC(NC(=O)*)C(=O)NCC(N*)C(C)C,CCC(NC(=O)[*])C(=O)NCC(N[*])C(C)C,[*]NC(=O)NC(CNC(=O)C([*])CC)C(C)C,3.82e-05,-4.4179366370882915,3,-4.440500259399414
29142,C#CCCC(CNC(=O)C(C=C)OC(=O)*)O*,C#CCCC(CNC(=O)C(C=C)OC(=O)[*])O[*],[*]CNC(=O)C(C=C)OC(=O)OC([*])CCC#C,6.3e-05,-4.200659450546418,3,-4.37495231628418
29143,CC(F)(F)C(=O)NCC(CO*)OC(=O)*,CC(F)(F)C(=O)NCC(CO[*])OC(=O)[*],[*]COC(=O)OC([*])CNC(=O)C(C)(F)F,9.67e-05,-4.014573525916998,2,-4.193046569824219
29144,CSCCNC(=O)CC(CNC(=O)*)O*,CSCCNC(=O)CC(CNC(=O)[*])O[*],[*]CNC(=O)OC([*])CC(=O)NCCSC,5.35e-05,-4.2716462179787715,0,-4.22893762588501
29145,COCC(C)(COC(=O)*)NCCCCO*,COCC(C)(COC(=O)[*])NCCCCO[*],[*]COC(=O)OCCCCNC([*])(C)COC,6.36e-05,-4.196542884351586,0,-4.138810157775879
29146,C#CCCCCNCC(CO*)OC(=O)*,C#CCCCCNCC(CO[*])OC(=O)[*],[*]COC(=O)OC([*])CNCCCCC#C,3.83e-05,-4.416801226031377,2,-4.116752624511719
29147,CC(C)(CNC(=O)C(C)(C)COC(=O)*)O*,CC(C)(CNC(=O)C(C)(C)COC(=O)[*])O[*],[*]CNC(=O)C(C)(C)COC(=O)OC([*])(C)C,3.98e-05,-4.400116927926312,3,-4.35905122756958
29148,CC(C)(CCNC(=O)COC(=O)*)CO*,CC(C)(CCNC(=O)COC(=O)[*])CO[*],[*]CCNC(=O)COC(=O)OCC([*])(C)C,9.19e-05,-4.036684488613889,1,-4.316267490386963
29149,CSCC(C)(CNC(=O)CO*)OC(=O)*,CSCC(C)(CNC(=O)CO[*])OC(=O)[*],[*]CNC(=O)COC(=O)OC([*])(C)CSC,4.8e-05,-4.318758762624412,1,-4.199427604675293
29150,CCN(C(=O)CC(CNC(=O)*)O*)C(C)C,CCN(C(=O)CC(CNC(=O)[*])O[*])C(C)C,[*]CNC(=O)OC([*])CC(=O)N(CC)C(C)C,3.52e-05,-4.453457336521869,2,-4.4498372077941895
29151,CC(CN*)CNC(=O)CCCNC(=O)*,CC(CN[*])CNC(=O)CCCNC(=O)[*],[*]CNC(=O)CCCNC(=O)NCC([*])C,7.48e-05,-4.126098402135539,1,-4.2211833000183105
29152,CC(C)C(O*)C(=O)NCCCOC(=O)*,CC(C)C(O[*])C(=O)NCCCOC(=O)[*],[*]OC(=O)OCCCNC(=O)C([*])C(C)C,5.63e-05,-4.249491605148654,0,-4.222024440765381
29153,CCCC(CNC(=O)COC(=O)*)O*,CCCC(CNC(=O)COC(=O)[*])O[*],[*]CNC(=O)COC(=O)OC([*])CCC,7.01e-05,-4.154281982033341,2,-4.182523250579834
29154,CCC(CNC(=O)C(C)(C)COC(=O)*)O*,CCC(CNC(=O)C(C)(C)COC(=O)[*])O[*],[*]CNC(=O)C(C)(C)COC(=O)OC([*])CC,6.18e-05,-4.209011524911184,3,-4.311487674713135
29155,CCN(C(=O)C(C)O*)C(C)COC(=O)*,CCN(C(=O)C(C)O[*])C(C)COC(=O)[*],[*]C(=O)C(C)OC(=O)OCC(C)N([*])CC,3.38e-05,-4.471083299722345,1,-4.551657676696777
29156,CCC(NC(=O)*)C(=O)NC(C)C(C)(C)O*,CCC(NC(=O)[*])C(=O)NC(C)C(C)(C)O[*],[*]NC(=O)OC(C)(C)C(C)NC(=O)C([*])CC,4.76e-05,-4.3223930472795065,1,-4.452322959899902
29157,C=CC(OC(=O)*)C(=O)OCCC(C)O*,C=CC(OC(=O)[*])C(=O)OCCC(C)O[*],[*]OC(=O)OC(C)CCOC(=O)C([*])C=C,3.03e-05,-4.518557371497695,2,-4.327733993530273
29158,CC#CCC(CO*)NC(=O)C(C)OC(=O)*,CC#CCC(CO[*])NC(=O)C(C)OC(=O)[*],[*]COC(=O)OC(C)C(=O)NC([*])CC#CC,4.2e-05,-4.376750709602099,3,-4.298642635345459
29159,CCC(C)C(CNC(=O)CCN*)OC(=O)*,CCC(C)C(CNC(=O)CCN[*])OC(=O)[*],[*]CNC(=O)CCNC(=O)OC([*])C(C)CC,3.13e-05,-4.504455662453552,1,-4.391907215118408
29160,CCCN(CC)C(=O)CC(CNC(=O)*)O*,CCCN(CC)C(=O)CC(CNC(=O)[*])O[*],[*]CNC(=O)OC([*])CC(=O)N(CC)CCC,4.17e-05,-4.379863945026242,2,-4.365943431854248
29161,CCC(CNC(COC(=O)*)CN(C)C)O*,CCC(CNC(COC(=O)[*])CN(C)C)O[*],[*]CNC(COC(=O)OC([*])CC)CN(C)C,8.59e-05,-4.066006836168758,3,-4.156067371368408
29162,CC(NCC(CN(C)C)OC(=O)*)C(C)O*,CC(NCC(CN(C)C)OC(=O)[*])C(C)O[*],[*]NCC(CN(C)C)OC(=O)OC(C)C([*])C,4.68e-05,-4.329754146925876,1,-4.362758159637451
29163,C=CCOC(=O)NC(CO*)COC(=O)*,C=CCOC(=O)NC(CO[*])COC(=O)[*],[*]COC(=O)OCC([*])NC(=O)OCC=C,3.34e-05,-4.476253533188435,1,-4.256237506866455
29164,CC(C)CNC(=O)NC(CO*)COC(=O)*,CC(C)CNC(=O)NC(CO[*])COC(=O)[*],[*]COC(=O)OCC([*])NC(=O)NCC(C)C,5.43e-05,-4.265200170411153,0,-4.29672384262085
29165,CC(C)(C#N)C(=O)NCC(CO*)OC(=O)*,CC(C)(C#N)C(=O)NCC(CO[*])OC(=O)[*],[*]COC(=O)OC([*])CNC(=O)C(C)(C)C#N,4.49e-05,-4.347753658996677,3,-4.250680923461914
29166,CC(C)N(CCOC(=O)*)CC(CC#N)O*,CC(C)N(CCOC(=O)[*])CC(CC#N)O[*],[*]CCOC(=O)OC(CC#N)CN([*])C(C)C,2.61e-05,-4.583359492661719,0,-4.306423664093018
29167,COC(C)CN(C)CC(COC(=O)*)O*,COC(C)CN(C)CC(COC(=O)[*])O[*],[*]COC(=O)OC([*])CN(C)CC(C)OC,0.000122,-3.9136401693252516,0,-4.076241493225098
29168,CC(C)CC(=O)N(C)CC(COC(=O)*)O*,CC(C)CC(=O)N(C)CC(COC(=O)[*])O[*],[*]COC(=O)OC([*])CN(C)C(=O)CC(C)C,4.71e-05,-4.326979092871104,2,-4.364464282989502
29169,C=CC(O*)C(=O)NC(CC)C(C)OC(=O)*,C=CC(O[*])C(=O)NC(CC)C(C)OC(=O)[*],[*]OC(=O)OC(C)C(CC)NC(=O)C([*])C=C,5.74e-05,-4.241088107602026,2,-4.358859062194824
29170,C=CC(O*)C(=O)NCC(C)COC(=O)*,C=CC(O[*])C(=O)NCC(C)COC(=O)[*],[*]OC(=O)OCC(C)CNC(=O)C([*])C=C,4.31e-05,-4.3655227298392685,0,-4.258400917053223
29171,CC(C#N)CN(C)CC(COC(=O)*)O*,CC(C#N)CN(C)CC(COC(=O)[*])O[*],[*]COC(=O)OC([*])CN(C)CC(C)C#N,9.45e-05,-4.024568191490737,2,-4.156432628631592
29172,CCCC(O*)C(COC(=O)*)NC(C)C,CCCC(O[*])C(COC(=O)[*])NC(C)C,[*]OC(=O)OCC(NC(C)C)C([*])CCC,1.74e-05,-4.7594507517174005,2,-4.383821487426758
29173,CC(C)(CNCC(CF)OC(=O)*)O*,CC(C)(CNCC(CF)OC(=O)[*])O[*],[*]CNCC(CF)OC(=O)OC([*])(C)C,4.21e-05,-4.375717904164332,3,-4.385333061218262
29174,CN(CC(C)(C)N*)C(=O)CCNC(=O)*,CN(CC(C)(C)N[*])C(=O)CCNC(=O)[*],[*]CC(C)(C)NC(=O)NCCC(=O)N([*])C,7.15e-05,-4.145693958198919,1,-4.4236345291137695
29175,CC(C)(COC(=O)*)C(=O)NCC#CCO*,CC(C)(COC(=O)[*])C(=O)NCC#CCO[*],[*]COC(=O)OCC#CCNC(=O)C([*])(C)C,3.2e-05,-4.494850021680094,1,-4.318902015686035
29176,CSCC(CNC(C)COC(=O)*)O*,CSCC(CNC(C)COC(=O)[*])O[*],[*]CNC(C)COC(=O)OC([*])CSC,5.58e-05,-4.253365801062421,3,-4.129474639892578
29177,CCOCC(C)N(CCO*)CCOC(=O)*,CCOCC(C)N(CCO[*])CCOC(=O)[*],[*]CCOC(=O)OCCN([*])C(C)COCC,8.26e-05,-4.083019952679618,2,-4.006846904754639
29178,CC(=O)CN(CC(C)OC(=O)*)C(C)CO*,CC(=O)CN(CC(C)OC(=O)[*])C(C)CO[*],[*]CC(C)OC(=O)OCC(C)N([*])CC(C)=O,8.51e-05,-4.070070439915412,0,-4.360309600830078
29179,C#CCCC(CNCC(C)OC(=O)*)O*,C#CCCC(CNCC(C)OC(=O)[*])O[*],[*]CNCC(C)OC(=O)OC([*])CCC#C,4.78e-05,-4.320572103387881,2,-4.230952739715576
29180,CC(C)C(C)(O*)C(=O)NCC#CCOC(=O)*,CC(C)C(C)(O[*])C(=O)NCC#CCOC(=O)[*],[*]OC(=O)OCC#CCNC(=O)C([*])(C)C(C)C,4.1e-05,-4.3872161432802645,0,-4.353104591369629
29181,C#CCC(CO*)NC(=O)C(CC)COC(=O)*,C#CCC(CO[*])NC(=O)C(CC)COC(=O)[*],[*]COC(=O)OCC(CC)C(=O)NC([*])CC#C,4.93e-05,-4.30715308072277,1,-4.3879876136779785
29182,CCOCC(CN(C)CC(C)NC(=O)*)O*,CCOCC(CN(C)CC(C)NC(=O)[*])O[*],[*]CN(C)CC(C)NC(=O)OC([*])COCC,8.17e-05,-4.087777943467585,3,-4.310759544372559
29183,CC(CCOC(=O)*)CNC(=O)C(C)(C)O*,CC(CCOC(=O)[*])CNC(=O)C(C)(C)O[*],[*]CCOC(=O)OC(C)(C)C(=O)NCC([*])C,6.04e-05,-4.218963061378868,0,-4.360951900482178
29184,C=CCC(CNC(=O)COC(=O)*)CO*,C=CCC(CNC(=O)COC(=O)[*])CO[*],[*]CNC(=O)COC(=O)OCC([*])CC=C,0.00011,-3.958607314841775,2,-4.131618022918701
29185,CC(C)C(C)(CNC(=O)COC(=O)*)O*,CC(C)C(C)(CNC(=O)COC(=O)[*])O[*],[*]CNC(=O)COC(=O)OC([*])(C)C(C)C,2.32e-05,-4.634512015109101,0,-4.535547733306885
29186,C#CCCCNC(=O)CC(CN*)OC(=O)*,C#CCCCNC(=O)CC(CN[*])OC(=O)[*],[*]CNC(=O)OC([*])CC(=O)NCCCC#C,8.04e-05,-4.094743951251549,3,-4.2948174476623535
29187,C=CCCN(CCN*)CCOC(=O)*,C=CCCN(CCN[*])CCOC(=O)[*],[*]CCNC(=O)OCCN([*])CCC=C,8.51e-05,-4.070070439915412,1,-4.046891212463379
29188,C#CCC(COC(=O)*)NC(=O)C(O*)C(C)C,C#CCC(COC(=O)[*])NC(=O)C(O[*])C(C)C,[*]COC(=O)OC(C(=O)NC([*])CC#C)C(C)C,4.84e-05,-4.315154638355588,2,-4.457436561584473
29189,C=CC(OC(=O)*)C(=O)NCC(O*)C(C)C,C=CC(OC(=O)[*])C(=O)NCC(O[*])C(C)C,[*]OC(=O)OC(CNC(=O)C([*])C=C)C(C)C,3.94e-05,-4.404503778174426,0,-4.457331657409668
29190,O=C(*)NCCC(NC(=O)CCN*)C(F)F,O=C([*])NCCC(NC(=O)CCN[*])C(F)F,[*]CCNC(=O)NCCC(NC([*])=O)C(F)F,6.88e-05,-4.162411561764489,2,-4.25088357925415
29191,CC(C)(C)C(CNC(=O)*)NC(=O)CN*,CC(C)(C)C(CNC(=O)[*])NC(=O)CN[*],[*]CNC(=O)NCC(=O)NC([*])C(C)(C)C,2.76e-05,-4.559090917934783,2,-4.330409049987793
29193,C#CCCCNCC(CO*)OC(=O)*,C#CCCCNCC(CO[*])OC(=O)[*],[*]COC(=O)OC([*])CNCCCC#C,8.53e-05,-4.069050968832477,3,-4.090244770050049
29194,CCOCCC(CNC(C)CO*)OC(=O)*,CCOCCC(CNC(C)CO[*])OC(=O)[*],[*]CNC(C)COC(=O)OC([*])CCOCC,0.000196,-3.707743928643524,1,-4.064615249633789
29195,C=CC(C)(O*)C(=O)NCC=CCOC(=O)*,C=CC(C)(O[*])C(=O)NCC=CCOC(=O)[*],[*]OC(=O)OCC=CCNC(=O)C([*])(C)C=C,7.42e-05,-4.129596094720973,0,-4.252692222595215
29196,CC(COC(=O)*)NCC(C)(O*)C(F)F,CC(COC(=O)[*])NCC(C)(O[*])C(F)F,[*]COC(=O)OC(C)(CNC([*])C)C(F)F,6.14e-05,-4.211831628858833,1,-4.2630181312561035
29197,C#CCC(C)(C)C(=O)NC(CO*)COC(=O)*,C#CCC(C)(C)C(=O)NC(CO[*])COC(=O)[*],[*]COC(=O)OCC([*])NC(=O)C(C)(C)CC#C,1.91e-05,-4.718966632752273,0,-4.232054710388184
29198,CC(CNC(=O)*)C(=O)NCC(F)(F)CN*,CC(CNC(=O)[*])C(=O)NCC(F)(F)CN[*],[*]CNC(=O)NCC(F)(F)CNC(=O)C([*])C,6.79e-05,-4.168130225719499,0,-4.325453281402588
29199,CNC(=O)N(CC(C)O*)C(C)COC(=O)*,CNC(=O)N(CC(C)O[*])C(C)COC(=O)[*],[*]CC(C)OC(=O)OCC(C)N([*])C(=O)NC,3.44e-05,-4.46344155742847,0,-4.46240234375
29200,CC(CN(CC#N)CCO*)OC(=O)*,CC(CN(CC#N)CCO[*])OC(=O)[*],[*]CN(CC#N)CCOC(=O)OC([*])C,9.65e-05,-4.015472686656207,3,-4.0754852294921875
29201,CC(CCN(C)CC(CC#N)O*)OC(=O)*,CC(CCN(C)CC(CC#N)O[*])OC(=O)[*],[*]CCN(C)CC(CC#N)OC(=O)OC([*])C,6.72e-05,-4.172630726946175,3,-4.3307271003723145
29202,CC(NCC#CCO*)C(C)OC(=O)*,CC(NCC#CCO[*])C(C)OC(=O)[*],[*]NCC#CCOC(=O)OC(C)C([*])C,4.68e-05,-4.329754146925876,3,-4.321875095367432
29203,C=CC(COC(=O)*)NC(=O)C(C)(C=C)O*,C=CC(COC(=O)[*])NC(=O)C(C)(C=C)O[*],[*]COC(=O)OC(C)(C=C)C(=O)NC([*])C=C,5.08e-05,-4.294136287716081,2,-4.376117706298828
29204,CCC(COC)N(CCO*)CCOC(=O)*,CCC(COC)N(CCO[*])CCOC(=O)[*],[*]CCOC(=O)OCCN([*])C(CC)COC,8.27e-05,-4.082494490447453,2,-3.9492545127868652
29205,CCCC(=O)NCC(CNC(=O)*)O*,CCCC(=O)NCC(CNC(=O)[*])O[*],[*]CNC(=O)OC([*])CNC(=O)CCC,9.69e-05,-4.013676222949234,2,-4.2122297286987305
29206,C=CC(O*)C(=O)N(C)CCC(C)OC(=O)*,C=CC(O[*])C(=O)N(C)CCC(C)OC(=O)[*],[*]OC(=O)OC(C)CCN(C)C(=O)C([*])C=C,5.85e-05,-4.23284413391782,0,-4.343496322631836
29207,C=CC(O*)C(=O)N(C)CC(C)OC(=O)*,C=CC(O[*])C(=O)N(C)CC(C)OC(=O)[*],[*]OC(=O)OC(C)CN(C)C(=O)C([*])C=C,2.71e-05,-4.567030709125595,2,-4.30294942855835
29208,CCN(CCC#N)C(=O)CC(CN*)OC(=O)*,CCN(CCC#N)C(=O)CC(CN[*])OC(=O)[*],[*]CNC(=O)OC([*])CC(=O)N(CC)CCC#N,0.000101,-3.9956786262173574,0,-4.19633674621582
29209,C=CC(O*)C(=O)NC(C)(CC)COC(=O)*,C=CC(O[*])C(=O)NC(C)(CC)COC(=O)[*],[*]OC(=O)OCC(C)(CC)NC(=O)C([*])C=C,7.14e-05,-4.146301788223826,0,-4.371457099914551
29210,COCCCCN(C)CC(CO*)OC(=O)*,COCCCCN(C)CC(CO[*])OC(=O)[*],[*]COC(=O)OC([*])CN(C)CCCCOC,0.000154,-3.812479279163537,0,-3.9696900844573975
29211,CC(C)(C#N)CC(CNCCOC(=O)*)O*,CC(C)(C#N)CC(CNCCOC(=O)[*])O[*],[*]CNCCOC(=O)OC([*])CC(C)(C)C#N,6.18e-05,-4.209011524911184,2,-4.303442001342773
29212,CCC(CNC(=O)C(C)(C)N*)NC(=O)*,CCC(CNC(=O)C(C)(C)N[*])NC(=O)[*],[*]CNC(=O)C(C)(C)NC(=O)NC([*])CC,0.0001,-4.0,2,-4.242624759674072
29213,CC(CCOC(=O)*)N(C)CCO*,CC(CCOC(=O)[*])N(C)CCO[*],[*]CCOC(=O)OCCN(C)C([*])C,7.43e-05,-4.129011186239425,1,-4.086360931396484
29214,CCCCN(C)C(=O)CC(CNC(=O)*)O*,CCCCN(C)C(=O)CC(CNC(=O)[*])O[*],[*]CNC(=O)OC([*])CC(=O)N(C)CCCC,3.45e-05,-4.462180904926726,0,-4.3249688148498535
29215,C=CC(OC(=O)*)C(=O)NCCCCCO*,C=CC(OC(=O)[*])C(=O)NCCCCCO[*],[*]OC(=O)OCCCCCNC(=O)C([*])C=C,6.72e-05,-4.172630726946175,0,-4.115166664123535
29216,C=CC(C)(CC(=O)N(C)CCOC(=O)*)O*,C=CC(C)(CC(=O)N(C)CCOC(=O)[*])O[*],[*]CC(=O)N(C)CCOC(=O)OC([*])(C)C=C,5.7e-05,-4.2441251443275085,3,-4.202645301818848
29217,C=CC(C)(OC(=O)*)C(=O)NCC(CC)O*,C=CC(C)(OC(=O)[*])C(=O)NCC(CC)O[*],[*]OC(=O)OC(CC)CNC(=O)C([*])(C)C=C,7.21e-05,-4.142064735280571,2,-4.373517990112305
29218,CC(CNC(=O)C(C)(C)CO*)OC(=O)*,CC(CNC(=O)C(C)(C)CO[*])OC(=O)[*],[*]CNC(=O)C(C)(C)COC(=O)OC([*])C,8.52e-05,-4.0695604052333,2,-4.323394298553467
29219,CC(C)C(F)C(=O)NC(CO*)COC(=O)*,CC(C)C(F)C(=O)NC(CO[*])COC(=O)[*],[*]COC(=O)OCC([*])NC(=O)C(F)C(C)C,3.55e-05,-4.449771646944906,3,-4.456155776977539
29220,CCC(CN(CCO*)CCOC(=O)*)OC,CCC(CN(CCO[*])CCOC(=O)[*])OC,[*]CCOC(=O)OCCN([*])CC(CC)OC,0.000154,-3.812479279163537,1,-4.114880084991455
29221,C=CC(C)(CC(=O)NCC=CCOC(=O)*)O*,C=CC(C)(CC(=O)NCC=CCOC(=O)[*])O[*],[*]CC(=O)NCC=CCOC(=O)OC([*])(C)C=C,5.18e-05,-4.285670240254767,3,-4.145076751708984
29222,CC(CC(=O)N(C)CCCN*)NC(=O)*,CC(CC(=O)N(C)CCCN[*])NC(=O)[*],[*]CC(=O)N(C)CCCNC(=O)NC([*])C,5.11e-05,-4.291579099865287,2,-4.302875518798828
29223,CCC(CC)(COC(=O)*)C(=O)NCCO*,CCC(CC)(COC(=O)[*])C(=O)NCCO[*],[*]COC(=O)OCCNC(=O)C([*])(CC)CC,3.71e-05,-4.430626090384954,2,-4.4429497718811035
29224,C=C(C)CNC(=O)CC(CNC(=O)*)O*,C=C(C)CNC(=O)CC(CNC(=O)[*])O[*],[*]CNC(=O)OC([*])CC(=O)NCC(=C)C,6.33e-05,-4.198596289982645,1,-4.28362512588501
29225,CCCC(C)C(=O)NCC(CNC(=O)*)O*,CCCC(C)C(=O)NCC(CNC(=O)[*])O[*],[*]CNC(=O)OC([*])CNC(=O)C(C)CCC,7.23e-05,-4.140861702705469,1,-4.405249118804932
29226,C#CCN(C)CC(C)(CO*)COC(=O)*,C#CCN(C)CC(C)(CO[*])COC(=O)[*],[*]COC(=O)OCC([*])(C)CN(C)CC#C,4.45e-05,-4.351639989019068,3,-4.353575706481934
29227,CC(C)(CCN*)NC(=O)CCCNC(=O)*,CC(C)(CCN[*])NC(=O)CCCNC(=O)[*],[*]CCNC(=O)NCCCC(=O)NC([*])(C)C,3.41e-05,-4.467245621007502,2,-4.260409832000732
29228,CC(O*)C(CNC(=O)CCCF)OC(=O)*,CC(O[*])C(CNC(=O)CCCF)OC(=O)[*],[*]OC(=O)OC(CNC(=O)CCCF)C([*])C,6.47e-05,-4.189095719331299,3,-4.4070563316345215
29229,C=C(CO*)C(=O)N(CC)C(C)COC(=O)*,C=C(CO[*])C(=O)N(CC)C(C)COC(=O)[*],[*]COC(=O)OCC(C)N(CC)C(=O)C([*])=C,7.02e-05,-4.153662887870195,1,-4.443498611450195
29230,C=CCN(CC=C)C(=O)CC(CN*)OC(=O)*,C=CCN(CC=C)C(=O)CC(CN[*])OC(=O)[*],[*]CNC(=O)OC([*])CC(=O)N(CC=C)CC=C,7.44e-05,-4.128427064454121,3,-4.4400787353515625
29231,CCC(CC)(CNC(=O)CO*)COC(=O)*,CCC(CC)(CNC(=O)CO[*])COC(=O)[*],[*]CNC(=O)COC(=O)OCC([*])(CC)CC,4.11e-05,-4.386158178123931,3,-4.402889728546143
29232,CC(CNC(=O)CC#N)(CO*)COC(=O)*,CC(CNC(=O)CC#N)(CO[*])COC(=O)[*],[*]COC(=O)OCC([*])(C)CNC(=O)CC#N,3.91e-05,-4.407823242604133,1,-4.4394850730896
29233,CN(CCNC(=O)*)C(=O)CCC(C)(C)N*,CN(CCNC(=O)[*])C(=O)CCC(C)(C)N[*],[*]CCNC(=O)NC(C)(C)CCC(=O)N([*])C,4.88e-05,-4.311580177997289,2,-4.403876304626465
29234,CC(CN*)C(=O)NCC(C)(C)NC(=O)*,CC(CN[*])C(=O)NCC(C)(C)NC(=O)[*],[*]CNC(=O)NC(C)(C)CNC(=O)C([*])C,3.87e-05,-4.412289034981089,0,-4.240890026092529
29235,CC(CNC(=O)C(F)F)(CO*)COC(=O)*,CC(CNC(=O)C(F)F)(CO[*])COC(=O)[*],[*]COC(=O)OCC([*])(C)CNC(=O)C(F)F,4.76e-05,-4.3223930472795065,1,-4.387105464935303
29236,CC(CN(C)C(=O)C(C)(C)COC(=O)*)O*,CC(CN(C)C(=O)C(C)(C)COC(=O)[*])O[*],[*]CN(C)C(=O)C(C)(C)COC(=O)OC([*])C,3.33e-05,-4.47755576649368,0,-4.49522066116333
29237,C=CC(OC(=O)*)C(=O)NC(C)C(C)(C)O*,C=CC(OC(=O)[*])C(=O)NC(C)C(C)(C)O[*],[*]OC(=O)OC(C)(C)C(C)NC(=O)C([*])C=C,4.91e-05,-4.308918507877031,1,-4.462123394012451
29238,CC(C)(C)C(OC(=O)*)C(=O)NCCCO*,CC(C)(C)C(OC(=O)[*])C(=O)NCCCO[*],[*]OC(=O)OCCCNC(=O)C([*])C(C)(C)C,2.75e-05,-4.560667306169737,2,-4.356441020965576
29239,O=C(CCCCOC(=O)*)NCC#CCO*,O=C(CCCCOC(=O)[*])NCC#CCO[*],[*]CCCCOC(=O)OCC#CCNC([*])=O,6.49e-05,-4.187755303199631,0,-4.1504387855529785
29240,CC(C)C(OC(=O)*)C(=O)NCC#CCO*,CC(C)C(OC(=O)[*])C(=O)NCC#CCO[*],[*]OC(=O)OCC#CCNC(=O)C([*])C(C)C,3.78e-05,-4.422508200162775,1,-4.318235874176025
29241,CCN(C)C(=O)CC(CNC(=O)*)O*,CCN(C)C(=O)CC(CNC(=O)[*])O[*],[*]CNC(=O)OC([*])CC(=O)N(C)CC,5.79e-05,-4.2373214362725635,1,-4.336305618286133
29242,CN(CC(CO*)OC(=O)*)C(=O)C(F)F,CN(CC(CO[*])OC(=O)[*])C(=O)C(F)F,[*]COC(=O)OC([*])CN(C)C(=O)C(F)F,3.31e-05,-4.480172006224281,1,-4.286920070648193
29243,CC(CNC(=O)CCCNC(=O)*)N*,CC(CNC(=O)CCCNC(=O)[*])N[*],[*]CNC(=O)CCCNC(=O)NC([*])C,4e-05,-4.3979400086720375,3,-4.257077217102051
29244,C=CC(C)(OC(=O)*)C(=O)N(C)CCCO*,C=CC(C)(OC(=O)[*])C(=O)N(C)CCCO[*],[*]OC(=O)OCCCN(C)C(=O)C([*])(C)C=C,2.41e-05,-4.617982957425132,0,-4.296045303344727
29245,C=C(CO*)C(=O)N(C)C(C)CCOC(=O)*,C=C(CO[*])C(=O)N(C)C(C)CCOC(=O)[*],[*]COC(=O)OCCC(C)N(C)C(=O)C([*])=C,5.98e-05,-4.223298816011589,3,-4.375365734100342
29246,CCC(O*)C(=O)OCC(C)COC(=O)*,CCC(O[*])C(=O)OCC(C)COC(=O)[*],[*]OC(=O)OCC(C)COC(=O)C([*])CC,3.41e-05,-4.467245621007502,3,-4.326120376586914
29247,CN(CC(COC(=O)*)O*)C(=O)C(C)(F)F,CN(CC(COC(=O)[*])O[*])C(=O)C(C)(F)F,[*]COC(=O)OC([*])CN(C)C(=O)C(C)(F)F,6.34e-05,-4.1979107421182675,1,-4.430313587188721
29248,CC(CC(C)(C)CNC(=O)CNC(=O)*)O*,CC(CC(C)(C)CNC(=O)CNC(=O)[*])O[*],[*]CC(C)(C)CNC(=O)CNC(=O)OC([*])C,5.11e-05,-4.291579099865287,2,-4.4608235359191895
29249,CSCCC(O*)C(=O)NCCOC(=O)*,CSCCC(O[*])C(=O)NCCOC(=O)[*],[*]OC(=O)OCCNC(=O)C([*])CCSC,7.53e-05,-4.123205023799299,2,-4.139922618865967
29250,CC(CNCCO*)(OC(=O)*)C(F)F,CC(CNCCO[*])(OC(=O)[*])C(F)F,[*]CNCCOC(=O)OC([*])(C)C(F)F,5.15e-05,-4.288192770958809,2,-4.1229166984558105
29251,CCC(CO*)C(=O)NCCC(C)OC(=O)*,CCC(CO[*])C(=O)NCCC(C)OC(=O)[*],[*]COC(=O)OC(C)CCNC(=O)C([*])CC,2.75e-05,-4.560667306169737,3,-4.247341156005859
29252,CC=CC=CC(=O)N(C)CC(CO*)OC(=O)*,CC=CC=CC(=O)N(C)CC(CO[*])OC(=O)[*],[*]COC(=O)OC([*])CN(C)C(=O)C=CC=CC,2.53e-05,-4.5968794788241825,3,-4.391627311706543
29253,CC(C)CC(CNC(=O)*)NC(=O)CCN*,CC(C)CC(CNC(=O)[*])NC(=O)CCN[*],[*]CNC(=O)NCCC(=O)NC([*])CC(C)C,5.17e-05,-4.286509456906058,0,-4.349938869476318
29254,CC(C)(CCCNC(=O)COC(=O)*)CO*,CC(C)(CCCNC(=O)COC(=O)[*])CO[*],[*]CCCNC(=O)COC(=O)OCC([*])(C)C,5.38e-05,-4.269217724333611,1,-4.289690971374512
29255,CCCC(C)(N*)C(=O)NCC(C)NC(=O)*,CCCC(C)(N[*])C(=O)NCC(C)NC(=O)[*],[*]NC(=O)NC(C)CNC(=O)C([*])(C)CCC,4.91e-05,-4.308918507877031,2,-4.516210556030273
29256,CCC(=O)NCC(C)(CO*)COC(=O)*,CCC(=O)NCC(C)(CO[*])COC(=O)[*],[*]COC(=O)OCC([*])(C)CNC(=O)CC,2.8e-05,-4.552841968657781,3,-4.349921226501465
29257,CC(CN*)CNC(=O)CCCCNC(=O)*,CC(CN[*])CNC(=O)CCCCNC(=O)[*],[*]CNC(=O)CCCCNC(=O)NCC([*])C,8.12e-05,-4.090443970758825,3,-4.287562370300293
29258,C=C(COC(=O)*)C(=O)NCC(CC)O*,C=C(COC(=O)[*])C(=O)NCC(CC)O[*],[*]COC(=O)OC(CC)CNC(=O)C([*])=C,9.24e-05,-4.0343280287798935,0,-4.301004886627197
29259,CCN(CCOC(=O)*)C(=O)CC(C)(C)O*,CCN(CCOC(=O)[*])C(=O)CC(C)(C)O[*],[*]CCOC(=O)OC(C)(C)CC(=O)N([*])CC,5.01e-05,-4.300162274132754,3,-4.461028575897217
29260,N#CCCCC(NC(=O)*)C(=O)NCCCO*,N#CCCCC(NC(=O)[*])C(=O)NCCCO[*],[*]NC(=O)OCCCNC(=O)C([*])CCCC#N,7.29e-05,-4.137272471682025,3,-4.361659049987793
29261,CC(N*)C(C)C(=O)NC(C)(C)CNC(=O)*,CC(N[*])C(C)C(=O)NC(C)(C)CNC(=O)[*],[*]NC(=O)NCC(C)(C)NC(=O)C(C)C([*])C,3.27e-05,-4.485452247339714,2,-4.470755577087402
29262,CN(CCNC(=O)*)CC(C)(C)N*,CN(CCNC(=O)[*])CC(C)(C)N[*],[*]CCNC(=O)NC(C)(C)CN([*])C,6.49e-05,-4.187755303199631,0,-4.208902835845947
29263,CC(CCNC(=O)C(C)(C)CNC(=O)*)N*,CC(CCNC(=O)C(C)(C)CNC(=O)[*])N[*],[*]CCNC(=O)C(C)(C)CNC(=O)NC([*])C,3.4e-05,-4.468521082957745,0,-4.405930042266846
29264,CCC(CO*)C(=O)NCC(C)(C)OC(=O)*,CCC(CO[*])C(=O)NCC(C)(C)OC(=O)[*],[*]COC(=O)OC(C)(C)CNC(=O)C([*])CC,5.62e-05,-4.250263684430939,3,-4.283501148223877
29265,CC(CCN*)NC(=O)CC(C)(C)NC(=O)*,CC(CCN[*])NC(=O)CC(C)(C)NC(=O)[*],[*]CCNC(=O)NC(C)(C)CC(=O)NC([*])C,6.54e-05,-4.184422251675732,3,-4.317527770996094
29266,CCCCC(=O)N(C)CC(COC(=O)*)O*,CCCCC(=O)N(C)CC(COC(=O)[*])O[*],[*]COC(=O)OC([*])CN(C)C(=O)CCCC,4.15e-05,-4.3819519032879075,1,-4.314402103424072
29267,CC(COC(=O)*)CS(=O)(=O)CCO*,CC(COC(=O)[*])CS(=O)(=O)CCO[*],[*]COC(=O)OCCS(=O)(=O)CC([*])C,4.72e-05,-4.3260580013659125,2,-4.236823558807373
29268,CC(C)CC(NC(=O)*)C(=O)NCC#CCO*,CC(C)CC(NC(=O)[*])C(=O)NCC#CCO[*],[*]NC(=O)OCC#CCNC(=O)C([*])CC(C)C,3.04e-05,-4.517126416391246,2,-4.396729469299316
29269,COCC(CN(C)C(C)CCOC(=O)*)O*,COCC(CN(C)C(C)CCOC(=O)[*])O[*],[*]CN(C)C(C)CCOC(=O)OC([*])COC,8.56e-05,-4.0675262353228465,1,-4.0440545082092285
29270,C=CCC(C)NC(=O)CC(CN*)OC(=O)*,C=CCC(C)NC(=O)CC(CN[*])OC(=O)[*],[*]CNC(=O)OC([*])CC(=O)NC(C)CC=C,5.35e-05,-4.2716462179787715,3,-4.332142353057861
29271,CCC(C)(C)C(=O)NCC(CN*)OC(=O)*,CCC(C)(C)C(=O)NCC(CN[*])OC(=O)[*],[*]CNC(=O)OC([*])CNC(=O)C(C)(C)CC,5.24e-05,-4.280668713016273,0,-4.393584251403809
29272,CC(C)(CCOC(=O)*)CNC(=O)CO*,CC(C)(CCOC(=O)[*])CNC(=O)CO[*],[*]CCOC(=O)OCC(=O)NCC([*])(C)C,6.87e-05,-4.16304326294045,1,-4.29939603805542
29273,CC(C)(F)C(=O)NC(CO*)COC(=O)*,CC(C)(F)C(=O)NC(CO[*])COC(=O)[*],[*]COC(=O)OCC([*])NC(=O)C(C)(C)F,6.02e-05,-4.220403508742176,2,-4.353028297424316
29274,CC(C)(C)CC(=O)NCC(CNC(=O)*)O*,CC(C)(C)CC(=O)NCC(CNC(=O)[*])O[*],[*]CNC(=O)OC([*])CNC(=O)CC(C)(C)C,6.32e-05,-4.199282921717615,0,-4.169775009155273
29275,CC(=O)CN(CCCO*)CCOC(=O)*,CC(=O)CN(CCCO[*])CCOC(=O)[*],[*]CCCOC(=O)OCCN([*])CC(C)=O,0.000146,-3.835647144215563,1,-3.938398599624634
29276,CCC(CO*)N(C)C(=O)C(C)OC(=O)*,CCC(CO[*])N(C)C(=O)C(C)OC(=O)[*],[*]COC(=O)OC(C)C(=O)N(C)C([*])CC,4.75e-05,-4.323306390375134,0,-4.4531450271606445
29277,CN(CCO*)C(=O)C(OC(=O)*)C(C)(C)C,CN(CCO[*])C(=O)C(OC(=O)[*])C(C)(C)C,[*]CCOC(=O)OC(C(=O)N([*])C)C(C)(C)C,2e-05,-4.698970004336019,1,-4.481337070465088
29278,CCOC=CC(=O)NC(CO*)COC(=O)*,CCOC=CC(=O)NC(CO[*])COC(=O)[*],[*]COC(=O)OCC([*])NC(=O)C=COCC,6.24e-05,-4.204815410317576,0,-4.210982322692871
29279,C=CC(OC(=O)*)C(=O)N(C)C(CC)CO*,C=CC(OC(=O)[*])C(=O)N(C)C(CC)CO[*],[*]OC(=O)OCC(CC)N(C)C(=O)C([*])C=C,3.63e-05,-4.440093374963888,1,-4.517656326293945
29280,C=CC(C)(C)C(=O)NC(CO*)COC(=O)*,C=CC(C)(C)C(=O)NC(CO[*])COC(=O)[*],[*]COC(=O)OCC([*])NC(=O)C(C)(C)C=C,6.78e-05,-4.168770306132937,1,-4.383593559265137
29281,CCC(CNCC(CF)OC(=O)*)O*,CCC(CNCC(CF)OC(=O)[*])O[*],[*]CNCC(CF)OC(=O)OC([*])CC,5.11e-05,-4.291579099865287,2,-4.155009746551514
29282,CC(CNCCCO*)(OC(=O)*)C(F)F,CC(CNCCCO[*])(OC(=O)[*])C(F)F,[*]CNCCCOC(=O)OC([*])(C)C(F)F,6.43e-05,-4.191789027075778,1,-4.152152061462402
29283,CC(C)(C#N)CNC(=O)CC(CNC(=O)*)O*,CC(C)(C#N)CNC(=O)CC(CNC(=O)[*])O[*],[*]CNC(=O)OC([*])CC(=O)NCC(C)(C)C#N,8.54e-05,-4.068542129310995,1,-4.405755043029785
29284,COCC(O*)C(=O)OCCC(C)OC(=O)*,COCC(O[*])C(=O)OCCC(C)OC(=O)[*],[*]OC(=O)OC(C)CCOC(=O)C([*])COC,3.76e-05,-4.424812155072339,0,-4.169331073760986
29285,O=C(*)OCCN(CCO*)C(=O)OCCF,O=C([*])OCCN(CCO[*])C(=O)OCCF,[*]OCCN(CCOC([*])=O)C(=O)OCCF,4.63e-05,-4.334419008982047,1,-4.005643844604492
29286,CCSCCNC(CN*)CNC(=O)*,CCSCCNC(CN[*])CNC(=O)[*],[*]CNC(=O)NCC([*])NCCSCC,0.000182,-3.7399286120149253,3,-3.9496378898620605
29287,CN(CCCN*)C(=O)C(C)(C)CNC(=O)*,CN(CCCN[*])C(=O)C(C)(C)CNC(=O)[*],[*]CCCNC(=O)NCC(C)(C)C(=O)N([*])C,3.87e-05,-4.412289034981089,1,-4.469720363616943
29288,CC(C)(CNC(=O)CO*)C(C)(C)OC(=O)*,CC(C)(CNC(=O)CO[*])C(C)(C)OC(=O)[*],[*]CNC(=O)COC(=O)OC(C)(C)C([*])(C)C,2.04e-05,-4.690369832574101,0,-4.508002758026123
29289,CCN(CCNC(=O)*)C(=O)CC(C)N*,CCN(CCNC(=O)[*])C(=O)CC(C)N[*],[*]CCNC(=O)NC(C)CC(=O)N([*])CC,4.18e-05,-4.3788237182249645,2,-4.366050720214844
29290,CCCCN(CCO*)C(=O)COC(=O)*,CCCCN(CCO[*])C(=O)COC(=O)[*],[*]CCOC(=O)OCC(=O)N([*])CCCC,4.52e-05,-4.3448615651886175,1,-4.351970672607422
29291,O=C(CO*)NCCSCCCOC(=O)*,O=C(CO[*])NCCSCCCOC(=O)[*],[*]COC(=O)OCCCSCCNC([*])=O,0.000105,-3.9788107009300617,1,-3.780726671218872
29292,CC(CNC(=O)CCC(C)(C)NC(=O)*)N*,CC(CNC(=O)CCC(C)(C)NC(=O)[*])N[*],[*]CNC(=O)CCC(C)(C)NC(=O)NC([*])C,5.71e-05,-4.243363891754152,3,-4.329676628112793
29293,C[Si](C)(C)CNC(CO*)COC(=O)*,C[Si](C)(C)CNC(CO[*])COC(=O)[*],[*]COC(=O)OCC([*])NC[Si](C)(C)C,2.29e-05,-4.640164517660112,1,-4.598936080932617
29294,O=C(*)OCC(CO*)NCCCCF,O=C([*])OCC(CO[*])NCCCCF,[*]OCC(COC([*])=O)NCCCCF,7.39e-05,-4.131355561605174,1,-4.086785793304443
29295,C=CC(CO*)NC(C)CCOC(=O)*,C=CC(CO[*])NC(C)CCOC(=O)[*],[*]COC(=O)OCCC(C)NC([*])C=C,0.000119,-3.9244530386074694,0,-4.08720588684082
29296,CC(C)C(C)(OC(=O)*)C(=O)OCCO*,CC(C)C(C)(OC(=O)[*])C(=O)OCCO[*],[*]OC(=O)OCCOC(=O)C([*])(C)C(C)C,3.89e-05,-4.410050398674293,3,-4.385382652282715
29297,CC(O*)C(=O)N(C)C(C)C(C)(C)OC(=O)*,CC(O[*])C(=O)N(C)C(C)C(C)(C)OC(=O)[*],[*]OC(=O)OC(C)(C)C(C)N(C)C(=O)C([*])C,4.5e-05,-4.346787486224656,0,-4.587738990783691
29298,CCC(COC(=O)*)NC(=O)C(C)(C)CO*,CCC(COC(=O)[*])NC(=O)C(C)(C)CO[*],[*]COC(=O)OCC(C)(C)C(=O)NC([*])CC,4.12e-05,-4.3851027839668655,1,-4.318822383880615
29299,CC(C)(CCC(=O)NOCCO*)OC(=O)*,CC(C)(CCC(=O)NOCCO[*])OC(=O)[*],[*]CCC(=O)NOCCOC(=O)OC([*])(C)C,6.38e-05,-4.195179321278838,3,-4.228387832641602
29300,CC(CCNC(=O)*)NC(=O)CCCN*,CC(CCNC(=O)[*])NC(=O)CCCN[*],[*]CCNC(=O)NCCCC(=O)NC([*])C,4.84e-05,-4.315154638355588,0,-4.193521499633789
29301,CN(CCOC(=O)*)C(=O)CC(C)(C)O*,CN(CCOC(=O)[*])C(=O)CC(C)(C)O[*],[*]CCOC(=O)OC(C)(C)CC(=O)N([*])C,2.57e-05,-4.590066876668706,2,-4.407830238342285
29302,C=CCCCNC(=O)CC(CNC(=O)*)O*,C=CCCCNC(=O)CC(CNC(=O)[*])O[*],[*]CNC(=O)OC([*])CC(=O)NCCCC=C,5.49e-05,-4.260427655549908,1,-4.235821723937988
29303,CCOCC(CN(C)C(C)CN*)OC(=O)*,CCOCC(CN(C)C(C)CN[*])OC(=O)[*],[*]CN(C)C(C)CNC(=O)OC([*])COCC,9.6e-05,-4.017728766960432,2,-4.126422882080078
29304,CC(C)(C)C(CO*)NC(=O)CNC(=O)*,CC(C)(C)C(CO[*])NC(=O)CNC(=O)[*],[*]COC(=O)NCC(=O)NC([*])C(C)(C)C,3.2e-05,-4.494850021680094,0,-4.562840938568115
29305,CCCCS(=O)(=O)CC(CO*)OC(=O)*,CCCCS(=O)(=O)CC(CO[*])OC(=O)[*],[*]COC(=O)OC([*])CS(=O)(=O)CCCC,7.81e-05,-4.1073489661227,1,-4.385509967803955
29306,CC(CC(=O)N(C)CCN*)NC(=O)*,CC(CC(=O)N(C)CCN[*])NC(=O)[*],[*]CC(=O)N(C)CCNC(=O)NC([*])C,6.04e-05,-4.218963061378868,3,-4.272495269775391
29307,CN(CCO*)C(=O)CCC(C)(C)OC(=O)*,CN(CCO[*])C(=O)CCC(C)(C)OC(=O)[*],[*]CCOC(=O)OC(C)(C)CCC(=O)N([*])C,3.97e-05,-4.401209493236885,1,-4.433737277984619
29308,CC(O*)C(=O)NC(CCOC(=O)*)C(C)C,CC(O[*])C(=O)NC(CCOC(=O)[*])C(C)C,[*]OC(=O)OCCC(NC(=O)C([*])C)C(C)C,4.84e-05,-4.315154638355588,3,-4.392579555511475
29309,CCC(NCC(COC)O*)C(C)OC(=O)*,CCC(NCC(COC)O[*])C(C)OC(=O)[*],[*]NCC(COC)OC(=O)OC(C)C([*])CC,6.34e-05,-4.1979107421182675,2,-4.158771514892578
29310,CC(CO*)(COC(=O)*)NC(=O)CCCF,CC(CO[*])(COC(=O)[*])NC(=O)CCCF,[*]COC(=O)OCC([*])(C)NC(=O)CCCF,5.76e-05,-4.239577516576788,0,-4.356947898864746
29311,COCC(C)(CO*)NCC(C)COC(=O)*,COCC(C)(CO[*])NCC(C)COC(=O)[*],[*]COC(=O)OCC(C)CNC([*])(C)COC,5.8e-05,-4.236572006437063,1,-4.278554916381836
29312,CCN(CCNC(=O)*)C(=O)NCC(C)N*,CCN(CCNC(=O)[*])C(=O)NCC(C)N[*],[*]CCNC(=O)NC(C)CNC(=O)N([*])CC,3.07e-05,-4.512861624522814,3,-4.297080039978027
29313,CCC(NC(=O)CO*)C(C)(C)OC(=O)*,CCC(NC(=O)CO[*])C(C)(C)OC(=O)[*],[*]NC(=O)COC(=O)OC(C)(C)C([*])CC,4.76e-05,-4.3223930472795065,0,-4.418644905090332
29314,CC(C)(CC(=O)NOCCOC(=O)*)O*,CC(C)(CC(=O)NOCCOC(=O)[*])O[*],[*]CC(=O)NOCCOC(=O)OC([*])(C)C,4.84e-05,-4.315154638355588,3,-4.192956447601318
29315,CC(C)(CC(=O)NC(C)(C)CN*)NC(=O)*,CC(C)(CC(=O)NC(C)(C)CN[*])NC(=O)[*],[*]CNC(=O)NC(C)(C)CC(=O)NC([*])(C)C,3.74e-05,-4.42712839779952,2,-4.293920993804932
29316,COCC(CNCC=CCOC(=O)*)O*,COCC(CNCC=CCOC(=O)[*])O[*],[*]CNCC=CCOC(=O)OC([*])COC,8.38e-05,-4.076755981369724,0,-3.967824935913086
29317,O=C(*)OCCN(CC=CCl)CCN*,O=C([*])OCCN(CC=CCl)CCN[*],[*]NCCN(CC=CCl)CCOC([*])=O,9.42e-05,-4.025949097207123,0,-4.232802867889404
29318,CCC(CC)(CN*)NC(=O)CNC(=O)*,CCC(CC)(CN[*])NC(=O)CNC(=O)[*],[*]CNC(=O)NCC(=O)NC([*])(CC)CC,3.53e-05,-4.452225294612178,1,-4.478427886962891
29319,CCC(CCOC(=O)*)CNC(=O)CO*,CCC(CCOC(=O)[*])CNC(=O)CO[*],[*]CCOC(=O)OCC(=O)NCC([*])CC,4.97e-05,-4.303643611266668,1,-4.233821868896484
29320,CCC(CNC(=O)CCCCN*)NC(=O)*,CCC(CNC(=O)CCCCN[*])NC(=O)[*],[*]CNC(=O)CCCCNC(=O)NC([*])CC,4.96e-05,-4.304518323509803,1,-4.181916236877441
29321,CCC(NC(=O)*)C(=O)N(CC)CCN*,CCC(NC(=O)[*])C(=O)N(CC)CCN[*],[*]NC(=O)NCCN(CC)C(=O)C([*])CC,3.32e-05,-4.478861916295964,0,-4.332301139831543
29323,CC(N*)C(=O)N(C)CC(C)(C)NC(=O)*,CC(N[*])C(=O)N(C)CC(C)(C)NC(=O)[*],[*]NC(=O)NC(C)(C)CN(C)C(=O)C([*])C,2.34e-05,-4.6307841425898575,2,-4.455445289611816
29324,CCN(CCNC(=O)*)C(=O)C(C)N*,CCN(CCNC(=O)[*])C(=O)C(C)N[*],[*]CCNC(=O)NC(C)C(=O)N([*])CC,4.4e-05,-4.356547323513813,2,-4.425249099731445
29325,CC(C)(C)CC(COC(=O)*)NC(=O)CO*,CC(C)(C)CC(COC(=O)[*])NC(=O)CO[*],[*]COC(=O)OCC(=O)NC([*])CC(C)(C)C,5.93e-05,-4.226945306635737,1,-4.39412260055542
29326,CC(C)C(CNC(=O)C(C)(C)N*)NC(=O)*,CC(C)C(CNC(=O)C(C)(C)N[*])NC(=O)[*],[*]CNC(=O)C(C)(C)NC(=O)NC([*])C(C)C,4.67e-05,-4.330683119433888,0,-4.468061447143555
29327,CC(C)(CNC(=O)C(C)(C)OC(=O)*)CO*,CC(C)(CNC(=O)C(C)(C)OC(=O)[*])CO[*],[*]CNC(=O)C(C)(C)OC(=O)OCC([*])(C)C,4.5e-05,-4.346787486224656,0,-4.396613597869873
29328,CCC(C)C(CNC(=O)C(C)N*)OC(=O)*,CCC(C)C(CNC(=O)C(C)N[*])OC(=O)[*],[*]CNC(=O)C(C)NC(=O)OC([*])C(C)CC,2.5e-05,-4.6020599913279625,3,-4.5461554527282715
29329,CC(CNC(=O)CN*)CC(C)OC(=O)*,CC(CNC(=O)CN[*])CC(C)OC(=O)[*],[*]CNC(=O)CNC(=O)OC(C)CC([*])C,4.43e-05,-4.3535962737769305,0,-4.310408115386963
29330,CC(NC(=O)*)C(C)C(=O)NCC(C)(C)N*,CC(NC(=O)[*])C(C)C(=O)NCC(C)(C)N[*],[*]NC(=O)NC(C)(C)CNC(=O)C(C)C([*])C,3.83e-05,-4.416801226031377,3,-4.408820152282715
29331,CCCC(CCO*)NC(=O)COC(=O)*,CCCC(CCO[*])NC(=O)COC(=O)[*],[*]CCOC(=O)OCC(=O)NC([*])CCC,6.9e-05,-4.161150909262744,0,-4.294096946716309
29332,CCCOC(=O)NC(COC(=O)*)C(C)O*,CCCOC(=O)NC(COC(=O)[*])C(C)O[*],[*]COC(=O)OC(C)C([*])NC(=O)OCCC,2.75e-05,-4.560667306169737,2,-4.361929893493652
29333,CC(C)CC(CO*)NC(=O)C(C)OC(=O)*,CC(C)CC(CO[*])NC(=O)C(C)OC(=O)[*],[*]COC(=O)OC(C)C(=O)NC([*])CC(C)C,4.03e-05,-4.394694953858891,1,-4.470166206359863
29334,CC(C)(CCCN*)NC(=O)CCNC(=O)*,CC(C)(CCCN[*])NC(=O)CCNC(=O)[*],[*]CCCNC(=O)NCCC(=O)NC([*])(C)C,3.51e-05,-4.454692883534176,1,-4.257223129272461
29335,CC(C)(CNC(=O)*)NC(=O)CCCCN*,CC(C)(CNC(=O)[*])NC(=O)CCCCN[*],[*]CNC(=O)NCCCCC(=O)NC([*])(C)C,5.2e-05,-4.2839966563652006,0,-4.3921732902526855
29336,CC(C)C(CNC(=O)CCNC(=O)*)CO*,CC(C)C(CNC(=O)CCNC(=O)[*])CO[*],[*]CNC(=O)CCNC(=O)OCC([*])C(C)C,4.18e-05,-4.3788237182249645,3,-4.356856822967529
29337,CCC(CNC(=O)CCN*)NC(=O)*,CCC(CNC(=O)CCN[*])NC(=O)[*],[*]CNC(=O)CCNC(=O)NC([*])CC,0.000103,-3.987162775294828,3,-4.251743793487549
29338,CCN(CCN*)C(=O)CC(C)(C)NC(=O)*,CCN(CCN[*])C(=O)CC(C)(C)NC(=O)[*],[*]CCNC(=O)NC(C)(C)CC(=O)N([*])CC,5.88e-05,-4.230622673923862,3,-4.45073127746582
29339,CC(C)C(C)NC(=O)CC(CNC(=O)*)O*,CC(C)C(C)NC(=O)CC(CNC(=O)[*])O[*],[*]CNC(=O)OC([*])CC(=O)NC(C)C(C)C,6.43e-05,-4.191789027075778,0,-4.54196310043335
29340,CC(C)C(C(=O)NCCN*)C(C)NC(=O)*,CC(C)C(C(=O)NCCN[*])C(C)NC(=O)[*],[*]C(=O)NCCNC(=O)NC(C)C([*])C(C)C,4.85e-05,-4.314258261397736,3,-4.4913129806518555
29341,CC(CC(C)OC(=O)*)NC(=O)C(C)O*,CC(CC(C)OC(=O)[*])NC(=O)C(C)O[*],[*]CC(C)OC(=O)OC(C)C(=O)NC([*])C,5.23e-05,-4.281498311132726,3,-4.3984694480896
29342,CC(NC(=O)*)C(=O)NC(CN*)C(C)(C)C,CC(NC(=O)[*])C(=O)NC(CN[*])C(C)(C)C,[*]NC(=O)NCC(NC(=O)C([*])C)C(C)(C)C,2.75e-05,-4.560667306169737,2,-4.522252082824707
29343,CN(C(=O)CC(CNC(=O)*)O*)C(C)(C)C,CN(C(=O)CC(CNC(=O)[*])O[*])C(C)(C)C,[*]CNC(=O)OC([*])CC(=O)N(C)C(C)(C)C,2.16e-05,-4.665546248849069,1,-4.440813064575195
29344,CCC(CNC(=O)C(CC)CO*)OC(=O)*,CCC(CNC(=O)C(CC)CO[*])OC(=O)[*],[*]CNC(=O)C(CC)COC(=O)OC([*])CC,4.54e-05,-4.342944147142896,1,-4.386544227600098
29345,CC(CNC(CO*)CC(F)F)OC(=O)*,CC(CNC(CO[*])CC(F)F)OC(=O)[*],[*]CNC(COC(=O)OC([*])C)CC(F)F,7.4e-05,-4.130768280269024,3,-4.305643558502197
29346,CC(C)CCNC(CN*)CNC(=O)*,CC(C)CCNC(CN[*])CNC(=O)[*],[*]CNC(=O)NCC([*])NCCC(C)C,7.59e-05,-4.11975822410452,2,-4.19994592666626
29347,CC(C)(CC(=O)NCC(C)(C)NC(=O)*)N*,CC(C)(CC(=O)NCC(C)(C)NC(=O)[*])N[*],[*]CNC(=O)CC(C)(C)NC(=O)NC([*])(C)C,3.33e-05,-4.47755576649368,2,-4.255366325378418
29348,CC(C)C(C)(OC(=O)*)C(=O)NOCCO*,CC(C)C(C)(OC(=O)[*])C(=O)NOCCO[*],[*]OC(=O)OCCONC(=O)C([*])(C)C(C)C,2.04e-05,-4.690369832574101,3,-4.324062824249268
29349,COCCC(C)N(C)CC(CN*)OC(=O)*,COCCC(C)N(C)CC(CN[*])OC(=O)[*],[*]CNC(=O)OC([*])CN(C)C(C)CCOC,6.3e-05,-4.200659450546418,2,-4.192307949066162
29350,CC(C)(CNC(=O)*)CC(=O)NCCCO*,CC(C)(CNC(=O)[*])CC(=O)NCCCO[*],[*]CNC(=O)OCCCNC(=O)CC([*])(C)C,4.16e-05,-4.380906669373258,0,-4.317117691040039
29351,CCC(CNC(=O)NCCNC(=O)*)O*,CCC(CNC(=O)NCCNC(=O)[*])O[*],[*]CNC(=O)NCCNC(=O)OC([*])CC,5.57e-05,-4.2541448048262716,2,-4.215177059173584
29352,CCN(CCNC(=O)*)C(=O)CCCN*,CCN(CCNC(=O)[*])C(=O)CCCN[*],[*]CCNC(=O)NCCCC(=O)N([*])CC,4.71e-05,-4.326979092871104,2,-4.2765631675720215
29353,CC(NC(=O)*)C(C)C(=O)N(C)C(C)CN*,CC(NC(=O)[*])C(C)C(=O)N(C)C(C)CN[*],[*]NC(=O)NCC(C)N(C)C(=O)C(C)C([*])C,5.41e-05,-4.266802734893431,1,-4.4754509925842285
29354,CC(C)(CCNC(=O)*)NC(=O)CCN*,CC(C)(CCNC(=O)[*])NC(=O)CCN[*],[*]CCNC(=O)NCCC(=O)NC([*])(C)C,6e-05,-4.221848749616356,3,-4.259288787841797
29356,CCCC(C)(OC(=O)*)C(=O)NCC#CCO*,CCCC(C)(OC(=O)[*])C(=O)NCC#CCO[*],[*]OC(=O)OCC#CCNC(=O)C([*])(C)CCC,6.4e-05,-4.1938200260161125,2,-4.364332675933838
29357,CCC(CNC(C)(COC)COC(=O)*)O*,CCC(CNC(C)(COC)COC(=O)[*])O[*],[*]CNC(C)(COC)COC(=O)OC([*])CC,5.14e-05,-4.289036881004725,1,-4.306885719299316
29358,CC(CCN*)NC(=O)C(C)(C)CNC(=O)*,CC(CCN[*])NC(=O)C(C)(C)CNC(=O)[*],[*]CCNC(=O)NCC(C)(C)C(=O)NC([*])C,3.72e-05,-4.429457060118103,0,-4.479715347290039
29359,CCOCC(CNCC=CCO*)OC(=O)*,CCOCC(CNCC=CCO[*])OC(=O)[*],[*]CNCC=CCOC(=O)OC([*])COCC,0.000125,-3.9030899869919438,3,-4.069891452789307
29360,CC(C)(N*)C(=O)NCC=CCOC(=O)*,CC(C)(N[*])C(=O)NCC=CCOC(=O)[*],[*]NC(=O)OCC=CCNC(=O)C([*])(C)C,0.000111,-3.9546770212133424,0,-4.312973499298096
29361,CC(C)(CNC(=O)*)C(=O)NCC=CCO*,CC(C)(CNC(=O)[*])C(=O)NCC=CCO[*],[*]CNC(=O)OCC=CCNC(=O)C([*])(C)C,7.54e-05,-4.122628654130226,0,-4.415813446044922
29362,CCC(CNC(=O)C(C)(C)O*)OC(=O)*,CCC(CNC(=O)C(C)(C)O[*])OC(=O)[*],[*]CNC(=O)C(C)(C)OC(=O)OC([*])CC,5.59e-05,-4.252588192113577,3,-4.250313758850098
29363,CCC(CNC(=O)NCC(C)N*)OC(=O)*,CCC(CNC(=O)NCC(C)N[*])OC(=O)[*],[*]CNC(=O)NCC(C)NC(=O)OC([*])CC,4.33e-05,-4.363512103646634,3,-4.113414287567139
29364,CCN(CCNC(=O)*)C(=O)C(C)C(C)N*,CCN(CCNC(=O)[*])C(=O)C(C)C(C)N[*],[*]CCNC(=O)NC(C)C(C)C(=O)N([*])CC,3.94e-05,-4.404503778174426,1,-4.46495246887207
29365,COC(C)C(C)N(CCO*)CCOC(=O)*,COC(C)C(C)N(CCO[*])CCOC(=O)[*],[*]CCOC(=O)OCCN([*])C(C)C(C)OC,5.39e-05,-4.268411234813262,3,-4.201627731323242
29366,CC(C)(C)C(CNC(=O)*)NC(=O)CCN*,CC(C)(C)C(CNC(=O)[*])NC(=O)CCN[*],[*]CNC(=O)NCCC(=O)NC([*])C(C)(C)C,4.05e-05,-4.392544976785332,3,-4.349568843841553
29368,CCC(N*)C(=O)NCC=CCOC(=O)*,CCC(N[*])C(=O)NCC=CCOC(=O)[*],[*]NC(=O)OCC=CCNC(=O)C([*])CC,8.01e-05,-4.096367483915762,2,-4.417587757110596
29370,CC(C)C(CNCC(CF)O*)OC(=O)*,CC(C)C(CNCC(CF)O[*])OC(=O)[*],[*]CNCC(CF)OC(=O)OC([*])C(C)C,4.39e-05,-4.357535479757878,3,-4.432260990142822
29371,CC(NC(=O)CC(CNC(=O)*)O*)C(F)F,CC(NC(=O)CC(CNC(=O)[*])O[*])C(F)F,[*]CNC(=O)OC([*])CC(=O)NC(C)C(F)F,8.39e-05,-4.0762380391713,0,-4.278811454772949
29372,CCC=C(F)C(=O)NC(CO*)COC(=O)*,CCC=C(F)C(=O)NC(CO[*])COC(=O)[*],[*]COC(=O)OCC([*])NC(=O)C(F)=CCC,6.69e-05,-4.174573882232177,2,-4.378861427307129
29373,CCC(C)=CC(=O)NC(CO*)COC(=O)*,CCC(C)=CC(=O)NC(CO[*])COC(=O)[*],[*]COC(=O)OCC([*])NC(=O)C=C(C)CC,5.06e-05,-4.295849483160201,3,-4.433076858520508
29374,CC(F)(F)CNC(=O)CC(CNC(=O)*)O*,CC(F)(F)CNC(=O)CC(CNC(=O)[*])O[*],[*]CNC(=O)OC([*])CC(=O)NCC(C)(F)F,7.71e-05,-4.112945621949043,3,-4.297416687011719
29376,CC(O*)C(=O)N(C)C(C)CCOC(=O)*,CC(O[*])C(=O)N(C)C(C)CCOC(=O)[*],[*]OC(=O)OCCC(C)N(C)C(=O)C([*])C,5.1e-05,-4.292429823902063,2,-4.469557285308838
29377,CC(CCO*)NCC=CCOC(=O)*,CC(CCO[*])NCC=CCOC(=O)[*],[*]CCOC(=O)OCC=CCNC([*])C,0.00014,-3.853871964321762,0,-4.09858512878418
29378,CC(F)(F)C(=O)N(CCN*)CCOC(=O)*,CC(F)(F)C(=O)N(CCN[*])CCOC(=O)[*],[*]CCNC(=O)OCCN([*])C(=O)C(C)(F)F,6.66e-05,-4.176525770829699,0,-4.203226566314697
29379,CC(C)CCC(=O)NCC(CNC(=O)*)O*,CC(C)CCC(=O)NCC(CNC(=O)[*])O[*],[*]CNC(=O)OC([*])CNC(=O)CCC(C)C,3.4e-05,-4.468521082957745,3,-4.270016193389893
29380,CC(CCNC(=O)NC(C)CO*)NC(=O)*,CC(CCNC(=O)NC(C)CO[*])NC(=O)[*],[*]COC(=O)NC(C)CCNC(=O)NC([*])C,7.4e-05,-4.130768280269024,3,-4.231276988983154
29381,CCC(CNC(=O)CC(C)N*)NC(=O)*,CCC(CNC(=O)CC(C)N[*])NC(=O)[*],[*]CNC(=O)CC(C)NC(=O)NC([*])CC,5.01e-05,-4.300162274132754,3,-4.202998638153076
29382,CCN(CCN*)C(=O)C(C)CNC(=O)*,CCN(CCN[*])C(=O)C(C)CNC(=O)[*],[*]CCNC(=O)NCC(C)C(=O)N([*])CC,6.14e-05,-4.211831628858833,0,-4.35444450378418
29383,CC(C)CCNC(=O)CC(CNC(=O)*)O*,CC(C)CCNC(=O)CC(CNC(=O)[*])O[*],[*]CNC(=O)OC([*])CC(=O)NCCC(C)C,4.36e-05,-4.360513510731414,0,-4.377876281738281
29384,CC(CNCC(C)(OC(=O)*)C(F)F)O*,CC(CNCC(C)(OC(=O)[*])C(F)F)O[*],[*]CNCC(C)(OC(=O)OC([*])C)C(F)F,8.84e-05,-4.053547734986927,0,-4.114468097686768
29385,CC(CC(C)NC(=O)NCCNC(=O)*)N*,CC(CC(C)NC(=O)NCCNC(=O)[*])N[*],[*]CC(C)NC(=O)NCCNC(=O)NC([*])C,6.13e-05,-4.212539525481585,2,-4.354499816894531
29386,CC(CN(C)C(=O)CC(C)(C)N*)NC(=O)*,CC(CN(C)C(=O)CC(C)(C)N[*])NC(=O)[*],[*]CN(C)C(=O)CC(C)(C)NC(=O)NC([*])C,4.05e-05,-4.392544976785332,2,-4.3558454513549805
29388,CC(OC(=O)*)C(=O)NC(CCF)CO*,CC(OC(=O)[*])C(=O)NC(CCF)CO[*],[*]OC(=O)OCC(CCF)NC(=O)C([*])C,3.61e-05,-4.442492798094342,2,-4.380581378936768
29389,CN(CCCF)CC(COC(=O)*)O*,CN(CCCF)CC(COC(=O)[*])O[*],[*]COC(=O)OC([*])CN(C)CCCF,4.86e-05,-4.313363730737707,0,-4.275834560394287
29390,CC(C)(CN*)CC(=O)NCCNC(=O)*,CC(C)(CN[*])CC(=O)NCCNC(=O)[*],[*]CNC(=O)NCCNC(=O)CC([*])(C)C,6.24e-05,-4.204815410317576,2,-4.292848587036133
29391,CCN(CCN*)C(=O)CCNC(=O)*,CCN(CCN[*])C(=O)CCNC(=O)[*],[*]CCNC(=O)NCCC(=O)N([*])CC,4.58e-05,-4.33913452199613,1,-4.175551414489746
29392,CC(CCNC(=O)N(C)CCN*)NC(=O)*,CC(CCNC(=O)N(C)CCN[*])NC(=O)[*],[*]CCNC(=O)N(C)CCNC(=O)NC([*])C,5.08e-05,-4.294136287716081,2,-4.21312141418457
29393,CC(C)CCC(COC(=O)*)NC(=O)CO*,CC(C)CCC(COC(=O)[*])NC(=O)CO[*],[*]COC(=O)OCC(=O)NC([*])CCC(C)C,4.62e-05,-4.335358024443875,0,-4.227252960205078
29394,COCC(C)(CO*)NCCCOC(=O)*,COCC(C)(CO[*])NCCCOC(=O)[*],[*]COC(=O)OCCCNC([*])(C)COC,0.000123,-3.910094888560602,3,-4.263086795806885
29395,CN(CCN*)C(=O)CC(C)(C)NC(=O)*,CN(CCN[*])C(=O)CC(C)(C)NC(=O)[*],[*]CCNC(=O)NC(C)(C)CC(=O)N([*])C,3.17e-05,-4.498940737782249,1,-4.457198619842529
29396,CCC(CNC(=O)NC(C)CNC(=O)*)O*,CCC(CNC(=O)NC(C)CNC(=O)[*])O[*],[*]CNC(=O)NC(C)CNC(=O)OC([*])CC,5.48e-05,-4.261219441515631,1,-4.21560001373291
29397,CCC(CC)(CN(C)C(=O)COC(=O)*)O*,CCC(CC)(CN(C)C(=O)COC(=O)[*])O[*],[*]CN(C)C(=O)COC(=O)OC([*])(CC)CC,4.18e-05,-4.3788237182249645,0,-4.566570281982422
29398,CCN(CCN*)CC(C)NC(=O)*,CCN(CCN[*])CC(C)NC(=O)[*],[*]CCNC(=O)NC(C)CN([*])CC,0.000132,-3.87942606879415,2,-4.1479010581970215
29399,CC(CCONC(=N)CCO*)OC(=O)*,CC(CCONC(=N)CCO[*])OC(=O)[*],[*]CCONC(=N)CCOC(=O)OC([*])C,5.79e-05,-4.2373214362725635,1,-4.110859394073486
29400,CC(CC(C)NC(=O)CC(C)NC(=O)*)N*,CC(CC(C)NC(=O)CC(C)NC(=O)[*])N[*],[*]CC(C)NC(=O)NC(C)CC(=O)NC([*])C,3.63e-05,-4.440093374963888,1,-4.377463340759277
29401,CC(NC(=O)*)C(=O)NC(C)(C)CCN*,CC(NC(=O)[*])C(=O)NC(C)(C)CCN[*],[*]NC(=O)NCCC(C)(C)NC(=O)C([*])C,3.29e-05,-4.482804102050026,3,-4.329765796661377
29402,CC(CC(C)NC(=O)C(C)N*)NC(=O)*,CC(CC(C)NC(=O)C(C)N[*])NC(=O)[*],[*]CC(C)NC(=O)C(C)NC(=O)NC([*])C,4.18e-05,-4.3788237182249645,1,-4.4130988121032715
29403,CCC(NC(=O)COC(=O)*)C(O*)C(C)C,CCC(NC(=O)COC(=O)[*])C(O[*])C(C)C,[*]NC(=O)COC(=O)OC(C(C)C)C([*])CC,3.93e-05,-4.405607449624573,2,-4.465930938720703
29404,CCC(NC(=O)*)C(=O)N(C)CC(C)(C)N*,CCC(NC(=O)[*])C(=O)N(C)CC(C)(C)N[*],[*]NC(=O)NC(C)(C)CN(C)C(=O)C([*])CC,5.94e-05,-4.2262135550188065,2,-4.5394816398620605
29405,CCC(C)(O*)C(=O)NCC=CCOC(=O)*,CCC(C)(O[*])C(=O)NCC=CCOC(=O)[*],[*]OC(=O)OCC=CCNC(=O)C([*])(C)CC,4.87e-05,-4.3124710387853655,0,-4.343228816986084
29406,CC(CN(C)C(=O)C(C)(C)NC(=O)*)N*,CC(CN(C)C(=O)C(C)(C)NC(=O)[*])N[*],[*]CN(C)C(=O)C(C)(C)NC(=O)NC([*])C,5.07e-05,-4.294992040666664,1,-4.4101243019104
29408,CNCC(C)(CN(C)CC(C)N*)OC(=O)*,CNCC(C)(CN(C)CC(C)N[*])OC(=O)[*],[*]CN(C)CC(C)NC(=O)OC([*])(C)CNC,3.98e-05,-4.400116927926312,2,-4.284743785858154
29409,CC(CCNC(=O)NCC(C)OC(=O)*)N*,CC(CCNC(=O)NCC(C)OC(=O)[*])N[*],[*]CCNC(=O)NCC(C)OC(=O)NC([*])C,5.55e-05,-4.255707016877324,0,-4.202298164367676
29410,CCCCNC(CN*)CNC(=O)*,CCCCNC(CN[*])CNC(=O)[*],[*]CNC(=O)NCC([*])NCCCC,7.67e-05,-4.115204636051019,2,-4.201329231262207
29411,CC(C)(C)CC(CNC(=O)CO*)OC(=O)*,CC(C)(C)CC(CNC(=O)CO[*])OC(=O)[*],[*]CNC(=O)COC(=O)OC([*])CC(C)(C)C,4.19e-05,-4.377785977033705,3,-4.325164318084717
29412,CC(C)(OC(=O)*)C(=O)NC(CCF)CO*,CC(C)(OC(=O)[*])C(=O)NC(CCF)CO[*],[*]OC(=O)OCC(CCF)NC(=O)C([*])(C)C,4.68e-05,-4.329754146925876,2,-4.4259748458862305
29413,CCN(CC(COC(=O)*)O*)C(C)C(=O)O,CCN(CC(COC(=O)[*])O[*])C(C)C(=O)O,[*]COC(=O)OC([*])CN(CC)C(C)C(=O)O,2.76e-05,-4.559090917934783,3,-4.454668045043945
29414,CC(C)(CC(=O)O)NCC(CO*)OC(=O)*,CC(C)(CC(=O)O)NCC(CO[*])OC(=O)[*],[*]COC(=O)OC([*])CNC(C)(C)CC(=O)O,2.03e-05,-4.692503962086787,2,-4.350933074951172
29415,CC(CN*)C(=O)NCC=CCOC(=O)*,CC(CN[*])C(=O)NCC=CCOC(=O)[*],[*]CNC(=O)OCC=CCNC(=O)C([*])C,7.94e-05,-4.100179497572904,0,-4.226537704467773
29416,CC(C)C(OC(=O)*)C(=O)NCC=CCO*,CC(C)C(OC(=O)[*])C(=O)NCC=CCO[*],[*]OC(=O)OCC=CCNC(=O)C([*])C(C)C,8.28e-05,-4.08196966321512,0,-4.387691974639893
29417,CCC(F)(F)C(=O)NC(CO*)COC(=O)*,CCC(F)(F)C(=O)NC(CO[*])COC(=O)[*],[*]COC(=O)OCC([*])NC(=O)C(F)(F)CC,4.49e-05,-4.347753658996677,1,-4.354696273803711
29418,CC(CN(C)C(=O)NC(C)CNC(=O)*)N*,CC(CN(C)C(=O)NC(C)CNC(=O)[*])N[*],[*]CN(C)C(=O)NC(C)CNC(=O)NC([*])C,6.63e-05,-4.178486471595227,1,-4.2906036376953125
29419,CC(CCN(C)C(=O)CO*)OC(=O)*,CC(CCN(C)C(=O)CO[*])OC(=O)[*],[*]CCN(C)C(=O)COC(=O)OC([*])C,5.31e-05,-4.274905478918531,1,-4.385119915008545
29420,CC(CC(=O)NCC=CCOC(=O)*)N*,CC(CC(=O)NCC=CCOC(=O)[*])N[*],[*]CC(=O)NCC=CCOC(=O)NC([*])C,4.16e-05,-4.380906669373258,1,-4.169869422912598
29421,CCCC(OC(=O)*)C(=O)N(C)CC(C)O*,CCCC(OC(=O)[*])C(=O)N(C)CC(C)O[*],[*]OC(=O)OC(C)CN(C)C(=O)C([*])CCC,4.25e-05,-4.371611069949688,3,-4.457668781280518
29423,CCC(CNC(=O)C(CC)NC(=O)*)N*,CCC(CNC(=O)C(CC)NC(=O)[*])N[*],[*]CNC(=O)C(CC)NC(=O)NC([*])CC,4.65e-05,-4.3325470471100465,2,-4.35349178314209
29424,CC(C)(C)S(=O)(=O)CC(COC(=O)*)O*,CC(C)(C)S(=O)(=O)CC(COC(=O)[*])O[*],[*]COC(=O)OC([*])CS(=O)(=O)C(C)(C)C,5.99e-05,-4.2225731776106885,0,-4.434922218322754
29425,CC(C)(COC(=O)*)C(=O)NOCCO*,CC(C)(COC(=O)[*])C(=O)NOCCO[*],[*]COC(=O)OCCONC(=O)C([*])(C)C,8.49e-05,-4.071092309756048,0,-4.270303726196289
29426,CC(CN*)C(=O)NC(C)C(C)(C)OC(=O)*,CC(CN[*])C(=O)NC(C)C(C)(C)OC(=O)[*],[*]CNC(=O)OC(C)(C)C(C)NC(=O)C([*])C,3.71e-05,-4.430626090384954,2,-4.328209400177002
29427,CCC(CNC(=O)C(C)N*)NC(=O)*,CCC(CNC(=O)C(C)N[*])NC(=O)[*],[*]CNC(=O)C(C)NC(=O)NC([*])CC,5.07e-05,-4.294992040666664,0,-4.274911880493164
29428,COCC(C)(COC(=O)*)NCC(C)O*,COCC(C)(COC(=O)[*])NCC(C)O[*],[*]COC(=O)OC(C)CNC([*])(C)COC,5.41e-05,-4.266802734893431,1,-4.248459815979004
29429,CC(CN*)NC(=O)N(C)CCCNC(=O)*,CC(CN[*])NC(=O)N(C)CCCNC(=O)[*],[*]CNC(=O)NCCCN(C)C(=O)NC([*])C,4.03e-05,-4.394694953858891,3,-4.293598651885986
29430,CCCN(C)C(=O)CC(CN*)OC(=O)*,CCCN(C)C(=O)CC(CN[*])OC(=O)[*],[*]CNC(=O)OC([*])CC(=O)N(C)CCC,5.7e-05,-4.2441251443275085,0,-4.414631366729736
29432,CCCC(O*)C(=O)NCC=CCOC(=O)*,CCCC(O[*])C(=O)NCC=CCOC(=O)[*],[*]OC(=O)OCC=CCNC(=O)C([*])CCC,7.54e-05,-4.122628654130226,2,-4.3090057373046875
29433,CCC(CNC(=O)C(C)CNC(=O)*)N*,CCC(CNC(=O)C(C)CNC(=O)[*])N[*],[*]CNC(=O)C(C)CNC(=O)NC([*])CC,3.89e-05,-4.410050398674293,3,-4.293057441711426
29434,COCCCCCNC(CO*)COC(=O)*,COCCCCCNC(CO[*])COC(=O)[*],[*]COC(=O)OCC([*])NCCCCCOC,5.04e-05,-4.297569463554475,2,-3.989417314529419
29435,CCC(NC(=O)*)C(=O)N(C)CCN*,CCC(NC(=O)[*])C(=O)N(C)CCN[*],[*]NC(=O)NCCN(C)C(=O)C([*])CC,5.69e-05,-4.244887733604929,3,-4.346385955810547
29436,O=C(CC(CN*)OC(=O)*)NCC(F)F,O=C(CC(CN[*])OC(=O)[*])NCC(F)F,[*]CNC(=O)OC([*])CC(=O)NCC(F)F,5.62e-05,-4.250263684430939,3,-4.23347806930542
29437,CC(C)CCC(N*)C(=O)NCCNC(=O)*,CC(C)CCC(N[*])C(=O)NCCNC(=O)[*],[*]NC(=O)NCCNC(=O)C([*])CCC(C)C,6.1e-05,-4.214670164989233,2,-4.215918064117432
29439,CC(NC(=O)*)C(=O)NCC(CO*)C(C)C,CC(NC(=O)[*])C(=O)NCC(CO[*])C(C)C,[*]NC(=O)OCC(CNC(=O)C([*])C)C(C)C,4.53e-05,-4.343901797987168,3,-4.478654861450195
29440,CC(NCC=CCOC(=O)*)C(C)O*,CC(NCC=CCOC(=O)[*])C(C)O[*],[*]NCC=CCOC(=O)OC(C)C([*])C,9.52e-05,-4.021363051615526,2,-4.210805892944336
29441,CN(CC(C)(C)N*)C(=O)CCCNC(=O)*,CN(CC(C)(C)N[*])C(=O)CCCNC(=O)[*],[*]CC(C)(C)NC(=O)NCCCC(=O)N([*])C,3.55e-05,-4.449771646944906,0,-4.34691047668457
29442,CC(CN*)CNC(=O)C(C)CNC(=O)*,CC(CN[*])CNC(=O)C(C)CNC(=O)[*],[*]CNC(=O)NCC(C)C(=O)NCC([*])C,4.32e-05,-4.364516253185088,1,-4.312931060791016
29443,CC(CNC(=O)C(C)N*)CC(C)OC(=O)*,CC(CNC(=O)C(C)N[*])CC(C)OC(=O)[*],[*]CNC(=O)C(C)NC(=O)OC(C)CC([*])C,3.46e-05,-4.460923901207224,2,-4.3248677253723145
29444,CN(CCCN*)C(=O)CCCCNC(=O)*,CN(CCCN[*])C(=O)CCCCNC(=O)[*],[*]CCCNC(=O)NCCCCC(=O)N([*])C,6.02e-05,-4.220403508742176,0,-4.325065612792969
29445,CCN(CCN*)CC(C)(CNC)OC(=O)*,CCN(CCN[*])CC(C)(CNC)OC(=O)[*],[*]CCNC(=O)OC(C)(CNC)CN([*])CC,5.78e-05,-4.2380721615794705,3,-4.39182186126709
29448,CC(CNCC=CCO*)OC(=O)*,CC(CNCC=CCO[*])OC(=O)[*],[*]CNCC=CCOC(=O)OC([*])C,0.000106,-3.9746941347352296,2,-4.120757102966309
29449,CC(C)C(NC(=O)*)C(=O)N(C)CCN*,CC(C)C(NC(=O)[*])C(=O)N(C)CCN[*],[*]NC(=O)NCCN(C)C(=O)C([*])C(C)C,3.87e-05,-4.412289034981089,2,-4.447672367095947
29451,CC(CN(C)C(=O)CCCNC(=O)*)N*,CC(CN(C)C(=O)CCCNC(=O)[*])N[*],[*]CN(C)C(=O)CCCNC(=O)NC([*])C,5.32e-05,-4.274088367704952,0,-4.3454132080078125
29452,CCC(C)(O*)C(=O)N(C)CC(C)OC(=O)*,CCC(C)(O[*])C(=O)N(C)CC(C)OC(=O)[*],[*]OC(=O)OC(C)CN(C)C(=O)C([*])(C)CC,2.3e-05,-4.638272163982407,1,-4.419301986694336
29454,CC(CNC(=O)*)C(=O)N(C)CC(C)(C)N*,CC(CNC(=O)[*])C(=O)N(C)CC(C)(C)N[*],[*]CNC(=O)NC(C)(C)CN(C)C(=O)C([*])C,3.42e-05,-4.465973893943865,1,-4.461367130279541
29455,CC(CC(C)NC(=O)CCNC(=O)*)N*,CC(CC(C)NC(=O)CCNC(=O)[*])N[*],[*]CC(C)NC(=O)NCCC(=O)NC([*])C,6.24e-05,-4.204815410317576,0,-4.420407772064209
29456,CC(CCNC(=O)NC(C)CN*)NC(=O)*,CC(CCNC(=O)NC(C)CN[*])NC(=O)[*],[*]CCNC(=O)NC(C)CNC(=O)NC([*])C,4.91e-05,-4.308918507877031,0,-4.205307483673096
29457,CC(C)NC(=S)NCC(CO*)OC(=O)*,CC(C)NC(=S)NCC(CO[*])OC(=O)[*],[*]COC(=O)OC([*])CNC(=S)NC(C)C,2.43e-05,-4.614393726401688,0,-4.447118282318115
29458,O=C(*)NCCC(NC(=O)CN*)C(F)(F)F,O=C([*])NCCC(NC(=O)CN[*])C(F)(F)F,[*]CNC(=O)NCCC(NC([*])=O)C(F)(F)F,4.89e-05,-4.31069114087638,0,-4.171396255493164
29459,COC(=O)C(CCOC(=O)*)OCCCO*,COC(=O)C(CCOC(=O)[*])OCCCO[*],[*]CCOC(=O)OCCCOC([*])C(=O)OC,8.66e-05,-4.062482107982653,3,-4.100798606872559
29460,O=C(CC(CN*)OC(=O)*)NCC=CCl,O=C(CC(CN[*])OC(=O)[*])NCC=CCl,[*]CNC(=O)OC([*])CC(=O)NCC=CCl,5.44e-05,-4.2644011003018205,2,-4.128710746765137
29461,CCCCN(CC)C(=O)C(COC(=O)*)N*,CCCCN(CC)C(=O)C(COC(=O)[*])N[*],[*]COC(=O)NC([*])C(=O)N(CC)CCCC,1.71e-05,-4.767003889607846,0,-4.425599575042725
29462,COC(=O)C(CCO*)OCCCNC(=O)*,COC(=O)C(CCO[*])OCCCNC(=O)[*],[*]CCOC(=O)NCCCOC([*])C(=O)OC,7.5e-05,-4.1249387366083,0,-4.24522590637207
29463,CC(CNC(=O)NCC=CCO*)NC(=O)*,CC(CNC(=O)NCC=CCO[*])NC(=O)[*],[*]CNC(=O)NCC=CCOC(=O)NC([*])C,3.86e-05,-4.413412695328245,1,-4.220772743225098
29464,CC(CNC(=O)CC(C)(C)CN*)NC(=O)*,CC(CNC(=O)CC(C)(C)CN[*])NC(=O)[*],[*]CNC(=O)CC(C)(C)CNC(=O)NC([*])C,3.86e-05,-4.413412695328245,1,-4.374407768249512
29465,NC(=O)CC(COC(=O)*)O*,NC(=O)CC(COC(=O)[*])O[*],[*]COC(=O)OC([*])CC(N)=O,5.3e-05,-4.275724130399211,1,-4.276875019073486
29466,CCCC(O*)C(=O)N(C)C(C)CNC(=O)*,CCCC(O[*])C(=O)N(C)C(C)CNC(=O)[*],[*]OC(=O)NCC(C)N(C)C(=O)C([*])CCC,1.95e-05,-4.709965388637482,2,-4.423614025115967
29467,CC(NC(=O)*)C(=O)N(C)CCO*,CC(NC(=O)[*])C(=O)N(C)CCO[*],[*]NC(=O)OCCN(C)C(=O)C([*])C,2.77e-05,-4.557520230935552,2,-4.428701877593994
29468,COC(=O)C(CO*)OC(=O)*,COC(=O)C(CO[*])OC(=O)[*],[*]COC(=O)OC([*])C(=O)OC,2.55e-05,-4.5934598195660445,0,-4.327609539031982
29469,COCC(CNCCC(C)CO*)OC(=O)*,COCC(CNCCC(C)CO[*])OC(=O)[*],[*]CNCCC(C)COC(=O)OC([*])COC,0.000105,-3.9788107009300617,3,-4.081297874450684
29470,CC(NC(=O)C(NC(=O)*)C(C)O*)C(F)F,CC(NC(=O)C(NC(=O)[*])C(C)O[*])C(F)F,[*]NC(=O)OC(C)C([*])C(=O)NC(C)C(F)F,4.84e-05,-4.315154638355588,0,-4.42014741897583
29471,CN(C)C(=S)SCC(COC(=O)*)O*,CN(C)C(=S)SCC(COC(=O)[*])O[*],[*]COC(=O)OC([*])CSC(=S)N(C)C,3.08e-05,-4.511449283499556,2,-4.506552696228027
29472,O=C(*)NC(CN*)P(=O)(O)O,O=C([*])NC(CN[*])P(=O)(O)O,[*]NCC(NC([*])=O)P(=O)(O)O,7.93e-05,-4.100726812682396,1,-4.262272834777832
29473,COCC(CO*)OC(=O)*,COCC(CO[*])OC(=O)[*],[*]COC(=O)OC([*])COC,0.000129,-3.889410289700751,2,-4.160743713378906
29474,COCC(CNC(CCF)COC(=O)*)O*,COCC(CNC(CCF)COC(=O)[*])O[*],[*]CNC(CCF)COC(=O)OC([*])COC,8.37e-05,-4.07727454200674,0,-4.299602508544922
29475,O=C(*)OC(COS)CO*,O=C([*])OC(COS)CO[*],[*]OCC(COS)OC([*])=O,4.65e-05,-4.3325470471100465,3,-4.230729579925537
29476,O=C(O)CCC(CN*)(OC(=O)*)C(F)F,O=C(O)CCC(CN[*])(OC(=O)[*])C(F)F,[*]CNC(=O)OC([*])(CCC(=O)O)C(F)F,4.65e-05,-4.3325470471100465,0,-4.3707170486450195
29477,CC(C)(C)C(OC(=O)*)C(=O)NCCN*,CC(C)(C)C(OC(=O)[*])C(=O)NCCN[*],[*]OC(=O)NCCNC(=O)C([*])C(C)(C)C,2.33e-05,-4.632644078973981,1,-4.34403133392334
29478,O=C(*)NC(COCCN*)C(=O)O,O=C([*])NC(COCCN[*])C(=O)O,[*]NCCOCC(NC([*])=O)C(=O)O,6.87e-05,-4.16304326294045,1,-4.271428108215332
29479,COC(=O)C(CN*)OC(=O)*,COC(=O)C(CN[*])OC(=O)[*],[*]CNC(=O)OC([*])C(=O)OC,4.37e-05,-4.359518563029578,0,-4.3583664894104
29480,CC(CC(=O)OCCCN*)OC(=O)*,CC(CC(=O)OCCCN[*])OC(=O)[*],[*]CC(=O)OCCCNC(=O)OC([*])C,8.01e-05,-4.096367483915762,0,-4.208315372467041
29481,O=C(*)NC(C=COCCN*)C(=O)O,O=C([*])NC(C=COCCN[*])C(=O)O,[*]NCCOC=CC(NC([*])=O)C(=O)O,5.99e-05,-4.2225731776106885,2,-4.2360944747924805
29482,CC(CONC(=O)C(C)C(C)NC(=O)*)N*,CC(CONC(=O)C(C)C(C)NC(=O)[*])N[*],[*]CONC(=O)C(C)C(C)NC(=O)NC([*])C,6.32e-05,-4.199282921717615,2,-4.435584545135498
29483,CC(NC(=O)C(CO*)NC(=O)*)C(=O)O,CC(NC(=O)C(CO[*])NC(=O)[*])C(=O)O,[*]COC(=O)NC([*])C(=O)NC(C)C(=O)O,4.84e-05,-4.315154638355588,0,-4.474447727203369
29484,CC(OC(=O)*)C(CO*)S(C)(=O)=O,CC(OC(=O)[*])C(CO[*])S(C)(=O)=O,[*]OC(=O)OCC(C([*])C)S(C)(=O)=O,5.32e-05,-4.274088367704952,2,-4.252831935882568
29485,O=C(*)OCCCCCCCCCN*,O=C([*])OCCCCCCCCCN[*],[*]NCCCCCCCCCOC([*])=O,7.98e-05,-4.09799710864927,3,-4.097811698913574
29486,CC(C)C(CCNC(=O)CO*)OC(=O)*,CC(C)C(CCNC(=O)CO[*])OC(=O)[*],[*]CCNC(=O)COC(=O)OC([*])C(C)C,4.24e-05,-4.372634143407267,2,-4.4295268058776855
29487,CC(NC(=O)C(CO*)NC(=O)*)C(F)F,CC(NC(=O)C(CO[*])NC(=O)[*])C(F)F,[*]COC(=O)NC([*])C(=O)NC(C)C(F)F,4.07e-05,-4.39040559077478,1,-4.388269424438477
29488,COC(=O)C(C)(CO*)OC(=O)*,COC(=O)C(C)(CO[*])OC(=O)[*],[*]COC(=O)OC([*])(C)C(=O)OC,2.85e-05,-4.54515513999149,0,-4.37620735168457
29489,O=C(*)OC(C(=O)O)C(CN*)C(=O)O,O=C([*])OC(C(=O)O)C(CN[*])C(=O)O,[*]NCC(C(=O)O)C(OC([*])=O)C(=O)O,2.7e-05,-4.568636235841013,3,-4.414865970611572
29490,O=C(*)NCCCCC(N*)P(=O)(O)O,O=C([*])NCCCCC(N[*])P(=O)(O)O,[*]NCCCCC(NC([*])=O)P(=O)(O)O,5.93e-05,-4.226945306635737,3,-4.283383846282959
29491,O=C(*)NCC(F)(F)CCC(N*)C(=O)O,O=C([*])NCC(F)(F)CCC(N[*])C(=O)O,[*]NCC(F)(F)CCC(NC([*])=O)C(=O)O,4.53e-05,-4.343901797987168,0,-4.499144554138184
29492,C=C(CC)CN(CCO*)CCOC(=O)*,C=C(CC)CN(CCO[*])CCOC(=O)[*],[*]CCOC(=O)OCCN([*])CC(=C)CC,5.55e-05,-4.255707016877324,2,-4.211897373199463
29493,O=C(*)NCC(F)CCC(N*)C(=O)O,O=C([*])NCC(F)CCC(N[*])C(=O)O,[*]NCC(F)CCC(NC([*])=O)C(=O)O,6.86e-05,-4.163675884293248,0,-4.4252729415893555
29494,O=C(*)NCCOP(=O)(O)OCCN*,O=C([*])NCCOP(=O)(O)OCCN[*],[*]NCCOP(=O)(O)OCCNC([*])=O,5.25e-05,-4.279840696594043,1,-3.894071102142334
29495,N#CN(CCO*)CCOC(=O)*,N#CN(CCO[*])CCOC(=O)[*],[*]CCOC(=O)OCCN([*])C#N,0.000106,-3.9746941347352296,2,-3.9607250690460205
29496,O=C(O)CC(O*)C(OC(=O)*)C(=O)O,O=C(O)CC(O[*])C(OC(=O)[*])C(=O)O,[*]OC(=O)OC(C(=O)O)C([*])CC(=O)O,3.03e-05,-4.518557371497695,2,-4.541347980499268
29497,CCN(C)C(=O)C(NC(=O)*)C(C)(C)O*,CCN(C)C(=O)C(NC(=O)[*])C(C)(C)O[*],[*]NC(=O)OC(C)(C)C([*])C(=O)N(C)CC,3.07e-05,-4.512861624522814,1,-4.542970180511475
29498,CSCC(CO*)NC(=O)*,CSCC(CO[*])NC(=O)[*],[*]COC(=O)NC([*])CSC,4.38e-05,-4.3585258894959,1,-4.182774066925049
29499,CC(OC(=O)*)C(O*)P(=O)(O)O,CC(OC(=O)[*])C(O[*])P(=O)(O)O,[*]OC(=O)OC(C([*])C)P(=O)(O)O,6.88e-05,-4.162411561764489,0,-4.507809162139893
29500,CC(N*)S(=O)(=O)C(C)NC(=O)*,CC(N[*])S(=O)(=O)C(C)NC(=O)[*],[*]NC(=O)NC(C)S(=O)(=O)C([*])C,3.88e-05,-4.411168274405793,3,-4.471695423126221
29501,C#CCCCN(CCCOC(=O)*)CCO*,C#CCCCN(CCCOC(=O)[*])CCO[*],[*]CCCOC(=O)OCCN([*])CCCC#C,8.86e-05,-4.052566278112949,1,-3.9365768432617188
29502,CCCN(C)C(=O)C(CCCN*)NC(=O)*,CCCN(C)C(=O)C(CCCN[*])NC(=O)[*],[*]CCCNC(=O)NC([*])C(=O)N(C)CCC,4.44e-05,-4.35261702988538,2,-4.400466442108154
29503,O=C(*)NCC(O*)P(=O)(O)O,O=C([*])NCC(O[*])P(=O)(O)O,[*]NCC(OC([*])=O)P(=O)(O)O,4.66e-05,-4.33161408331,2,-4.252000331878662
29504,O=CN(CCO*)CCOC(=O)*,O=CN(CCO[*])CCOC(=O)[*],[*]CCOC(=O)OCCN([*])C=O,8.94e-05,-4.048662481204082,3,-3.9605910778045654
29505,CCC(CO*)(COC(=O)*)N(C)C,CCC(CO[*])(COC(=O)[*])N(C)C,[*]COC(=O)OCC([*])(CC)N(C)C,3.49e-05,-4.45717457304082,1,-4.452831745147705
29506,COC(=O)C(CCN*)NC(=O)*,COC(=O)C(CCN[*])NC(=O)[*],[*]CCNC(=O)NC([*])C(=O)OC,4.64e-05,-4.333482019445119,0,-4.281980514526367
29507,CC(NCC(N*)C(=O)O)OC(=O)*,CC(NCC(N[*])C(=O)O)OC(=O)[*],[*]NCC(NC(=O)OC([*])C)C(=O)O,3.11e-05,-4.507239610973163,3,-4.171676158905029
29508,CCN(CC)C(C)(CNC(=O)*)O*,CCN(CC)C(C)(CNC(=O)[*])O[*],[*]CNC(=O)OC([*])(C)N(CC)CC,6.5e-05,-4.187086643357144,2,-4.333521842956543
29509,C=CC(CO*)NCCCCCOC(=O)*,C=CC(CO[*])NCCCCCOC(=O)[*],[*]COC(=O)OCCCCCNC([*])C=C,0.000112,-3.9507819773298185,3,-4.072382926940918
29510,C=C(Cl)CN(CCO*)CC(C)OC(=O)*,C=C(Cl)CN(CCO[*])CC(C)OC(=O)[*],[*]CCOC(=O)OC(C)CN([*])CC(=C)Cl,7.11e-05,-4.148130399270234,2,-4.14603328704834
29511,CC(CCOC(=O)*)NC(=O)C(C)O*,CC(CCOC(=O)[*])NC(=O)C(C)O[*],[*]CCOC(=O)OC(C)C(=O)NC([*])C,6.34e-05,-4.1979107421182675,2,-4.323801517486572
29512,C=CCCC(CN(C)CCOC(=O)*)O*,C=CCCC(CN(C)CCOC(=O)[*])O[*],[*]CN(C)CCOC(=O)OC([*])CCC=C,9.05e-05,-4.043351420794797,0,-4.097275257110596
29513,CC(OC(=O)*)C(N*)C(=O)NCC(=O)O,CC(OC(=O)[*])C(N[*])C(=O)NCC(=O)O,[*]OC(=O)NC(C(=O)NCC(=O)O)C([*])C,5.55e-05,-4.255707016877324,2,-4.496469497680664
29514,CC(C)CNC(=O)C(NC(=O)*)C(C)(C)O*,CC(C)CNC(=O)C(NC(=O)[*])C(C)(C)O[*],[*]NC(=O)OC(C)(C)C([*])C(=O)NCC(C)C,3.71e-05,-4.430626090384954,3,-4.504261493682861
29515,CC(=O)CC(O*)C(C)NC(=O)*,CC(=O)CC(O[*])C(C)NC(=O)[*],[*]OC(=O)NC(C)C([*])CC(C)=O,4.94e-05,-4.306273051076353,2,-4.287975788116455
29516,CC(CNC(=O)C(C)(C)OC(=O)*)O*,CC(CNC(=O)C(C)(C)OC(=O)[*])O[*],[*]CNC(=O)C(C)(C)OC(=O)OC([*])C,4.06e-05,-4.391473966422806,2,-4.327449321746826
29517,CC#CCCN(CC(C)OC(=O)*)C(C)CO*,CC#CCCN(CC(C)OC(=O)[*])C(C)CO[*],[*]CC(C)OC(=O)OCC(C)N([*])CCC#CC,6.83e-05,-4.165579296318468,3,-4.316699504852295
29518,CC(C)CC(N*)C(=O)NCCOC(=O)*,CC(C)CC(N[*])C(=O)NCCOC(=O)[*],[*]NC(=O)OCCNC(=O)C([*])CC(C)C,5.92e-05,-4.22767829327708,1,-4.3645124435424805
29519,C=CCCC(C)NC(C)(CO*)COC(=O)*,C=CCCC(C)NC(C)(CO[*])COC(=O)[*],[*]COC(=O)OCC([*])(C)NC(C)CCC=C,1.46e-05,-4.835647144215563,2,-4.502732276916504
29520,COCC(C)CN(CCN*)CCOC(=O)*,COCC(C)CN(CCN[*])CCOC(=O)[*],[*]CCNC(=O)OCCN([*])CC(C)COC,8e-05,-4.096910013008056,0,-3.9796926975250244
29521,N=C(N)CCN(CCO*)CCOC(=O)*,N=C(N)CCN(CCO[*])CCOC(=O)[*],[*]CCOC(=O)OCCN([*])CCC(=N)N,0.000109,-3.962573502059376,0,-3.9368696212768555
29522,C=CCCC(C)N(CCO*)CCOC(=O)*,C=CCCC(C)N(CCO[*])CCOC(=O)[*],[*]CCOC(=O)OCCN([*])C(C)CCC=C,6.6e-05,-4.180456064458132,1,-4.153271675109863
29523,O=C(*)NCC(=O)NCCO*,O=C([*])NCC(=O)NCCO[*],[*]CNC(=O)OCCNC([*])=O,7.06e-05,-4.151195298948196,2,-4.222623825073242
29524,CCOC(=O)C(CO*)COC(=O)*,CCOC(=O)C(CO[*])COC(=O)[*],[*]COC(=O)OCC([*])C(=O)OCC,4.09e-05,-4.388276691992658,3,-4.406032085418701
29525,C#CCCC(CNC(C)C(C)O*)OC(=O)*,C#CCCC(CNC(C)C(C)O[*])OC(=O)[*],[*]CNC(C)C(C)OC(=O)OC([*])CCC#C,5.82e-05,-4.235077015350112,2,-4.337891101837158
29526,C=CCCCN(CCOC(=O)*)CC(C)O*,C=CCCCN(CCOC(=O)[*])CC(C)O[*],[*]CCOC(=O)OC(C)CN([*])CCCC=C,8.09e-05,-4.092051478387727,2,-4.1180830001831055
29527,CC(C)(C)OC(=O)NCC(COC(=O)*)N*,CC(C)(C)OC(=O)NCC(COC(=O)[*])N[*],[*]COC(=O)NC([*])CNC(=O)OC(C)(C)C,4.32e-05,-4.364516253185088,2,-4.22912073135376
29528,C=CCCC(CO*)NCC(CC)OC(=O)*,C=CCCC(CO[*])NCC(CC)OC(=O)[*],[*]COC(=O)OC(CC)CNC([*])CCC=C,8.29e-05,-4.081445469449727,3,-4.106695652008057
29529,CC(C)C(O*)(C(=O)O)C(C)OC(=O)*,CC(C)C(O[*])(C(=O)O)C(C)OC(=O)[*],[*]OC(=O)OC(C)C([*])(C(=O)O)C(C)C,2.69e-05,-4.570247719997592,0,-4.606773853302002
29530,CCN(CCO*)C(=O)CNC(=O)*,CCN(CCO[*])C(=O)CNC(=O)[*],[*]CCOC(=O)NCC(=O)N([*])CC,6.17e-05,-4.209714835966758,0,-4.204432964324951
29531,C=CC(COC(=O)*)NCCC(C)(C)O*,C=CC(COC(=O)[*])NCCC(C)(C)O[*],[*]COC(=O)OC(C)(C)CCNC([*])C=C,3.16e-05,-4.5003129173815966,2,-4.236867904663086
29532,CC(C)CCC(CNCC#CCOC(=O)*)O*,CC(C)CCC(CNCC#CCOC(=O)[*])O[*],[*]CNCC#CCOC(=O)OC([*])CCC(C)C,4.53e-05,-4.343901797987168,1,-4.279988765716553
29533,CCCC(OC(=O)*)C(=O)NC(C)CN*,CCCC(OC(=O)[*])C(=O)NC(C)CN[*],[*]OC(=O)NCC(C)NC(=O)C([*])CCC,5.98e-05,-4.223298816011589,3,-4.399785041809082
29534,CC(=O)OCNC(NCO*)NCOC(=O)*,CC(=O)OCNC(NCO[*])NCOC(=O)[*],[*]NCOC(=O)OCNC([*])NCOC(C)=O,7.93e-05,-4.100726812682396,0,-4.295971870422363
29535,CCC(=O)OCC(CO*)OC(=O)*,CCC(=O)OCC(CO[*])OC(=O)[*],[*]COC(=O)OC([*])COC(=O)CC,3.28e-05,-4.484126156288321,3,-4.324014186859131
29536,C=CC(O*)C(=O)OCCCCCOC(=O)*,C=CC(O[*])C(=O)OCCCCCOC(=O)[*],[*]OC(=O)OCCCCCOC(=O)C([*])C=C,5.84e-05,-4.2335871528876,1,-4.179091453552246
29537,C=CCCCN(CCCO*)CCOC(=O)*,C=CCCCN(CCCO[*])CCOC(=O)[*],[*]CCCOC(=O)OCCN([*])CCCC=C,8.3e-05,-4.080921907623926,3,-4.035777568817139
29538,CC(CCNC(=O)CNC(=O)*)O*,CC(CCNC(=O)CNC(=O)[*])O[*],[*]CCNC(=O)CNC(=O)OC([*])C,6.08e-05,-4.216096420727265,3,-4.226999282836914
29539,CCOC(=O)N(CO*)COC(=O)*,CCOC(=O)N(CO[*])COC(=O)[*],[*]COC(=O)OCN([*])C(=O)OCC,3.96e-05,-4.402304814074488,3,-4.402738571166992
29540,C=C(C)COC(=O)C(C)(CO*)COC(=O)*,C=C(C)COC(=O)C(C)(CO[*])COC(=O)[*],[*]COC(=O)OCC([*])(C)C(=O)OCC(=C)C,2.46e-05,-4.609064892896621,0,-4.508735179901123
29541,CC(CCOC(=O)*)(CC(=O)O)O*,CC(CCOC(=O)[*])(CC(=O)O)O[*],[*]CCOC(=O)OC([*])(C)CC(=O)O,1.32e-05,-4.87942606879415,1,-4.555145263671875
29542,NC(=O)CC(COC(=O)*)N*,NC(=O)CC(COC(=O)[*])N[*],[*]COC(=O)NC([*])CC(N)=O,7.81e-05,-4.1073489661227,3,-4.179498672485352
29543,COCC(COC(=O)*)N*,COCC(COC(=O)[*])N[*],[*]COC(=O)NC([*])COC,7.17e-05,-4.1444808443322,3,-4.2861247062683105
29544,CCS(=O)(=O)C(CO*)C(C)OC(=O)*,CCS(=O)(=O)C(CO[*])C(C)OC(=O)[*],[*]COC(=O)OC(C)C([*])S(=O)(=O)CC,3.1e-05,-4.508638306165727,0,-4.505305290222168
29545,C=CCN(CC=C)CC(COC(=O)*)O*,C=CCN(CC=C)CC(COC(=O)[*])O[*],[*]COC(=O)OC([*])CN(CC=C)CC=C,7.96e-05,-4.099086932262331,1,-4.0748419761657715
29546,CN(C)CC(CN*)OC(=O)*,CN(C)CC(CN[*])OC(=O)[*],[*]CNC(=O)OC([*])CN(C)C,9.01e-05,-4.045275209020937,0,-4.229593753814697
29547,C=CCN(CC(C)O*)C(C)COC(=O)*,C=CCN(CC(C)O[*])C(C)COC(=O)[*],[*]CC(C)OC(=O)OCC(C)N([*])CC=C,5.49e-05,-4.260427655549908,1,-4.38763952255249
29548,C=CC(COC(=O)*)NCCCCCCO*,C=CC(COC(=O)[*])NCCCCCCO[*],[*]COC(=O)OCCCCCCNC([*])C=C,9.42e-05,-4.025949097207123,3,-4.0129828453063965
29549,O=C(*)NCC(F)CO*,O=C([*])NCC(F)CO[*],[*]NCC(F)COC([*])=O,8.08e-05,-4.092588639225414,1,-4.276313781738281
29550,O=C(O)CC(NC(=O)*)C(=O)NCCCN*,O=C(O)CC(NC(=O)[*])C(=O)NCCCN[*],[*]NC(=O)NCCCNC(=O)C([*])CC(=O)O,2.76e-05,-4.559090917934783,0,-4.377738952636719
29551,CCOC(=O)C(NC(=O)*)C(CC)O*,CCOC(=O)C(NC(=O)[*])C(CC)O[*],[*]NC(=O)OC(CC)C([*])C(=O)OCC,3.09e-05,-4.510041520575165,3,-4.508629322052002
29552,C=CC(CO*)NCC(OC(=O)*)C(C)C,C=CC(CO[*])NCC(OC(=O)[*])C(C)C,[*]COC(=O)OC(CNC([*])C=C)C(C)C,3.83e-05,-4.416801226031377,0,-4.354880332946777
29553,CCN(CCOC(=O)*)C(=O)C(C)O*,CCN(CCOC(=O)[*])C(=O)C(C)O[*],[*]CCOC(=O)OC(C)C(=O)N([*])CC,3.47e-05,-4.459670525209126,0,-4.411135673522949
29554,C=CCCC(CNC(C=C)CO*)OC(=O)*,C=CCCC(CNC(C=C)CO[*])OC(=O)[*],[*]CNC(C=C)COC(=O)OC([*])CCC=C,4.91e-05,-4.308918507877031,1,-4.209569931030273
29555,C=CC(O*)C(=O)OCCCC(C)OC(=O)*,C=CC(O[*])C(=O)OCCCC(C)OC(=O)[*],[*]OC(=O)OC(C)CCCOC(=O)C([*])C=C,4.06e-05,-4.391473966422806,0,-4.25674295425415
29556,CCCOCC(CNCCN*)OC(=O)*,CCCOCC(CNCCN[*])OC(=O)[*],[*]CNCCNC(=O)OC([*])COCCC,0.000118,-3.9281179926938745,2,-3.9867424964904785
29557,CC#CCC(COC(=O)*)NC(C)C(C)O*,CC#CCC(COC(=O)[*])NC(C)C(C)O[*],[*]COC(=O)OC(C)C(C)NC([*])CC#CC,2.39e-05,-4.621602099051862,2,-4.4305806159973145
29558,CCCCCCCNC(CN*)CNC(=O)*,CCCCCCCNC(CN[*])CNC(=O)[*],[*]CNC(=O)NCC([*])NCCCCCCC,5.65e-05,-4.247951552180561,2,-4.072556972503662
29559,C=CCN(C)CC(C)(CO*)COC(=O)*,C=CCN(C)CC(C)(CO[*])COC(=O)[*],[*]COC(=O)OCC([*])(C)CN(C)CC=C,3.68e-05,-4.434152181326482,2,-4.350070476531982
29560,CC(CNCC(C)(C)NC(=O)*)O*,CC(CNCC(C)(C)NC(=O)[*])O[*],[*]CNCC(C)(C)NC(=O)OC([*])C,7e-05,-4.154901959985743,0,-4.315335273742676
29561,C=CCCC(CN(C)C(C)COC(=O)*)O*,C=CCCC(CN(C)C(C)COC(=O)[*])O[*],[*]CN(C)C(C)COC(=O)OC([*])CCC=C,8.06e-05,-4.09366495819491,3,-4.233278751373291
29562,CCC(O*)C(CC(=O)O)NC(=O)*,CCC(O[*])C(CC(=O)O)NC(=O)[*],[*]OC(=O)NC(CC(=O)O)C([*])CC,4.22e-05,-4.374687549038326,2,-4.631057262420654
29563,COC(=O)C(O*)C(OC(=O)*)C(=O)O,COC(=O)C(O[*])C(OC(=O)[*])C(=O)O,[*]OC(=O)OC(C(=O)O)C([*])C(=O)OC,3.39e-05,-4.4698003017969175,3,-4.630188465118408
29564,CC(CS(=O)(=O)CCCO*)OC(=O)*,CC(CS(=O)(=O)CCCO[*])OC(=O)[*],[*]CS(=O)(=O)CCCOC(=O)OC([*])C,5.21e-05,-4.283162276700476,3,-4.09019136428833
29565,O=C(*)NC(CC(N*)C(=O)O)C(=O)O,O=C([*])NC(CC(N[*])C(=O)O)C(=O)O,[*]NC(CC(NC([*])=O)C(=O)O)C(=O)O,2.46e-05,-4.609064892896621,3,-4.37898588180542
29566,O=C(CO*)NC(COC(=O)*)C(F)(F)F,O=C(CO[*])NC(COC(=O)[*])C(F)(F)F,[*]COC(=O)OCC(NC([*])=O)C(F)(F)F,6.08e-05,-4.216096420727265,0,-4.190371990203857
29567,O=C(CCO*)NCCC(OC(=O)*)C(F)F,O=C(CCO[*])NCCC(OC(=O)[*])C(F)F,[*]CCOC(=O)OC(CCNC([*])=O)C(F)F,6.02e-05,-4.220403508742176,0,-4.192685604095459
29568,O=C(O)CC(CO*)OC(=O)*,O=C(O)CC(CO[*])OC(=O)[*],[*]COC(=O)OC([*])CC(=O)O,4.15e-05,-4.3819519032879075,1,-4.451025009155273
29569,O=C(*)OCC(CC(=O)C(=O)O)O*,O=C([*])OCC(CC(=O)C(=O)O)O[*],[*]OCC(CC(=O)C(=O)O)OC([*])=O,2.92e-05,-4.534617148551582,2,-4.380603790283203
29570,O=C(*)NCC(CN*)OS(=O)(=O)O,O=C([*])NCC(CN[*])OS(=O)(=O)O,[*]NCC(CNC([*])=O)OS(=O)(=O)O,4.39e-05,-4.357535479757878,3,-4.400928974151611
29571,CSCC(CNCC=CCOC(=O)*)O*,CSCC(CNCC=CCOC(=O)[*])O[*],[*]CNCC=CCOC(=O)OC([*])CSC,8.73e-05,-4.0589857562944305,1,-3.941470146179199
29572,O=C(CCO*)NC(CCF)COC(=O)*,O=C(CCO[*])NC(CCF)COC(=O)[*],[*]CCOC(=O)OCC(CCF)NC([*])=O,6.61e-05,-4.179798540514359,1,-4.253225326538086
29573,O=C(*)OCC(CO*)OP(=O)(O)O,O=C([*])OCC(CO[*])OP(=O)(O)O,[*]OCC(COC([*])=O)OP(=O)(O)O,5.28e-05,-4.277366077466188,0,-4.278010845184326
29574,CC(=O)NC(O*)C(NC(C)=O)OC(=O)*,CC(=O)NC(O[*])C(NC(C)=O)OC(=O)[*],[*]OC(=O)OC(NC(C)=O)C([*])NC(C)=O,2.6e-05,-4.585026652029182,2,-4.005583763122559
29575,CNC(=O)C(N*)C(C)OC(=O)*,CNC(=O)C(N[*])C(C)OC(=O)[*],[*]NC(=O)OC(C)C([*])C(=O)NC,4.25e-05,-4.371611069949688,2,-4.380470275878906
29576,CC(CN*)NC(=O)CC(NC(=O)*)C(F)F,CC(CN[*])NC(=O)CC(NC(=O)[*])C(F)F,[*]CNC(=O)NC(CC(=O)NC([*])C)C(F)F,6.18e-05,-4.209011524911184,0,-4.187186241149902
29577,CSC=CC(=O)NCC(CO*)OC(=O)*,CSC=CC(=O)NCC(CO[*])OC(=O)[*],[*]COC(=O)OC([*])CNC(=O)C=CSC,4.65e-05,-4.3325470471100465,1,-4.109673500061035
29578,CC(=O)OCC(CO*)OC(=O)*,CC(=O)OCC(CO[*])OC(=O)[*],[*]COC(=O)OC([*])COC(C)=O,4.73e-05,-4.325138859262188,1,-4.223605155944824
29579,CC(CCNCC(C)O*)COC(=O)*,CC(CCNCC(C)O[*])COC(=O)[*],[*]CCNCC(C)OC(=O)OCC([*])C,0.000118,-3.9281179926938745,3,-4.263260841369629
29580,CN(CCN*)C(=O)CC(NC(=O)*)C(F)F,CN(CCN[*])C(=O)CC(NC(=O)[*])C(F)F,[*]CCNC(=O)NC(CC(=O)N([*])C)C(F)F,5.33e-05,-4.273272790973428,3,-4.380200386047363
29581,CC(N*)C(=O)NCCCOC(=O)*,CC(N[*])C(=O)NCCCOC(=O)[*],[*]NC(=O)OCCCNC(=O)C([*])C,7.87e-05,-4.104025267640935,0,-4.231966495513916
29582,O=C(*)OCC(O*)C(=O)O,O=C([*])OCC(O[*])C(=O)O,[*]OCC(OC([*])=O)C(=O)O,2.59e-05,-4.586700235918748,3,-4.508741855621338
29583,O=CC(=O)CC(CO*)OC(=O)*,O=CC(=O)CC(CO[*])OC(=O)[*],[*]COC(=O)OC([*])CC(=O)C=O,7.14e-05,-4.146301788223826,0,-4.23663854598999
29584,CC(CNCCO*)OC(=O)*,CC(CNCCO[*])OC(=O)[*],[*]CNCCOC(=O)OC([*])C,0.000103,-3.987162775294828,3,-3.9271390438079834
29585,O=C(*)NCC(O*)C(=O)O,O=C([*])NCC(O[*])C(=O)O,[*]NCC(OC([*])=O)C(=O)O,3.86e-05,-4.413412695328245,0,-4.475852966308594
29586,C=CC=CCC(=O)NCC(CO*)OC(=O)*,C=CC=CCC(=O)NCC(CO[*])OC(=O)[*],[*]COC(=O)OC([*])CNC(=O)CC=CC=C,3.53e-05,-4.452225294612178,0,-4.368675231933594
29587,O=C(*)NC(CCO*)P(=O)(O)O,O=C([*])NC(CCO[*])P(=O)(O)O,[*]NC(CCOC([*])=O)P(=O)(O)O,3.25e-05,-4.488116639021126,0,-4.307319641113281
29588,CNCC(CO*)OC(=O)*,CNCC(CO[*])OC(=O)[*],[*]COC(=O)OC([*])CNC,0.000145,-3.838631997765025,0,-4.317450523376465
29589,COC(=O)C(CCNC(=O)*)O*,COC(=O)C(CCNC(=O)[*])O[*],[*]CCNC(=O)OC([*])C(=O)OC,3.52e-05,-4.453457336521869,2,-4.325767517089844
29590,CC(=O)NC(CO*)COC(=O)*,CC(=O)NC(CO[*])COC(=O)[*],[*]COC(=O)OCC([*])NC(C)=O,5.4e-05,-4.267606240177032,0,-4.248106002807617
29591,CC(=O)C(COC(=O)*)O*,CC(=O)C(COC(=O)[*])O[*],[*]COC(=O)OC([*])C(C)=O,5.41e-05,-4.266802734893431,1,-4.345300674438477
29592,CC(OC(=O)*)(C(N*)C(=O)O)C(F)(F)F,CC(OC(=O)[*])(C(N[*])C(=O)O)C(F)(F)F,[*]OC(=O)NC(C(=O)O)C([*])(C)C(F)(F)F,2.16e-05,-4.665546248849069,3,-4.306669235229492
29593,CC(CNC(=O)C(C)OC(=O)*)O*,CC(CNC(=O)C(C)OC(=O)[*])O[*],[*]CNC(=O)C(C)OC(=O)OC([*])C,6.6e-05,-4.180456064458132,1,-4.275267601013184
29594,CC(C)(COC(=O)*)C(O*)C(N)=O,CC(C)(COC(=O)[*])C(O[*])C(N)=O,[*]COC(=O)OC(C(N)=O)C([*])(C)C,3.83e-05,-4.416801226031377,3,-4.326155662536621
29595,CC(C)C(C)(C)NC(=O)C(COC(=O)*)N*,CC(C)C(C)(C)NC(=O)C(COC(=O)[*])N[*],[*]COC(=O)NC([*])C(=O)NC(C)(C)C(C)C,2.46e-05,-4.609064892896621,0,-4.506129741668701
29596,CN(CCOC(=O)*)C(=O)CN*,CN(CCOC(=O)[*])C(=O)CN[*],[*]CCOC(=O)NCC(=O)N([*])C,6.34e-05,-4.1979107421182675,2,-4.228734970092773
29597,O=C(*)NCCNCCN*,O=C([*])NCCNCCN[*],[*]NCCNCCNC([*])=O,0.000136,-3.8664610916297826,3,-4.001415252685547
29598,O=C(*)NCCO*,O=C([*])NCCO[*],[*]NCCOC([*])=O,5.51e-05,-4.258848401148215,1,-3.9729065895080566
29599,CS(=O)(=O)CC(CNC(=O)*)O*,CS(=O)(=O)CC(CNC(=O)[*])O[*],[*]CNC(=O)OC([*])CS(C)(=O)=O,3.79e-05,-4.421360790031928,1,-4.25856876373291
29600,CCC(COC(=O)*)C(=O)NCC=CCO*,CCC(COC(=O)[*])C(=O)NCC=CCO[*],[*]COC(=O)OCC=CCNC(=O)C([*])CC,5.7e-05,-4.2441251443275085,3,-4.230587482452393
29601,CC(NC(=O)*)C(CO*)S(C)(=O)=O,CC(NC(=O)[*])C(CO[*])S(C)(=O)=O,[*]NC(=O)OCC(C([*])C)S(C)(=O)=O,3.92e-05,-4.406713932979542,2,-4.267003536224365
29602,COC(CNC(=O)*)CO*,COC(CNC(=O)[*])CO[*],[*]CNC(=O)OCC([*])OC,5.46e-05,-4.262807357295263,3,-4.20972204208374
29603,COC(=O)C(O*)C(OC(=O)*)C(=O)OC,COC(=O)C(O[*])C(OC(=O)[*])C(=O)OC,[*]OC(=O)OC(C(=O)OC)C([*])C(=O)OC,1.94e-05,-4.7121982700697735,0,-4.518497943878174
29604,COC(=O)C(NC(=O)*)C(C)O*,COC(=O)C(NC(=O)[*])C(C)O[*],[*]NC(=O)OC(C)C([*])C(=O)OC,4.64e-05,-4.333482019445119,1,-4.481237888336182
29605,O=C(O)CNC(=O)C(COC(=O)*)N*,O=C(O)CNC(=O)C(COC(=O)[*])N[*],[*]COC(=O)NC([*])C(=O)NCC(=O)O,5.81e-05,-4.235823867609669,3,-4.26206636428833
29606,COC(=O)CC(COC(=O)*)O*,COC(=O)CC(COC(=O)[*])O[*],[*]COC(=O)OC([*])CC(=O)OC,5.34e-05,-4.272458742971444,1,-4.411153316497803
29607,NC(=O)C(OC(=O)*)C(O*)C(=O)O,NC(=O)C(OC(=O)[*])C(O[*])C(=O)O,[*]OC(=O)OC(C(=O)O)C([*])C(N)=O,7.32e-05,-4.135488918941608,1,-4.603124618530273
29608,O=C(*)NCC(=O)NCCCNC(=O)CN*,O=C([*])NCC(=O)NCCCNC(=O)CN[*],[*]CNC(=O)NCC(=O)NCCCNC([*])=O,5.29e-05,-4.276544327964814,0,-4.032382011413574
29609,CC(O*)C(NC(=O)*)C(=O)O,CC(O[*])C(NC(=O)[*])C(=O)O,[*]OC(=O)NC(C(=O)O)C([*])C,5.26e-05,-4.279014255846261,1,-4.503025531768799
29610,O=C(O)CC(N*)C(CC(=O)O)NC(=O)*,O=C(O)CC(N[*])C(CC(=O)O)NC(=O)[*],[*]NC(=O)NC(CC(=O)O)C([*])CC(=O)O,4.04e-05,-4.393618634889395,1,-4.6003570556640625
29611,O=C(*)NCC(=O)NCCCO*,O=C([*])NCC(=O)NCCCO[*],[*]CNC(=O)OCCCNC([*])=O,5.58e-05,-4.253365801062421,2,-4.171889305114746
29612,CN(CC(C)(C)CO*)C(=O)CCNC(=O)*,CN(CC(C)(C)CO[*])C(=O)CCNC(=O)[*],[*]CC(C)(C)COC(=O)NCCC(=O)N([*])C,3.45e-05,-4.462180904926726,3,-4.430583953857422
29613,CC(CS(=O)(=O)CC(C)OC(=O)*)O*,CC(CS(=O)(=O)CC(C)OC(=O)[*])O[*],[*]CS(=O)(=O)CC(C)OC(=O)OC([*])C,4.61e-05,-4.336299074610352,3,-4.282456874847412
29614,CC(C)N(C)C(=O)C(N*)C(C)(C)OC(=O)*,CC(C)N(C)C(=O)C(N[*])C(C)(C)OC(=O)[*],[*]NC(=O)OC(C)(C)C([*])C(=O)N(C)C(C)C,1.27e-05,-4.896196279044043,1,-4.497099876403809
29615,CN(CCOC(=O)*)C(=O)CCCCCO*,CN(CCOC(=O)[*])C(=O)CCCCCO[*],[*]CCOC(=O)OCCCCCC(=O)N([*])C,4.77e-05,-4.321481620959886,1,-4.109033584594727
29616,COC(=O)C(N*)C(OC(=O)*)C(=O)OC,COC(=O)C(N[*])C(OC(=O)[*])C(=O)OC,[*]NC(=O)OC(C(=O)OC)C([*])C(=O)OC,4.41e-05,-4.355561410532162,2,-4.502322673797607
29617,CON(C)C(=O)C(C)(CO*)OC(=O)*,CON(C)C(=O)C(C)(CO[*])OC(=O)[*],[*]COC(=O)OC([*])(C)C(=O)N(C)OC,6.37e-05,-4.195860567664649,3,-4.4303460121154785
29618,C=CC(=O)OCC(COC(=O)*)O*,C=CC(=O)OCC(COC(=O)[*])O[*],[*]COC(=O)OC([*])COC(=O)C=C,4.74e-05,-4.324221658325915,2,-4.278808116912842
29619,CC(CO*)NNC(C)COC(=O)*,CC(CO[*])NNC(C)COC(=O)[*],[*]COC(=O)OCC(C)NNC([*])C,8.4e-05,-4.075720713938118,2,-4.270536422729492
29620,NNC(=S)N(CCO*)CCOC(=O)*,NNC(=S)N(CCO[*])CCOC(=O)[*],[*]CCOC(=O)OCCN([*])C(=S)NN,0.000113,-3.9469215565165805,3,-4.263233184814453
29621,CC=C(CC)C(=O)NCC(CO*)OC(=O)*,CC=C(CC)C(=O)NCC(CO[*])OC(=O)[*],[*]COC(=O)OC([*])CNC(=O)C(=CC)CC,6.01e-05,-4.221125527997261,2,-4.560727596282959
29622,O=C(CO*)NCCOC(=O)*,O=C(CO[*])NCCOC(=O)[*],[*]COC(=O)OCCNC([*])=O,7.79e-05,-4.108462542327436,3,-3.9997856616973877
29623,O=C(*)OCCC(N*)C(=O)O,O=C([*])OCCC(N[*])C(=O)O,[*]NC(CCOC([*])=O)C(=O)O,2.66e-05,-4.575118363368933,2,-4.419951915740967
29624,CC(NC(=O)*)C(=O)NCC(C)(C)C(C)O*,CC(NC(=O)[*])C(=O)NCC(C)(C)C(C)O[*],[*]NC(=O)OC(C)C(C)(C)CNC(=O)C([*])C,2.14e-05,-4.669586226650809,0,-4.64040994644165
29625,CCC(CNCCO*)OC(=O)*,CCC(CNCCO[*])OC(=O)[*],[*]CNCCOC(=O)OC([*])CC,0.00012,-3.9208187539523753,1,-4.030718803405762
29626,CN(CC(F)F)C(=O)C(COC(=O)*)N*,CN(CC(F)F)C(=O)C(COC(=O)[*])N[*],[*]COC(=O)NC([*])C(=O)N(C)CC(F)F,4.65e-05,-4.3325470471100465,1,-4.297588348388672
29627,O=C(CN*)NC(COC(=O)*)C(=O)O,O=C(CN[*])NC(COC(=O)[*])C(=O)O,[*]CNC(=O)OCC(NC([*])=O)C(=O)O,4.19e-05,-4.377785977033705,0,-4.357320785522461
29628,O=C(*)OCC(CS(=O)(=O)O)O*,O=C([*])OCC(CS(=O)(=O)O)O[*],[*]OCC(CS(=O)(=O)O)OC([*])=O,2.67e-05,-4.573488738635425,1,-4.398339748382568
29629,O=C(*)NC(CCCC(N*)C(=O)O)C(=O)O,O=C([*])NC(CCCC(N[*])C(=O)O)C(=O)O,[*]NC(CCCC(NC([*])=O)C(=O)O)C(=O)O,3.13e-05,-4.504455662453552,3,-4.420498847961426
29630,CNC(=O)C(CN*)OC(=O)*,CNC(=O)C(CN[*])OC(=O)[*],[*]CNC(=O)OC([*])C(=O)NC,3.92e-05,-4.406713932979542,2,-4.200048446655273
29631,CCOC(=O)CC(CN*)OC(=O)*,CCOC(=O)CC(CN[*])OC(=O)[*],[*]CNC(=O)OC([*])CC(=O)OCC,2.76e-05,-4.559090917934783,2,-4.3546648025512695
29632,O=C(*)OC(CC(N*)C(=O)O)C(=O)O,O=C([*])OC(CC(N[*])C(=O)O)C(=O)O,[*]NC(CC(OC([*])=O)C(=O)O)C(=O)O,5.28e-05,-4.277366077466188,2,-4.458395481109619
29633,CCC(F)C(=O)NCC(CO*)OC(=O)*,CCC(F)C(=O)NCC(CO[*])OC(=O)[*],[*]COC(=O)OC([*])CNC(=O)C(F)CC,6.35e-05,-4.197226274708024,3,-4.257172107696533
29634,COCC(CNC(=O)*)O*,COCC(CNC(=O)[*])O[*],[*]CNC(=O)OC([*])COC,0.000105,-3.9788107009300617,1,-4.242440223693848
29635,O=C(*)NC(CCN*)C(=O)O,O=C([*])NC(CCN[*])C(=O)O,[*]NCCC(NC([*])=O)C(=O)O,6.68e-05,-4.175223537524454,2,-4.391538143157959
29636,CCS(=O)(=O)C(CO*)C(C)NC(=O)*,CCS(=O)(=O)C(CO[*])C(C)NC(=O)[*],[*]COC(=O)NC(C)C([*])S(=O)(=O)CC,2.6e-05,-4.585026652029182,1,-4.566286563873291
29637,COC(=O)C(CNC(=O)*)N*,COC(=O)C(CNC(=O)[*])N[*],[*]CNC(=O)NC([*])C(=O)OC,4.92e-05,-4.308034897232639,1,-4.4373321533203125
29638,O=C(CCO*)CNC(=O)*,O=C(CCO[*])CNC(=O)[*],[*]CCOC(=O)NCC([*])=O,0.000102,-3.9913998282380825,0,-4.1381306648254395
29639,O=C(*)NCCNS(=O)(=O)NCCN*,O=C([*])NCCNS(=O)(=O)NCCN[*],[*]NCCNS(=O)(=O)NCCNC([*])=O,5.08e-05,-4.294136287716081,1,-4.2004289627075195
29640,NC(=O)NCCCC(COC(=O)*)N*,NC(=O)NCCCC(COC(=O)[*])N[*],[*]COC(=O)NC([*])CCCNC(N)=O,0.000104,-3.9829666607012197,2,-4.124973297119141
29641,N=C(CO*)NCCOC(=O)*,N=C(CO[*])NCCOC(=O)[*],[*]COC(=O)OCCNC([*])=N,8.02e-05,-4.095825631715837,2,-4.013899326324463
29642,O=C(*)OCCC(O*)C(=O)O,O=C([*])OCCC(O[*])C(=O)O,[*]OCCC(OC([*])=O)C(=O)O,3.32e-05,-4.478861916295964,3,-4.442980766296387
29643,C=CC(CO*)NCC(OC(=O)*)C(F)(F)F,C=CC(CO[*])NCC(OC(=O)[*])C(F)(F)F,[*]COC(=O)OC(CNC([*])C=C)C(F)(F)F,8.27e-05,-4.082494490447453,1,-4.167666435241699
29644,NC(=O)N(CCO*)CCOC(=O)*,NC(=O)N(CCO[*])CCOC(=O)[*],[*]CCOC(=O)OCCN([*])C(N)=O,5.4e-05,-4.267606240177032,3,-4.118912696838379
29645,O=C(*)NC(CCCN*)P(=O)(O)O,O=C([*])NC(CCCN[*])P(=O)(O)O,[*]NCCCC(NC([*])=O)P(=O)(O)O,5.21e-05,-4.283162276700476,0,-4.169737339019775
29646,O=C(O)CC(COC(=O)*)N*,O=C(O)CC(COC(=O)[*])N[*],[*]COC(=O)NC([*])CC(=O)O,3.84e-05,-4.4156687756324695,3,-4.395245552062988
29647,CCNC(=O)C(CC)(CO*)COC(=O)*,CCNC(=O)C(CC)(CO[*])COC(=O)[*],[*]COC(=O)OCC([*])(CC)C(=O)NCC,4.21e-05,-4.375717904164332,3,-4.63442325592041
29648,O=C(*)OCC(COP(=O)(O)O)O*,O=C([*])OCC(COP(=O)(O)O)O[*],[*]OCC(COP(=O)(O)O)OC([*])=O,4.04e-05,-4.393618634889395,1,-4.104807376861572
29649,CC(CN(CC(=O)O)C(C)CO*)OC(=O)*,CC(CN(CC(=O)O)C(C)CO[*])OC(=O)[*],[*]CN(CC(=O)O)C(C)COC(=O)OC([*])C,6.16e-05,-4.210419287835575,0,-4.304203987121582
29650,O=C(*)NCC(N*)C(=O)O,O=C([*])NCC(N[*])C(=O)O,[*]NCC(NC([*])=O)C(=O)O,4.93e-05,-4.30715308072277,0,-4.407272815704346
29651,O=C(CC(=O)NCCOC(=O)*)NCCO*,O=C(CC(=O)NCCOC(=O)[*])NCCO[*],[*]CC(=O)NCCOC(=O)OCCNC([*])=O,9.57e-05,-4.019088062223156,1,-3.9182357788085938
29652,CC(OC(=O)*)C(CN(C)CCC(=O)O)O*,CC(OC(=O)[*])C(CN(C)CCC(=O)O)O[*],[*]OC(=O)OC(CN(C)CCC(=O)O)C([*])C,4.28e-05,-4.368556230986828,0,-4.426036834716797
29653,CCOC(C)(COC(=O)*)O*,CCOC(C)(COC(=O)[*])O[*],[*]COC(=O)OC([*])(C)OCC,8.01e-05,-4.096367483915762,2,-4.338383674621582
29654,COC(=O)C(CO*)(COC(=O)*)C(=O)OC,COC(=O)C(CO[*])(COC(=O)[*])C(=O)OC,[*]COC(=O)OCC([*])(C(=O)OC)C(=O)OC,3.98e-05,-4.400116927926312,3,-4.636710166931152
29655,C=CC=CCC(=O)N(C)CC(CNC(=O)*)O*,C=CC=CCC(=O)N(C)CC(CNC(=O)[*])O[*],[*]CNC(=O)OC([*])CN(C)C(=O)CC=CC=C,4.47e-05,-4.349692476868063,2,-4.265682697296143
29656,O=C(*)NC(C(=O)O)C(O*)C(=O)O,O=C([*])NC(C(=O)O)C(O[*])C(=O)O,[*]NC(C(=O)O)C(OC([*])=O)C(=O)O,3.88e-05,-4.411168274405793,3,-4.56529426574707
29657,COCC(CCOC(=O)*)O*,COCC(CCOC(=O)[*])O[*],[*]CCOC(=O)OC([*])COC,8.77e-05,-4.05700040663396,1,-4.196346282958984
29658,NC(=O)C(CCCCNC(=O)*)N*,NC(=O)C(CCCCNC(=O)[*])N[*],[*]CCCCNC(=O)NC([*])C(N)=O,6.07e-05,-4.2168113089247425,3,-4.110287666320801
29659,O=C(CCOC(=O)*)NCC=CCO*,O=C(CCOC(=O)[*])NCC=CCO[*],[*]CCOC(=O)OCC=CCNC([*])=O,6.39e-05,-4.1944991418416,2,-4.066512107849121
29660,CCCC=CC(=O)NCC(CNC(=O)*)O*,CCCC=CC(=O)NCC(CNC(=O)[*])O[*],[*]CNC(=O)OC([*])CNC(=O)C=CCCC,5.68e-05,-4.245651664288981,0,-4.283027172088623
29661,O=C(CCN*)NC(COC(=O)*)C(=O)O,O=C(CCN[*])NC(COC(=O)[*])C(=O)O,[*]CCNC(=O)OCC(NC([*])=O)C(=O)O,4.86e-05,-4.313363730737707,0,-4.357468128204346
29662,CC(CO*)(NC(=O)*)C(=O)O,CC(CO[*])(NC(=O)[*])C(=O)O,[*]COC(=O)NC([*])(C)C(=O)O,2.63e-05,-4.580044251510242,3,-4.559308052062988
29663,CC(C)(CNCCCNC(=O)*)O*,CC(C)(CNCCCNC(=O)[*])O[*],[*]CNCCCNC(=O)OC([*])(C)C,5.59e-05,-4.252588192113577,1,-4.2497358322143555
29664,CN(CCCF)C(=O)C(COC(=O)*)N*,CN(CCCF)C(=O)C(COC(=O)[*])N[*],[*]COC(=O)NC([*])C(=O)N(C)CCCF,6.34e-05,-4.1979107421182675,2,-4.432556629180908
29665,CCC(F)C(=O)NC(CO*)COC(=O)*,CCC(F)C(=O)NC(CO[*])COC(=O)[*],[*]COC(=O)OCC([*])NC(=O)C(F)CC,4.29e-05,-4.367542707815276,0,-4.2635369300842285
29666,CC(CCC(C)(O*)C(N)=O)CNC(=O)*,CC(CCC(C)(O[*])C(N)=O)CNC(=O)[*],[*]CCC(C)(OC(=O)NCC([*])C)C(N)=O,4.17e-05,-4.379863945026242,3,-4.437878131866455
29667,CC(C)C(C)N(C)C(=O)C(CO*)NC(=O)*,CC(C)C(C)N(C)C(=O)C(CO[*])NC(=O)[*],[*]COC(=O)NC([*])C(=O)N(C)C(C)C(C)C,2.37e-05,-4.6252516539898965,1,-4.4816131591796875
29668,CC(C)(C)C(O*)C(NC(=O)*)C(=O)O,CC(C)(C)C(O[*])C(NC(=O)[*])C(=O)O,[*]OC(=O)NC(C(=O)O)C([*])C(C)(C)C,4.39e-05,-4.357535479757878,1,-4.651898384094238
29669,O=C(*)OCC(CN*)C(=O)O,O=C([*])OCC(CN[*])C(=O)O,[*]NCC(COC([*])=O)C(=O)O,2.26e-05,-4.645891560852599,1,-4.301715850830078
29670,COC(=O)C(CO*)NC(=O)*,COC(=O)C(CO[*])NC(=O)[*],[*]COC(=O)NC([*])C(=O)OC,3.64e-05,-4.438898616350944,3,-4.462247848510742
29671,O=C(*)NCC(CP(=O)(O)O)O*,O=C([*])NCC(CP(=O)(O)O)O[*],[*]NCC(CP(=O)(O)O)OC([*])=O,0.000114,-3.9430951486635273,3,-4.3191962242126465
29672,CN(C)CC(COC(=O)*)N*,CN(C)CC(COC(=O)[*])N[*],[*]COC(=O)NC([*])CN(C)C,7.84e-05,-4.105683937315562,0,-4.19804048538208
29673,CCC(COC(=O)*)NCC(CCOC)N*,CCC(COC(=O)[*])NCC(CCOC)N[*],[*]COC(=O)NC(CCOC)CNC([*])CC,8.78e-05,-4.056505484093897,2,-4.160473823547363
29674,O=C(O)CC(CCCCN*)NC(=O)*,O=C(O)CC(CCCCN[*])NC(=O)[*],[*]CCCCNC(=O)NC([*])CC(=O)O,4.21e-05,-4.375717904164332,3,-4.341965675354004
29675,CC(CCNC(=O)*)N*,CC(CCNC(=O)[*])N[*],[*]CCNC(=O)NC([*])C,6.82e-05,-4.166215625343521,0,-4.219742298126221
29676,CC(C)NC(=O)C(NC(=O)*)C(C)(C)O*,CC(C)NC(=O)C(NC(=O)[*])C(C)(C)O[*],[*]NC(=O)OC(C)(C)C([*])C(=O)NC(C)C,2.77e-05,-4.557520230935552,3,-4.549108028411865
29677,CC(CCCCNC(=O)*)(N*)C(=O)O,CC(CCCCNC(=O)[*])(N[*])C(=O)O,[*]CCCCNC(=O)NC([*])(C)C(=O)O,7.1e-05,-4.1487416512809245,0,-4.35085391998291
29678,NC(=O)C(CCCC(NC(=O)*)C(=O)O)N*,NC(=O)C(CCCC(NC(=O)[*])C(=O)O)N[*],[*]CCCC(NC(=O)NC([*])C(N)=O)C(=O)O,5.03e-05,-4.298432014944073,2,-4.207773685455322
29679,COCC(CN*)NC(=O)*,COCC(CN[*])NC(=O)[*],[*]CNC(=O)NC([*])COC,6.99e-05,-4.1555228242543185,1,-4.147934913635254
29680,CC(=O)C(C)(CN(C)CC(C)OC(=O)*)O*,CC(=O)C(C)(CN(C)CC(C)OC(=O)[*])O[*],[*]CN(C)CC(C)OC(=O)OC([*])(C)C(C)=O,6.93e-05,-4.159266765388193,0,-4.390549659729004
29681,CN(CCN*)CCNC(=O)*,CN(CCN[*])CCNC(=O)[*],[*]CCNC(=O)NCCN([*])C,9.29e-05,-4.031984286006359,2,-3.9517476558685303
29682,COC(=O)C(N*)C(OC(=O)*)C(F)(F)F,COC(=O)C(N[*])C(OC(=O)[*])C(F)(F)F,[*]NC(=O)OC(C([*])C(=O)OC)C(F)(F)F,2.66e-05,-4.575118363368933,2,-4.56613826751709
29683,CCOC(=O)C(NC(=O)*)C(C)O*,CCOC(=O)C(NC(=O)[*])C(C)O[*],[*]NC(=O)OC(C)C([*])C(=O)OCC,3.24e-05,-4.489454989793388,3,-4.423923015594482
29684,CC(CCOC(=O)*)NC(C(=O)O)C(C)O*,CC(CCOC(=O)[*])NC(C(=O)O)C(C)O[*],[*]CCOC(=O)OC(C)C(NC([*])C)C(=O)O,4.76e-05,-4.3223930472795065,1,-4.530894756317139
29685,COC(=O)N(CO*)COC(=O)*,COC(=O)N(CO[*])COC(=O)[*],[*]COC(=O)OCN([*])C(=O)OC,9.54e-05,-4.020451625295905,1,-4.263992786407471
29686,CCN(C)C(=O)C(N*)C(C)OC(=O)*,CCN(C)C(=O)C(N[*])C(C)OC(=O)[*],[*]NC(=O)OC(C)C([*])C(=O)N(C)CC,2.37e-05,-4.6252516539898965,0,-4.41498327255249
29687,CC(=O)N(CCO*)CCOC(=O)*,CC(=O)N(CCO[*])CCOC(=O)[*],[*]CCOC(=O)OCCN([*])C(C)=O,4.08e-05,-4.38933983691012,1,-4.0489935874938965
29688,CC(O*)C(=O)N(C)CCCOC(=O)*,CC(O[*])C(=O)N(C)CCCOC(=O)[*],[*]OC(=O)OCCCN(C)C(=O)C([*])C,3e-05,-4.522878745280337,3,-4.3374128341674805
29689,CCC(CC#N)NC(C)(CO*)COC(=O)*,CCC(CC#N)NC(C)(CO[*])COC(=O)[*],[*]COC(=O)OCC([*])(C)NC(CC)CC#N,4.01e-05,-4.396855627379818,0,-4.321901798248291
29690,C=CCCN(CCO*)CC(C)OC(=O)*,C=CCCN(CCO[*])CC(C)OC(=O)[*],[*]CCOC(=O)OC(C)CN([*])CCC=C,9.35e-05,-4.029188389127483,3,-4.129724502563477
29691,CCN(CC)C(=O)C(N*)C(C)(C)OC(=O)*,CCN(CC)C(=O)C(N[*])C(C)(C)OC(=O)[*],[*]NC(=O)OC(C)(C)C([*])C(=O)N(CC)CC,2.34e-05,-4.6307841425898575,2,-4.458767414093018
29692,COC(=O)C(CCCCOC(=O)*)N*,COC(=O)C(CCCCOC(=O)[*])N[*],[*]CCCCOC(=O)NC([*])C(=O)OC,4.99e-05,-4.30189945437661,3,-4.331871509552002
29693,CC(C)(CCO*)CNC(=O)CCOC(=O)*,CC(C)(CCO[*])CNC(=O)CCOC(=O)[*],[*]CCOC(=O)OCCC(=O)NCC([*])(C)C,5.07e-05,-4.294992040666664,0,-4.318782806396484
29694,CC(CCCN*)NC(=O)CCCNC(=O)*,CC(CCCN[*])NC(=O)CCCNC(=O)[*],[*]CCCNC(=O)NCCCC(=O)NC([*])C,6.7e-05,-4.173925197299174,1,-4.1982951164245605
29695,CC(NC(=O)*)C(N*)C(=O)O,CC(NC(=O)[*])C(N[*])C(=O)O,[*]NC(=O)NC(C(=O)O)C([*])C,5.25e-05,-4.279840696594043,2,-4.435590744018555
29696,CC(C)(C(N*)C(=O)O)C(NC(=O)*)C(=O)O,CC(C)(C(N[*])C(=O)O)C(NC(=O)[*])C(=O)O,[*]C(NC(=O)NC(C(=O)O)C([*])(C)C)C(=O)O,2.77e-05,-4.557520230935552,0,-4.514048099517822
29697,C=CCCN(C)CC(C)(CO*)COC(=O)*,C=CCCN(C)CC(C)(CO[*])COC(=O)[*],[*]COC(=O)OCC([*])(C)CN(C)CCC=C,3.58e-05,-4.446116973356125,2,-4.443785190582275
29698,CC(C)CC(N*)C(OC(=O)*)C(=O)O,CC(C)CC(N[*])C(OC(=O)[*])C(=O)O,[*]NC(=O)OC(C(=O)O)C([*])CC(C)C,4.04e-05,-4.393618634889395,0,-4.5963287353515625
29699,C=CCCCCN(CCO*)CCOC(=O)*,C=CCCCCN(CCO[*])CCOC(=O)[*],[*]CCOC(=O)OCCN([*])CCCCC=C,6.3e-05,-4.200659450546418,3,-3.9952216148376465
29700,C#CC(CC)(CC)NCC(CO*)OC(=O)*,C#CC(CC)(CC)NCC(CO[*])OC(=O)[*],[*]COC(=O)OC([*])CNC(C#C)(CC)CC,2.26e-05,-4.645891560852599,2,-4.548576354980469
29701,CC(C)(C)NCC(CO*)OC(=O)*,CC(C)(C)NCC(CO[*])OC(=O)[*],[*]COC(=O)OC([*])CNC(C)(C)C,5.05e-05,-4.296708621881338,0,-4.450995922088623
29702,CC(C)C(CO*)(NC(=O)*)C(=O)O,CC(C)C(CO[*])(NC(=O)[*])C(=O)O,[*]COC(=O)NC([*])(C(=O)O)C(C)C,2.49e-05,-4.603800652904264,3,-4.616696834564209
29703,COC(=O)CC(CNC(=O)*)N*,COC(=O)CC(CNC(=O)[*])N[*],[*]CNC(=O)NC([*])CC(=O)OC,3.94e-05,-4.404503778174426,1,-4.353046417236328
29704,CCC(C)CN(C)C(=O)C(CO*)NC(=O)*,CCC(C)CN(C)C(=O)C(CO[*])NC(=O)[*],[*]COC(=O)NC([*])C(=O)N(C)CC(C)CC,1.68e-05,-4.774690718274138,2,-4.4295148849487305
29705,O=C(CCN*)NCCOC(=O)*,O=C(CCN[*])NCCOC(=O)[*],[*]CCNC(=O)OCCNC([*])=O,9.89e-05,-4.004803708402821,2,-3.9983887672424316
29706,O=C(O)CC(O*)C(NC(=O)*)C(=O)O,O=C(O)CC(O[*])C(NC(=O)[*])C(=O)O,[*]OC(=O)NC(C(=O)O)C([*])CC(=O)O,2.72e-05,-4.565431095965801,2,-4.507632732391357
29707,O=C(*)NCCS(=O)(=O)CCN*,O=C([*])NCCS(=O)(=O)CCN[*],[*]NCCS(=O)(=O)CCNC([*])=O,5.2e-05,-4.2839966563652006,2,-4.017152309417725
29708,C=CCCCCCNC(CO*)COC(=O)*,C=CCCCCCNC(CO[*])COC(=O)[*],[*]COC(=O)OCC([*])NCCCCCC=C,3.05e-05,-4.515700160653214,1,-4.1954803466796875
29709,O=C(O)CC(CN*)OC(=O)*,O=C(O)CC(CN[*])OC(=O)[*],[*]CNC(=O)OC([*])CC(=O)O,1.57e-05,-4.804100347590766,3,-4.401166915893555
29710,C#CCCCN(C)CC(C)(CO*)COC(=O)*,C#CCCCN(C)CC(C)(CO[*])COC(=O)[*],[*]COC(=O)OCC([*])(C)CN(C)CCCC#C,1.3e-05,-4.886056647693163,3,-4.405296802520752
29711,CC(OC(=O)*)C(CC(=O)O)N*,CC(OC(=O)[*])C(CC(=O)O)N[*],[*]OC(=O)NC(CC(=O)O)C([*])C,2.11e-05,-4.675717544702307,3,-4.520717144012451
29712,COCC(CNCCN*)OC(=O)*,COCC(CNCCN[*])OC(=O)[*],[*]CNCCNC(=O)OC([*])COC,9.36e-05,-4.028724151261895,1,-3.9237442016601562
29713,CCCCCCCNC(CO*)COC(=O)*,CCCCCCCNC(CO[*])COC(=O)[*],[*]COC(=O)OCC([*])NCCCCCCC,2.5e-05,-4.6020599913279625,2,-4.275612831115723
29714,O=C(*)OCCN(CCO*)C(=S)S,O=C([*])OCCN(CCO[*])C(=S)S,[*]OCCN(CCOC([*])=O)C(=S)S,6.92e-05,-4.1598939055432425,0,-4.438253402709961
29715,C[Si](C)(CN*)CNC(=O)*,C[Si](C)(CN[*])CNC(=O)[*],[*]CNC(=O)NC[Si]([*])(C)C,4.82e-05,-4.31695296176115,3,-4.518010139465332
29716,CC(=O)C(CO*)COC(=O)*,CC(=O)C(CO[*])COC(=O)[*],[*]COC(=O)OCC([*])C(C)=O,4.65e-05,-4.3325470471100465,3,-4.1950907707214355
29717,CC(N*)C(=O)NCCOC(=O)*,CC(N[*])C(=O)NCCOC(=O)[*],[*]NC(=O)OCCNC(=O)C([*])C,3.33e-05,-4.47755576649368,1,-4.229834079742432
29718,NC(=O)C(CCO*)NC(=O)*,NC(=O)C(CCO[*])NC(=O)[*],[*]CCOC(=O)NC([*])C(N)=O,3.28e-05,-4.484126156288321,1,-4.155404090881348
29719,CCCC(N*)C(OC(=O)*)C(=O)O,CCCC(N[*])C(OC(=O)[*])C(=O)O,[*]NC(=O)OC(C(=O)O)C([*])CCC,4.56e-05,-4.341035157335565,0,-4.510792255401611
29720,CCC(N*)C(=O)NC(COC(=O)*)C(=O)O,CCC(N[*])C(=O)NC(COC(=O)[*])C(=O)O,[*]NC(=O)OCC(NC(=O)C([*])CC)C(=O)O,2.43e-05,-4.614393726401688,0,-4.403916835784912
29721,CC(CONC(=O)C(C)(C)NC(=O)*)N*,CC(CONC(=O)C(C)(C)NC(=O)[*])N[*],[*]CONC(=O)C(C)(C)NC(=O)NC([*])C,5.51e-05,-4.258848401148215,3,-4.2862982749938965
29722,CC(C=CCOC(=O)*)O*,CC(C=CCOC(=O)[*])O[*],[*]C=CCOC(=O)OC([*])C,0.000109,-3.962573502059376,2,-4.265338897705078
29723,C=C(CC)CN(CCCOC(=O)*)CCO*,C=C(CC)CN(CCCOC(=O)[*])CCO[*],[*]CCCOC(=O)OCCN([*])CC(=C)CC,8.2e-05,-4.086186147616283,0,-4.156214714050293
29724,O=C(*)NCCNC(=O)CC(=O)NCCN*,O=C([*])NCCNC(=O)CC(=O)NCCN[*],[*]CC(=O)NCCNC(=O)NCCNC([*])=O,5.93e-05,-4.226945306635737,3,-4.361846446990967
29725,CC(C)(COC(=O)*)C(=O)NCCCCO*,CC(C)(COC(=O)[*])C(=O)NCCCCO[*],[*]COC(=O)OCCCCNC(=O)C([*])(C)C,6.92e-05,-4.1598939055432425,3,-4.237819671630859
29726,CC(C)(COC(=O)*)NC(=O)CN*,CC(C)(COC(=O)[*])NC(=O)CN[*],[*]COC(=O)NCC(=O)NC([*])(C)C,3.87e-05,-4.412289034981089,1,-4.327941417694092
29727,COC(=O)CC(CNC(=O)*)O*,COC(=O)CC(CNC(=O)[*])O[*],[*]CNC(=O)OC([*])CC(=O)OC,3.14e-05,-4.503070351926785,0,-4.371330261230469
29728,CC(C)(CC(C)(NC(=O)*)C(=O)O)O*,CC(C)(CC(C)(NC(=O)[*])C(=O)O)O[*],[*]CC(C)(NC(=O)OC([*])(C)C)C(=O)O,4.72e-05,-4.3260580013659125,0,-4.598163604736328
29729,C=CCCCCNC(CO*)COC(=O)*,C=CCCCCNC(CO[*])COC(=O)[*],[*]COC(=O)OCC([*])NCCCCC=C,3.38e-05,-4.471083299722345,0,-4.167192459106445
29730,CC(NC(=O)C(N*)C(C)OC(=O)*)C(=O)O,CC(NC(=O)C(N[*])C(C)OC(=O)[*])C(=O)O,[*]NC(=O)OC(C)C([*])C(=O)NC(C)C(=O)O,3.08e-05,-4.511449283499556,2,-4.423129558563232
29731,CCCC(N*)C(OC(=O)*)C(N)=O,CCCC(N[*])C(OC(=O)[*])C(N)=O,[*]NC(=O)OC(C(N)=O)C([*])CCC,5.18e-05,-4.285670240254767,1,-4.353408336639404
29732,CC(OC(=O)CNC(=O)*)C(N*)C(=O)O,CC(OC(=O)CNC(=O)[*])C(N[*])C(=O)O,[*]OC(=O)CNC(=O)NC(C(=O)O)C([*])C,3.78e-05,-4.422508200162775,1,-4.56917667388916
29733,O=C(*)OCC(C(=O)O)C(CO*)C(=O)O,O=C([*])OCC(C(=O)O)C(CO[*])C(=O)O,[*]OCC(C(=O)O)C(COC([*])=O)C(=O)O,2.31e-05,-4.636388020107856,2,-4.759953498840332
29734,O=C(*)NCC(F)(F)CCN*,O=C([*])NCC(F)(F)CCN[*],[*]NCCC(F)(F)CNC([*])=O,7.62e-05,-4.1180450286604,0,-4.2039690017700195
29735,CC(CNC(=O)*)(O*)P(=O)(O)O,CC(CNC(=O)[*])(O[*])P(=O)(O)O,[*]CNC(=O)OC([*])(C)P(=O)(O)O,4.8e-05,-4.318758762624412,1,-4.5149688720703125
29736,CC(COC(=O)*)(O*)C(=O)O,CC(COC(=O)[*])(O[*])C(=O)O,[*]COC(=O)OC([*])(C)C(=O)O,3.06e-05,-4.51427857351842,1,-4.58148717880249
29737,CCC(C)CCNC(=O)C(COC(=O)*)N*,CCC(C)CCNC(=O)C(COC(=O)[*])N[*],[*]COC(=O)NC([*])C(=O)NCCC(C)CC,5.53e-05,-4.257274868695302,1,-4.534626483917236
29738,CCC(C)NC(=O)C(CCCNC(=O)*)N*,CCC(C)NC(=O)C(CCCNC(=O)[*])N[*],[*]CCCNC(=O)NC([*])C(=O)NC(C)CC,2.79e-05,-4.554395796726403,2,-4.310207366943359
29739,CNCCC(C)N(CCN*)CCNC(=O)*,CNCCC(C)N(CCN[*])CCNC(=O)[*],[*]CCNC(=O)NCCN([*])C(C)CCNC,7.61e-05,-4.118615343229427,3,-3.961543560028076
29740,CC(C)(N*)C(=O)NCCOC(=O)*,CC(C)(N[*])C(=O)NCCOC(=O)[*],[*]NC(=O)OCCNC(=O)C([*])(C)C,4.8e-05,-4.318758762624412,3,-4.247151851654053
29741,CN(C)C(CO*)COC(=O)*,CN(C)C(CO[*])COC(=O)[*],[*]COC(=O)OCC([*])N(C)C,4.26e-05,-4.370590400897281,1,-4.2605180740356445
29742,CN(C)C(C)(C)C(CNC(=O)*)CO*,CN(C)C(C)(C)C(CNC(=O)[*])CO[*],[*]CNC(=O)OCC([*])C(C)(C)N(C)C,3.61e-05,-4.442492798094342,3,-4.594949722290039
29743,O=C(*)NCCNC(=O)CCC(N*)C(=O)O,O=C([*])NCCNC(=O)CCC(N[*])C(=O)O,[*]CCC(NC(=O)NCCNC([*])=O)C(=O)O,4.7e-05,-4.327902142064283,3,-4.287915229797363
29744,C=C(C)CN(CC(C)OC(=O)*)C(C)CO*,C=C(C)CN(CC(C)OC(=O)[*])C(C)CO[*],[*]CC(C)OC(=O)OCC(C)N([*])CC(=C)C,4.53e-05,-4.343901797987168,3,-4.428215026855469
29745,CC(CN*)(NC(=O)*)C(=O)O,CC(CN[*])(NC(=O)[*])C(=O)O,[*]CNC(=O)NC([*])(C)C(=O)O,7.35e-05,-4.133712660915805,3,-4.469398498535156
29746,O=C(*)NCC(=O)NCCNC(=O)CN*,O=C([*])NCC(=O)NCCNC(=O)CN[*],[*]CNC(=O)NCC(=O)NCCNC([*])=O,0.000116,-3.9355420107730814,1,-4.193221569061279
29747,O=C(*)OC(C(F)F)C(O*)C(=O)O,O=C([*])OC(C(F)F)C(O[*])C(=O)O,[*]OC(C(=O)O)C(OC([*])=O)C(F)F,3.21e-05,-4.493494967595128,1,-4.463683605194092
29748,COCCC(CNCCC(C)OC(=O)*)N*,COCCC(CNCCC(C)OC(=O)[*])N[*],[*]CNCCC(C)OC(=O)NC([*])CCOC,0.000125,-3.9030899869919438,0,-3.9465417861938477
29749,COC(=O)C(CN*)CNC(=O)*,COC(=O)C(CN[*])CNC(=O)[*],[*]CNC(=O)NCC([*])C(=O)OC,5.97e-05,-4.224025668870631,2,-4.318509578704834
29750,CNCCN(C)CC(OC(=O)*)C(C)(C)O*,CNCCN(C)CC(OC(=O)[*])C(C)(C)O[*],[*]OC(=O)OC(C)(C)C([*])CN(C)CCNC,5.88e-05,-4.230622673923862,2,-4.156673908233643
29751,C=COCCOCC(CNC(=O)*)O*,C=COCCOCC(CNC(=O)[*])O[*],[*]CNC(=O)OC([*])COCCOC=C,7.09e-05,-4.149353764816934,3,-3.956146478652954
29752,O=C(*)NCC=CCC(N*)C(=O)O,O=C([*])NCC=CCC(N[*])C(=O)O,[*]NCC=CCC(NC([*])=O)C(=O)O,5.6e-05,-4.251811972993799,2,-4.2959136962890625
29753,O=C(O)CC(CCCNC(=O)*)N*,O=C(O)CC(CCCNC(=O)[*])N[*],[*]CCCNC(=O)NC([*])CC(=O)O,4.81e-05,-4.317854923626168,2,-4.211748123168945
29754,O=C(O)CC(CNC(=O)*)N*,O=C(O)CC(CNC(=O)[*])N[*],[*]CNC(=O)NC([*])CC(=O)O,5.04e-05,-4.297569463554475,2,-4.395507335662842
29755,C=CC(CO*)NC(C)CCCCOC(=O)*,C=CC(CO[*])NC(C)CCCCOC(=O)[*],[*]COC(=O)OCCCCC(C)NC([*])C=C,6.51e-05,-4.186419011431808,3,-4.141239166259766
29756,CCCC(O*)C(=O)NC(C)C(C)NC(=O)*,CCCC(O[*])C(=O)NC(C)C(C)NC(=O)[*],[*]OC(=O)NC(C)C(C)NC(=O)C([*])CCC,5.13e-05,-4.289882634888183,1,-4.413919925689697
29757,O=C(*)NCCNCCCN*,O=C([*])NCCNCCCN[*],[*]NCCCNCCNC([*])=O,0.000124,-3.906578314837765,2,-3.9760184288024902
29758,C=C(C)CN(CCCO*)CCOC(=O)*,C=C(C)CN(CCCO[*])CCOC(=O)[*],[*]CCCOC(=O)OCCN([*])CC(=C)C,0.000117,-3.9318141382538383,1,-4.127213001251221
29759,NC(=O)C(CC(COC(=O)*)O*)C(N)=O,NC(=O)C(CC(COC(=O)[*])O[*])C(N)=O,[*]COC(=O)OC([*])CC(C(N)=O)C(N)=O,0.000106,-3.9746941347352296,2,-4.083984375
29760,NC(=O)C(CN*)OC(=O)*,NC(=O)C(CN[*])OC(=O)[*],[*]CNC(=O)OC([*])C(N)=O,6.05e-05,-4.218244625347531,2,-4.188024044036865
29761,O=C(*)NC(C(=O)O)C(N*)C(=O)O,O=C([*])NC(C(=O)O)C(N[*])C(=O)O,[*]NC(C(=O)O)C(NC([*])=O)C(=O)O,5.91e-05,-4.228412519118745,1,-4.58798885345459
29762,CCOC(=O)C(CCNC(=O)*)N*,CCOC(=O)C(CCNC(=O)[*])N[*],[*]CCNC(=O)NC([*])C(=O)OCC,6.87e-05,-4.16304326294045,3,-4.350356101989746
29763,CC(C)OC(=O)CC(CN*)OC(=O)*,CC(C)OC(=O)CC(CN[*])OC(=O)[*],[*]CNC(=O)OC([*])CC(=O)OC(C)C,2.52e-05,-4.598599459218456,0,-4.285162925720215
29764,C=CCC(CNC(C)CCOC(=O)*)CO*,C=CCC(CNC(C)CCOC(=O)[*])CO[*],[*]CNC(C)CCOC(=O)OCC([*])CC=C,0.000122,-3.9136401693252516,2,-4.120540142059326
29765,CCCC(OC(=O)*)C(CO*)NCCC#N,CCCC(OC(=O)[*])C(CO[*])NCCC#N,[*]OC(=O)OCC(NCCC#N)C([*])CCC,9.02e-05,-4.044793462458058,2,-4.240002632141113
29766,C=CCCC(CN(C)CC(C)OC(=O)*)O*,C=CCCC(CN(C)CC(C)OC(=O)[*])O[*],[*]CN(C)CC(C)OC(=O)OC([*])CCC=C,6.93e-05,-4.159266765388193,2,-4.202233791351318
29767,C=CCCC(CN(C)CCCO*)OC(=O)*,C=CCCC(CN(C)CCCO[*])OC(=O)[*],[*]CN(C)CCCOC(=O)OC([*])CCC=C,0.000125,-3.9030899869919438,1,-4.051960468292236
29768,CNC(=S)N(CCO*)CCOC(=O)*,CNC(=S)N(CCO[*])CCOC(=O)[*],[*]CCOC(=O)OCCN([*])C(=S)NC,9.15e-05,-4.0385789059335515,2,-4.269764423370361
29769,C=CCCC(C)NC(CO*)COC(=O)*,C=CCCC(C)NC(CO[*])COC(=O)[*],[*]COC(=O)OCC([*])NC(C)CCC=C,5.96e-05,-4.2247537402597635,2,-4.355972766876221
29770,CC(C)(C)COC(=O)C(COC(=O)*)N*,CC(C)(C)COC(=O)C(COC(=O)[*])N[*],[*]COC(=O)NC([*])C(=O)OCC(C)(C)C,1.99e-05,-4.701146923590294,3,-4.451055526733398
29771,C#CCCCN(CCO*)CC(C)OC(=O)*,C#CCCCN(CCO[*])CC(C)OC(=O)[*],[*]CCOC(=O)OC(C)CN([*])CCCC#C,5.73e-05,-4.24184537803261,1,-4.186863422393799
29772,CC#CCN(CC(C)O*)C(C)COC(=O)*,CC#CCN(CC(C)O[*])C(C)COC(=O)[*],[*]CC(C)OC(=O)OCC(C)N([*])CC#CC,4.66e-05,-4.33161408331,1,-4.438307762145996
29773,O=C(O)CC(CCOC(=O)*)N*,O=C(O)CC(CCOC(=O)[*])N[*],[*]CCOC(=O)NC([*])CC(=O)O,3.58e-05,-4.446116973356125,1,-4.410897731781006
29774,CC(CNCCN*)OC(=O)*,CC(CNCCN[*])OC(=O)[*],[*]CNCCNC(=O)OC([*])C,9.81e-05,-4.008330992620052,0,-4.010863304138184
29775,C=CCCCN(CCO*)CCOC(=O)*,C=CCCCN(CCO[*])CCOC(=O)[*],[*]CCOC(=O)OCCN([*])CCCC=C,0.00012,-3.9208187539523753,0,-4.069377899169922
29776,CC(CNC(C)(C)CNC(=O)*)O*,CC(CNC(C)(C)CNC(=O)[*])O[*],[*]CNC(C)(C)CNC(=O)OC([*])C,4.82e-05,-4.31695296176115,2,-4.299701690673828
29777,C=C(CC)CN(CCOC(=O)*)CC(C)O*,C=C(CC)CN(CCOC(=O)[*])CC(C)O[*],[*]CCOC(=O)OC(C)CN([*])CC(=C)CC,5.73e-05,-4.24184537803261,3,-4.343715667724609
29778,CC(CC(CC(=O)O)NC(=O)*)N*,CC(CC(CC(=O)O)NC(=O)[*])N[*],[*]CC(CC(=O)O)NC(=O)NC([*])C,4.18e-05,-4.3788237182249645,2,-4.231638431549072
29779,CCC(CC#N)NCC(O*)C(C)OC(=O)*,CCC(CC#N)NCC(O[*])C(C)OC(=O)[*],[*]OC(=O)OC(C)C([*])CNC(CC)CC#N,8.81e-05,-4.055024091587952,1,-4.327417373657227
29780,CC#CCCN(C)CC(C)(CO*)COC(=O)*,CC#CCCN(C)CC(C)(CO[*])COC(=O)[*],[*]COC(=O)OCC([*])(C)CN(C)CCC#CC,2.83e-05,-4.548213564475709,3,-4.49169921875
29781,CCN(CC)CC(CO*)NC(=O)*,CCN(CC)CC(CO[*])NC(=O)[*],[*]COC(=O)NC([*])CN(CC)CC,0.000127,-3.896196279044043,2,-4.291768550872803
29782,CC(N*)C(OC(=O)*)C(C)C(=O)O,CC(N[*])C(OC(=O)[*])C(C)C(=O)O,[*]NC(=O)OC(C([*])C)C(C)C(=O)O,2.08e-05,-4.681936665037238,3,-4.5706963539123535
29783,C=C(C)CN(C)CC(C)(CO*)COC(=O)*,C=C(C)CN(C)CC(C)(CO[*])COC(=O)[*],[*]COC(=O)OCC([*])(C)CN(C)CC(=C)C,4.26e-05,-4.370590400897281,1,-4.431971549987793
29784,C=CCCC(CN(CC)CCO*)OC(=O)*,C=CCCC(CN(CC)CCO[*])OC(=O)[*],[*]CN(CC)CCOC(=O)OC([*])CCC=C,9.89e-05,-4.004803708402821,2,-4.085464000701904
29785,O=C(*)NCCCS(=O)(=O)CCCN*,O=C([*])NCCCS(=O)(=O)CCCN[*],[*]NCCCS(=O)(=O)CCCNC([*])=O,9.41e-05,-4.026410376572743,2,-4.1413140296936035
29786,C=CCCCN(CCN*)CCOC(=O)*,C=CCCCN(CCN[*])CCOC(=O)[*],[*]CCNC(=O)OCCN([*])CCCC=C,0.000134,-3.8728952016351923,0,-4.052370071411133
29787,C#CCCC(CNCC(CC)O*)OC(=O)*,C#CCCC(CNCC(CC)O[*])OC(=O)[*],[*]CNCC(CC)OC(=O)OC([*])CCC#C,6.71e-05,-4.1732774798310075,3,-4.312610149383545
29788,CCOC(=O)C(CCCN*)NC(=O)*,CCOC(=O)C(CCCN[*])NC(=O)[*],[*]CCCNC(=O)NC([*])C(=O)OCC,6.16e-05,-4.210419287835575,3,-4.2409563064575195
29789,C=CC(O*)C(=O)OCCC(C)(C)OC(=O)*,C=CC(O[*])C(=O)OCCC(C)(C)OC(=O)[*],[*]OC(=O)OC(C)(C)CCOC(=O)C([*])C=C,3.73e-05,-4.428291168191312,0,-4.405394077301025
29790,C=CC(CO*)NCC(CCC)OC(=O)*,C=CC(CO[*])NCC(CCC)OC(=O)[*],[*]COC(=O)OC(CCC)CNC([*])C=C,3.72e-05,-4.429457060118103,3,-4.171459197998047
29791,C#CCCN(CC(C)OC(=O)*)C(C)CO*,C#CCCN(CC(C)OC(=O)[*])C(C)CO[*],[*]CC(C)OC(=O)OCC(C)N([*])CCC#C,4.64e-05,-4.333482019445119,2,-4.334063529968262
29792,C=C(C)CN(CCO*)CC(C)OC(=O)*,C=C(C)CN(CCO[*])CC(C)OC(=O)[*],[*]CCOC(=O)OC(C)CN([*])CC(=C)C,5.55e-05,-4.255707016877324,1,-4.225944995880127
29793,C=CCC(CNCC(CC)O*)COC(=O)*,C=CCC(CNCC(CC)O[*])COC(=O)[*],[*]CNCC(CC)OC(=O)OCC([*])CC=C,8.33e-05,-4.079354998593212,0,-4.282633304595947
