model_id,scheme_id,scheme_name,scheme_params,regressor,ridge_alpha,prediction_decile,count,mean_pred_log10,mean_true_log10,std_true_log10,mae_log10,min_pred_log10,max_pred_log10
baseline_unweighted__ridge_alpha_0p01,baseline_unweighted,Scheme A: baseline_unweighted,,Ridge,0.01,0,627,-4.564283094669735,-4.507631346783309,0.21506307713047843,0.1703867672185522,-5.072749148341581,-4.4805438555419395
baseline_unweighted__ridge_alpha_0p01,baseline_unweighted,Scheme A: baseline_unweighted,,Ridge,0.01,1,627,-4.444175418366515,-4.417459550104265,0.18355863732626154,0.14873598422809486,-4.480532024290757,-4.412225588575184
baseline_unweighted__ridge_alpha_0p01,baseline_unweighted,Scheme A: baseline_unweighted,,Ridge,0.01,2,627,-4.390071214442886,-4.381384738731041,0.18343549476735208,0.14215509329273482,-4.412187296541029,-4.367413993904924
baseline_unweighted__ridge_alpha_0p01,baseline_unweighted,Scheme A: baseline_unweighted,,Ridge,0.01,3,627,-4.3456325014604475,-4.331149640939188,0.15896332383661613,0.12722448482261028,-4.367320845539524,-4.323038484397668
baseline_unweighted__ridge_alpha_0p01,baseline_unweighted,Scheme A: baseline_unweighted,,Ridge,0.01,4,627,-4.302781632357561,-4.310027623240463,0.1738764210963674,0.13564433602418227,-4.32299174188432,-4.282671618687952
baseline_unweighted__ridge_alpha_0p01,baseline_unweighted,Scheme A: baseline_unweighted,,Ridge,0.01,5,627,-4.262005538359928,-4.273447909685955,0.1826127144234786,0.13501886457368648,-4.282666496007872,-4.240030957672858
baseline_unweighted__ridge_alpha_0p01,baseline_unweighted,Scheme A: baseline_unweighted,,Ridge,0.01,6,627,-4.216527064832781,-4.236673095360064,0.16149097651576472,0.12568987603602305,-4.239836518004765,-4.192237206024925
baseline_unweighted__ridge_alpha_0p01,baseline_unweighted,Scheme A: baseline_unweighted,,Ridge,0.01,7,627,-4.162680044176515,-4.184535405594443,0.1683084375836308,0.1257108998159988,-4.192116358258187,-4.130255172189293
baseline_unweighted__ridge_alpha_0p01,baseline_unweighted,Scheme A: baseline_unweighted,,Ridge,0.01,8,627,-4.088025623192393,-4.113361626041356,0.1608903930141514,0.12735564926495355,-4.129915208437935,-4.035034355834282
baseline_unweighted__ridge_alpha_0p01,baseline_unweighted,Scheme A: baseline_unweighted,,Ridge,0.01,9,627,-3.9013250648688778,-3.9282064801357395,0.23794798206362927,0.135956964998109,-4.034943629707663,-2.993924176369482
baseline_unweighted__ridge_alpha_0p1,baseline_unweighted,Scheme A: baseline_unweighted,,Ridge,0.1,0,627,-4.564168157395263,-4.508002275993848,0.21491878995834704,0.170150318287886,-5.072560831099793,-4.480393388812344
baseline_unweighted__ridge_alpha_0p1,baseline_unweighted,Scheme A: baseline_unweighted,,Ridge,0.1,1,627,-4.444116650160669,-4.416695120460293,0.18357250082366308,0.14889380531946877,-4.480306505023272,-4.412142688868421
baseline_unweighted__ridge_alpha_0p1,baseline_unweighted,Scheme A: baseline_unweighted,,Ridge,0.1,2,627,-4.390022649507108,-4.381778239164474,0.18348321011939012,0.14211336508439762,-4.412118793106672,-4.367426207356106
baseline_unweighted__ridge_alpha_0p1,baseline_unweighted,Scheme A: baseline_unweighted,,Ridge,0.1,3,627,-4.345610831235145,-4.331562140592656,0.15854785176490216,0.1267759336284038,-4.367334867918788,-4.32302192896757
baseline_unweighted__ridge_alpha_0p1,baseline_unweighted,Scheme A: baseline_unweighted,,Ridge,0.1,4,627,-4.302779281390116,-4.309562388797493,0.17421003485245565,0.13600582590722982,-4.3228560212913845,-4.282742132423527
baseline_unweighted__ridge_alpha_0p1,baseline_unweighted,Scheme A: baseline_unweighted,,Ridge,0.1,5,627,-4.2620242513276105,-4.273500644475457,0.18261767380660354,0.13502463376525342,-4.282656919459633,-4.240123511579408
baseline_unweighted__ridge_alpha_0p1,baseline_unweighted,Scheme A: baseline_unweighted,,Ridge,0.1,6,627,-4.216556561707065,-4.236673095360064,0.16149097651576472,0.12566747769928996,-4.239937529006902,-4.192280453772003
baseline_unweighted__ridge_alpha_0p1,baseline_unweighted,Scheme A: baseline_unweighted,,Ridge,0.1,7,627,-4.162733008705821,-4.184535405594443,0.1683084375836308,0.12569182782244548,-4.192255601628756,-4.130209420430105
baseline_unweighted__ridge_alpha_0p1,baseline_unweighted,Scheme A: baseline_unweighted,,Ridge,0.1,8,627,-4.088087494242637,-4.1133954207767145,0.16084764695179898,0.1272827080888714,-4.129977681761791,-4.034986586832277
baseline_unweighted__ridge_alpha_0p1,baseline_unweighted,Scheme A: baseline_unweighted,,Ridge,0.1,9,627,-3.9014081791467246,-3.9281726854003813,0.23795053768602,0.1359459580672899,-4.0349470311859355,-2.9944148222640234
baseline_unweighted__ridge_alpha_1,baseline_unweighted,Scheme A: baseline_unweighted,,Ridge,1.0,0,627,-4.563074874112933,-4.508715044395892,0.2145969766996164,0.16931549780285704,-5.070605039414403,-4.480309925219802
baseline_unweighted__ridge_alpha_1,baseline_unweighted,Scheme A: baseline_unweighted,,Ridge,1.0,1,627,-4.443573540052483,-4.416174002402561,0.18227110306504882,0.14839178042436973,-4.479899659746627,-4.411976691987648
baseline_unweighted__ridge_alpha_1,baseline_unweighted,Scheme A: baseline_unweighted,,Ridge,1.0,2,627,-4.389545839996379,-4.382214185160459,0.1847815014117198,0.14286470245981092,-4.411954034027599,-4.366432599717392
baseline_unweighted__ridge_alpha_1,baseline_unweighted,Scheme A: baseline_unweighted,,Ridge,1.0,3,627,-4.3454207433261285,-4.332618358478298,0.1587103979326315,0.12585275296837592,-4.366399809676037,-4.3237675959263555
baseline_unweighted__ridge_alpha_1,baseline_unweighted,Scheme A: baseline_unweighted,,Ridge,1.0,4,627,-4.302755361599737,-4.310208830313037,0.17346639839068306,0.13538365843909098,-4.323624356662035,-4.2827369546009
baseline_unweighted__ridge_alpha_1,baseline_unweighted,Scheme A: baseline_unweighted,,Ridge,1.0,5,627,-4.26221205608803,-4.271756044521928,0.1828906138494537,0.1358742109352455,-4.282642601505523,-4.240831536536352
baseline_unweighted__ridge_alpha_1,baseline_unweighted,Scheme A: baseline_unweighted,,Ridge,1.0,6,627,-4.2168215953003,-4.236521111967447,0.15925836087638176,0.12402485565080051,-4.24077259992702,-4.192375646326022
baseline_unweighted__ridge_alpha_1,baseline_unweighted,Scheme A: baseline_unweighted,,Ridge,1.0,7,627,-4.163252725926538,-4.184139708949475,0.17002848828579775,0.12691323601116564,-4.192351157766148,-4.13123977564551
baseline_unweighted__ridge_alpha_1,baseline_unweighted,Scheme A: baseline_unweighted,,Ridge,1.0,8,627,-4.088659193578649,-4.113673943471774,0.1600605353183926,0.1263486120085739,-4.131213981615685,-4.035750013447687
baseline_unweighted__ridge_alpha_1,baseline_unweighted,Scheme A: baseline_unweighted,,Ridge,1.0,9,627,-3.902191135375325,-3.9278561869549526,0.23787376864475193,0.13554916764384317,-4.035279318120691,-2.9990552444741003
baseline_unweighted__ridge_alpha_10,baseline_unweighted,Scheme A: baseline_unweighted,,Ridge,10.0,0,627,-4.555729694346531,-4.506768815002067,0.21250730772588539,0.1638596236837262,-5.0471723414733445,-4.47495044078206
baseline_unweighted__ridge_alpha_10,baseline_unweighted,Scheme A: baseline_unweighted,,Ridge,10.0,1,627,-4.440347130354315,-4.424254251588402,0.18437981939904285,0.1468450266754109,-4.4748143891422165,-4.410823636777837
baseline_unweighted__ridge_alpha_10,baseline_unweighted,Scheme A: baseline_unweighted,,Ridge,10.0,2,627,-4.386576304200006,-4.378421445924238,0.18082554855559724,0.14089729459957387,-4.410481345950472,-4.3642684135096665
baseline_unweighted__ridge_alpha_10,baseline_unweighted,Scheme A: baseline_unweighted,,Ridge,10.0,3,627,-4.343842435621338,-4.333945128414911,0.16150845691831475,0.12566583248945035,-4.364236518222414,-4.322761725222875
baseline_unweighted__ridge_alpha_10,baseline_unweighted,Scheme A: baseline_unweighted,,Ridge,10.0,4,627,-4.302861237623728,-4.311567547843217,0.17060172811653873,0.12923238174738924,-4.3227556714767665,-4.28226228958156
baseline_unweighted__ridge_alpha_10,baseline_unweighted,Scheme A: baseline_unweighted,,Ridge,10.0,5,627,-4.26302497867984,-4.273872396169107,0.18548230462701337,0.14090488024362782,-4.282243759633186,-4.242341180891339
baseline_unweighted__ridge_alpha_10,baseline_unweighted,Scheme A: baseline_unweighted,,Ridge,10.0,6,627,-4.218745054014959,-4.232246017747179,0.1556354232687565,0.12064868179492212,-4.242246922310185,-4.195093364281306
baseline_unweighted__ridge_alpha_10,baseline_unweighted,Scheme A: baseline_unweighted,,Ridge,10.0,7,627,-4.16672634910578,-4.187788215328558,0.16895505859853258,0.1276912806927394,-4.195046020037247,-4.13336982026786
baseline_unweighted__ridge_alpha_10,baseline_unweighted,Scheme A: baseline_unweighted,,Ridge,10.0,8,627,-4.092599607530935,-4.112891069393603,0.16163656298673934,0.12635630233090733,-4.13336895332485,-4.042181361381427
baseline_unweighted__ridge_alpha_10,baseline_unweighted,Scheme A: baseline_unweighted,,Ridge,10.0,9,627,-3.907125756659785,-3.9221225292045414,0.23113891816151796,0.13004588920877125,-4.041881706941329,-3.03054676613728
baseline_unweighted__ridge_alpha_100,baseline_unweighted,Scheme A: baseline_unweighted,,Ridge,100.0,0,627,-4.5370651305921985,-4.516004714496106,0.20811518400259774,0.15458071931993742,-4.88663818073959,-4.465008314330658
baseline_unweighted__ridge_alpha_100,baseline_unweighted,Scheme A: baseline_unweighted,,Ridge,100.0,1,627,-4.431995670948136,-4.420858223925194,0.18672278800100583,0.1456395117255834,-4.464990008249547,-4.404312984482247
baseline_unweighted__ridge_alpha_100,baseline_unweighted,Scheme A: baseline_unweighted,,Ridge,100.0,2,627,-4.381535404052697,-4.376416780166177,0.17410544830541472,0.13470405349939116,-4.4042364688271185,-4.35949858867305
baseline_unweighted__ridge_alpha_100,baseline_unweighted,Scheme A: baseline_unweighted,,Ridge,100.0,3,627,-4.340176200463519,-4.344040582877488,0.16865138754045883,0.12857194954495324,-4.359474347652814,-4.320516811102537
baseline_unweighted__ridge_alpha_100,baseline_unweighted,Scheme A: baseline_unweighted,,Ridge,100.0,4,627,-4.302649915919211,-4.301916932915944,0.16615222968021656,0.12829940338893764,-4.320434159011393,-4.284804452892053
baseline_unweighted__ridge_alpha_100,baseline_unweighted,Scheme A: baseline_unweighted,,Ridge,100.0,5,629,-4.265213061933234,-4.27162486381763,0.18406718186096088,0.1352600106133412,-4.284769649093802,-4.245981461733281
baseline_unweighted__ridge_alpha_100,baseline_unweighted,Scheme A: baseline_unweighted,,Ridge,100.0,6,625,-4.223299426455063,-4.222193455602851,0.1597654894825324,0.1246697619572054,-4.245874681308297,-4.200088949432705
baseline_unweighted__ridge_alpha_100,baseline_unweighted,Scheme A: baseline_unweighted,,Ridge,100.0,7,628,-4.173823877229989,-4.198284728283037,0.16600645056256888,0.12557671868623335,-4.199933820520003,-4.145377393831485
baseline_unweighted__ridge_alpha_100,baseline_unweighted,Scheme A: baseline_unweighted,,Ridge,100.0,8,627,-4.103003548182852,-4.114531241193236,0.15361871603371285,0.11975673538000557,-4.145247506803884,-4.045065375605698
baseline_unweighted__ridge_alpha_100,baseline_unweighted,Scheme A: baseline_unweighted,,Ridge,100.0,9,626,-3.9193059840976603,-3.917400235748105,0.23057267515602656,0.13051517296146886,-4.044784206359093,-3.13660340818351
inverse_frequency_bins__ridge_alpha_0p01,inverse_frequency_bins,Scheme B: inverse_frequency_bins,q=5,Ridge,0.01,0,627,-4.56412196166387,-4.507631346783309,0.21506307713047843,0.17034804129657902,-5.072880096028609,-4.480224925976474
inverse_frequency_bins__ridge_alpha_0p01,inverse_frequency_bins,Scheme B: inverse_frequency_bins,q=5,Ridge,0.01,1,627,-4.44401092798076,-4.418237583189145,0.1829209606845503,0.14810873806841932,-4.480030102725086,-4.412092955223839
inverse_frequency_bins__ridge_alpha_0p01,inverse_frequency_bins,Scheme B: inverse_frequency_bins,q=5,Ridge,0.01,2,627,-4.389894441500804,-4.38034426011879,0.18407404514847253,0.1430050759236083,-4.412050991846204,-4.367243244462759
inverse_frequency_bins__ridge_alpha_0p01,inverse_frequency_bins,Scheme B: inverse_frequency_bins,q=5,Ridge,0.01,3,628,-4.3454183159126245,-4.33144585230003,0.15873642425716494,0.12677869030807157,-4.367223755977489,-4.322592867476301
inverse_frequency_bins__ridge_alpha_0p01,inverse_frequency_bins,Scheme B: inverse_frequency_bins,q=5,Ridge,0.01,4,626,-4.302574867914849,-4.309906770014164,0.17401298576648835,0.13577648633017492,-4.322562167543433,-4.282726715486611
inverse_frequency_bins__ridge_alpha_0p01,inverse_frequency_bins,Scheme B: inverse_frequency_bins,q=5,Ridge,0.01,5,627,-4.261835920541311,-4.273673518771515,0.1827747272765391,0.13520687482277172,-4.282428041754724,-4.239876110215651
inverse_frequency_bins__ridge_alpha_0p01,inverse_frequency_bins,Scheme B: inverse_frequency_bins,q=5,Ridge,0.01,6,627,-4.2163646468119556,-4.237013984634518,0.16010946106782267,0.12503793946876818,-4.239836909948134,-4.191864632118072
inverse_frequency_bins__ridge_alpha_0p01,inverse_frequency_bins,Scheme B: inverse_frequency_bins,q=5,Ridge,0.01,7,627,-4.16256005031547,-4.184021642023931,0.16925666133499637,0.12623253451467145,-4.191848608787672,-4.130017619182381
inverse_frequency_bins__ridge_alpha_0p01,inverse_frequency_bins,Scheme B: inverse_frequency_bins,q=5,Ridge,0.01,8,627,-4.087924449939144,-4.1133954207767145,0.16084764695179898,0.12733840478003164,-4.129892262444796,-4.034998935416493
inverse_frequency_bins__ridge_alpha_0p01,inverse_frequency_bins,Scheme B: inverse_frequency_bins,q=5,Ridge,0.01,9,627,-3.901306548800953,-3.9281726854003813,0.23795053768602,0.13596398402983162,-4.034868056146887,-2.9937584945016638
inverse_frequency_bins__ridge_alpha_0p1,inverse_frequency_bins,Scheme B: inverse_frequency_bins,q=5,Ridge,0.1,0,627,-4.564006828734661,-4.507631346783309,0.21506307713047843,0.17029037142835934,-5.072689941339888,-4.480310626648236
inverse_frequency_bins__ridge_alpha_0p1,inverse_frequency_bins,Scheme B: inverse_frequency_bins,q=5,Ridge,0.1,1,627,-4.44395262069746,-4.417625328094715,0.18327866277437274,0.14839524362676274,-4.479963114813792,-4.412058880124038
inverse_frequency_bins__ridge_alpha_0p1,inverse_frequency_bins,Scheme B: inverse_frequency_bins,q=5,Ridge,0.1,2,627,-4.389845494218379,-4.380913159983226,0.18384599937819454,0.14266220097199217,-4.41201703729221,-4.367256931122162
inverse_frequency_bins__ridge_alpha_0p1,inverse_frequency_bins,Scheme B: inverse_frequency_bins,q=5,Ridge,0.1,3,627,-4.345432732400398,-4.331413225194412,0.15895057298913362,0.1269327556682307,-4.367164403951932,-4.3225517689989035
inverse_frequency_bins__ridge_alpha_0p1,inverse_frequency_bins,Scheme B: inverse_frequency_bins,q=5,Ridge,0.1,4,627,-4.302604640880888,-4.310017104953102,0.17381400187304213,0.13553993040944134,-4.322461006074976,-4.28265980542393
inverse_frequency_bins__ridge_alpha_0p1,inverse_frequency_bins,Scheme B: inverse_frequency_bins,q=5,Ridge,0.1,5,627,-4.261854913321453,-4.27303154776385,0.18270827995826738,0.13502030702651363,-4.282603989135954,-4.239983287041825
inverse_frequency_bins__ridge_alpha_0p1,inverse_frequency_bins,Scheme B: inverse_frequency_bins,q=5,Ridge,0.1,6,627,-4.216394205283729,-4.237655955642183,0.1603297951868844,0.12518280954857797,-4.239977251146704,-4.191904925143588
inverse_frequency_bins__ridge_alpha_0p1,inverse_frequency_bins,Scheme B: inverse_frequency_bins,q=5,Ridge,0.1,7,627,-4.1626125801165745,-4.18415242644496,0.16932496710542427,0.12634343113575827,-4.191833157918021,-4.12998007353126
inverse_frequency_bins__ridge_alpha_0p1,inverse_frequency_bins,Scheme B: inverse_frequency_bins,q=5,Ridge,0.1,8,627,-4.087986397001022,-4.1132646363556855,0.1607180794362803,0.12716817759632387,-4.129979774267923,-4.034926908597924
inverse_frequency_bins__ridge_alpha_0p1,inverse_frequency_bins,Scheme B: inverse_frequency_bins,q=5,Ridge,0.1,9,627,-3.9013894638672286,-3.9281726854003813,0.23795053768602,0.13591908533618746,-4.03479758616508,-2.9942499842888157
inverse_frequency_bins__ridge_alpha_1,inverse_frequency_bins,Scheme B: inverse_frequency_bins,q=5,Ridge,1.0,0,627,-4.5629118228246135,-4.508715044395892,0.2145969766996164,0.1692798689934139,-5.070716408677624,-4.479924055611364
inverse_frequency_bins__ridge_alpha_1,inverse_frequency_bins,Scheme B: inverse_frequency_bins,q=5,Ridge,1.0,1,627,-4.443406353886745,-4.416599702052599,0.18201138854502366,0.1480212623125333,-4.479781522880981,-4.411878440853075
inverse_frequency_bins__ridge_alpha_1,inverse_frequency_bins,Scheme B: inverse_frequency_bins,q=5,Ridge,1.0,2,627,-4.389372517532976,-4.381788485510418,0.18495807672268594,0.1431928037195145,-4.41185214466363,-4.366255955879821
inverse_frequency_bins__ridge_alpha_1,inverse_frequency_bins,Scheme B: inverse_frequency_bins,q=5,Ridge,1.0,3,627,-4.345242465058604,-4.332400760570456,0.1578781515734523,0.1257572251243947,-4.3661463534781415,-4.323358427043208
inverse_frequency_bins__ridge_alpha_1,inverse_frequency_bins,Scheme B: inverse_frequency_bins,q=5,Ridge,1.0,4,627,-4.302582095910207,-4.310455844729625,0.17425476923986402,0.13546856474977986,-4.323324886630904,-4.282749437353001
inverse_frequency_bins__ridge_alpha_1,inverse_frequency_bins,Scheme B: inverse_frequency_bins,q=5,Ridge,1.0,5,627,-4.2620431504992045,-4.271471921724717,0.18307438302447512,0.13608756656975515,-4.282689198378856,-4.240659683039028
inverse_frequency_bins__ridge_alpha_1,inverse_frequency_bins,Scheme B: inverse_frequency_bins,q=5,Ridge,1.0,6,627,-4.216657072841052,-4.237087574775565,0.1593654513819869,0.12411447454548698,-4.240466815131454,-4.192301905223707
inverse_frequency_bins__ridge_alpha_1,inverse_frequency_bins,Scheme B: inverse_frequency_bins,q=5,Ridge,1.0,7,627,-4.163133303256299,-4.184236346130216,0.1698142075619347,0.1269598865712265,-4.1922226247468934,-4.131217512465044
inverse_frequency_bins__ridge_alpha_1,inverse_frequency_bins,Scheme B: inverse_frequency_bins,q=5,Ridge,1.0,8,627,-4.088556117873465,-4.11326554977138,0.15973290557034348,0.1260131248371094,-4.131166672584652,-4.035399025792824
inverse_frequency_bins__ridge_alpha_1,inverse_frequency_bins,Scheme B: inverse_frequency_bins,q=5,Ridge,1.0,9,627,-3.902170623122949,-3.9278561869549526,0.23787376864475193,0.13552423241891826,-4.03534836571028,-2.998898441594255
inverse_frequency_bins__ridge_alpha_10,inverse_frequency_bins,Scheme B: inverse_frequency_bins,q=5,Ridge,10.0,0,627,-4.55556833204691,-4.506768815002067,0.21250730772588539,0.16382769245779746,-5.047154830274384,-4.474920384189552
inverse_frequency_bins__ridge_alpha_10,inverse_frequency_bins,Scheme B: inverse_frequency_bins,q=5,Ridge,10.0,1,627,-4.440173191357791,-4.424254251588402,0.18437981939904285,0.14682297851051626,-4.4746392872022165,-4.410679427982816
inverse_frequency_bins__ridge_alpha_10,inverse_frequency_bins,Scheme B: inverse_frequency_bins,q=5,Ridge,10.0,2,627,-4.386395750438242,-4.379121296613788,0.18133362914364554,0.14128749910833946,-4.410647440154263,-4.3642748549199055
inverse_frequency_bins__ridge_alpha_10,inverse_frequency_bins,Scheme B: inverse_frequency_bins,q=5,Ridge,10.0,3,627,-4.34366404476149,-4.332277435655151,0.16048291147382476,0.12495363287364762,-4.364228050771718,-4.322666598402822
inverse_frequency_bins__ridge_alpha_10,inverse_frequency_bins,Scheme B: inverse_frequency_bins,q=5,Ridge,10.0,4,627,-4.302683630220522,-4.312202013012069,0.17096649616797935,0.1294121901243299,-4.322638561618983,-4.282179140882297
inverse_frequency_bins__ridge_alpha_10,inverse_frequency_bins,Scheme B: inverse_frequency_bins,q=5,Ridge,10.0,5,627,-4.262850194474064,-4.274455418235173,0.18541121261004037,0.14077164039054332,-4.282133264755479,-4.242144940306977
inverse_frequency_bins__ridge_alpha_10,inverse_frequency_bins,Scheme B: inverse_frequency_bins,q=5,Ridge,10.0,6,627,-4.21858211612868,-4.2305126784083384,0.15595972564535246,0.12078663936808441,-4.242132909150551,-4.1950509876913324
inverse_frequency_bins__ridge_alpha_10,inverse_frequency_bins,Scheme B: inverse_frequency_bins,q=5,Ridge,10.0,7,627,-4.166601364114034,-4.189271909502689,0.1691184053170291,0.1277995452050755,-4.195049483326333,-4.133309540848404
inverse_frequency_bins__ridge_alpha_10,inverse_frequency_bins,Scheme B: inverse_frequency_bins,q=5,Ridge,10.0,8,627,-4.09249730728689,-4.112891069393603,0.16163656298673934,0.1263602430679793,-4.133104061522115,-4.041901134347809
inverse_frequency_bins__ridge_alpha_10,inverse_frequency_bins,Scheme B: inverse_frequency_bins,q=5,Ridge,10.0,9,627,-3.9070991936111743,-3.9221225292045414,0.23113891816151796,0.13002265117360057,-4.0418914609458225,-3.0304447502980305
inverse_frequency_bins__ridge_alpha_100,inverse_frequency_bins,Scheme B: inverse_frequency_bins,q=5,Ridge,100.0,0,627,-4.536888324441942,-4.516004714496106,0.20811518400259774,0.15456479345971005,-4.8863525821896765,-4.464817477136404
inverse_frequency_bins__ridge_alpha_100,inverse_frequency_bins,Scheme B: inverse_frequency_bins,q=5,Ridge,100.0,1,628,-4.431751225092708,-4.42021100621573,0.18596592183244737,0.14496134747376047,-4.464682481615765,-4.4040017995471965
inverse_frequency_bins__ridge_alpha_100,inverse_frequency_bins,Scheme B: inverse_frequency_bins,q=5,Ridge,100.0,2,626,-4.381305047340653,-4.376904847133959,0.17514844958632686,0.13542261010445333,-4.403997461071837,-4.3592647301460765
inverse_frequency_bins__ridge_alpha_100,inverse_frequency_bins,Scheme B: inverse_frequency_bins,q=5,Ridge,100.0,3,627,-4.339999627314502,-4.343434719767048,0.1684218067796752,0.12829222712115354,-4.359247454803337,-4.320332614752145
inverse_frequency_bins__ridge_alpha_100,inverse_frequency_bins,Scheme B: inverse_frequency_bins,q=5,Ridge,100.0,4,627,-4.302460615486504,-4.302287151220794,0.1668057657493231,0.1287928380101503,-4.320325201676607,-4.284574238636216
inverse_frequency_bins__ridge_alpha_100,inverse_frequency_bins,Scheme B: inverse_frequency_bins,q=5,Ridge,100.0,5,628,-4.265060354148194,-4.271830386153061,0.18394273435839834,0.13498203403112238,-4.284567000549976,-4.245880799635208
inverse_frequency_bins__ridge_alpha_100,inverse_frequency_bins,Scheme B: inverse_frequency_bins,q=5,Ridge,100.0,6,626,-4.223173384469594,-4.22239248760065,0.1597152773212827,0.12463315818847756,-4.245866356426365,-4.199734681628825
inverse_frequency_bins__ridge_alpha_100,inverse_frequency_bins,Scheme B: inverse_frequency_bins,q=5,Ridge,100.0,7,628,-4.1736823845665825,-4.198056811497313,0.1662038543044903,0.1258141690813539,-4.19961898969456,-4.145271736436108
inverse_frequency_bins__ridge_alpha_100,inverse_frequency_bins,Scheme B: inverse_frequency_bins,q=5,Ridge,100.0,8,627,-4.1028884030824235,-4.114759521482605,0.15352921844454556,0.1195277908220341,-4.145251039478157,-4.045180662652459
inverse_frequency_bins__ridge_alpha_100,inverse_frequency_bins,Scheme B: inverse_frequency_bins,q=5,Ridge,100.0,9,626,-3.9192706069787318,-3.917400235748105,0.23057267515602656,0.130486127703211,-4.044725714886746,-3.1366164295849366
high_tail_step__ridge_alpha_0p01,high_tail_step,Scheme C: high_tail_step,,Ridge,0.01,0,627,-4.544452925934332,-4.498380160416224,0.21225302082449485,0.16392611203043336,-4.946211106521367,-4.462437244759338
high_tail_step__ridge_alpha_0p01,high_tail_step,Scheme C: high_tail_step,,Ridge,0.01,1,627,-4.425748488322108,-4.418463272865141,0.18413558094528348,0.14872786241771446,-4.462408595230318,-4.39633541736793
high_tail_step__ridge_alpha_0p01,high_tail_step,Scheme C: high_tail_step,,Ridge,0.01,2,627,-4.372092775320781,-4.38382080332742,0.1869662340395891,0.14133459766682857,-4.396258185391466,-4.348784417281186
high_tail_step__ridge_alpha_0p01,high_tail_step,Scheme C: high_tail_step,,Ridge,0.01,3,627,-4.327465104931146,-4.338519695666486,0.16758365826413626,0.13120279301288368,-4.34877705729809,-4.306622945609402
high_tail_step__ridge_alpha_0p01,high_tail_step,Scheme C: high_tail_step,,Ridge,0.01,4,627,-4.286450640222248,-4.307175606783708,0.17398224725175082,0.13337163592063134,-4.30660683807045,-4.267434228132773
high_tail_step__ridge_alpha_0p01,high_tail_step,Scheme C: high_tail_step,,Ridge,0.01,5,627,-4.24529197111073,-4.278762040687607,0.17188384844246218,0.1312019777576197,-4.267311830711034,-4.222702011670684
high_tail_step__ridge_alpha_0p01,high_tail_step,Scheme C: high_tail_step,,Ridge,0.01,6,627,-4.198244764869097,-4.240130971168131,0.16845480401407342,0.13325549756291438,-4.222693967201388,-4.1722812938897205
high_tail_step__ridge_alpha_0p01,high_tail_step,Scheme C: high_tail_step,,Ridge,0.01,7,629,-4.141756845333473,-4.1824212982356626,0.16694667496017043,0.13005815097004655,-4.1721684409336435,-4.109420401938987
high_tail_step__ridge_alpha_0p01,high_tail_step,Scheme C: high_tail_step,,Ridge,0.01,8,625,-4.065606855212001,-4.108631641221165,0.1581517261865263,0.12654915121965263,-4.109395160107942,-4.008875404613482
high_tail_step__ridge_alpha_0p01,high_tail_step,Scheme C: high_tail_step,,Ridge,0.01,9,627,-3.8752226447645994,-3.9273365525376907,0.2382283643634106,0.13844747855797737,-4.008743836120823,-2.9488010531219775
high_tail_step__ridge_alpha_0p1,high_tail_step,Scheme C: high_tail_step,,Ridge,0.1,0,627,-4.544324172151217,-4.497966617958197,0.21230666486651853,0.16384203099768868,-4.946336738109046,-4.462420441271705
high_tail_step__ridge_alpha_0p1,high_tail_step,Scheme C: high_tail_step,,Ridge,0.1,1,627,-4.425683580709479,-4.420811415208231,0.1854680692533241,0.14947909899925768,-4.462293617777016,-4.396441265107311
high_tail_step__ridge_alpha_0p1,high_tail_step,Scheme C: high_tail_step,,Ridge,0.1,2,627,-4.372043943689548,-4.381907256178004,0.18547349647491018,0.14066712500005332,-4.396338289725017,-4.348895007105977
high_tail_step__ridge_alpha_0p1,high_tail_step,Scheme C: high_tail_step,,Ridge,0.1,3,627,-4.327431468953198,-4.338426585560479,0.1673992176391117,0.13098788244084375,-4.348862373195464,-4.306632300239665
high_tail_step__ridge_alpha_0p1,high_tail_step,Scheme C: high_tail_step,,Ridge,0.1,4,627,-4.286447575990896,-4.307762319746181,0.17401613373186825,0.13350072944544822,-4.306614924653214,-4.267376517081627
high_tail_step__ridge_alpha_0p1,high_tail_step,Scheme C: high_tail_step,,Ridge,0.1,5,627,-4.245291504669774,-4.278247385095497,0.17184303307131749,0.13108900697194517,-4.267302758387623,-4.222766347782224
high_tail_step__ridge_alpha_0p1,high_tail_step,Scheme C: high_tail_step,,Ridge,0.1,6,627,-4.198279450809757,-4.240282684303915,0.16834068907395378,0.1330740820523727,-4.222749381329422,-4.172392082511994
high_tail_step__ridge_alpha_0p1,high_tail_step,Scheme C: high_tail_step,,Ridge,0.1,7,628,-4.1418520443948585,-4.182554751793391,0.16698922344978603,0.13022887016220047,-4.172342199743683,-4.109532984843147
high_tail_step__ridge_alpha_0p1,high_tail_step,Scheme C: high_tail_step,,Ridge,0.1,8,626,-4.065726454174207,-4.108750880983529,0.15791607850903536,0.1265085064972209,-4.109469445226268,-4.009135672223972
high_tail_step__ridge_alpha_0p1,high_tail_step,Scheme C: high_tail_step,,Ridge,0.1,9,627,-3.8752873388892204,-3.927049810265576,0.23811885136142386,0.1383710808068698,-4.009022703959647,-2.949121871060426
high_tail_step__ridge_alpha_1,high_tail_step,Scheme C: high_tail_step,,Ridge,1.0,0,627,-4.543102530504447,-4.497834682284707,0.21251189298801992,0.16368970930149435,-4.94734024026131,-4.4612389254823634
high_tail_step__ridge_alpha_1,high_tail_step,Scheme C: high_tail_step,,Ridge,1.0,1,627,-4.425090989676838,-4.421743346448572,0.1851521791211551,0.14862743945813678,-4.461201365760367,-4.395996155173574
high_tail_step__ridge_alpha_1,high_tail_step,Scheme C: high_tail_step,,Ridge,1.0,2,627,-4.371574031063162,-4.3810144678925065,0.1863093435132651,0.14189543319149156,-4.395836641981614,-4.348482661664955
high_tail_step__ridge_alpha_1,high_tail_step,Scheme C: high_tail_step,,Ridge,1.0,3,627,-4.327120189627529,-4.340085962781735,0.16610225166773737,0.12951277410450873,-4.348431282524501,-4.306071677421911
high_tail_step__ridge_alpha_1,high_tail_step,Scheme C: high_tail_step,,Ridge,1.0,4,627,-4.286393453755938,-4.307630634096248,0.1743520201926627,0.13365619595905012,-4.306039824465798,-4.267277762556686
high_tail_step__ridge_alpha_1,high_tail_step,Scheme C: high_tail_step,,Ridge,1.0,5,627,-4.245309219190313,-4.27781610281031,0.1712250188368683,0.1308122483182242,-4.267102093262023,-4.222782586536966
high_tail_step__ridge_alpha_1,high_tail_step,Scheme C: high_tail_step,,Ridge,1.0,6,627,-4.198592363214448,-4.240366869340788,0.16790245864330247,0.13229987893744308,-4.222753815170204,-4.1728121950820425
high_tail_step__ridge_alpha_1,high_tail_step,Scheme C: high_tail_step,,Ridge,1.0,7,627,-4.142317499185213,-4.183065494513399,0.16607418302485658,0.12980056152444233,-4.1726860421852825,-4.110153276690831
high_tail_step__ridge_alpha_1,high_tail_step,Scheme C: high_tail_step,,Ridge,1.0,8,627,-4.066254282093904,-4.107467602364192,0.15798097964739935,0.12649410376933348,-4.1099837790132385,-4.009317991767407
high_tail_step__ridge_alpha_1,high_tail_step,Scheme C: high_tail_step,,Ridge,1.0,9,627,-3.8758993754259237,-3.926852254083367,0.23803444294096873,0.1378691867488761,-4.008641630377807,-2.952124320035465
high_tail_step__ridge_alpha_10,high_tail_step,Scheme C: high_tail_step,,Ridge,10.0,0,627,-4.535138666178096,-4.502590920085982,0.21197154284172848,0.16101797097561135,-4.942987861559618,-4.4567322678431305
high_tail_step__ridge_alpha_10,high_tail_step,Scheme C: high_tail_step,,Ridge,10.0,1,627,-4.4212965626220875,-4.421855680870919,0.1829515678675595,0.14508685895347448,-4.456650773570558,-4.392728854809639
high_tail_step__ridge_alpha_10,high_tail_step,Scheme C: high_tail_step,,Ridge,10.0,2,627,-4.368598211035888,-4.38394472366413,0.18352187070983556,0.14179055515482972,-4.392547219293771,-4.344992356590981
high_tail_step__ridge_alpha_10,high_tail_step,Scheme C: high_tail_step,,Ridge,10.0,3,627,-4.325219406707606,-4.335986366957729,0.16491870403047548,0.12565515382717507,-4.344879203737022,-4.304690758868494
high_tail_step__ridge_alpha_10,high_tail_step,Scheme C: high_tail_step,,Ridge,10.0,4,627,-4.285527859202215,-4.304919504076661,0.17204862448244168,0.13200731531480184,-4.304686931592617,-4.266255943806742
high_tail_step__ridge_alpha_10,high_tail_step,Scheme C: high_tail_step,,Ridge,10.0,5,627,-4.245408984255087,-4.276780601357877,0.17437677756887415,0.13225351927647608,-4.266214659788734,-4.223136026595575
high_tail_step__ridge_alpha_10,high_tail_step,Scheme C: high_tail_step,,Ridge,10.0,6,627,-4.200242224963576,-4.241409653882205,0.16820518967784376,0.13086644720004892,-4.223126901046733,-4.174440993193352
high_tail_step__ridge_alpha_10,high_tail_step,Scheme C: high_tail_step,,Ridge,10.0,7,627,-4.145258024316111,-4.182932283161474,0.16610736961513092,0.1283021998874821,-4.174170729551182,-4.1142832438517685
high_tail_step__ridge_alpha_10,high_tail_step,Scheme C: high_tail_step,,Ridge,10.0,8,627,-4.0691393978733625,-4.112843813983288,0.15735647954435616,0.12642614514564987,-4.11423818512967,-4.012473096535083
high_tail_step__ridge_alpha_10,high_tail_step,Scheme C: high_tail_step,,Ridge,10.0,9,627,-3.8797041436613613,-3.920613868575556,0.23287386584401948,0.13310257207190543,-4.012323452925196,-2.9713860825160467
high_tail_step__ridge_alpha_100,high_tail_step,Scheme C: high_tail_step,,Ridge,100.0,0,627,-4.5150004080434805,-4.512190121833768,0.20563640327397995,0.15270718073875383,-4.828157047180243,-4.442805192360641
high_tail_step__ridge_alpha_100,high_tail_step,Scheme C: high_tail_step,,Ridge,100.0,1,627,-4.41163844616901,-4.416860659865607,0.18958593507951613,0.14676287982629702,-4.442420581947723,-4.383478702824619
high_tail_step__ridge_alpha_100,high_tail_step,Scheme C: high_tail_step,,Ridge,100.0,2,627,-4.361762927206209,-4.384328127328818,0.17154978694240372,0.13246198695294945,-4.383438277320204,-4.3410681964094495
high_tail_step__ridge_alpha_100,high_tail_step,Scheme C: high_tail_step,,Ridge,100.0,3,627,-4.32080871376169,-4.3408072197285685,0.17131061259162086,0.13173337004007765,-4.341023271879034,-4.301017480491658
high_tail_step__ridge_alpha_100,high_tail_step,Scheme C: high_tail_step,,Ridge,100.0,4,627,-4.283346390100564,-4.30890160393056,0.17296178913967183,0.13141185109833636,-4.300963161930655,-4.264805295249761
high_tail_step__ridge_alpha_100,high_tail_step,Scheme C: high_tail_step,,Ridge,100.0,5,627,-4.245011353154789,-4.270235533873679,0.1677300946117993,0.13097790438540124,-4.264780698396406,-4.225912969677388
high_tail_step__ridge_alpha_100,high_tail_step,Scheme C: high_tail_step,,Ridge,100.0,6,627,-4.202163815780554,-4.229858019533659,0.16332405528521365,0.12713280561727092,-4.225600270486445,-4.178170159593825
high_tail_step__ridge_alpha_100,high_tail_step,Scheme C: high_tail_step,,Ridge,100.0,7,627,-4.151367569641197,-4.1896537506858,0.16698570283654626,0.12735019196619596,-4.178143823607381,-4.120174920600439
high_tail_step__ridge_alpha_100,high_tail_step,Scheme C: high_tail_step,,Ridge,100.0,8,627,-4.07599897315789,-4.114895631721674,0.15904279374322802,0.12371191760517355,-4.119737753935434,-4.0177507373956844
high_tail_step__ridge_alpha_100,high_tail_step,Scheme C: high_tail_step,,Ridge,100.0,9,627,-3.888258657065277,-3.9161467481136882,0.230254604237058,0.1284568167071695,-4.0177171679951424,-3.0385306650490604
aggressive_high_tail_step__ridge_alpha_0p01,aggressive_high_tail_step,Scheme D: aggressive_high_tail_step,,Ridge,0.01,0,627,-4.531023196721757,-4.495180865954692,0.21356585356223184,0.16372754694966055,-4.893104726818917,-4.449475292863016
aggressive_high_tail_step__ridge_alpha_0p01,aggressive_high_tail_step,Scheme D: aggressive_high_tail_step,,Ridge,0.01,1,627,-4.415025564705146,-4.417873242805263,0.17751408442521263,0.1412736367856558,-4.4494395269717035,-4.384333441718352
aggressive_high_tail_step__ridge_alpha_0p01,aggressive_high_tail_step,Scheme D: aggressive_high_tail_step,,Ridge,0.01,2,627,-4.361511867123462,-4.381872177506879,0.19411322827860997,0.14880889422656832,-4.3841920921029836,-4.338405645847008
aggressive_high_tail_step__ridge_alpha_0p01,aggressive_high_tail_step,Scheme D: aggressive_high_tail_step,,Ridge,0.01,3,627,-4.318299762690994,-4.345812183398036,0.17129424104549734,0.1340890884855094,-4.33839204263657,-4.298378151995335
aggressive_high_tail_step__ridge_alpha_0p01,aggressive_high_tail_step,Scheme D: aggressive_high_tail_step,,Ridge,0.01,4,627,-4.278181669424293,-4.304667754221646,0.17022797766117337,0.13093463668901573,-4.2983708583204905,-4.25826401094108
aggressive_high_tail_step__ridge_alpha_0p01,aggressive_high_tail_step,Scheme D: aggressive_high_tail_step,,Ridge,0.01,5,627,-4.236836139490193,-4.277407680771588,0.17050234150785543,0.13181466676524434,-4.258194255336402,-4.21456181286085
aggressive_high_tail_step__ridge_alpha_0p01,aggressive_high_tail_step,Scheme D: aggressive_high_tail_step,,Ridge,0.01,6,629,-4.190396110717979,-4.243250228230897,0.16993044139155927,0.1351741966337644,-4.214541198938247,-4.164451299386902
aggressive_high_tail_step__ridge_alpha_0p01,aggressive_high_tail_step,Scheme D: aggressive_high_tail_step,,Ridge,0.01,7,625,-4.1336456362351575,-4.180279052002854,0.16401068542220398,0.13048830775001916,-4.1644457433593205,-4.102281374999808
aggressive_high_tail_step__ridge_alpha_0p01,aggressive_high_tail_step,Scheme D: aggressive_high_tail_step,,Ridge,0.01,8,627,-4.058035731350928,-4.108371275406417,0.15920535675248065,0.12961446738645507,-4.102237700638212,-4.00208403820207
aggressive_high_tail_step__ridge_alpha_0p01,aggressive_high_tail_step,Scheme D: aggressive_high_tail_step,,Ridge,0.01,9,627,-3.868286719168708,-3.928962091321609,0.2419106546498992,0.14100415045572817,-4.001842819835884,-2.9504597514620587
aggressive_high_tail_step__ridge_alpha_0p1,aggressive_high_tail_step,Scheme D: aggressive_high_tail_step,,Ridge,0.1,0,627,-4.530885883929525,-4.495180865954692,0.21356585356223184,0.16367252330285653,-4.892051275392722,-4.449404466121777
aggressive_high_tail_step__ridge_alpha_0p1,aggressive_high_tail_step,Scheme D: aggressive_high_tail_step,,Ridge,0.1,1,627,-4.414953586926045,-4.417873242805263,0.17751408442521263,0.1412451441575691,-4.449315334881933,-4.384219719874558
aggressive_high_tail_step__ridge_alpha_0p1,aggressive_high_tail_step,Scheme D: aggressive_high_tail_step,,Ridge,0.1,2,627,-4.361461606457109,-4.382262293305447,0.19433790093745892,0.14906738797411645,-4.3839814110784845,-4.338335203892036
aggressive_high_tail_step__ridge_alpha_0p1,aggressive_high_tail_step,Scheme D: aggressive_high_tail_step,,Ridge,0.1,3,627,-4.318270728231511,-4.345815544020275,0.17080107516893886,0.1338123905710038,-4.338260240413,-4.298375456861813
aggressive_high_tail_step__ridge_alpha_0p1,aggressive_high_tail_step,Scheme D: aggressive_high_tail_step,,Ridge,0.1,4,627,-4.27816295246708,-4.304483048460477,0.17032541995345088,0.13109713800358336,-4.298371536153974,-4.258555713590584
aggressive_high_tail_step__ridge_alpha_0p1,aggressive_high_tail_step,Scheme D: aggressive_high_tail_step,,Ridge,0.1,5,627,-4.236836269624926,-4.2771126109653395,0.17032755360927923,0.13148140778222117,-4.258285971719968,-4.214796366386008
aggressive_high_tail_step__ridge_alpha_0p1,aggressive_high_tail_step,Scheme D: aggressive_high_tail_step,,Ridge,0.1,6,627,-4.190514625760569,-4.243786076412753,0.1702348950990805,0.13549360476043662,-4.21465588768507,-4.164417772326096
aggressive_high_tail_step__ridge_alpha_0p1,aggressive_high_tail_step,Scheme D: aggressive_high_tail_step,,Ridge,0.1,7,627,-4.133778198223115,-4.180223884091686,0.16367825324996327,0.1303914341121521,-4.164371119026462,-4.102300185204462
aggressive_high_tail_step__ridge_alpha_0p1,aggressive_high_tail_step,Scheme D: aggressive_high_tail_step,,Ridge,0.1,8,627,-4.058087023979756,-4.108305084399167,0.15923148097630818,0.12952696565964716,-4.10225158294138,-4.002098206807608
aggressive_high_tail_step__ridge_alpha_0p1,aggressive_high_tail_step,Scheme D: aggressive_high_tail_step,,Ridge,0.1,9,627,-3.8683483930407645,-3.9288347662007252,0.2417593658368153,0.1408270941367353,-4.0020042819556,-2.9507451030235567
aggressive_high_tail_step__ridge_alpha_1,aggressive_high_tail_step,Scheme D: aggressive_high_tail_step,,Ridge,1.0,0,627,-4.529600232116987,-4.495911435401756,0.21345391779018244,0.16323865573219953,-4.885080420831388,-4.449141733439196
aggressive_high_tail_step__ridge_alpha_1,aggressive_high_tail_step,Scheme D: aggressive_high_tail_step,,Ridge,1.0,1,627,-4.414277570021689,-4.4203753395355765,0.17843382495928986,0.14211276725509076,-4.449108168264628,-4.38401802448239
aggressive_high_tail_step__ridge_alpha_1,aggressive_high_tail_step,Scheme D: aggressive_high_tail_step,,Ridge,1.0,2,627,-4.360980439509296,-4.380561692248251,0.1932882838416662,0.14868380111902552,-4.383809713062016,-4.33805259550755
aggressive_high_tail_step__ridge_alpha_1,aggressive_high_tail_step,Scheme D: aggressive_high_tail_step,,Ridge,1.0,3,627,-4.3179915026230065,-4.344730478263273,0.16848065430237988,0.13129976486741196,-4.337994919674427,-4.298074619513061
aggressive_high_tail_step__ridge_alpha_1,aggressive_high_tail_step,Scheme D: aggressive_high_tail_step,,Ridge,1.0,4,627,-4.277965556750356,-4.304181528090615,0.17101836776453322,0.1316654592952881,-4.29797475942683,-4.259038440283893
aggressive_high_tail_step__ridge_alpha_1,aggressive_high_tail_step,Scheme D: aggressive_high_tail_step,,Ridge,1.0,5,627,-4.236837937408746,-4.27644933098148,0.17061902355916533,0.1313968465400438,-4.259035671199299,-4.2147784894634155
aggressive_high_tail_step__ridge_alpha_1,aggressive_high_tail_step,Scheme D: aggressive_high_tail_step,,Ridge,1.0,6,627,-4.190861751849295,-4.244055853833464,0.1710692656603698,0.13574248729402927,-4.214569368846876,-4.164324960762366
aggressive_high_tail_step__ridge_alpha_1,aggressive_high_tail_step,Scheme D: aggressive_high_tail_step,,Ridge,1.0,7,627,-4.134109403402711,-4.180412717860455,0.16338656213228367,0.1301906405193558,-4.164283128957925,-4.10272528510546
aggressive_high_tail_step__ridge_alpha_1,aggressive_high_tail_step,Scheme D: aggressive_high_tail_step,,Ridge,1.0,8,627,-4.058562897014369,-4.108757839954005,0.1591975867060681,0.1292195442791541,-4.102514491746066,-4.002226418933798
aggressive_high_tail_step__ridge_alpha_1,aggressive_high_tail_step,Scheme D: aggressive_high_tail_step,,Ridge,1.0,9,627,-3.868920157688897,-3.9284412004469464,0.24138842969406032,0.13997970501840828,-4.001646760384493,-2.953406247957343
aggressive_high_tail_step__ridge_alpha_10,aggressive_high_tail_step,Scheme D: aggressive_high_tail_step,,Ridge,10.0,0,627,-4.521253009110647,-4.498390684961419,0.2108929960973685,0.15905353171529815,-4.888276203186762,-4.446307642854139
aggressive_high_tail_step__ridge_alpha_10,aggressive_high_tail_step,Scheme D: aggressive_high_tail_step,,Ridge,10.0,1,628,-4.410086644385332,-4.420193181871612,0.18567130630742198,0.1456677019268409,-4.446107658971013,-4.382100757555011
aggressive_high_tail_step__ridge_alpha_10,aggressive_high_tail_step,Scheme D: aggressive_high_tail_step,,Ridge,10.0,2,626,-4.357833465523258,-4.3824988583191935,0.18417229688357478,0.14126820855858413,-4.381954225741601,-4.334924166924144
aggressive_high_tail_step__ridge_alpha_10,aggressive_high_tail_step,Scheme D: aggressive_high_tail_step,,Ridge,10.0,3,627,-4.315929702661887,-4.345880374544048,0.16625343052384378,0.12811991321685637,-4.334921724975901,-4.295781680738324
aggressive_high_tail_step__ridge_alpha_10,aggressive_high_tail_step,Scheme D: aggressive_high_tail_step,,Ridge,10.0,4,627,-4.276783738584463,-4.303915795789733,0.1738548467585339,0.134845669118337,-4.295707914074442,-4.257950155361388
aggressive_high_tail_step__ridge_alpha_10,aggressive_high_tail_step,Scheme D: aggressive_high_tail_step,,Ridge,10.0,5,627,-4.236740090510173,-4.272957777518836,0.17242852916755827,0.13206776545862806,-4.257856202874931,-4.214929895154964
aggressive_high_tail_step__ridge_alpha_10,aggressive_high_tail_step,Scheme D: aggressive_high_tail_step,,Ridge,10.0,6,627,-4.192356405119055,-4.24555958783991,0.1691302663769701,0.13358538906113346,-4.214744931826686,-4.1664120568650365
aggressive_high_tail_step__ridge_alpha_10,aggressive_high_tail_step,Scheme D: aggressive_high_tail_step,,Ridge,10.0,7,627,-4.1367808259278025,-4.179973411051684,0.16367668388673706,0.12749564499293084,-4.166219267304892,-4.104673352942718
aggressive_high_tail_step__ridge_alpha_10,aggressive_high_tail_step,Scheme D: aggressive_high_tail_step,,Ridge,10.0,8,627,-4.060990457082347,-4.1124963450575605,0.1577621663111016,0.1294362069669795,-4.104329476092587,-4.004276908419123
aggressive_high_tail_step__ridge_alpha_10,aggressive_high_tail_step,Scheme D: aggressive_high_tail_step,,Ridge,10.0,9,627,-3.8725284784055747,-3.921951281123468,0.23534998253919545,0.13433971195918143,-4.004120468562035,-2.97022408383626
aggressive_high_tail_step__ridge_alpha_100,aggressive_high_tail_step,Scheme D: aggressive_high_tail_step,,Ridge,100.0,0,627,-4.50029332155586,-4.508619952303614,0.20580167025256088,0.15355376656367511,-4.790697590327054,-4.431325229358894
aggressive_high_tail_step__ridge_alpha_100,aggressive_high_tail_step,Scheme D: aggressive_high_tail_step,,Ridge,100.0,1,627,-4.399493455796927,-4.4147863204137865,0.18813979539258058,0.1446088984012457,-4.431186263615089,-4.373267445854764
aggressive_high_tail_step__ridge_alpha_100,aggressive_high_tail_step,Scheme D: aggressive_high_tail_step,,Ridge,100.0,2,627,-4.3507250720476,-4.385056606114631,0.17455616184164124,0.13519606321544456,-4.373083738196169,-4.32969590377504
aggressive_high_tail_step__ridge_alpha_100,aggressive_high_tail_step,Scheme D: aggressive_high_tail_step,,Ridge,100.0,3,627,-4.310773794053255,-4.3403579781452235,0.1727180639563088,0.13194127783274767,-4.3296875988890235,-4.291803670140261
aggressive_high_tail_step__ridge_alpha_100,aggressive_high_tail_step,Scheme D: aggressive_high_tail_step,,Ridge,100.0,4,627,-4.273863217265156,-4.3122948299711785,0.1759537726218135,0.1352629757317066,-4.291607321815442,-4.255389583078201
aggressive_high_tail_step__ridge_alpha_100,aggressive_high_tail_step,Scheme D: aggressive_high_tail_step,,Ridge,100.0,5,627,-4.235358502308668,-4.268196823157387,0.16691678821128303,0.13178200441784726,-4.255376085300147,-4.216106604024493
aggressive_high_tail_step__ridge_alpha_100,aggressive_high_tail_step,Scheme D: aggressive_high_tail_step,,Ridge,100.0,6,627,-4.192947525358156,-4.235464167698857,0.16283261400827126,0.12874241999315156,-4.216013317453942,-4.1695488141110815
aggressive_high_tail_step__ridge_alpha_100,aggressive_high_tail_step,Scheme D: aggressive_high_tail_step,,Ridge,100.0,7,627,-4.1422965292459235,-4.18746546927938,0.16848235078558516,0.13025726034517796,-4.169427722479127,-4.110315985353994
aggressive_high_tail_step__ridge_alpha_100,aggressive_high_tail_step,Scheme D: aggressive_high_tail_step,,Ridge,100.0,8,627,-4.066464713461603,-4.115511191156775,0.15922749947194434,0.12447041515920655,-4.1098342139421735,-4.0084452973907165
aggressive_high_tail_step__ridge_alpha_100,aggressive_high_tail_step,Scheme D: aggressive_high_tail_step,,Ridge,100.0,9,627,-3.8800933806673226,-3.91612407837499,0.23016890827739334,0.12916451661076048,-4.008392853044081,-3.0315235102196514
recall_focused_near_threshold__ridge_alpha_0p01,recall_focused_near_threshold,Scheme F: recall_focused_near_threshold,,Ridge,0.01,0,627,-4.511578938467801,-4.499279590651298,0.21265093749621325,0.15992361582163678,-4.862369381056334,-4.425017999788103
recall_focused_near_threshold__ridge_alpha_0p01,recall_focused_near_threshold,Scheme F: recall_focused_near_threshold,,Ridge,0.01,1,627,-4.386623169615143,-4.422020212781761,0.17741971071929089,0.1404923537669412,-4.424722833182206,-4.3563912501514
recall_focused_near_threshold__ridge_alpha_0p01,recall_focused_near_threshold,Scheme F: recall_focused_near_threshold,,Ridge,0.01,2,627,-4.331711167205719,-4.371208893288442,0.19059624722241184,0.14663438199101078,-4.356259322872771,-4.310289434280048
recall_focused_near_threshold__ridge_alpha_0p01,recall_focused_near_threshold,Scheme F: recall_focused_near_threshold,,Ridge,0.01,3,627,-4.289230124835879,-4.338812259440883,0.16795384966637913,0.13458081393681956,-4.310225263368696,-4.269175412381616
recall_focused_near_threshold__ridge_alpha_0p01,recall_focused_near_threshold,Scheme F: recall_focused_near_threshold,,Ridge,0.01,4,627,-4.24928914183618,-4.307822335354903,0.17321294083948777,0.1396678305873894,-4.269131437798736,-4.230081005757465
recall_focused_near_threshold__ridge_alpha_0p01,recall_focused_near_threshold,Scheme F: recall_focused_near_threshold,,Ridge,0.01,5,627,-4.21020182450497,-4.270512799753044,0.1716811156233225,0.13448915934987885,-4.230045301090318,-4.189458462135825
recall_focused_near_threshold__ridge_alpha_0p01,recall_focused_near_threshold,Scheme F: recall_focused_near_threshold,,Ridge,0.01,6,627,-4.168832138410308,-4.246287784585164,0.17331916805229788,0.144346650267887,-4.18945579977668,-4.145325246539411
recall_focused_near_threshold__ridge_alpha_0p01,recall_focused_near_threshold,Scheme F: recall_focused_near_threshold,,Ridge,0.01,7,627,-4.119542740562158,-4.1852347084544546,0.16693490297343822,0.13690768175743392,-4.1452940798500375,-4.091639214808632
recall_focused_near_threshold__ridge_alpha_0p01,recall_focused_near_threshold,Scheme F: recall_focused_near_threshold,,Ridge,0.01,8,627,-4.052129738136035,-4.112659850818881,0.16235474128012503,0.13340076027382408,-4.0916256826806565,-4.004257812855877
recall_focused_near_threshold__ridge_alpha_0p01,recall_focused_near_threshold,Scheme F: recall_focused_near_threshold,,Ridge,0.01,9,627,-3.877574920639485,-3.9300389814869927,0.24488670006201008,0.14119490128980844,-4.0041544119257,-2.9822528313197885
recall_focused_near_threshold__ridge_alpha_0p1,recall_focused_near_threshold,Scheme F: recall_focused_near_threshold,,Ridge,0.1,0,627,-4.5114391324362515,-4.499279590651298,0.21265093749621325,0.15988002019171874,-4.8621490765576,-4.425052747180727
recall_focused_near_threshold__ridge_alpha_0p1,recall_focused_near_threshold,Scheme F: recall_focused_near_threshold,,Ridge,0.1,1,627,-4.386537103286539,-4.422192653275401,0.17748983378660907,0.1406564461604709,-4.424396777990273,-4.35626283018572
recall_focused_near_threshold__ridge_alpha_0p1,recall_focused_near_threshold,Scheme F: recall_focused_near_threshold,,Ridge,0.1,2,627,-4.331649429735515,-4.371036452794802,0.19048472561210852,0.14642765914827757,-4.356243315145109,-4.310201011451083
recall_focused_near_threshold__ridge_alpha_0p1,recall_focused_near_threshold,Scheme F: recall_focused_near_threshold,,Ridge,0.1,3,627,-4.289188634658256,-4.339113381011173,0.16756581269729173,0.13428004624977885,-4.3101623821454895,-4.269223338326162
recall_focused_near_threshold__ridge_alpha_0p1,recall_focused_near_threshold,Scheme F: recall_focused_near_threshold,,Ridge,0.1,4,627,-4.2492734901657565,-4.307150102484928,0.17379477770076035,0.13996323069747058,-4.269187539522413,-4.230058053527219
recall_focused_near_threshold__ridge_alpha_0p1,recall_focused_near_threshold,Scheme F: recall_focused_near_threshold,,Ridge,0.1,5,627,-4.210197150651072,-4.2709459813334805,0.1714781128607352,0.13451470726151554,-4.23001091820468,-4.189540433298062
recall_focused_near_threshold__ridge_alpha_0p1,recall_focused_near_threshold,Scheme F: recall_focused_near_threshold,,Ridge,0.1,6,627,-4.1688664608362025,-4.245613157207806,0.17289747970789346,0.14363282344481013,-4.1894877256701815,-4.145401307910864
recall_focused_near_threshold__ridge_alpha_0p1,recall_focused_near_threshold,Scheme F: recall_focused_near_threshold,,Ridge,0.1,7,627,-4.119574125129925,-4.1852067472691505,0.16783304005147273,0.13737930855929198,-4.145376959677778,-4.091710375579446
recall_focused_near_threshold__ridge_alpha_0p1,recall_focused_near_threshold,Scheme F: recall_focused_near_threshold,,Ridge,0.1,8,627,-4.052182684930055,-4.1136325476373585,0.16217834823663924,0.13346930502808368,-4.0916478483853655,-4.004433047473717
recall_focused_near_threshold__ridge_alpha_0p1,recall_focused_near_threshold,Scheme F: recall_focused_near_threshold,,Ridge,0.1,9,627,-3.877634990188864,-3.9297068029504256,0.24478628451920942,0.14114820893949034,-4.00432109114716,-2.9825395416973843
recall_focused_near_threshold__ridge_alpha_1,recall_focused_near_threshold,Scheme F: recall_focused_near_threshold,,Ridge,1.0,0,627,-4.510116622195997,-4.499337464027832,0.21277455111100282,0.15958534738300803,-4.859614492153771,-4.423641664768201
recall_focused_near_threshold__ridge_alpha_1,recall_focused_near_threshold,Scheme F: recall_focused_near_threshold,,Ridge,1.0,1,627,-4.3857296266694314,-4.423432754636938,0.17691690798556223,0.14016052819181127,-4.423419378552439,-4.356093584708742
recall_focused_near_threshold__ridge_alpha_1,recall_focused_near_threshold,Scheme F: recall_focused_near_threshold,,Ridge,1.0,2,627,-4.3310689125239055,-4.370947183129497,0.18946141698135072,0.14640737350264701,-4.356035594977955,-4.31003247508821
recall_focused_near_threshold__ridge_alpha_1,recall_focused_near_threshold,Scheme F: recall_focused_near_threshold,,Ridge,1.0,3,627,-4.28882302048686,-4.339151443530446,0.16763366496354196,0.13384112077734914,-4.309960363745525,-4.2690024823957975
recall_focused_near_threshold__ridge_alpha_1,recall_focused_near_threshold,Scheme F: recall_focused_near_threshold,,Ridge,1.0,4,627,-4.249092563970033,-4.30991109431967,0.17253410567930344,0.13998985874039271,-4.268932523270997,-4.2294186006961425
recall_focused_near_threshold__ridge_alpha_1,recall_focused_near_threshold,Scheme F: recall_focused_near_threshold,,Ridge,1.0,5,627,-4.210173943998228,-4.269165258535176,0.1733409940447905,0.13585472289595912,-4.229384847451015,-4.189962373955
recall_focused_near_threshold__ridge_alpha_1,recall_focused_near_threshold,Scheme F: recall_focused_near_threshold,,Ridge,1.0,6,627,-4.169162984292002,-4.243605068136666,0.17141797697797637,0.14192230039643688,-4.189886103050337,-4.146038876247904
recall_focused_near_threshold__ridge_alpha_1,recall_focused_near_threshold,Scheme F: recall_focused_near_threshold,,Ridge,1.0,7,627,-4.119885631390414,-4.185910412192428,0.1680650535115544,0.13756015073748804,-4.145961514689216,-4.092324539313483
recall_focused_near_threshold__ridge_alpha_1,recall_focused_near_threshold,Scheme F: recall_focused_near_threshold,,Ridge,1.0,8,627,-4.052653173812897,-4.113191254771211,0.16131725293196314,0.132580420722624,-4.092238536874716,-4.005427611627328
recall_focused_near_threshold__ridge_alpha_1,recall_focused_near_threshold,Scheme F: recall_focused_near_threshold,,Ridge,1.0,9,627,-3.878201620846971,-3.9292254833359594,0.2447140255699292,0.14079745628818188,-4.00527979037375,-2.9852194043264917
recall_focused_near_threshold__ridge_alpha_10,recall_focused_near_threshold,Scheme F: recall_focused_near_threshold,,Ridge,10.0,0,627,-4.501152490847892,-4.504032865569129,0.2094684807071474,0.1562933620492532,-4.8501495966152675,-4.415797382478814
recall_focused_near_threshold__ridge_alpha_10,recall_focused_near_threshold,Scheme F: recall_focused_near_threshold,,Ridge,10.0,1,627,-4.380501756743392,-4.422368993759476,0.17821534032011696,0.14126249442318903,-4.415572255646319,-4.352949212997558
recall_focused_near_threshold__ridge_alpha_10,recall_focused_near_threshold,Scheme F: recall_focused_near_threshold,,Ridge,10.0,2,627,-4.327417342104182,-4.3757585639449825,0.19031043446106377,0.14891184672679073,-4.352943761598043,-4.305523830187193
recall_focused_near_threshold__ridge_alpha_10,recall_focused_near_threshold,Scheme F: recall_focused_near_threshold,,Ridge,10.0,3,627,-4.28630884889457,-4.338337228140629,0.1629308577556645,0.13136423859707855,-4.305468583274605,-4.267844542620914
recall_focused_near_threshold__ridge_alpha_10,recall_focused_near_threshold,Scheme F: recall_focused_near_threshold,,Ridge,10.0,4,627,-4.2481642901481695,-4.306293179302157,0.17034047180656764,0.1360514387577359,-4.267813940646837,-4.229349467650315
recall_focused_near_threshold__ridge_alpha_10,recall_focused_near_threshold,Scheme F: recall_focused_near_threshold,,Ridge,10.0,5,627,-4.210114476817151,-4.270835611446379,0.1743386187150795,0.13741132084247498,-4.2291846047182515,-4.191045415427595
recall_focused_near_threshold__ridge_alpha_10,recall_focused_near_threshold,Scheme F: recall_focused_near_threshold,,Ridge,10.0,6,627,-4.170358457988113,-4.238418058529833,0.16447649452417537,0.13576475428127333,-4.191010895642582,-4.14821791269481
recall_focused_near_threshold__ridge_alpha_10,recall_focused_near_threshold,Scheme F: recall_focused_near_threshold,,Ridge,10.0,7,627,-4.121705988896215,-4.188438255090132,0.17515801862764088,0.1397243267663065,-4.148025769954148,-4.094269500286897
recall_focused_near_threshold__ridge_alpha_10,recall_focused_near_threshold,Scheme F: recall_focused_near_threshold,,Ridge,10.0,8,627,-4.055674528776561,-4.1128784427866565,0.1592470977566612,0.1304919950278346,-4.09426152158239,-4.0074254389172195
recall_focused_near_threshold__ridge_alpha_10,recall_focused_near_threshold,Scheme F: recall_focused_near_threshold,,Ridge,10.0,9,627,-3.881631374752705,-3.9265162180464492,0.24232170635567155,0.13641639493224023,-4.007278619993952,-3.0026676362106763
recall_focused_near_threshold__ridge_alpha_100,recall_focused_near_threshold,Scheme F: recall_focused_near_threshold,,Ridge,100.0,0,627,-4.476038873084607,-4.511560530166834,0.20662814900273546,0.15584653866474046,-4.774565441783045,-4.400907521074756
recall_focused_near_threshold__ridge_alpha_100,recall_focused_near_threshold,Scheme F: recall_focused_near_threshold,,Ridge,100.0,1,627,-4.367931683454337,-4.416631096135683,0.18717109326889267,0.14500867044382337,-4.400625401116582,-4.341286643065333
recall_focused_near_threshold__ridge_alpha_100,recall_focused_near_threshold,Scheme F: recall_focused_near_threshold,,Ridge,100.0,2,627,-4.318342461802197,-4.380144908410092,0.1733280258393967,0.1366909344495688,-4.341237162799026,-4.298165160812238
recall_focused_near_threshold__ridge_alpha_100,recall_focused_near_threshold,Scheme F: recall_focused_near_threshold,,Ridge,100.0,3,627,-4.279385153685059,-4.337089085744452,0.16512321000269317,0.13425817711496568,-4.298159486079685,-4.261435440136658
recall_focused_near_threshold__ridge_alpha_100,recall_focused_near_threshold,Scheme F: recall_focused_near_threshold,,Ridge,100.0,4,627,-4.244750836027502,-4.311365351567715,0.1767002438699471,0.14079906665392825,-4.26138258572504,-4.228026561189488
recall_focused_near_threshold__ridge_alpha_100,recall_focused_near_threshold,Scheme F: recall_focused_near_threshold,,Ridge,100.0,5,627,-4.209939104958169,-4.268731179884872,0.170356764105049,0.13693604335045031,-4.228022208412575,-4.191637894537832
recall_focused_near_threshold__ridge_alpha_100,recall_focused_near_threshold,Scheme F: recall_focused_near_threshold,,Ridge,100.0,6,627,-4.17088196001923,-4.2285502787858515,0.1624327021008355,0.13259907199499668,-4.191415101450954,-4.150430785767625
recall_focused_near_threshold__ridge_alpha_100,recall_focused_near_threshold,Scheme F: recall_focused_near_threshold,,Ridge,100.0,7,627,-4.126481667568179,-4.193146932528195,0.1775814421220875,0.14013490888494393,-4.150420258084346,-4.0993465539161145
recall_focused_near_threshold__ridge_alpha_100,recall_focused_near_threshold,Scheme F: recall_focused_near_threshold,,Ridge,100.0,8,627,-4.0604246225856,-4.118330790545282,0.157235839033263,0.12697643820769655,-4.09927336468131,-4.00953998303945
recall_focused_near_threshold__ridge_alpha_100,recall_focused_near_threshold,Scheme F: recall_focused_near_threshold,,Ridge,100.0,9,627,-3.8896033350028767,-3.9183272628468466,0.23381327692617768,0.12833154506541047,-4.009372017640028,-3.0708720927749322
smooth_sigmoid_tail_a1_t0p05__ridge_alpha_0p01,smooth_sigmoid_tail_a1_t0p05,Scheme E: smooth_sigmoid_tail,threshold=-4; alpha=1; temperature=0.05,Ridge,0.01,0,627,-4.5655742153031085,-4.502844108483637,0.21288777699118178,0.17007185811046768,-5.039166748700147,-4.48006106706613
smooth_sigmoid_tail_a1_t0p05__ridge_alpha_0p01,smooth_sigmoid_tail_a1_t0p05,Scheme E: smooth_sigmoid_tail,threshold=-4; alpha=1; temperature=0.05,Ridge,0.01,1,627,-4.44125700549617,-4.41948001662021,0.1842865553571139,0.14992448303588168,-4.479708577501174,-4.410223802714046
smooth_sigmoid_tail_a1_t0p05__ridge_alpha_0p01,smooth_sigmoid_tail_a1_t0p05,Scheme E: smooth_sigmoid_tail,threshold=-4; alpha=1; temperature=0.05,Ridge,0.01,2,627,-4.383854009503286,-4.380377150547845,0.18349898265322423,0.1396679014833266,-4.409968085529184,-4.359714782067514
smooth_sigmoid_tail_a1_t0p05__ridge_alpha_0p01,smooth_sigmoid_tail_a1_t0p05,Scheme E: smooth_sigmoid_tail,threshold=-4; alpha=1; temperature=0.05,Ridge,0.01,3,627,-4.337050461016915,-4.3366975321701995,0.16807149458881615,0.13152367269609588,-4.359666879572719,-4.314368402080421
smooth_sigmoid_tail_a1_t0p05__ridge_alpha_0p01,smooth_sigmoid_tail_a1_t0p05,Scheme E: smooth_sigmoid_tail,threshold=-4; alpha=1; temperature=0.05,Ridge,0.01,4,627,-4.292452014530443,-4.309890101893538,0.1728978568617271,0.13360287003993174,-4.3143424422073275,-4.272142963829435
smooth_sigmoid_tail_a1_t0p05__ridge_alpha_0p01,smooth_sigmoid_tail_a1_t0p05,Scheme E: smooth_sigmoid_tail,threshold=-4; alpha=1; temperature=0.05,Ridge,0.01,5,627,-4.249665129385907,-4.278179543232467,0.1800232726446291,0.1347028677369496,-4.272043905806952,-4.22576771173054
smooth_sigmoid_tail_a1_t0p05__ridge_alpha_0p01,smooth_sigmoid_tail_a1_t0p05,Scheme E: smooth_sigmoid_tail,threshold=-4; alpha=1; temperature=0.05,Ridge,0.01,6,627,-4.201219942398548,-4.2370467762446955,0.15827825451015207,0.12689795900055842,-4.225698910723779,-4.174498573815209
smooth_sigmoid_tail_a1_t0p05__ridge_alpha_0p01,smooth_sigmoid_tail_a1_t0p05,Scheme E: smooth_sigmoid_tail,threshold=-4; alpha=1; temperature=0.05,Ridge,0.01,7,627,-4.144054478973611,-4.18108081660135,0.1692586269130871,0.13104148324163697,-4.174482658106723,-4.111147235664922
smooth_sigmoid_tail_a1_t0p05__ridge_alpha_0p01,smooth_sigmoid_tail_a1_t0p05,Scheme E: smooth_sigmoid_tail,threshold=-4; alpha=1; temperature=0.05,Ridge,0.01,8,627,-4.066334661475741,-4.1114837276546865,0.15860037867211058,0.12770345564828514,-4.111011220876791,-4.0106702228021005
smooth_sigmoid_tail_a1_t0p05__ridge_alpha_0p01,smooth_sigmoid_tail_a1_t0p05,Scheme E: smooth_sigmoid_tail,threshold=-4; alpha=1; temperature=0.05,Ridge,0.01,9,627,-3.8771442575452935,-3.926797643167196,0.23660791874681594,0.1376510654464127,-4.010606073821198,-2.9838743472863083
smooth_sigmoid_tail_a1_t0p05__ridge_alpha_0p1,smooth_sigmoid_tail_a1_t0p05,Scheme E: smooth_sigmoid_tail,threshold=-4; alpha=1; temperature=0.05,Ridge,0.1,0,627,-4.565448427728641,-4.502844108483637,0.21288777699118178,0.17000802133459555,-5.039136663720961,-4.480012413004629
smooth_sigmoid_tail_a1_t0p05__ridge_alpha_0p1,smooth_sigmoid_tail_a1_t0p05,Scheme E: smooth_sigmoid_tail,threshold=-4; alpha=1; temperature=0.05,Ridge,0.1,1,627,-4.441191402411646,-4.41948001662021,0.1842865553571139,0.14989541305453707,-4.479686992331556,-4.4103627098140965
smooth_sigmoid_tail_a1_t0p05__ridge_alpha_0p1,smooth_sigmoid_tail_a1_t0p05,Scheme E: smooth_sigmoid_tail,threshold=-4; alpha=1; temperature=0.05,Ridge,0.1,2,627,-4.38380502067422,-4.380377150547845,0.18349898265322423,0.13963538591443284,-4.409905768140638,-4.359618642711013
smooth_sigmoid_tail_a1_t0p05__ridge_alpha_0p1,smooth_sigmoid_tail_a1_t0p05,Scheme E: smooth_sigmoid_tail,threshold=-4; alpha=1; temperature=0.05,Ridge,0.1,3,627,-4.3370256688787965,-4.336534924786328,0.16792751828810057,0.131328495774625,-4.359588200396946,-4.314479107839754
smooth_sigmoid_tail_a1_t0p05__ridge_alpha_0p1,smooth_sigmoid_tail_a1_t0p05,Scheme E: smooth_sigmoid_tail,threshold=-4; alpha=1; temperature=0.05,Ridge,0.1,4,627,-4.2924436761913345,-4.309741196195946,0.17323250883412322,0.1339203249304561,-4.3144588864461095,-4.2721487364994175
smooth_sigmoid_tail_a1_t0p05__ridge_alpha_0p1,smooth_sigmoid_tail_a1_t0p05,Scheme E: smooth_sigmoid_tail,threshold=-4; alpha=1; temperature=0.05,Ridge,0.1,5,627,-4.249673390214515,-4.278491056313929,0.1799146899463151,0.1344924770083795,-4.272014641044226,-4.225849358310823
smooth_sigmoid_tail_a1_t0p05__ridge_alpha_0p1,smooth_sigmoid_tail_a1_t0p05,Scheme E: smooth_sigmoid_tail,threshold=-4; alpha=1; temperature=0.05,Ridge,0.1,6,627,-4.201250777450467,-4.23723553901243,0.15829576181883137,0.12705938350154852,-4.225815356365971,-4.17462298656239
smooth_sigmoid_tail_a1_t0p05__ridge_alpha_0p1,smooth_sigmoid_tail_a1_t0p05,Scheme E: smooth_sigmoid_tail,threshold=-4; alpha=1; temperature=0.05,Ridge,0.1,7,627,-4.144107621935631,-4.18097826845167,0.16915917750741266,0.13091317036282737,-4.174565208843102,-4.1114422683922465
smooth_sigmoid_tail_a1_t0p05__ridge_alpha_0p1,smooth_sigmoid_tail_a1_t0p05,Scheme E: smooth_sigmoid_tail,threshold=-4; alpha=1; temperature=0.05,Ridge,0.1,8,627,-4.066387125442623,-4.11139751303663,0.15858422830042726,0.12757528475310054,-4.111335103067254,-4.010775969317932
smooth_sigmoid_tail_a1_t0p05__ridge_alpha_0p1,smooth_sigmoid_tail_a1_t0p05,Scheme E: smooth_sigmoid_tail,threshold=-4; alpha=1; temperature=0.05,Ridge,0.1,9,627,-3.8772124807940727,-3.926797643167196,0.23660791874681594,0.13760108782260982,-4.010597204100035,-2.9842125096051593
smooth_sigmoid_tail_a1_t0p05__ridge_alpha_1,smooth_sigmoid_tail_a1_t0p05,Scheme E: smooth_sigmoid_tail,threshold=-4; alpha=1; temperature=0.05,Ridge,1.0,0,627,-4.564251313936063,-4.501574868910358,0.2126670137172938,0.16906118063230277,-5.0386671507346845,-4.479555437448182
smooth_sigmoid_tail_a1_t0p05__ridge_alpha_1,smooth_sigmoid_tail_a1_t0p05,Scheme E: smooth_sigmoid_tail,threshold=-4; alpha=1; temperature=0.05,Ridge,1.0,1,627,-4.440612459480092,-4.420630754709758,0.1836163415124823,0.1491349905120323,-4.479484580007792,-4.409597788883086
smooth_sigmoid_tail_a1_t0p05__ridge_alpha_1,smooth_sigmoid_tail_a1_t0p05,Scheme E: smooth_sigmoid_tail,threshold=-4; alpha=1; temperature=0.05,Ridge,1.0,2,627,-4.383316656666061,-4.382482360849966,0.18570642489836264,0.1411915814135954,-4.409594734383438,-4.359196323355215
smooth_sigmoid_tail_a1_t0p05__ridge_alpha_1,smooth_sigmoid_tail_a1_t0p05,Scheme E: smooth_sigmoid_tail,threshold=-4; alpha=1; temperature=0.05,Ridge,1.0,3,627,-4.336795964942815,-4.335227501060349,0.16584646523268315,0.12915373733359325,-4.359166407789513,-4.314316124152343
smooth_sigmoid_tail_a1_t0p05__ridge_alpha_1,smooth_sigmoid_tail_a1_t0p05,Scheme E: smooth_sigmoid_tail,threshold=-4; alpha=1; temperature=0.05,Ridge,1.0,4,627,-4.292365997242644,-4.310635084453455,0.17425327057137305,0.1344170440387677,-4.314157829985285,-4.271961505552669
smooth_sigmoid_tail_a1_t0p05__ridge_alpha_1,smooth_sigmoid_tail_a1_t0p05,Scheme E: smooth_sigmoid_tail,threshold=-4; alpha=1; temperature=0.05,Ridge,1.0,5,627,-4.249735196964504,-4.27897514000062,0.17763090528762426,0.13356597662099337,-4.271836689994601,-4.226505657560464
smooth_sigmoid_tail_a1_t0p05__ridge_alpha_1,smooth_sigmoid_tail_a1_t0p05,Scheme E: smooth_sigmoid_tail,threshold=-4; alpha=1; temperature=0.05,Ridge,1.0,6,627,-4.201548038745937,-4.235243233441068,0.1592294291726329,0.12756626198276824,-4.226457840040172,-4.174722238789288
smooth_sigmoid_tail_a1_t0p05__ridge_alpha_1,smooth_sigmoid_tail_a1_t0p05,Scheme E: smooth_sigmoid_tail,threshold=-4; alpha=1; temperature=0.05,Ridge,1.0,7,627,-4.144620771579566,-4.182220398573517,0.1686113347278017,0.13042042629239356,-4.174672523723322,-4.111646653364468
smooth_sigmoid_tail_a1_t0p05__ridge_alpha_1,smooth_sigmoid_tail_a1_t0p05,Scheme E: smooth_sigmoid_tail,threshold=-4; alpha=1; temperature=0.05,Ridge,1.0,8,627,-4.066870188233696,-4.1111172907608,0.15785361142580137,0.1272215723516303,-4.111451894026602,-4.01181854263253
smooth_sigmoid_tail_a1_t0p05__ridge_alpha_1,smooth_sigmoid_tail_a1_t0p05,Scheme E: smooth_sigmoid_tail,threshold=-4; alpha=1; temperature=0.05,Ridge,1.0,9,627,-3.8778500661909963,-3.92577078385593,0.2365181878064139,0.13738066340888713,-4.011149665198829,-2.987392839078195
smooth_sigmoid_tail_a1_t0p05__ridge_alpha_10,smooth_sigmoid_tail_a1_t0p05,Scheme E: smooth_sigmoid_tail,threshold=-4; alpha=1; temperature=0.05,Ridge,10.0,0,627,-4.556449832750981,-4.50638289882336,0.2125454318170608,0.16515394908900916,-5.024475189988796,-4.472230596204372
smooth_sigmoid_tail_a1_t0p05__ridge_alpha_10,smooth_sigmoid_tail_a1_t0p05,Scheme E: smooth_sigmoid_tail,threshold=-4; alpha=1; temperature=0.05,Ridge,10.0,1,627,-4.4368183964640036,-4.419889289293633,0.181113924086545,0.1463722373914044,-4.47209489518752,-4.405660505936166
smooth_sigmoid_tail_a1_t0p05__ridge_alpha_10,smooth_sigmoid_tail_a1_t0p05,Scheme E: smooth_sigmoid_tail,threshold=-4; alpha=1; temperature=0.05,Ridge,10.0,2,627,-4.380456885322254,-4.384521406271542,0.18551600840679489,0.142152519999702,-4.40533302951125,-4.35579933541372
smooth_sigmoid_tail_a1_t0p05__ridge_alpha_10,smooth_sigmoid_tail_a1_t0p05,Scheme E: smooth_sigmoid_tail,threshold=-4; alpha=1; temperature=0.05,Ridge,10.0,3,627,-4.334854589989848,-4.333459531746895,0.16061426244937127,0.1239959995549481,-4.355777280933776,-4.313121991391777
smooth_sigmoid_tail_a1_t0p05__ridge_alpha_10,smooth_sigmoid_tail_a1_t0p05,Scheme E: smooth_sigmoid_tail,threshold=-4; alpha=1; temperature=0.05,Ridge,10.0,4,627,-4.29201697078596,-4.310704316446297,0.17193043666382796,0.13133408941710992,-4.313108753894608,-4.271865778446804
smooth_sigmoid_tail_a1_t0p05__ridge_alpha_10,smooth_sigmoid_tail_a1_t0p05,Scheme E: smooth_sigmoid_tail,threshold=-4; alpha=1; temperature=0.05,Ridge,10.0,5,627,-4.250195563781812,-4.276323771173368,0.17725325241400403,0.13338281885265,-4.271719011742842,-4.227043984142856
smooth_sigmoid_tail_a1_t0p05__ridge_alpha_10,smooth_sigmoid_tail_a1_t0p05,Scheme E: smooth_sigmoid_tail,threshold=-4; alpha=1; temperature=0.05,Ridge,10.0,6,627,-4.203239841430182,-4.232265350793002,0.16104998654924504,0.12703724556907164,-4.227023349811946,-4.176593911033092
smooth_sigmoid_tail_a1_t0p05__ridge_alpha_10,smooth_sigmoid_tail_a1_t0p05,Scheme E: smooth_sigmoid_tail,threshold=-4; alpha=1; temperature=0.05,Ridge,10.0,7,627,-4.14770188088493,-4.186872097349622,0.1700982894654062,0.1308035884750649,-4.176516779682727,-4.115290776748625
smooth_sigmoid_tail_a1_t0p05__ridge_alpha_10,smooth_sigmoid_tail_a1_t0p05,Scheme E: smooth_sigmoid_tail,threshold=-4; alpha=1; temperature=0.05,Ridge,10.0,8,627,-4.070215407598985,-4.1118696639195145,0.1572554050678006,0.12531378836685111,-4.1152715240226865,-4.014534801792422
smooth_sigmoid_tail_a1_t0p05__ridge_alpha_10,smooth_sigmoid_tail_a1_t0p05,Scheme E: smooth_sigmoid_tail,threshold=-4; alpha=1; temperature=0.05,Ridge,10.0,9,627,-3.8819052570311308,-3.9215890907985878,0.2332611873368549,0.13339825413173606,-4.01413850039023,-3.008500837207347
smooth_sigmoid_tail_a1_t0p05__ridge_alpha_100,smooth_sigmoid_tail_a1_t0p05,Scheme E: smooth_sigmoid_tail,threshold=-4; alpha=1; temperature=0.05,Ridge,100.0,0,627,-4.536802167917148,-4.514880967192624,0.2063052214976846,0.15367786765508243,-4.882911924315616,-4.461251549754831
smooth_sigmoid_tail_a1_t0p05__ridge_alpha_100,smooth_sigmoid_tail_a1_t0p05,Scheme E: smooth_sigmoid_tail,threshold=-4; alpha=1; temperature=0.05,Ridge,100.0,1,627,-4.4273656776297905,-4.418403680338244,0.1889971387691783,0.14750094608146586,-4.461247187215029,-4.398275727173886
smooth_sigmoid_tail_a1_t0p05__ridge_alpha_100,smooth_sigmoid_tail_a1_t0p05,Scheme E: smooth_sigmoid_tail,threshold=-4; alpha=1; temperature=0.05,Ridge,100.0,2,627,-4.374609754116901,-4.382409755023646,0.17281447284725535,0.13315488012748478,-4.397977939133899,-4.352136919655317
smooth_sigmoid_tail_a1_t0p05__ridge_alpha_100,smooth_sigmoid_tail_a1_t0p05,Scheme E: smooth_sigmoid_tail,threshold=-4; alpha=1; temperature=0.05,Ridge,100.0,3,627,-4.330410053097087,-4.343252519059715,0.16842679924641416,0.12908964246583238,-4.352076711269538,-4.310243793093256
smooth_sigmoid_tail_a1_t0p05__ridge_alpha_100,smooth_sigmoid_tail_a1_t0p05,Scheme E: smooth_sigmoid_tail,threshold=-4; alpha=1; temperature=0.05,Ridge,100.0,4,627,-4.290796272513848,-4.305485313606472,0.17145631679437195,0.13205372944212934,-4.310229792393344,-4.271560106610108
smooth_sigmoid_tail_a1_t0p05__ridge_alpha_100,smooth_sigmoid_tail_a1_t0p05,Scheme E: smooth_sigmoid_tail,threshold=-4; alpha=1; temperature=0.05,Ridge,100.0,5,627,-4.250930791846428,-4.270517560107637,0.168793120882251,0.12949559828592747,-4.271545134466313,-4.230738551919088
smooth_sigmoid_tail_a1_t0p05__ridge_alpha_100,smooth_sigmoid_tail_a1_t0p05,Scheme E: smooth_sigmoid_tail,threshold=-4; alpha=1; temperature=0.05,Ridge,100.0,6,627,-4.206332464321505,-4.220417454114738,0.16745818931008472,0.1271892702351933,-4.230737291277162,-4.1818267742368835
smooth_sigmoid_tail_a1_t0p05__ridge_alpha_100,smooth_sigmoid_tail_a1_t0p05,Scheme E: smooth_sigmoid_tail,threshold=-4; alpha=1; temperature=0.05,Ridge,100.0,7,627,-4.154152553785855,-4.198310578340585,0.16197653030220965,0.12591044358236153,-4.18179186797838,-4.122674789623657
smooth_sigmoid_tail_a1_t0p05__ridge_alpha_100,smooth_sigmoid_tail_a1_t0p05,Scheme E: smooth_sigmoid_tail,threshold=-4; alpha=1; temperature=0.05,Ridge,100.0,8,627,-4.07859412050381,-4.113627533527434,0.157296015463912,0.12198631706710883,-4.122495395749253,-4.019472555670567
smooth_sigmoid_tail_a1_t0p05__ridge_alpha_100,smooth_sigmoid_tail_a1_t0p05,Scheme E: smooth_sigmoid_tail,threshold=-4; alpha=1; temperature=0.05,Ridge,100.0,9,627,-3.8914374674440646,-3.916572055304727,0.23118414393062237,0.130414939455166,-4.018935444777494,-3.0860353383255394
smooth_sigmoid_tail_a1_t0p1__ridge_alpha_0p01,smooth_sigmoid_tail_a1_t0p1,Scheme E: smooth_sigmoid_tail,threshold=-4; alpha=1; temperature=0.1,Ridge,0.01,0,628,-4.560649265423922,-4.5025048041607745,0.21320273899269235,0.16872028960762628,-5.036016935257283,-4.475448351056001
smooth_sigmoid_tail_a1_t0p1__ridge_alpha_0p01,smooth_sigmoid_tail_a1_t0p1,Scheme E: smooth_sigmoid_tail,threshold=-4; alpha=1; temperature=0.1,Ridge,0.01,1,626,-4.436962009253247,-4.417582752069299,0.18293027339438264,0.14809336307963156,-4.475407477600891,-4.404959117820702
smooth_sigmoid_tail_a1_t0p1__ridge_alpha_0p01,smooth_sigmoid_tail_a1_t0p1,Scheme E: smooth_sigmoid_tail,threshold=-4; alpha=1; temperature=0.1,Ridge,0.01,2,627,-4.380351602205889,-4.383212112439382,0.18537980200764334,0.14063458886383984,-4.404819951236036,-4.356319918549741
smooth_sigmoid_tail_a1_t0p1__ridge_alpha_0p01,smooth_sigmoid_tail_a1_t0p1,Scheme E: smooth_sigmoid_tail,threshold=-4; alpha=1; temperature=0.1,Ridge,0.01,3,627,-4.334117270397726,-4.333811776866308,0.164712562092914,0.12885668995915778,-4.356294400278704,-4.311827378112915
smooth_sigmoid_tail_a1_t0p1__ridge_alpha_0p01,smooth_sigmoid_tail_a1_t0p1,Scheme E: smooth_sigmoid_tail,threshold=-4; alpha=1; temperature=0.1,Ridge,0.01,4,627,-4.290321054849371,-4.311418097717983,0.17493428990406576,0.1350962092326073,-4.311716504708682,-4.26937483971674
smooth_sigmoid_tail_a1_t0p1__ridge_alpha_0p01,smooth_sigmoid_tail_a1_t0p1,Scheme E: smooth_sigmoid_tail,threshold=-4; alpha=1; temperature=0.1,Ridge,0.01,5,627,-4.248125284010725,-4.277520364826822,0.18077525426784605,0.13482460251472725,-4.26929754329323,-4.225042929525373
smooth_sigmoid_tail_a1_t0p1__ridge_alpha_0p01,smooth_sigmoid_tail_a1_t0p1,Scheme E: smooth_sigmoid_tail,threshold=-4; alpha=1; temperature=0.1,Ridge,0.01,6,627,-4.200772838808384,-4.237359443778213,0.15921124777010057,0.12797104481366844,-4.2249283154204,-4.174879993670604
smooth_sigmoid_tail_a1_t0p1__ridge_alpha_0p01,smooth_sigmoid_tail_a1_t0p1,Scheme E: smooth_sigmoid_tail,threshold=-4; alpha=1; temperature=0.1,Ridge,0.01,7,627,-4.14520993926031,-4.1816037255247664,0.1681884598104341,0.12926120754954834,-4.174754582896704,-4.113385775228123
smooth_sigmoid_tail_a1_t0p1__ridge_alpha_0p01,smooth_sigmoid_tail_a1_t0p1,Scheme E: smooth_sigmoid_tail,threshold=-4; alpha=1; temperature=0.1,Ridge,0.01,8,627,-4.069236137803277,-4.112784272346653,0.15865680887378134,0.12841183273563644,-4.11317993525,-4.015386193742927
smooth_sigmoid_tail_a1_t0p1__ridge_alpha_0p01,smooth_sigmoid_tail_a1_t0p1,Scheme E: smooth_sigmoid_tail,threshold=-4; alpha=1; temperature=0.1,Ridge,0.01,9,627,-3.8818027364714274,-3.9259446250162573,0.2367619658691238,0.13681778717147242,-4.015271054267784,-2.984158296845293
smooth_sigmoid_tail_a1_t0p1__ridge_alpha_0p1,smooth_sigmoid_tail_a1_t0p1,Scheme E: smooth_sigmoid_tail,threshold=-4; alpha=1; temperature=0.1,Ridge,0.1,0,627,-4.560658221811689,-4.502441625055344,0.21336707725874676,0.16881835005228588,-5.035960551995312,-4.475420836945933
smooth_sigmoid_tail_a1_t0p1__ridge_alpha_0p1,smooth_sigmoid_tail_a1_t0p1,Scheme E: smooth_sigmoid_tail,threshold=-4; alpha=1; temperature=0.1,Ridge,0.1,1,627,-4.436964502854445,-4.4175897773859365,0.18291926471061462,0.14809179412678627,-4.475326613323363,-4.404879225150184
smooth_sigmoid_tail_a1_t0p1__ridge_alpha_0p1,smooth_sigmoid_tail_a1_t0p1,Scheme E: smooth_sigmoid_tail,threshold=-4; alpha=1; temperature=0.1,Ridge,0.1,2,627,-4.3803009736394465,-4.383890851820935,0.1855108501227527,0.1409352459968944,-4.404802967563608,-4.356320468878733
smooth_sigmoid_tail_a1_t0p1__ridge_alpha_0p1,smooth_sigmoid_tail_a1_t0p1,Scheme E: smooth_sigmoid_tail,threshold=-4; alpha=1; temperature=0.1,Ridge,0.1,3,627,-4.3340892655014756,-4.333580702772403,0.16413903738646432,0.128147667337426,-4.35628135003973,-4.3117301589530665
smooth_sigmoid_tail_a1_t0p1__ridge_alpha_0p1,smooth_sigmoid_tail_a1_t0p1,Scheme E: smooth_sigmoid_tail,threshold=-4; alpha=1; temperature=0.1,Ridge,0.1,4,629,-4.290246585856973,-4.313926070216921,0.1776541311991781,0.1367159107608068,-4.311694851070736,-4.26933071929321
smooth_sigmoid_tail_a1_t0p1__ridge_alpha_0p1,smooth_sigmoid_tail_a1_t0p1,Scheme E: smooth_sigmoid_tail,threshold=-4; alpha=1; temperature=0.1,Ridge,0.1,5,625,-4.248066972895293,-4.274630979506335,0.17771479207096902,0.13332908680748046,-4.269267972815528,-4.225151156255053
smooth_sigmoid_tail_a1_t0p1__ridge_alpha_0p1,smooth_sigmoid_tail_a1_t0p1,Scheme E: smooth_sigmoid_tail,threshold=-4; alpha=1; temperature=0.1,Ridge,0.1,6,627,-4.200803588387786,-4.237359443778213,0.15921124777010057,0.1279452908940523,-4.2251497542079814,-4.17525827827491
smooth_sigmoid_tail_a1_t0p1__ridge_alpha_0p1,smooth_sigmoid_tail_a1_t0p1,Scheme E: smooth_sigmoid_tail,threshold=-4; alpha=1; temperature=0.1,Ridge,0.1,7,627,-4.145260541199844,-4.181359382759239,0.16807460812297167,0.12899393226525013,-4.1749100484099575,-4.113319274534896
smooth_sigmoid_tail_a1_t0p1__ridge_alpha_0p1,smooth_sigmoid_tail_a1_t0p1,Scheme E: smooth_sigmoid_tail,threshold=-4; alpha=1; temperature=0.1,Ridge,0.1,8,627,-4.06929131449113,-4.112777781724675,0.15891704889323258,0.12837444539211493,-4.113268150757923,-4.015655813875556
smooth_sigmoid_tail_a1_t0p1__ridge_alpha_0p1,smooth_sigmoid_tail_a1_t0p1,Scheme E: smooth_sigmoid_tail,threshold=-4; alpha=1; temperature=0.1,Ridge,0.1,9,627,-3.881870875396475,-3.9261954584037637,0.23693735476423872,0.13701020937362882,-4.015429015383687,-2.9845094256211344
smooth_sigmoid_tail_a1_t0p1__ridge_alpha_1,smooth_sigmoid_tail_a1_t0p1,Scheme E: smooth_sigmoid_tail,threshold=-4; alpha=1; temperature=0.1,Ridge,1.0,0,627,-4.559462647369357,-4.503835994656605,0.21273354691640456,0.1674177844843849,-5.035237225368002,-4.475002655591373
smooth_sigmoid_tail_a1_t0p1__ridge_alpha_1,smooth_sigmoid_tail_a1_t0p1,Scheme E: smooth_sigmoid_tail,threshold=-4; alpha=1; temperature=0.1,Ridge,1.0,1,627,-4.436401507244797,-4.419154897234411,0.18292757417332253,0.14850057314860254,-4.474889395666737,-4.404465663766646
smooth_sigmoid_tail_a1_t0p1__ridge_alpha_1,smooth_sigmoid_tail_a1_t0p1,Scheme E: smooth_sigmoid_tail,threshold=-4; alpha=1; temperature=0.1,Ridge,1.0,2,627,-4.37981127693458,-4.380414165037751,0.18488583121039132,0.14061427053519704,-4.404404968951165,-4.356087318665726
smooth_sigmoid_tail_a1_t0p1__ridge_alpha_1,smooth_sigmoid_tail_a1_t0p1,Scheme E: smooth_sigmoid_tail,threshold=-4; alpha=1; temperature=0.1,Ridge,1.0,3,627,-4.3338582719228755,-4.3347102066985785,0.16565130304662073,0.1286981829644631,-4.3560860947221505,-4.311374997220586
smooth_sigmoid_tail_a1_t0p1__ridge_alpha_1,smooth_sigmoid_tail_a1_t0p1,Scheme E: smooth_sigmoid_tail,threshold=-4; alpha=1; temperature=0.1,Ridge,1.0,4,627,-4.290237996241257,-4.314040922802893,0.17638817562982365,0.13582807856426174,-4.311342646999097,-4.269922631583755
smooth_sigmoid_tail_a1_t0p1__ridge_alpha_1,smooth_sigmoid_tail_a1_t0p1,Scheme E: smooth_sigmoid_tail,threshold=-4; alpha=1; temperature=0.1,Ridge,1.0,5,627,-4.248219357713647,-4.275811141688754,0.1767139801960189,0.13305332019054364,-4.269817523265024,-4.2252670963059185
smooth_sigmoid_tail_a1_t0p1__ridge_alpha_1,smooth_sigmoid_tail_a1_t0p1,Scheme E: smooth_sigmoid_tail,threshold=-4; alpha=1; temperature=0.1,Ridge,1.0,6,627,-4.201082478027097,-4.235672239117795,0.1591875844769056,0.1273494902084786,-4.225170210085061,-4.175357175958385
smooth_sigmoid_tail_a1_t0p1__ridge_alpha_1,smooth_sigmoid_tail_a1_t0p1,Scheme E: smooth_sigmoid_tail,threshold=-4; alpha=1; temperature=0.1,Ridge,1.0,7,627,-4.145741750865974,-4.182756587821841,0.1685553427573029,0.12983969634539685,-4.175291585777199,-4.113284099299882
smooth_sigmoid_tail_a1_t0p1__ridge_alpha_1,smooth_sigmoid_tail_a1_t0p1,Scheme E: smooth_sigmoid_tail,threshold=-4; alpha=1; temperature=0.1,Ridge,1.0,8,627,-4.06980949816684,-4.112357409739816,0.157142468712783,0.12696844932178805,-4.113237875285583,-4.015619208106786
smooth_sigmoid_tail_a1_t0p1__ridge_alpha_1,smooth_sigmoid_tail_a1_t0p1,Scheme E: smooth_sigmoid_tail,threshold=-4; alpha=1; temperature=0.1,Ridge,1.0,9,627,-3.8825073984554375,-3.9251238518173817,0.23688148689019528,0.13684036711857267,-4.015380583309128,-2.987817002908392
smooth_sigmoid_tail_a1_t0p1__ridge_alpha_10,smooth_sigmoid_tail_a1_t0p1,Scheme E: smooth_sigmoid_tail,threshold=-4; alpha=1; temperature=0.1,Ridge,10.0,0,627,-4.551744081171321,-4.506009473146689,0.2123204062923388,0.1635307357872215,-5.01921090332785,-4.4674717642470805
smooth_sigmoid_tail_a1_t0p1__ridge_alpha_10,smooth_sigmoid_tail_a1_t0p1,Scheme E: smooth_sigmoid_tail,threshold=-4; alpha=1; temperature=0.1,Ridge,10.0,1,627,-4.432641040081094,-4.423898250611125,0.18142294747278118,0.1448219074022002,-4.467274296774776,-4.4023228003197135
smooth_sigmoid_tail_a1_t0p1__ridge_alpha_10,smooth_sigmoid_tail_a1_t0p1,Scheme E: smooth_sigmoid_tail,threshold=-4; alpha=1; temperature=0.1,Ridge,10.0,2,627,-4.376858903062478,-4.378832536545315,0.18666927778806647,0.14373835839045682,-4.402224490698565,-4.352793221012751
smooth_sigmoid_tail_a1_t0p1__ridge_alpha_10,smooth_sigmoid_tail_a1_t0p1,Scheme E: smooth_sigmoid_tail,threshold=-4; alpha=1; temperature=0.1,Ridge,10.0,3,629,-4.3318447458494465,-4.334023137519599,0.1609731623903836,0.12380903648368578,-4.3525460738472175,-4.310583714702159
smooth_sigmoid_tail_a1_t0p1__ridge_alpha_10,smooth_sigmoid_tail_a1_t0p1,Scheme E: smooth_sigmoid_tail,threshold=-4; alpha=1; temperature=0.1,Ridge,10.0,4,625,-4.289800136795889,-4.312467983393329,0.17116483888700998,0.13135603312277155,-4.3105581239960795,-4.269458637394708
smooth_sigmoid_tail_a1_t0p1__ridge_alpha_10,smooth_sigmoid_tail_a1_t0p1,Scheme E: smooth_sigmoid_tail,threshold=-4; alpha=1; temperature=0.1,Ridge,10.0,5,627,-4.24874237274551,-4.273634193192213,0.17890331999866158,0.13457488042594468,-4.269446535963982,-4.2267200712886615
smooth_sigmoid_tail_a1_t0p1__ridge_alpha_10,smooth_sigmoid_tail_a1_t0p1,Scheme E: smooth_sigmoid_tail,threshold=-4; alpha=1; temperature=0.1,Ridge,10.0,6,627,-4.202736371324181,-4.235260937117681,0.15887158110913416,0.12567180293794114,-4.226647256835291,-4.177902911790349
smooth_sigmoid_tail_a1_t0p1__ridge_alpha_10,smooth_sigmoid_tail_a1_t0p1,Scheme E: smooth_sigmoid_tail,threshold=-4; alpha=1; temperature=0.1,Ridge,10.0,7,627,-4.148860099776323,-4.186218755923858,0.17025441454443044,0.13088439033821322,-4.177887096300689,-4.117205690036383
smooth_sigmoid_tail_a1_t0p1__ridge_alpha_10,smooth_sigmoid_tail_a1_t0p1,Scheme E: smooth_sigmoid_tail,threshold=-4; alpha=1; temperature=0.1,Ridge,10.0,8,627,-4.07325283143623,-4.112453053941657,0.15696788126018452,0.12523381088911908,-4.117182814931827,-4.01790816678094
smooth_sigmoid_tail_a1_t0p1__ridge_alpha_10,smooth_sigmoid_tail_a1_t0p1,Scheme E: smooth_sigmoid_tail,threshold=-4; alpha=1; temperature=0.1,Ridge,10.0,9,627,-3.886534304276032,-3.921010338751868,0.2327835673379142,0.1318776341735549,-4.017895471799828,-3.009880018160712
smooth_sigmoid_tail_a1_t0p1__ridge_alpha_100,smooth_sigmoid_tail_a1_t0p1,Scheme E: smooth_sigmoid_tail,threshold=-4; alpha=1; temperature=0.1,Ridge,100.0,0,627,-4.531903189861303,-4.5149002437207,0.2062344628333707,0.15271585877755942,-4.873127071771718,-4.45677121120303
smooth_sigmoid_tail_a1_t0p1__ridge_alpha_100,smooth_sigmoid_tail_a1_t0p1,Scheme E: smooth_sigmoid_tail,threshold=-4; alpha=1; temperature=0.1,Ridge,100.0,1,627,-4.423166899798073,-4.418680685657632,0.1889214702269999,0.14688447366992818,-4.456524438591523,-4.394039634563978
smooth_sigmoid_tail_a1_t0p1__ridge_alpha_100,smooth_sigmoid_tail_a1_t0p1,Scheme E: smooth_sigmoid_tail,threshold=-4; alpha=1; temperature=0.1,Ridge,100.0,2,627,-4.370785899095531,-4.38437851349564,0.17124114386838282,0.13219867265171506,-4.393936368028645,-4.348953412431071
smooth_sigmoid_tail_a1_t0p1__ridge_alpha_100,smooth_sigmoid_tail_a1_t0p1,Scheme E: smooth_sigmoid_tail,threshold=-4; alpha=1; temperature=0.1,Ridge,100.0,3,627,-4.327422653675644,-4.340319123322268,0.16750532139224467,0.128295498689989,-4.348900112571418,-4.3080501448950645
smooth_sigmoid_tail_a1_t0p1__ridge_alpha_100,smooth_sigmoid_tail_a1_t0p1,Scheme E: smooth_sigmoid_tail,threshold=-4; alpha=1; temperature=0.1,Ridge,100.0,4,627,-4.288636160433126,-4.3043309165403105,0.17195082750400925,0.13267551751029938,-4.307754250413623,-4.269822973981819
smooth_sigmoid_tail_a1_t0p1__ridge_alpha_100,smooth_sigmoid_tail_a1_t0p1,Scheme E: smooth_sigmoid_tail,threshold=-4; alpha=1; temperature=0.1,Ridge,100.0,5,627,-4.249688010861939,-4.270596465277467,0.1716400486352267,0.13098048405939333,-4.269721708581187,-4.229793046611859
smooth_sigmoid_tail_a1_t0p1__ridge_alpha_100,smooth_sigmoid_tail_a1_t0p1,Scheme E: smooth_sigmoid_tail,threshold=-4; alpha=1; temperature=0.1,Ridge,100.0,6,627,-4.206098965023523,-4.221342085103704,0.16791532664778688,0.12708664377716616,-4.229618822605327,-4.18201236844822
smooth_sigmoid_tail_a1_t0p1__ridge_alpha_100,smooth_sigmoid_tail_a1_t0p1,Scheme E: smooth_sigmoid_tail,threshold=-4; alpha=1; temperature=0.1,Ridge,100.0,7,627,-4.15520741911505,-4.200546338724987,0.15981634234458933,0.12483981976387781,-4.181609439993214,-4.124449014872007
smooth_sigmoid_tail_a1_t0p1__ridge_alpha_100,smooth_sigmoid_tail_a1_t0p1,Scheme E: smooth_sigmoid_tail,threshold=-4; alpha=1; temperature=0.1,Ridge,100.0,8,627,-4.0817297685925675,-4.1121379662865385,0.15803572721858586,0.12272301646715919,-4.12427660633449,-4.02292019685052
smooth_sigmoid_tail_a1_t0p1__ridge_alpha_100,smooth_sigmoid_tail_a1_t0p1,Scheme E: smooth_sigmoid_tail,threshold=-4; alpha=1; temperature=0.1,Ridge,100.0,9,627,-3.896174026885651,-3.9166450784865763,0.23125228114014992,0.12977784616897756,-4.02291929843596,-3.088790009251502
smooth_sigmoid_tail_a1_t0p2__ridge_alpha_0p01,smooth_sigmoid_tail_a1_t0p2,Scheme E: smooth_sigmoid_tail,threshold=-4; alpha=1; temperature=0.2,Ridge,0.01,0,627,-4.554485785066314,-4.502983337034567,0.21287933015636784,0.16615949887310105,-5.029686155183555,-4.470293477758752
smooth_sigmoid_tail_a1_t0p2__ridge_alpha_0p01,smooth_sigmoid_tail_a1_t0p2,Scheme E: smooth_sigmoid_tail,threshold=-4; alpha=1; temperature=0.2,Ridge,0.01,1,627,-4.433136524534214,-4.418012952895888,0.18442852300671814,0.14802931748991738,-4.470272614215561,-4.402120955948688
smooth_sigmoid_tail_a1_t0p2__ridge_alpha_0p01,smooth_sigmoid_tail_a1_t0p2,Scheme E: smooth_sigmoid_tail,threshold=-4; alpha=1; temperature=0.2,Ridge,0.01,2,627,-4.37795215883239,-4.381674257162236,0.18624112229743875,0.14122401923973774,-4.402078995879975,-4.355765040041518
smooth_sigmoid_tail_a1_t0p2__ridge_alpha_0p01,smooth_sigmoid_tail_a1_t0p2,Scheme E: smooth_sigmoid_tail,threshold=-4; alpha=1; temperature=0.2,Ridge,0.01,3,627,-4.333113548768347,-4.3339589787605615,0.16264543966792935,0.1281422704362784,-4.355714508175275,-4.31043106383492
smooth_sigmoid_tail_a1_t0p2__ridge_alpha_0p01,smooth_sigmoid_tail_a1_t0p2,Scheme E: smooth_sigmoid_tail,threshold=-4; alpha=1; temperature=0.2,Ridge,0.01,4,627,-4.290616343493236,-4.315691501183642,0.17618964145997543,0.136069606885193,-4.31031036238174,-4.2708917998452804
smooth_sigmoid_tail_a1_t0p2__ridge_alpha_0p01,smooth_sigmoid_tail_a1_t0p2,Scheme E: smooth_sigmoid_tail,threshold=-4; alpha=1; temperature=0.2,Ridge,0.01,5,627,-4.2495036766623,-4.270158014707221,0.17683453626342163,0.13263158499742092,-4.270758482859462,-4.22669321364152
smooth_sigmoid_tail_a1_t0p2__ridge_alpha_0p01,smooth_sigmoid_tail_a1_t0p2,Scheme E: smooth_sigmoid_tail,threshold=-4; alpha=1; temperature=0.2,Ridge,0.01,6,627,-4.2033995562575015,-4.238818372719682,0.1637470850085071,0.12977112386055475,-4.226665382765394,-4.1788811457184165
smooth_sigmoid_tail_a1_t0p2__ridge_alpha_0p01,smooth_sigmoid_tail_a1_t0p2,Scheme E: smooth_sigmoid_tail,threshold=-4; alpha=1; temperature=0.2,Ridge,0.01,7,627,-4.149542769621294,-4.187510517187252,0.16205532455262497,0.12659380917168142,-4.178846377323478,-4.11869896064822
smooth_sigmoid_tail_a1_t0p2__ridge_alpha_0p01,smooth_sigmoid_tail_a1_t0p2,Scheme E: smooth_sigmoid_tail,threshold=-4; alpha=1; temperature=0.2,Ridge,0.01,8,627,-4.075148141498953,-4.108086668204288,0.1622132163259646,0.12791043887113293,-4.118679621825592,-4.0216819372393084
smooth_sigmoid_tail_a1_t0p2__ridge_alpha_0p01,smooth_sigmoid_tail_a1_t0p2,Scheme E: smooth_sigmoid_tail,threshold=-4; alpha=1; temperature=0.2,Ridge,0.01,9,627,-3.888624851398146,-3.92698281676049,0.23756438670246396,0.13614192419748483,-4.021244605919082,-2.9817042584833517
smooth_sigmoid_tail_a1_t0p2__ridge_alpha_0p1,smooth_sigmoid_tail_a1_t0p2,Scheme E: smooth_sigmoid_tail,threshold=-4; alpha=1; temperature=0.2,Ridge,0.1,0,627,-4.554360177054575,-4.503157873689185,0.21266909204247778,0.16592535143491177,-5.029600455280483,-4.470312804240869
smooth_sigmoid_tail_a1_t0p2__ridge_alpha_0p1,smooth_sigmoid_tail_a1_t0p2,Scheme E: smooth_sigmoid_tail,threshold=-4; alpha=1; temperature=0.2,Ridge,0.1,1,627,-4.433081522533694,-4.417279008193094,0.18414458588813684,0.14796431383416594,-4.470303398641887,-4.402012672495891
smooth_sigmoid_tail_a1_t0p2__ridge_alpha_0p1,smooth_sigmoid_tail_a1_t0p2,Scheme E: smooth_sigmoid_tail,threshold=-4; alpha=1; temperature=0.2,Ridge,0.1,2,627,-4.37790117318053,-4.382233665210411,0.18678865924780233,0.14140611684708324,-4.4019518791553205,-4.355707377865814
smooth_sigmoid_tail_a1_t0p2__ridge_alpha_0p1,smooth_sigmoid_tail_a1_t0p2,Scheme E: smooth_sigmoid_tail,threshold=-4; alpha=1; temperature=0.2,Ridge,0.1,3,627,-4.3330868044474045,-4.334065313976512,0.16263071405882207,0.12811597536177738,-4.3556328697439675,-4.310406887517639
smooth_sigmoid_tail_a1_t0p2__ridge_alpha_0p1,smooth_sigmoid_tail_a1_t0p2,Scheme E: smooth_sigmoid_tail,threshold=-4; alpha=1; temperature=0.2,Ridge,0.1,4,627,-4.2906086118283415,-4.315490566284732,0.17627927786000797,0.13613001489791438,-4.310399316886852,-4.270804553105845
smooth_sigmoid_tail_a1_t0p2__ridge_alpha_0p1,smooth_sigmoid_tail_a1_t0p2,Scheme E: smooth_sigmoid_tail,threshold=-4; alpha=1; temperature=0.2,Ridge,0.1,5,627,-4.249516422930135,-4.269543804590572,0.1762511338317099,0.13196301483686326,-4.270731418557943,-4.226754764562617
smooth_sigmoid_tail_a1_t0p2__ridge_alpha_0p1,smooth_sigmoid_tail_a1_t0p2,Scheme E: smooth_sigmoid_tail,threshold=-4; alpha=1; temperature=0.2,Ridge,0.1,6,627,-4.203427392339534,-4.239024270897623,0.16489463421087386,0.13060620978522738,-4.2266372345592655,-4.178875542047815
smooth_sigmoid_tail_a1_t0p2__ridge_alpha_0p1,smooth_sigmoid_tail_a1_t0p2,Scheme E: smooth_sigmoid_tail,threshold=-4; alpha=1; temperature=0.2,Ridge,0.1,7,627,-4.149591859018452,-4.187943491653819,0.16182722725918924,0.12633176630642878,-4.178856293523459,-4.11863483889938
smooth_sigmoid_tail_a1_t0p2__ridge_alpha_0p1,smooth_sigmoid_tail_a1_t0p2,Scheme E: smooth_sigmoid_tail,threshold=-4; alpha=1; temperature=0.2,Ridge,0.1,8,627,-4.075205867203097,-4.1086192541877145,0.1618521615347169,0.12772183699134515,-4.118605875954504,-4.021406402590113
smooth_sigmoid_tail_a1_t0p2__ridge_alpha_0p1,smooth_sigmoid_tail_a1_t0p2,Scheme E: smooth_sigmoid_tail,threshold=-4; alpha=1; temperature=0.2,Ridge,0.1,9,627,-3.88869561365438,-3.9265201679321633,0.2374296224355749,0.13617544086872352,-4.021364479661786,-2.982087978552432
smooth_sigmoid_tail_a1_t0p2__ridge_alpha_1,smooth_sigmoid_tail_a1_t0p2,Scheme E: smooth_sigmoid_tail,threshold=-4; alpha=1; temperature=0.2,Ridge,1.0,0,627,-4.553182657979715,-4.5034280537730575,0.21200046665032277,0.16485202259678175,-5.028600536028572,-4.469304487453976
smooth_sigmoid_tail_a1_t0p2__ridge_alpha_1,smooth_sigmoid_tail_a1_t0p2,Scheme E: smooth_sigmoid_tail,threshold=-4; alpha=1; temperature=0.2,Ridge,1.0,1,627,-4.432567487209785,-4.419312581361957,0.18455651161062533,0.1481725349990328,-4.46919794923926,-4.401999123512619
smooth_sigmoid_tail_a1_t0p2__ridge_alpha_1,smooth_sigmoid_tail_a1_t0p2,Scheme E: smooth_sigmoid_tail,threshold=-4; alpha=1; temperature=0.2,Ridge,1.0,2,627,-4.377386781192113,-4.380221328815309,0.18763022999933254,0.14222599593570873,-4.401906722197375,-4.355316335643326
smooth_sigmoid_tail_a1_t0p2__ridge_alpha_1,smooth_sigmoid_tail_a1_t0p2,Scheme E: smooth_sigmoid_tail,threshold=-4; alpha=1; temperature=0.2,Ridge,1.0,3,627,-4.332848045495698,-4.3342740762399234,0.16070893295796826,0.12638195491296264,-4.355281731222303,-4.310720017183779
smooth_sigmoid_tail_a1_t0p2__ridge_alpha_1,smooth_sigmoid_tail_a1_t0p2,Scheme E: smooth_sigmoid_tail,threshold=-4; alpha=1; temperature=0.2,Ridge,1.0,4,627,-4.290528664786187,-4.315735222530958,0.1767650504685137,0.1360748086936691,-4.310679767341601,-4.2705555301034215
smooth_sigmoid_tail_a1_t0p2__ridge_alpha_1,smooth_sigmoid_tail_a1_t0p2,Scheme E: smooth_sigmoid_tail,threshold=-4; alpha=1; temperature=0.2,Ridge,1.0,5,627,-4.249640214846514,-4.270208046593742,0.17524292152876453,0.13116390854598048,-4.270535341202599,-4.226702465534206
smooth_sigmoid_tail_a1_t0p2__ridge_alpha_1,smooth_sigmoid_tail_a1_t0p2,Scheme E: smooth_sigmoid_tail,threshold=-4; alpha=1; temperature=0.2,Ridge,1.0,6,627,-4.203711873352106,-4.237740365152705,0.16433888732981258,0.13023675256354605,-4.226660924153474,-4.17917328845394
smooth_sigmoid_tail_a1_t0p2__ridge_alpha_1,smooth_sigmoid_tail_a1_t0p2,Scheme E: smooth_sigmoid_tail,threshold=-4; alpha=1; temperature=0.2,Ridge,1.0,7,627,-4.150038448726513,-4.188167332630736,0.16292873381113152,0.1272805156882056,-4.179172370782694,-4.119305829097972
smooth_sigmoid_tail_a1_t0p2__ridge_alpha_1,smooth_sigmoid_tail_a1_t0p2,Scheme E: smooth_sigmoid_tail,threshold=-4; alpha=1; temperature=0.2,Ridge,1.0,8,627,-4.075758023475541,-4.108805077397972,0.16164660053546784,0.12736059046846537,-4.119219245058247,-4.022056470819595
smooth_sigmoid_tail_a1_t0p2__ridge_alpha_1,smooth_sigmoid_tail_a1_t0p2,Scheme E: smooth_sigmoid_tail,threshold=-4; alpha=1; temperature=0.2,Ridge,1.0,9,627,-3.889353998732571,-3.925985332119461,0.237069540832923,0.13546746720769076,-4.022034544423375,-2.9857074857489456
smooth_sigmoid_tail_a1_t0p2__ridge_alpha_10,smooth_sigmoid_tail_a1_t0p2,Scheme E: smooth_sigmoid_tail,threshold=-4; alpha=1; temperature=0.2,Ridge,10.0,0,627,-4.545606609784347,-4.5067657380548125,0.21211758999010147,0.16201800205270464,-5.010834815015885,-4.462530607536722
smooth_sigmoid_tail_a1_t0p2__ridge_alpha_10,smooth_sigmoid_tail_a1_t0p2,Scheme E: smooth_sigmoid_tail,threshold=-4; alpha=1; temperature=0.2,Ridge,10.0,1,627,-4.428855945045556,-4.423603831355419,0.18181588309038374,0.14371551004527117,-4.462506018414421,-4.399036270660583
smooth_sigmoid_tail_a1_t0p2__ridge_alpha_10,smooth_sigmoid_tail_a1_t0p2,Scheme E: smooth_sigmoid_tail,threshold=-4; alpha=1; temperature=0.2,Ridge,10.0,2,627,-4.374544018213689,-4.378441077650802,0.18626759565759754,0.1443316574562903,-4.399028905829478,-4.351648562174559
smooth_sigmoid_tail_a1_t0p2__ridge_alpha_10,smooth_sigmoid_tail_a1_t0p2,Scheme E: smooth_sigmoid_tail,threshold=-4; alpha=1; temperature=0.2,Ridge,10.0,3,627,-4.3309120674883115,-4.334618622362342,0.15991016208086997,0.12281199093599908,-4.351630722511454,-4.310671432329654
smooth_sigmoid_tail_a1_t0p2__ridge_alpha_10,smooth_sigmoid_tail_a1_t0p2,Scheme E: smooth_sigmoid_tail,threshold=-4; alpha=1; temperature=0.2,Ridge,10.0,4,627,-4.29017229077595,-4.3108821105585395,0.1726766854721437,0.13214133393471597,-4.310644294622833,-4.269745142505261
smooth_sigmoid_tail_a1_t0p2__ridge_alpha_10,smooth_sigmoid_tail_a1_t0p2,Scheme E: smooth_sigmoid_tail,threshold=-4; alpha=1; temperature=0.2,Ridge,10.0,5,627,-4.250189398657742,-4.273841438848017,0.1789020868358426,0.1346052466010814,-4.269720179004719,-4.229115429139915
smooth_sigmoid_tail_a1_t0p2__ridge_alpha_10,smooth_sigmoid_tail_a1_t0p2,Scheme E: smooth_sigmoid_tail,threshold=-4; alpha=1; temperature=0.2,Ridge,10.0,6,627,-4.205396823206108,-4.23386980725629,0.159383908955537,0.12519677448728844,-4.229037781249884,-4.181136414266116
smooth_sigmoid_tail_a1_t0p2__ridge_alpha_10,smooth_sigmoid_tail_a1_t0p2,Scheme E: smooth_sigmoid_tail,threshold=-4; alpha=1; temperature=0.2,Ridge,10.0,7,627,-4.153231536769806,-4.189106487071238,0.1697473262119386,0.1300761254015833,-4.181057075086986,-4.122444756842638
smooth_sigmoid_tail_a1_t0p2__ridge_alpha_10,smooth_sigmoid_tail_a1_t0p2,Scheme E: smooth_sigmoid_tail,threshold=-4; alpha=1; temperature=0.2,Ridge,10.0,8,627,-4.079265575478468,-4.111387000220616,0.15709601763370734,0.12478206770731486,-4.122422646209134,-4.0264131735400746
smooth_sigmoid_tail_a1_t0p2__ridge_alpha_10,smooth_sigmoid_tail_a1_t0p2,Scheme E: smooth_sigmoid_tail,threshold=-4; alpha=1; temperature=0.2,Ridge,10.0,9,627,-3.893510801704826,-3.921361303237748,0.23286424579127457,0.13080710910612575,-4.026009314201527,-3.009926298313517
smooth_sigmoid_tail_a1_t0p2__ridge_alpha_100,smooth_sigmoid_tail_a1_t0p2,Scheme E: smooth_sigmoid_tail,threshold=-4; alpha=1; temperature=0.2,Ridge,100.0,0,627,-4.525878113720168,-4.516570923784552,0.20646264479261833,0.15259931279376007,-4.861682411333883,-4.451474711794546
smooth_sigmoid_tail_a1_t0p2__ridge_alpha_100,smooth_sigmoid_tail_a1_t0p2,Scheme E: smooth_sigmoid_tail,threshold=-4; alpha=1; temperature=0.2,Ridge,100.0,1,627,-4.419547222179191,-4.4178412472968756,0.1865104812821164,0.1444586082949869,-4.451261316620921,-4.390853166026861
smooth_sigmoid_tail_a1_t0p2__ridge_alpha_100,smooth_sigmoid_tail_a1_t0p2,Scheme E: smooth_sigmoid_tail,threshold=-4; alpha=1; temperature=0.2,Ridge,100.0,2,627,-4.368417010497538,-4.381564325691703,0.1746304544687507,0.13518579405468154,-4.390808534520751,-4.347433453482795
smooth_sigmoid_tail_a1_t0p2__ridge_alpha_100,smooth_sigmoid_tail_a1_t0p2,Scheme E: smooth_sigmoid_tail,threshold=-4; alpha=1; temperature=0.2,Ridge,100.0,3,627,-4.326673759591847,-4.341971276719865,0.16684244943441434,0.1277493340294846,-4.3474223522881505,-4.306927524610006
smooth_sigmoid_tail_a1_t0p2__ridge_alpha_100,smooth_sigmoid_tail_a1_t0p2,Scheme E: smooth_sigmoid_tail,threshold=-4; alpha=1; temperature=0.2,Ridge,100.0,4,627,-4.28902188130228,-4.303332997277148,0.17043100903049208,0.13091210893892422,-4.3068736422403004,-4.2714950767432285
smooth_sigmoid_tail_a1_t0p2__ridge_alpha_100,smooth_sigmoid_tail_a1_t0p2,Scheme E: smooth_sigmoid_tail,threshold=-4; alpha=1; temperature=0.2,Ridge,100.0,5,627,-4.251276809176456,-4.269860368460015,0.17209946654486277,0.1312978035528608,-4.27122115109411,-4.232235098414064
smooth_sigmoid_tail_a1_t0p2__ridge_alpha_100,smooth_sigmoid_tail_a1_t0p2,Scheme E: smooth_sigmoid_tail,threshold=-4; alpha=1; temperature=0.2,Ridge,100.0,6,627,-4.209054332840252,-4.223404422957019,0.16895491886491673,0.1273152106298534,-4.232209240593362,-4.18581397613796
smooth_sigmoid_tail_a1_t0p2__ridge_alpha_100,smooth_sigmoid_tail_a1_t0p2,Scheme E: smooth_sigmoid_tail,threshold=-4; alpha=1; temperature=0.2,Ridge,100.0,7,627,-4.1595995161937696,-4.198737975272827,0.16149303000229143,0.12489134517916355,-4.185773596051745,-4.130272967010891
smooth_sigmoid_tail_a1_t0p2__ridge_alpha_100,smooth_sigmoid_tail_a1_t0p2,Scheme E: smooth_sigmoid_tail,threshold=-4; alpha=1; temperature=0.2,Ridge,100.0,8,627,-4.088062196351136,-4.11452506858256,0.15816605478277335,0.12258412061069127,-4.130196369534116,-4.031922005861327
smooth_sigmoid_tail_a1_t0p2__ridge_alpha_100,smooth_sigmoid_tail_a1_t0p2,Scheme E: smooth_sigmoid_tail,threshold=-4; alpha=1; temperature=0.2,Ridge,100.0,9,627,-3.9036042492498395,-3.916068810573259,0.23010724713417008,0.128503719561299,-4.030745045013628,-3.0932938951289284
smooth_sigmoid_tail_a2_t0p05__ridge_alpha_0p01,smooth_sigmoid_tail_a2_t0p05,Scheme E: smooth_sigmoid_tail,threshold=-4; alpha=2; temperature=0.05,Ridge,0.01,0,627,-4.566053572114353,-4.498448237560475,0.21267076606232044,0.17055782135628395,-5.012111217375741,-4.478339607423975
smooth_sigmoid_tail_a2_t0p05__ridge_alpha_0p01,smooth_sigmoid_tail_a2_t0p05,Scheme E: smooth_sigmoid_tail,threshold=-4; alpha=2; temperature=0.05,Ridge,0.01,1,627,-4.438251605766996,-4.42220441482083,0.1838744415544891,0.14818530070755256,-4.478274458620782,-4.405550042103076
smooth_sigmoid_tail_a2_t0p05__ridge_alpha_0p01,smooth_sigmoid_tail_a2_t0p05,Scheme E: smooth_sigmoid_tail,threshold=-4; alpha=2; temperature=0.05,Ridge,0.01,2,627,-4.378470129461996,-4.377248520565298,0.18799703153097239,0.14312326163297673,-4.405415138652722,-4.353474323914019
smooth_sigmoid_tail_a2_t0p05__ridge_alpha_0p01,smooth_sigmoid_tail_a2_t0p05,Scheme E: smooth_sigmoid_tail,threshold=-4; alpha=2; temperature=0.05,Ridge,0.01,3,627,-4.329925445906289,-4.34263256812264,0.1683372250135842,0.13055736491657507,-4.3534099602703185,-4.307843784608669
smooth_sigmoid_tail_a2_t0p05__ridge_alpha_0p01,smooth_sigmoid_tail_a2_t0p05,Scheme E: smooth_sigmoid_tail,threshold=-4; alpha=2; temperature=0.05,Ridge,0.01,4,629,-4.284035147306224,-4.3057514110148025,0.17187782928235099,0.1337274751583237,-4.307633568888521,-4.263338533128118
smooth_sigmoid_tail_a2_t0p05__ridge_alpha_0p01,smooth_sigmoid_tail_a2_t0p05,Scheme E: smooth_sigmoid_tail,threshold=-4; alpha=2; temperature=0.05,Ridge,0.01,5,625,-4.239607750201279,-4.276927473308303,0.17411915096026143,0.13147847106528884,-4.263245576230231,-4.215386842362645
smooth_sigmoid_tail_a2_t0p05__ridge_alpha_0p01,smooth_sigmoid_tail_a2_t0p05,Scheme E: smooth_sigmoid_tail,threshold=-4; alpha=2; temperature=0.05,Ridge,0.01,6,627,-4.189987979254003,-4.2421455138290804,0.16608528544038662,0.1338326997776876,-4.215345646794228,-4.163356322016704
smooth_sigmoid_tail_a2_t0p05__ridge_alpha_0p01,smooth_sigmoid_tail_a2_t0p05,Scheme E: smooth_sigmoid_tail,threshold=-4; alpha=2; temperature=0.05,Ridge,0.01,7,627,-4.131360363211501,-4.185010224093914,0.16559612363764104,0.13241291920477455,-4.163304242132401,-4.097487369701035
smooth_sigmoid_tail_a2_t0p05__ridge_alpha_0p01,smooth_sigmoid_tail_a2_t0p05,Scheme E: smooth_sigmoid_tail,threshold=-4; alpha=2; temperature=0.05,Ridge,0.01,8,627,-4.052565051893969,-4.106899890689396,0.15968045280384907,0.13208302269032324,-4.097403953908343,-3.996772980753314
smooth_sigmoid_tail_a2_t0p05__ridge_alpha_0p01,smooth_sigmoid_tail_a2_t0p05,Scheme E: smooth_sigmoid_tail,threshold=-4; alpha=2; temperature=0.05,Ridge,0.01,9,627,-3.8648361791292736,-3.926517220226056,0.236596636880442,0.13986346565680946,-3.996619070211791,-2.9817568463699926
smooth_sigmoid_tail_a2_t0p05__ridge_alpha_0p1,smooth_sigmoid_tail_a2_t0p05,Scheme E: smooth_sigmoid_tail,threshold=-4; alpha=2; temperature=0.05,Ridge,0.1,0,627,-4.565920428683566,-4.497725069157091,0.21293934618861066,0.17068095940378766,-5.012183321496586,-4.478168692503524
smooth_sigmoid_tail_a2_t0p05__ridge_alpha_0p1,smooth_sigmoid_tail_a2_t0p05,Scheme E: smooth_sigmoid_tail,threshold=-4; alpha=2; temperature=0.05,Ridge,0.1,1,627,-4.438178484984843,-4.4229269096881385,0.18390399255756398,0.1480898909753359,-4.478061498653512,-4.405175658460343
smooth_sigmoid_tail_a2_t0p05__ridge_alpha_0p1,smooth_sigmoid_tail_a2_t0p05,Scheme E: smooth_sigmoid_tail,threshold=-4; alpha=2; temperature=0.05,Ridge,0.1,2,627,-4.378416824052247,-4.377939794242131,0.18803945136722985,0.1431368682766389,-4.405112583852868,-4.353422059633114
smooth_sigmoid_tail_a2_t0p05__ridge_alpha_0p1,smooth_sigmoid_tail_a2_t0p05,Scheme E: smooth_sigmoid_tail,threshold=-4; alpha=2; temperature=0.05,Ridge,0.1,3,627,-4.329892562834358,-4.341776498384531,0.16799145118281947,0.13019237173171413,-4.353418224585033,-4.307716521943289
smooth_sigmoid_tail_a2_t0p05__ridge_alpha_0p1,smooth_sigmoid_tail_a2_t0p05,Scheme E: smooth_sigmoid_tail,threshold=-4; alpha=2; temperature=0.05,Ridge,0.1,4,627,-4.2840925756580726,-4.30641454718454,0.171908452300851,0.13387326002713942,-4.307705121101379,-4.263639299795221
smooth_sigmoid_tail_a2_t0p05__ridge_alpha_0p1,smooth_sigmoid_tail_a2_t0p05,Scheme E: smooth_sigmoid_tail,threshold=-4; alpha=2; temperature=0.05,Ridge,0.1,5,627,-4.239686511205547,-4.276521749120944,0.17414229672169132,0.13144501541598838,-4.263510663664687,-4.21546506652222
smooth_sigmoid_tail_a2_t0p05__ridge_alpha_0p1,smooth_sigmoid_tail_a2_t0p05,Scheme E: smooth_sigmoid_tail,threshold=-4; alpha=2; temperature=0.05,Ridge,0.1,6,627,-4.190016006780784,-4.2420795772263835,0.16581417108206395,0.13344990555016656,-4.215448687229922,-4.163455615520301
smooth_sigmoid_tail_a2_t0p05__ridge_alpha_0p1,smooth_sigmoid_tail_a2_t0p05,Scheme E: smooth_sigmoid_tail,threshold=-4; alpha=2; temperature=0.05,Ridge,0.1,7,627,-4.1314036752068,-4.184612461158896,0.1655824027696224,0.13227176326024795,-4.163301360285184,-4.0975915430154375
smooth_sigmoid_tail_a2_t0p05__ridge_alpha_0p1,smooth_sigmoid_tail_a2_t0p05,Scheme E: smooth_sigmoid_tail,threshold=-4; alpha=2; temperature=0.05,Ridge,0.1,8,627,-4.052616832072457,-4.107363590227111,0.1602251459919454,0.1324994681046643,-4.097528968391233,-3.9966711548453393
smooth_sigmoid_tail_a2_t0p05__ridge_alpha_0p1,smooth_sigmoid_tail_a2_t0p05,Scheme E: smooth_sigmoid_tail,threshold=-4; alpha=2; temperature=0.05,Ridge,0.1,9,627,-3.864899902201111,-3.926517220226056,0.236596636880442,0.1398145297398548,-3.9965402546375657,-2.9820215831809924
smooth_sigmoid_tail_a2_t0p05__ridge_alpha_1,smooth_sigmoid_tail_a2_t0p05,Scheme E: smooth_sigmoid_tail,threshold=-4; alpha=2; temperature=0.05,Ridge,1.0,0,627,-4.564648205657466,-4.498670705305028,0.21256453490661395,0.16972116801889583,-5.012661485519392,-4.477668256241093
smooth_sigmoid_tail_a2_t0p05__ridge_alpha_1,smooth_sigmoid_tail_a2_t0p05,Scheme E: smooth_sigmoid_tail,threshold=-4; alpha=2; temperature=0.05,Ridge,1.0,1,627,-4.437506417616464,-4.421862865786485,0.18407270189704916,0.148365652710577,-4.47717855038959,-4.404758657995744
smooth_sigmoid_tail_a2_t0p05__ridge_alpha_1,smooth_sigmoid_tail_a2_t0p05,Scheme E: smooth_sigmoid_tail,threshold=-4; alpha=2; temperature=0.05,Ridge,1.0,2,627,-4.377920611156478,-4.379854340103877,0.1888110945785202,0.1436309062151303,-4.404757475537753,-4.352620941623579
smooth_sigmoid_tail_a2_t0p05__ridge_alpha_1,smooth_sigmoid_tail_a2_t0p05,Scheme E: smooth_sigmoid_tail,threshold=-4; alpha=2; temperature=0.05,Ridge,1.0,3,627,-4.329570115381312,-4.34057606535208,0.16645770775312582,0.12892171388427318,-4.352549525587385,-4.306654968127415
smooth_sigmoid_tail_a2_t0p05__ridge_alpha_1,smooth_sigmoid_tail_a2_t0p05,Scheme E: smooth_sigmoid_tail,threshold=-4; alpha=2; temperature=0.05,Ridge,1.0,4,627,-4.284038951688167,-4.307893440554947,0.17222304646241499,0.13390366970036574,-4.3066244986106526,-4.263627178349826
smooth_sigmoid_tail_a2_t0p05__ridge_alpha_1,smooth_sigmoid_tail_a2_t0p05,Scheme E: smooth_sigmoid_tail,threshold=-4; alpha=2; temperature=0.05,Ridge,1.0,5,627,-4.239679278466196,-4.2773729917130865,0.17324572250920878,0.13157074659391613,-4.2635842195636435,-4.215585552925453
smooth_sigmoid_tail_a2_t0p05__ridge_alpha_1,smooth_sigmoid_tail_a2_t0p05,Scheme E: smooth_sigmoid_tail,threshold=-4; alpha=2; temperature=0.05,Ridge,1.0,6,627,-4.190277590007392,-4.2386259246264,0.1652693047248618,0.13195739125467568,-4.215534409956397,-4.162929122174114
smooth_sigmoid_tail_a2_t0p05__ridge_alpha_1,smooth_sigmoid_tail_a2_t0p05,Scheme E: smooth_sigmoid_tail,threshold=-4; alpha=2; temperature=0.05,Ridge,1.0,7,627,-4.131823735299267,-4.185032455410031,0.1665498091153881,0.13306011040806928,-4.162893884261561,-4.097881703065012
smooth_sigmoid_tail_a2_t0p05__ridge_alpha_1,smooth_sigmoid_tail_a2_t0p05,Scheme E: smooth_sigmoid_tail,threshold=-4; alpha=2; temperature=0.05,Ridge,1.0,8,627,-4.053097792375505,-4.108447331638678,0.1582498312530673,0.13101927475177486,-4.097844350695032,-3.996995014267868
smooth_sigmoid_tail_a2_t0p05__ridge_alpha_1,smooth_sigmoid_tail_a2_t0p05,Scheme E: smooth_sigmoid_tail,threshold=-4; alpha=2; temperature=0.05,Ridge,1.0,9,627,-3.8654991531899103,-3.925541296125209,0.23676795420951258,0.13984211787932155,-3.996760469327674,-2.9844964468492776
smooth_sigmoid_tail_a2_t0p05__ridge_alpha_10,smooth_sigmoid_tail_a2_t0p05,Scheme E: smooth_sigmoid_tail,threshold=-4; alpha=2; temperature=0.05,Ridge,10.0,0,627,-4.5562386251637115,-4.5052441940331445,0.2120263581250326,0.16574644647184256,-5.003931239152351,-4.470746677638464
smooth_sigmoid_tail_a2_t0p05__ridge_alpha_10,smooth_sigmoid_tail_a2_t0p05,Scheme E: smooth_sigmoid_tail,threshold=-4; alpha=2; temperature=0.05,Ridge,10.0,1,627,-4.433284021649976,-4.420725659196333,0.182630452267217,0.14708163897904647,-4.470678364844535,-4.401830769466516
smooth_sigmoid_tail_a2_t0p05__ridge_alpha_10,smooth_sigmoid_tail_a2_t0p05,Scheme E: smooth_sigmoid_tail,threshold=-4; alpha=2; temperature=0.05,Ridge,10.0,2,627,-4.37483916443294,-4.384390226520592,0.18243205090992443,0.14019171895564647,-4.401536549327408,-4.348293562070783
smooth_sigmoid_tail_a2_t0p05__ridge_alpha_10,smooth_sigmoid_tail_a2_t0p05,Scheme E: smooth_sigmoid_tail,threshold=-4; alpha=2; temperature=0.05,Ridge,10.0,3,627,-4.32740779594618,-4.336771481609287,0.1662189306706905,0.1269966685007685,-4.348233582863725,-4.305026311833205
smooth_sigmoid_tail_a2_t0p05__ridge_alpha_10,smooth_sigmoid_tail_a2_t0p05,Scheme E: smooth_sigmoid_tail,threshold=-4; alpha=2; temperature=0.05,Ridge,10.0,4,627,-4.283157548859951,-4.3089764912237,0.17012832696606503,0.13040166354937494,-4.304989857650916,-4.262126751808022
smooth_sigmoid_tail_a2_t0p05__ridge_alpha_10,smooth_sigmoid_tail_a2_t0p05,Scheme E: smooth_sigmoid_tail,threshold=-4; alpha=2; temperature=0.05,Ridge,10.0,5,627,-4.2398818044411675,-4.269877940018678,0.17599783756633436,0.13432480196006133,-4.262041982329777,-4.216191503068755
smooth_sigmoid_tail_a2_t0p05__ridge_alpha_10,smooth_sigmoid_tail_a2_t0p05,Scheme E: smooth_sigmoid_tail,threshold=-4; alpha=2; temperature=0.05,Ridge,10.0,6,627,-4.191879552838,-4.243526973103586,0.1641591055688337,0.13083712508424603,-4.2161335102428055,-4.165768553177643
smooth_sigmoid_tail_a2_t0p05__ridge_alpha_10,smooth_sigmoid_tail_a2_t0p05,Scheme E: smooth_sigmoid_tail,threshold=-4; alpha=2; temperature=0.05,Ridge,10.0,7,627,-4.134563316680919,-4.183570044785449,0.16553551759358462,0.13092731227450186,-4.1657670604676245,-4.101247434648168
smooth_sigmoid_tail_a2_t0p05__ridge_alpha_10,smooth_sigmoid_tail_a2_t0p05,Scheme E: smooth_sigmoid_tail,threshold=-4; alpha=2; temperature=0.05,Ridge,10.0,8,627,-4.056042603620902,-4.1090480644412155,0.15650898218447482,0.12865927587114093,-4.10082706521826,-4.000364157594219
smooth_sigmoid_tail_a2_t0p05__ridge_alpha_10,smooth_sigmoid_tail_a2_t0p05,Scheme E: smooth_sigmoid_tail,threshold=-4; alpha=2; temperature=0.05,Ridge,10.0,9,627,-3.869213400348308,-3.921746341683837,0.23373144960556888,0.1358134059054016,-4.000075149201412,-3.0005517043627545
smooth_sigmoid_tail_a2_t0p05__ridge_alpha_100,smooth_sigmoid_tail_a2_t0p05,Scheme E: smooth_sigmoid_tail,threshold=-4; alpha=2; temperature=0.05,Ridge,100.0,0,627,-4.535518863465858,-4.514466833365801,0.20749555998572963,0.1560418781447913,-4.873377980107524,-4.457132514291048
smooth_sigmoid_tail_a2_t0p05__ridge_alpha_100,smooth_sigmoid_tail_a2_t0p05,Scheme E: smooth_sigmoid_tail,threshold=-4; alpha=2; temperature=0.05,Ridge,100.0,1,627,-4.422682722875724,-4.416547421658298,0.18653027637811997,0.14457536722042835,-4.457100535499889,-4.3925196964724895
smooth_sigmoid_tail_a2_t0p05__ridge_alpha_100,smooth_sigmoid_tail_a2_t0p05,Scheme E: smooth_sigmoid_tail,threshold=-4; alpha=2; temperature=0.05,Ridge,100.0,2,627,-4.368066100700869,-4.380484337418492,0.17320783904692105,0.1323359468827035,-4.392442604923184,-4.345087858982009
smooth_sigmoid_tail_a2_t0p05__ridge_alpha_100,smooth_sigmoid_tail_a2_t0p05,Scheme E: smooth_sigmoid_tail,threshold=-4; alpha=2; temperature=0.05,Ridge,100.0,3,627,-4.322155421655859,-4.3482655973607205,0.17141160228339805,0.1325290178751516,-4.3450651031541145,-4.300666748805619
smooth_sigmoid_tail_a2_t0p05__ridge_alpha_100,smooth_sigmoid_tail_a2_t0p05,Scheme E: smooth_sigmoid_tail,threshold=-4; alpha=2; temperature=0.05,Ridge,100.0,4,627,-4.2811150819905555,-4.302813352075148,0.1695631911092672,0.1289835208868797,-4.300624322050047,-4.261576203364705
smooth_sigmoid_tail_a2_t0p05__ridge_alpha_100,smooth_sigmoid_tail_a2_t0p05,Scheme E: smooth_sigmoid_tail,threshold=-4; alpha=2; temperature=0.05,Ridge,100.0,5,627,-4.239698866891302,-4.270954817480507,0.16641946793962376,0.13140643854663872,-4.261562752767958,-4.21699112207462
smooth_sigmoid_tail_a2_t0p05__ridge_alpha_100,smooth_sigmoid_tail_a2_t0p05,Scheme E: smooth_sigmoid_tail,threshold=-4; alpha=2; temperature=0.05,Ridge,100.0,6,627,-4.193608364298809,-4.224424747028493,0.17149163450798086,0.13106516982863126,-4.216937782800937,-4.169207412968836
smooth_sigmoid_tail_a2_t0p05__ridge_alpha_100,smooth_sigmoid_tail_a2_t0p05,Scheme E: smooth_sigmoid_tail,threshold=-4; alpha=2; temperature=0.05,Ridge,100.0,7,627,-4.140221826073135,-4.196703512526502,0.16197385025620867,0.12974274496488233,-4.168810372018223,-4.107523145064999
smooth_sigmoid_tail_a2_t0p05__ridge_alpha_100,smooth_sigmoid_tail_a2_t0p05,Scheme E: smooth_sigmoid_tail,threshold=-4; alpha=2; temperature=0.05,Ridge,100.0,8,627,-4.062941470498344,-4.113051102276151,0.15789738070533285,0.12416885558863633,-4.107515231740459,-4.005834073719074
smooth_sigmoid_tail_a2_t0p05__ridge_alpha_100,smooth_sigmoid_tail_a2_t0p05,Scheme E: smooth_sigmoid_tail,threshold=-4; alpha=2; temperature=0.05,Ridge,100.0,9,627,-3.8773388254628003,-3.916165695425712,0.22999407856016352,0.13072627767183922,-4.005625489439437,-3.064970071482231
smooth_sigmoid_tail_a2_t0p1__ridge_alpha_0p01,smooth_sigmoid_tail_a2_t0p1,Scheme E: smooth_sigmoid_tail,threshold=-4; alpha=2; temperature=0.1,Ridge,0.01,0,627,-4.556891187101204,-4.5006836297868045,0.21155068999305696,0.16630615835806806,-5.005253682508763,-4.4688501840037045
smooth_sigmoid_tail_a2_t0p1__ridge_alpha_0p01,smooth_sigmoid_tail_a2_t0p1,Scheme E: smooth_sigmoid_tail,threshold=-4; alpha=2; temperature=0.1,Ridge,0.01,1,627,-4.430452258802164,-4.419285936746288,0.18390614022187993,0.1473349735359964,-4.468786965163097,-4.399358974033608
smooth_sigmoid_tail_a2_t0p1__ridge_alpha_0p01,smooth_sigmoid_tail_a2_t0p1,Scheme E: smooth_sigmoid_tail,threshold=-4; alpha=2; temperature=0.1,Ridge,0.01,2,627,-4.37222531926746,-4.379625082406488,0.18777667391363156,0.14213257477543384,-4.3988865126758325,-4.347480271074539
smooth_sigmoid_tail_a2_t0p1__ridge_alpha_0p01,smooth_sigmoid_tail_a2_t0p1,Scheme E: smooth_sigmoid_tail,threshold=-4; alpha=2; temperature=0.1,Ridge,0.01,3,627,-4.324749682784755,-4.34131518960063,0.16799590946005824,0.1316226402764886,-4.347439638850299,-4.302959994535201
smooth_sigmoid_tail_a2_t0p1__ridge_alpha_0p01,smooth_sigmoid_tail_a2_t0p1,Scheme E: smooth_sigmoid_tail,threshold=-4; alpha=2; temperature=0.1,Ridge,0.01,4,627,-4.280592285875468,-4.30648945538791,0.16901824793236458,0.13165460630657114,-4.302658841364676,-4.25957238325775
smooth_sigmoid_tail_a2_t0p1__ridge_alpha_0p01,smooth_sigmoid_tail_a2_t0p1,Scheme E: smooth_sigmoid_tail,threshold=-4; alpha=2; temperature=0.1,Ridge,0.01,5,627,-4.2372724968360655,-4.274940713361812,0.1756355196619697,0.13266470434453753,-4.259528366493466,-4.213230271953894
smooth_sigmoid_tail_a2_t0p1__ridge_alpha_0p01,smooth_sigmoid_tail_a2_t0p1,Scheme E: smooth_sigmoid_tail,threshold=-4; alpha=2; temperature=0.1,Ridge,0.01,6,627,-4.18960664958454,-4.242228888232877,0.16789546191325125,0.1350481912091941,-4.213188713086567,-4.163381809781031
smooth_sigmoid_tail_a2_t0p1__ridge_alpha_0p01,smooth_sigmoid_tail_a2_t0p1,Scheme E: smooth_sigmoid_tail,threshold=-4; alpha=2; temperature=0.1,Ridge,0.01,7,627,-4.1335734551896595,-4.179828524984004,0.16598467268975525,0.13064868519294665,-4.163165114791067,-4.101781389170694
smooth_sigmoid_tail_a2_t0p1__ridge_alpha_0p01,smooth_sigmoid_tail_a2_t0p1,Scheme E: smooth_sigmoid_tail,threshold=-4; alpha=2; temperature=0.1,Ridge,0.01,8,627,-4.057813249880687,-4.114381848913794,0.1611418120562782,0.1328362198462692,-4.101741140457284,-4.004738556394759
smooth_sigmoid_tail_a2_t0p1__ridge_alpha_0p01,smooth_sigmoid_tail_a2_t0p1,Scheme E: smooth_sigmoid_tail,threshold=-4; alpha=2; temperature=0.1,Ridge,0.01,9,627,-3.8721911078415276,-3.925098147195216,0.2364012780266289,0.1377832363123612,-4.004640026344903,-2.9829138877267045
smooth_sigmoid_tail_a2_t0p1__ridge_alpha_0p1,smooth_sigmoid_tail_a2_t0p1,Scheme E: smooth_sigmoid_tail,threshold=-4; alpha=2; temperature=0.1,Ridge,0.1,0,627,-4.556760328760353,-4.500923995859957,0.21162351783953995,0.16648415426334356,-5.005287573100935,-4.468629514520075
smooth_sigmoid_tail_a2_t0p1__ridge_alpha_0p1,smooth_sigmoid_tail_a2_t0p1,Scheme E: smooth_sigmoid_tail,threshold=-4; alpha=2; temperature=0.1,Ridge,0.1,1,627,-4.430381551269576,-4.419045570673135,0.18371537990145162,0.1470616631017468,-4.468572439611447,-4.399104688134577
smooth_sigmoid_tail_a2_t0p1__ridge_alpha_0p1,smooth_sigmoid_tail_a2_t0p1,Scheme E: smooth_sigmoid_tail,threshold=-4; alpha=2; temperature=0.1,Ridge,0.1,2,627,-4.372175662393477,-4.379785134955113,0.18767273246392266,0.14198611950817547,-4.398515275967914,-4.347259775061246
smooth_sigmoid_tail_a2_t0p1__ridge_alpha_0p1,smooth_sigmoid_tail_a2_t0p1,Scheme E: smooth_sigmoid_tail,threshold=-4; alpha=2; temperature=0.1,Ridge,0.1,3,627,-4.324713352695209,-4.341155137052004,0.16807532910483303,0.1317212920476832,-4.347173235671371,-4.302892463135934
smooth_sigmoid_tail_a2_t0p1__ridge_alpha_0p1,smooth_sigmoid_tail_a2_t0p1,Scheme E: smooth_sigmoid_tail,threshold=-4; alpha=2; temperature=0.1,Ridge,0.1,4,627,-4.280582856372182,-4.30648945538791,0.16901824793236458,0.131624770071775,-4.302466082274393,-4.259509164492148
smooth_sigmoid_tail_a2_t0p1__ridge_alpha_0p1,smooth_sigmoid_tail_a2_t0p1,Scheme E: smooth_sigmoid_tail,threshold=-4; alpha=2; temperature=0.1,Ridge,0.1,5,627,-4.237278272124077,-4.274735027522351,0.17516911881315045,0.1324304235556008,-4.259475897848985,-4.213330502075305
smooth_sigmoid_tail_a2_t0p1__ridge_alpha_0p1,smooth_sigmoid_tail_a2_t0p1,Scheme E: smooth_sigmoid_tail,threshold=-4; alpha=2; temperature=0.1,Ridge,0.1,6,627,-4.189634331094052,-4.242103728949104,0.16869244812176218,0.13541302323222693,-4.213245011296097,-4.163382571363154
smooth_sigmoid_tail_a2_t0p1__ridge_alpha_0p1,smooth_sigmoid_tail_a2_t0p1,Scheme E: smooth_sigmoid_tail,threshold=-4; alpha=2; temperature=0.1,Ridge,0.1,7,628,-4.133567485121143,-4.180967846940126,0.16624245917327232,0.13080532272658044,-4.163299952638244,-4.102007250206382
smooth_sigmoid_tail_a2_t0p1__ridge_alpha_0p1,smooth_sigmoid_tail_a2_t0p1,Scheme E: smooth_sigmoid_tail,threshold=-4; alpha=2; temperature=0.1,Ridge,0.1,8,626,-4.05779603109777,-4.113311862420374,0.16037341136916156,0.1322676596908907,-4.101931677280918,-4.004762902996211
smooth_sigmoid_tail_a2_t0p1__ridge_alpha_0p1,smooth_sigmoid_tail_a2_t0p1,Scheme E: smooth_sigmoid_tail,threshold=-4; alpha=2; temperature=0.1,Ridge,0.1,9,627,-3.8722544656360083,-3.9252517525742188,0.23650950252682346,0.13788997692265587,-4.004715816190106,-2.9832001803124726
smooth_sigmoid_tail_a2_t0p1__ridge_alpha_1,smooth_sigmoid_tail_a2_t0p1,Scheme E: smooth_sigmoid_tail,threshold=-4; alpha=2; temperature=0.1,Ridge,1.0,0,627,-4.555530796411889,-4.500259725040977,0.21246327343981097,0.16667876770203155,-5.005398616321757,-4.467246783940865
smooth_sigmoid_tail_a2_t0p1__ridge_alpha_1,smooth_sigmoid_tail_a2_t0p1,Scheme E: smooth_sigmoid_tail,threshold=-4; alpha=2; temperature=0.1,Ridge,1.0,1,627,-4.429704294901893,-4.422470896339481,0.183007780533989,0.14657471348135934,-4.467059414010588,-4.398360899199528
smooth_sigmoid_tail_a2_t0p1__ridge_alpha_1,smooth_sigmoid_tail_a2_t0p1,Scheme E: smooth_sigmoid_tail,threshold=-4; alpha=2; temperature=0.1,Ridge,1.0,2,627,-4.371710880326426,-4.378427500210224,0.18716743310877618,0.14171731577353544,-4.398156402909085,-4.346683356829298
smooth_sigmoid_tail_a2_t0p1__ridge_alpha_1,smooth_sigmoid_tail_a2_t0p1,Scheme E: smooth_sigmoid_tail,threshold=-4; alpha=2; temperature=0.1,Ridge,1.0,3,627,-4.324363714603293,-4.339185634921581,0.16719436743746902,0.13011726595042708,-4.346616689527457,-4.301996278586169
smooth_sigmoid_tail_a2_t0p1__ridge_alpha_1,smooth_sigmoid_tail_a2_t0p1,Scheme E: smooth_sigmoid_tail,threshold=-4; alpha=2; temperature=0.1,Ridge,1.0,4,627,-4.280512742952027,-4.310724041031119,0.16925836823623538,0.13217570644095641,-4.301878578984955,-4.25990112334193
smooth_sigmoid_tail_a2_t0p1__ridge_alpha_1,smooth_sigmoid_tail_a2_t0p1,Scheme E: smooth_sigmoid_tail,threshold=-4; alpha=2; temperature=0.1,Ridge,1.0,5,627,-4.237335369902787,-4.27288691322202,0.17745108984500454,0.13433946730153923,-4.259765370137338,-4.213847789197191
smooth_sigmoid_tail_a2_t0p1__ridge_alpha_1,smooth_sigmoid_tail_a2_t0p1,Scheme E: smooth_sigmoid_tail,threshold=-4; alpha=2; temperature=0.1,Ridge,1.0,6,627,-4.1898782817805555,-4.241802809893119,0.16492719606567785,0.13321442803021663,-4.213767367079551,-4.163858746908917
smooth_sigmoid_tail_a2_t0p1__ridge_alpha_1,smooth_sigmoid_tail_a2_t0p1,Scheme E: smooth_sigmoid_tail,threshold=-4; alpha=2; temperature=0.1,Ridge,1.0,7,627,-4.134047770665297,-4.181585359541815,0.16765182850305838,0.1322086014873952,-4.163836771528915,-4.1025743574689955
smooth_sigmoid_tail_a2_t0p1__ridge_alpha_1,smooth_sigmoid_tail_a2_t0p1,Scheme E: smooth_sigmoid_tail,threshold=-4; alpha=2; temperature=0.1,Ridge,1.0,8,627,-4.05835007846104,-4.11091624581005,0.15808474965471953,0.12978037403087356,-4.102372042949732,-4.005316937800063
smooth_sigmoid_tail_a2_t0p1__ridge_alpha_1,smooth_sigmoid_tail_a2_t0p1,Scheme E: smooth_sigmoid_tail,threshold=-4; alpha=2; temperature=0.1,Ridge,1.0,9,627,-3.8728502866877474,-3.9256182906054344,0.23675020365175814,0.13763312009094877,-4.005241820026843,-2.985886478330884
smooth_sigmoid_tail_a2_t0p1__ridge_alpha_10,smooth_sigmoid_tail_a2_t0p1,Scheme E: smooth_sigmoid_tail,threshold=-4; alpha=2; temperature=0.1,Ridge,10.0,0,627,-4.5473620777139425,-4.506236577983132,0.21151457259637652,0.1625071984128831,-4.9940503119550375,-4.462745584208354
smooth_sigmoid_tail_a2_t0p1__ridge_alpha_10,smooth_sigmoid_tail_a2_t0p1,Scheme E: smooth_sigmoid_tail,threshold=-4; alpha=2; temperature=0.1,Ridge,10.0,1,627,-4.425549463623293,-4.424459737724629,0.18147453216716414,0.1448609356049854,-4.4625942150178926,-4.395160854538945
smooth_sigmoid_tail_a2_t0p1__ridge_alpha_10,smooth_sigmoid_tail_a2_t0p1,Scheme E: smooth_sigmoid_tail,threshold=-4; alpha=2; temperature=0.1,Ridge,10.0,2,627,-4.368429674699107,-4.375292203202387,0.18307703446981466,0.1414414703791772,-4.395000124366345,-4.343170808762723
smooth_sigmoid_tail_a2_t0p1__ridge_alpha_10,smooth_sigmoid_tail_a2_t0p1,Scheme E: smooth_sigmoid_tail,threshold=-4; alpha=2; temperature=0.1,Ridge,10.0,3,627,-4.322264944810331,-4.339052012545671,0.16567728779706942,0.12591029792641642,-4.343146366334788,-4.300621464620553
smooth_sigmoid_tail_a2_t0p1__ridge_alpha_10,smooth_sigmoid_tail_a2_t0p1,Scheme E: smooth_sigmoid_tail,threshold=-4; alpha=2; temperature=0.1,Ridge,10.0,4,627,-4.279754024797301,-4.308554798028482,0.17148475615655576,0.13193734474607097,-4.300614235912849,-4.258989450789301
smooth_sigmoid_tail_a2_t0p1__ridge_alpha_10,smooth_sigmoid_tail_a2_t0p1,Scheme E: smooth_sigmoid_tail,threshold=-4; alpha=2; temperature=0.1,Ridge,10.0,5,627,-4.237575884369297,-4.270128654442551,0.17683993502012166,0.13444873598702514,-4.258985407303537,-4.21472770931963
smooth_sigmoid_tail_a2_t0p1__ridge_alpha_10,smooth_sigmoid_tail_a2_t0p1,Scheme E: smooth_sigmoid_tail,threshold=-4; alpha=2; temperature=0.1,Ridge,10.0,6,627,-4.191513968041827,-4.242227596737136,0.16477831709441212,0.13060493903617337,-4.214648381070984,-4.166691575940352
smooth_sigmoid_tail_a2_t0p1__ridge_alpha_10,smooth_sigmoid_tail_a2_t0p1,Scheme E: smooth_sigmoid_tail,threshold=-4; alpha=2; temperature=0.1,Ridge,10.0,7,627,-4.136823332003008,-4.185672435748408,0.16720003589972218,0.13154793751729071,-4.166555388427988,-4.105119862758243
smooth_sigmoid_tail_a2_t0p1__ridge_alpha_10,smooth_sigmoid_tail_a2_t0p1,Scheme E: smooth_sigmoid_tail,threshold=-4; alpha=2; temperature=0.1,Ridge,10.0,8,627,-4.06148050560593,-4.111091937162942,0.1556031063091064,0.1270724520226269,-4.104829322102647,-4.0077350301319745
smooth_sigmoid_tail_a2_t0p1__ridge_alpha_10,smooth_sigmoid_tail_a2_t0p1,Scheme E: smooth_sigmoid_tail,threshold=-4; alpha=2; temperature=0.1,Ridge,10.0,9,627,-3.876477288477784,-3.9211614630404856,0.23372311232808707,0.13404511183042644,-4.007318843951984,-3.003518652771992
smooth_sigmoid_tail_a2_t0p1__ridge_alpha_100,smooth_sigmoid_tail_a2_t0p1,Scheme E: smooth_sigmoid_tail,threshold=-4; alpha=2; temperature=0.1,Ridge,100.0,0,627,-4.526265240971467,-4.5149934728318275,0.206726434212857,0.153853106056999,-4.856410126540891,-4.447228340004005
smooth_sigmoid_tail_a2_t0p1__ridge_alpha_100,smooth_sigmoid_tail_a2_t0p1,Scheme E: smooth_sigmoid_tail,threshold=-4; alpha=2; temperature=0.1,Ridge,100.0,1,627,-4.4151390736094305,-4.416531004730371,0.18652626551558396,0.14429585638197204,-4.4472055459489495,-4.3862716783599955
smooth_sigmoid_tail_a2_t0p1__ridge_alpha_100,smooth_sigmoid_tail_a2_t0p1,Scheme E: smooth_sigmoid_tail,threshold=-4; alpha=2; temperature=0.1,Ridge,100.0,2,627,-4.361313460237562,-4.383602218728236,0.17243155520952957,0.1328196787069746,-4.3861372082138965,-4.338584518603877
smooth_sigmoid_tail_a2_t0p1__ridge_alpha_100,smooth_sigmoid_tail_a2_t0p1,Scheme E: smooth_sigmoid_tail,threshold=-4; alpha=2; temperature=0.1,Ridge,100.0,3,627,-4.3171119952663135,-4.343485095487019,0.1683561950469856,0.12952812156230623,-4.338570708763545,-4.296975473628675
smooth_sigmoid_tail_a2_t0p1__ridge_alpha_100,smooth_sigmoid_tail_a2_t0p1,Scheme E: smooth_sigmoid_tail,threshold=-4; alpha=2; temperature=0.1,Ridge,100.0,4,627,-4.277621359110931,-4.302240122622361,0.1736214771355598,0.1326274384468177,-4.296826005885296,-4.258359524265369
smooth_sigmoid_tail_a2_t0p1__ridge_alpha_100,smooth_sigmoid_tail_a2_t0p1,Scheme E: smooth_sigmoid_tail,threshold=-4; alpha=2; temperature=0.1,Ridge,100.0,5,627,-4.23799769870481,-4.271357880676458,0.1676633723229408,0.13163305781753312,-4.258314643572629,-4.216417483205391
smooth_sigmoid_tail_a2_t0p1__ridge_alpha_100,smooth_sigmoid_tail_a2_t0p1,Scheme E: smooth_sigmoid_tail,threshold=-4; alpha=2; temperature=0.1,Ridge,100.0,6,627,-4.193660640061822,-4.224767275457023,0.1705515868310644,0.1304567086996201,-4.216403589262294,-4.17054922814625
smooth_sigmoid_tail_a2_t0p1__ridge_alpha_100,smooth_sigmoid_tail_a2_t0p1,Scheme E: smooth_sigmoid_tail,threshold=-4; alpha=2; temperature=0.1,Ridge,100.0,7,627,-4.142572223842706,-4.198263569046358,0.16163278052950586,0.12884673401182822,-4.170415029819045,-4.111214225409051
smooth_sigmoid_tail_a2_t0p1__ridge_alpha_100,smooth_sigmoid_tail_a2_t0p1,Scheme E: smooth_sigmoid_tail,threshold=-4; alpha=2; temperature=0.1,Ridge,100.0,8,628,-4.06847912503294,-4.112064938284836,0.15809379615775204,0.12351972187232908,-4.110813916573136,-4.011850797207094
smooth_sigmoid_tail_a2_t0p1__ridge_alpha_100,smooth_sigmoid_tail_a2_t0p1,Scheme E: smooth_sigmoid_tail,threshold=-4; alpha=2; temperature=0.1,Ridge,100.0,9,626,-3.8845716435822095,-3.916259549454951,0.2304635301749599,0.12952021389892193,-4.011546521793086,-3.070061265500946
smooth_sigmoid_tail_a2_t0p2__ridge_alpha_0p01,smooth_sigmoid_tail_a2_t0p2,Scheme E: smooth_sigmoid_tail,threshold=-4; alpha=2; temperature=0.2,Ridge,0.01,0,627,-4.546322178906174,-4.499873163387129,0.21172162810096154,0.163096519958146,-4.997250180506798,-4.46161576173276
smooth_sigmoid_tail_a2_t0p2__ridge_alpha_0p01,smooth_sigmoid_tail_a2_t0p2,Scheme E: smooth_sigmoid_tail,threshold=-4; alpha=2; temperature=0.2,Ridge,0.01,1,627,-4.424335952021353,-4.420365179043267,0.1843846166790473,0.14614176037622945,-4.461566301010537,-4.394336865937791
smooth_sigmoid_tail_a2_t0p2__ridge_alpha_0p01,smooth_sigmoid_tail_a2_t0p2,Scheme E: smooth_sigmoid_tail,threshold=-4; alpha=2; temperature=0.2,Ridge,0.01,2,628,-4.368950133097787,-4.380565247822831,0.18705584149525073,0.14271222313833085,-4.394322395233473,-4.345965145587353
smooth_sigmoid_tail_a2_t0p2__ridge_alpha_0p01,smooth_sigmoid_tail_a2_t0p2,Scheme E: smooth_sigmoid_tail,threshold=-4; alpha=2; temperature=0.2,Ridge,0.01,3,626,-4.323936413683062,-4.335325381840344,0.16758014712769942,0.13045908750775922,-4.345827378785957,-4.3026632821431905
smooth_sigmoid_tail_a2_t0p2__ridge_alpha_0p01,smooth_sigmoid_tail_a2_t0p2,Scheme E: smooth_sigmoid_tail,threshold=-4; alpha=2; temperature=0.2,Ridge,0.01,4,627,-4.2821678558951275,-4.312478761289534,0.16909612689173445,0.13138638439220293,-4.302598304367335,-4.261499763456036
smooth_sigmoid_tail_a2_t0p2__ridge_alpha_0p01,smooth_sigmoid_tail_a2_t0p2,Scheme E: smooth_sigmoid_tail,threshold=-4; alpha=2; temperature=0.2,Ridge,0.01,5,627,-4.2407444305919455,-4.272527535694322,0.17876653705269327,0.134270881450697,-4.261410658262937,-4.218193473963113
smooth_sigmoid_tail_a2_t0p2__ridge_alpha_0p01,smooth_sigmoid_tail_a2_t0p2,Scheme E: smooth_sigmoid_tail,threshold=-4; alpha=2; temperature=0.2,Ridge,0.01,6,627,-4.1949715688523534,-4.243028285433338,0.1665413402828735,0.1337366348004734,-4.2181797171808535,-4.169986811857801
smooth_sigmoid_tail_a2_t0p2__ridge_alpha_0p01,smooth_sigmoid_tail_a2_t0p2,Scheme E: smooth_sigmoid_tail,threshold=-4; alpha=2; temperature=0.2,Ridge,0.01,7,627,-4.141369709940644,-4.184245381806113,0.16087540070300127,0.12729315253816983,-4.169818055993303,-4.111697589961769
smooth_sigmoid_tail_a2_t0p2__ridge_alpha_0p01,smooth_sigmoid_tail_a2_t0p2,Scheme E: smooth_sigmoid_tail,threshold=-4; alpha=2; temperature=0.2,Ridge,0.01,8,627,-4.067948656164051,-4.108768999630069,0.16432939949918207,0.13116500021331018,-4.111672166077546,-4.015707083746683
smooth_sigmoid_tail_a2_t0p2__ridge_alpha_0p01,smooth_sigmoid_tail_a2_t0p2,Scheme E: smooth_sigmoid_tail,threshold=-4; alpha=2; temperature=0.2,Ridge,0.01,9,627,-3.882684448076439,-3.926627327772571,0.2372216689871174,0.1355316285882385,-4.015560640128906,-2.9794303018502295
smooth_sigmoid_tail_a2_t0p2__ridge_alpha_0p1,smooth_sigmoid_tail_a2_t0p2,Scheme E: smooth_sigmoid_tail,threshold=-4; alpha=2; temperature=0.2,Ridge,0.1,0,627,-4.546196263183084,-4.499873163387129,0.21172162810096154,0.16303946399068708,-4.9972305403152895,-4.46146763551213
smooth_sigmoid_tail_a2_t0p2__ridge_alpha_0p1,smooth_sigmoid_tail_a2_t0p2,Scheme E: smooth_sigmoid_tail,threshold=-4; alpha=2; temperature=0.2,Ridge,0.1,1,627,-4.4242720623899405,-4.420293532392071,0.18342819553957096,0.14565970172685488,-4.461240507068074,-4.3942108648807165
smooth_sigmoid_tail_a2_t0p2__ridge_alpha_0p1,smooth_sigmoid_tail_a2_t0p2,Scheme E: smooth_sigmoid_tail,threshold=-4; alpha=2; temperature=0.2,Ridge,0.1,2,628,-4.368901523412536,-4.380636780387004,0.18800745605643127,0.14314341577094788,-4.394149868738088,-4.34591957688137
smooth_sigmoid_tail_a2_t0p2__ridge_alpha_0p1,smooth_sigmoid_tail_a2_t0p2,Scheme E: smooth_sigmoid_tail,threshold=-4; alpha=2; temperature=0.2,Ridge,0.1,3,626,-4.323901314621735,-4.335156537659295,0.16762887699633733,0.1304786113781406,-4.345695592156123,-4.302529395365798
smooth_sigmoid_tail_a2_t0p2__ridge_alpha_0p1,smooth_sigmoid_tail_a2_t0p2,Scheme E: smooth_sigmoid_tail,threshold=-4; alpha=2; temperature=0.2,Ridge,0.1,4,627,-4.282161072433243,-4.312647336181618,0.16907054621801126,0.13131149910660014,-4.302524727110315,-4.261479879613484
smooth_sigmoid_tail_a2_t0p2__ridge_alpha_0p1,smooth_sigmoid_tail_a2_t0p2,Scheme E: smooth_sigmoid_tail,threshold=-4; alpha=2; temperature=0.2,Ridge,0.1,5,627,-4.240750588055923,-4.272702649050258,0.17872547905257033,0.13428622128914186,-4.261448195097498,-4.218245276261838
smooth_sigmoid_tail_a2_t0p2__ridge_alpha_0p1,smooth_sigmoid_tail_a2_t0p2,Scheme E: smooth_sigmoid_tail,threshold=-4; alpha=2; temperature=0.2,Ridge,0.1,6,627,-4.195003062004915,-4.243022124876482,0.16652295603203385,0.13380287876329583,-4.218242344469585,-4.170122257081745
smooth_sigmoid_tail_a2_t0p2__ridge_alpha_0p1,smooth_sigmoid_tail_a2_t0p2,Scheme E: smooth_sigmoid_tail,threshold=-4; alpha=2; temperature=0.2,Ridge,0.1,7,627,-4.141413793636795,-4.183927864630422,0.16102905393796688,0.1272818009853155,-4.170040280424751,-4.111618663200285
smooth_sigmoid_tail_a2_t0p2__ridge_alpha_0p1,smooth_sigmoid_tail_a2_t0p2,Scheme E: smooth_sigmoid_tail,threshold=-4; alpha=2; temperature=0.2,Ridge,0.1,8,627,-4.068004174080182,-4.1089175640066795,0.1642180147959634,0.13097997038580056,-4.1115947683080165,-4.015836542669976
smooth_sigmoid_tail_a2_t0p2__ridge_alpha_0p1,smooth_sigmoid_tail_a2_t0p2,Scheme E: smooth_sigmoid_tail,threshold=-4; alpha=2; temperature=0.2,Ridge,0.1,9,627,-3.8827479470443405,-3.926627327772571,0.2372216689871174,0.1354836097605098,-4.015516378098668,-2.9797661238612396
smooth_sigmoid_tail_a2_t0p2__ridge_alpha_1,smooth_sigmoid_tail_a2_t0p2,Scheme E: smooth_sigmoid_tail,threshold=-4; alpha=2; temperature=0.2,Ridge,1.0,0,627,-4.545006367543293,-4.500650503800953,0.21175158442243813,0.1627076081083304,-4.996841979152423,-4.460795631604137
smooth_sigmoid_tail_a2_t0p2__ridge_alpha_1,smooth_sigmoid_tail_a2_t0p2,Scheme E: smooth_sigmoid_tail,threshold=-4; alpha=2; temperature=0.2,Ridge,1.0,1,627,-4.4236755448726734,-4.420514086502884,0.1821633351953507,0.14469214099423625,-4.460217024323274,-4.393637628048045
smooth_sigmoid_tail_a2_t0p2__ridge_alpha_1,smooth_sigmoid_tail_a2_t0p2,Scheme E: smooth_sigmoid_tail,threshold=-4; alpha=2; temperature=0.2,Ridge,1.0,2,627,-4.368477969894928,-4.381917109025815,0.1894488529765765,0.14406084875305156,-4.393449765100496,-4.345382775413338
smooth_sigmoid_tail_a2_t0p2__ridge_alpha_1,smooth_sigmoid_tail_a2_t0p2,Scheme E: smooth_sigmoid_tail,threshold=-4; alpha=2; temperature=0.2,Ridge,1.0,3,627,-4.32361938303601,-4.3340102983733075,0.16561453784446964,0.12913933458423354,-4.345360536102387,-4.302390289852178
smooth_sigmoid_tail_a2_t0p2__ridge_alpha_1,smooth_sigmoid_tail_a2_t0p2,Scheme E: smooth_sigmoid_tail,threshold=-4; alpha=2; temperature=0.2,Ridge,1.0,4,627,-4.282060178163329,-4.3127921225309995,0.16931486920069658,0.1316236539894723,-4.302359979357612,-4.26112581717183
smooth_sigmoid_tail_a2_t0p2__ridge_alpha_1,smooth_sigmoid_tail_a2_t0p2,Scheme E: smooth_sigmoid_tail,threshold=-4; alpha=2; temperature=0.2,Ridge,1.0,5,627,-4.240816943533608,-4.271532711671386,0.17729039593145304,0.13322434089196375,-4.261002146405385,-4.218239453315291
smooth_sigmoid_tail_a2_t0p2__ridge_alpha_1,smooth_sigmoid_tail_a2_t0p2,Scheme E: smooth_sigmoid_tail,threshold=-4; alpha=2; temperature=0.2,Ridge,1.0,6,627,-4.195294335212884,-4.244436817431361,0.16839030191845705,0.13545635483111515,-4.218212592434816,-4.170230540048588
smooth_sigmoid_tail_a2_t0p2__ridge_alpha_1,smooth_sigmoid_tail_a2_t0p2,Scheme E: smooth_sigmoid_tail,threshold=-4; alpha=2; temperature=0.2,Ridge,1.0,7,627,-4.141847087178519,-4.183787809535515,0.1604677543933581,0.12702695519430499,-4.169972297442199,-4.112241537467187
smooth_sigmoid_tail_a2_t0p2__ridge_alpha_1,smooth_sigmoid_tail_a2_t0p2,Scheme E: smooth_sigmoid_tail,threshold=-4; alpha=2; temperature=0.2,Ridge,1.0,8,627,-4.068514942472311,-4.10803427181979,0.16389446851560044,0.1301350171908037,-4.111929514623817,-4.016678832831569
smooth_sigmoid_tail_a2_t0p2__ridge_alpha_1,smooth_sigmoid_tail_a2_t0p2,Scheme E: smooth_sigmoid_tail,threshold=-4; alpha=2; temperature=0.2,Ridge,1.0,9,627,-3.883347743031004,-3.9262016859238105,0.23636168322549528,0.13435818222260176,-4.016636347630104,-2.982928062691743
smooth_sigmoid_tail_a2_t0p2__ridge_alpha_10,smooth_sigmoid_tail_a2_t0p2,Scheme E: smooth_sigmoid_tail,threshold=-4; alpha=2; temperature=0.2,Ridge,10.0,0,627,-4.537080097524826,-4.503931700783783,0.21190153651138238,0.16004511750065042,-4.982549953793533,-4.455955084665681
smooth_sigmoid_tail_a2_t0p2__ridge_alpha_10,smooth_sigmoid_tail_a2_t0p2,Scheme E: smooth_sigmoid_tail,threshold=-4; alpha=2; temperature=0.2,Ridge,10.0,1,627,-4.419754882399041,-4.425910359997049,0.18230582029293013,0.14346733116522628,-4.45584038478434,-4.390590360717866
smooth_sigmoid_tail_a2_t0p2__ridge_alpha_10,smooth_sigmoid_tail_a2_t0p2,Scheme E: smooth_sigmoid_tail,threshold=-4; alpha=2; temperature=0.2,Ridge,10.0,2,627,-4.36547117136668,-4.3780876559900275,0.18493808429039585,0.1427938438750584,-4.390588120490211,-4.3418471373296175
smooth_sigmoid_tail_a2_t0p2__ridge_alpha_10,smooth_sigmoid_tail_a2_t0p2,Scheme E: smooth_sigmoid_tail,threshold=-4; alpha=2; temperature=0.2,Ridge,10.0,3,627,-4.321657488690834,-4.336958291634535,0.16300684996922177,0.1249551122772297,-4.341803616226557,-4.3011936471987475
smooth_sigmoid_tail_a2_t0p2__ridge_alpha_10,smooth_sigmoid_tail_a2_t0p2,Scheme E: smooth_sigmoid_tail,threshold=-4; alpha=2; temperature=0.2,Ridge,10.0,4,627,-4.281364213770455,-4.306402644799656,0.17153625844485085,0.13253621348547615,-4.301171835583864,-4.261288528969955
smooth_sigmoid_tail_a2_t0p2__ridge_alpha_10,smooth_sigmoid_tail_a2_t0p2,Scheme E: smooth_sigmoid_tail,threshold=-4; alpha=2; temperature=0.2,Ridge,10.0,5,627,-4.241132781319855,-4.27543145592118,0.17854864873758775,0.13517193380599435,-4.261259251614403,-4.218771088136973
smooth_sigmoid_tail_a2_t0p2__ridge_alpha_10,smooth_sigmoid_tail_a2_t0p2,Scheme E: smooth_sigmoid_tail,threshold=-4; alpha=2; temperature=0.2,Ridge,10.0,6,627,-4.196937100221027,-4.2394538574622525,0.1627122217237483,0.12808588180859382,-4.2187669584114555,-4.173159630615197
smooth_sigmoid_tail_a2_t0p2__ridge_alpha_10,smooth_sigmoid_tail_a2_t0p2,Scheme E: smooth_sigmoid_tail,threshold=-4; alpha=2; temperature=0.2,Ridge,10.0,7,627,-4.1447668534594975,-4.185305990349854,0.16762525353687202,0.1309256384031763,-4.173089425115477,-4.113282740253267
smooth_sigmoid_tail_a2_t0p2__ridge_alpha_10,smooth_sigmoid_tail_a2_t0p2,Scheme E: smooth_sigmoid_tail,threshold=-4; alpha=2; temperature=0.2,Ridge,10.0,8,627,-4.071802206969778,-4.111525850759411,0.15603296050521961,0.12503637632651896,-4.11326912780427,-4.018674805880055
smooth_sigmoid_tail_a2_t0p2__ridge_alpha_10,smooth_sigmoid_tail_a2_t0p2,Scheme E: smooth_sigmoid_tail,threshold=-4; alpha=2; temperature=0.2,Ridge,10.0,9,627,-3.887129443234306,-3.9208696089180735,0.23300768973225647,0.1311664400449473,-4.018103983386263,-3.0038927893403375
smooth_sigmoid_tail_a2_t0p2__ridge_alpha_100,smooth_sigmoid_tail_a2_t0p2,Scheme E: smooth_sigmoid_tail,threshold=-4; alpha=2; temperature=0.2,Ridge,100.0,0,627,-4.516365012672915,-4.515183561987102,0.2062225837543696,0.15225029780993762,-4.8400490748311045,-4.441897193900554
smooth_sigmoid_tail_a2_t0p2__ridge_alpha_100,smooth_sigmoid_tail_a2_t0p2,Scheme E: smooth_sigmoid_tail,threshold=-4; alpha=2; temperature=0.2,Ridge,100.0,1,627,-4.40986118014367,-4.416802497416608,0.1888786022485976,0.146500472460759,-4.441830160172068,-4.38222849588719
smooth_sigmoid_tail_a2_t0p2__ridge_alpha_100,smooth_sigmoid_tail_a2_t0p2,Scheme E: smooth_sigmoid_tail,threshold=-4; alpha=2; temperature=0.2,Ridge,100.0,2,627,-4.358438229902509,-4.382226455218683,0.17167281648508348,0.13243967886213295,-4.381952533233374,-4.337527628705173
smooth_sigmoid_tail_a2_t0p2__ridge_alpha_100,smooth_sigmoid_tail_a2_t0p2,Scheme E: smooth_sigmoid_tail,threshold=-4; alpha=2; temperature=0.2,Ridge,100.0,3,627,-4.317036969971506,-4.339461967166171,0.1673818507279424,0.12797815273586693,-4.337519146487783,-4.297826612977734
smooth_sigmoid_tail_a2_t0p2__ridge_alpha_100,smooth_sigmoid_tail_a2_t0p2,Scheme E: smooth_sigmoid_tail,threshold=-4; alpha=2; temperature=0.2,Ridge,100.0,4,627,-4.279416868325107,-4.310160042919674,0.17574083395783263,0.13491219089637072,-4.297754695570957,-4.261882422259364
smooth_sigmoid_tail_a2_t0p2__ridge_alpha_100,smooth_sigmoid_tail_a2_t0p2,Scheme E: smooth_sigmoid_tail,threshold=-4; alpha=2; temperature=0.2,Ridge,100.0,5,627,-4.24191176863849,-4.266997454089448,0.16683232265457634,0.12899799581127688,-4.261862320936951,-4.222104088638651
smooth_sigmoid_tail_a2_t0p2__ridge_alpha_100,smooth_sigmoid_tail_a2_t0p2,Scheme E: smooth_sigmoid_tail,threshold=-4; alpha=2; temperature=0.2,Ridge,100.0,6,627,-4.199700643230388,-4.22536019944992,0.17122477245939324,0.13087813967716927,-4.221743377077626,-4.176432586401945
smooth_sigmoid_tail_a2_t0p2__ridge_alpha_100,smooth_sigmoid_tail_a2_t0p2,Scheme E: smooth_sigmoid_tail,threshold=-4; alpha=2; temperature=0.2,Ridge,100.0,7,627,-4.1508189950740055,-4.196953533871757,0.15995422628194753,0.12441992495249886,-4.176322767138155,-4.121817102112575
smooth_sigmoid_tail_a2_t0p2__ridge_alpha_100,smooth_sigmoid_tail_a2_t0p2,Scheme E: smooth_sigmoid_tail,threshold=-4; alpha=2; temperature=0.2,Ridge,100.0,8,627,-4.079391249896754,-4.113520345979524,0.15893930154828453,0.12302963901632952,-4.121802550223859,-4.024215047975362
smooth_sigmoid_tail_a2_t0p2__ridge_alpha_100,smooth_sigmoid_tail_a2_t0p2,Scheme E: smooth_sigmoid_tail,threshold=-4; alpha=2; temperature=0.2,Ridge,100.0,9,627,-3.8961036837563574,-3.9172113585169352,0.2313628880417822,0.12855834868273397,-4.024172152345371,-3.077249913867054
smooth_sigmoid_tail_a4_t0p05__ridge_alpha_0p01,smooth_sigmoid_tail_a4_t0p05,Scheme E: smooth_sigmoid_tail,threshold=-4; alpha=4; temperature=0.05,Ridge,0.01,0,627,-4.5657248260903724,-4.495696478478202,0.2132499302474319,0.17158323576062293,-4.9725429025798595,-4.474088674012026
smooth_sigmoid_tail_a4_t0p05__ridge_alpha_0p01,smooth_sigmoid_tail_a4_t0p05,Scheme E: smooth_sigmoid_tail,threshold=-4; alpha=4; temperature=0.05,Ridge,0.01,1,627,-4.432481061150723,-4.426698594978823,0.18331054428793,0.14697395706536703,-4.473955319808456,-4.398136198151161
smooth_sigmoid_tail_a4_t0p05__ridge_alpha_0p01,smooth_sigmoid_tail_a4_t0p05,Scheme E: smooth_sigmoid_tail,threshold=-4; alpha=4; temperature=0.05,Ridge,0.01,2,627,-4.3691320833911735,-4.3757339237426,0.18502776220312755,0.1411202601377212,-4.398134789432066,-4.34290648496471
smooth_sigmoid_tail_a4_t0p05__ridge_alpha_0p01,smooth_sigmoid_tail_a4_t0p05,Scheme E: smooth_sigmoid_tail,threshold=-4; alpha=4; temperature=0.05,Ridge,0.01,3,627,-4.318128883144295,-4.342664856782368,0.1704320616903063,0.13177955303897165,-4.342860902795044,-4.29546958829666
smooth_sigmoid_tail_a4_t0p05__ridge_alpha_0p01,smooth_sigmoid_tail_a4_t0p05,Scheme E: smooth_sigmoid_tail,threshold=-4; alpha=4; temperature=0.05,Ridge,0.01,4,627,-4.270996807057018,-4.3036083038171045,0.16997349150815733,0.13384359737692283,-4.295381152331612,-4.247676180440358
smooth_sigmoid_tail_a4_t0p05__ridge_alpha_0p01,smooth_sigmoid_tail_a4_t0p05,Scheme E: smooth_sigmoid_tail,threshold=-4; alpha=4; temperature=0.05,Ridge,0.01,5,627,-4.224000852672082,-4.275781313759468,0.17690460553235257,0.13860513686769166,-4.247572853992981,-4.199639085337725
smooth_sigmoid_tail_a4_t0p05__ridge_alpha_0p01,smooth_sigmoid_tail_a4_t0p05,Scheme E: smooth_sigmoid_tail,threshold=-4; alpha=4; temperature=0.05,Ridge,0.01,6,627,-4.174023759318493,-4.237433213901236,0.1719400246519439,0.1363090040420645,-4.199634754882908,-4.146969851758629
smooth_sigmoid_tail_a4_t0p05__ridge_alpha_0p01,smooth_sigmoid_tail_a4_t0p05,Scheme E: smooth_sigmoid_tail,threshold=-4; alpha=4; temperature=0.05,Ridge,0.01,7,627,-4.113974433596858,-4.186965134358962,0.16234570321100106,0.13629338800888005,-4.146948765900171,-4.0799553264152415
smooth_sigmoid_tail_a4_t0p05__ridge_alpha_0p01,smooth_sigmoid_tail_a4_t0p05,Scheme E: smooth_sigmoid_tail,threshold=-4; alpha=4; temperature=0.05,Ridge,0.01,8,627,-4.0347898664641875,-4.110484677214499,0.15788554280987324,0.13683758963557258,-4.079862781879837,-3.979349608334917
smooth_sigmoid_tail_a4_t0p05__ridge_alpha_0p01,smooth_sigmoid_tail_a4_t0p05,Scheme E: smooth_sigmoid_tail,threshold=-4; alpha=4; temperature=0.05,Ridge,0.01,9,627,-3.8518311127186613,-3.928810919582561,0.2424584070446251,0.1479244299713331,-3.979332250786185,-2.982095107699597
smooth_sigmoid_tail_a4_t0p05__ridge_alpha_0p1,smooth_sigmoid_tail_a4_t0p05,Scheme E: smooth_sigmoid_tail,threshold=-4; alpha=4; temperature=0.05,Ridge,0.1,0,627,-4.565567067454652,-4.495696478478202,0.2132499302474319,0.1715131252117389,-4.97271832120449,-4.474010990205775
smooth_sigmoid_tail_a4_t0p05__ridge_alpha_0p1,smooth_sigmoid_tail_a4_t0p05,Scheme E: smooth_sigmoid_tail,threshold=-4; alpha=4; temperature=0.05,Ridge,0.1,1,627,-4.432392453264293,-4.426058510526559,0.18308893932460976,0.14663774496984713,-4.4739825049860915,-4.398005665458269
smooth_sigmoid_tail_a4_t0p05__ridge_alpha_0p1,smooth_sigmoid_tail_a4_t0p05,Scheme E: smooth_sigmoid_tail,threshold=-4; alpha=4; temperature=0.05,Ridge,0.1,2,627,-4.369072932376166,-4.376398971425395,0.18540486621695368,0.14136895219808665,-4.397998701440243,-4.342868696608883
smooth_sigmoid_tail_a4_t0p05__ridge_alpha_0p1,smooth_sigmoid_tail_a4_t0p05,Scheme E: smooth_sigmoid_tail,threshold=-4; alpha=4; temperature=0.05,Ridge,0.1,3,627,-4.318086364459469,-4.342857703435428,0.1703839727624475,0.13177980536702105,-4.342818791529444,-4.295494963655672
smooth_sigmoid_tail_a4_t0p05__ridge_alpha_0p1,smooth_sigmoid_tail_a4_t0p05,Scheme E: smooth_sigmoid_tail,threshold=-4; alpha=4; temperature=0.05,Ridge,0.1,4,627,-4.270976805895019,-4.3038338490732,0.1698228529731063,0.13379028162148116,-4.295173688337704,-4.247695554681813
smooth_sigmoid_tail_a4_t0p05__ridge_alpha_0p1,smooth_sigmoid_tail_a4_t0p05,Scheme E: smooth_sigmoid_tail,threshold=-4; alpha=4; temperature=0.05,Ridge,0.1,5,627,-4.223998087815944,-4.275632607718045,0.1768353454074201,0.1385350053531457,-4.247645778891135,-4.199656668080953
smooth_sigmoid_tail_a4_t0p05__ridge_alpha_0p1,smooth_sigmoid_tail_a4_t0p05,Scheme E: smooth_sigmoid_tail,threshold=-4; alpha=4; temperature=0.05,Ridge,0.1,6,627,-4.1740467335508304,-4.237138564802974,0.17203257309720202,0.13633581883288462,-4.1996240532471685,-4.146960533941172
smooth_sigmoid_tail_a4_t0p05__ridge_alpha_0p1,smooth_sigmoid_tail_a4_t0p05,Scheme E: smooth_sigmoid_tail,threshold=-4; alpha=4; temperature=0.05,Ridge,0.1,7,627,-4.114010361085506,-4.186862764074753,0.16248176285735108,0.13635155233834984,-4.146902036295154,-4.079831540008263
smooth_sigmoid_tail_a4_t0p05__ridge_alpha_0p1,smooth_sigmoid_tail_a4_t0p05,Scheme E: smooth_sigmoid_tail,threshold=-4; alpha=4; temperature=0.05,Ridge,0.1,8,627,-4.034846520542241,-4.1106847438011505,0.1577636388162447,0.13678489032093855,-4.0798111841772275,-3.979829294826759
smooth_sigmoid_tail_a4_t0p05__ridge_alpha_0p1,smooth_sigmoid_tail_a4_t0p05,Scheme E: smooth_sigmoid_tail,threshold=-4; alpha=4; temperature=0.05,Ridge,0.1,9,627,-3.851889081475119,-3.9287132232801194,0.24240550991513699,0.1477650838993514,-3.979405349819562,-2.9822742003470486
smooth_sigmoid_tail_a4_t0p05__ridge_alpha_1,smooth_sigmoid_tail_a4_t0p05,Scheme E: smooth_sigmoid_tail,threshold=-4; alpha=4; temperature=0.05,Ridge,1.0,0,627,-4.564083153647271,-4.497647009430132,0.2122769443448851,0.1701642058057757,-4.974136812126445,-4.472619451695677
smooth_sigmoid_tail_a4_t0p05__ridge_alpha_1,smooth_sigmoid_tail_a4_t0p05,Scheme E: smooth_sigmoid_tail,threshold=-4; alpha=4; temperature=0.05,Ridge,1.0,1,627,-4.431550148241758,-4.4259229097684685,0.18389944820634485,0.14778839221329215,-4.472575732323928,-4.396791678942343
smooth_sigmoid_tail_a4_t0p05__ridge_alpha_1,smooth_sigmoid_tail_a4_t0p05,Scheme E: smooth_sigmoid_tail,threshold=-4; alpha=4; temperature=0.05,Ridge,1.0,2,627,-4.368535983660725,-4.375489733720163,0.18374074501018017,0.1406938142948427,-4.396763854103314,-4.341935027035099
smooth_sigmoid_tail_a4_t0p05__ridge_alpha_1,smooth_sigmoid_tail_a4_t0p05,Scheme E: smooth_sigmoid_tail,threshold=-4; alpha=4; temperature=0.05,Ridge,1.0,3,627,-4.317686712152877,-4.341427027631541,0.1720149567062176,0.13169404549470212,-4.341736067228535,-4.295323627922528
smooth_sigmoid_tail_a4_t0p05__ridge_alpha_1,smooth_sigmoid_tail_a4_t0p05,Scheme E: smooth_sigmoid_tail,threshold=-4; alpha=4; temperature=0.05,Ridge,1.0,4,627,-4.270774888046513,-4.306562052976265,0.1678372215843807,0.1326744052026679,-4.295276200467688,-4.247756395462022
smooth_sigmoid_tail_a4_t0p05__ridge_alpha_1,smooth_sigmoid_tail_a4_t0p05,Scheme E: smooth_sigmoid_tail,threshold=-4; alpha=4; temperature=0.05,Ridge,1.0,5,627,-4.223975809174127,-4.2742340935599445,0.17793469683221105,0.1390186421526614,-4.247709792892401,-4.199745277844761
smooth_sigmoid_tail_a4_t0p05__ridge_alpha_1,smooth_sigmoid_tail_a4_t0p05,Scheme E: smooth_sigmoid_tail,threshold=-4; alpha=4; temperature=0.05,Ridge,1.0,6,627,-4.174268238793355,-4.237950678298557,0.17200851078614832,0.13692318987036708,-4.1996427848102655,-4.147746779276612
smooth_sigmoid_tail_a4_t0p05__ridge_alpha_1,smooth_sigmoid_tail_a4_t0p05,Scheme E: smooth_sigmoid_tail,threshold=-4; alpha=4; temperature=0.05,Ridge,1.0,7,627,-4.114328367105908,-4.18764987767595,0.16046180515146613,0.13520175177785143,-4.147687304737961,-4.079898305425202
smooth_sigmoid_tail_a4_t0p05__ridge_alpha_1,smooth_sigmoid_tail_a4_t0p05,Scheme E: smooth_sigmoid_tail,threshold=-4; alpha=4; temperature=0.05,Ridge,1.0,8,627,-4.0353659413128735,-4.108934974971108,0.15765373750956355,0.13643651249082764,-4.079516190395333,-3.98013865873847
smooth_sigmoid_tail_a4_t0p05__ridge_alpha_1,smooth_sigmoid_tail_a4_t0p05,Scheme E: smooth_sigmoid_tail,threshold=-4; alpha=4; temperature=0.05,Ridge,1.0,9,627,-3.8524352766617476,-3.928059058583695,0.2417862631721737,0.14653813365438018,-3.9800275361383823,-2.983923245402222
smooth_sigmoid_tail_a4_t0p05__ridge_alpha_10,smooth_sigmoid_tail_a4_t0p05,Scheme E: smooth_sigmoid_tail,threshold=-4; alpha=4; temperature=0.05,Ridge,10.0,0,627,-4.554607634935043,-4.500636162333491,0.21111019089127855,0.16517973140112607,-4.970245433275714,-4.465943101696533
smooth_sigmoid_tail_a4_t0p05__ridge_alpha_10,smooth_sigmoid_tail_a4_t0p05,Scheme E: smooth_sigmoid_tail,threshold=-4; alpha=4; temperature=0.05,Ridge,10.0,1,627,-4.426281750335133,-4.424869251608366,0.18223095194978436,0.14499934073018517,-4.465644447010268,-4.394561415822915
smooth_sigmoid_tail_a4_t0p05__ridge_alpha_10,smooth_sigmoid_tail_a4_t0p05,Scheme E: smooth_sigmoid_tail,threshold=-4; alpha=4; temperature=0.05,Ridge,10.0,2,627,-4.3650378929765425,-4.3820446425727955,0.18296951490131552,0.1408925119327807,-4.3942234257432435,-4.338559717453239
smooth_sigmoid_tail_a4_t0p05__ridge_alpha_10,smooth_sigmoid_tail_a4_t0p05,Scheme E: smooth_sigmoid_tail,threshold=-4; alpha=4; temperature=0.05,Ridge,10.0,3,627,-4.315223684216453,-4.335651125656948,0.16730207031311994,0.1279814002794839,-4.338434886800967,-4.291902077794031
smooth_sigmoid_tail_a4_t0p05__ridge_alpha_10,smooth_sigmoid_tail_a4_t0p05,Scheme E: smooth_sigmoid_tail,threshold=-4; alpha=4; temperature=0.05,Ridge,10.0,4,627,-4.268930309566938,-4.306989699314783,0.170361340223229,0.13225867114682693,-4.291821278679059,-4.247397206098657
smooth_sigmoid_tail_a4_t0p05__ridge_alpha_10,smooth_sigmoid_tail_a4_t0p05,Scheme E: smooth_sigmoid_tail,threshold=-4; alpha=4; temperature=0.05,Ridge,10.0,5,627,-4.223948428855934,-4.275808619570036,0.17750846955752134,0.13840373743961873,-4.247309334693708,-4.200024962299134
smooth_sigmoid_tail_a4_t0p05__ridge_alpha_10,smooth_sigmoid_tail_a4_t0p05,Scheme E: smooth_sigmoid_tail,threshold=-4; alpha=4; temperature=0.05,Ridge,10.0,6,627,-4.175451608242069,-4.238268678188135,0.1653480064462449,0.13401376889805353,-4.200008059752129,-4.148957812934732
smooth_sigmoid_tail_a4_t0p05__ridge_alpha_10,smooth_sigmoid_tail_a4_t0p05,Scheme E: smooth_sigmoid_tail,threshold=-4; alpha=4; temperature=0.05,Ridge,10.0,7,627,-4.1162822452551975,-4.186510799877825,0.16964905803259525,0.13836014728783555,-4.148824512564335,-4.082765395202963
smooth_sigmoid_tail_a4_t0p05__ridge_alpha_10,smooth_sigmoid_tail_a4_t0p05,Scheme E: smooth_sigmoid_tail,threshold=-4; alpha=4; temperature=0.05,Ridge,10.0,8,627,-4.038160609813015,-4.108021216767474,0.1555783289093969,0.13245412426006348,-4.0827170134372635,-3.9827918461009255
smooth_sigmoid_tail_a4_t0p05__ridge_alpha_10,smooth_sigmoid_tail_a4_t0p05,Scheme E: smooth_sigmoid_tail,threshold=-4; alpha=4; temperature=0.05,Ridge,10.0,9,627,-3.8558103338359637,-3.925077220725972,0.23741736233915178,0.14114444364667736,-3.9825047200301715,-2.9940445110450877
smooth_sigmoid_tail_a4_t0p05__ridge_alpha_100,smooth_sigmoid_tail_a4_t0p05,Scheme E: smooth_sigmoid_tail,threshold=-4; alpha=4; temperature=0.05,Ridge,100.0,0,627,-4.531533010686084,-4.512172489993054,0.20653829612240301,0.15648395680917485,-4.851137313187645,-4.450441687984669
smooth_sigmoid_tail_a4_t0p05__ridge_alpha_100,smooth_sigmoid_tail_a4_t0p05,Scheme E: smooth_sigmoid_tail,threshold=-4; alpha=4; temperature=0.05,Ridge,100.0,1,627,-4.413391575990627,-4.419366467954725,0.18951662383667928,0.14545708274804445,-4.450372417267883,-4.384274930194284
smooth_sigmoid_tail_a4_t0p05__ridge_alpha_100,smooth_sigmoid_tail_a4_t0p05,Scheme E: smooth_sigmoid_tail,threshold=-4; alpha=4; temperature=0.05,Ridge,100.0,2,628,-4.3567864523806925,-4.378793966294455,0.17146227559311072,0.1308254724179086,-4.384254626344895,-4.331837723169927
smooth_sigmoid_tail_a4_t0p05__ridge_alpha_100,smooth_sigmoid_tail_a4_t0p05,Scheme E: smooth_sigmoid_tail,threshold=-4; alpha=4; temperature=0.05,Ridge,100.0,3,626,-4.308340931405443,-4.343897370707874,0.17304686631045774,0.13420752843114417,-4.331768221599209,-4.286746140032478
smooth_sigmoid_tail_a4_t0p05__ridge_alpha_100,smooth_sigmoid_tail_a4_t0p05,Scheme E: smooth_sigmoid_tail,threshold=-4; alpha=4; temperature=0.05,Ridge,100.0,4,627,-4.26557048661033,-4.299702150251813,0.16820564664392224,0.13074730589032127,-4.28674291791206,-4.245064916677972
smooth_sigmoid_tail_a4_t0p05__ridge_alpha_100,smooth_sigmoid_tail_a4_t0p05,Scheme E: smooth_sigmoid_tail,threshold=-4; alpha=4; temperature=0.05,Ridge,100.0,5,627,-4.22218796995795,-4.276555419541121,0.1679587763726709,0.13419617578665619,-4.245025047965099,-4.198854279764033
smooth_sigmoid_tail_a4_t0p05__ridge_alpha_100,smooth_sigmoid_tail_a4_t0p05,Scheme E: smooth_sigmoid_tail,threshold=-4; alpha=4; temperature=0.05,Ridge,100.0,6,627,-4.175049208468175,-4.226764276297354,0.16941841329531793,0.1332172973122132,-4.19881598558142,-4.150459105610966
smooth_sigmoid_tail_a4_t0p05__ridge_alpha_100,smooth_sigmoid_tail_a4_t0p05,Scheme E: smooth_sigmoid_tail,threshold=-4; alpha=4; temperature=0.05,Ridge,100.0,7,627,-4.120808786421855,-4.194717557546945,0.16746046830765865,0.1394383955627757,-4.150366507308526,-4.087694381405576
smooth_sigmoid_tail_a4_t0p05__ridge_alpha_100,smooth_sigmoid_tail_a4_t0p05,Scheme E: smooth_sigmoid_tail,threshold=-4; alpha=4; temperature=0.05,Ridge,100.0,8,627,-4.043036952853926,-4.115415879207349,0.15855281151471512,0.12948563130650026,-4.087279692936292,-3.9896269146848407
smooth_sigmoid_tail_a4_t0p05__ridge_alpha_100,smooth_sigmoid_tail_a4_t0p05,Scheme E: smooth_sigmoid_tail,threshold=-4; alpha=4; temperature=0.05,Ridge,100.0,9,627,-3.86259002654143,-3.9164361823688387,0.23054267074497892,0.1335310355818032,-3.989513305901157,-3.044013157588739
smooth_sigmoid_tail_a4_t0p1__ridge_alpha_0p01,smooth_sigmoid_tail_a4_t0p1,Scheme E: smooth_sigmoid_tail,threshold=-4; alpha=4; temperature=0.1,Ridge,0.01,0,627,-4.549093573855492,-4.499605330427317,0.21163882807432827,0.16433027407169826,-4.957252337473804,-4.459166047295122
smooth_sigmoid_tail_a4_t0p1__ridge_alpha_0p01,smooth_sigmoid_tail_a4_t0p1,Scheme E: smooth_sigmoid_tail,threshold=-4; alpha=4; temperature=0.1,Ridge,0.01,1,627,-4.4186946054538545,-4.419463209283332,0.18278231651384086,0.14539952404945977,-4.459061542768455,-4.385794324282492
smooth_sigmoid_tail_a4_t0p1__ridge_alpha_0p01,smooth_sigmoid_tail_a4_t0p1,Scheme E: smooth_sigmoid_tail,threshold=-4; alpha=4; temperature=0.1,Ridge,0.01,2,627,-4.358864676527425,-4.378602971582125,0.1862942855580639,0.14176095629109253,-4.385785758827666,-4.333193919154853
smooth_sigmoid_tail_a4_t0p1__ridge_alpha_0p01,smooth_sigmoid_tail_a4_t0p1,Scheme E: smooth_sigmoid_tail,threshold=-4; alpha=4; temperature=0.1,Ridge,0.01,3,627,-4.3103268251892475,-4.343970702795218,0.17242941519710603,0.1348384658705152,-4.333096924429365,-4.288270146177722
smooth_sigmoid_tail_a4_t0p1__ridge_alpha_0p01,smooth_sigmoid_tail_a4_t0p1,Scheme E: smooth_sigmoid_tail,threshold=-4; alpha=4; temperature=0.1,Ridge,0.01,4,627,-4.2656623736098345,-4.3034698276816625,0.1667340439397995,0.13210736927947467,-4.288039086442107,-4.244007208556167
smooth_sigmoid_tail_a4_t0p1__ridge_alpha_0p01,smooth_sigmoid_tail_a4_t0p1,Scheme E: smooth_sigmoid_tail,threshold=-4; alpha=4; temperature=0.1,Ridge,0.01,5,627,-4.221456859638517,-4.2689743738395425,0.17467585042807854,0.1342632760650171,-4.243936017436821,-4.197579606909233
smooth_sigmoid_tail_a4_t0p1__ridge_alpha_0p01,smooth_sigmoid_tail_a4_t0p1,Scheme E: smooth_sigmoid_tail,threshold=-4; alpha=4; temperature=0.1,Ridge,0.01,6,627,-4.174136103456862,-4.24875077733574,0.17024175890753562,0.14125391460103154,-4.197538387648495,-4.149106337743206
smooth_sigmoid_tail_a4_t0p1__ridge_alpha_0p01,smooth_sigmoid_tail_a4_t0p1,Scheme E: smooth_sigmoid_tail,threshold=-4; alpha=4; temperature=0.1,Ridge,0.01,7,627,-4.118582526864768,-4.182561318108229,0.16752540669351035,0.13559891777788857,-4.149078230566986,-4.086253471035246
smooth_sigmoid_tail_a4_t0p1__ridge_alpha_0p01,smooth_sigmoid_tail_a4_t0p1,Scheme E: smooth_sigmoid_tail,threshold=-4; alpha=4; temperature=0.1,Ridge,0.01,8,627,-4.043926032134939,-4.110300015281514,0.15611463806633802,0.13426565352176997,-4.086244866317078,-3.9914235820255297
smooth_sigmoid_tail_a4_t0p1__ridge_alpha_0p01,smooth_sigmoid_tail_a4_t0p1,Scheme E: smooth_sigmoid_tail,threshold=-4; alpha=4; temperature=0.1,Ridge,0.01,9,627,-3.8623631415463326,-3.928178890281142,0.2425874394111143,0.14302239930294733,-3.9913925876125407,-2.9845695882126195
smooth_sigmoid_tail_a4_t0p1__ridge_alpha_0p1,smooth_sigmoid_tail_a4_t0p1,Scheme E: smooth_sigmoid_tail,threshold=-4; alpha=4; temperature=0.1,Ridge,0.1,0,627,-4.54894756585982,-4.499911929940883,0.2116134607794593,0.1643430552401498,-4.957392526823713,-4.459068754666988
smooth_sigmoid_tail_a4_t0p1__ridge_alpha_0p1,smooth_sigmoid_tail_a4_t0p1,Scheme E: smooth_sigmoid_tail,threshold=-4; alpha=4; temperature=0.1,Ridge,0.1,1,627,-4.418614168947801,-4.419244643587045,0.18251829485484813,0.14520678697025272,-4.458881361375206,-4.38580096986022
smooth_sigmoid_tail_a4_t0p1__ridge_alpha_0p1,smooth_sigmoid_tail_a4_t0p1,Scheme E: smooth_sigmoid_tail,threshold=-4; alpha=4; temperature=0.1,Ridge,0.1,2,627,-4.358801250389982,-4.37860226893983,0.18647177388002295,0.14191981443355914,-4.385679402056074,-4.333068165821643
smooth_sigmoid_tail_a4_t0p1__ridge_alpha_0p1,smooth_sigmoid_tail_a4_t0p1,Scheme E: smooth_sigmoid_tail,threshold=-4; alpha=4; temperature=0.1,Ridge,0.1,3,627,-4.31028657946498,-4.344184503889461,0.1722678602961887,0.13473040372629108,-4.333037152317006,-4.288129108077618
smooth_sigmoid_tail_a4_t0p1__ridge_alpha_0p1,smooth_sigmoid_tail_a4_t0p1,Scheme E: smooth_sigmoid_tail,threshold=-4; alpha=4; temperature=0.1,Ridge,0.1,4,627,-4.265648306067552,-4.303168695412434,0.16676257282331758,0.13207235448657215,-4.287969284228763,-4.244159493749431
smooth_sigmoid_tail_a4_t0p1__ridge_alpha_0p1,smooth_sigmoid_tail_a4_t0p1,Scheme E: smooth_sigmoid_tail,threshold=-4; alpha=4; temperature=0.1,Ridge,0.1,5,627,-4.221453635368663,-4.269426303223085,0.17447516713286215,0.1342143597461161,-4.244038965550383,-4.197500731984447
smooth_sigmoid_tail_a4_t0p1__ridge_alpha_0p1,smooth_sigmoid_tail_a4_t0p1,Scheme E: smooth_sigmoid_tail,threshold=-4; alpha=4; temperature=0.1,Ridge,0.1,6,627,-4.174166499557109,-4.248630133113015,0.17009843229056223,0.1410313119421448,-4.1974468972639984,-4.149076813898581
smooth_sigmoid_tail_a4_t0p1__ridge_alpha_0p1,smooth_sigmoid_tail_a4_t0p1,Scheme E: smooth_sigmoid_tail,threshold=-4; alpha=4; temperature=0.1,Ridge,0.1,7,627,-4.118617804484118,-4.181988558836723,0.16788317332888267,0.13588467966291254,-4.149048372357929,-4.086337881210641
smooth_sigmoid_tail_a4_t0p1__ridge_alpha_0p1,smooth_sigmoid_tail_a4_t0p1,Scheme E: smooth_sigmoid_tail,threshold=-4; alpha=4; temperature=0.1,Ridge,0.1,8,627,-4.043976728225497,-4.110573711698562,0.15599227292571316,0.13407544166940488,-4.086312374289589,-3.99129502029765
smooth_sigmoid_tail_a4_t0p1__ridge_alpha_0p1,smooth_sigmoid_tail_a4_t0p1,Scheme E: smooth_sigmoid_tail,threshold=-4; alpha=4; temperature=0.1,Ridge,0.1,9,627,-3.8624234741310173,-3.928146667974781,0.242582045089764,0.14299822285370936,-3.99127725695485,-2.9847872906396855
smooth_sigmoid_tail_a4_t0p1__ridge_alpha_1,smooth_sigmoid_tail_a4_t0p1,Scheme E: smooth_sigmoid_tail,threshold=-4; alpha=4; temperature=0.1,Ridge,1.0,0,627,-4.547562134354241,-4.499406964917488,0.21200128362613563,0.16435711059726785,-4.958476997694236,-4.458150126659662
smooth_sigmoid_tail_a4_t0p1__ridge_alpha_1,smooth_sigmoid_tail_a4_t0p1,Scheme E: smooth_sigmoid_tail,threshold=-4; alpha=4; temperature=0.1,Ridge,1.0,1,627,-4.417844150150176,-4.421709805893447,0.18241483463653524,0.1447654166971035,-4.457811056582481,-4.385703829705837
smooth_sigmoid_tail_a4_t0p1__ridge_alpha_1,smooth_sigmoid_tail_a4_t0p1,Scheme E: smooth_sigmoid_tail,threshold=-4; alpha=4; temperature=0.1,Ridge,1.0,2,627,-4.358236538535604,-4.377920724203482,0.18452752277565573,0.1413366250362599,-4.385564604344341,-4.332285157229227
smooth_sigmoid_tail_a4_t0p1__ridge_alpha_1,smooth_sigmoid_tail_a4_t0p1,Scheme E: smooth_sigmoid_tail,threshold=-4; alpha=4; temperature=0.1,Ridge,1.0,3,627,-4.309901182544501,-4.343913513308134,0.1724706221433014,0.1341517467213305,-4.33227279359923,-4.287299655466428
smooth_sigmoid_tail_a4_t0p1__ridge_alpha_1,smooth_sigmoid_tail_a4_t0p1,Scheme E: smooth_sigmoid_tail,threshold=-4; alpha=4; temperature=0.1,Ridge,1.0,4,627,-4.2655035401476935,-4.303576780639424,0.16682946424068582,0.13233823356141025,-4.287224083865212,-4.244122619382657
smooth_sigmoid_tail_a4_t0p1__ridge_alpha_1,smooth_sigmoid_tail_a4_t0p1,Scheme E: smooth_sigmoid_tail,threshold=-4; alpha=4; temperature=0.1,Ridge,1.0,5,627,-4.221403537349077,-4.268511478972989,0.17403748395329197,0.13337156177383677,-4.244094909119347,-4.197573091268084
smooth_sigmoid_tail_a4_t0p1__ridge_alpha_1,smooth_sigmoid_tail_a4_t0p1,Scheme E: smooth_sigmoid_tail,threshold=-4; alpha=4; temperature=0.1,Ridge,1.0,6,627,-4.1744898427474615,-4.24796898675681,0.17064837246516223,0.1407398697671186,-4.197551070538483,-4.149741867874125
smooth_sigmoid_tail_a4_t0p1__ridge_alpha_1,smooth_sigmoid_tail_a4_t0p1,Scheme E: smooth_sigmoid_tail,threshold=-4; alpha=4; temperature=0.1,Ridge,1.0,7,627,-4.118924325939598,-4.182363786276676,0.16853301452137168,0.1362933610800743,-4.149630665861336,-4.087208112229408
smooth_sigmoid_tail_a4_t0p1__ridge_alpha_1,smooth_sigmoid_tail_a4_t0p1,Scheme E: smooth_sigmoid_tail,threshold=-4; alpha=4; temperature=0.1,Ridge,1.0,8,627,-4.044458520778164,-4.111390446088226,0.15578990173201143,0.13427432949530796,-4.087041132582084,-3.9915771209953763
smooth_sigmoid_tail_a4_t0p1__ridge_alpha_1,smooth_sigmoid_tail_a4_t0p1,Scheme E: smooth_sigmoid_tail,threshold=-4; alpha=4; temperature=0.1,Ridge,1.0,9,627,-3.8629806248544036,-3.927114929559145,0.24165293356979703,0.14149641566450905,-3.991461684403792,-2.9868119937081623
smooth_sigmoid_tail_a4_t0p1__ridge_alpha_10,smooth_sigmoid_tail_a4_t0p1,Scheme E: smooth_sigmoid_tail,threshold=-4; alpha=4; temperature=0.1,Ridge,10.0,0,627,-4.538472333344319,-4.506111273636731,0.2097146927806406,0.16022878035501154,-4.952266718364022,-4.451059078280557
smooth_sigmoid_tail_a4_t0p1__ridge_alpha_10,smooth_sigmoid_tail_a4_t0p1,Scheme E: smooth_sigmoid_tail,threshold=-4; alpha=4; temperature=0.1,Ridge,10.0,1,627,-4.4130998077561,-4.419042622346442,0.1841076673636184,0.14662449342112555,-4.451003913328111,-4.382492957478861
smooth_sigmoid_tail_a4_t0p1__ridge_alpha_10,smooth_sigmoid_tail_a4_t0p1,Scheme E: smooth_sigmoid_tail,threshold=-4; alpha=4; temperature=0.1,Ridge,10.0,2,627,-4.3544431840863735,-4.377746943003823,0.1788028220013435,0.1370441823136108,-4.382465865122074,-4.328841720481036
smooth_sigmoid_tail_a4_t0p1__ridge_alpha_10,smooth_sigmoid_tail_a4_t0p1,Scheme E: smooth_sigmoid_tail,threshold=-4; alpha=4; temperature=0.1,Ridge,10.0,3,627,-4.307425533458732,-4.344937944856356,0.16971173312277274,0.13115528389039743,-4.328793493991977,-4.285514546645148
smooth_sigmoid_tail_a4_t0p1__ridge_alpha_10,smooth_sigmoid_tail_a4_t0p1,Scheme E: smooth_sigmoid_tail,threshold=-4; alpha=4; temperature=0.1,Ridge,10.0,4,627,-4.264174041914834,-4.305766743286817,0.17517914670284732,0.13538918386310914,-4.285291125007008,-4.243677701994705
smooth_sigmoid_tail_a4_t0p1__ridge_alpha_10,smooth_sigmoid_tail_a4_t0p1,Scheme E: smooth_sigmoid_tail,threshold=-4; alpha=4; temperature=0.1,Ridge,10.0,5,627,-4.221335269649081,-4.271341669723988,0.17051439870476842,0.1345572402123121,-4.243557142613611,-4.198224613242501
smooth_sigmoid_tail_a4_t0p1__ridge_alpha_10,smooth_sigmoid_tail_a4_t0p1,Scheme E: smooth_sigmoid_tail,threshold=-4; alpha=4; temperature=0.1,Ridge,10.0,6,627,-4.175998495972972,-4.23863949714041,0.1655645660184013,0.1344199610448953,-4.198048242181132,-4.150076077404233
smooth_sigmoid_tail_a4_t0p1__ridge_alpha_10,smooth_sigmoid_tail_a4_t0p1,Scheme E: smooth_sigmoid_tail,threshold=-4; alpha=4; temperature=0.1,Ridge,10.0,7,627,-4.121028541372204,-4.18609896295969,0.17034527940348523,0.13627576979030004,-4.149984716879231,-4.0897350694508825
smooth_sigmoid_tail_a4_t0p1__ridge_alpha_10,smooth_sigmoid_tail_a4_t0p1,Scheme E: smooth_sigmoid_tail,threshold=-4; alpha=4; temperature=0.1,Ridge,10.0,8,627,-4.04733867037671,-4.110866444194121,0.15446461508589465,0.13078068249338606,-4.089709435587323,-3.994045928022148
smooth_sigmoid_tail_a4_t0p1__ridge_alpha_10,smooth_sigmoid_tail_a4_t0p1,Scheme E: smooth_sigmoid_tail,threshold=-4; alpha=4; temperature=0.1,Ridge,10.0,9,627,-3.8663248702403137,-3.923325315467446,0.23748222176503408,0.13753474615250405,-3.9939748786697904,-2.999617407527493
smooth_sigmoid_tail_a4_t0p1__ridge_alpha_100,smooth_sigmoid_tail_a4_t0p1,Scheme E: smooth_sigmoid_tail,threshold=-4; alpha=4; temperature=0.1,Ridge,100.0,0,627,-4.515023950201315,-4.513629145201835,0.20601060695095427,0.15411795538946935,-4.830839138944937,-4.434574017220183
smooth_sigmoid_tail_a4_t0p1__ridge_alpha_100,smooth_sigmoid_tail_a4_t0p1,Scheme E: smooth_sigmoid_tail,threshold=-4; alpha=4; temperature=0.1,Ridge,100.0,1,627,-4.400935877998823,-4.417004064924025,0.18916221128360905,0.1443528155524437,-4.434269571922988,-4.371835493910367
smooth_sigmoid_tail_a4_t0p1__ridge_alpha_100,smooth_sigmoid_tail_a4_t0p1,Scheme E: smooth_sigmoid_tail,threshold=-4; alpha=4; temperature=0.1,Ridge,100.0,2,627,-4.346060048665448,-4.383460090103471,0.17247948936594176,0.13418941861998268,-4.371834648034967,-4.323289903980032
smooth_sigmoid_tail_a4_t0p1__ridge_alpha_100,smooth_sigmoid_tail_a4_t0p1,Scheme E: smooth_sigmoid_tail,threshold=-4; alpha=4; temperature=0.1,Ridge,100.0,3,627,-4.300876542631785,-4.3418346400384245,0.16794016292957673,0.1316055798181128,-4.323228900375285,-4.280136797629994
smooth_sigmoid_tail_a4_t0p1__ridge_alpha_100,smooth_sigmoid_tail_a4_t0p1,Scheme E: smooth_sigmoid_tail,threshold=-4; alpha=4; temperature=0.1,Ridge,100.0,4,627,-4.260934014048438,-4.297870692679339,0.1671195666538604,0.12990895240662081,-4.280135823048379,-4.240417115793676
smooth_sigmoid_tail_a4_t0p1__ridge_alpha_100,smooth_sigmoid_tail_a4_t0p1,Scheme E: smooth_sigmoid_tail,threshold=-4; alpha=4; temperature=0.1,Ridge,100.0,5,627,-4.220875297809336,-4.276572589841277,0.17264829654896297,0.13730178460271636,-4.240410138950916,-4.199117468750753
smooth_sigmoid_tail_a4_t0p1__ridge_alpha_100,smooth_sigmoid_tail_a4_t0p1,Scheme E: smooth_sigmoid_tail,threshold=-4; alpha=4; temperature=0.1,Ridge,100.0,6,627,-4.17640306890385,-4.227560553173922,0.16311808509958858,0.13095385349879743,-4.199073055049729,-4.154012176502298
smooth_sigmoid_tail_a4_t0p1__ridge_alpha_100,smooth_sigmoid_tail_a4_t0p1,Scheme E: smooth_sigmoid_tail,threshold=-4; alpha=4; temperature=0.1,Ridge,100.0,7,627,-4.125877225574358,-4.194038808168633,0.1725978752002078,0.13863912348487736,-4.153977282741298,-4.094066160061904
smooth_sigmoid_tail_a4_t0p1__ridge_alpha_100,smooth_sigmoid_tail_a4_t0p1,Scheme E: smooth_sigmoid_tail,threshold=-4; alpha=4; temperature=0.1,Ridge,100.0,8,627,-4.052799404150294,-4.115525437814906,0.1594455644913954,0.1279685030751143,-4.093943919947018,-4.000379771889785
smooth_sigmoid_tail_a4_t0p1__ridge_alpha_100,smooth_sigmoid_tail_a4_t0p1,Scheme E: smooth_sigmoid_tail,threshold=-4; alpha=4; temperature=0.1,Ridge,100.0,9,627,-3.8732407334649146,-3.9163813946699926,0.23033570587590696,0.13033393338198776,-3.999407621474408,-3.052974079621924
smooth_sigmoid_tail_a4_t0p2__ridge_alpha_0p01,smooth_sigmoid_tail_a4_t0p2,Scheme E: smooth_sigmoid_tail,threshold=-4; alpha=4; temperature=0.2,Ridge,0.01,0,627,-4.533311672221181,-4.499904439433293,0.21107992377808996,0.15989110882413865,-4.951290556809638,-4.447363677771873
smooth_sigmoid_tail_a4_t0p2__ridge_alpha_0p01,smooth_sigmoid_tail_a4_t0p2,Scheme E: smooth_sigmoid_tail,threshold=-4; alpha=4; temperature=0.2,Ridge,0.01,1,627,-4.411491157525428,-4.419515326953915,0.18191400738861152,0.14420956169167362,-4.447219147234458,-4.381617774578326
smooth_sigmoid_tail_a4_t0p2__ridge_alpha_0p01,smooth_sigmoid_tail_a4_t0p2,Scheme E: smooth_sigmoid_tail,threshold=-4; alpha=4; temperature=0.2,Ridge,0.01,2,627,-4.356236964721845,-4.375357228966274,0.18699581060517353,0.1419920659142925,-4.381224094452978,-4.332060869088525
smooth_sigmoid_tail_a4_t0p2__ridge_alpha_0p01,smooth_sigmoid_tail_a4_t0p2,Scheme E: smooth_sigmoid_tail,threshold=-4; alpha=4; temperature=0.2,Ridge,0.01,3,627,-4.311595101227323,-4.343503686534746,0.17307658677162882,0.13546450339554125,-4.332043841498106,-4.291755102420127
smooth_sigmoid_tail_a4_t0p2__ridge_alpha_0p01,smooth_sigmoid_tail_a4_t0p2,Scheme E: smooth_sigmoid_tail,threshold=-4; alpha=4; temperature=0.2,Ridge,0.01,4,627,-4.270706861736441,-4.3091511837638965,0.17005763853092362,0.13281547156754986,-4.291733256509385,-4.250700890650947
smooth_sigmoid_tail_a4_t0p2__ridge_alpha_0p01,smooth_sigmoid_tail_a4_t0p2,Scheme E: smooth_sigmoid_tail,threshold=-4; alpha=4; temperature=0.2,Ridge,0.01,5,627,-4.229324388658034,-4.270785574202829,0.17387332684620693,0.1330599289986034,-4.2506911389125985,-4.2069146468428755
smooth_sigmoid_tail_a4_t0p2__ridge_alpha_0p01,smooth_sigmoid_tail_a4_t0p2,Scheme E: smooth_sigmoid_tail,threshold=-4; alpha=4; temperature=0.2,Ridge,0.01,6,627,-4.184544032041161,-4.245647656642484,0.16934938773255745,0.13825301932704484,-4.206907048005712,-4.159931893826623
smooth_sigmoid_tail_a4_t0p2__ridge_alpha_0p01,smooth_sigmoid_tail_a4_t0p2,Scheme E: smooth_sigmoid_tail,threshold=-4; alpha=4; temperature=0.2,Ridge,0.01,7,627,-4.131918388424336,-4.1849775564989775,0.1607196995702348,0.1298397331670831,-4.159930365126625,-4.101760015891102
smooth_sigmoid_tail_a4_t0p2__ridge_alpha_0p01,smooth_sigmoid_tail_a4_t0p2,Scheme E: smooth_sigmoid_tail,threshold=-4; alpha=4; temperature=0.2,Ridge,0.01,8,627,-4.060047587461733,-4.10656527874666,0.1609522058452862,0.13079424481639218,-4.101646402315379,-4.007144006158041
smooth_sigmoid_tail_a4_t0p2__ridge_alpha_0p01,smooth_sigmoid_tail_a4_t0p2,Scheme E: smooth_sigmoid_tail,threshold=-4; alpha=4; temperature=0.2,Ridge,0.01,9,627,-3.876769114102724,-3.9284694848727493,0.24195843884149018,0.13796708585203907,-4.006934818775898,-2.9801362818016637
smooth_sigmoid_tail_a4_t0p2__ridge_alpha_0p1,smooth_sigmoid_tail_a4_t0p2,Scheme E: smooth_sigmoid_tail,threshold=-4; alpha=4; temperature=0.2,Ridge,0.1,0,627,-4.533177613961777,-4.499904439433293,0.21107992377808996,0.1598373765721365,-4.95134870048199,-4.4472820847567585
smooth_sigmoid_tail_a4_t0p2__ridge_alpha_0p1,smooth_sigmoid_tail_a4_t0p2,Scheme E: smooth_sigmoid_tail,threshold=-4; alpha=4; temperature=0.2,Ridge,0.1,1,627,-4.411422785598224,-4.420134954291622,0.1819211931705666,0.14431300517185314,-4.447217121679355,-4.381455024168387
smooth_sigmoid_tail_a4_t0p2__ridge_alpha_0p1,smooth_sigmoid_tail_a4_t0p2,Scheme E: smooth_sigmoid_tail,threshold=-4; alpha=4; temperature=0.2,Ridge,0.1,2,627,-4.356190391213915,-4.374737601628566,0.18684014315511707,0.14184132136009656,-4.381416718765039,-4.331900623500792
smooth_sigmoid_tail_a4_t0p2__ridge_alpha_0p1,smooth_sigmoid_tail_a4_t0p2,Scheme E: smooth_sigmoid_tail,threshold=-4; alpha=4; temperature=0.2,Ridge,0.1,3,627,-4.3115501866309405,-4.3437160821550584,0.17303802173841254,0.13551876310235925,-4.3318876582418735,-4.29159124225482
smooth_sigmoid_tail_a4_t0p2__ridge_alpha_0p1,smooth_sigmoid_tail_a4_t0p2,Scheme E: smooth_sigmoid_tail,threshold=-4; alpha=4; temperature=0.2,Ridge,0.1,4,627,-4.270692443677083,-4.308938788143584,0.1700536445447753,0.13272084855332977,-4.291509155102864,-4.250714032306425
smooth_sigmoid_tail_a4_t0p2__ridge_alpha_0p1,smooth_sigmoid_tail_a4_t0p2,Scheme E: smooth_sigmoid_tail,threshold=-4; alpha=4; temperature=0.2,Ridge,0.1,5,627,-4.229331375878194,-4.270345766640383,0.17372306947268526,0.13259198367540614,-4.250677851579259,-4.206886124038578
smooth_sigmoid_tail_a4_t0p2__ridge_alpha_0p1,smooth_sigmoid_tail_a4_t0p2,Scheme E: smooth_sigmoid_tail,threshold=-4; alpha=4; temperature=0.2,Ridge,0.1,6,627,-4.184574424209392,-4.2460520394831525,0.16883335051145565,0.13822443732100625,-4.2068495304696425,-4.160006929221748
smooth_sigmoid_tail_a4_t0p2__ridge_alpha_0p1,smooth_sigmoid_tail_a4_t0p2,Scheme E: smooth_sigmoid_tail,threshold=-4; alpha=4; temperature=0.2,Ridge,0.1,7,627,-4.131956994830187,-4.185012981220756,0.16150436270487847,0.13024480095998597,-4.159969982435819,-4.102248922416252
smooth_sigmoid_tail_a4_t0p2__ridge_alpha_0p1,smooth_sigmoid_tail_a4_t0p2,Scheme E: smooth_sigmoid_tail,threshold=-4; alpha=4; temperature=0.2,Ridge,0.1,8,627,-4.0601002428213,-4.10656527874666,0.1609522058452862,0.1307561655692756,-4.101779653541828,-4.007165018355027
smooth_sigmoid_tail_a4_t0p2__ridge_alpha_0p1,smooth_sigmoid_tail_a4_t0p2,Scheme E: smooth_sigmoid_tail,threshold=-4; alpha=4; temperature=0.2,Ridge,0.1,9,627,-3.876828708423974,-3.9284694848727493,0.24195843884149018,0.13792308491633518,-4.0070406929075535,-2.980423523847522
smooth_sigmoid_tail_a4_t0p2__ridge_alpha_1,smooth_sigmoid_tail_a4_t0p2,Scheme E: smooth_sigmoid_tail,threshold=-4; alpha=4; temperature=0.2,Ridge,1.0,0,627,-4.5319157979997,-4.499675347412459,0.21178684540129034,0.16030143385534332,-4.951677409013737,-4.446954234994264
smooth_sigmoid_tail_a4_t0p2__ridge_alpha_1,smooth_sigmoid_tail_a4_t0p2,Scheme E: smooth_sigmoid_tail,threshold=-4; alpha=4; temperature=0.2,Ridge,1.0,1,627,-4.410764190562268,-4.420316978771941,0.1818853045582606,0.14378203330740455,-4.446856743563184,-4.3814427512855385
smooth_sigmoid_tail_a4_t0p2__ridge_alpha_1,smooth_sigmoid_tail_a4_t0p2,Scheme E: smooth_sigmoid_tail,threshold=-4; alpha=4; temperature=0.2,Ridge,1.0,2,627,-4.355739873117587,-4.375974668437687,0.1853992466214754,0.14029268666488137,-4.381407295569468,-4.331266376944508
smooth_sigmoid_tail_a4_t0p2__ridge_alpha_1,smooth_sigmoid_tail_a4_t0p2,Scheme E: smooth_sigmoid_tail,threshold=-4; alpha=4; temperature=0.2,Ridge,1.0,3,627,-4.311147785317282,-4.343120799073156,0.1725209647304795,0.13481415112199283,-4.331205100873176,-4.290999001179491
smooth_sigmoid_tail_a4_t0p2__ridge_alpha_1,smooth_sigmoid_tail_a4_t0p2,Scheme E: smooth_sigmoid_tail,threshold=-4; alpha=4; temperature=0.2,Ridge,1.0,4,627,-4.270541912244594,-4.309644952053898,0.17069784396472112,0.1333934788565738,-4.290965013878529,-4.249938806396858
smooth_sigmoid_tail_a4_t0p2__ridge_alpha_1,smooth_sigmoid_tail_a4_t0p2,Scheme E: smooth_sigmoid_tail,threshold=-4; alpha=4; temperature=0.2,Ridge,1.0,5,627,-4.2294188841308635,-4.270954827645658,0.1749809253985239,0.13466971481580522,-4.249890394014357,-4.2073934828650685
smooth_sigmoid_tail_a4_t0p2__ridge_alpha_1,smooth_sigmoid_tail_a4_t0p2,Scheme E: smooth_sigmoid_tail,threshold=-4; alpha=4; temperature=0.2,Ridge,1.0,6,627,-4.184846713876331,-4.24602708410451,0.1669128017984299,0.13608341828941503,-4.207312446321526,-4.160809852546778
smooth_sigmoid_tail_a4_t0p2__ridge_alpha_1,smooth_sigmoid_tail_a4_t0p2,Scheme E: smooth_sigmoid_tail,threshold=-4; alpha=4; temperature=0.2,Ridge,1.0,7,627,-4.132310544789743,-4.184190643409548,0.16164785709957682,0.1306721976240067,-4.160766091910715,-4.102870380553918
smooth_sigmoid_tail_a4_t0p2__ridge_alpha_1,smooth_sigmoid_tail_a4_t0p2,Scheme E: smooth_sigmoid_tail,threshold=-4; alpha=4; temperature=0.2,Ridge,1.0,8,627,-4.0605939645250295,-4.104986423857178,0.1601062201917637,0.12910635844614082,-4.102802981309049,-4.0077076890402985
smooth_sigmoid_tail_a4_t0p2__ridge_alpha_1,smooth_sigmoid_tail_a4_t0p2,Scheme E: smooth_sigmoid_tail,threshold=-4; alpha=4; temperature=0.2,Ridge,1.0,9,627,-3.87739405090562,-3.928985691849787,0.24227537830326726,0.13792497770585155,-4.007613785687859,-2.9831202063369777
smooth_sigmoid_tail_a4_t0p2__ridge_alpha_10,smooth_sigmoid_tail_a4_t0p2,Scheme E: smooth_sigmoid_tail,threshold=-4; alpha=4; temperature=0.2,Ridge,10.0,0,627,-4.523576924692656,-4.5039842427228445,0.2108493043854776,0.15792257137266597,-4.941374609015018,-4.440838287584795
smooth_sigmoid_tail_a4_t0p2__ridge_alpha_10,smooth_sigmoid_tail_a4_t0p2,Scheme E: smooth_sigmoid_tail,threshold=-4; alpha=4; temperature=0.2,Ridge,10.0,1,627,-4.4064715726169,-4.421877793176297,0.18398143359024582,0.1446313214178208,-4.440654575941896,-4.3781197139725165
smooth_sigmoid_tail_a4_t0p2__ridge_alpha_10,smooth_sigmoid_tail_a4_t0p2,Scheme E: smooth_sigmoid_tail,threshold=-4; alpha=4; temperature=0.2,Ridge,10.0,2,627,-4.352384293359625,-4.377789327488604,0.18018518673453734,0.13891350887073434,-4.377544467190327,-4.329102723386873
smooth_sigmoid_tail_a4_t0p2__ridge_alpha_10,smooth_sigmoid_tail_a4_t0p2,Scheme E: smooth_sigmoid_tail,threshold=-4; alpha=4; temperature=0.2,Ridge,10.0,3,627,-4.30914012199856,-4.337893046293125,0.16775760690366257,0.12770363118260483,-4.32909209643091,-4.2888503114189875
smooth_sigmoid_tail_a4_t0p2__ridge_alpha_10,smooth_sigmoid_tail_a4_t0p2,Scheme E: smooth_sigmoid_tail,threshold=-4; alpha=4; temperature=0.2,Ridge,10.0,4,627,-4.2695722294726375,-4.312968501987668,0.17450209532234995,0.13717020373809463,-4.28884802152494,-4.250002211144152
smooth_sigmoid_tail_a4_t0p2__ridge_alpha_10,smooth_sigmoid_tail_a4_t0p2,Scheme E: smooth_sigmoid_tail,threshold=-4; alpha=4; temperature=0.2,Ridge,10.0,5,627,-4.229405060443122,-4.267762276553787,0.17087191926475576,0.13182533225859128,-4.249896555306194,-4.207628197376553
smooth_sigmoid_tail_a4_t0p2__ridge_alpha_10,smooth_sigmoid_tail_a4_t0p2,Scheme E: smooth_sigmoid_tail,threshold=-4; alpha=4; temperature=0.2,Ridge,10.0,6,627,-4.186383482724616,-4.241745151953496,0.16986537877638336,0.1340417728407646,-4.207620506859687,-4.163140654777564
smooth_sigmoid_tail_a4_t0p2__ridge_alpha_10,smooth_sigmoid_tail_a4_t0p2,Scheme E: smooth_sigmoid_tail,threshold=-4; alpha=4; temperature=0.2,Ridge,10.0,7,627,-4.134843364985885,-4.18715872430618,0.1625301653710642,0.12975749639706913,-4.163094631597117,-4.10511123766138
smooth_sigmoid_tail_a4_t0p2__ridge_alpha_10,smooth_sigmoid_tail_a4_t0p2,Scheme E: smooth_sigmoid_tail,threshold=-4; alpha=4; temperature=0.2,Ridge,10.0,8,627,-4.0636455099558395,-4.109294684428754,0.15899821980693732,0.12806352095965487,-4.1050505997596645,-4.009713989575062
smooth_sigmoid_tail_a4_t0p2__ridge_alpha_10,smooth_sigmoid_tail_a4_t0p2,Scheme E: smooth_sigmoid_tail,threshold=-4; alpha=4; temperature=0.2,Ridge,10.0,9,627,-3.880858315336053,-3.923403667705068,0.23763535440673902,0.13377202436464858,-4.009364836093327,-3.0007463341714944
smooth_sigmoid_tail_a4_t0p2__ridge_alpha_100,smooth_sigmoid_tail_a4_t0p2,Scheme E: smooth_sigmoid_tail,threshold=-4; alpha=4; temperature=0.2,Ridge,100.0,0,627,-4.501342859684877,-4.513981426892138,0.2054463354725234,0.15275138674389793,-4.806696276170608,-4.425582302234749
smooth_sigmoid_tail_a4_t0p2__ridge_alpha_100,smooth_sigmoid_tail_a4_t0p2,Scheme E: smooth_sigmoid_tail,threshold=-4; alpha=4; temperature=0.2,Ridge,100.0,1,627,-4.395743666617566,-4.417153625125622,0.18993277136482292,0.14614122759811157,-4.425559407023521,-4.368089104869899
smooth_sigmoid_tail_a4_t0p2__ridge_alpha_100,smooth_sigmoid_tail_a4_t0p2,Scheme E: smooth_sigmoid_tail,threshold=-4; alpha=4; temperature=0.2,Ridge,100.0,2,627,-4.3443889783491505,-4.381695000843252,0.17263970981400897,0.13407113968254267,-4.368084817063964,-4.3241570185492275
smooth_sigmoid_tail_a4_t0p2__ridge_alpha_100,smooth_sigmoid_tail_a4_t0p2,Scheme E: smooth_sigmoid_tail,threshold=-4; alpha=4; temperature=0.2,Ridge,100.0,3,627,-4.303847082426979,-4.342075080749505,0.1669070317542548,0.13065926315020543,-4.324030906759134,-4.284346519995489
smooth_sigmoid_tail_a4_t0p2__ridge_alpha_100,smooth_sigmoid_tail_a4_t0p2,Scheme E: smooth_sigmoid_tail,threshold=-4; alpha=4; temperature=0.2,Ridge,100.0,4,627,-4.266727082820607,-4.306689673338606,0.17172440399121516,0.13120545217863283,-4.284067564472631,-4.24878128944355
smooth_sigmoid_tail_a4_t0p2__ridge_alpha_100,smooth_sigmoid_tail_a4_t0p2,Scheme E: smooth_sigmoid_tail,threshold=-4; alpha=4; temperature=0.2,Ridge,100.0,5,627,-4.229730750147601,-4.268216258588372,0.16853859343354224,0.13304307031017065,-4.248715692887735,-4.209668672945829
smooth_sigmoid_tail_a4_t0p2__ridge_alpha_100,smooth_sigmoid_tail_a4_t0p2,Scheme E: smooth_sigmoid_tail,threshold=-4; alpha=4; temperature=0.2,Ridge,100.0,6,627,-4.188111469909182,-4.231261386841434,0.16588533911305658,0.13189544562825878,-4.209635059471879,-4.16658028067879
smooth_sigmoid_tail_a4_t0p2__ridge_alpha_100,smooth_sigmoid_tail_a4_t0p2,Scheme E: smooth_sigmoid_tail,threshold=-4; alpha=4; temperature=0.2,Ridge,100.0,7,627,-4.140308404004616,-4.192930382786867,0.16925347598379745,0.1319393142800827,-4.166549363777925,-4.111742283459386
smooth_sigmoid_tail_a4_t0p2__ridge_alpha_100,smooth_sigmoid_tail_a4_t0p2,Scheme E: smooth_sigmoid_tail,threshold=-4; alpha=4; temperature=0.2,Ridge,100.0,8,627,-4.069886320170038,-4.113708003625159,0.15785089237918212,0.12336638381334421,-4.111677090859294,-4.016077650553987
smooth_sigmoid_tail_a4_t0p2__ridge_alpha_100,smooth_sigmoid_tail_a4_t0p2,Scheme E: smooth_sigmoid_tail,threshold=-4; alpha=4; temperature=0.2,Ridge,100.0,9,627,-3.888769294897892,-3.916166577824869,0.22999157623298214,0.12714322623389057,-4.016040344133804,-3.0639671836587556
smooth_sigmoid_tail_a6_t0p05__ridge_alpha_0p01,smooth_sigmoid_tail_a6_t0p05,Scheme E: smooth_sigmoid_tail,threshold=-4; alpha=6; temperature=0.05,Ridge,0.01,0,627,-4.564441632071619,-4.497557585095696,0.21158274613907485,0.17106681228131138,-4.954416610586755,-4.46950215069124
smooth_sigmoid_tail_a6_t0p05__ridge_alpha_0p01,smooth_sigmoid_tail_a6_t0p05,Scheme E: smooth_sigmoid_tail,threshold=-4; alpha=6; temperature=0.05,Ridge,0.01,1,627,-4.426944971909497,-4.4244497334253055,0.18286662222357863,0.1458588318897269,-4.469179272060205,-4.391208353307224
smooth_sigmoid_tail_a6_t0p05__ridge_alpha_0p01,smooth_sigmoid_tail_a6_t0p05,Scheme E: smooth_sigmoid_tail,threshold=-4; alpha=6; temperature=0.05,Ridge,0.01,2,627,-4.361629747410284,-4.378125608443902,0.1876903757034069,0.14378678058096508,-4.391140888757564,-4.33359243514641
smooth_sigmoid_tail_a6_t0p05__ridge_alpha_0p01,smooth_sigmoid_tail_a6_t0p05,Scheme E: smooth_sigmoid_tail,threshold=-4; alpha=6; temperature=0.05,Ridge,0.01,3,627,-4.308468143561305,-4.336291694670662,0.16929695467198339,0.13312039663471684,-4.333517581118742,-4.285455006708171
smooth_sigmoid_tail_a6_t0p05__ridge_alpha_0p01,smooth_sigmoid_tail_a6_t0p05,Scheme E: smooth_sigmoid_tail,threshold=-4; alpha=6; temperature=0.05,Ridge,0.01,4,627,-4.260456036184751,-4.305223633113982,0.17103986132604332,0.13348969222125584,-4.285451824807855,-4.235636730247618
smooth_sigmoid_tail_a6_t0p05__ridge_alpha_0p01,smooth_sigmoid_tail_a6_t0p05,Scheme E: smooth_sigmoid_tail,threshold=-4; alpha=6; temperature=0.05,Ridge,0.01,5,627,-4.212193270981253,-4.275606517077489,0.17353216852550374,0.13914512200951362,-4.23541692555256,-4.189527089972836
smooth_sigmoid_tail_a6_t0p05__ridge_alpha_0p01,smooth_sigmoid_tail_a6_t0p05,Scheme E: smooth_sigmoid_tail,threshold=-4; alpha=6; temperature=0.05,Ridge,0.01,6,627,-4.162494367647527,-4.23977308547307,0.17686160857440866,0.14492691286425252,-4.189392341992632,-4.135636126952535
smooth_sigmoid_tail_a6_t0p05__ridge_alpha_0p01,smooth_sigmoid_tail_a6_t0p05,Scheme E: smooth_sigmoid_tail,threshold=-4; alpha=6; temperature=0.05,Ridge,0.01,7,628,-4.101712348066267,-4.1856755309917375,0.16008304889035724,0.1390531098502048,-4.135473987928523,-4.068819043897339
smooth_sigmoid_tail_a6_t0p05__ridge_alpha_0p01,smooth_sigmoid_tail_a6_t0p05,Scheme E: smooth_sigmoid_tail,threshold=-4; alpha=6; temperature=0.05,Ridge,0.01,8,626,-4.0234796469031595,-4.11046958176439,0.15986230814575877,0.1406450350065107,-4.06854660496553,-3.96876235943786
smooth_sigmoid_tail_a6_t0p05__ridge_alpha_0p01,smooth_sigmoid_tail_a6_t0p05,Scheme E: smooth_sigmoid_tail,threshold=-4; alpha=6; temperature=0.05,Ridge,0.01,9,627,-3.8446906621771384,-3.930584500867042,0.2440056461577286,0.15270280769662806,-3.9679922646528634,-2.9843072078694646
smooth_sigmoid_tail_a6_t0p05__ridge_alpha_0p1,smooth_sigmoid_tail_a6_t0p05,Scheme E: smooth_sigmoid_tail,threshold=-4; alpha=6; temperature=0.05,Ridge,0.1,0,627,-4.56426546764666,-4.497912365580138,0.21146287070025116,0.17085433439582898,-4.9541548012315015,-4.469336317657846
smooth_sigmoid_tail_a6_t0p05__ridge_alpha_0p1,smooth_sigmoid_tail_a6_t0p05,Scheme E: smooth_sigmoid_tail,threshold=-4; alpha=6; temperature=0.05,Ridge,0.1,1,627,-4.4268392908073855,-4.424446676557591,0.1831874325285166,0.14630082087576018,-4.469319082822188,-4.391106038737571
smooth_sigmoid_tail_a6_t0p05__ridge_alpha_0p1,smooth_sigmoid_tail_a6_t0p05,Scheme E: smooth_sigmoid_tail,threshold=-4; alpha=6; temperature=0.05,Ridge,0.1,2,627,-4.361557923170351,-4.377374187124051,0.1873402942788296,0.1433572469808957,-4.391079982398546,-4.333371734552402
smooth_sigmoid_tail_a6_t0p05__ridge_alpha_0p1,smooth_sigmoid_tail_a6_t0p05,Scheme E: smooth_sigmoid_tail,threshold=-4; alpha=6; temperature=0.05,Ridge,0.1,3,627,-4.308421344498736,-4.336691392373784,0.16933421583342495,0.13315600383321868,-4.3333213258449,-4.2854729778543925
smooth_sigmoid_tail_a6_t0p05__ridge_alpha_0p1,smooth_sigmoid_tail_a6_t0p05,Scheme E: smooth_sigmoid_tail,threshold=-4; alpha=6; temperature=0.05,Ridge,0.1,4,627,-4.260416591475135,-4.305223633113982,0.17103986132604332,0.1334663339427708,-4.285411629740723,-4.235645088413579
smooth_sigmoid_tail_a6_t0p05__ridge_alpha_0p1,smooth_sigmoid_tail_a6_t0p05,Scheme E: smooth_sigmoid_tail,threshold=-4; alpha=6; temperature=0.05,Ridge,0.1,5,627,-4.212196662220215,-4.275606517077489,0.17353216852550374,0.13910517862550467,-4.235457461288309,-4.189484070130843
smooth_sigmoid_tail_a6_t0p05__ridge_alpha_0p1,smooth_sigmoid_tail_a6_t0p05,Scheme E: smooth_sigmoid_tail,threshold=-4; alpha=6; temperature=0.05,Ridge,0.1,6,627,-4.162513198000783,-4.238976906496622,0.1764430410882232,0.14427044118588592,-4.189478295906217,-4.135902328362042
smooth_sigmoid_tail_a6_t0p05__ridge_alpha_0p1,smooth_sigmoid_tail_a6_t0p05,Scheme E: smooth_sigmoid_tail,threshold=-4; alpha=6; temperature=0.05,Ridge,0.1,7,627,-4.101790724603126,-4.186313564655331,0.16088795094732558,0.1395191592536501,-4.135896852757048,-4.068929679737333
smooth_sigmoid_tail_a6_t0p05__ridge_alpha_0p1,smooth_sigmoid_tail_a6_t0p05,Scheme E: smooth_sigmoid_tail,threshold=-4; alpha=6; temperature=0.05,Ridge,0.1,8,627,-4.023609716169661,-4.110747672769791,0.15988627880807624,0.14071519121940038,-4.0688737596027265,-3.9685129742542506
smooth_sigmoid_tail_a6_t0p05__ridge_alpha_0p1,smooth_sigmoid_tail_a6_t0p05,Scheme E: smooth_sigmoid_tail,threshold=-4; alpha=6; temperature=0.05,Ridge,0.1,9,627,-3.8447526485957857,-3.930584500867042,0.2440056461577286,0.15263777365691966,-3.968347693865717,-2.9844275022118736
smooth_sigmoid_tail_a6_t0p05__ridge_alpha_1,smooth_sigmoid_tail_a6_t0p05,Scheme E: smooth_sigmoid_tail,threshold=-4; alpha=6; temperature=0.05,Ridge,1.0,0,627,-4.562622116173028,-4.497444276894036,0.21040683745230024,0.16892316458260725,-4.951142800423365,-4.467996988961582
smooth_sigmoid_tail_a6_t0p05__ridge_alpha_1,smooth_sigmoid_tail_a6_t0p05,Scheme E: smooth_sigmoid_tail,threshold=-4; alpha=6; temperature=0.05,Ridge,1.0,1,627,-4.425847976071155,-4.424520226643458,0.1850332177875613,0.14750589313965015,-4.467877261343263,-4.390501946169985
smooth_sigmoid_tail_a6_t0p05__ridge_alpha_1,smooth_sigmoid_tail_a6_t0p05,Scheme E: smooth_sigmoid_tail,threshold=-4; alpha=6; temperature=0.05,Ridge,1.0,2,628,-4.360833720826937,-4.379295324275822,0.18703438079911439,0.14321672072238442,-4.3900943416244065,-4.333009435608416
smooth_sigmoid_tail_a6_t0p05__ridge_alpha_1,smooth_sigmoid_tail_a6_t0p05,Scheme E: smooth_sigmoid_tail,threshold=-4; alpha=6; temperature=0.05,Ridge,1.0,3,626,-4.307965408714202,-4.338083269285881,0.16788792151921897,0.13163250728708986,-4.332865820069777,-4.285452741219903
smooth_sigmoid_tail_a6_t0p05__ridge_alpha_1,smooth_sigmoid_tail_a6_t0p05,Scheme E: smooth_sigmoid_tail,threshold=-4; alpha=6; temperature=0.05,Ridge,1.0,4,627,-4.26003113981123,-4.303884217665299,0.17141571636653583,0.13412570256223744,-4.2853122018737695,-4.235205402198567
smooth_sigmoid_tail_a6_t0p05__ridge_alpha_1,smooth_sigmoid_tail_a6_t0p05,Scheme E: smooth_sigmoid_tail,threshold=-4; alpha=6; temperature=0.05,Ridge,1.0,5,627,-4.2122041733796065,-4.276366356196448,0.1735288116276921,0.14034269685939904,-4.235151452098298,-4.189557527415171
smooth_sigmoid_tail_a6_t0p05__ridge_alpha_1,smooth_sigmoid_tail_a6_t0p05,Scheme E: smooth_sigmoid_tail,threshold=-4; alpha=6; temperature=0.05,Ridge,1.0,6,627,-4.162709838093359,-4.238333203286559,0.17559245274999943,0.14264995914009204,-4.1894957536387425,-4.136278910339172
smooth_sigmoid_tail_a6_t0p05__ridge_alpha_1,smooth_sigmoid_tail_a6_t0p05,Scheme E: smooth_sigmoid_tail,threshold=-4; alpha=6; temperature=0.05,Ridge,1.0,7,627,-4.102020114449268,-4.186853722693861,0.16079269494083925,0.13972697373843215,-4.136267144115648,-4.0692730306618
smooth_sigmoid_tail_a6_t0p05__ridge_alpha_1,smooth_sigmoid_tail_a6_t0p05,Scheme E: smooth_sigmoid_tail,threshold=-4; alpha=6; temperature=0.05,Ridge,1.0,8,627,-4.024131673711262,-4.109582133203104,0.15820604964776858,0.14021746211931277,-4.069258310922973,-3.969754116529982
smooth_sigmoid_tail_a6_t0p05__ridge_alpha_1,smooth_sigmoid_tail_a6_t0p05,Scheme E: smooth_sigmoid_tail,threshold=-4; alpha=6; temperature=0.05,Ridge,1.0,9,627,-3.84532332300877,-3.9294489575160285,0.24329845089414232,0.15120829554710497,-3.9695504100829146,-2.985510014372917
smooth_sigmoid_tail_a6_t0p05__ridge_alpha_10,smooth_sigmoid_tail_a6_t0p05,Scheme E: smooth_sigmoid_tail,threshold=-4; alpha=6; temperature=0.05,Ridge,10.0,0,627,-4.552044564136968,-4.502827379221932,0.20890254921811588,0.16334931250517584,-4.943260248765643,-4.460239705864357
smooth_sigmoid_tail_a6_t0p05__ridge_alpha_10,smooth_sigmoid_tail_a6_t0p05,Scheme E: smooth_sigmoid_tail,threshold=-4; alpha=6; temperature=0.05,Ridge,10.0,1,627,-4.419747700186477,-4.418113753743783,0.18027907762298492,0.1447328927172183,-4.460046344082539,-4.386055519180931
smooth_sigmoid_tail_a6_t0p05__ridge_alpha_10,smooth_sigmoid_tail_a6_t0p05,Scheme E: smooth_sigmoid_tail,threshold=-4; alpha=6; temperature=0.05,Ridge,10.0,2,627,-4.3566774962738135,-4.382810996758174,0.1860217155206775,0.1413628418530016,-4.385910076955279,-4.329365311508574
smooth_sigmoid_tail_a6_t0p05__ridge_alpha_10,smooth_sigmoid_tail_a6_t0p05,Scheme E: smooth_sigmoid_tail,threshold=-4; alpha=6; temperature=0.05,Ridge,10.0,3,627,-4.3053280623776375,-4.339643953227183,0.17019828945834795,0.13217507303819223,-4.329268706034357,-4.28187020863607
smooth_sigmoid_tail_a6_t0p05__ridge_alpha_10,smooth_sigmoid_tail_a6_t0p05,Scheme E: smooth_sigmoid_tail,threshold=-4; alpha=6; temperature=0.05,Ridge,10.0,4,627,-4.257638600080453,-4.305242564966824,0.17031126446237602,0.13367264611684335,-4.281461288173147,-4.235451202532533
smooth_sigmoid_tail_a6_t0p05__ridge_alpha_10,smooth_sigmoid_tail_a6_t0p05,Scheme E: smooth_sigmoid_tail,threshold=-4; alpha=6; temperature=0.05,Ridge,10.0,5,627,-4.211818739915935,-4.276362503916277,0.1777801549636776,0.1421152181197291,-4.235393662082367,-4.187411668264224
smooth_sigmoid_tail_a6_t0p05__ridge_alpha_10,smooth_sigmoid_tail_a6_t0p05,Scheme E: smooth_sigmoid_tail,threshold=-4; alpha=6; temperature=0.05,Ridge,10.0,6,627,-4.163599476980815,-4.235197901868695,0.17164700190123475,0.13887630218852323,-4.187245058961123,-4.136241182991271
smooth_sigmoid_tail_a6_t0p05__ridge_alpha_10,smooth_sigmoid_tail_a6_t0p05,Scheme E: smooth_sigmoid_tail,threshold=-4; alpha=6; temperature=0.05,Ridge,10.0,7,628,-4.103440587436244,-4.188065313336586,0.16390575286893713,0.14082918957277749,-4.1361861681547065,-4.070841948792209
smooth_sigmoid_tail_a6_t0p05__ridge_alpha_10,smooth_sigmoid_tail_a6_t0p05,Scheme E: smooth_sigmoid_tail,threshold=-4; alpha=6; temperature=0.05,Ridge,10.0,8,626,-4.026544088627952,-4.109469294415765,0.15622449789963463,0.13581390706882515,-4.070830567666853,-3.9725542245197607
smooth_sigmoid_tail_a6_t0p05__ridge_alpha_10,smooth_sigmoid_tail_a6_t0p05,Scheme E: smooth_sigmoid_tail,threshold=-4; alpha=6; temperature=0.05,Ridge,10.0,9,627,-3.8487458257914637,-3.926018402658339,0.2388423047793522,0.14530147117613448,-3.97227700832403,-2.9916584134504904
smooth_sigmoid_tail_a6_t0p05__ridge_alpha_100,smooth_sigmoid_tail_a6_t0p05,Scheme E: smooth_sigmoid_tail,threshold=-4; alpha=6; temperature=0.05,Ridge,100.0,0,627,-4.526739063686303,-4.507404155845114,0.1998842961067682,0.15359716015331115,-4.861376584968493,-4.443583148148659
smooth_sigmoid_tail_a6_t0p05__ridge_alpha_100,smooth_sigmoid_tail_a6_t0p05,Scheme E: smooth_sigmoid_tail,threshold=-4; alpha=6; temperature=0.05,Ridge,100.0,1,627,-4.404814920694476,-4.417891565877836,0.19687648372321595,0.14706344368872304,-4.4432454552169665,-4.373341856260973
smooth_sigmoid_tail_a6_t0p05__ridge_alpha_100,smooth_sigmoid_tail_a6_t0p05,Scheme E: smooth_sigmoid_tail,threshold=-4; alpha=6; temperature=0.05,Ridge,100.0,2,627,-4.346860548978621,-4.379941700219608,0.17317371054889846,0.13149260768828974,-4.373260187699015,-4.321584574071903
smooth_sigmoid_tail_a6_t0p05__ridge_alpha_100,smooth_sigmoid_tail_a6_t0p05,Scheme E: smooth_sigmoid_tail,threshold=-4; alpha=6; temperature=0.05,Ridge,100.0,3,627,-4.297214666724236,-4.34408333877842,0.17403479324899404,0.13620498271416473,-4.321424667606913,-4.27569793377958
smooth_sigmoid_tail_a6_t0p05__ridge_alpha_100,smooth_sigmoid_tail_a6_t0p05,Scheme E: smooth_sigmoid_tail,threshold=-4; alpha=6; temperature=0.05,Ridge,100.0,4,627,-4.253122617395112,-4.303297580384085,0.17069479786824035,0.1342512115840432,-4.275456816088777,-4.231080307796208
smooth_sigmoid_tail_a6_t0p05__ridge_alpha_100,smooth_sigmoid_tail_a6_t0p05,Scheme E: smooth_sigmoid_tail,threshold=-4; alpha=6; temperature=0.05,Ridge,100.0,5,627,-4.208809601892762,-4.275121277788167,0.16808752054651938,0.1366513801590913,-4.231038538783614,-4.184761481243341
smooth_sigmoid_tail_a6_t0p05__ridge_alpha_100,smooth_sigmoid_tail_a6_t0p05,Scheme E: smooth_sigmoid_tail,threshold=-4; alpha=6; temperature=0.05,Ridge,100.0,6,627,-4.16166082250827,-4.230470329830982,0.16033619559355392,0.13430468582606048,-4.184670684268681,-4.136517273299898
smooth_sigmoid_tail_a6_t0p05__ridge_alpha_100,smooth_sigmoid_tail_a6_t0p05,Scheme E: smooth_sigmoid_tail,threshold=-4; alpha=6; temperature=0.05,Ridge,100.0,7,627,-4.107165059956108,-4.192254130626788,0.17925251060821518,0.15051542830575343,-4.136470742205951,-4.0735628305328015
smooth_sigmoid_tail_a6_t0p05__ridge_alpha_100,smooth_sigmoid_tail_a6_t0p05,Scheme E: smooth_sigmoid_tail,threshold=-4; alpha=6; temperature=0.05,Ridge,100.0,8,627,-4.030273251920017,-4.11587648197022,0.15680114588575125,0.13299608523875814,-4.07346590886399,-3.977878530128934
smooth_sigmoid_tail_a6_t0p05__ridge_alpha_100,smooth_sigmoid_tail_a6_t0p05,Scheme E: smooth_sigmoid_tail,threshold=-4; alpha=6; temperature=0.05,Ridge,100.0,9,627,-3.8548672048507555,-3.9175368552946024,0.23184029368892747,0.13611523398966843,-3.9777676312780783,-3.0329611286501246
smooth_sigmoid_tail_a6_t0p1__ridge_alpha_0p01,smooth_sigmoid_tail_a6_t0p1,Scheme E: smooth_sigmoid_tail,threshold=-4; alpha=6; temperature=0.1,Ridge,0.01,0,627,-4.5415216750794,-4.499587689438181,0.21027522529107096,0.16263220224006616,-4.92090413000623,-4.44875935729313
smooth_sigmoid_tail_a6_t0p1__ridge_alpha_0p01,smooth_sigmoid_tail_a6_t0p1,Scheme E: smooth_sigmoid_tail,threshold=-4; alpha=6; temperature=0.1,Ridge,0.01,1,627,-4.40886788409058,-4.419604459006294,0.17906500280351845,0.14258455685423313,-4.448120733682384,-4.374942575826276
smooth_sigmoid_tail_a6_t0p1__ridge_alpha_0p01,smooth_sigmoid_tail_a6_t0p1,Scheme E: smooth_sigmoid_tail,threshold=-4; alpha=6; temperature=0.1,Ridge,0.01,2,627,-4.348083960424105,-4.375258359713796,0.19034659371117293,0.1442590484830489,-4.374926341479382,-4.321904623140494
smooth_sigmoid_tail_a6_t0p1__ridge_alpha_0p01,smooth_sigmoid_tail_a6_t0p1,Scheme E: smooth_sigmoid_tail,threshold=-4; alpha=6; temperature=0.1,Ridge,0.01,3,627,-4.299439118581355,-4.345346468426285,0.1766115569932644,0.13947632987210143,-4.321886699136258,-4.27782927313805
smooth_sigmoid_tail_a6_t0p1__ridge_alpha_0p01,smooth_sigmoid_tail_a6_t0p1,Scheme E: smooth_sigmoid_tail,threshold=-4; alpha=6; temperature=0.1,Ridge,0.01,4,627,-4.25449290547173,-4.300613254472513,0.16707880974287792,0.13164198832687826,-4.277692777786192,-4.232355581735254
smooth_sigmoid_tail_a6_t0p1__ridge_alpha_0p01,smooth_sigmoid_tail_a6_t0p1,Scheme E: smooth_sigmoid_tail,threshold=-4; alpha=6; temperature=0.1,Ridge,0.01,5,627,-4.210108933941543,-4.273460265509665,0.17055849980253068,0.1370002463736545,-4.232342375213288,-4.18657527826007
smooth_sigmoid_tail_a6_t0p1__ridge_alpha_0p01,smooth_sigmoid_tail_a6_t0p1,Scheme E: smooth_sigmoid_tail,threshold=-4; alpha=6; temperature=0.1,Ridge,0.01,6,627,-4.163759335905007,-4.245489640300417,0.1699275278778039,0.1426041688645418,-4.1865350266582055,-4.13853365478516
smooth_sigmoid_tail_a6_t0p1__ridge_alpha_0p01,smooth_sigmoid_tail_a6_t0p1,Scheme E: smooth_sigmoid_tail,threshold=-4; alpha=6; temperature=0.1,Ridge,0.01,7,627,-4.108831754485537,-4.18386719132233,0.16999992584522017,0.14104504541418375,-4.138492945574543,-4.077079931562134
smooth_sigmoid_tail_a6_t0p1__ridge_alpha_0p01,smooth_sigmoid_tail_a6_t0p1,Scheme E: smooth_sigmoid_tail,threshold=-4; alpha=6; temperature=0.1,Ridge,0.01,8,627,-4.035600373675232,-4.111837722130389,0.15889320054728692,0.13815377053172684,-4.076966878202083,-3.983077173573708
smooth_sigmoid_tail_a6_t0p1__ridge_alpha_0p01,smooth_sigmoid_tail_a6_t0p1,Scheme E: smooth_sigmoid_tail,threshold=-4; alpha=6; temperature=0.1,Ridge,0.01,9,627,-3.8573670223547865,-3.9288123662959515,0.2431773500513525,0.1451809187539706,-3.982920533509973,-2.987400085992764
smooth_sigmoid_tail_a6_t0p1__ridge_alpha_0p1,smooth_sigmoid_tail_a6_t0p1,Scheme E: smooth_sigmoid_tail,threshold=-4; alpha=6; temperature=0.1,Ridge,0.1,0,627,-4.541361715126464,-4.499587689438181,0.21027522529107096,0.16257435342422982,-4.921096566589601,-4.448263945224904
smooth_sigmoid_tail_a6_t0p1__ridge_alpha_0p1,smooth_sigmoid_tail_a6_t0p1,Scheme E: smooth_sigmoid_tail,threshold=-4; alpha=6; temperature=0.1,Ridge,0.1,1,627,-4.408774055425283,-4.419411686330063,0.17915573612687155,0.14268544909474906,-4.448184724706434,-4.374893747188391
smooth_sigmoid_tail_a6_t0p1__ridge_alpha_0p1,smooth_sigmoid_tail_a6_t0p1,Scheme E: smooth_sigmoid_tail,threshold=-4; alpha=6; temperature=0.1,Ridge,0.1,2,627,-4.348014512303643,-4.373358872977043,0.18849898085750758,0.14277790585996067,-4.374750658737702,-4.321503321174753
smooth_sigmoid_tail_a6_t0p1__ridge_alpha_0p1,smooth_sigmoid_tail_a6_t0p1,Scheme E: smooth_sigmoid_tail,threshold=-4; alpha=6; temperature=0.1,Ridge,0.1,3,627,-4.29939622055322,-4.34746095396039,0.17884709849132366,0.14078005117427628,-4.321444365986183,-4.277720991504831
smooth_sigmoid_tail_a6_t0p1__ridge_alpha_0p1,smooth_sigmoid_tail_a6_t0p1,Scheme E: smooth_sigmoid_tail,threshold=-4; alpha=6; temperature=0.1,Ridge,0.1,4,627,-4.254471568557416,-4.301590209063141,0.16631248031992102,0.13128220035978347,-4.277689003976677,-4.232265525226039
smooth_sigmoid_tail_a6_t0p1__ridge_alpha_0p1,smooth_sigmoid_tail_a6_t0p1,Scheme E: smooth_sigmoid_tail,threshold=-4; alpha=6; temperature=0.1,Ridge,0.1,5,627,-4.210105924661712,-4.272461084797916,0.1711565681260704,0.13731773491191063,-4.232174216723686,-4.186676812827837
smooth_sigmoid_tail_a6_t0p1__ridge_alpha_0p1,smooth_sigmoid_tail_a6_t0p1,Scheme E: smooth_sigmoid_tail,threshold=-4; alpha=6; temperature=0.1,Ridge,0.1,6,627,-4.163781048090562,-4.245888902321833,0.16982206504406244,0.1427732281824905,-4.186537451090293,-4.138673349822847
smooth_sigmoid_tail_a6_t0p1__ridge_alpha_0p1,smooth_sigmoid_tail_a6_t0p1,Scheme E: smooth_sigmoid_tail,threshold=-4; alpha=6; temperature=0.1,Ridge,0.1,7,627,-4.108862637527891,-4.183366915439427,0.1698732672100421,0.1406728806388535,-4.138620710077007,-4.077177806345807
smooth_sigmoid_tail_a6_t0p1__ridge_alpha_0p1,smooth_sigmoid_tail_a6_t0p1,Scheme E: smooth_sigmoid_tail,threshold=-4; alpha=6; temperature=0.1,Ridge,0.1,8,627,-4.035656034736685,-4.11190759020086,0.15903140790151768,0.13821255193577608,-4.077022924592548,-3.9831839139710645
smooth_sigmoid_tail_a6_t0p1__ridge_alpha_0p1,smooth_sigmoid_tail_a6_t0p1,Scheme E: smooth_sigmoid_tail,threshold=-4; alpha=6; temperature=0.1,Ridge,0.1,9,627,-3.8574265960573744,-3.9288435120869676,0.24320044288912074,0.14514943365367533,-3.983164283641916,-2.9875777095010374
smooth_sigmoid_tail_a6_t0p1__ridge_alpha_1,smooth_sigmoid_tail_a6_t0p1,Scheme E: smooth_sigmoid_tail,threshold=-4; alpha=6; temperature=0.1,Ridge,1.0,0,627,-4.539857119640407,-4.500154242200201,0.21013895134592528,0.1620219623015007,-4.922655261466565,-4.447574481353845
smooth_sigmoid_tail_a6_t0p1__ridge_alpha_1,smooth_sigmoid_tail_a6_t0p1,Scheme E: smooth_sigmoid_tail,threshold=-4; alpha=6; temperature=0.1,Ridge,1.0,1,627,-4.407900993433818,-4.421208264841138,0.17936394195601169,0.14284015249871135,-4.44721466838399,-4.374410156867255
smooth_sigmoid_tail_a6_t0p1__ridge_alpha_1,smooth_sigmoid_tail_a6_t0p1,Scheme E: smooth_sigmoid_tail,threshold=-4; alpha=6; temperature=0.1,Ridge,1.0,2,627,-4.347429933842246,-4.3735883243181,0.1869588491279038,0.14237549365242855,-4.374189625131821,-4.321584046589814
smooth_sigmoid_tail_a6_t0p1__ridge_alpha_1,smooth_sigmoid_tail_a6_t0p1,Scheme E: smooth_sigmoid_tail,threshold=-4; alpha=6; temperature=0.1,Ridge,1.0,3,627,-4.29889610358388,-4.344774987439389,0.1798250875353701,0.14057173552270213,-4.321428799257023,-4.277443524451304
smooth_sigmoid_tail_a6_t0p1__ridge_alpha_1,smooth_sigmoid_tail_a6_t0p1,Scheme E: smooth_sigmoid_tail,threshold=-4; alpha=6; temperature=0.1,Ridge,1.0,4,627,-4.254280604589433,-4.304036829950256,0.16488050154096545,0.13100620345491776,-4.27742950577959,-4.2324375516015005
smooth_sigmoid_tail_a6_t0p1__ridge_alpha_1,smooth_sigmoid_tail_a6_t0p1,Scheme E: smooth_sigmoid_tail,threshold=-4; alpha=6; temperature=0.1,Ridge,1.0,5,627,-4.210056136487173,-4.270941379746397,0.1701719080651859,0.13622290857121366,-4.232388029315972,-4.186605449716284
smooth_sigmoid_tail_a6_t0p1__ridge_alpha_1,smooth_sigmoid_tail_a6_t0p1,Scheme E: smooth_sigmoid_tail,threshold=-4; alpha=6; temperature=0.1,Ridge,1.0,6,627,-4.164010577190807,-4.245338911759382,0.1714114529715967,0.14366988413837137,-4.186579954593437,-4.139081226810421
smooth_sigmoid_tail_a6_t0p1__ridge_alpha_1,smooth_sigmoid_tail_a6_t0p1,Scheme E: smooth_sigmoid_tail,threshold=-4; alpha=6; temperature=0.1,Ridge,1.0,7,627,-4.109154621888049,-4.184434423295764,0.16905303972367663,0.14071155475108824,-4.1390401023638,-4.077830281350943
smooth_sigmoid_tail_a6_t0p1__ridge_alpha_1,smooth_sigmoid_tail_a6_t0p1,Scheme E: smooth_sigmoid_tail,threshold=-4; alpha=6; temperature=0.1,Ridge,1.0,8,627,-4.036155472120843,-4.11108988358468,0.1581985870922196,0.13695205175144975,-4.0773957131057115,-3.9838810807196308
smooth_sigmoid_tail_a6_t0p1__ridge_alpha_1,smooth_sigmoid_tail_a6_t0p1,Scheme E: smooth_sigmoid_tail,threshold=-4; alpha=6; temperature=0.1,Ridge,1.0,9,627,-3.857983424570602,-3.928310169480515,0.24311342491909269,0.1446038852769767,-3.983645118025095,-2.989212931968254
smooth_sigmoid_tail_a6_t0p1__ridge_alpha_10,smooth_sigmoid_tail_a6_t0p1,Scheme E: smooth_sigmoid_tail,threshold=-4; alpha=6; temperature=0.1,Ridge,10.0,0,627,-4.530023508475413,-4.503566691546751,0.20893781632425595,0.1581639597881413,-4.9188135467392415,-4.440381384501493
smooth_sigmoid_tail_a6_t0p1__ridge_alpha_10,smooth_sigmoid_tail_a6_t0p1,Scheme E: smooth_sigmoid_tail,threshold=-4; alpha=6; temperature=0.1,Ridge,10.0,1,627,-4.402465904570347,-4.419169583166628,0.18501366304820127,0.1465981622741656,-4.440147568394103,-4.371449992716961
smooth_sigmoid_tail_a6_t0p1__ridge_alpha_10,smooth_sigmoid_tail_a6_t0p1,Scheme E: smooth_sigmoid_tail,threshold=-4; alpha=6; temperature=0.1,Ridge,10.0,2,627,-4.343451135628692,-4.3763567255369065,0.18101548394300682,0.13790669547489526,-4.37115159610199,-4.318099316905503
smooth_sigmoid_tail_a6_t0p1__ridge_alpha_10,smooth_sigmoid_tail_a6_t0p1,Scheme E: smooth_sigmoid_tail,threshold=-4; alpha=6; temperature=0.1,Ridge,10.0,3,627,-4.296007538180361,-4.3453882742735885,0.16986261433209085,0.13455573767973558,-4.318092167463586,-4.273585268268718
smooth_sigmoid_tail_a6_t0p1__ridge_alpha_10,smooth_sigmoid_tail_a6_t0p1,Scheme E: smooth_sigmoid_tail,threshold=-4; alpha=6; temperature=0.1,Ridge,10.0,4,627,-4.252582868274571,-4.304643693390406,0.1717649335041268,0.13503897058790515,-4.273585217859547,-4.231297054062687
smooth_sigmoid_tail_a6_t0p1__ridge_alpha_10,smooth_sigmoid_tail_a6_t0p1,Scheme E: smooth_sigmoid_tail,threshold=-4; alpha=6; temperature=0.1,Ridge,10.0,5,627,-4.2098451368851535,-4.272289992040899,0.17257040114640224,0.13849163175101523,-4.23110714464312,-4.188133603672944
smooth_sigmoid_tail_a6_t0p1__ridge_alpha_10,smooth_sigmoid_tail_a6_t0p1,Scheme E: smooth_sigmoid_tail,threshold=-4; alpha=6; temperature=0.1,Ridge,10.0,6,627,-4.165405888535461,-4.2420285214573665,0.1684295194220669,0.13991888977174732,-4.188126315204172,-4.140334130166193
smooth_sigmoid_tail_a6_t0p1__ridge_alpha_10,smooth_sigmoid_tail_a6_t0p1,Scheme E: smooth_sigmoid_tail,threshold=-4; alpha=6; temperature=0.1,Ridge,10.0,7,627,-4.110725090881645,-4.185502509840278,0.1695457551423325,0.13911069025416398,-4.140214997639801,-4.079940780520278
smooth_sigmoid_tail_a6_t0p1__ridge_alpha_10,smooth_sigmoid_tail_a6_t0p1,Scheme E: smooth_sigmoid_tail,threshold=-4; alpha=6; temperature=0.1,Ridge,10.0,8,627,-4.0388632168936125,-4.108763671832242,0.15737662973008393,0.13313567459696096,-4.079887262779869,-3.986794146965518
smooth_sigmoid_tail_a6_t0p1__ridge_alpha_10,smooth_sigmoid_tail_a6_t0p1,Scheme E: smooth_sigmoid_tail,threshold=-4; alpha=6; temperature=0.1,Ridge,10.0,9,627,-3.8612648175488173,-3.92616775353076,0.239341359936156,0.1397952061856886,-3.986776467627213,-2.9991221963549366
smooth_sigmoid_tail_a6_t0p1__ridge_alpha_100,smooth_sigmoid_tail_a6_t0p1,Scheme E: smooth_sigmoid_tail,threshold=-4; alpha=6; temperature=0.1,Ridge,100.0,0,627,-4.50458281065738,-4.509992419535844,0.2052732795493338,0.15333817953829165,-4.830095258627495,-4.423257206028227
smooth_sigmoid_tail_a6_t0p1__ridge_alpha_100,smooth_sigmoid_tail_a6_t0p1,Scheme E: smooth_sigmoid_tail,threshold=-4; alpha=6; temperature=0.1,Ridge,100.0,1,627,-4.388852366989732,-4.418265310659516,0.1912520171486944,0.14543593037181424,-4.4232003096445345,-4.359717627599549
smooth_sigmoid_tail_a6_t0p1__ridge_alpha_100,smooth_sigmoid_tail_a6_t0p1,Scheme E: smooth_sigmoid_tail,threshold=-4; alpha=6; temperature=0.1,Ridge,100.0,2,627,-4.333852379874926,-4.379840901879204,0.17084574155943005,0.1335653393951103,-4.359711217877131,-4.3102461581688
smooth_sigmoid_tail_a6_t0p1__ridge_alpha_100,smooth_sigmoid_tail_a6_t0p1,Scheme E: smooth_sigmoid_tail,threshold=-4; alpha=6; temperature=0.1,Ridge,100.0,3,627,-4.288616466178775,-4.341312510437373,0.17180080873817816,0.13412267625586707,-4.310001861058513,-4.268654127802204
smooth_sigmoid_tail_a6_t0p1__ridge_alpha_100,smooth_sigmoid_tail_a6_t0p1,Scheme E: smooth_sigmoid_tail,threshold=-4; alpha=6; temperature=0.1,Ridge,100.0,4,627,-4.248516857794727,-4.305200511990448,0.1681542040318392,0.1356007368882263,-4.268560900378075,-4.2287782934948766
smooth_sigmoid_tail_a6_t0p1__ridge_alpha_100,smooth_sigmoid_tail_a6_t0p1,Scheme E: smooth_sigmoid_tail,threshold=-4; alpha=6; temperature=0.1,Ridge,100.0,5,627,-4.208618957423991,-4.270716470434054,0.1728310935690969,0.13823675324192655,-4.228390299033009,-4.187389141601797
smooth_sigmoid_tail_a6_t0p1__ridge_alpha_100,smooth_sigmoid_tail_a6_t0p1,Scheme E: smooth_sigmoid_tail,threshold=-4; alpha=6; temperature=0.1,Ridge,100.0,6,627,-4.164832047876813,-4.232055895456927,0.15955195312780926,0.13305583519428843,-4.187333360939232,-4.1419164843495615
smooth_sigmoid_tail_a6_t0p1__ridge_alpha_100,smooth_sigmoid_tail_a6_t0p1,Scheme E: smooth_sigmoid_tail,threshold=-4; alpha=6; temperature=0.1,Ridge,100.0,7,627,-4.115056634673089,-4.191614395948413,0.1797608813768664,0.14680323136101178,-4.141679991595385,-4.084160246110386
smooth_sigmoid_tail_a6_t0p1__ridge_alpha_100,smooth_sigmoid_tail_a6_t0p1,Scheme E: smooth_sigmoid_tail,threshold=-4; alpha=6; temperature=0.1,Ridge,100.0,8,627,-4.043220277534197,-4.116544066028651,0.15595222821637858,0.12885268194385815,-4.084156311542651,-3.991598793913112
smooth_sigmoid_tail_a6_t0p1__ridge_alpha_100,smooth_sigmoid_tail_a6_t0p1,Scheme E: smooth_sigmoid_tail,threshold=-4; alpha=6; temperature=0.1,Ridge,100.0,9,627,-3.8675103631258243,-3.918334934245392,0.23380442929731468,0.13271940792862444,-3.9915728402305968,-3.044892805798724
smooth_sigmoid_tail_a6_t0p2__ridge_alpha_0p01,smooth_sigmoid_tail_a6_t0p2,Scheme E: smooth_sigmoid_tail,threshold=-4; alpha=6; temperature=0.2,Ridge,0.01,0,627,-4.523489579704422,-4.498980649649308,0.21103351825599398,0.1591151076145009,-4.9198652746079246,-4.438750337700105
smooth_sigmoid_tail_a6_t0p2__ridge_alpha_0p01,smooth_sigmoid_tail_a6_t0p2,Scheme E: smooth_sigmoid_tail,threshold=-4; alpha=6; temperature=0.2,Ridge,0.01,1,627,-4.402572297589467,-4.417998079239435,0.182094701241137,0.14371442664373948,-4.438717067501035,-4.3724434170491495
smooth_sigmoid_tail_a6_t0p2__ridge_alpha_0p01,smooth_sigmoid_tail_a6_t0p2,Scheme E: smooth_sigmoid_tail,threshold=-4; alpha=6; temperature=0.2,Ridge,0.01,2,627,-4.347433846669111,-4.374479886006305,0.18635403244508608,0.14060846184257247,-4.372420437372134,-4.324030269466044
smooth_sigmoid_tail_a6_t0p2__ridge_alpha_0p01,smooth_sigmoid_tail_a6_t0p2,Scheme E: smooth_sigmoid_tail,threshold=-4; alpha=6; temperature=0.2,Ridge,0.01,3,627,-4.303599622803384,-4.345869230920721,0.17311153640300417,0.13790086440984223,-4.324008985529254,-4.283139178111046
smooth_sigmoid_tail_a6_t0p2__ridge_alpha_0p01,smooth_sigmoid_tail_a6_t0p2,Scheme E: smooth_sigmoid_tail,threshold=-4; alpha=6; temperature=0.2,Ridge,0.01,4,627,-4.263066970807289,-4.306114402424903,0.1723475565272198,0.1335254454691262,-4.283114382170072,-4.242982054991234
smooth_sigmoid_tail_a6_t0p2__ridge_alpha_0p01,smooth_sigmoid_tail_a6_t0p2,Scheme E: smooth_sigmoid_tail,threshold=-4; alpha=6; temperature=0.2,Ridge,0.01,5,627,-4.222215855010727,-4.271072123879342,0.1726777307105954,0.1343115915734788,-4.2429436941070815,-4.201409402419286
smooth_sigmoid_tail_a6_t0p2__ridge_alpha_0p01,smooth_sigmoid_tail_a6_t0p2,Scheme E: smooth_sigmoid_tail,threshold=-4; alpha=6; temperature=0.2,Ridge,0.01,6,627,-4.178298922665964,-4.248878220097999,0.1688898641003119,0.13908004623765308,-4.201397458366721,-4.154661506247503
smooth_sigmoid_tail_a6_t0p2__ridge_alpha_0p01,smooth_sigmoid_tail_a6_t0p2,Scheme E: smooth_sigmoid_tail,threshold=-4; alpha=6; temperature=0.2,Ridge,0.01,7,627,-4.126345225458145,-4.18380300669843,0.16284904865775726,0.1327931739865344,-4.154597510984584,-4.0962753588316945
smooth_sigmoid_tail_a6_t0p2__ridge_alpha_0p01,smooth_sigmoid_tail_a6_t0p2,Scheme E: smooth_sigmoid_tail,threshold=-4; alpha=6; temperature=0.2,Ridge,0.01,8,627,-4.05578760993739,-4.107553318960692,0.1626577583999397,0.13244845133251404,-4.096240335404768,-4.003434209826018
smooth_sigmoid_tail_a6_t0p2__ridge_alpha_0p01,smooth_sigmoid_tail_a6_t0p2,Scheme E: smooth_sigmoid_tail,threshold=-4; alpha=6; temperature=0.2,Ridge,0.01,9,627,-3.873932123764363,-3.9291284987386885,0.24274308042929715,0.13889740363011893,-4.003374502860714,-2.9821448404468334
smooth_sigmoid_tail_a6_t0p2__ridge_alpha_0p1,smooth_sigmoid_tail_a6_t0p2,Scheme E: smooth_sigmoid_tail,threshold=-4; alpha=6; temperature=0.2,Ridge,0.1,0,627,-4.523352547595853,-4.49904457618237,0.21100992350124448,0.1590081283294861,-4.919965782741634,-4.438723850136023
smooth_sigmoid_tail_a6_t0p2__ridge_alpha_0p1,smooth_sigmoid_tail_a6_t0p2,Scheme E: smooth_sigmoid_tail,threshold=-4; alpha=6; temperature=0.2,Ridge,0.1,1,627,-4.402492565402726,-4.418411192697805,0.18183641734375527,0.14358222016849287,-4.43870135072749,-4.372435683543231
smooth_sigmoid_tail_a6_t0p2__ridge_alpha_0p1,smooth_sigmoid_tail_a6_t0p2,Scheme E: smooth_sigmoid_tail,threshold=-4; alpha=6; temperature=0.2,Ridge,0.1,2,627,-4.347384941199382,-4.374202370672452,0.18642168473723683,0.1407102406001165,-4.372406129230732,-4.324097316423007
smooth_sigmoid_tail_a6_t0p2__ridge_alpha_0p1,smooth_sigmoid_tail_a6_t0p2,Scheme E: smooth_sigmoid_tail,threshold=-4; alpha=6; temperature=0.2,Ridge,0.1,3,627,-4.303555151547813,-4.346041211595014,0.17373014451120644,0.1378845134649248,-4.3239503109550625,-4.283239390021931
smooth_sigmoid_tail_a6_t0p2__ridge_alpha_0p1,smooth_sigmoid_tail_a6_t0p2,Scheme E: smooth_sigmoid_tail,threshold=-4; alpha=6; temperature=0.2,Ridge,0.1,4,627,-4.2630503568784475,-4.305815748648862,0.17168546781228583,0.13366486086220486,-4.283207907793154,-4.2428964390822035
smooth_sigmoid_tail_a6_t0p2__ridge_alpha_0p1,smooth_sigmoid_tail_a6_t0p2,Scheme E: smooth_sigmoid_tail,threshold=-4; alpha=6; temperature=0.2,Ridge,0.1,5,627,-4.222223002049908,-4.271186490184305,0.17276080073735228,0.1343537266532767,-4.242871930531344,-4.201615233261019
smooth_sigmoid_tail_a6_t0p2__ridge_alpha_0p1,smooth_sigmoid_tail_a6_t0p2,Scheme E: smooth_sigmoid_tail,threshold=-4; alpha=6; temperature=0.2,Ridge,0.1,6,627,-4.178330683456211,-4.248785084194946,0.1687301431375815,0.13895337025035825,-4.201424568576786,-4.154726956117124
smooth_sigmoid_tail_a6_t0p2__ridge_alpha_0p1,smooth_sigmoid_tail_a6_t0p2,Scheme E: smooth_sigmoid_tail,threshold=-4; alpha=6; temperature=0.2,Ridge,0.1,7,627,-4.126377466504708,-4.183708924740689,0.16284323420999197,0.13266594577505958,-4.154668689117925,-4.096367400244275
smooth_sigmoid_tail_a6_t0p2__ridge_alpha_0p1,smooth_sigmoid_tail_a6_t0p2,Scheme E: smooth_sigmoid_tail,threshold=-4; alpha=6; temperature=0.2,Ridge,0.1,8,627,-4.055838980308598,-4.107687026990305,0.16276432595658458,0.13254396370632474,-4.09629055406706,-4.003353192249369
smooth_sigmoid_tail_a6_t0p2__ridge_alpha_0p1,smooth_sigmoid_tail_a6_t0p2,Scheme E: smooth_sigmoid_tail,threshold=-4; alpha=6; temperature=0.2,Ridge,0.1,9,627,-3.873991132503131,-3.9289947907090754,0.24257307757643748,0.13871685121001726,-4.00316543934613,-2.9824055197277812
smooth_sigmoid_tail_a6_t0p2__ridge_alpha_1,smooth_sigmoid_tail_a6_t0p2,Scheme E: smooth_sigmoid_tail,threshold=-4; alpha=6; temperature=0.2,Ridge,1.0,0,627,-4.522064925920888,-4.500399850492387,0.21106231822627836,0.15919764152253185,-4.920684611865329,-4.438764406373501
smooth_sigmoid_tail_a6_t0p2__ridge_alpha_1,smooth_sigmoid_tail_a6_t0p2,Scheme E: smooth_sigmoid_tail,threshold=-4; alpha=6; temperature=0.2,Ridge,1.0,1,627,-4.401746503799772,-4.419568036006925,0.18126540796679408,0.14324669397982817,-4.438709201176005,-4.372016955477429
smooth_sigmoid_tail_a6_t0p2__ridge_alpha_1,smooth_sigmoid_tail_a6_t0p2,Scheme E: smooth_sigmoid_tail,threshold=-4; alpha=6; temperature=0.2,Ridge,1.0,2,627,-4.346924041963801,-4.374367069337422,0.1864995661039356,0.1413840388784701,-4.371960014693648,-4.323322092155194
smooth_sigmoid_tail_a6_t0p2__ridge_alpha_1,smooth_sigmoid_tail_a6_t0p2,Scheme E: smooth_sigmoid_tail,threshold=-4; alpha=6; temperature=0.2,Ridge,1.0,3,627,-4.303124993531083,-4.342540891883009,0.17126723376817998,0.13569544174933004,-4.32317442747855,-4.282419426138567
smooth_sigmoid_tail_a6_t0p2__ridge_alpha_1,smooth_sigmoid_tail_a6_t0p2,Scheme E: smooth_sigmoid_tail,threshold=-4; alpha=6; temperature=0.2,Ridge,1.0,4,629,-4.262853751730845,-4.310023999096009,0.17348877691449022,0.13476110034404934,-4.282365616414105,-4.242826300232656
smooth_sigmoid_tail_a6_t0p2__ridge_alpha_1,smooth_sigmoid_tail_a6_t0p2,Scheme E: smooth_sigmoid_tail,threshold=-4; alpha=6; temperature=0.2,Ridge,1.0,5,625,-4.222184737393966,-4.269626593436335,0.17103420170002534,0.13381606996636441,-4.242762473774672,-4.2012711424658225
smooth_sigmoid_tail_a6_t0p2__ridge_alpha_1,smooth_sigmoid_tail_a6_t0p2,Scheme E: smooth_sigmoid_tail,threshold=-4; alpha=6; temperature=0.2,Ridge,1.0,6,627,-4.178620676216799,-4.24722425526003,0.1684593282583518,0.13808714820589185,-4.201056713495544,-4.154444877439153
smooth_sigmoid_tail_a6_t0p2__ridge_alpha_1,smooth_sigmoid_tail_a6_t0p2,Scheme E: smooth_sigmoid_tail,threshold=-4; alpha=6; temperature=0.2,Ridge,1.0,7,627,-4.12669517817573,-4.186072986459474,0.1648721659704061,0.13476013766288436,-4.15441000189273,-4.097464822276424
smooth_sigmoid_tail_a6_t0p2__ridge_alpha_1,smooth_sigmoid_tail_a6_t0p2,Scheme E: smooth_sigmoid_tail,threshold=-4; alpha=6; temperature=0.2,Ridge,1.0,8,627,-4.056325393714967,-4.10507879209035,0.15931345835677152,0.129572738889641,-4.097388846767676,-4.003298247486972
smooth_sigmoid_tail_a6_t0p2__ridge_alpha_1,smooth_sigmoid_tail_a6_t0p2,Scheme E: smooth_sigmoid_tail,threshold=-4; alpha=6; temperature=0.2,Ridge,1.0,9,627,-3.874535132411138,-3.9288460832056833,0.24274623486398383,0.1386790974725783,-4.0031260120737455,-2.984847218063191
smooth_sigmoid_tail_a6_t0p2__ridge_alpha_10,smooth_sigmoid_tail_a6_t0p2,Scheme E: smooth_sigmoid_tail,threshold=-4; alpha=6; temperature=0.2,Ridge,10.0,0,627,-4.513346547522114,-4.50455929913042,0.2095511049382702,0.15631680561699005,-4.912544033838756,-4.430793253195511
smooth_sigmoid_tail_a6_t0p2__ridge_alpha_10,smooth_sigmoid_tail_a6_t0p2,Scheme E: smooth_sigmoid_tail,threshold=-4; alpha=6; temperature=0.2,Ridge,10.0,1,627,-4.397236335192146,-4.418161472388342,0.18297865397064947,0.14454421925950858,-4.43052007115691,-4.369880048429539
smooth_sigmoid_tail_a6_t0p2__ridge_alpha_10,smooth_sigmoid_tail_a6_t0p2,Scheme E: smooth_sigmoid_tail,threshold=-4; alpha=6; temperature=0.2,Ridge,10.0,2,627,-4.3434556269129185,-4.37690562715479,0.1834018501361562,0.14085875217051091,-4.369841479329492,-4.321384533588845
smooth_sigmoid_tail_a6_t0p2__ridge_alpha_10,smooth_sigmoid_tail_a6_t0p2,Scheme E: smooth_sigmoid_tail,threshold=-4; alpha=6; temperature=0.2,Ridge,10.0,3,627,-4.300963734096004,-4.343017285142088,0.1683364852676858,0.1302815100172879,-4.321362322651322,-4.280601563862509
smooth_sigmoid_tail_a6_t0p2__ridge_alpha_10,smooth_sigmoid_tail_a6_t0p2,Scheme E: smooth_sigmoid_tail,threshold=-4; alpha=6; temperature=0.2,Ridge,10.0,4,629,-4.2617536696317275,-4.312087508475206,0.173139964461217,0.13645937179890802,-4.280471394171627,-4.242446002683422
smooth_sigmoid_tail_a6_t0p2__ridge_alpha_10,smooth_sigmoid_tail_a6_t0p2,Scheme E: smooth_sigmoid_tail,threshold=-4; alpha=6; temperature=0.2,Ridge,10.0,5,625,-4.222033441075133,-4.266357762000321,0.1692672714505527,0.13347988839035715,-4.242286806316657,-4.201236833367653
smooth_sigmoid_tail_a6_t0p2__ridge_alpha_10,smooth_sigmoid_tail_a6_t0p2,Scheme E: smooth_sigmoid_tail,threshold=-4; alpha=6; temperature=0.2,Ridge,10.0,6,627,-4.180015252536798,-4.242614907623514,0.17011582293241836,0.13492301318848254,-4.201224304580234,-4.157183705091994
smooth_sigmoid_tail_a6_t0p2__ridge_alpha_10,smooth_sigmoid_tail_a6_t0p2,Scheme E: smooth_sigmoid_tail,threshold=-4; alpha=6; temperature=0.2,Ridge,10.0,7,627,-4.129067843029221,-4.187547323297597,0.1651560812578023,0.1330570114516775,-4.157175371683103,-4.100432743058415
smooth_sigmoid_tail_a6_t0p2__ridge_alpha_10,smooth_sigmoid_tail_a6_t0p2,Scheme E: smooth_sigmoid_tail,threshold=-4; alpha=6; temperature=0.2,Ridge,10.0,8,627,-4.05925529606426,-4.108458964993558,0.15863695741733122,0.12851002077497145,-4.100219963606258,-4.004646052511986
smooth_sigmoid_tail_a6_t0p2__ridge_alpha_10,smooth_sigmoid_tail_a6_t0p2,Scheme E: smooth_sigmoid_tail,threshold=-4; alpha=6; temperature=0.2,Ridge,10.0,9,627,-3.8778243630402587,-3.924021398000179,0.2384343749539421,0.13434045700808717,-4.004630537707248,-3.000630754851965
smooth_sigmoid_tail_a6_t0p2__ridge_alpha_100,smooth_sigmoid_tail_a6_t0p2,Scheme E: smooth_sigmoid_tail,threshold=-4; alpha=6; temperature=0.2,Ridge,100.0,0,627,-4.4902069916037615,-4.511619453239188,0.20675854381019307,0.15427490111251166,-4.785269583540009,-4.415614150447871
smooth_sigmoid_tail_a6_t0p2__ridge_alpha_100,smooth_sigmoid_tail_a6_t0p2,Scheme E: smooth_sigmoid_tail,threshold=-4; alpha=6; temperature=0.2,Ridge,100.0,1,627,-4.385775643341096,-4.41708641407991,0.18971605203973102,0.14514409992970415,-4.4155021289007665,-4.3590270737955095
smooth_sigmoid_tail_a6_t0p2__ridge_alpha_100,smooth_sigmoid_tail_a6_t0p2,Scheme E: smooth_sigmoid_tail,threshold=-4; alpha=6; temperature=0.2,Ridge,100.0,2,627,-4.334915312653351,-4.384202359124211,0.17170023889033115,0.13539319270824599,-4.358904927771188,-4.314384441459934
smooth_sigmoid_tail_a6_t0p2__ridge_alpha_100,smooth_sigmoid_tail_a6_t0p2,Scheme E: smooth_sigmoid_tail,threshold=-4; alpha=6; temperature=0.2,Ridge,100.0,3,627,-4.29523714107667,-4.338092116645418,0.16646861479611832,0.1304421443535171,-4.314371901239368,-4.275739303623792
smooth_sigmoid_tail_a6_t0p2__ridge_alpha_100,smooth_sigmoid_tail_a6_t0p2,Scheme E: smooth_sigmoid_tail,threshold=-4; alpha=6; temperature=0.2,Ridge,100.0,4,627,-4.2585282935867275,-4.307083725725,0.17313123297999505,0.13450489759621914,-4.2757222909855885,-4.240941654017289
smooth_sigmoid_tail_a6_t0p2__ridge_alpha_100,smooth_sigmoid_tail_a6_t0p2,Scheme E: smooth_sigmoid_tail,threshold=-4; alpha=6; temperature=0.2,Ridge,100.0,5,627,-4.222078037708278,-4.2712538571677925,0.1702964605652774,0.13623809418453714,-4.2409416302257945,-4.202320156640075
smooth_sigmoid_tail_a6_t0p2__ridge_alpha_100,smooth_sigmoid_tail_a6_t0p2,Scheme E: smooth_sigmoid_tail,threshold=-4; alpha=6; temperature=0.2,Ridge,100.0,6,627,-4.1810819752897315,-4.2318742838509005,0.1652391754355235,0.13243736013280694,-4.202260753900465,-4.160761118228831
smooth_sigmoid_tail_a6_t0p2__ridge_alpha_100,smooth_sigmoid_tail_a6_t0p2,Scheme E: smooth_sigmoid_tail,threshold=-4; alpha=6; temperature=0.2,Ridge,100.0,7,627,-4.134263562360854,-4.193119323288744,0.1695962917433987,0.1342572369996404,-4.160508484995077,-4.105117467745556
smooth_sigmoid_tail_a6_t0p2__ridge_alpha_100,smooth_sigmoid_tail_a6_t0p2,Scheme E: smooth_sigmoid_tail,threshold=-4; alpha=6; temperature=0.2,Ridge,100.0,8,627,-4.064761021027557,-4.111570462425057,0.15506753271794246,0.12237215996991897,-4.104962219777446,-4.011705052417863
smooth_sigmoid_tail_a6_t0p2__ridge_alpha_100,smooth_sigmoid_tail_a6_t0p2,Scheme E: smooth_sigmoid_tail,threshold=-4; alpha=6; temperature=0.2,Ridge,100.0,9,627,-3.8851468439369232,-3.9179754210696043,0.23368665986858117,0.12889785047850957,-4.011506743160235,-3.0583835378754687
