model,valid_mean,valid_std,valid_unique_mean,valid_unique_std,valid_unique_novel_mean,valid_unique_novel_std,all_novel_unique_mean,all_novel_unique_std,fcd_mean,fcd_std,mean_log10_cond_mean,mean_log10_cond_std,hit_1e4_mean,hit_1e4_std,hit_1e3_mean,hit_1e3_std
Encoder_Only,51200.0,0.0,4283.8,38.297519501920746,945.0,30.058276730378275,68.2,3.492849839314596,6.272551374738869,0.1542895962274142,-4.235614742415619,0.0052410295352805,0.2025595238095238,0.0121689437343582,0.0,0.0
Encoder_Only_PSMILES,49274.4,42.80537349445744,853.0,8.689073598491383,530.2,5.357238094391549,18.0,0.7071067811865476,16.851710073803428,0.041985256593711225,-3.569790870158337,0.0028207036257448,0.88875128998968,0.0043824223334547,0.0556243550051599,0.0021912111667273
LSTM_CVAE,51200.0,0.0,540.2,8.34865258589672,161.0,8.093207028119323,8.6,0.8944271909999159,27.01738520287937,1.1587097725480335,-3.149839123619928,0.0052552573751127,1.0,0.0,0.0,0.0
LSTM_CVAE_PSMILES,51198.0,1.5811388300841898,442.4,6.18869937870632,94.6,6.580273550544841,10.0,1.0,23.337893981361724,0.32989064664703377,-3.212186566169816,0.0439835076086794,1.0,0.0,0.0,0.0
TransCVAE,50686.0,31.44041984452498,26216.0,105.12135843871121,25737.8,102.89412033736427,8729.2,61.88860961437088,16.53167667038273,0.05341167869703757,-3.2841449933923315,0.001239634455107,0.9980978522948916,0.0005419156573919,0.0486353381290955,0.0014714303112475
TransCVAE_PSMILES,29811.8,64.98230528382322,25950.4,85.94940372102647,25869.6,84.24844212209504,15607.6,78.72293185597194,17.06814504532392,0.030460271412897,-3.443257162444069,0.0013809301165451,0.9834057241815792,0.0003894549292786,0.005165456921287,0.0004310070000222
minGPT,47192.2,48.152881533715096,35703.6966796875,116.53398292919306,20415.210340690614,161.54077358625224,10846.4,87.94771173828231,0.4197040721954718,0.006947763313905872,-4.060515377120734,0.0014086581252122,0.3692115958720202,0.0041355651139538,1.7879492222420883e-05,3.9979760012511886e-05
