model,valid_mean,valid_std,valid_unique_mean,valid_unique_std,valid_unique_novel_mean,valid_unique_novel_std,all_novel_unique_mean,all_novel_unique_std,fcd_mean,fcd_std,mean_log10_cond_mean,mean_log10_cond_std,hit_1e4_mean,hit_1e4_std,hit_1e3_mean,hit_1e3_std
Encoder_Only,51078.4,14.188023118109161,9469.2,36.50616386310673,3847.4,15.42076522096099,150.8,1.4832396974191326,3.3572931127667394,0.0248350556224822,-4.486775820766461,0.0026326183051222,0.0,0.0,0.0,0.0
Encoder_Only_PSMILES,51200.0,0.0,4986.2,9.654014708917735,1738.4,12.116104984688768,48.6,0.5477225575051661,7.812266667915724,0.05894065443311753,-4.409718968673628,0.0028242697873018,0.0,0.0,0.0,0.0
LSTM_CVAE,51105.4,9.581231653602787,48435.0,59.253691868102194,33116.8,79.85424221667876,19991.4,150.7856093929391,0.6662935292480874,0.011205015680392491,-4.519673714406868,0.0005481806935043,0.0053911414144312,0.000337961814079,0.0,0.0
LSTM_CVAE_PSMILES,50944.0,20.724381776062707,47733.8,17.73978579352073,31717.8,149.0057045887841,18102.6,80.71740828346756,0.7315826169616699,0.012675927393833825,-4.522522370240456,0.0008113615105985,0.0035902783082011,0.0003526423698962,0.0,0.0
TransCVAE,50608.0,9.433981132056603,50113.6,33.871817193649356,49538.0,40.2119385257662,41994.4,113.57508529602785,2.4172611566433977,0.008533244378352232,-4.562501519316963,0.0011767532405189,0.0072006133825139,0.0003227692691244,0.0,0.0
TransCVAE_PSMILES,26145.2,35.00999857183659,26083.2,42.186490728668105,25991.0,40.45367721233757,24370.6,49.535845606994535,3.1723749651324176,0.011383858165845737,-4.544365392525197,0.0012506741945167,0.0048504271095813,0.0006448002226477,0.0,0.0
minGPT,41157.8,87.16765455144471,40756.61328125,62.072762719317836,36453.388392066954,21.975067150058678,28940.6,94.5795961082516,0.5064270307148583,0.007281541343758238,-4.319488045814826,0.0010452776496908,0.0677604350042993,0.0012239218969157,0.0,0.0
