model,n_samples,n_ge_1e4,mean_pred_cond,median_pred_cond,ratio_ge_1e4
Decoder_Only,30282,1018,4.178950625737116e-05,3.4338316508721564e-05,0.03361733042731656
Encoder_Only,34020,1138,4.0905993860502437e-05,3.3426287507195766e-05,0.033450911228689005
TransCVAE,107795,24832,8.723036959187868e-05,5.7068541111716026e-05,0.23036318938726286
TransCVAE_PSMILES,29128,9451,0.0001448811302844983,5.538920490870153e-05,0.32446443284811866
minGPT,14693,6176,0.00010537844938116546,9.125898833431475e-05,0.42033621452392295
