stage,source_mdp,parameter,value
generated:em,MY_PAPER_RELATED/gromacs_eval_pred_conductivity/reproducibility/static_cne0_release/examples/generated_Traj_912118_rep3/mdp/em.mdp,integrator,steep
generated:em,MY_PAPER_RELATED/gromacs_eval_pred_conductivity/reproducibility/static_cne0_release/examples/generated_Traj_912118_rep3/mdp/em.mdp,emtol,100
generated:em,MY_PAPER_RELATED/gromacs_eval_pred_conductivity/reproducibility/static_cne0_release/examples/generated_Traj_912118_rep3/mdp/em.mdp,emstep,0.01
generated:em,MY_PAPER_RELATED/gromacs_eval_pred_conductivity/reproducibility/static_cne0_release/examples/generated_Traj_912118_rep3/mdp/em.mdp,nsteps,200000
generated:em,MY_PAPER_RELATED/gromacs_eval_pred_conductivity/reproducibility/static_cne0_release/examples/generated_Traj_912118_rep3/mdp/em.mdp,cutoff-scheme,Verlet
generated:em,MY_PAPER_RELATED/gromacs_eval_pred_conductivity/reproducibility/static_cne0_release/examples/generated_Traj_912118_rep3/mdp/em.mdp,coulombtype,PME
generated:em,MY_PAPER_RELATED/gromacs_eval_pred_conductivity/reproducibility/static_cne0_release/examples/generated_Traj_912118_rep3/mdp/em.mdp,rcoulomb,1.2
generated:em,MY_PAPER_RELATED/gromacs_eval_pred_conductivity/reproducibility/static_cne0_release/examples/generated_Traj_912118_rep3/mdp/em.mdp,vdwtype,Cut-off
generated:em,MY_PAPER_RELATED/gromacs_eval_pred_conductivity/reproducibility/static_cne0_release/examples/generated_Traj_912118_rep3/mdp/em.mdp,rvdw,1.2
generated:em,MY_PAPER_RELATED/gromacs_eval_pred_conductivity/reproducibility/static_cne0_release/examples/generated_Traj_912118_rep3/mdp/em.mdp,pbc,xyz
generated:npt01_p50,MY_PAPER_RELATED/gromacs_eval_pred_conductivity/reproducibility/static_cne0_release/examples/generated_Traj_912118_rep3/mdp/npt01_p50.mdp,integrator,md
generated:npt01_p50,MY_PAPER_RELATED/gromacs_eval_pred_conductivity/reproducibility/static_cne0_release/examples/generated_Traj_912118_rep3/mdp/npt01_p50.mdp,dt,0.001000
generated:npt01_p50,MY_PAPER_RELATED/gromacs_eval_pred_conductivity/reproducibility/static_cne0_release/examples/generated_Traj_912118_rep3/mdp/npt01_p50.mdp,cutoff-scheme,Verlet
generated:npt01_p50,MY_PAPER_RELATED/gromacs_eval_pred_conductivity/reproducibility/static_cne0_release/examples/generated_Traj_912118_rep3/mdp/npt01_p50.mdp,nstlist,20
generated:npt01_p50,MY_PAPER_RELATED/gromacs_eval_pred_conductivity/reproducibility/static_cne0_release/examples/generated_Traj_912118_rep3/mdp/npt01_p50.mdp,coulombtype,PME
generated:npt01_p50,MY_PAPER_RELATED/gromacs_eval_pred_conductivity/reproducibility/static_cne0_release/examples/generated_Traj_912118_rep3/mdp/npt01_p50.mdp,rcoulomb,1.0
generated:npt01_p50,MY_PAPER_RELATED/gromacs_eval_pred_conductivity/reproducibility/static_cne0_release/examples/generated_Traj_912118_rep3/mdp/npt01_p50.mdp,vdwtype,Cut-off
generated:npt01_p50,MY_PAPER_RELATED/gromacs_eval_pred_conductivity/reproducibility/static_cne0_release/examples/generated_Traj_912118_rep3/mdp/npt01_p50.mdp,rvdw,1.0
generated:npt01_p50,MY_PAPER_RELATED/gromacs_eval_pred_conductivity/reproducibility/static_cne0_release/examples/generated_Traj_912118_rep3/mdp/npt01_p50.mdp,DispCorr,EnerPres
generated:npt01_p50,MY_PAPER_RELATED/gromacs_eval_pred_conductivity/reproducibility/static_cne0_release/examples/generated_Traj_912118_rep3/mdp/npt01_p50.mdp,fourierspacing,0.14
generated:npt01_p50,MY_PAPER_RELATED/gromacs_eval_pred_conductivity/reproducibility/static_cne0_release/examples/generated_Traj_912118_rep3/mdp/npt01_p50.mdp,pbc,xyz
generated:npt01_p50,MY_PAPER_RELATED/gromacs_eval_pred_conductivity/reproducibility/static_cne0_release/examples/generated_Traj_912118_rep3/mdp/npt01_p50.mdp,constraints,h-bonds
generated:npt01_p50,MY_PAPER_RELATED/gromacs_eval_pred_conductivity/reproducibility/static_cne0_release/examples/generated_Traj_912118_rep3/mdp/npt01_p50.mdp,constraint-algorithm,lincs
generated:npt01_p50,MY_PAPER_RELATED/gromacs_eval_pred_conductivity/reproducibility/static_cne0_release/examples/generated_Traj_912118_rep3/mdp/npt01_p50.mdp,lincs_iter,3
generated:npt01_p50,MY_PAPER_RELATED/gromacs_eval_pred_conductivity/reproducibility/static_cne0_release/examples/generated_Traj_912118_rep3/mdp/npt01_p50.mdp,lincs_order,8
generated:npt01_p50,MY_PAPER_RELATED/gromacs_eval_pred_conductivity/reproducibility/static_cne0_release/examples/generated_Traj_912118_rep3/mdp/npt01_p50.mdp,lincs-warnangle,30
generated:npt01_p50,MY_PAPER_RELATED/gromacs_eval_pred_conductivity/reproducibility/static_cne0_release/examples/generated_Traj_912118_rep3/mdp/npt01_p50.mdp,tcoupl,nose-hoover
generated:npt01_p50,MY_PAPER_RELATED/gromacs_eval_pred_conductivity/reproducibility/static_cne0_release/examples/generated_Traj_912118_rep3/mdp/npt01_p50.mdp,tc-grps,System
generated:npt01_p50,MY_PAPER_RELATED/gromacs_eval_pred_conductivity/reproducibility/static_cne0_release/examples/generated_Traj_912118_rep3/mdp/npt01_p50.mdp,tau-t,5.00
generated:npt01_p50,MY_PAPER_RELATED/gromacs_eval_pred_conductivity/reproducibility/static_cne0_release/examples/generated_Traj_912118_rep3/mdp/npt01_p50.mdp,nstxout-compressed,500
generated:npt01_p50,MY_PAPER_RELATED/gromacs_eval_pred_conductivity/reproducibility/static_cne0_release/examples/generated_Traj_912118_rep3/mdp/npt01_p50.mdp,nstvout,0
generated:npt01_p50,MY_PAPER_RELATED/gromacs_eval_pred_conductivity/reproducibility/static_cne0_release/examples/generated_Traj_912118_rep3/mdp/npt01_p50.mdp,nstenergy,10000
generated:npt01_p50,MY_PAPER_RELATED/gromacs_eval_pred_conductivity/reproducibility/static_cne0_release/examples/generated_Traj_912118_rep3/mdp/npt01_p50.mdp,gen-vel,no
generated:npt01_p50,MY_PAPER_RELATED/gromacs_eval_pred_conductivity/reproducibility/static_cne0_release/examples/generated_Traj_912118_rep3/mdp/npt01_p50.mdp,nsteps,100000
generated:npt01_p50,MY_PAPER_RELATED/gromacs_eval_pred_conductivity/reproducibility/static_cne0_release/examples/generated_Traj_912118_rep3/mdp/npt01_p50.mdp,ref-t,353.0
generated:npt01_p50,MY_PAPER_RELATED/gromacs_eval_pred_conductivity/reproducibility/static_cne0_release/examples/generated_Traj_912118_rep3/mdp/npt01_p50.mdp,pcoupl,Berendsen
generated:npt01_p50,MY_PAPER_RELATED/gromacs_eval_pred_conductivity/reproducibility/static_cne0_release/examples/generated_Traj_912118_rep3/mdp/npt01_p50.mdp,tau-p,200.0
generated:npt01_p50,MY_PAPER_RELATED/gromacs_eval_pred_conductivity/reproducibility/static_cne0_release/examples/generated_Traj_912118_rep3/mdp/npt01_p50.mdp,ref-p,50.00
generated:npt01_p50,MY_PAPER_RELATED/gromacs_eval_pred_conductivity/reproducibility/static_cne0_release/examples/generated_Traj_912118_rep3/mdp/npt01_p50.mdp,compressibility,4.5e-5
generated:npt01_p50,MY_PAPER_RELATED/gromacs_eval_pred_conductivity/reproducibility/static_cne0_release/examples/generated_Traj_912118_rep3/mdp/npt01_p50.mdp,nstpcouple,50
generated:npt01_p50,MY_PAPER_RELATED/gromacs_eval_pred_conductivity/reproducibility/static_cne0_release/examples/generated_Traj_912118_rep3/mdp/npt01_p50.mdp,refcoord_scaling,com
generated:npt01_p50,MY_PAPER_RELATED/gromacs_eval_pred_conductivity/reproducibility/static_cne0_release/examples/generated_Traj_912118_rep3/mdp/npt01_p50.mdp,define,-DPOSRES
generated:npt02_p200,MY_PAPER_RELATED/gromacs_eval_pred_conductivity/reproducibility/static_cne0_release/examples/generated_Traj_912118_rep3/mdp/npt02_p200.mdp,integrator,md
generated:npt02_p200,MY_PAPER_RELATED/gromacs_eval_pred_conductivity/reproducibility/static_cne0_release/examples/generated_Traj_912118_rep3/mdp/npt02_p200.mdp,dt,0.001000
generated:npt02_p200,MY_PAPER_RELATED/gromacs_eval_pred_conductivity/reproducibility/static_cne0_release/examples/generated_Traj_912118_rep3/mdp/npt02_p200.mdp,cutoff-scheme,Verlet
generated:npt02_p200,MY_PAPER_RELATED/gromacs_eval_pred_conductivity/reproducibility/static_cne0_release/examples/generated_Traj_912118_rep3/mdp/npt02_p200.mdp,nstlist,20
generated:npt02_p200,MY_PAPER_RELATED/gromacs_eval_pred_conductivity/reproducibility/static_cne0_release/examples/generated_Traj_912118_rep3/mdp/npt02_p200.mdp,coulombtype,PME
generated:npt02_p200,MY_PAPER_RELATED/gromacs_eval_pred_conductivity/reproducibility/static_cne0_release/examples/generated_Traj_912118_rep3/mdp/npt02_p200.mdp,rcoulomb,1.0
generated:npt02_p200,MY_PAPER_RELATED/gromacs_eval_pred_conductivity/reproducibility/static_cne0_release/examples/generated_Traj_912118_rep3/mdp/npt02_p200.mdp,vdwtype,Cut-off
generated:npt02_p200,MY_PAPER_RELATED/gromacs_eval_pred_conductivity/reproducibility/static_cne0_release/examples/generated_Traj_912118_rep3/mdp/npt02_p200.mdp,rvdw,1.0
generated:npt02_p200,MY_PAPER_RELATED/gromacs_eval_pred_conductivity/reproducibility/static_cne0_release/examples/generated_Traj_912118_rep3/mdp/npt02_p200.mdp,DispCorr,EnerPres
generated:npt02_p200,MY_PAPER_RELATED/gromacs_eval_pred_conductivity/reproducibility/static_cne0_release/examples/generated_Traj_912118_rep3/mdp/npt02_p200.mdp,fourierspacing,0.14
generated:npt02_p200,MY_PAPER_RELATED/gromacs_eval_pred_conductivity/reproducibility/static_cne0_release/examples/generated_Traj_912118_rep3/mdp/npt02_p200.mdp,pbc,xyz
generated:npt02_p200,MY_PAPER_RELATED/gromacs_eval_pred_conductivity/reproducibility/static_cne0_release/examples/generated_Traj_912118_rep3/mdp/npt02_p200.mdp,constraints,h-bonds
generated:npt02_p200,MY_PAPER_RELATED/gromacs_eval_pred_conductivity/reproducibility/static_cne0_release/examples/generated_Traj_912118_rep3/mdp/npt02_p200.mdp,constraint-algorithm,lincs
generated:npt02_p200,MY_PAPER_RELATED/gromacs_eval_pred_conductivity/reproducibility/static_cne0_release/examples/generated_Traj_912118_rep3/mdp/npt02_p200.mdp,lincs_iter,3
generated:npt02_p200,MY_PAPER_RELATED/gromacs_eval_pred_conductivity/reproducibility/static_cne0_release/examples/generated_Traj_912118_rep3/mdp/npt02_p200.mdp,lincs_order,8
generated:npt02_p200,MY_PAPER_RELATED/gromacs_eval_pred_conductivity/reproducibility/static_cne0_release/examples/generated_Traj_912118_rep3/mdp/npt02_p200.mdp,lincs-warnangle,30
generated:npt02_p200,MY_PAPER_RELATED/gromacs_eval_pred_conductivity/reproducibility/static_cne0_release/examples/generated_Traj_912118_rep3/mdp/npt02_p200.mdp,tcoupl,nose-hoover
generated:npt02_p200,MY_PAPER_RELATED/gromacs_eval_pred_conductivity/reproducibility/static_cne0_release/examples/generated_Traj_912118_rep3/mdp/npt02_p200.mdp,tc-grps,System
generated:npt02_p200,MY_PAPER_RELATED/gromacs_eval_pred_conductivity/reproducibility/static_cne0_release/examples/generated_Traj_912118_rep3/mdp/npt02_p200.mdp,tau-t,5.00
generated:npt02_p200,MY_PAPER_RELATED/gromacs_eval_pred_conductivity/reproducibility/static_cne0_release/examples/generated_Traj_912118_rep3/mdp/npt02_p200.mdp,nstxout-compressed,500
generated:npt02_p200,MY_PAPER_RELATED/gromacs_eval_pred_conductivity/reproducibility/static_cne0_release/examples/generated_Traj_912118_rep3/mdp/npt02_p200.mdp,nstvout,0
generated:npt02_p200,MY_PAPER_RELATED/gromacs_eval_pred_conductivity/reproducibility/static_cne0_release/examples/generated_Traj_912118_rep3/mdp/npt02_p200.mdp,nstenergy,10000
generated:npt02_p200,MY_PAPER_RELATED/gromacs_eval_pred_conductivity/reproducibility/static_cne0_release/examples/generated_Traj_912118_rep3/mdp/npt02_p200.mdp,gen-vel,no
generated:npt02_p200,MY_PAPER_RELATED/gromacs_eval_pred_conductivity/reproducibility/static_cne0_release/examples/generated_Traj_912118_rep3/mdp/npt02_p200.mdp,nsteps,100000
generated:npt02_p200,MY_PAPER_RELATED/gromacs_eval_pred_conductivity/reproducibility/static_cne0_release/examples/generated_Traj_912118_rep3/mdp/npt02_p200.mdp,ref-t,353.0
generated:npt02_p200,MY_PAPER_RELATED/gromacs_eval_pred_conductivity/reproducibility/static_cne0_release/examples/generated_Traj_912118_rep3/mdp/npt02_p200.mdp,pcoupl,Berendsen
generated:npt02_p200,MY_PAPER_RELATED/gromacs_eval_pred_conductivity/reproducibility/static_cne0_release/examples/generated_Traj_912118_rep3/mdp/npt02_p200.mdp,tau-p,200.0
generated:npt02_p200,MY_PAPER_RELATED/gromacs_eval_pred_conductivity/reproducibility/static_cne0_release/examples/generated_Traj_912118_rep3/mdp/npt02_p200.mdp,ref-p,200.00
generated:npt02_p200,MY_PAPER_RELATED/gromacs_eval_pred_conductivity/reproducibility/static_cne0_release/examples/generated_Traj_912118_rep3/mdp/npt02_p200.mdp,compressibility,4.5e-5
generated:npt02_p200,MY_PAPER_RELATED/gromacs_eval_pred_conductivity/reproducibility/static_cne0_release/examples/generated_Traj_912118_rep3/mdp/npt02_p200.mdp,nstpcouple,50
generated:npt02_p200,MY_PAPER_RELATED/gromacs_eval_pred_conductivity/reproducibility/static_cne0_release/examples/generated_Traj_912118_rep3/mdp/npt02_p200.mdp,refcoord_scaling,com
generated:npt02_p200,MY_PAPER_RELATED/gromacs_eval_pred_conductivity/reproducibility/static_cne0_release/examples/generated_Traj_912118_rep3/mdp/npt02_p200.mdp,define,-DPOSRES
generated:npt03_p500,MY_PAPER_RELATED/gromacs_eval_pred_conductivity/reproducibility/static_cne0_release/examples/generated_Traj_912118_rep3/mdp/npt03_p500.mdp,integrator,md
generated:npt03_p500,MY_PAPER_RELATED/gromacs_eval_pred_conductivity/reproducibility/static_cne0_release/examples/generated_Traj_912118_rep3/mdp/npt03_p500.mdp,dt,0.001000
generated:npt03_p500,MY_PAPER_RELATED/gromacs_eval_pred_conductivity/reproducibility/static_cne0_release/examples/generated_Traj_912118_rep3/mdp/npt03_p500.mdp,cutoff-scheme,Verlet
generated:npt03_p500,MY_PAPER_RELATED/gromacs_eval_pred_conductivity/reproducibility/static_cne0_release/examples/generated_Traj_912118_rep3/mdp/npt03_p500.mdp,nstlist,20
generated:npt03_p500,MY_PAPER_RELATED/gromacs_eval_pred_conductivity/reproducibility/static_cne0_release/examples/generated_Traj_912118_rep3/mdp/npt03_p500.mdp,coulombtype,PME
generated:npt03_p500,MY_PAPER_RELATED/gromacs_eval_pred_conductivity/reproducibility/static_cne0_release/examples/generated_Traj_912118_rep3/mdp/npt03_p500.mdp,rcoulomb,1.0
generated:npt03_p500,MY_PAPER_RELATED/gromacs_eval_pred_conductivity/reproducibility/static_cne0_release/examples/generated_Traj_912118_rep3/mdp/npt03_p500.mdp,vdwtype,Cut-off
generated:npt03_p500,MY_PAPER_RELATED/gromacs_eval_pred_conductivity/reproducibility/static_cne0_release/examples/generated_Traj_912118_rep3/mdp/npt03_p500.mdp,rvdw,1.0
generated:npt03_p500,MY_PAPER_RELATED/gromacs_eval_pred_conductivity/reproducibility/static_cne0_release/examples/generated_Traj_912118_rep3/mdp/npt03_p500.mdp,DispCorr,EnerPres
generated:npt03_p500,MY_PAPER_RELATED/gromacs_eval_pred_conductivity/reproducibility/static_cne0_release/examples/generated_Traj_912118_rep3/mdp/npt03_p500.mdp,fourierspacing,0.14
generated:npt03_p500,MY_PAPER_RELATED/gromacs_eval_pred_conductivity/reproducibility/static_cne0_release/examples/generated_Traj_912118_rep3/mdp/npt03_p500.mdp,pbc,xyz
generated:npt03_p500,MY_PAPER_RELATED/gromacs_eval_pred_conductivity/reproducibility/static_cne0_release/examples/generated_Traj_912118_rep3/mdp/npt03_p500.mdp,constraints,h-bonds
generated:npt03_p500,MY_PAPER_RELATED/gromacs_eval_pred_conductivity/reproducibility/static_cne0_release/examples/generated_Traj_912118_rep3/mdp/npt03_p500.mdp,constraint-algorithm,lincs
generated:npt03_p500,MY_PAPER_RELATED/gromacs_eval_pred_conductivity/reproducibility/static_cne0_release/examples/generated_Traj_912118_rep3/mdp/npt03_p500.mdp,lincs_iter,3
generated:npt03_p500,MY_PAPER_RELATED/gromacs_eval_pred_conductivity/reproducibility/static_cne0_release/examples/generated_Traj_912118_rep3/mdp/npt03_p500.mdp,lincs_order,8
generated:npt03_p500,MY_PAPER_RELATED/gromacs_eval_pred_conductivity/reproducibility/static_cne0_release/examples/generated_Traj_912118_rep3/mdp/npt03_p500.mdp,lincs-warnangle,30
generated:npt03_p500,MY_PAPER_RELATED/gromacs_eval_pred_conductivity/reproducibility/static_cne0_release/examples/generated_Traj_912118_rep3/mdp/npt03_p500.mdp,tcoupl,nose-hoover
generated:npt03_p500,MY_PAPER_RELATED/gromacs_eval_pred_conductivity/reproducibility/static_cne0_release/examples/generated_Traj_912118_rep3/mdp/npt03_p500.mdp,tc-grps,System
generated:npt03_p500,MY_PAPER_RELATED/gromacs_eval_pred_conductivity/reproducibility/static_cne0_release/examples/generated_Traj_912118_rep3/mdp/npt03_p500.mdp,tau-t,5.00
generated:npt03_p500,MY_PAPER_RELATED/gromacs_eval_pred_conductivity/reproducibility/static_cne0_release/examples/generated_Traj_912118_rep3/mdp/npt03_p500.mdp,nstxout-compressed,500
generated:npt03_p500,MY_PAPER_RELATED/gromacs_eval_pred_conductivity/reproducibility/static_cne0_release/examples/generated_Traj_912118_rep3/mdp/npt03_p500.mdp,nstvout,0
generated:npt03_p500,MY_PAPER_RELATED/gromacs_eval_pred_conductivity/reproducibility/static_cne0_release/examples/generated_Traj_912118_rep3/mdp/npt03_p500.mdp,nstenergy,10000
generated:npt03_p500,MY_PAPER_RELATED/gromacs_eval_pred_conductivity/reproducibility/static_cne0_release/examples/generated_Traj_912118_rep3/mdp/npt03_p500.mdp,gen-vel,no
generated:npt03_p500,MY_PAPER_RELATED/gromacs_eval_pred_conductivity/reproducibility/static_cne0_release/examples/generated_Traj_912118_rep3/mdp/npt03_p500.mdp,nsteps,100000
generated:npt03_p500,MY_PAPER_RELATED/gromacs_eval_pred_conductivity/reproducibility/static_cne0_release/examples/generated_Traj_912118_rep3/mdp/npt03_p500.mdp,ref-t,353.0
generated:npt03_p500,MY_PAPER_RELATED/gromacs_eval_pred_conductivity/reproducibility/static_cne0_release/examples/generated_Traj_912118_rep3/mdp/npt03_p500.mdp,pcoupl,Berendsen
generated:npt03_p500,MY_PAPER_RELATED/gromacs_eval_pred_conductivity/reproducibility/static_cne0_release/examples/generated_Traj_912118_rep3/mdp/npt03_p500.mdp,tau-p,200.0
generated:npt03_p500,MY_PAPER_RELATED/gromacs_eval_pred_conductivity/reproducibility/static_cne0_release/examples/generated_Traj_912118_rep3/mdp/npt03_p500.mdp,ref-p,500.00
generated:npt03_p500,MY_PAPER_RELATED/gromacs_eval_pred_conductivity/reproducibility/static_cne0_release/examples/generated_Traj_912118_rep3/mdp/npt03_p500.mdp,compressibility,4.5e-5
generated:npt03_p500,MY_PAPER_RELATED/gromacs_eval_pred_conductivity/reproducibility/static_cne0_release/examples/generated_Traj_912118_rep3/mdp/npt03_p500.mdp,nstpcouple,50
generated:npt03_p500,MY_PAPER_RELATED/gromacs_eval_pred_conductivity/reproducibility/static_cne0_release/examples/generated_Traj_912118_rep3/mdp/npt03_p500.mdp,refcoord_scaling,com
generated:npt03_p500,MY_PAPER_RELATED/gromacs_eval_pred_conductivity/reproducibility/static_cne0_release/examples/generated_Traj_912118_rep3/mdp/npt03_p500.mdp,define,-DPOSRES
generated:npt04_p1k,MY_PAPER_RELATED/gromacs_eval_pred_conductivity/reproducibility/static_cne0_release/examples/generated_Traj_912118_rep3/mdp/npt04_p1k.mdp,integrator,md
generated:npt04_p1k,MY_PAPER_RELATED/gromacs_eval_pred_conductivity/reproducibility/static_cne0_release/examples/generated_Traj_912118_rep3/mdp/npt04_p1k.mdp,dt,0.001000
generated:npt04_p1k,MY_PAPER_RELATED/gromacs_eval_pred_conductivity/reproducibility/static_cne0_release/examples/generated_Traj_912118_rep3/mdp/npt04_p1k.mdp,cutoff-scheme,Verlet
generated:npt04_p1k,MY_PAPER_RELATED/gromacs_eval_pred_conductivity/reproducibility/static_cne0_release/examples/generated_Traj_912118_rep3/mdp/npt04_p1k.mdp,nstlist,20
generated:npt04_p1k,MY_PAPER_RELATED/gromacs_eval_pred_conductivity/reproducibility/static_cne0_release/examples/generated_Traj_912118_rep3/mdp/npt04_p1k.mdp,coulombtype,PME
generated:npt04_p1k,MY_PAPER_RELATED/gromacs_eval_pred_conductivity/reproducibility/static_cne0_release/examples/generated_Traj_912118_rep3/mdp/npt04_p1k.mdp,rcoulomb,1.0
generated:npt04_p1k,MY_PAPER_RELATED/gromacs_eval_pred_conductivity/reproducibility/static_cne0_release/examples/generated_Traj_912118_rep3/mdp/npt04_p1k.mdp,vdwtype,Cut-off
generated:npt04_p1k,MY_PAPER_RELATED/gromacs_eval_pred_conductivity/reproducibility/static_cne0_release/examples/generated_Traj_912118_rep3/mdp/npt04_p1k.mdp,rvdw,1.0
generated:npt04_p1k,MY_PAPER_RELATED/gromacs_eval_pred_conductivity/reproducibility/static_cne0_release/examples/generated_Traj_912118_rep3/mdp/npt04_p1k.mdp,DispCorr,EnerPres
generated:npt04_p1k,MY_PAPER_RELATED/gromacs_eval_pred_conductivity/reproducibility/static_cne0_release/examples/generated_Traj_912118_rep3/mdp/npt04_p1k.mdp,fourierspacing,0.14
generated:npt04_p1k,MY_PAPER_RELATED/gromacs_eval_pred_conductivity/reproducibility/static_cne0_release/examples/generated_Traj_912118_rep3/mdp/npt04_p1k.mdp,pbc,xyz
generated:npt04_p1k,MY_PAPER_RELATED/gromacs_eval_pred_conductivity/reproducibility/static_cne0_release/examples/generated_Traj_912118_rep3/mdp/npt04_p1k.mdp,constraints,h-bonds
generated:npt04_p1k,MY_PAPER_RELATED/gromacs_eval_pred_conductivity/reproducibility/static_cne0_release/examples/generated_Traj_912118_rep3/mdp/npt04_p1k.mdp,constraint-algorithm,lincs
generated:npt04_p1k,MY_PAPER_RELATED/gromacs_eval_pred_conductivity/reproducibility/static_cne0_release/examples/generated_Traj_912118_rep3/mdp/npt04_p1k.mdp,lincs_iter,3
generated:npt04_p1k,MY_PAPER_RELATED/gromacs_eval_pred_conductivity/reproducibility/static_cne0_release/examples/generated_Traj_912118_rep3/mdp/npt04_p1k.mdp,lincs_order,8
generated:npt04_p1k,MY_PAPER_RELATED/gromacs_eval_pred_conductivity/reproducibility/static_cne0_release/examples/generated_Traj_912118_rep3/mdp/npt04_p1k.mdp,lincs-warnangle,30
generated:npt04_p1k,MY_PAPER_RELATED/gromacs_eval_pred_conductivity/reproducibility/static_cne0_release/examples/generated_Traj_912118_rep3/mdp/npt04_p1k.mdp,tcoupl,nose-hoover
generated:npt04_p1k,MY_PAPER_RELATED/gromacs_eval_pred_conductivity/reproducibility/static_cne0_release/examples/generated_Traj_912118_rep3/mdp/npt04_p1k.mdp,tc-grps,System
generated:npt04_p1k,MY_PAPER_RELATED/gromacs_eval_pred_conductivity/reproducibility/static_cne0_release/examples/generated_Traj_912118_rep3/mdp/npt04_p1k.mdp,tau-t,5.00
generated:npt04_p1k,MY_PAPER_RELATED/gromacs_eval_pred_conductivity/reproducibility/static_cne0_release/examples/generated_Traj_912118_rep3/mdp/npt04_p1k.mdp,nstxout-compressed,500
generated:npt04_p1k,MY_PAPER_RELATED/gromacs_eval_pred_conductivity/reproducibility/static_cne0_release/examples/generated_Traj_912118_rep3/mdp/npt04_p1k.mdp,nstvout,0
generated:npt04_p1k,MY_PAPER_RELATED/gromacs_eval_pred_conductivity/reproducibility/static_cne0_release/examples/generated_Traj_912118_rep3/mdp/npt04_p1k.mdp,nstenergy,10000
generated:npt04_p1k,MY_PAPER_RELATED/gromacs_eval_pred_conductivity/reproducibility/static_cne0_release/examples/generated_Traj_912118_rep3/mdp/npt04_p1k.mdp,gen-vel,no
generated:npt04_p1k,MY_PAPER_RELATED/gromacs_eval_pred_conductivity/reproducibility/static_cne0_release/examples/generated_Traj_912118_rep3/mdp/npt04_p1k.mdp,nsteps,200000
generated:npt04_p1k,MY_PAPER_RELATED/gromacs_eval_pred_conductivity/reproducibility/static_cne0_release/examples/generated_Traj_912118_rep3/mdp/npt04_p1k.mdp,ref-t,353.0
generated:npt04_p1k,MY_PAPER_RELATED/gromacs_eval_pred_conductivity/reproducibility/static_cne0_release/examples/generated_Traj_912118_rep3/mdp/npt04_p1k.mdp,pcoupl,Berendsen
generated:npt04_p1k,MY_PAPER_RELATED/gromacs_eval_pred_conductivity/reproducibility/static_cne0_release/examples/generated_Traj_912118_rep3/mdp/npt04_p1k.mdp,tau-p,200.0
generated:npt04_p1k,MY_PAPER_RELATED/gromacs_eval_pred_conductivity/reproducibility/static_cne0_release/examples/generated_Traj_912118_rep3/mdp/npt04_p1k.mdp,ref-p,1013.25
generated:npt04_p1k,MY_PAPER_RELATED/gromacs_eval_pred_conductivity/reproducibility/static_cne0_release/examples/generated_Traj_912118_rep3/mdp/npt04_p1k.mdp,compressibility,4.5e-5
generated:npt04_p1k,MY_PAPER_RELATED/gromacs_eval_pred_conductivity/reproducibility/static_cne0_release/examples/generated_Traj_912118_rep3/mdp/npt04_p1k.mdp,nstpcouple,50
generated:npt04_p1k,MY_PAPER_RELATED/gromacs_eval_pred_conductivity/reproducibility/static_cne0_release/examples/generated_Traj_912118_rep3/mdp/npt04_p1k.mdp,refcoord_scaling,com
generated:npt04_p1k,MY_PAPER_RELATED/gromacs_eval_pred_conductivity/reproducibility/static_cne0_release/examples/generated_Traj_912118_rep3/mdp/npt04_p1k.mdp,define,-DPOSRES
generated:npt05_p2k,MY_PAPER_RELATED/gromacs_eval_pred_conductivity/reproducibility/static_cne0_release/examples/generated_Traj_912118_rep3/mdp/npt05_p2k.mdp,integrator,md
generated:npt05_p2k,MY_PAPER_RELATED/gromacs_eval_pred_conductivity/reproducibility/static_cne0_release/examples/generated_Traj_912118_rep3/mdp/npt05_p2k.mdp,dt,0.001000
generated:npt05_p2k,MY_PAPER_RELATED/gromacs_eval_pred_conductivity/reproducibility/static_cne0_release/examples/generated_Traj_912118_rep3/mdp/npt05_p2k.mdp,cutoff-scheme,Verlet
generated:npt05_p2k,MY_PAPER_RELATED/gromacs_eval_pred_conductivity/reproducibility/static_cne0_release/examples/generated_Traj_912118_rep3/mdp/npt05_p2k.mdp,nstlist,20
generated:npt05_p2k,MY_PAPER_RELATED/gromacs_eval_pred_conductivity/reproducibility/static_cne0_release/examples/generated_Traj_912118_rep3/mdp/npt05_p2k.mdp,coulombtype,PME
generated:npt05_p2k,MY_PAPER_RELATED/gromacs_eval_pred_conductivity/reproducibility/static_cne0_release/examples/generated_Traj_912118_rep3/mdp/npt05_p2k.mdp,rcoulomb,1.0
generated:npt05_p2k,MY_PAPER_RELATED/gromacs_eval_pred_conductivity/reproducibility/static_cne0_release/examples/generated_Traj_912118_rep3/mdp/npt05_p2k.mdp,vdwtype,Cut-off
generated:npt05_p2k,MY_PAPER_RELATED/gromacs_eval_pred_conductivity/reproducibility/static_cne0_release/examples/generated_Traj_912118_rep3/mdp/npt05_p2k.mdp,rvdw,1.0
generated:npt05_p2k,MY_PAPER_RELATED/gromacs_eval_pred_conductivity/reproducibility/static_cne0_release/examples/generated_Traj_912118_rep3/mdp/npt05_p2k.mdp,DispCorr,EnerPres
generated:npt05_p2k,MY_PAPER_RELATED/gromacs_eval_pred_conductivity/reproducibility/static_cne0_release/examples/generated_Traj_912118_rep3/mdp/npt05_p2k.mdp,fourierspacing,0.14
generated:npt05_p2k,MY_PAPER_RELATED/gromacs_eval_pred_conductivity/reproducibility/static_cne0_release/examples/generated_Traj_912118_rep3/mdp/npt05_p2k.mdp,pbc,xyz
generated:npt05_p2k,MY_PAPER_RELATED/gromacs_eval_pred_conductivity/reproducibility/static_cne0_release/examples/generated_Traj_912118_rep3/mdp/npt05_p2k.mdp,constraints,h-bonds
generated:npt05_p2k,MY_PAPER_RELATED/gromacs_eval_pred_conductivity/reproducibility/static_cne0_release/examples/generated_Traj_912118_rep3/mdp/npt05_p2k.mdp,constraint-algorithm,lincs
generated:npt05_p2k,MY_PAPER_RELATED/gromacs_eval_pred_conductivity/reproducibility/static_cne0_release/examples/generated_Traj_912118_rep3/mdp/npt05_p2k.mdp,lincs_iter,3
generated:npt05_p2k,MY_PAPER_RELATED/gromacs_eval_pred_conductivity/reproducibility/static_cne0_release/examples/generated_Traj_912118_rep3/mdp/npt05_p2k.mdp,lincs_order,8
generated:npt05_p2k,MY_PAPER_RELATED/gromacs_eval_pred_conductivity/reproducibility/static_cne0_release/examples/generated_Traj_912118_rep3/mdp/npt05_p2k.mdp,lincs-warnangle,30
generated:npt05_p2k,MY_PAPER_RELATED/gromacs_eval_pred_conductivity/reproducibility/static_cne0_release/examples/generated_Traj_912118_rep3/mdp/npt05_p2k.mdp,tcoupl,nose-hoover
generated:npt05_p2k,MY_PAPER_RELATED/gromacs_eval_pred_conductivity/reproducibility/static_cne0_release/examples/generated_Traj_912118_rep3/mdp/npt05_p2k.mdp,tc-grps,System
generated:npt05_p2k,MY_PAPER_RELATED/gromacs_eval_pred_conductivity/reproducibility/static_cne0_release/examples/generated_Traj_912118_rep3/mdp/npt05_p2k.mdp,tau-t,5.00
generated:npt05_p2k,MY_PAPER_RELATED/gromacs_eval_pred_conductivity/reproducibility/static_cne0_release/examples/generated_Traj_912118_rep3/mdp/npt05_p2k.mdp,nstxout-compressed,500
generated:npt05_p2k,MY_PAPER_RELATED/gromacs_eval_pred_conductivity/reproducibility/static_cne0_release/examples/generated_Traj_912118_rep3/mdp/npt05_p2k.mdp,nstvout,0
generated:npt05_p2k,MY_PAPER_RELATED/gromacs_eval_pred_conductivity/reproducibility/static_cne0_release/examples/generated_Traj_912118_rep3/mdp/npt05_p2k.mdp,nstenergy,10000
generated:npt05_p2k,MY_PAPER_RELATED/gromacs_eval_pred_conductivity/reproducibility/static_cne0_release/examples/generated_Traj_912118_rep3/mdp/npt05_p2k.mdp,gen-vel,no
generated:npt05_p2k,MY_PAPER_RELATED/gromacs_eval_pred_conductivity/reproducibility/static_cne0_release/examples/generated_Traj_912118_rep3/mdp/npt05_p2k.mdp,nsteps,200000
generated:npt05_p2k,MY_PAPER_RELATED/gromacs_eval_pred_conductivity/reproducibility/static_cne0_release/examples/generated_Traj_912118_rep3/mdp/npt05_p2k.mdp,ref-t,353.0
generated:npt05_p2k,MY_PAPER_RELATED/gromacs_eval_pred_conductivity/reproducibility/static_cne0_release/examples/generated_Traj_912118_rep3/mdp/npt05_p2k.mdp,pcoupl,Parrinello-Rahman
generated:npt05_p2k,MY_PAPER_RELATED/gromacs_eval_pred_conductivity/reproducibility/static_cne0_release/examples/generated_Traj_912118_rep3/mdp/npt05_p2k.mdp,tau-p,100.0
generated:npt05_p2k,MY_PAPER_RELATED/gromacs_eval_pred_conductivity/reproducibility/static_cne0_release/examples/generated_Traj_912118_rep3/mdp/npt05_p2k.mdp,ref-p,2026.50
generated:npt05_p2k,MY_PAPER_RELATED/gromacs_eval_pred_conductivity/reproducibility/static_cne0_release/examples/generated_Traj_912118_rep3/mdp/npt05_p2k.mdp,compressibility,4.5e-5
generated:npt05_p2k,MY_PAPER_RELATED/gromacs_eval_pred_conductivity/reproducibility/static_cne0_release/examples/generated_Traj_912118_rep3/mdp/npt05_p2k.mdp,nstpcouple,50
generated:npt05_p2k,MY_PAPER_RELATED/gromacs_eval_pred_conductivity/reproducibility/static_cne0_release/examples/generated_Traj_912118_rep3/mdp/npt05_p2k.mdp,refcoord_scaling,com
generated:npt06_p4k,MY_PAPER_RELATED/gromacs_eval_pred_conductivity/reproducibility/static_cne0_release/examples/generated_Traj_912118_rep3/mdp/npt06_p4k.mdp,integrator,md
generated:npt06_p4k,MY_PAPER_RELATED/gromacs_eval_pred_conductivity/reproducibility/static_cne0_release/examples/generated_Traj_912118_rep3/mdp/npt06_p4k.mdp,dt,0.001000
generated:npt06_p4k,MY_PAPER_RELATED/gromacs_eval_pred_conductivity/reproducibility/static_cne0_release/examples/generated_Traj_912118_rep3/mdp/npt06_p4k.mdp,cutoff-scheme,Verlet
generated:npt06_p4k,MY_PAPER_RELATED/gromacs_eval_pred_conductivity/reproducibility/static_cne0_release/examples/generated_Traj_912118_rep3/mdp/npt06_p4k.mdp,nstlist,20
generated:npt06_p4k,MY_PAPER_RELATED/gromacs_eval_pred_conductivity/reproducibility/static_cne0_release/examples/generated_Traj_912118_rep3/mdp/npt06_p4k.mdp,coulombtype,PME
generated:npt06_p4k,MY_PAPER_RELATED/gromacs_eval_pred_conductivity/reproducibility/static_cne0_release/examples/generated_Traj_912118_rep3/mdp/npt06_p4k.mdp,rcoulomb,1.0
generated:npt06_p4k,MY_PAPER_RELATED/gromacs_eval_pred_conductivity/reproducibility/static_cne0_release/examples/generated_Traj_912118_rep3/mdp/npt06_p4k.mdp,vdwtype,Cut-off
generated:npt06_p4k,MY_PAPER_RELATED/gromacs_eval_pred_conductivity/reproducibility/static_cne0_release/examples/generated_Traj_912118_rep3/mdp/npt06_p4k.mdp,rvdw,1.0
generated:npt06_p4k,MY_PAPER_RELATED/gromacs_eval_pred_conductivity/reproducibility/static_cne0_release/examples/generated_Traj_912118_rep3/mdp/npt06_p4k.mdp,DispCorr,EnerPres
generated:npt06_p4k,MY_PAPER_RELATED/gromacs_eval_pred_conductivity/reproducibility/static_cne0_release/examples/generated_Traj_912118_rep3/mdp/npt06_p4k.mdp,fourierspacing,0.14
generated:npt06_p4k,MY_PAPER_RELATED/gromacs_eval_pred_conductivity/reproducibility/static_cne0_release/examples/generated_Traj_912118_rep3/mdp/npt06_p4k.mdp,pbc,xyz
generated:npt06_p4k,MY_PAPER_RELATED/gromacs_eval_pred_conductivity/reproducibility/static_cne0_release/examples/generated_Traj_912118_rep3/mdp/npt06_p4k.mdp,constraints,h-bonds
generated:npt06_p4k,MY_PAPER_RELATED/gromacs_eval_pred_conductivity/reproducibility/static_cne0_release/examples/generated_Traj_912118_rep3/mdp/npt06_p4k.mdp,constraint-algorithm,lincs
generated:npt06_p4k,MY_PAPER_RELATED/gromacs_eval_pred_conductivity/reproducibility/static_cne0_release/examples/generated_Traj_912118_rep3/mdp/npt06_p4k.mdp,lincs_iter,3
generated:npt06_p4k,MY_PAPER_RELATED/gromacs_eval_pred_conductivity/reproducibility/static_cne0_release/examples/generated_Traj_912118_rep3/mdp/npt06_p4k.mdp,lincs_order,8
generated:npt06_p4k,MY_PAPER_RELATED/gromacs_eval_pred_conductivity/reproducibility/static_cne0_release/examples/generated_Traj_912118_rep3/mdp/npt06_p4k.mdp,lincs-warnangle,30
generated:npt06_p4k,MY_PAPER_RELATED/gromacs_eval_pred_conductivity/reproducibility/static_cne0_release/examples/generated_Traj_912118_rep3/mdp/npt06_p4k.mdp,tcoupl,nose-hoover
generated:npt06_p4k,MY_PAPER_RELATED/gromacs_eval_pred_conductivity/reproducibility/static_cne0_release/examples/generated_Traj_912118_rep3/mdp/npt06_p4k.mdp,tc-grps,System
generated:npt06_p4k,MY_PAPER_RELATED/gromacs_eval_pred_conductivity/reproducibility/static_cne0_release/examples/generated_Traj_912118_rep3/mdp/npt06_p4k.mdp,tau-t,5.00
generated:npt06_p4k,MY_PAPER_RELATED/gromacs_eval_pred_conductivity/reproducibility/static_cne0_release/examples/generated_Traj_912118_rep3/mdp/npt06_p4k.mdp,nstxout-compressed,500
generated:npt06_p4k,MY_PAPER_RELATED/gromacs_eval_pred_conductivity/reproducibility/static_cne0_release/examples/generated_Traj_912118_rep3/mdp/npt06_p4k.mdp,nstvout,0
generated:npt06_p4k,MY_PAPER_RELATED/gromacs_eval_pred_conductivity/reproducibility/static_cne0_release/examples/generated_Traj_912118_rep3/mdp/npt06_p4k.mdp,nstenergy,10000
generated:npt06_p4k,MY_PAPER_RELATED/gromacs_eval_pred_conductivity/reproducibility/static_cne0_release/examples/generated_Traj_912118_rep3/mdp/npt06_p4k.mdp,gen-vel,no
generated:npt06_p4k,MY_PAPER_RELATED/gromacs_eval_pred_conductivity/reproducibility/static_cne0_release/examples/generated_Traj_912118_rep3/mdp/npt06_p4k.mdp,nsteps,300000
generated:npt06_p4k,MY_PAPER_RELATED/gromacs_eval_pred_conductivity/reproducibility/static_cne0_release/examples/generated_Traj_912118_rep3/mdp/npt06_p4k.mdp,ref-t,353.0
generated:npt06_p4k,MY_PAPER_RELATED/gromacs_eval_pred_conductivity/reproducibility/static_cne0_release/examples/generated_Traj_912118_rep3/mdp/npt06_p4k.mdp,pcoupl,Parrinello-Rahman
generated:npt06_p4k,MY_PAPER_RELATED/gromacs_eval_pred_conductivity/reproducibility/static_cne0_release/examples/generated_Traj_912118_rep3/mdp/npt06_p4k.mdp,tau-p,100.0
generated:npt06_p4k,MY_PAPER_RELATED/gromacs_eval_pred_conductivity/reproducibility/static_cne0_release/examples/generated_Traj_912118_rep3/mdp/npt06_p4k.mdp,ref-p,4053.00
generated:npt06_p4k,MY_PAPER_RELATED/gromacs_eval_pred_conductivity/reproducibility/static_cne0_release/examples/generated_Traj_912118_rep3/mdp/npt06_p4k.mdp,compressibility,4.5e-5
generated:npt06_p4k,MY_PAPER_RELATED/gromacs_eval_pred_conductivity/reproducibility/static_cne0_release/examples/generated_Traj_912118_rep3/mdp/npt06_p4k.mdp,nstpcouple,50
generated:npt06_p4k,MY_PAPER_RELATED/gromacs_eval_pred_conductivity/reproducibility/static_cne0_release/examples/generated_Traj_912118_rep3/mdp/npt06_p4k.mdp,refcoord_scaling,com
generated:npt07_p4k_hold,MY_PAPER_RELATED/gromacs_eval_pred_conductivity/reproducibility/static_cne0_release/examples/generated_Traj_912118_rep3/mdp/npt07_p4k_hold.mdp,integrator,md
generated:npt07_p4k_hold,MY_PAPER_RELATED/gromacs_eval_pred_conductivity/reproducibility/static_cne0_release/examples/generated_Traj_912118_rep3/mdp/npt07_p4k_hold.mdp,dt,0.001000
generated:npt07_p4k_hold,MY_PAPER_RELATED/gromacs_eval_pred_conductivity/reproducibility/static_cne0_release/examples/generated_Traj_912118_rep3/mdp/npt07_p4k_hold.mdp,cutoff-scheme,Verlet
generated:npt07_p4k_hold,MY_PAPER_RELATED/gromacs_eval_pred_conductivity/reproducibility/static_cne0_release/examples/generated_Traj_912118_rep3/mdp/npt07_p4k_hold.mdp,nstlist,20
generated:npt07_p4k_hold,MY_PAPER_RELATED/gromacs_eval_pred_conductivity/reproducibility/static_cne0_release/examples/generated_Traj_912118_rep3/mdp/npt07_p4k_hold.mdp,coulombtype,PME
generated:npt07_p4k_hold,MY_PAPER_RELATED/gromacs_eval_pred_conductivity/reproducibility/static_cne0_release/examples/generated_Traj_912118_rep3/mdp/npt07_p4k_hold.mdp,rcoulomb,1.0
generated:npt07_p4k_hold,MY_PAPER_RELATED/gromacs_eval_pred_conductivity/reproducibility/static_cne0_release/examples/generated_Traj_912118_rep3/mdp/npt07_p4k_hold.mdp,vdwtype,Cut-off
generated:npt07_p4k_hold,MY_PAPER_RELATED/gromacs_eval_pred_conductivity/reproducibility/static_cne0_release/examples/generated_Traj_912118_rep3/mdp/npt07_p4k_hold.mdp,rvdw,1.0
generated:npt07_p4k_hold,MY_PAPER_RELATED/gromacs_eval_pred_conductivity/reproducibility/static_cne0_release/examples/generated_Traj_912118_rep3/mdp/npt07_p4k_hold.mdp,DispCorr,EnerPres
generated:npt07_p4k_hold,MY_PAPER_RELATED/gromacs_eval_pred_conductivity/reproducibility/static_cne0_release/examples/generated_Traj_912118_rep3/mdp/npt07_p4k_hold.mdp,fourierspacing,0.14
generated:npt07_p4k_hold,MY_PAPER_RELATED/gromacs_eval_pred_conductivity/reproducibility/static_cne0_release/examples/generated_Traj_912118_rep3/mdp/npt07_p4k_hold.mdp,pbc,xyz
generated:npt07_p4k_hold,MY_PAPER_RELATED/gromacs_eval_pred_conductivity/reproducibility/static_cne0_release/examples/generated_Traj_912118_rep3/mdp/npt07_p4k_hold.mdp,constraints,h-bonds
generated:npt07_p4k_hold,MY_PAPER_RELATED/gromacs_eval_pred_conductivity/reproducibility/static_cne0_release/examples/generated_Traj_912118_rep3/mdp/npt07_p4k_hold.mdp,constraint-algorithm,lincs
generated:npt07_p4k_hold,MY_PAPER_RELATED/gromacs_eval_pred_conductivity/reproducibility/static_cne0_release/examples/generated_Traj_912118_rep3/mdp/npt07_p4k_hold.mdp,lincs_iter,3
generated:npt07_p4k_hold,MY_PAPER_RELATED/gromacs_eval_pred_conductivity/reproducibility/static_cne0_release/examples/generated_Traj_912118_rep3/mdp/npt07_p4k_hold.mdp,lincs_order,8
generated:npt07_p4k_hold,MY_PAPER_RELATED/gromacs_eval_pred_conductivity/reproducibility/static_cne0_release/examples/generated_Traj_912118_rep3/mdp/npt07_p4k_hold.mdp,lincs-warnangle,30
generated:npt07_p4k_hold,MY_PAPER_RELATED/gromacs_eval_pred_conductivity/reproducibility/static_cne0_release/examples/generated_Traj_912118_rep3/mdp/npt07_p4k_hold.mdp,tcoupl,nose-hoover
generated:npt07_p4k_hold,MY_PAPER_RELATED/gromacs_eval_pred_conductivity/reproducibility/static_cne0_release/examples/generated_Traj_912118_rep3/mdp/npt07_p4k_hold.mdp,tc-grps,System
generated:npt07_p4k_hold,MY_PAPER_RELATED/gromacs_eval_pred_conductivity/reproducibility/static_cne0_release/examples/generated_Traj_912118_rep3/mdp/npt07_p4k_hold.mdp,tau-t,5.00
generated:npt07_p4k_hold,MY_PAPER_RELATED/gromacs_eval_pred_conductivity/reproducibility/static_cne0_release/examples/generated_Traj_912118_rep3/mdp/npt07_p4k_hold.mdp,nstxout-compressed,500
generated:npt07_p4k_hold,MY_PAPER_RELATED/gromacs_eval_pred_conductivity/reproducibility/static_cne0_release/examples/generated_Traj_912118_rep3/mdp/npt07_p4k_hold.mdp,nstvout,0
generated:npt07_p4k_hold,MY_PAPER_RELATED/gromacs_eval_pred_conductivity/reproducibility/static_cne0_release/examples/generated_Traj_912118_rep3/mdp/npt07_p4k_hold.mdp,nstenergy,10000
generated:npt07_p4k_hold,MY_PAPER_RELATED/gromacs_eval_pred_conductivity/reproducibility/static_cne0_release/examples/generated_Traj_912118_rep3/mdp/npt07_p4k_hold.mdp,gen-vel,no
generated:npt07_p4k_hold,MY_PAPER_RELATED/gromacs_eval_pred_conductivity/reproducibility/static_cne0_release/examples/generated_Traj_912118_rep3/mdp/npt07_p4k_hold.mdp,nsteps,400000
generated:npt07_p4k_hold,MY_PAPER_RELATED/gromacs_eval_pred_conductivity/reproducibility/static_cne0_release/examples/generated_Traj_912118_rep3/mdp/npt07_p4k_hold.mdp,ref-t,353.0
generated:npt07_p4k_hold,MY_PAPER_RELATED/gromacs_eval_pred_conductivity/reproducibility/static_cne0_release/examples/generated_Traj_912118_rep3/mdp/npt07_p4k_hold.mdp,pcoupl,Parrinello-Rahman
generated:npt07_p4k_hold,MY_PAPER_RELATED/gromacs_eval_pred_conductivity/reproducibility/static_cne0_release/examples/generated_Traj_912118_rep3/mdp/npt07_p4k_hold.mdp,tau-p,100.0
generated:npt07_p4k_hold,MY_PAPER_RELATED/gromacs_eval_pred_conductivity/reproducibility/static_cne0_release/examples/generated_Traj_912118_rep3/mdp/npt07_p4k_hold.mdp,ref-p,4053.00
generated:npt07_p4k_hold,MY_PAPER_RELATED/gromacs_eval_pred_conductivity/reproducibility/static_cne0_release/examples/generated_Traj_912118_rep3/mdp/npt07_p4k_hold.mdp,compressibility,4.5e-5
generated:npt07_p4k_hold,MY_PAPER_RELATED/gromacs_eval_pred_conductivity/reproducibility/static_cne0_release/examples/generated_Traj_912118_rep3/mdp/npt07_p4k_hold.mdp,nstpcouple,50
generated:npt07_p4k_hold,MY_PAPER_RELATED/gromacs_eval_pred_conductivity/reproducibility/static_cne0_release/examples/generated_Traj_912118_rep3/mdp/npt07_p4k_hold.mdp,refcoord_scaling,com
generated:npt08_p2k_down,MY_PAPER_RELATED/gromacs_eval_pred_conductivity/reproducibility/static_cne0_release/examples/generated_Traj_912118_rep3/mdp/npt08_p2k_down.mdp,integrator,md
generated:npt08_p2k_down,MY_PAPER_RELATED/gromacs_eval_pred_conductivity/reproducibility/static_cne0_release/examples/generated_Traj_912118_rep3/mdp/npt08_p2k_down.mdp,dt,0.001000
generated:npt08_p2k_down,MY_PAPER_RELATED/gromacs_eval_pred_conductivity/reproducibility/static_cne0_release/examples/generated_Traj_912118_rep3/mdp/npt08_p2k_down.mdp,cutoff-scheme,Verlet
generated:npt08_p2k_down,MY_PAPER_RELATED/gromacs_eval_pred_conductivity/reproducibility/static_cne0_release/examples/generated_Traj_912118_rep3/mdp/npt08_p2k_down.mdp,nstlist,20
generated:npt08_p2k_down,MY_PAPER_RELATED/gromacs_eval_pred_conductivity/reproducibility/static_cne0_release/examples/generated_Traj_912118_rep3/mdp/npt08_p2k_down.mdp,coulombtype,PME
generated:npt08_p2k_down,MY_PAPER_RELATED/gromacs_eval_pred_conductivity/reproducibility/static_cne0_release/examples/generated_Traj_912118_rep3/mdp/npt08_p2k_down.mdp,rcoulomb,1.0
generated:npt08_p2k_down,MY_PAPER_RELATED/gromacs_eval_pred_conductivity/reproducibility/static_cne0_release/examples/generated_Traj_912118_rep3/mdp/npt08_p2k_down.mdp,vdwtype,Cut-off
generated:npt08_p2k_down,MY_PAPER_RELATED/gromacs_eval_pred_conductivity/reproducibility/static_cne0_release/examples/generated_Traj_912118_rep3/mdp/npt08_p2k_down.mdp,rvdw,1.0
generated:npt08_p2k_down,MY_PAPER_RELATED/gromacs_eval_pred_conductivity/reproducibility/static_cne0_release/examples/generated_Traj_912118_rep3/mdp/npt08_p2k_down.mdp,DispCorr,EnerPres
generated:npt08_p2k_down,MY_PAPER_RELATED/gromacs_eval_pred_conductivity/reproducibility/static_cne0_release/examples/generated_Traj_912118_rep3/mdp/npt08_p2k_down.mdp,fourierspacing,0.14
generated:npt08_p2k_down,MY_PAPER_RELATED/gromacs_eval_pred_conductivity/reproducibility/static_cne0_release/examples/generated_Traj_912118_rep3/mdp/npt08_p2k_down.mdp,pbc,xyz
generated:npt08_p2k_down,MY_PAPER_RELATED/gromacs_eval_pred_conductivity/reproducibility/static_cne0_release/examples/generated_Traj_912118_rep3/mdp/npt08_p2k_down.mdp,constraints,h-bonds
generated:npt08_p2k_down,MY_PAPER_RELATED/gromacs_eval_pred_conductivity/reproducibility/static_cne0_release/examples/generated_Traj_912118_rep3/mdp/npt08_p2k_down.mdp,constraint-algorithm,lincs
generated:npt08_p2k_down,MY_PAPER_RELATED/gromacs_eval_pred_conductivity/reproducibility/static_cne0_release/examples/generated_Traj_912118_rep3/mdp/npt08_p2k_down.mdp,lincs_iter,3
generated:npt08_p2k_down,MY_PAPER_RELATED/gromacs_eval_pred_conductivity/reproducibility/static_cne0_release/examples/generated_Traj_912118_rep3/mdp/npt08_p2k_down.mdp,lincs_order,8
generated:npt08_p2k_down,MY_PAPER_RELATED/gromacs_eval_pred_conductivity/reproducibility/static_cne0_release/examples/generated_Traj_912118_rep3/mdp/npt08_p2k_down.mdp,lincs-warnangle,30
generated:npt08_p2k_down,MY_PAPER_RELATED/gromacs_eval_pred_conductivity/reproducibility/static_cne0_release/examples/generated_Traj_912118_rep3/mdp/npt08_p2k_down.mdp,tcoupl,nose-hoover
generated:npt08_p2k_down,MY_PAPER_RELATED/gromacs_eval_pred_conductivity/reproducibility/static_cne0_release/examples/generated_Traj_912118_rep3/mdp/npt08_p2k_down.mdp,tc-grps,System
generated:npt08_p2k_down,MY_PAPER_RELATED/gromacs_eval_pred_conductivity/reproducibility/static_cne0_release/examples/generated_Traj_912118_rep3/mdp/npt08_p2k_down.mdp,tau-t,5.00
generated:npt08_p2k_down,MY_PAPER_RELATED/gromacs_eval_pred_conductivity/reproducibility/static_cne0_release/examples/generated_Traj_912118_rep3/mdp/npt08_p2k_down.mdp,nstxout-compressed,500
generated:npt08_p2k_down,MY_PAPER_RELATED/gromacs_eval_pred_conductivity/reproducibility/static_cne0_release/examples/generated_Traj_912118_rep3/mdp/npt08_p2k_down.mdp,nstvout,0
generated:npt08_p2k_down,MY_PAPER_RELATED/gromacs_eval_pred_conductivity/reproducibility/static_cne0_release/examples/generated_Traj_912118_rep3/mdp/npt08_p2k_down.mdp,nstenergy,10000
generated:npt08_p2k_down,MY_PAPER_RELATED/gromacs_eval_pred_conductivity/reproducibility/static_cne0_release/examples/generated_Traj_912118_rep3/mdp/npt08_p2k_down.mdp,gen-vel,no
generated:npt08_p2k_down,MY_PAPER_RELATED/gromacs_eval_pred_conductivity/reproducibility/static_cne0_release/examples/generated_Traj_912118_rep3/mdp/npt08_p2k_down.mdp,nsteps,200000
generated:npt08_p2k_down,MY_PAPER_RELATED/gromacs_eval_pred_conductivity/reproducibility/static_cne0_release/examples/generated_Traj_912118_rep3/mdp/npt08_p2k_down.mdp,ref-t,353.0
generated:npt08_p2k_down,MY_PAPER_RELATED/gromacs_eval_pred_conductivity/reproducibility/static_cne0_release/examples/generated_Traj_912118_rep3/mdp/npt08_p2k_down.mdp,pcoupl,Berendsen
generated:npt08_p2k_down,MY_PAPER_RELATED/gromacs_eval_pred_conductivity/reproducibility/static_cne0_release/examples/generated_Traj_912118_rep3/mdp/npt08_p2k_down.mdp,tau-p,200.0
generated:npt08_p2k_down,MY_PAPER_RELATED/gromacs_eval_pred_conductivity/reproducibility/static_cne0_release/examples/generated_Traj_912118_rep3/mdp/npt08_p2k_down.mdp,ref-p,2026.50
generated:npt08_p2k_down,MY_PAPER_RELATED/gromacs_eval_pred_conductivity/reproducibility/static_cne0_release/examples/generated_Traj_912118_rep3/mdp/npt08_p2k_down.mdp,compressibility,4.5e-5
generated:npt08_p2k_down,MY_PAPER_RELATED/gromacs_eval_pred_conductivity/reproducibility/static_cne0_release/examples/generated_Traj_912118_rep3/mdp/npt08_p2k_down.mdp,nstpcouple,50
generated:npt08_p2k_down,MY_PAPER_RELATED/gromacs_eval_pred_conductivity/reproducibility/static_cne0_release/examples/generated_Traj_912118_rep3/mdp/npt08_p2k_down.mdp,refcoord_scaling,com
generated:npt09_p1k_down,MY_PAPER_RELATED/gromacs_eval_pred_conductivity/reproducibility/static_cne0_release/examples/generated_Traj_912118_rep3/mdp/npt09_p1k_down.mdp,integrator,md
generated:npt09_p1k_down,MY_PAPER_RELATED/gromacs_eval_pred_conductivity/reproducibility/static_cne0_release/examples/generated_Traj_912118_rep3/mdp/npt09_p1k_down.mdp,dt,0.001000
generated:npt09_p1k_down,MY_PAPER_RELATED/gromacs_eval_pred_conductivity/reproducibility/static_cne0_release/examples/generated_Traj_912118_rep3/mdp/npt09_p1k_down.mdp,cutoff-scheme,Verlet
generated:npt09_p1k_down,MY_PAPER_RELATED/gromacs_eval_pred_conductivity/reproducibility/static_cne0_release/examples/generated_Traj_912118_rep3/mdp/npt09_p1k_down.mdp,nstlist,20
generated:npt09_p1k_down,MY_PAPER_RELATED/gromacs_eval_pred_conductivity/reproducibility/static_cne0_release/examples/generated_Traj_912118_rep3/mdp/npt09_p1k_down.mdp,coulombtype,PME
generated:npt09_p1k_down,MY_PAPER_RELATED/gromacs_eval_pred_conductivity/reproducibility/static_cne0_release/examples/generated_Traj_912118_rep3/mdp/npt09_p1k_down.mdp,rcoulomb,1.0
generated:npt09_p1k_down,MY_PAPER_RELATED/gromacs_eval_pred_conductivity/reproducibility/static_cne0_release/examples/generated_Traj_912118_rep3/mdp/npt09_p1k_down.mdp,vdwtype,Cut-off
generated:npt09_p1k_down,MY_PAPER_RELATED/gromacs_eval_pred_conductivity/reproducibility/static_cne0_release/examples/generated_Traj_912118_rep3/mdp/npt09_p1k_down.mdp,rvdw,1.0
generated:npt09_p1k_down,MY_PAPER_RELATED/gromacs_eval_pred_conductivity/reproducibility/static_cne0_release/examples/generated_Traj_912118_rep3/mdp/npt09_p1k_down.mdp,DispCorr,EnerPres
generated:npt09_p1k_down,MY_PAPER_RELATED/gromacs_eval_pred_conductivity/reproducibility/static_cne0_release/examples/generated_Traj_912118_rep3/mdp/npt09_p1k_down.mdp,fourierspacing,0.14
generated:npt09_p1k_down,MY_PAPER_RELATED/gromacs_eval_pred_conductivity/reproducibility/static_cne0_release/examples/generated_Traj_912118_rep3/mdp/npt09_p1k_down.mdp,pbc,xyz
generated:npt09_p1k_down,MY_PAPER_RELATED/gromacs_eval_pred_conductivity/reproducibility/static_cne0_release/examples/generated_Traj_912118_rep3/mdp/npt09_p1k_down.mdp,constraints,h-bonds
generated:npt09_p1k_down,MY_PAPER_RELATED/gromacs_eval_pred_conductivity/reproducibility/static_cne0_release/examples/generated_Traj_912118_rep3/mdp/npt09_p1k_down.mdp,constraint-algorithm,lincs
generated:npt09_p1k_down,MY_PAPER_RELATED/gromacs_eval_pred_conductivity/reproducibility/static_cne0_release/examples/generated_Traj_912118_rep3/mdp/npt09_p1k_down.mdp,lincs_iter,3
generated:npt09_p1k_down,MY_PAPER_RELATED/gromacs_eval_pred_conductivity/reproducibility/static_cne0_release/examples/generated_Traj_912118_rep3/mdp/npt09_p1k_down.mdp,lincs_order,8
generated:npt09_p1k_down,MY_PAPER_RELATED/gromacs_eval_pred_conductivity/reproducibility/static_cne0_release/examples/generated_Traj_912118_rep3/mdp/npt09_p1k_down.mdp,lincs-warnangle,30
generated:npt09_p1k_down,MY_PAPER_RELATED/gromacs_eval_pred_conductivity/reproducibility/static_cne0_release/examples/generated_Traj_912118_rep3/mdp/npt09_p1k_down.mdp,tcoupl,nose-hoover
generated:npt09_p1k_down,MY_PAPER_RELATED/gromacs_eval_pred_conductivity/reproducibility/static_cne0_release/examples/generated_Traj_912118_rep3/mdp/npt09_p1k_down.mdp,tc-grps,System
generated:npt09_p1k_down,MY_PAPER_RELATED/gromacs_eval_pred_conductivity/reproducibility/static_cne0_release/examples/generated_Traj_912118_rep3/mdp/npt09_p1k_down.mdp,tau-t,5.00
generated:npt09_p1k_down,MY_PAPER_RELATED/gromacs_eval_pred_conductivity/reproducibility/static_cne0_release/examples/generated_Traj_912118_rep3/mdp/npt09_p1k_down.mdp,nstxout-compressed,500
generated:npt09_p1k_down,MY_PAPER_RELATED/gromacs_eval_pred_conductivity/reproducibility/static_cne0_release/examples/generated_Traj_912118_rep3/mdp/npt09_p1k_down.mdp,nstvout,0
generated:npt09_p1k_down,MY_PAPER_RELATED/gromacs_eval_pred_conductivity/reproducibility/static_cne0_release/examples/generated_Traj_912118_rep3/mdp/npt09_p1k_down.mdp,nstenergy,10000
generated:npt09_p1k_down,MY_PAPER_RELATED/gromacs_eval_pred_conductivity/reproducibility/static_cne0_release/examples/generated_Traj_912118_rep3/mdp/npt09_p1k_down.mdp,gen-vel,no
generated:npt09_p1k_down,MY_PAPER_RELATED/gromacs_eval_pred_conductivity/reproducibility/static_cne0_release/examples/generated_Traj_912118_rep3/mdp/npt09_p1k_down.mdp,nsteps,200000
generated:npt09_p1k_down,MY_PAPER_RELATED/gromacs_eval_pred_conductivity/reproducibility/static_cne0_release/examples/generated_Traj_912118_rep3/mdp/npt09_p1k_down.mdp,ref-t,353.0
generated:npt09_p1k_down,MY_PAPER_RELATED/gromacs_eval_pred_conductivity/reproducibility/static_cne0_release/examples/generated_Traj_912118_rep3/mdp/npt09_p1k_down.mdp,pcoupl,Berendsen
generated:npt09_p1k_down,MY_PAPER_RELATED/gromacs_eval_pred_conductivity/reproducibility/static_cne0_release/examples/generated_Traj_912118_rep3/mdp/npt09_p1k_down.mdp,tau-p,200.0
generated:npt09_p1k_down,MY_PAPER_RELATED/gromacs_eval_pred_conductivity/reproducibility/static_cne0_release/examples/generated_Traj_912118_rep3/mdp/npt09_p1k_down.mdp,ref-p,1013.25
generated:npt09_p1k_down,MY_PAPER_RELATED/gromacs_eval_pred_conductivity/reproducibility/static_cne0_release/examples/generated_Traj_912118_rep3/mdp/npt09_p1k_down.mdp,compressibility,4.5e-5
generated:npt09_p1k_down,MY_PAPER_RELATED/gromacs_eval_pred_conductivity/reproducibility/static_cne0_release/examples/generated_Traj_912118_rep3/mdp/npt09_p1k_down.mdp,nstpcouple,50
generated:npt09_p1k_down,MY_PAPER_RELATED/gromacs_eval_pred_conductivity/reproducibility/static_cne0_release/examples/generated_Traj_912118_rep3/mdp/npt09_p1k_down.mdp,refcoord_scaling,com
generated:npt10_p200_down,MY_PAPER_RELATED/gromacs_eval_pred_conductivity/reproducibility/static_cne0_release/examples/generated_Traj_912118_rep3/mdp/npt10_p200_down.mdp,integrator,md
generated:npt10_p200_down,MY_PAPER_RELATED/gromacs_eval_pred_conductivity/reproducibility/static_cne0_release/examples/generated_Traj_912118_rep3/mdp/npt10_p200_down.mdp,dt,0.001000
generated:npt10_p200_down,MY_PAPER_RELATED/gromacs_eval_pred_conductivity/reproducibility/static_cne0_release/examples/generated_Traj_912118_rep3/mdp/npt10_p200_down.mdp,cutoff-scheme,Verlet
generated:npt10_p200_down,MY_PAPER_RELATED/gromacs_eval_pred_conductivity/reproducibility/static_cne0_release/examples/generated_Traj_912118_rep3/mdp/npt10_p200_down.mdp,nstlist,20
generated:npt10_p200_down,MY_PAPER_RELATED/gromacs_eval_pred_conductivity/reproducibility/static_cne0_release/examples/generated_Traj_912118_rep3/mdp/npt10_p200_down.mdp,coulombtype,PME
generated:npt10_p200_down,MY_PAPER_RELATED/gromacs_eval_pred_conductivity/reproducibility/static_cne0_release/examples/generated_Traj_912118_rep3/mdp/npt10_p200_down.mdp,rcoulomb,1.0
generated:npt10_p200_down,MY_PAPER_RELATED/gromacs_eval_pred_conductivity/reproducibility/static_cne0_release/examples/generated_Traj_912118_rep3/mdp/npt10_p200_down.mdp,vdwtype,Cut-off
generated:npt10_p200_down,MY_PAPER_RELATED/gromacs_eval_pred_conductivity/reproducibility/static_cne0_release/examples/generated_Traj_912118_rep3/mdp/npt10_p200_down.mdp,rvdw,1.0
generated:npt10_p200_down,MY_PAPER_RELATED/gromacs_eval_pred_conductivity/reproducibility/static_cne0_release/examples/generated_Traj_912118_rep3/mdp/npt10_p200_down.mdp,DispCorr,EnerPres
generated:npt10_p200_down,MY_PAPER_RELATED/gromacs_eval_pred_conductivity/reproducibility/static_cne0_release/examples/generated_Traj_912118_rep3/mdp/npt10_p200_down.mdp,fourierspacing,0.14
generated:npt10_p200_down,MY_PAPER_RELATED/gromacs_eval_pred_conductivity/reproducibility/static_cne0_release/examples/generated_Traj_912118_rep3/mdp/npt10_p200_down.mdp,pbc,xyz
generated:npt10_p200_down,MY_PAPER_RELATED/gromacs_eval_pred_conductivity/reproducibility/static_cne0_release/examples/generated_Traj_912118_rep3/mdp/npt10_p200_down.mdp,constraints,h-bonds
generated:npt10_p200_down,MY_PAPER_RELATED/gromacs_eval_pred_conductivity/reproducibility/static_cne0_release/examples/generated_Traj_912118_rep3/mdp/npt10_p200_down.mdp,constraint-algorithm,lincs
generated:npt10_p200_down,MY_PAPER_RELATED/gromacs_eval_pred_conductivity/reproducibility/static_cne0_release/examples/generated_Traj_912118_rep3/mdp/npt10_p200_down.mdp,lincs_iter,3
generated:npt10_p200_down,MY_PAPER_RELATED/gromacs_eval_pred_conductivity/reproducibility/static_cne0_release/examples/generated_Traj_912118_rep3/mdp/npt10_p200_down.mdp,lincs_order,8
generated:npt10_p200_down,MY_PAPER_RELATED/gromacs_eval_pred_conductivity/reproducibility/static_cne0_release/examples/generated_Traj_912118_rep3/mdp/npt10_p200_down.mdp,lincs-warnangle,30
generated:npt10_p200_down,MY_PAPER_RELATED/gromacs_eval_pred_conductivity/reproducibility/static_cne0_release/examples/generated_Traj_912118_rep3/mdp/npt10_p200_down.mdp,tcoupl,nose-hoover
generated:npt10_p200_down,MY_PAPER_RELATED/gromacs_eval_pred_conductivity/reproducibility/static_cne0_release/examples/generated_Traj_912118_rep3/mdp/npt10_p200_down.mdp,tc-grps,System
generated:npt10_p200_down,MY_PAPER_RELATED/gromacs_eval_pred_conductivity/reproducibility/static_cne0_release/examples/generated_Traj_912118_rep3/mdp/npt10_p200_down.mdp,tau-t,5.00
generated:npt10_p200_down,MY_PAPER_RELATED/gromacs_eval_pred_conductivity/reproducibility/static_cne0_release/examples/generated_Traj_912118_rep3/mdp/npt10_p200_down.mdp,nstxout-compressed,500
generated:npt10_p200_down,MY_PAPER_RELATED/gromacs_eval_pred_conductivity/reproducibility/static_cne0_release/examples/generated_Traj_912118_rep3/mdp/npt10_p200_down.mdp,nstvout,0
generated:npt10_p200_down,MY_PAPER_RELATED/gromacs_eval_pred_conductivity/reproducibility/static_cne0_release/examples/generated_Traj_912118_rep3/mdp/npt10_p200_down.mdp,nstenergy,10000
generated:npt10_p200_down,MY_PAPER_RELATED/gromacs_eval_pred_conductivity/reproducibility/static_cne0_release/examples/generated_Traj_912118_rep3/mdp/npt10_p200_down.mdp,gen-vel,no
generated:npt10_p200_down,MY_PAPER_RELATED/gromacs_eval_pred_conductivity/reproducibility/static_cne0_release/examples/generated_Traj_912118_rep3/mdp/npt10_p200_down.mdp,nsteps,200000
generated:npt10_p200_down,MY_PAPER_RELATED/gromacs_eval_pred_conductivity/reproducibility/static_cne0_release/examples/generated_Traj_912118_rep3/mdp/npt10_p200_down.mdp,ref-t,353.0
generated:npt10_p200_down,MY_PAPER_RELATED/gromacs_eval_pred_conductivity/reproducibility/static_cne0_release/examples/generated_Traj_912118_rep3/mdp/npt10_p200_down.mdp,pcoupl,Berendsen
generated:npt10_p200_down,MY_PAPER_RELATED/gromacs_eval_pred_conductivity/reproducibility/static_cne0_release/examples/generated_Traj_912118_rep3/mdp/npt10_p200_down.mdp,tau-p,200.0
generated:npt10_p200_down,MY_PAPER_RELATED/gromacs_eval_pred_conductivity/reproducibility/static_cne0_release/examples/generated_Traj_912118_rep3/mdp/npt10_p200_down.mdp,ref-p,200.00
generated:npt10_p200_down,MY_PAPER_RELATED/gromacs_eval_pred_conductivity/reproducibility/static_cne0_release/examples/generated_Traj_912118_rep3/mdp/npt10_p200_down.mdp,compressibility,4.5e-5
generated:npt10_p200_down,MY_PAPER_RELATED/gromacs_eval_pred_conductivity/reproducibility/static_cne0_release/examples/generated_Traj_912118_rep3/mdp/npt10_p200_down.mdp,nstpcouple,50
generated:npt10_p200_down,MY_PAPER_RELATED/gromacs_eval_pred_conductivity/reproducibility/static_cne0_release/examples/generated_Traj_912118_rep3/mdp/npt10_p200_down.mdp,refcoord_scaling,com
generated:npt11_p1_down,MY_PAPER_RELATED/gromacs_eval_pred_conductivity/reproducibility/static_cne0_release/examples/generated_Traj_912118_rep3/mdp/npt11_p1_down.mdp,integrator,md
generated:npt11_p1_down,MY_PAPER_RELATED/gromacs_eval_pred_conductivity/reproducibility/static_cne0_release/examples/generated_Traj_912118_rep3/mdp/npt11_p1_down.mdp,dt,0.001000
generated:npt11_p1_down,MY_PAPER_RELATED/gromacs_eval_pred_conductivity/reproducibility/static_cne0_release/examples/generated_Traj_912118_rep3/mdp/npt11_p1_down.mdp,cutoff-scheme,Verlet
generated:npt11_p1_down,MY_PAPER_RELATED/gromacs_eval_pred_conductivity/reproducibility/static_cne0_release/examples/generated_Traj_912118_rep3/mdp/npt11_p1_down.mdp,nstlist,20
generated:npt11_p1_down,MY_PAPER_RELATED/gromacs_eval_pred_conductivity/reproducibility/static_cne0_release/examples/generated_Traj_912118_rep3/mdp/npt11_p1_down.mdp,coulombtype,PME
generated:npt11_p1_down,MY_PAPER_RELATED/gromacs_eval_pred_conductivity/reproducibility/static_cne0_release/examples/generated_Traj_912118_rep3/mdp/npt11_p1_down.mdp,rcoulomb,1.0
generated:npt11_p1_down,MY_PAPER_RELATED/gromacs_eval_pred_conductivity/reproducibility/static_cne0_release/examples/generated_Traj_912118_rep3/mdp/npt11_p1_down.mdp,vdwtype,Cut-off
generated:npt11_p1_down,MY_PAPER_RELATED/gromacs_eval_pred_conductivity/reproducibility/static_cne0_release/examples/generated_Traj_912118_rep3/mdp/npt11_p1_down.mdp,rvdw,1.0
generated:npt11_p1_down,MY_PAPER_RELATED/gromacs_eval_pred_conductivity/reproducibility/static_cne0_release/examples/generated_Traj_912118_rep3/mdp/npt11_p1_down.mdp,DispCorr,EnerPres
generated:npt11_p1_down,MY_PAPER_RELATED/gromacs_eval_pred_conductivity/reproducibility/static_cne0_release/examples/generated_Traj_912118_rep3/mdp/npt11_p1_down.mdp,fourierspacing,0.14
generated:npt11_p1_down,MY_PAPER_RELATED/gromacs_eval_pred_conductivity/reproducibility/static_cne0_release/examples/generated_Traj_912118_rep3/mdp/npt11_p1_down.mdp,pbc,xyz
generated:npt11_p1_down,MY_PAPER_RELATED/gromacs_eval_pred_conductivity/reproducibility/static_cne0_release/examples/generated_Traj_912118_rep3/mdp/npt11_p1_down.mdp,constraints,h-bonds
generated:npt11_p1_down,MY_PAPER_RELATED/gromacs_eval_pred_conductivity/reproducibility/static_cne0_release/examples/generated_Traj_912118_rep3/mdp/npt11_p1_down.mdp,constraint-algorithm,lincs
generated:npt11_p1_down,MY_PAPER_RELATED/gromacs_eval_pred_conductivity/reproducibility/static_cne0_release/examples/generated_Traj_912118_rep3/mdp/npt11_p1_down.mdp,lincs_iter,3
generated:npt11_p1_down,MY_PAPER_RELATED/gromacs_eval_pred_conductivity/reproducibility/static_cne0_release/examples/generated_Traj_912118_rep3/mdp/npt11_p1_down.mdp,lincs_order,8
generated:npt11_p1_down,MY_PAPER_RELATED/gromacs_eval_pred_conductivity/reproducibility/static_cne0_release/examples/generated_Traj_912118_rep3/mdp/npt11_p1_down.mdp,lincs-warnangle,30
generated:npt11_p1_down,MY_PAPER_RELATED/gromacs_eval_pred_conductivity/reproducibility/static_cne0_release/examples/generated_Traj_912118_rep3/mdp/npt11_p1_down.mdp,tcoupl,nose-hoover
generated:npt11_p1_down,MY_PAPER_RELATED/gromacs_eval_pred_conductivity/reproducibility/static_cne0_release/examples/generated_Traj_912118_rep3/mdp/npt11_p1_down.mdp,tc-grps,System
generated:npt11_p1_down,MY_PAPER_RELATED/gromacs_eval_pred_conductivity/reproducibility/static_cne0_release/examples/generated_Traj_912118_rep3/mdp/npt11_p1_down.mdp,tau-t,5.00
generated:npt11_p1_down,MY_PAPER_RELATED/gromacs_eval_pred_conductivity/reproducibility/static_cne0_release/examples/generated_Traj_912118_rep3/mdp/npt11_p1_down.mdp,nstxout-compressed,500
generated:npt11_p1_down,MY_PAPER_RELATED/gromacs_eval_pred_conductivity/reproducibility/static_cne0_release/examples/generated_Traj_912118_rep3/mdp/npt11_p1_down.mdp,nstvout,0
generated:npt11_p1_down,MY_PAPER_RELATED/gromacs_eval_pred_conductivity/reproducibility/static_cne0_release/examples/generated_Traj_912118_rep3/mdp/npt11_p1_down.mdp,nstenergy,10000
generated:npt11_p1_down,MY_PAPER_RELATED/gromacs_eval_pred_conductivity/reproducibility/static_cne0_release/examples/generated_Traj_912118_rep3/mdp/npt11_p1_down.mdp,gen-vel,no
generated:npt11_p1_down,MY_PAPER_RELATED/gromacs_eval_pred_conductivity/reproducibility/static_cne0_release/examples/generated_Traj_912118_rep3/mdp/npt11_p1_down.mdp,nsteps,200000
generated:npt11_p1_down,MY_PAPER_RELATED/gromacs_eval_pred_conductivity/reproducibility/static_cne0_release/examples/generated_Traj_912118_rep3/mdp/npt11_p1_down.mdp,ref-t,353.0
generated:npt11_p1_down,MY_PAPER_RELATED/gromacs_eval_pred_conductivity/reproducibility/static_cne0_release/examples/generated_Traj_912118_rep3/mdp/npt11_p1_down.mdp,pcoupl,Berendsen
generated:npt11_p1_down,MY_PAPER_RELATED/gromacs_eval_pred_conductivity/reproducibility/static_cne0_release/examples/generated_Traj_912118_rep3/mdp/npt11_p1_down.mdp,tau-p,200.0
generated:npt11_p1_down,MY_PAPER_RELATED/gromacs_eval_pred_conductivity/reproducibility/static_cne0_release/examples/generated_Traj_912118_rep3/mdp/npt11_p1_down.mdp,ref-p,1.00
generated:npt11_p1_down,MY_PAPER_RELATED/gromacs_eval_pred_conductivity/reproducibility/static_cne0_release/examples/generated_Traj_912118_rep3/mdp/npt11_p1_down.mdp,compressibility,4.5e-5
generated:npt11_p1_down,MY_PAPER_RELATED/gromacs_eval_pred_conductivity/reproducibility/static_cne0_release/examples/generated_Traj_912118_rep3/mdp/npt11_p1_down.mdp,nstpcouple,50
generated:npt11_p1_down,MY_PAPER_RELATED/gromacs_eval_pred_conductivity/reproducibility/static_cne0_release/examples/generated_Traj_912118_rep3/mdp/npt11_p1_down.mdp,refcoord_scaling,com
generated:npt12_heat,MY_PAPER_RELATED/gromacs_eval_pred_conductivity/reproducibility/static_cne0_release/examples/generated_Traj_912118_rep3/mdp/npt12_heat.mdp,integrator,md
generated:npt12_heat,MY_PAPER_RELATED/gromacs_eval_pred_conductivity/reproducibility/static_cne0_release/examples/generated_Traj_912118_rep3/mdp/npt12_heat.mdp,dt,0.001000
generated:npt12_heat,MY_PAPER_RELATED/gromacs_eval_pred_conductivity/reproducibility/static_cne0_release/examples/generated_Traj_912118_rep3/mdp/npt12_heat.mdp,cutoff-scheme,Verlet
generated:npt12_heat,MY_PAPER_RELATED/gromacs_eval_pred_conductivity/reproducibility/static_cne0_release/examples/generated_Traj_912118_rep3/mdp/npt12_heat.mdp,nstlist,20
generated:npt12_heat,MY_PAPER_RELATED/gromacs_eval_pred_conductivity/reproducibility/static_cne0_release/examples/generated_Traj_912118_rep3/mdp/npt12_heat.mdp,coulombtype,PME
generated:npt12_heat,MY_PAPER_RELATED/gromacs_eval_pred_conductivity/reproducibility/static_cne0_release/examples/generated_Traj_912118_rep3/mdp/npt12_heat.mdp,rcoulomb,1.0
generated:npt12_heat,MY_PAPER_RELATED/gromacs_eval_pred_conductivity/reproducibility/static_cne0_release/examples/generated_Traj_912118_rep3/mdp/npt12_heat.mdp,vdwtype,Cut-off
generated:npt12_heat,MY_PAPER_RELATED/gromacs_eval_pred_conductivity/reproducibility/static_cne0_release/examples/generated_Traj_912118_rep3/mdp/npt12_heat.mdp,rvdw,1.0
generated:npt12_heat,MY_PAPER_RELATED/gromacs_eval_pred_conductivity/reproducibility/static_cne0_release/examples/generated_Traj_912118_rep3/mdp/npt12_heat.mdp,DispCorr,EnerPres
generated:npt12_heat,MY_PAPER_RELATED/gromacs_eval_pred_conductivity/reproducibility/static_cne0_release/examples/generated_Traj_912118_rep3/mdp/npt12_heat.mdp,fourierspacing,0.14
generated:npt12_heat,MY_PAPER_RELATED/gromacs_eval_pred_conductivity/reproducibility/static_cne0_release/examples/generated_Traj_912118_rep3/mdp/npt12_heat.mdp,pbc,xyz
generated:npt12_heat,MY_PAPER_RELATED/gromacs_eval_pred_conductivity/reproducibility/static_cne0_release/examples/generated_Traj_912118_rep3/mdp/npt12_heat.mdp,constraints,h-bonds
generated:npt12_heat,MY_PAPER_RELATED/gromacs_eval_pred_conductivity/reproducibility/static_cne0_release/examples/generated_Traj_912118_rep3/mdp/npt12_heat.mdp,constraint-algorithm,lincs
generated:npt12_heat,MY_PAPER_RELATED/gromacs_eval_pred_conductivity/reproducibility/static_cne0_release/examples/generated_Traj_912118_rep3/mdp/npt12_heat.mdp,lincs_iter,3
generated:npt12_heat,MY_PAPER_RELATED/gromacs_eval_pred_conductivity/reproducibility/static_cne0_release/examples/generated_Traj_912118_rep3/mdp/npt12_heat.mdp,lincs_order,8
generated:npt12_heat,MY_PAPER_RELATED/gromacs_eval_pred_conductivity/reproducibility/static_cne0_release/examples/generated_Traj_912118_rep3/mdp/npt12_heat.mdp,lincs-warnangle,30
generated:npt12_heat,MY_PAPER_RELATED/gromacs_eval_pred_conductivity/reproducibility/static_cne0_release/examples/generated_Traj_912118_rep3/mdp/npt12_heat.mdp,tcoupl,nose-hoover
generated:npt12_heat,MY_PAPER_RELATED/gromacs_eval_pred_conductivity/reproducibility/static_cne0_release/examples/generated_Traj_912118_rep3/mdp/npt12_heat.mdp,tc-grps,System
generated:npt12_heat,MY_PAPER_RELATED/gromacs_eval_pred_conductivity/reproducibility/static_cne0_release/examples/generated_Traj_912118_rep3/mdp/npt12_heat.mdp,tau-t,2.00
generated:npt12_heat,MY_PAPER_RELATED/gromacs_eval_pred_conductivity/reproducibility/static_cne0_release/examples/generated_Traj_912118_rep3/mdp/npt12_heat.mdp,nstxout-compressed,500
generated:npt12_heat,MY_PAPER_RELATED/gromacs_eval_pred_conductivity/reproducibility/static_cne0_release/examples/generated_Traj_912118_rep3/mdp/npt12_heat.mdp,nstvout,0
generated:npt12_heat,MY_PAPER_RELATED/gromacs_eval_pred_conductivity/reproducibility/static_cne0_release/examples/generated_Traj_912118_rep3/mdp/npt12_heat.mdp,nstenergy,10000
generated:npt12_heat,MY_PAPER_RELATED/gromacs_eval_pred_conductivity/reproducibility/static_cne0_release/examples/generated_Traj_912118_rep3/mdp/npt12_heat.mdp,gen-vel,no
generated:npt12_heat,MY_PAPER_RELATED/gromacs_eval_pred_conductivity/reproducibility/static_cne0_release/examples/generated_Traj_912118_rep3/mdp/npt12_heat.mdp,nsteps,400000
generated:npt12_heat,MY_PAPER_RELATED/gromacs_eval_pred_conductivity/reproducibility/static_cne0_release/examples/generated_Traj_912118_rep3/mdp/npt12_heat.mdp,ref-t,353.0
generated:npt12_heat,MY_PAPER_RELATED/gromacs_eval_pred_conductivity/reproducibility/static_cne0_release/examples/generated_Traj_912118_rep3/mdp/npt12_heat.mdp,pcoupl,Parrinello-Rahman
generated:npt12_heat,MY_PAPER_RELATED/gromacs_eval_pred_conductivity/reproducibility/static_cne0_release/examples/generated_Traj_912118_rep3/mdp/npt12_heat.mdp,tau-p,20.0
generated:npt12_heat,MY_PAPER_RELATED/gromacs_eval_pred_conductivity/reproducibility/static_cne0_release/examples/generated_Traj_912118_rep3/mdp/npt12_heat.mdp,ref-p,1.00
generated:npt12_heat,MY_PAPER_RELATED/gromacs_eval_pred_conductivity/reproducibility/static_cne0_release/examples/generated_Traj_912118_rep3/mdp/npt12_heat.mdp,compressibility,4.5e-5
generated:npt12_heat,MY_PAPER_RELATED/gromacs_eval_pred_conductivity/reproducibility/static_cne0_release/examples/generated_Traj_912118_rep3/mdp/npt12_heat.mdp,nstpcouple,50
generated:npt12_heat,MY_PAPER_RELATED/gromacs_eval_pred_conductivity/reproducibility/static_cne0_release/examples/generated_Traj_912118_rep3/mdp/npt12_heat.mdp,refcoord_scaling,com
generated:npt12_heat,MY_PAPER_RELATED/gromacs_eval_pred_conductivity/reproducibility/static_cne0_release/examples/generated_Traj_912118_rep3/mdp/npt12_heat.mdp,annealing,single
generated:npt12_heat,MY_PAPER_RELATED/gromacs_eval_pred_conductivity/reproducibility/static_cne0_release/examples/generated_Traj_912118_rep3/mdp/npt12_heat.mdp,annealing-npoints,2
generated:npt12_heat,MY_PAPER_RELATED/gromacs_eval_pred_conductivity/reproducibility/static_cne0_release/examples/generated_Traj_912118_rep3/mdp/npt12_heat.mdp,annealing-time,0 400.0
generated:npt12_heat,MY_PAPER_RELATED/gromacs_eval_pred_conductivity/reproducibility/static_cne0_release/examples/generated_Traj_912118_rep3/mdp/npt12_heat.mdp,annealing-temp,353.0 453.0
generated:npt13_cool,MY_PAPER_RELATED/gromacs_eval_pred_conductivity/reproducibility/static_cne0_release/examples/generated_Traj_912118_rep3/mdp/npt13_cool.mdp,integrator,md
generated:npt13_cool,MY_PAPER_RELATED/gromacs_eval_pred_conductivity/reproducibility/static_cne0_release/examples/generated_Traj_912118_rep3/mdp/npt13_cool.mdp,dt,0.001000
generated:npt13_cool,MY_PAPER_RELATED/gromacs_eval_pred_conductivity/reproducibility/static_cne0_release/examples/generated_Traj_912118_rep3/mdp/npt13_cool.mdp,cutoff-scheme,Verlet
generated:npt13_cool,MY_PAPER_RELATED/gromacs_eval_pred_conductivity/reproducibility/static_cne0_release/examples/generated_Traj_912118_rep3/mdp/npt13_cool.mdp,nstlist,20
generated:npt13_cool,MY_PAPER_RELATED/gromacs_eval_pred_conductivity/reproducibility/static_cne0_release/examples/generated_Traj_912118_rep3/mdp/npt13_cool.mdp,coulombtype,PME
generated:npt13_cool,MY_PAPER_RELATED/gromacs_eval_pred_conductivity/reproducibility/static_cne0_release/examples/generated_Traj_912118_rep3/mdp/npt13_cool.mdp,rcoulomb,1.0
generated:npt13_cool,MY_PAPER_RELATED/gromacs_eval_pred_conductivity/reproducibility/static_cne0_release/examples/generated_Traj_912118_rep3/mdp/npt13_cool.mdp,vdwtype,Cut-off
generated:npt13_cool,MY_PAPER_RELATED/gromacs_eval_pred_conductivity/reproducibility/static_cne0_release/examples/generated_Traj_912118_rep3/mdp/npt13_cool.mdp,rvdw,1.0
generated:npt13_cool,MY_PAPER_RELATED/gromacs_eval_pred_conductivity/reproducibility/static_cne0_release/examples/generated_Traj_912118_rep3/mdp/npt13_cool.mdp,DispCorr,EnerPres
generated:npt13_cool,MY_PAPER_RELATED/gromacs_eval_pred_conductivity/reproducibility/static_cne0_release/examples/generated_Traj_912118_rep3/mdp/npt13_cool.mdp,fourierspacing,0.14
generated:npt13_cool,MY_PAPER_RELATED/gromacs_eval_pred_conductivity/reproducibility/static_cne0_release/examples/generated_Traj_912118_rep3/mdp/npt13_cool.mdp,pbc,xyz
generated:npt13_cool,MY_PAPER_RELATED/gromacs_eval_pred_conductivity/reproducibility/static_cne0_release/examples/generated_Traj_912118_rep3/mdp/npt13_cool.mdp,constraints,h-bonds
generated:npt13_cool,MY_PAPER_RELATED/gromacs_eval_pred_conductivity/reproducibility/static_cne0_release/examples/generated_Traj_912118_rep3/mdp/npt13_cool.mdp,constraint-algorithm,lincs
generated:npt13_cool,MY_PAPER_RELATED/gromacs_eval_pred_conductivity/reproducibility/static_cne0_release/examples/generated_Traj_912118_rep3/mdp/npt13_cool.mdp,lincs_iter,3
generated:npt13_cool,MY_PAPER_RELATED/gromacs_eval_pred_conductivity/reproducibility/static_cne0_release/examples/generated_Traj_912118_rep3/mdp/npt13_cool.mdp,lincs_order,8
generated:npt13_cool,MY_PAPER_RELATED/gromacs_eval_pred_conductivity/reproducibility/static_cne0_release/examples/generated_Traj_912118_rep3/mdp/npt13_cool.mdp,lincs-warnangle,30
generated:npt13_cool,MY_PAPER_RELATED/gromacs_eval_pred_conductivity/reproducibility/static_cne0_release/examples/generated_Traj_912118_rep3/mdp/npt13_cool.mdp,tcoupl,nose-hoover
generated:npt13_cool,MY_PAPER_RELATED/gromacs_eval_pred_conductivity/reproducibility/static_cne0_release/examples/generated_Traj_912118_rep3/mdp/npt13_cool.mdp,tc-grps,System
generated:npt13_cool,MY_PAPER_RELATED/gromacs_eval_pred_conductivity/reproducibility/static_cne0_release/examples/generated_Traj_912118_rep3/mdp/npt13_cool.mdp,tau-t,2.00
generated:npt13_cool,MY_PAPER_RELATED/gromacs_eval_pred_conductivity/reproducibility/static_cne0_release/examples/generated_Traj_912118_rep3/mdp/npt13_cool.mdp,nstxout-compressed,500
generated:npt13_cool,MY_PAPER_RELATED/gromacs_eval_pred_conductivity/reproducibility/static_cne0_release/examples/generated_Traj_912118_rep3/mdp/npt13_cool.mdp,nstvout,0
generated:npt13_cool,MY_PAPER_RELATED/gromacs_eval_pred_conductivity/reproducibility/static_cne0_release/examples/generated_Traj_912118_rep3/mdp/npt13_cool.mdp,nstenergy,10000
generated:npt13_cool,MY_PAPER_RELATED/gromacs_eval_pred_conductivity/reproducibility/static_cne0_release/examples/generated_Traj_912118_rep3/mdp/npt13_cool.mdp,gen-vel,no
generated:npt13_cool,MY_PAPER_RELATED/gromacs_eval_pred_conductivity/reproducibility/static_cne0_release/examples/generated_Traj_912118_rep3/mdp/npt13_cool.mdp,nsteps,400000
generated:npt13_cool,MY_PAPER_RELATED/gromacs_eval_pred_conductivity/reproducibility/static_cne0_release/examples/generated_Traj_912118_rep3/mdp/npt13_cool.mdp,ref-t,453.0
generated:npt13_cool,MY_PAPER_RELATED/gromacs_eval_pred_conductivity/reproducibility/static_cne0_release/examples/generated_Traj_912118_rep3/mdp/npt13_cool.mdp,pcoupl,Parrinello-Rahman
generated:npt13_cool,MY_PAPER_RELATED/gromacs_eval_pred_conductivity/reproducibility/static_cne0_release/examples/generated_Traj_912118_rep3/mdp/npt13_cool.mdp,tau-p,20.0
generated:npt13_cool,MY_PAPER_RELATED/gromacs_eval_pred_conductivity/reproducibility/static_cne0_release/examples/generated_Traj_912118_rep3/mdp/npt13_cool.mdp,ref-p,1.00
generated:npt13_cool,MY_PAPER_RELATED/gromacs_eval_pred_conductivity/reproducibility/static_cne0_release/examples/generated_Traj_912118_rep3/mdp/npt13_cool.mdp,compressibility,4.5e-5
generated:npt13_cool,MY_PAPER_RELATED/gromacs_eval_pred_conductivity/reproducibility/static_cne0_release/examples/generated_Traj_912118_rep3/mdp/npt13_cool.mdp,nstpcouple,50
generated:npt13_cool,MY_PAPER_RELATED/gromacs_eval_pred_conductivity/reproducibility/static_cne0_release/examples/generated_Traj_912118_rep3/mdp/npt13_cool.mdp,refcoord_scaling,com
generated:npt13_cool,MY_PAPER_RELATED/gromacs_eval_pred_conductivity/reproducibility/static_cne0_release/examples/generated_Traj_912118_rep3/mdp/npt13_cool.mdp,annealing,single
generated:npt13_cool,MY_PAPER_RELATED/gromacs_eval_pred_conductivity/reproducibility/static_cne0_release/examples/generated_Traj_912118_rep3/mdp/npt13_cool.mdp,annealing-npoints,2
generated:npt13_cool,MY_PAPER_RELATED/gromacs_eval_pred_conductivity/reproducibility/static_cne0_release/examples/generated_Traj_912118_rep3/mdp/npt13_cool.mdp,annealing-time,0 400.0
generated:npt13_cool,MY_PAPER_RELATED/gromacs_eval_pred_conductivity/reproducibility/static_cne0_release/examples/generated_Traj_912118_rep3/mdp/npt13_cool.mdp,annealing-temp,453.0 353.0
generated:npt14_p200_up,MY_PAPER_RELATED/gromacs_eval_pred_conductivity/reproducibility/static_cne0_release/examples/generated_Traj_912118_rep3/mdp/npt14_p200_up.mdp,integrator,md
generated:npt14_p200_up,MY_PAPER_RELATED/gromacs_eval_pred_conductivity/reproducibility/static_cne0_release/examples/generated_Traj_912118_rep3/mdp/npt14_p200_up.mdp,dt,0.001000
generated:npt14_p200_up,MY_PAPER_RELATED/gromacs_eval_pred_conductivity/reproducibility/static_cne0_release/examples/generated_Traj_912118_rep3/mdp/npt14_p200_up.mdp,cutoff-scheme,Verlet
generated:npt14_p200_up,MY_PAPER_RELATED/gromacs_eval_pred_conductivity/reproducibility/static_cne0_release/examples/generated_Traj_912118_rep3/mdp/npt14_p200_up.mdp,nstlist,20
generated:npt14_p200_up,MY_PAPER_RELATED/gromacs_eval_pred_conductivity/reproducibility/static_cne0_release/examples/generated_Traj_912118_rep3/mdp/npt14_p200_up.mdp,coulombtype,PME
generated:npt14_p200_up,MY_PAPER_RELATED/gromacs_eval_pred_conductivity/reproducibility/static_cne0_release/examples/generated_Traj_912118_rep3/mdp/npt14_p200_up.mdp,rcoulomb,1.0
generated:npt14_p200_up,MY_PAPER_RELATED/gromacs_eval_pred_conductivity/reproducibility/static_cne0_release/examples/generated_Traj_912118_rep3/mdp/npt14_p200_up.mdp,vdwtype,Cut-off
generated:npt14_p200_up,MY_PAPER_RELATED/gromacs_eval_pred_conductivity/reproducibility/static_cne0_release/examples/generated_Traj_912118_rep3/mdp/npt14_p200_up.mdp,rvdw,1.0
generated:npt14_p200_up,MY_PAPER_RELATED/gromacs_eval_pred_conductivity/reproducibility/static_cne0_release/examples/generated_Traj_912118_rep3/mdp/npt14_p200_up.mdp,DispCorr,EnerPres
generated:npt14_p200_up,MY_PAPER_RELATED/gromacs_eval_pred_conductivity/reproducibility/static_cne0_release/examples/generated_Traj_912118_rep3/mdp/npt14_p200_up.mdp,fourierspacing,0.14
generated:npt14_p200_up,MY_PAPER_RELATED/gromacs_eval_pred_conductivity/reproducibility/static_cne0_release/examples/generated_Traj_912118_rep3/mdp/npt14_p200_up.mdp,pbc,xyz
generated:npt14_p200_up,MY_PAPER_RELATED/gromacs_eval_pred_conductivity/reproducibility/static_cne0_release/examples/generated_Traj_912118_rep3/mdp/npt14_p200_up.mdp,constraints,h-bonds
generated:npt14_p200_up,MY_PAPER_RELATED/gromacs_eval_pred_conductivity/reproducibility/static_cne0_release/examples/generated_Traj_912118_rep3/mdp/npt14_p200_up.mdp,constraint-algorithm,lincs
generated:npt14_p200_up,MY_PAPER_RELATED/gromacs_eval_pred_conductivity/reproducibility/static_cne0_release/examples/generated_Traj_912118_rep3/mdp/npt14_p200_up.mdp,lincs_iter,3
generated:npt14_p200_up,MY_PAPER_RELATED/gromacs_eval_pred_conductivity/reproducibility/static_cne0_release/examples/generated_Traj_912118_rep3/mdp/npt14_p200_up.mdp,lincs_order,8
generated:npt14_p200_up,MY_PAPER_RELATED/gromacs_eval_pred_conductivity/reproducibility/static_cne0_release/examples/generated_Traj_912118_rep3/mdp/npt14_p200_up.mdp,lincs-warnangle,30
generated:npt14_p200_up,MY_PAPER_RELATED/gromacs_eval_pred_conductivity/reproducibility/static_cne0_release/examples/generated_Traj_912118_rep3/mdp/npt14_p200_up.mdp,tcoupl,nose-hoover
generated:npt14_p200_up,MY_PAPER_RELATED/gromacs_eval_pred_conductivity/reproducibility/static_cne0_release/examples/generated_Traj_912118_rep3/mdp/npt14_p200_up.mdp,tc-grps,System
generated:npt14_p200_up,MY_PAPER_RELATED/gromacs_eval_pred_conductivity/reproducibility/static_cne0_release/examples/generated_Traj_912118_rep3/mdp/npt14_p200_up.mdp,tau-t,5.00
generated:npt14_p200_up,MY_PAPER_RELATED/gromacs_eval_pred_conductivity/reproducibility/static_cne0_release/examples/generated_Traj_912118_rep3/mdp/npt14_p200_up.mdp,nstxout-compressed,500
generated:npt14_p200_up,MY_PAPER_RELATED/gromacs_eval_pred_conductivity/reproducibility/static_cne0_release/examples/generated_Traj_912118_rep3/mdp/npt14_p200_up.mdp,nstvout,0
generated:npt14_p200_up,MY_PAPER_RELATED/gromacs_eval_pred_conductivity/reproducibility/static_cne0_release/examples/generated_Traj_912118_rep3/mdp/npt14_p200_up.mdp,nstenergy,10000
generated:npt14_p200_up,MY_PAPER_RELATED/gromacs_eval_pred_conductivity/reproducibility/static_cne0_release/examples/generated_Traj_912118_rep3/mdp/npt14_p200_up.mdp,gen-vel,no
generated:npt14_p200_up,MY_PAPER_RELATED/gromacs_eval_pred_conductivity/reproducibility/static_cne0_release/examples/generated_Traj_912118_rep3/mdp/npt14_p200_up.mdp,nsteps,100000
generated:npt14_p200_up,MY_PAPER_RELATED/gromacs_eval_pred_conductivity/reproducibility/static_cne0_release/examples/generated_Traj_912118_rep3/mdp/npt14_p200_up.mdp,ref-t,353.0
generated:npt14_p200_up,MY_PAPER_RELATED/gromacs_eval_pred_conductivity/reproducibility/static_cne0_release/examples/generated_Traj_912118_rep3/mdp/npt14_p200_up.mdp,pcoupl,Berendsen
generated:npt14_p200_up,MY_PAPER_RELATED/gromacs_eval_pred_conductivity/reproducibility/static_cne0_release/examples/generated_Traj_912118_rep3/mdp/npt14_p200_up.mdp,tau-p,200.0
generated:npt14_p200_up,MY_PAPER_RELATED/gromacs_eval_pred_conductivity/reproducibility/static_cne0_release/examples/generated_Traj_912118_rep3/mdp/npt14_p200_up.mdp,ref-p,200.00
generated:npt14_p200_up,MY_PAPER_RELATED/gromacs_eval_pred_conductivity/reproducibility/static_cne0_release/examples/generated_Traj_912118_rep3/mdp/npt14_p200_up.mdp,compressibility,4.5e-5
generated:npt14_p200_up,MY_PAPER_RELATED/gromacs_eval_pred_conductivity/reproducibility/static_cne0_release/examples/generated_Traj_912118_rep3/mdp/npt14_p200_up.mdp,nstpcouple,50
generated:npt14_p200_up,MY_PAPER_RELATED/gromacs_eval_pred_conductivity/reproducibility/static_cne0_release/examples/generated_Traj_912118_rep3/mdp/npt14_p200_up.mdp,refcoord_scaling,com
generated:npt15_p1k_up,MY_PAPER_RELATED/gromacs_eval_pred_conductivity/reproducibility/static_cne0_release/examples/generated_Traj_912118_rep3/mdp/npt15_p1k_up.mdp,integrator,md
generated:npt15_p1k_up,MY_PAPER_RELATED/gromacs_eval_pred_conductivity/reproducibility/static_cne0_release/examples/generated_Traj_912118_rep3/mdp/npt15_p1k_up.mdp,dt,0.001000
generated:npt15_p1k_up,MY_PAPER_RELATED/gromacs_eval_pred_conductivity/reproducibility/static_cne0_release/examples/generated_Traj_912118_rep3/mdp/npt15_p1k_up.mdp,cutoff-scheme,Verlet
generated:npt15_p1k_up,MY_PAPER_RELATED/gromacs_eval_pred_conductivity/reproducibility/static_cne0_release/examples/generated_Traj_912118_rep3/mdp/npt15_p1k_up.mdp,nstlist,20
generated:npt15_p1k_up,MY_PAPER_RELATED/gromacs_eval_pred_conductivity/reproducibility/static_cne0_release/examples/generated_Traj_912118_rep3/mdp/npt15_p1k_up.mdp,coulombtype,PME
generated:npt15_p1k_up,MY_PAPER_RELATED/gromacs_eval_pred_conductivity/reproducibility/static_cne0_release/examples/generated_Traj_912118_rep3/mdp/npt15_p1k_up.mdp,rcoulomb,1.0
generated:npt15_p1k_up,MY_PAPER_RELATED/gromacs_eval_pred_conductivity/reproducibility/static_cne0_release/examples/generated_Traj_912118_rep3/mdp/npt15_p1k_up.mdp,vdwtype,Cut-off
generated:npt15_p1k_up,MY_PAPER_RELATED/gromacs_eval_pred_conductivity/reproducibility/static_cne0_release/examples/generated_Traj_912118_rep3/mdp/npt15_p1k_up.mdp,rvdw,1.0
generated:npt15_p1k_up,MY_PAPER_RELATED/gromacs_eval_pred_conductivity/reproducibility/static_cne0_release/examples/generated_Traj_912118_rep3/mdp/npt15_p1k_up.mdp,DispCorr,EnerPres
generated:npt15_p1k_up,MY_PAPER_RELATED/gromacs_eval_pred_conductivity/reproducibility/static_cne0_release/examples/generated_Traj_912118_rep3/mdp/npt15_p1k_up.mdp,fourierspacing,0.14
generated:npt15_p1k_up,MY_PAPER_RELATED/gromacs_eval_pred_conductivity/reproducibility/static_cne0_release/examples/generated_Traj_912118_rep3/mdp/npt15_p1k_up.mdp,pbc,xyz
generated:npt15_p1k_up,MY_PAPER_RELATED/gromacs_eval_pred_conductivity/reproducibility/static_cne0_release/examples/generated_Traj_912118_rep3/mdp/npt15_p1k_up.mdp,constraints,h-bonds
generated:npt15_p1k_up,MY_PAPER_RELATED/gromacs_eval_pred_conductivity/reproducibility/static_cne0_release/examples/generated_Traj_912118_rep3/mdp/npt15_p1k_up.mdp,constraint-algorithm,lincs
generated:npt15_p1k_up,MY_PAPER_RELATED/gromacs_eval_pred_conductivity/reproducibility/static_cne0_release/examples/generated_Traj_912118_rep3/mdp/npt15_p1k_up.mdp,lincs_iter,3
generated:npt15_p1k_up,MY_PAPER_RELATED/gromacs_eval_pred_conductivity/reproducibility/static_cne0_release/examples/generated_Traj_912118_rep3/mdp/npt15_p1k_up.mdp,lincs_order,8
generated:npt15_p1k_up,MY_PAPER_RELATED/gromacs_eval_pred_conductivity/reproducibility/static_cne0_release/examples/generated_Traj_912118_rep3/mdp/npt15_p1k_up.mdp,lincs-warnangle,30
generated:npt15_p1k_up,MY_PAPER_RELATED/gromacs_eval_pred_conductivity/reproducibility/static_cne0_release/examples/generated_Traj_912118_rep3/mdp/npt15_p1k_up.mdp,tcoupl,nose-hoover
generated:npt15_p1k_up,MY_PAPER_RELATED/gromacs_eval_pred_conductivity/reproducibility/static_cne0_release/examples/generated_Traj_912118_rep3/mdp/npt15_p1k_up.mdp,tc-grps,System
generated:npt15_p1k_up,MY_PAPER_RELATED/gromacs_eval_pred_conductivity/reproducibility/static_cne0_release/examples/generated_Traj_912118_rep3/mdp/npt15_p1k_up.mdp,tau-t,5.00
generated:npt15_p1k_up,MY_PAPER_RELATED/gromacs_eval_pred_conductivity/reproducibility/static_cne0_release/examples/generated_Traj_912118_rep3/mdp/npt15_p1k_up.mdp,nstxout-compressed,500
generated:npt15_p1k_up,MY_PAPER_RELATED/gromacs_eval_pred_conductivity/reproducibility/static_cne0_release/examples/generated_Traj_912118_rep3/mdp/npt15_p1k_up.mdp,nstvout,0
generated:npt15_p1k_up,MY_PAPER_RELATED/gromacs_eval_pred_conductivity/reproducibility/static_cne0_release/examples/generated_Traj_912118_rep3/mdp/npt15_p1k_up.mdp,nstenergy,10000
generated:npt15_p1k_up,MY_PAPER_RELATED/gromacs_eval_pred_conductivity/reproducibility/static_cne0_release/examples/generated_Traj_912118_rep3/mdp/npt15_p1k_up.mdp,gen-vel,no
generated:npt15_p1k_up,MY_PAPER_RELATED/gromacs_eval_pred_conductivity/reproducibility/static_cne0_release/examples/generated_Traj_912118_rep3/mdp/npt15_p1k_up.mdp,nsteps,100000
generated:npt15_p1k_up,MY_PAPER_RELATED/gromacs_eval_pred_conductivity/reproducibility/static_cne0_release/examples/generated_Traj_912118_rep3/mdp/npt15_p1k_up.mdp,ref-t,353.0
generated:npt15_p1k_up,MY_PAPER_RELATED/gromacs_eval_pred_conductivity/reproducibility/static_cne0_release/examples/generated_Traj_912118_rep3/mdp/npt15_p1k_up.mdp,pcoupl,Berendsen
generated:npt15_p1k_up,MY_PAPER_RELATED/gromacs_eval_pred_conductivity/reproducibility/static_cne0_release/examples/generated_Traj_912118_rep3/mdp/npt15_p1k_up.mdp,tau-p,200.0
generated:npt15_p1k_up,MY_PAPER_RELATED/gromacs_eval_pred_conductivity/reproducibility/static_cne0_release/examples/generated_Traj_912118_rep3/mdp/npt15_p1k_up.mdp,ref-p,1013.25
generated:npt15_p1k_up,MY_PAPER_RELATED/gromacs_eval_pred_conductivity/reproducibility/static_cne0_release/examples/generated_Traj_912118_rep3/mdp/npt15_p1k_up.mdp,compressibility,4.5e-5
generated:npt15_p1k_up,MY_PAPER_RELATED/gromacs_eval_pred_conductivity/reproducibility/static_cne0_release/examples/generated_Traj_912118_rep3/mdp/npt15_p1k_up.mdp,nstpcouple,50
generated:npt15_p1k_up,MY_PAPER_RELATED/gromacs_eval_pred_conductivity/reproducibility/static_cne0_release/examples/generated_Traj_912118_rep3/mdp/npt15_p1k_up.mdp,refcoord_scaling,com
generated:npt16_p2k_up,MY_PAPER_RELATED/gromacs_eval_pred_conductivity/reproducibility/static_cne0_release/examples/generated_Traj_912118_rep3/mdp/npt16_p2k_up.mdp,integrator,md
generated:npt16_p2k_up,MY_PAPER_RELATED/gromacs_eval_pred_conductivity/reproducibility/static_cne0_release/examples/generated_Traj_912118_rep3/mdp/npt16_p2k_up.mdp,dt,0.001000
generated:npt16_p2k_up,MY_PAPER_RELATED/gromacs_eval_pred_conductivity/reproducibility/static_cne0_release/examples/generated_Traj_912118_rep3/mdp/npt16_p2k_up.mdp,cutoff-scheme,Verlet
generated:npt16_p2k_up,MY_PAPER_RELATED/gromacs_eval_pred_conductivity/reproducibility/static_cne0_release/examples/generated_Traj_912118_rep3/mdp/npt16_p2k_up.mdp,nstlist,20
generated:npt16_p2k_up,MY_PAPER_RELATED/gromacs_eval_pred_conductivity/reproducibility/static_cne0_release/examples/generated_Traj_912118_rep3/mdp/npt16_p2k_up.mdp,coulombtype,PME
generated:npt16_p2k_up,MY_PAPER_RELATED/gromacs_eval_pred_conductivity/reproducibility/static_cne0_release/examples/generated_Traj_912118_rep3/mdp/npt16_p2k_up.mdp,rcoulomb,1.0
generated:npt16_p2k_up,MY_PAPER_RELATED/gromacs_eval_pred_conductivity/reproducibility/static_cne0_release/examples/generated_Traj_912118_rep3/mdp/npt16_p2k_up.mdp,vdwtype,Cut-off
generated:npt16_p2k_up,MY_PAPER_RELATED/gromacs_eval_pred_conductivity/reproducibility/static_cne0_release/examples/generated_Traj_912118_rep3/mdp/npt16_p2k_up.mdp,rvdw,1.0
generated:npt16_p2k_up,MY_PAPER_RELATED/gromacs_eval_pred_conductivity/reproducibility/static_cne0_release/examples/generated_Traj_912118_rep3/mdp/npt16_p2k_up.mdp,DispCorr,EnerPres
generated:npt16_p2k_up,MY_PAPER_RELATED/gromacs_eval_pred_conductivity/reproducibility/static_cne0_release/examples/generated_Traj_912118_rep3/mdp/npt16_p2k_up.mdp,fourierspacing,0.14
generated:npt16_p2k_up,MY_PAPER_RELATED/gromacs_eval_pred_conductivity/reproducibility/static_cne0_release/examples/generated_Traj_912118_rep3/mdp/npt16_p2k_up.mdp,pbc,xyz
generated:npt16_p2k_up,MY_PAPER_RELATED/gromacs_eval_pred_conductivity/reproducibility/static_cne0_release/examples/generated_Traj_912118_rep3/mdp/npt16_p2k_up.mdp,constraints,h-bonds
generated:npt16_p2k_up,MY_PAPER_RELATED/gromacs_eval_pred_conductivity/reproducibility/static_cne0_release/examples/generated_Traj_912118_rep3/mdp/npt16_p2k_up.mdp,constraint-algorithm,lincs
generated:npt16_p2k_up,MY_PAPER_RELATED/gromacs_eval_pred_conductivity/reproducibility/static_cne0_release/examples/generated_Traj_912118_rep3/mdp/npt16_p2k_up.mdp,lincs_iter,3
generated:npt16_p2k_up,MY_PAPER_RELATED/gromacs_eval_pred_conductivity/reproducibility/static_cne0_release/examples/generated_Traj_912118_rep3/mdp/npt16_p2k_up.mdp,lincs_order,8
generated:npt16_p2k_up,MY_PAPER_RELATED/gromacs_eval_pred_conductivity/reproducibility/static_cne0_release/examples/generated_Traj_912118_rep3/mdp/npt16_p2k_up.mdp,lincs-warnangle,30
generated:npt16_p2k_up,MY_PAPER_RELATED/gromacs_eval_pred_conductivity/reproducibility/static_cne0_release/examples/generated_Traj_912118_rep3/mdp/npt16_p2k_up.mdp,tcoupl,nose-hoover
generated:npt16_p2k_up,MY_PAPER_RELATED/gromacs_eval_pred_conductivity/reproducibility/static_cne0_release/examples/generated_Traj_912118_rep3/mdp/npt16_p2k_up.mdp,tc-grps,System
generated:npt16_p2k_up,MY_PAPER_RELATED/gromacs_eval_pred_conductivity/reproducibility/static_cne0_release/examples/generated_Traj_912118_rep3/mdp/npt16_p2k_up.mdp,tau-t,5.00
generated:npt16_p2k_up,MY_PAPER_RELATED/gromacs_eval_pred_conductivity/reproducibility/static_cne0_release/examples/generated_Traj_912118_rep3/mdp/npt16_p2k_up.mdp,nstxout-compressed,500
generated:npt16_p2k_up,MY_PAPER_RELATED/gromacs_eval_pred_conductivity/reproducibility/static_cne0_release/examples/generated_Traj_912118_rep3/mdp/npt16_p2k_up.mdp,nstvout,0
generated:npt16_p2k_up,MY_PAPER_RELATED/gromacs_eval_pred_conductivity/reproducibility/static_cne0_release/examples/generated_Traj_912118_rep3/mdp/npt16_p2k_up.mdp,nstenergy,10000
generated:npt16_p2k_up,MY_PAPER_RELATED/gromacs_eval_pred_conductivity/reproducibility/static_cne0_release/examples/generated_Traj_912118_rep3/mdp/npt16_p2k_up.mdp,gen-vel,no
generated:npt16_p2k_up,MY_PAPER_RELATED/gromacs_eval_pred_conductivity/reproducibility/static_cne0_release/examples/generated_Traj_912118_rep3/mdp/npt16_p2k_up.mdp,nsteps,150000
generated:npt16_p2k_up,MY_PAPER_RELATED/gromacs_eval_pred_conductivity/reproducibility/static_cne0_release/examples/generated_Traj_912118_rep3/mdp/npt16_p2k_up.mdp,ref-t,353.0
generated:npt16_p2k_up,MY_PAPER_RELATED/gromacs_eval_pred_conductivity/reproducibility/static_cne0_release/examples/generated_Traj_912118_rep3/mdp/npt16_p2k_up.mdp,pcoupl,Berendsen
generated:npt16_p2k_up,MY_PAPER_RELATED/gromacs_eval_pred_conductivity/reproducibility/static_cne0_release/examples/generated_Traj_912118_rep3/mdp/npt16_p2k_up.mdp,tau-p,200.0
generated:npt16_p2k_up,MY_PAPER_RELATED/gromacs_eval_pred_conductivity/reproducibility/static_cne0_release/examples/generated_Traj_912118_rep3/mdp/npt16_p2k_up.mdp,ref-p,2026.50
generated:npt16_p2k_up,MY_PAPER_RELATED/gromacs_eval_pred_conductivity/reproducibility/static_cne0_release/examples/generated_Traj_912118_rep3/mdp/npt16_p2k_up.mdp,compressibility,4.5e-5
generated:npt16_p2k_up,MY_PAPER_RELATED/gromacs_eval_pred_conductivity/reproducibility/static_cne0_release/examples/generated_Traj_912118_rep3/mdp/npt16_p2k_up.mdp,nstpcouple,50
generated:npt16_p2k_up,MY_PAPER_RELATED/gromacs_eval_pred_conductivity/reproducibility/static_cne0_release/examples/generated_Traj_912118_rep3/mdp/npt16_p2k_up.mdp,refcoord_scaling,com
generated:npt17_p4k_up,MY_PAPER_RELATED/gromacs_eval_pred_conductivity/reproducibility/static_cne0_release/examples/generated_Traj_912118_rep3/mdp/npt17_p4k_up.mdp,integrator,md
generated:npt17_p4k_up,MY_PAPER_RELATED/gromacs_eval_pred_conductivity/reproducibility/static_cne0_release/examples/generated_Traj_912118_rep3/mdp/npt17_p4k_up.mdp,dt,0.001000
generated:npt17_p4k_up,MY_PAPER_RELATED/gromacs_eval_pred_conductivity/reproducibility/static_cne0_release/examples/generated_Traj_912118_rep3/mdp/npt17_p4k_up.mdp,cutoff-scheme,Verlet
generated:npt17_p4k_up,MY_PAPER_RELATED/gromacs_eval_pred_conductivity/reproducibility/static_cne0_release/examples/generated_Traj_912118_rep3/mdp/npt17_p4k_up.mdp,nstlist,20
generated:npt17_p4k_up,MY_PAPER_RELATED/gromacs_eval_pred_conductivity/reproducibility/static_cne0_release/examples/generated_Traj_912118_rep3/mdp/npt17_p4k_up.mdp,coulombtype,PME
generated:npt17_p4k_up,MY_PAPER_RELATED/gromacs_eval_pred_conductivity/reproducibility/static_cne0_release/examples/generated_Traj_912118_rep3/mdp/npt17_p4k_up.mdp,rcoulomb,1.0
generated:npt17_p4k_up,MY_PAPER_RELATED/gromacs_eval_pred_conductivity/reproducibility/static_cne0_release/examples/generated_Traj_912118_rep3/mdp/npt17_p4k_up.mdp,vdwtype,Cut-off
generated:npt17_p4k_up,MY_PAPER_RELATED/gromacs_eval_pred_conductivity/reproducibility/static_cne0_release/examples/generated_Traj_912118_rep3/mdp/npt17_p4k_up.mdp,rvdw,1.0
generated:npt17_p4k_up,MY_PAPER_RELATED/gromacs_eval_pred_conductivity/reproducibility/static_cne0_release/examples/generated_Traj_912118_rep3/mdp/npt17_p4k_up.mdp,DispCorr,EnerPres
generated:npt17_p4k_up,MY_PAPER_RELATED/gromacs_eval_pred_conductivity/reproducibility/static_cne0_release/examples/generated_Traj_912118_rep3/mdp/npt17_p4k_up.mdp,fourierspacing,0.14
generated:npt17_p4k_up,MY_PAPER_RELATED/gromacs_eval_pred_conductivity/reproducibility/static_cne0_release/examples/generated_Traj_912118_rep3/mdp/npt17_p4k_up.mdp,pbc,xyz
generated:npt17_p4k_up,MY_PAPER_RELATED/gromacs_eval_pred_conductivity/reproducibility/static_cne0_release/examples/generated_Traj_912118_rep3/mdp/npt17_p4k_up.mdp,constraints,h-bonds
generated:npt17_p4k_up,MY_PAPER_RELATED/gromacs_eval_pred_conductivity/reproducibility/static_cne0_release/examples/generated_Traj_912118_rep3/mdp/npt17_p4k_up.mdp,constraint-algorithm,lincs
generated:npt17_p4k_up,MY_PAPER_RELATED/gromacs_eval_pred_conductivity/reproducibility/static_cne0_release/examples/generated_Traj_912118_rep3/mdp/npt17_p4k_up.mdp,lincs_iter,3
generated:npt17_p4k_up,MY_PAPER_RELATED/gromacs_eval_pred_conductivity/reproducibility/static_cne0_release/examples/generated_Traj_912118_rep3/mdp/npt17_p4k_up.mdp,lincs_order,8
generated:npt17_p4k_up,MY_PAPER_RELATED/gromacs_eval_pred_conductivity/reproducibility/static_cne0_release/examples/generated_Traj_912118_rep3/mdp/npt17_p4k_up.mdp,lincs-warnangle,30
generated:npt17_p4k_up,MY_PAPER_RELATED/gromacs_eval_pred_conductivity/reproducibility/static_cne0_release/examples/generated_Traj_912118_rep3/mdp/npt17_p4k_up.mdp,tcoupl,nose-hoover
generated:npt17_p4k_up,MY_PAPER_RELATED/gromacs_eval_pred_conductivity/reproducibility/static_cne0_release/examples/generated_Traj_912118_rep3/mdp/npt17_p4k_up.mdp,tc-grps,System
generated:npt17_p4k_up,MY_PAPER_RELATED/gromacs_eval_pred_conductivity/reproducibility/static_cne0_release/examples/generated_Traj_912118_rep3/mdp/npt17_p4k_up.mdp,tau-t,5.00
generated:npt17_p4k_up,MY_PAPER_RELATED/gromacs_eval_pred_conductivity/reproducibility/static_cne0_release/examples/generated_Traj_912118_rep3/mdp/npt17_p4k_up.mdp,nstxout-compressed,500
generated:npt17_p4k_up,MY_PAPER_RELATED/gromacs_eval_pred_conductivity/reproducibility/static_cne0_release/examples/generated_Traj_912118_rep3/mdp/npt17_p4k_up.mdp,nstvout,0
generated:npt17_p4k_up,MY_PAPER_RELATED/gromacs_eval_pred_conductivity/reproducibility/static_cne0_release/examples/generated_Traj_912118_rep3/mdp/npt17_p4k_up.mdp,nstenergy,10000
generated:npt17_p4k_up,MY_PAPER_RELATED/gromacs_eval_pred_conductivity/reproducibility/static_cne0_release/examples/generated_Traj_912118_rep3/mdp/npt17_p4k_up.mdp,gen-vel,no
generated:npt17_p4k_up,MY_PAPER_RELATED/gromacs_eval_pred_conductivity/reproducibility/static_cne0_release/examples/generated_Traj_912118_rep3/mdp/npt17_p4k_up.mdp,nsteps,150000
generated:npt17_p4k_up,MY_PAPER_RELATED/gromacs_eval_pred_conductivity/reproducibility/static_cne0_release/examples/generated_Traj_912118_rep3/mdp/npt17_p4k_up.mdp,ref-t,353.0
generated:npt17_p4k_up,MY_PAPER_RELATED/gromacs_eval_pred_conductivity/reproducibility/static_cne0_release/examples/generated_Traj_912118_rep3/mdp/npt17_p4k_up.mdp,pcoupl,Berendsen
generated:npt17_p4k_up,MY_PAPER_RELATED/gromacs_eval_pred_conductivity/reproducibility/static_cne0_release/examples/generated_Traj_912118_rep3/mdp/npt17_p4k_up.mdp,tau-p,200.0
generated:npt17_p4k_up,MY_PAPER_RELATED/gromacs_eval_pred_conductivity/reproducibility/static_cne0_release/examples/generated_Traj_912118_rep3/mdp/npt17_p4k_up.mdp,ref-p,4053.00
generated:npt17_p4k_up,MY_PAPER_RELATED/gromacs_eval_pred_conductivity/reproducibility/static_cne0_release/examples/generated_Traj_912118_rep3/mdp/npt17_p4k_up.mdp,compressibility,4.5e-5
generated:npt17_p4k_up,MY_PAPER_RELATED/gromacs_eval_pred_conductivity/reproducibility/static_cne0_release/examples/generated_Traj_912118_rep3/mdp/npt17_p4k_up.mdp,nstpcouple,50
generated:npt17_p4k_up,MY_PAPER_RELATED/gromacs_eval_pred_conductivity/reproducibility/static_cne0_release/examples/generated_Traj_912118_rep3/mdp/npt17_p4k_up.mdp,refcoord_scaling,com
generated:npt18_p1_down,MY_PAPER_RELATED/gromacs_eval_pred_conductivity/reproducibility/static_cne0_release/examples/generated_Traj_912118_rep3/mdp/npt18_p1_down.mdp,integrator,md
generated:npt18_p1_down,MY_PAPER_RELATED/gromacs_eval_pred_conductivity/reproducibility/static_cne0_release/examples/generated_Traj_912118_rep3/mdp/npt18_p1_down.mdp,dt,0.001000
generated:npt18_p1_down,MY_PAPER_RELATED/gromacs_eval_pred_conductivity/reproducibility/static_cne0_release/examples/generated_Traj_912118_rep3/mdp/npt18_p1_down.mdp,cutoff-scheme,Verlet
generated:npt18_p1_down,MY_PAPER_RELATED/gromacs_eval_pred_conductivity/reproducibility/static_cne0_release/examples/generated_Traj_912118_rep3/mdp/npt18_p1_down.mdp,nstlist,20
generated:npt18_p1_down,MY_PAPER_RELATED/gromacs_eval_pred_conductivity/reproducibility/static_cne0_release/examples/generated_Traj_912118_rep3/mdp/npt18_p1_down.mdp,coulombtype,PME
generated:npt18_p1_down,MY_PAPER_RELATED/gromacs_eval_pred_conductivity/reproducibility/static_cne0_release/examples/generated_Traj_912118_rep3/mdp/npt18_p1_down.mdp,rcoulomb,1.0
generated:npt18_p1_down,MY_PAPER_RELATED/gromacs_eval_pred_conductivity/reproducibility/static_cne0_release/examples/generated_Traj_912118_rep3/mdp/npt18_p1_down.mdp,vdwtype,Cut-off
generated:npt18_p1_down,MY_PAPER_RELATED/gromacs_eval_pred_conductivity/reproducibility/static_cne0_release/examples/generated_Traj_912118_rep3/mdp/npt18_p1_down.mdp,rvdw,1.0
generated:npt18_p1_down,MY_PAPER_RELATED/gromacs_eval_pred_conductivity/reproducibility/static_cne0_release/examples/generated_Traj_912118_rep3/mdp/npt18_p1_down.mdp,DispCorr,EnerPres
generated:npt18_p1_down,MY_PAPER_RELATED/gromacs_eval_pred_conductivity/reproducibility/static_cne0_release/examples/generated_Traj_912118_rep3/mdp/npt18_p1_down.mdp,fourierspacing,0.14
generated:npt18_p1_down,MY_PAPER_RELATED/gromacs_eval_pred_conductivity/reproducibility/static_cne0_release/examples/generated_Traj_912118_rep3/mdp/npt18_p1_down.mdp,pbc,xyz
generated:npt18_p1_down,MY_PAPER_RELATED/gromacs_eval_pred_conductivity/reproducibility/static_cne0_release/examples/generated_Traj_912118_rep3/mdp/npt18_p1_down.mdp,constraints,h-bonds
generated:npt18_p1_down,MY_PAPER_RELATED/gromacs_eval_pred_conductivity/reproducibility/static_cne0_release/examples/generated_Traj_912118_rep3/mdp/npt18_p1_down.mdp,constraint-algorithm,lincs
generated:npt18_p1_down,MY_PAPER_RELATED/gromacs_eval_pred_conductivity/reproducibility/static_cne0_release/examples/generated_Traj_912118_rep3/mdp/npt18_p1_down.mdp,lincs_iter,3
generated:npt18_p1_down,MY_PAPER_RELATED/gromacs_eval_pred_conductivity/reproducibility/static_cne0_release/examples/generated_Traj_912118_rep3/mdp/npt18_p1_down.mdp,lincs_order,8
generated:npt18_p1_down,MY_PAPER_RELATED/gromacs_eval_pred_conductivity/reproducibility/static_cne0_release/examples/generated_Traj_912118_rep3/mdp/npt18_p1_down.mdp,lincs-warnangle,30
generated:npt18_p1_down,MY_PAPER_RELATED/gromacs_eval_pred_conductivity/reproducibility/static_cne0_release/examples/generated_Traj_912118_rep3/mdp/npt18_p1_down.mdp,tcoupl,nose-hoover
generated:npt18_p1_down,MY_PAPER_RELATED/gromacs_eval_pred_conductivity/reproducibility/static_cne0_release/examples/generated_Traj_912118_rep3/mdp/npt18_p1_down.mdp,tc-grps,System
generated:npt18_p1_down,MY_PAPER_RELATED/gromacs_eval_pred_conductivity/reproducibility/static_cne0_release/examples/generated_Traj_912118_rep3/mdp/npt18_p1_down.mdp,tau-t,5.00
generated:npt18_p1_down,MY_PAPER_RELATED/gromacs_eval_pred_conductivity/reproducibility/static_cne0_release/examples/generated_Traj_912118_rep3/mdp/npt18_p1_down.mdp,nstxout-compressed,500
generated:npt18_p1_down,MY_PAPER_RELATED/gromacs_eval_pred_conductivity/reproducibility/static_cne0_release/examples/generated_Traj_912118_rep3/mdp/npt18_p1_down.mdp,nstvout,0
generated:npt18_p1_down,MY_PAPER_RELATED/gromacs_eval_pred_conductivity/reproducibility/static_cne0_release/examples/generated_Traj_912118_rep3/mdp/npt18_p1_down.mdp,nstenergy,10000
generated:npt18_p1_down,MY_PAPER_RELATED/gromacs_eval_pred_conductivity/reproducibility/static_cne0_release/examples/generated_Traj_912118_rep3/mdp/npt18_p1_down.mdp,gen-vel,no
generated:npt18_p1_down,MY_PAPER_RELATED/gromacs_eval_pred_conductivity/reproducibility/static_cne0_release/examples/generated_Traj_912118_rep3/mdp/npt18_p1_down.mdp,nsteps,300000
generated:npt18_p1_down,MY_PAPER_RELATED/gromacs_eval_pred_conductivity/reproducibility/static_cne0_release/examples/generated_Traj_912118_rep3/mdp/npt18_p1_down.mdp,ref-t,353.0
generated:npt18_p1_down,MY_PAPER_RELATED/gromacs_eval_pred_conductivity/reproducibility/static_cne0_release/examples/generated_Traj_912118_rep3/mdp/npt18_p1_down.mdp,pcoupl,Berendsen
generated:npt18_p1_down,MY_PAPER_RELATED/gromacs_eval_pred_conductivity/reproducibility/static_cne0_release/examples/generated_Traj_912118_rep3/mdp/npt18_p1_down.mdp,tau-p,200.0
generated:npt18_p1_down,MY_PAPER_RELATED/gromacs_eval_pred_conductivity/reproducibility/static_cne0_release/examples/generated_Traj_912118_rep3/mdp/npt18_p1_down.mdp,ref-p,1.00
generated:npt18_p1_down,MY_PAPER_RELATED/gromacs_eval_pred_conductivity/reproducibility/static_cne0_release/examples/generated_Traj_912118_rep3/mdp/npt18_p1_down.mdp,compressibility,4.5e-5
generated:npt18_p1_down,MY_PAPER_RELATED/gromacs_eval_pred_conductivity/reproducibility/static_cne0_release/examples/generated_Traj_912118_rep3/mdp/npt18_p1_down.mdp,nstpcouple,50
generated:npt18_p1_down,MY_PAPER_RELATED/gromacs_eval_pred_conductivity/reproducibility/static_cne0_release/examples/generated_Traj_912118_rep3/mdp/npt18_p1_down.mdp,refcoord_scaling,com
generated:npt19_p1,MY_PAPER_RELATED/gromacs_eval_pred_conductivity/reproducibility/static_cne0_release/examples/generated_Traj_912118_rep3/mdp/npt19_p1.mdp,integrator,md
generated:npt19_p1,MY_PAPER_RELATED/gromacs_eval_pred_conductivity/reproducibility/static_cne0_release/examples/generated_Traj_912118_rep3/mdp/npt19_p1.mdp,dt,0.001000
generated:npt19_p1,MY_PAPER_RELATED/gromacs_eval_pred_conductivity/reproducibility/static_cne0_release/examples/generated_Traj_912118_rep3/mdp/npt19_p1.mdp,cutoff-scheme,Verlet
generated:npt19_p1,MY_PAPER_RELATED/gromacs_eval_pred_conductivity/reproducibility/static_cne0_release/examples/generated_Traj_912118_rep3/mdp/npt19_p1.mdp,nstlist,20
generated:npt19_p1,MY_PAPER_RELATED/gromacs_eval_pred_conductivity/reproducibility/static_cne0_release/examples/generated_Traj_912118_rep3/mdp/npt19_p1.mdp,coulombtype,PME
generated:npt19_p1,MY_PAPER_RELATED/gromacs_eval_pred_conductivity/reproducibility/static_cne0_release/examples/generated_Traj_912118_rep3/mdp/npt19_p1.mdp,rcoulomb,1.0
generated:npt19_p1,MY_PAPER_RELATED/gromacs_eval_pred_conductivity/reproducibility/static_cne0_release/examples/generated_Traj_912118_rep3/mdp/npt19_p1.mdp,vdwtype,Cut-off
generated:npt19_p1,MY_PAPER_RELATED/gromacs_eval_pred_conductivity/reproducibility/static_cne0_release/examples/generated_Traj_912118_rep3/mdp/npt19_p1.mdp,rvdw,1.0
generated:npt19_p1,MY_PAPER_RELATED/gromacs_eval_pred_conductivity/reproducibility/static_cne0_release/examples/generated_Traj_912118_rep3/mdp/npt19_p1.mdp,DispCorr,EnerPres
generated:npt19_p1,MY_PAPER_RELATED/gromacs_eval_pred_conductivity/reproducibility/static_cne0_release/examples/generated_Traj_912118_rep3/mdp/npt19_p1.mdp,fourierspacing,0.14
generated:npt19_p1,MY_PAPER_RELATED/gromacs_eval_pred_conductivity/reproducibility/static_cne0_release/examples/generated_Traj_912118_rep3/mdp/npt19_p1.mdp,pbc,xyz
generated:npt19_p1,MY_PAPER_RELATED/gromacs_eval_pred_conductivity/reproducibility/static_cne0_release/examples/generated_Traj_912118_rep3/mdp/npt19_p1.mdp,constraints,h-bonds
generated:npt19_p1,MY_PAPER_RELATED/gromacs_eval_pred_conductivity/reproducibility/static_cne0_release/examples/generated_Traj_912118_rep3/mdp/npt19_p1.mdp,constraint-algorithm,lincs
generated:npt19_p1,MY_PAPER_RELATED/gromacs_eval_pred_conductivity/reproducibility/static_cne0_release/examples/generated_Traj_912118_rep3/mdp/npt19_p1.mdp,lincs_iter,3
generated:npt19_p1,MY_PAPER_RELATED/gromacs_eval_pred_conductivity/reproducibility/static_cne0_release/examples/generated_Traj_912118_rep3/mdp/npt19_p1.mdp,lincs_order,8
generated:npt19_p1,MY_PAPER_RELATED/gromacs_eval_pred_conductivity/reproducibility/static_cne0_release/examples/generated_Traj_912118_rep3/mdp/npt19_p1.mdp,lincs-warnangle,30
generated:npt19_p1,MY_PAPER_RELATED/gromacs_eval_pred_conductivity/reproducibility/static_cne0_release/examples/generated_Traj_912118_rep3/mdp/npt19_p1.mdp,tcoupl,nose-hoover
generated:npt19_p1,MY_PAPER_RELATED/gromacs_eval_pred_conductivity/reproducibility/static_cne0_release/examples/generated_Traj_912118_rep3/mdp/npt19_p1.mdp,tc-grps,System
generated:npt19_p1,MY_PAPER_RELATED/gromacs_eval_pred_conductivity/reproducibility/static_cne0_release/examples/generated_Traj_912118_rep3/mdp/npt19_p1.mdp,tau-t,2.00
generated:npt19_p1,MY_PAPER_RELATED/gromacs_eval_pred_conductivity/reproducibility/static_cne0_release/examples/generated_Traj_912118_rep3/mdp/npt19_p1.mdp,nstxout-compressed,500
generated:npt19_p1,MY_PAPER_RELATED/gromacs_eval_pred_conductivity/reproducibility/static_cne0_release/examples/generated_Traj_912118_rep3/mdp/npt19_p1.mdp,nstvout,0
generated:npt19_p1,MY_PAPER_RELATED/gromacs_eval_pred_conductivity/reproducibility/static_cne0_release/examples/generated_Traj_912118_rep3/mdp/npt19_p1.mdp,nstenergy,10000
generated:npt19_p1,MY_PAPER_RELATED/gromacs_eval_pred_conductivity/reproducibility/static_cne0_release/examples/generated_Traj_912118_rep3/mdp/npt19_p1.mdp,gen-vel,no
generated:npt19_p1,MY_PAPER_RELATED/gromacs_eval_pred_conductivity/reproducibility/static_cne0_release/examples/generated_Traj_912118_rep3/mdp/npt19_p1.mdp,nsteps,1200000
generated:npt19_p1,MY_PAPER_RELATED/gromacs_eval_pred_conductivity/reproducibility/static_cne0_release/examples/generated_Traj_912118_rep3/mdp/npt19_p1.mdp,ref-t,353.0
generated:npt19_p1,MY_PAPER_RELATED/gromacs_eval_pred_conductivity/reproducibility/static_cne0_release/examples/generated_Traj_912118_rep3/mdp/npt19_p1.mdp,pcoupl,Parrinello-Rahman
generated:npt19_p1,MY_PAPER_RELATED/gromacs_eval_pred_conductivity/reproducibility/static_cne0_release/examples/generated_Traj_912118_rep3/mdp/npt19_p1.mdp,tau-p,20.0
generated:npt19_p1,MY_PAPER_RELATED/gromacs_eval_pred_conductivity/reproducibility/static_cne0_release/examples/generated_Traj_912118_rep3/mdp/npt19_p1.mdp,ref-p,1.00
generated:npt19_p1,MY_PAPER_RELATED/gromacs_eval_pred_conductivity/reproducibility/static_cne0_release/examples/generated_Traj_912118_rep3/mdp/npt19_p1.mdp,compressibility,4.5e-5
generated:npt19_p1,MY_PAPER_RELATED/gromacs_eval_pred_conductivity/reproducibility/static_cne0_release/examples/generated_Traj_912118_rep3/mdp/npt19_p1.mdp,nstpcouple,50
generated:npt19_p1,MY_PAPER_RELATED/gromacs_eval_pred_conductivity/reproducibility/static_cne0_release/examples/generated_Traj_912118_rep3/mdp/npt19_p1.mdp,refcoord_scaling,com
generated:nvt0,MY_PAPER_RELATED/gromacs_eval_pred_conductivity/reproducibility/static_cne0_release/examples/generated_Traj_912118_rep3/mdp/nvt0.mdp,integrator,md
generated:nvt0,MY_PAPER_RELATED/gromacs_eval_pred_conductivity/reproducibility/static_cne0_release/examples/generated_Traj_912118_rep3/mdp/nvt0.mdp,dt,0.001000
generated:nvt0,MY_PAPER_RELATED/gromacs_eval_pred_conductivity/reproducibility/static_cne0_release/examples/generated_Traj_912118_rep3/mdp/nvt0.mdp,cutoff-scheme,Verlet
generated:nvt0,MY_PAPER_RELATED/gromacs_eval_pred_conductivity/reproducibility/static_cne0_release/examples/generated_Traj_912118_rep3/mdp/nvt0.mdp,nstlist,20
generated:nvt0,MY_PAPER_RELATED/gromacs_eval_pred_conductivity/reproducibility/static_cne0_release/examples/generated_Traj_912118_rep3/mdp/nvt0.mdp,coulombtype,PME
generated:nvt0,MY_PAPER_RELATED/gromacs_eval_pred_conductivity/reproducibility/static_cne0_release/examples/generated_Traj_912118_rep3/mdp/nvt0.mdp,rcoulomb,1.0
generated:nvt0,MY_PAPER_RELATED/gromacs_eval_pred_conductivity/reproducibility/static_cne0_release/examples/generated_Traj_912118_rep3/mdp/nvt0.mdp,vdwtype,Cut-off
generated:nvt0,MY_PAPER_RELATED/gromacs_eval_pred_conductivity/reproducibility/static_cne0_release/examples/generated_Traj_912118_rep3/mdp/nvt0.mdp,rvdw,1.0
generated:nvt0,MY_PAPER_RELATED/gromacs_eval_pred_conductivity/reproducibility/static_cne0_release/examples/generated_Traj_912118_rep3/mdp/nvt0.mdp,DispCorr,EnerPres
generated:nvt0,MY_PAPER_RELATED/gromacs_eval_pred_conductivity/reproducibility/static_cne0_release/examples/generated_Traj_912118_rep3/mdp/nvt0.mdp,fourierspacing,0.14
generated:nvt0,MY_PAPER_RELATED/gromacs_eval_pred_conductivity/reproducibility/static_cne0_release/examples/generated_Traj_912118_rep3/mdp/nvt0.mdp,pbc,xyz
generated:nvt0,MY_PAPER_RELATED/gromacs_eval_pred_conductivity/reproducibility/static_cne0_release/examples/generated_Traj_912118_rep3/mdp/nvt0.mdp,constraints,h-bonds
generated:nvt0,MY_PAPER_RELATED/gromacs_eval_pred_conductivity/reproducibility/static_cne0_release/examples/generated_Traj_912118_rep3/mdp/nvt0.mdp,constraint-algorithm,lincs
generated:nvt0,MY_PAPER_RELATED/gromacs_eval_pred_conductivity/reproducibility/static_cne0_release/examples/generated_Traj_912118_rep3/mdp/nvt0.mdp,lincs_iter,4
generated:nvt0,MY_PAPER_RELATED/gromacs_eval_pred_conductivity/reproducibility/static_cne0_release/examples/generated_Traj_912118_rep3/mdp/nvt0.mdp,lincs_order,12
generated:nvt0,MY_PAPER_RELATED/gromacs_eval_pred_conductivity/reproducibility/static_cne0_release/examples/generated_Traj_912118_rep3/mdp/nvt0.mdp,lincs-warnangle,20
generated:nvt0,MY_PAPER_RELATED/gromacs_eval_pred_conductivity/reproducibility/static_cne0_release/examples/generated_Traj_912118_rep3/mdp/nvt0.mdp,tcoupl,v-rescale
generated:nvt0,MY_PAPER_RELATED/gromacs_eval_pred_conductivity/reproducibility/static_cne0_release/examples/generated_Traj_912118_rep3/mdp/nvt0.mdp,tc-grps,System
generated:nvt0,MY_PAPER_RELATED/gromacs_eval_pred_conductivity/reproducibility/static_cne0_release/examples/generated_Traj_912118_rep3/mdp/nvt0.mdp,tau-t,5.00
generated:nvt0,MY_PAPER_RELATED/gromacs_eval_pred_conductivity/reproducibility/static_cne0_release/examples/generated_Traj_912118_rep3/mdp/nvt0.mdp,nstxout-compressed,500
generated:nvt0,MY_PAPER_RELATED/gromacs_eval_pred_conductivity/reproducibility/static_cne0_release/examples/generated_Traj_912118_rep3/mdp/nvt0.mdp,nstvout,0
generated:nvt0,MY_PAPER_RELATED/gromacs_eval_pred_conductivity/reproducibility/static_cne0_release/examples/generated_Traj_912118_rep3/mdp/nvt0.mdp,nstenergy,10000
generated:nvt0,MY_PAPER_RELATED/gromacs_eval_pred_conductivity/reproducibility/static_cne0_release/examples/generated_Traj_912118_rep3/mdp/nvt0.mdp,gen-vel,no
generated:nvt0,MY_PAPER_RELATED/gromacs_eval_pred_conductivity/reproducibility/static_cne0_release/examples/generated_Traj_912118_rep3/mdp/nvt0.mdp,nsteps,100000
generated:nvt0,MY_PAPER_RELATED/gromacs_eval_pred_conductivity/reproducibility/static_cne0_release/examples/generated_Traj_912118_rep3/mdp/nvt0.mdp,ref-t,100.0
generated:nvt0,MY_PAPER_RELATED/gromacs_eval_pred_conductivity/reproducibility/static_cne0_release/examples/generated_Traj_912118_rep3/mdp/nvt0.mdp,pcoupl,no
generated:nvt0,MY_PAPER_RELATED/gromacs_eval_pred_conductivity/reproducibility/static_cne0_release/examples/generated_Traj_912118_rep3/mdp/nvt0.mdp,define,-DPOSRES
generated:nvt0,MY_PAPER_RELATED/gromacs_eval_pred_conductivity/reproducibility/static_cne0_release/examples/generated_Traj_912118_rep3/mdp/nvt0.mdp,annealing,single
generated:nvt0,MY_PAPER_RELATED/gromacs_eval_pred_conductivity/reproducibility/static_cne0_release/examples/generated_Traj_912118_rep3/mdp/nvt0.mdp,annealing-npoints,2
generated:nvt0,MY_PAPER_RELATED/gromacs_eval_pred_conductivity/reproducibility/static_cne0_release/examples/generated_Traj_912118_rep3/mdp/nvt0.mdp,annealing-time,0 100.0
generated:nvt0,MY_PAPER_RELATED/gromacs_eval_pred_conductivity/reproducibility/static_cne0_release/examples/generated_Traj_912118_rep3/mdp/nvt0.mdp,annealing-temp,100.0 353.0
generated:nvt0_pre,MY_PAPER_RELATED/gromacs_eval_pred_conductivity/reproducibility/static_cne0_release/examples/generated_Traj_912118_rep3/mdp/nvt0_pre.mdp,integrator,md
generated:nvt0_pre,MY_PAPER_RELATED/gromacs_eval_pred_conductivity/reproducibility/static_cne0_release/examples/generated_Traj_912118_rep3/mdp/nvt0_pre.mdp,dt,0.000500
generated:nvt0_pre,MY_PAPER_RELATED/gromacs_eval_pred_conductivity/reproducibility/static_cne0_release/examples/generated_Traj_912118_rep3/mdp/nvt0_pre.mdp,cutoff-scheme,Verlet
generated:nvt0_pre,MY_PAPER_RELATED/gromacs_eval_pred_conductivity/reproducibility/static_cne0_release/examples/generated_Traj_912118_rep3/mdp/nvt0_pre.mdp,nstlist,20
generated:nvt0_pre,MY_PAPER_RELATED/gromacs_eval_pred_conductivity/reproducibility/static_cne0_release/examples/generated_Traj_912118_rep3/mdp/nvt0_pre.mdp,coulombtype,PME
generated:nvt0_pre,MY_PAPER_RELATED/gromacs_eval_pred_conductivity/reproducibility/static_cne0_release/examples/generated_Traj_912118_rep3/mdp/nvt0_pre.mdp,rcoulomb,1.0
generated:nvt0_pre,MY_PAPER_RELATED/gromacs_eval_pred_conductivity/reproducibility/static_cne0_release/examples/generated_Traj_912118_rep3/mdp/nvt0_pre.mdp,vdwtype,Cut-off
generated:nvt0_pre,MY_PAPER_RELATED/gromacs_eval_pred_conductivity/reproducibility/static_cne0_release/examples/generated_Traj_912118_rep3/mdp/nvt0_pre.mdp,rvdw,1.0
generated:nvt0_pre,MY_PAPER_RELATED/gromacs_eval_pred_conductivity/reproducibility/static_cne0_release/examples/generated_Traj_912118_rep3/mdp/nvt0_pre.mdp,DispCorr,EnerPres
generated:nvt0_pre,MY_PAPER_RELATED/gromacs_eval_pred_conductivity/reproducibility/static_cne0_release/examples/generated_Traj_912118_rep3/mdp/nvt0_pre.mdp,fourierspacing,0.14
generated:nvt0_pre,MY_PAPER_RELATED/gromacs_eval_pred_conductivity/reproducibility/static_cne0_release/examples/generated_Traj_912118_rep3/mdp/nvt0_pre.mdp,pbc,xyz
generated:nvt0_pre,MY_PAPER_RELATED/gromacs_eval_pred_conductivity/reproducibility/static_cne0_release/examples/generated_Traj_912118_rep3/mdp/nvt0_pre.mdp,constraints,none
generated:nvt0_pre,MY_PAPER_RELATED/gromacs_eval_pred_conductivity/reproducibility/static_cne0_release/examples/generated_Traj_912118_rep3/mdp/nvt0_pre.mdp,constraint-algorithm,lincs
generated:nvt0_pre,MY_PAPER_RELATED/gromacs_eval_pred_conductivity/reproducibility/static_cne0_release/examples/generated_Traj_912118_rep3/mdp/nvt0_pre.mdp,lincs_iter,3
generated:nvt0_pre,MY_PAPER_RELATED/gromacs_eval_pred_conductivity/reproducibility/static_cne0_release/examples/generated_Traj_912118_rep3/mdp/nvt0_pre.mdp,lincs_order,8
generated:nvt0_pre,MY_PAPER_RELATED/gromacs_eval_pred_conductivity/reproducibility/static_cne0_release/examples/generated_Traj_912118_rep3/mdp/nvt0_pre.mdp,lincs-warnangle,30
generated:nvt0_pre,MY_PAPER_RELATED/gromacs_eval_pred_conductivity/reproducibility/static_cne0_release/examples/generated_Traj_912118_rep3/mdp/nvt0_pre.mdp,tcoupl,v-rescale
generated:nvt0_pre,MY_PAPER_RELATED/gromacs_eval_pred_conductivity/reproducibility/static_cne0_release/examples/generated_Traj_912118_rep3/mdp/nvt0_pre.mdp,tc-grps,System
generated:nvt0_pre,MY_PAPER_RELATED/gromacs_eval_pred_conductivity/reproducibility/static_cne0_release/examples/generated_Traj_912118_rep3/mdp/nvt0_pre.mdp,tau-t,5.00
generated:nvt0_pre,MY_PAPER_RELATED/gromacs_eval_pred_conductivity/reproducibility/static_cne0_release/examples/generated_Traj_912118_rep3/mdp/nvt0_pre.mdp,nstxout-compressed,500
generated:nvt0_pre,MY_PAPER_RELATED/gromacs_eval_pred_conductivity/reproducibility/static_cne0_release/examples/generated_Traj_912118_rep3/mdp/nvt0_pre.mdp,nstvout,0
generated:nvt0_pre,MY_PAPER_RELATED/gromacs_eval_pred_conductivity/reproducibility/static_cne0_release/examples/generated_Traj_912118_rep3/mdp/nvt0_pre.mdp,nstenergy,10000
generated:nvt0_pre,MY_PAPER_RELATED/gromacs_eval_pred_conductivity/reproducibility/static_cne0_release/examples/generated_Traj_912118_rep3/mdp/nvt0_pre.mdp,gen-vel,yes
generated:nvt0_pre,MY_PAPER_RELATED/gromacs_eval_pred_conductivity/reproducibility/static_cne0_release/examples/generated_Traj_912118_rep3/mdp/nvt0_pre.mdp,nsteps,10000
generated:nvt0_pre,MY_PAPER_RELATED/gromacs_eval_pred_conductivity/reproducibility/static_cne0_release/examples/generated_Traj_912118_rep3/mdp/nvt0_pre.mdp,ref-t,50.0
generated:nvt0_pre,MY_PAPER_RELATED/gromacs_eval_pred_conductivity/reproducibility/static_cne0_release/examples/generated_Traj_912118_rep3/mdp/nvt0_pre.mdp,pcoupl,no
generated:nvt0_pre,MY_PAPER_RELATED/gromacs_eval_pred_conductivity/reproducibility/static_cne0_release/examples/generated_Traj_912118_rep3/mdp/nvt0_pre.mdp,gen-temp,50.0
generated:nvt0_pre,MY_PAPER_RELATED/gromacs_eval_pred_conductivity/reproducibility/static_cne0_release/examples/generated_Traj_912118_rep3/mdp/nvt0_pre.mdp,gen-seed,-1
generated:nvt0_pre,MY_PAPER_RELATED/gromacs_eval_pred_conductivity/reproducibility/static_cne0_release/examples/generated_Traj_912118_rep3/mdp/nvt0_pre.mdp,define,-DPOSRES
generated:nvt0_pre,MY_PAPER_RELATED/gromacs_eval_pred_conductivity/reproducibility/static_cne0_release/examples/generated_Traj_912118_rep3/mdp/nvt0_pre.mdp,annealing,single
generated:nvt0_pre,MY_PAPER_RELATED/gromacs_eval_pred_conductivity/reproducibility/static_cne0_release/examples/generated_Traj_912118_rep3/mdp/nvt0_pre.mdp,annealing-npoints,2
generated:nvt0_pre,MY_PAPER_RELATED/gromacs_eval_pred_conductivity/reproducibility/static_cne0_release/examples/generated_Traj_912118_rep3/mdp/nvt0_pre.mdp,annealing-time,0 5.0
generated:nvt0_pre,MY_PAPER_RELATED/gromacs_eval_pred_conductivity/reproducibility/static_cne0_release/examples/generated_Traj_912118_rep3/mdp/nvt0_pre.mdp,annealing-temp,50.0 100.0
generated:nvt1,MY_PAPER_RELATED/gromacs_eval_pred_conductivity/reproducibility/static_cne0_release/examples/generated_Traj_912118_rep3/mdp/nvt1.mdp,integrator,md
generated:nvt1,MY_PAPER_RELATED/gromacs_eval_pred_conductivity/reproducibility/static_cne0_release/examples/generated_Traj_912118_rep3/mdp/nvt1.mdp,dt,0.001000
generated:nvt1,MY_PAPER_RELATED/gromacs_eval_pred_conductivity/reproducibility/static_cne0_release/examples/generated_Traj_912118_rep3/mdp/nvt1.mdp,cutoff-scheme,Verlet
generated:nvt1,MY_PAPER_RELATED/gromacs_eval_pred_conductivity/reproducibility/static_cne0_release/examples/generated_Traj_912118_rep3/mdp/nvt1.mdp,nstlist,20
generated:nvt1,MY_PAPER_RELATED/gromacs_eval_pred_conductivity/reproducibility/static_cne0_release/examples/generated_Traj_912118_rep3/mdp/nvt1.mdp,coulombtype,PME
generated:nvt1,MY_PAPER_RELATED/gromacs_eval_pred_conductivity/reproducibility/static_cne0_release/examples/generated_Traj_912118_rep3/mdp/nvt1.mdp,rcoulomb,1.0
generated:nvt1,MY_PAPER_RELATED/gromacs_eval_pred_conductivity/reproducibility/static_cne0_release/examples/generated_Traj_912118_rep3/mdp/nvt1.mdp,vdwtype,Cut-off
generated:nvt1,MY_PAPER_RELATED/gromacs_eval_pred_conductivity/reproducibility/static_cne0_release/examples/generated_Traj_912118_rep3/mdp/nvt1.mdp,rvdw,1.0
generated:nvt1,MY_PAPER_RELATED/gromacs_eval_pred_conductivity/reproducibility/static_cne0_release/examples/generated_Traj_912118_rep3/mdp/nvt1.mdp,DispCorr,EnerPres
generated:nvt1,MY_PAPER_RELATED/gromacs_eval_pred_conductivity/reproducibility/static_cne0_release/examples/generated_Traj_912118_rep3/mdp/nvt1.mdp,fourierspacing,0.14
generated:nvt1,MY_PAPER_RELATED/gromacs_eval_pred_conductivity/reproducibility/static_cne0_release/examples/generated_Traj_912118_rep3/mdp/nvt1.mdp,pbc,xyz
generated:nvt1,MY_PAPER_RELATED/gromacs_eval_pred_conductivity/reproducibility/static_cne0_release/examples/generated_Traj_912118_rep3/mdp/nvt1.mdp,constraints,h-bonds
generated:nvt1,MY_PAPER_RELATED/gromacs_eval_pred_conductivity/reproducibility/static_cne0_release/examples/generated_Traj_912118_rep3/mdp/nvt1.mdp,constraint-algorithm,lincs
generated:nvt1,MY_PAPER_RELATED/gromacs_eval_pred_conductivity/reproducibility/static_cne0_release/examples/generated_Traj_912118_rep3/mdp/nvt1.mdp,lincs_iter,3
generated:nvt1,MY_PAPER_RELATED/gromacs_eval_pred_conductivity/reproducibility/static_cne0_release/examples/generated_Traj_912118_rep3/mdp/nvt1.mdp,lincs_order,8
generated:nvt1,MY_PAPER_RELATED/gromacs_eval_pred_conductivity/reproducibility/static_cne0_release/examples/generated_Traj_912118_rep3/mdp/nvt1.mdp,lincs-warnangle,30
generated:nvt1,MY_PAPER_RELATED/gromacs_eval_pred_conductivity/reproducibility/static_cne0_release/examples/generated_Traj_912118_rep3/mdp/nvt1.mdp,tcoupl,v-rescale
generated:nvt1,MY_PAPER_RELATED/gromacs_eval_pred_conductivity/reproducibility/static_cne0_release/examples/generated_Traj_912118_rep3/mdp/nvt1.mdp,tc-grps,System
generated:nvt1,MY_PAPER_RELATED/gromacs_eval_pred_conductivity/reproducibility/static_cne0_release/examples/generated_Traj_912118_rep3/mdp/nvt1.mdp,tau-t,5.00
generated:nvt1,MY_PAPER_RELATED/gromacs_eval_pred_conductivity/reproducibility/static_cne0_release/examples/generated_Traj_912118_rep3/mdp/nvt1.mdp,nstxout-compressed,500
generated:nvt1,MY_PAPER_RELATED/gromacs_eval_pred_conductivity/reproducibility/static_cne0_release/examples/generated_Traj_912118_rep3/mdp/nvt1.mdp,nstvout,0
generated:nvt1,MY_PAPER_RELATED/gromacs_eval_pred_conductivity/reproducibility/static_cne0_release/examples/generated_Traj_912118_rep3/mdp/nvt1.mdp,nstenergy,10000
generated:nvt1,MY_PAPER_RELATED/gromacs_eval_pred_conductivity/reproducibility/static_cne0_release/examples/generated_Traj_912118_rep3/mdp/nvt1.mdp,gen-vel,no
generated:nvt1,MY_PAPER_RELATED/gromacs_eval_pred_conductivity/reproducibility/static_cne0_release/examples/generated_Traj_912118_rep3/mdp/nvt1.mdp,nsteps,200000
generated:nvt1,MY_PAPER_RELATED/gromacs_eval_pred_conductivity/reproducibility/static_cne0_release/examples/generated_Traj_912118_rep3/mdp/nvt1.mdp,ref-t,353.0
generated:nvt1,MY_PAPER_RELATED/gromacs_eval_pred_conductivity/reproducibility/static_cne0_release/examples/generated_Traj_912118_rep3/mdp/nvt1.mdp,pcoupl,no
generated:nvt2,MY_PAPER_RELATED/gromacs_eval_pred_conductivity/reproducibility/static_cne0_release/examples/generated_Traj_912118_rep3/mdp/nvt2.mdp,integrator,md
generated:nvt2,MY_PAPER_RELATED/gromacs_eval_pred_conductivity/reproducibility/static_cne0_release/examples/generated_Traj_912118_rep3/mdp/nvt2.mdp,dt,0.001000
generated:nvt2,MY_PAPER_RELATED/gromacs_eval_pred_conductivity/reproducibility/static_cne0_release/examples/generated_Traj_912118_rep3/mdp/nvt2.mdp,cutoff-scheme,Verlet
generated:nvt2,MY_PAPER_RELATED/gromacs_eval_pred_conductivity/reproducibility/static_cne0_release/examples/generated_Traj_912118_rep3/mdp/nvt2.mdp,nstlist,20
generated:nvt2,MY_PAPER_RELATED/gromacs_eval_pred_conductivity/reproducibility/static_cne0_release/examples/generated_Traj_912118_rep3/mdp/nvt2.mdp,coulombtype,PME
generated:nvt2,MY_PAPER_RELATED/gromacs_eval_pred_conductivity/reproducibility/static_cne0_release/examples/generated_Traj_912118_rep3/mdp/nvt2.mdp,rcoulomb,1.0
generated:nvt2,MY_PAPER_RELATED/gromacs_eval_pred_conductivity/reproducibility/static_cne0_release/examples/generated_Traj_912118_rep3/mdp/nvt2.mdp,vdwtype,Cut-off
generated:nvt2,MY_PAPER_RELATED/gromacs_eval_pred_conductivity/reproducibility/static_cne0_release/examples/generated_Traj_912118_rep3/mdp/nvt2.mdp,rvdw,1.0
generated:nvt2,MY_PAPER_RELATED/gromacs_eval_pred_conductivity/reproducibility/static_cne0_release/examples/generated_Traj_912118_rep3/mdp/nvt2.mdp,DispCorr,EnerPres
generated:nvt2,MY_PAPER_RELATED/gromacs_eval_pred_conductivity/reproducibility/static_cne0_release/examples/generated_Traj_912118_rep3/mdp/nvt2.mdp,fourierspacing,0.14
generated:nvt2,MY_PAPER_RELATED/gromacs_eval_pred_conductivity/reproducibility/static_cne0_release/examples/generated_Traj_912118_rep3/mdp/nvt2.mdp,pbc,xyz
generated:nvt2,MY_PAPER_RELATED/gromacs_eval_pred_conductivity/reproducibility/static_cne0_release/examples/generated_Traj_912118_rep3/mdp/nvt2.mdp,constraints,h-bonds
generated:nvt2,MY_PAPER_RELATED/gromacs_eval_pred_conductivity/reproducibility/static_cne0_release/examples/generated_Traj_912118_rep3/mdp/nvt2.mdp,constraint-algorithm,lincs
generated:nvt2,MY_PAPER_RELATED/gromacs_eval_pred_conductivity/reproducibility/static_cne0_release/examples/generated_Traj_912118_rep3/mdp/nvt2.mdp,lincs_iter,3
generated:nvt2,MY_PAPER_RELATED/gromacs_eval_pred_conductivity/reproducibility/static_cne0_release/examples/generated_Traj_912118_rep3/mdp/nvt2.mdp,lincs_order,8
generated:nvt2,MY_PAPER_RELATED/gromacs_eval_pred_conductivity/reproducibility/static_cne0_release/examples/generated_Traj_912118_rep3/mdp/nvt2.mdp,lincs-warnangle,30
generated:nvt2,MY_PAPER_RELATED/gromacs_eval_pred_conductivity/reproducibility/static_cne0_release/examples/generated_Traj_912118_rep3/mdp/nvt2.mdp,tcoupl,v-rescale
generated:nvt2,MY_PAPER_RELATED/gromacs_eval_pred_conductivity/reproducibility/static_cne0_release/examples/generated_Traj_912118_rep3/mdp/nvt2.mdp,tc-grps,System
generated:nvt2,MY_PAPER_RELATED/gromacs_eval_pred_conductivity/reproducibility/static_cne0_release/examples/generated_Traj_912118_rep3/mdp/nvt2.mdp,tau-t,5.00
generated:nvt2,MY_PAPER_RELATED/gromacs_eval_pred_conductivity/reproducibility/static_cne0_release/examples/generated_Traj_912118_rep3/mdp/nvt2.mdp,nstxout-compressed,500
generated:nvt2,MY_PAPER_RELATED/gromacs_eval_pred_conductivity/reproducibility/static_cne0_release/examples/generated_Traj_912118_rep3/mdp/nvt2.mdp,nstvout,0
generated:nvt2,MY_PAPER_RELATED/gromacs_eval_pred_conductivity/reproducibility/static_cne0_release/examples/generated_Traj_912118_rep3/mdp/nvt2.mdp,nstenergy,10000
generated:nvt2,MY_PAPER_RELATED/gromacs_eval_pred_conductivity/reproducibility/static_cne0_release/examples/generated_Traj_912118_rep3/mdp/nvt2.mdp,gen-vel,no
generated:nvt2,MY_PAPER_RELATED/gromacs_eval_pred_conductivity/reproducibility/static_cne0_release/examples/generated_Traj_912118_rep3/mdp/nvt2.mdp,nsteps,800000
generated:nvt2,MY_PAPER_RELATED/gromacs_eval_pred_conductivity/reproducibility/static_cne0_release/examples/generated_Traj_912118_rep3/mdp/nvt2.mdp,ref-t,353.0
generated:nvt2,MY_PAPER_RELATED/gromacs_eval_pred_conductivity/reproducibility/static_cne0_release/examples/generated_Traj_912118_rep3/mdp/nvt2.mdp,pcoupl,no
generated:nvt2_pre,MY_PAPER_RELATED/gromacs_eval_pred_conductivity/reproducibility/static_cne0_release/examples/generated_Traj_912118_rep3/mdp/nvt2_pre.mdp,integrator,md
generated:nvt2_pre,MY_PAPER_RELATED/gromacs_eval_pred_conductivity/reproducibility/static_cne0_release/examples/generated_Traj_912118_rep3/mdp/nvt2_pre.mdp,dt,0.001000
generated:nvt2_pre,MY_PAPER_RELATED/gromacs_eval_pred_conductivity/reproducibility/static_cne0_release/examples/generated_Traj_912118_rep3/mdp/nvt2_pre.mdp,cutoff-scheme,Verlet
generated:nvt2_pre,MY_PAPER_RELATED/gromacs_eval_pred_conductivity/reproducibility/static_cne0_release/examples/generated_Traj_912118_rep3/mdp/nvt2_pre.mdp,nstlist,20
generated:nvt2_pre,MY_PAPER_RELATED/gromacs_eval_pred_conductivity/reproducibility/static_cne0_release/examples/generated_Traj_912118_rep3/mdp/nvt2_pre.mdp,coulombtype,PME
generated:nvt2_pre,MY_PAPER_RELATED/gromacs_eval_pred_conductivity/reproducibility/static_cne0_release/examples/generated_Traj_912118_rep3/mdp/nvt2_pre.mdp,rcoulomb,1.0
generated:nvt2_pre,MY_PAPER_RELATED/gromacs_eval_pred_conductivity/reproducibility/static_cne0_release/examples/generated_Traj_912118_rep3/mdp/nvt2_pre.mdp,vdwtype,Cut-off
generated:nvt2_pre,MY_PAPER_RELATED/gromacs_eval_pred_conductivity/reproducibility/static_cne0_release/examples/generated_Traj_912118_rep3/mdp/nvt2_pre.mdp,rvdw,1.0
generated:nvt2_pre,MY_PAPER_RELATED/gromacs_eval_pred_conductivity/reproducibility/static_cne0_release/examples/generated_Traj_912118_rep3/mdp/nvt2_pre.mdp,DispCorr,EnerPres
generated:nvt2_pre,MY_PAPER_RELATED/gromacs_eval_pred_conductivity/reproducibility/static_cne0_release/examples/generated_Traj_912118_rep3/mdp/nvt2_pre.mdp,fourierspacing,0.14
generated:nvt2_pre,MY_PAPER_RELATED/gromacs_eval_pred_conductivity/reproducibility/static_cne0_release/examples/generated_Traj_912118_rep3/mdp/nvt2_pre.mdp,pbc,xyz
generated:nvt2_pre,MY_PAPER_RELATED/gromacs_eval_pred_conductivity/reproducibility/static_cne0_release/examples/generated_Traj_912118_rep3/mdp/nvt2_pre.mdp,constraints,h-bonds
generated:nvt2_pre,MY_PAPER_RELATED/gromacs_eval_pred_conductivity/reproducibility/static_cne0_release/examples/generated_Traj_912118_rep3/mdp/nvt2_pre.mdp,constraint-algorithm,lincs
generated:nvt2_pre,MY_PAPER_RELATED/gromacs_eval_pred_conductivity/reproducibility/static_cne0_release/examples/generated_Traj_912118_rep3/mdp/nvt2_pre.mdp,lincs_iter,3
generated:nvt2_pre,MY_PAPER_RELATED/gromacs_eval_pred_conductivity/reproducibility/static_cne0_release/examples/generated_Traj_912118_rep3/mdp/nvt2_pre.mdp,lincs_order,8
generated:nvt2_pre,MY_PAPER_RELATED/gromacs_eval_pred_conductivity/reproducibility/static_cne0_release/examples/generated_Traj_912118_rep3/mdp/nvt2_pre.mdp,lincs-warnangle,30
generated:nvt2_pre,MY_PAPER_RELATED/gromacs_eval_pred_conductivity/reproducibility/static_cne0_release/examples/generated_Traj_912118_rep3/mdp/nvt2_pre.mdp,tcoupl,v-rescale
generated:nvt2_pre,MY_PAPER_RELATED/gromacs_eval_pred_conductivity/reproducibility/static_cne0_release/examples/generated_Traj_912118_rep3/mdp/nvt2_pre.mdp,tc-grps,System
generated:nvt2_pre,MY_PAPER_RELATED/gromacs_eval_pred_conductivity/reproducibility/static_cne0_release/examples/generated_Traj_912118_rep3/mdp/nvt2_pre.mdp,tau-t,5.00
generated:nvt2_pre,MY_PAPER_RELATED/gromacs_eval_pred_conductivity/reproducibility/static_cne0_release/examples/generated_Traj_912118_rep3/mdp/nvt2_pre.mdp,nstxout-compressed,500
generated:nvt2_pre,MY_PAPER_RELATED/gromacs_eval_pred_conductivity/reproducibility/static_cne0_release/examples/generated_Traj_912118_rep3/mdp/nvt2_pre.mdp,nstvout,0
generated:nvt2_pre,MY_PAPER_RELATED/gromacs_eval_pred_conductivity/reproducibility/static_cne0_release/examples/generated_Traj_912118_rep3/mdp/nvt2_pre.mdp,nstenergy,10000
generated:nvt2_pre,MY_PAPER_RELATED/gromacs_eval_pred_conductivity/reproducibility/static_cne0_release/examples/generated_Traj_912118_rep3/mdp/nvt2_pre.mdp,gen-vel,no
generated:nvt2_pre,MY_PAPER_RELATED/gromacs_eval_pred_conductivity/reproducibility/static_cne0_release/examples/generated_Traj_912118_rep3/mdp/nvt2_pre.mdp,nsteps,200000
generated:nvt2_pre,MY_PAPER_RELATED/gromacs_eval_pred_conductivity/reproducibility/static_cne0_release/examples/generated_Traj_912118_rep3/mdp/nvt2_pre.mdp,ref-t,353.0
generated:nvt2_pre,MY_PAPER_RELATED/gromacs_eval_pred_conductivity/reproducibility/static_cne0_release/examples/generated_Traj_912118_rep3/mdp/nvt2_pre.mdp,pcoupl,no
generated:nvt2_pre,MY_PAPER_RELATED/gromacs_eval_pred_conductivity/reproducibility/static_cne0_release/examples/generated_Traj_912118_rep3/mdp/nvt2_pre.mdp,define,-DPOSRES
generated:production,MY_PAPER_RELATED/gromacs_eval_pred_conductivity/reproducibility/static_cne0_release/examples/generated_Traj_912118_rep3/mdp/production.mdp,integrator,md
generated:production,MY_PAPER_RELATED/gromacs_eval_pred_conductivity/reproducibility/static_cne0_release/examples/generated_Traj_912118_rep3/mdp/production.mdp,dt,0.001000
generated:production,MY_PAPER_RELATED/gromacs_eval_pred_conductivity/reproducibility/static_cne0_release/examples/generated_Traj_912118_rep3/mdp/production.mdp,cutoff-scheme,Verlet
generated:production,MY_PAPER_RELATED/gromacs_eval_pred_conductivity/reproducibility/static_cne0_release/examples/generated_Traj_912118_rep3/mdp/production.mdp,nstlist,20
generated:production,MY_PAPER_RELATED/gromacs_eval_pred_conductivity/reproducibility/static_cne0_release/examples/generated_Traj_912118_rep3/mdp/production.mdp,coulombtype,PME
generated:production,MY_PAPER_RELATED/gromacs_eval_pred_conductivity/reproducibility/static_cne0_release/examples/generated_Traj_912118_rep3/mdp/production.mdp,rcoulomb,1.0
generated:production,MY_PAPER_RELATED/gromacs_eval_pred_conductivity/reproducibility/static_cne0_release/examples/generated_Traj_912118_rep3/mdp/production.mdp,vdwtype,Cut-off
generated:production,MY_PAPER_RELATED/gromacs_eval_pred_conductivity/reproducibility/static_cne0_release/examples/generated_Traj_912118_rep3/mdp/production.mdp,rvdw,1.0
generated:production,MY_PAPER_RELATED/gromacs_eval_pred_conductivity/reproducibility/static_cne0_release/examples/generated_Traj_912118_rep3/mdp/production.mdp,DispCorr,EnerPres
generated:production,MY_PAPER_RELATED/gromacs_eval_pred_conductivity/reproducibility/static_cne0_release/examples/generated_Traj_912118_rep3/mdp/production.mdp,fourierspacing,0.14
generated:production,MY_PAPER_RELATED/gromacs_eval_pred_conductivity/reproducibility/static_cne0_release/examples/generated_Traj_912118_rep3/mdp/production.mdp,pbc,xyz
generated:production,MY_PAPER_RELATED/gromacs_eval_pred_conductivity/reproducibility/static_cne0_release/examples/generated_Traj_912118_rep3/mdp/production.mdp,constraints,h-bonds
generated:production,MY_PAPER_RELATED/gromacs_eval_pred_conductivity/reproducibility/static_cne0_release/examples/generated_Traj_912118_rep3/mdp/production.mdp,constraint-algorithm,lincs
generated:production,MY_PAPER_RELATED/gromacs_eval_pred_conductivity/reproducibility/static_cne0_release/examples/generated_Traj_912118_rep3/mdp/production.mdp,lincs_iter,6
generated:production,MY_PAPER_RELATED/gromacs_eval_pred_conductivity/reproducibility/static_cne0_release/examples/generated_Traj_912118_rep3/mdp/production.mdp,lincs_order,12
generated:production,MY_PAPER_RELATED/gromacs_eval_pred_conductivity/reproducibility/static_cne0_release/examples/generated_Traj_912118_rep3/mdp/production.mdp,lincs-warnangle,20
generated:production,MY_PAPER_RELATED/gromacs_eval_pred_conductivity/reproducibility/static_cne0_release/examples/generated_Traj_912118_rep3/mdp/production.mdp,tcoupl,v-rescale
generated:production,MY_PAPER_RELATED/gromacs_eval_pred_conductivity/reproducibility/static_cne0_release/examples/generated_Traj_912118_rep3/mdp/production.mdp,tc-grps,System
generated:production,MY_PAPER_RELATED/gromacs_eval_pred_conductivity/reproducibility/static_cne0_release/examples/generated_Traj_912118_rep3/mdp/production.mdp,tau-t,5.00
generated:production,MY_PAPER_RELATED/gromacs_eval_pred_conductivity/reproducibility/static_cne0_release/examples/generated_Traj_912118_rep3/mdp/production.mdp,nstxout-compressed,500
generated:production,MY_PAPER_RELATED/gromacs_eval_pred_conductivity/reproducibility/static_cne0_release/examples/generated_Traj_912118_rep3/mdp/production.mdp,nstvout,0
generated:production,MY_PAPER_RELATED/gromacs_eval_pred_conductivity/reproducibility/static_cne0_release/examples/generated_Traj_912118_rep3/mdp/production.mdp,nstenergy,10000
generated:production,MY_PAPER_RELATED/gromacs_eval_pred_conductivity/reproducibility/static_cne0_release/examples/generated_Traj_912118_rep3/mdp/production.mdp,gen-vel,no
generated:production,MY_PAPER_RELATED/gromacs_eval_pred_conductivity/reproducibility/static_cne0_release/examples/generated_Traj_912118_rep3/mdp/production.mdp,nsteps,50000000
generated:production,MY_PAPER_RELATED/gromacs_eval_pred_conductivity/reproducibility/static_cne0_release/examples/generated_Traj_912118_rep3/mdp/production.mdp,ref-t,353.0
generated:production,MY_PAPER_RELATED/gromacs_eval_pred_conductivity/reproducibility/static_cne0_release/examples/generated_Traj_912118_rep3/mdp/production.mdp,pcoupl,no
generated:production,MY_PAPER_RELATED/gromacs_eval_pred_conductivity/reproducibility/static_cne0_release/examples/generated_Traj_912118_rep3/mdp/production.mdp,nstxout,0
generated:production_rep2,MY_PAPER_RELATED/gromacs_eval_pred_conductivity/reproducibility/static_cne0_release/examples/generated_Traj_912118_rep3/mdp/production_rep2.mdp,integrator,md
generated:production_rep2,MY_PAPER_RELATED/gromacs_eval_pred_conductivity/reproducibility/static_cne0_release/examples/generated_Traj_912118_rep3/mdp/production_rep2.mdp,dt,0.001000
generated:production_rep2,MY_PAPER_RELATED/gromacs_eval_pred_conductivity/reproducibility/static_cne0_release/examples/generated_Traj_912118_rep3/mdp/production_rep2.mdp,cutoff-scheme,Verlet
generated:production_rep2,MY_PAPER_RELATED/gromacs_eval_pred_conductivity/reproducibility/static_cne0_release/examples/generated_Traj_912118_rep3/mdp/production_rep2.mdp,nstlist,20
generated:production_rep2,MY_PAPER_RELATED/gromacs_eval_pred_conductivity/reproducibility/static_cne0_release/examples/generated_Traj_912118_rep3/mdp/production_rep2.mdp,coulombtype,PME
generated:production_rep2,MY_PAPER_RELATED/gromacs_eval_pred_conductivity/reproducibility/static_cne0_release/examples/generated_Traj_912118_rep3/mdp/production_rep2.mdp,rcoulomb,1.0
generated:production_rep2,MY_PAPER_RELATED/gromacs_eval_pred_conductivity/reproducibility/static_cne0_release/examples/generated_Traj_912118_rep3/mdp/production_rep2.mdp,vdwtype,Cut-off
generated:production_rep2,MY_PAPER_RELATED/gromacs_eval_pred_conductivity/reproducibility/static_cne0_release/examples/generated_Traj_912118_rep3/mdp/production_rep2.mdp,rvdw,1.0
generated:production_rep2,MY_PAPER_RELATED/gromacs_eval_pred_conductivity/reproducibility/static_cne0_release/examples/generated_Traj_912118_rep3/mdp/production_rep2.mdp,DispCorr,EnerPres
generated:production_rep2,MY_PAPER_RELATED/gromacs_eval_pred_conductivity/reproducibility/static_cne0_release/examples/generated_Traj_912118_rep3/mdp/production_rep2.mdp,fourierspacing,0.14
generated:production_rep2,MY_PAPER_RELATED/gromacs_eval_pred_conductivity/reproducibility/static_cne0_release/examples/generated_Traj_912118_rep3/mdp/production_rep2.mdp,pbc,xyz
generated:production_rep2,MY_PAPER_RELATED/gromacs_eval_pred_conductivity/reproducibility/static_cne0_release/examples/generated_Traj_912118_rep3/mdp/production_rep2.mdp,constraints,h-bonds
generated:production_rep2,MY_PAPER_RELATED/gromacs_eval_pred_conductivity/reproducibility/static_cne0_release/examples/generated_Traj_912118_rep3/mdp/production_rep2.mdp,constraint-algorithm,lincs
generated:production_rep2,MY_PAPER_RELATED/gromacs_eval_pred_conductivity/reproducibility/static_cne0_release/examples/generated_Traj_912118_rep3/mdp/production_rep2.mdp,lincs_iter,6
generated:production_rep2,MY_PAPER_RELATED/gromacs_eval_pred_conductivity/reproducibility/static_cne0_release/examples/generated_Traj_912118_rep3/mdp/production_rep2.mdp,lincs_order,12
generated:production_rep2,MY_PAPER_RELATED/gromacs_eval_pred_conductivity/reproducibility/static_cne0_release/examples/generated_Traj_912118_rep3/mdp/production_rep2.mdp,lincs-warnangle,20
generated:production_rep2,MY_PAPER_RELATED/gromacs_eval_pred_conductivity/reproducibility/static_cne0_release/examples/generated_Traj_912118_rep3/mdp/production_rep2.mdp,tcoupl,v-rescale
generated:production_rep2,MY_PAPER_RELATED/gromacs_eval_pred_conductivity/reproducibility/static_cne0_release/examples/generated_Traj_912118_rep3/mdp/production_rep2.mdp,tc-grps,System
generated:production_rep2,MY_PAPER_RELATED/gromacs_eval_pred_conductivity/reproducibility/static_cne0_release/examples/generated_Traj_912118_rep3/mdp/production_rep2.mdp,tau-t,5.00
generated:production_rep2,MY_PAPER_RELATED/gromacs_eval_pred_conductivity/reproducibility/static_cne0_release/examples/generated_Traj_912118_rep3/mdp/production_rep2.mdp,nstxout-compressed,500
generated:production_rep2,MY_PAPER_RELATED/gromacs_eval_pred_conductivity/reproducibility/static_cne0_release/examples/generated_Traj_912118_rep3/mdp/production_rep2.mdp,nstvout,0
generated:production_rep2,MY_PAPER_RELATED/gromacs_eval_pred_conductivity/reproducibility/static_cne0_release/examples/generated_Traj_912118_rep3/mdp/production_rep2.mdp,nstenergy,10000
generated:production_rep2,MY_PAPER_RELATED/gromacs_eval_pred_conductivity/reproducibility/static_cne0_release/examples/generated_Traj_912118_rep3/mdp/production_rep2.mdp,gen-vel,yes
generated:production_rep2,MY_PAPER_RELATED/gromacs_eval_pred_conductivity/reproducibility/static_cne0_release/examples/generated_Traj_912118_rep3/mdp/production_rep2.mdp,nsteps,50000000
generated:production_rep2,MY_PAPER_RELATED/gromacs_eval_pred_conductivity/reproducibility/static_cne0_release/examples/generated_Traj_912118_rep3/mdp/production_rep2.mdp,ref-t,353.0
generated:production_rep2,MY_PAPER_RELATED/gromacs_eval_pred_conductivity/reproducibility/static_cne0_release/examples/generated_Traj_912118_rep3/mdp/production_rep2.mdp,pcoupl,no
generated:production_rep2,MY_PAPER_RELATED/gromacs_eval_pred_conductivity/reproducibility/static_cne0_release/examples/generated_Traj_912118_rep3/mdp/production_rep2.mdp,nstxout,0
generated:production_rep2,MY_PAPER_RELATED/gromacs_eval_pred_conductivity/reproducibility/static_cne0_release/examples/generated_Traj_912118_rep3/mdp/production_rep2.mdp,continuation,no
generated:production_rep2,MY_PAPER_RELATED/gromacs_eval_pred_conductivity/reproducibility/static_cne0_release/examples/generated_Traj_912118_rep3/mdp/production_rep2.mdp,gen-temp,353.0
generated:production_rep2,MY_PAPER_RELATED/gromacs_eval_pred_conductivity/reproducibility/static_cne0_release/examples/generated_Traj_912118_rep3/mdp/production_rep2.mdp,gen-seed,730002
generated:production_rep3,MY_PAPER_RELATED/gromacs_eval_pred_conductivity/reproducibility/static_cne0_release/examples/generated_Traj_912118_rep3/mdp/production_rep3.mdp,integrator,md
generated:production_rep3,MY_PAPER_RELATED/gromacs_eval_pred_conductivity/reproducibility/static_cne0_release/examples/generated_Traj_912118_rep3/mdp/production_rep3.mdp,dt,0.001000
generated:production_rep3,MY_PAPER_RELATED/gromacs_eval_pred_conductivity/reproducibility/static_cne0_release/examples/generated_Traj_912118_rep3/mdp/production_rep3.mdp,cutoff-scheme,Verlet
generated:production_rep3,MY_PAPER_RELATED/gromacs_eval_pred_conductivity/reproducibility/static_cne0_release/examples/generated_Traj_912118_rep3/mdp/production_rep3.mdp,nstlist,20
generated:production_rep3,MY_PAPER_RELATED/gromacs_eval_pred_conductivity/reproducibility/static_cne0_release/examples/generated_Traj_912118_rep3/mdp/production_rep3.mdp,coulombtype,PME
generated:production_rep3,MY_PAPER_RELATED/gromacs_eval_pred_conductivity/reproducibility/static_cne0_release/examples/generated_Traj_912118_rep3/mdp/production_rep3.mdp,rcoulomb,1.0
generated:production_rep3,MY_PAPER_RELATED/gromacs_eval_pred_conductivity/reproducibility/static_cne0_release/examples/generated_Traj_912118_rep3/mdp/production_rep3.mdp,vdwtype,Cut-off
generated:production_rep3,MY_PAPER_RELATED/gromacs_eval_pred_conductivity/reproducibility/static_cne0_release/examples/generated_Traj_912118_rep3/mdp/production_rep3.mdp,rvdw,1.0
generated:production_rep3,MY_PAPER_RELATED/gromacs_eval_pred_conductivity/reproducibility/static_cne0_release/examples/generated_Traj_912118_rep3/mdp/production_rep3.mdp,DispCorr,EnerPres
generated:production_rep3,MY_PAPER_RELATED/gromacs_eval_pred_conductivity/reproducibility/static_cne0_release/examples/generated_Traj_912118_rep3/mdp/production_rep3.mdp,fourierspacing,0.14
generated:production_rep3,MY_PAPER_RELATED/gromacs_eval_pred_conductivity/reproducibility/static_cne0_release/examples/generated_Traj_912118_rep3/mdp/production_rep3.mdp,pbc,xyz
generated:production_rep3,MY_PAPER_RELATED/gromacs_eval_pred_conductivity/reproducibility/static_cne0_release/examples/generated_Traj_912118_rep3/mdp/production_rep3.mdp,constraints,h-bonds
generated:production_rep3,MY_PAPER_RELATED/gromacs_eval_pred_conductivity/reproducibility/static_cne0_release/examples/generated_Traj_912118_rep3/mdp/production_rep3.mdp,constraint-algorithm,lincs
generated:production_rep3,MY_PAPER_RELATED/gromacs_eval_pred_conductivity/reproducibility/static_cne0_release/examples/generated_Traj_912118_rep3/mdp/production_rep3.mdp,lincs_iter,6
generated:production_rep3,MY_PAPER_RELATED/gromacs_eval_pred_conductivity/reproducibility/static_cne0_release/examples/generated_Traj_912118_rep3/mdp/production_rep3.mdp,lincs_order,12
generated:production_rep3,MY_PAPER_RELATED/gromacs_eval_pred_conductivity/reproducibility/static_cne0_release/examples/generated_Traj_912118_rep3/mdp/production_rep3.mdp,lincs-warnangle,20
generated:production_rep3,MY_PAPER_RELATED/gromacs_eval_pred_conductivity/reproducibility/static_cne0_release/examples/generated_Traj_912118_rep3/mdp/production_rep3.mdp,tcoupl,v-rescale
generated:production_rep3,MY_PAPER_RELATED/gromacs_eval_pred_conductivity/reproducibility/static_cne0_release/examples/generated_Traj_912118_rep3/mdp/production_rep3.mdp,tc-grps,System
generated:production_rep3,MY_PAPER_RELATED/gromacs_eval_pred_conductivity/reproducibility/static_cne0_release/examples/generated_Traj_912118_rep3/mdp/production_rep3.mdp,tau-t,5.00
generated:production_rep3,MY_PAPER_RELATED/gromacs_eval_pred_conductivity/reproducibility/static_cne0_release/examples/generated_Traj_912118_rep3/mdp/production_rep3.mdp,nstxout-compressed,500
generated:production_rep3,MY_PAPER_RELATED/gromacs_eval_pred_conductivity/reproducibility/static_cne0_release/examples/generated_Traj_912118_rep3/mdp/production_rep3.mdp,nstvout,0
generated:production_rep3,MY_PAPER_RELATED/gromacs_eval_pred_conductivity/reproducibility/static_cne0_release/examples/generated_Traj_912118_rep3/mdp/production_rep3.mdp,nstenergy,10000
generated:production_rep3,MY_PAPER_RELATED/gromacs_eval_pred_conductivity/reproducibility/static_cne0_release/examples/generated_Traj_912118_rep3/mdp/production_rep3.mdp,gen-vel,yes
generated:production_rep3,MY_PAPER_RELATED/gromacs_eval_pred_conductivity/reproducibility/static_cne0_release/examples/generated_Traj_912118_rep3/mdp/production_rep3.mdp,nsteps,50000000
generated:production_rep3,MY_PAPER_RELATED/gromacs_eval_pred_conductivity/reproducibility/static_cne0_release/examples/generated_Traj_912118_rep3/mdp/production_rep3.mdp,ref-t,353.0
generated:production_rep3,MY_PAPER_RELATED/gromacs_eval_pred_conductivity/reproducibility/static_cne0_release/examples/generated_Traj_912118_rep3/mdp/production_rep3.mdp,pcoupl,no
generated:production_rep3,MY_PAPER_RELATED/gromacs_eval_pred_conductivity/reproducibility/static_cne0_release/examples/generated_Traj_912118_rep3/mdp/production_rep3.mdp,nstxout,0
generated:production_rep3,MY_PAPER_RELATED/gromacs_eval_pred_conductivity/reproducibility/static_cne0_release/examples/generated_Traj_912118_rep3/mdp/production_rep3.mdp,continuation,no
generated:production_rep3,MY_PAPER_RELATED/gromacs_eval_pred_conductivity/reproducibility/static_cne0_release/examples/generated_Traj_912118_rep3/mdp/production_rep3.mdp,gen-temp,353.0
generated:production_rep3,MY_PAPER_RELATED/gromacs_eval_pred_conductivity/reproducibility/static_cne0_release/examples/generated_Traj_912118_rep3/mdp/production_rep3.mdp,gen-seed,730003
reference:em,MY_PAPER_RELATED/gromacs_eval_pred_conductivity/reproducibility/static_cne0_release/examples/reference_Traj_13430/mdp/em.mdp,integrator,steep
reference:em,MY_PAPER_RELATED/gromacs_eval_pred_conductivity/reproducibility/static_cne0_release/examples/reference_Traj_13430/mdp/em.mdp,emtol,100
reference:em,MY_PAPER_RELATED/gromacs_eval_pred_conductivity/reproducibility/static_cne0_release/examples/reference_Traj_13430/mdp/em.mdp,emstep,0.01
reference:em,MY_PAPER_RELATED/gromacs_eval_pred_conductivity/reproducibility/static_cne0_release/examples/reference_Traj_13430/mdp/em.mdp,nsteps,200000
reference:em,MY_PAPER_RELATED/gromacs_eval_pred_conductivity/reproducibility/static_cne0_release/examples/reference_Traj_13430/mdp/em.mdp,cutoff-scheme,Verlet
reference:em,MY_PAPER_RELATED/gromacs_eval_pred_conductivity/reproducibility/static_cne0_release/examples/reference_Traj_13430/mdp/em.mdp,coulombtype,PME
reference:em,MY_PAPER_RELATED/gromacs_eval_pred_conductivity/reproducibility/static_cne0_release/examples/reference_Traj_13430/mdp/em.mdp,rcoulomb,1.2
reference:em,MY_PAPER_RELATED/gromacs_eval_pred_conductivity/reproducibility/static_cne0_release/examples/reference_Traj_13430/mdp/em.mdp,vdwtype,Cut-off
reference:em,MY_PAPER_RELATED/gromacs_eval_pred_conductivity/reproducibility/static_cne0_release/examples/reference_Traj_13430/mdp/em.mdp,rvdw,1.2
reference:em,MY_PAPER_RELATED/gromacs_eval_pred_conductivity/reproducibility/static_cne0_release/examples/reference_Traj_13430/mdp/em.mdp,pbc,xyz
reference:npt01_p50,MY_PAPER_RELATED/gromacs_eval_pred_conductivity/reproducibility/static_cne0_release/examples/reference_Traj_13430/mdp/npt01_p50.mdp,integrator,md
reference:npt01_p50,MY_PAPER_RELATED/gromacs_eval_pred_conductivity/reproducibility/static_cne0_release/examples/reference_Traj_13430/mdp/npt01_p50.mdp,dt,0.001000
reference:npt01_p50,MY_PAPER_RELATED/gromacs_eval_pred_conductivity/reproducibility/static_cne0_release/examples/reference_Traj_13430/mdp/npt01_p50.mdp,cutoff-scheme,Verlet
reference:npt01_p50,MY_PAPER_RELATED/gromacs_eval_pred_conductivity/reproducibility/static_cne0_release/examples/reference_Traj_13430/mdp/npt01_p50.mdp,nstlist,20
reference:npt01_p50,MY_PAPER_RELATED/gromacs_eval_pred_conductivity/reproducibility/static_cne0_release/examples/reference_Traj_13430/mdp/npt01_p50.mdp,coulombtype,PME
reference:npt01_p50,MY_PAPER_RELATED/gromacs_eval_pred_conductivity/reproducibility/static_cne0_release/examples/reference_Traj_13430/mdp/npt01_p50.mdp,rcoulomb,1.0
reference:npt01_p50,MY_PAPER_RELATED/gromacs_eval_pred_conductivity/reproducibility/static_cne0_release/examples/reference_Traj_13430/mdp/npt01_p50.mdp,vdwtype,Cut-off
reference:npt01_p50,MY_PAPER_RELATED/gromacs_eval_pred_conductivity/reproducibility/static_cne0_release/examples/reference_Traj_13430/mdp/npt01_p50.mdp,rvdw,1.0
reference:npt01_p50,MY_PAPER_RELATED/gromacs_eval_pred_conductivity/reproducibility/static_cne0_release/examples/reference_Traj_13430/mdp/npt01_p50.mdp,DispCorr,EnerPres
reference:npt01_p50,MY_PAPER_RELATED/gromacs_eval_pred_conductivity/reproducibility/static_cne0_release/examples/reference_Traj_13430/mdp/npt01_p50.mdp,fourierspacing,0.14
reference:npt01_p50,MY_PAPER_RELATED/gromacs_eval_pred_conductivity/reproducibility/static_cne0_release/examples/reference_Traj_13430/mdp/npt01_p50.mdp,pbc,xyz
reference:npt01_p50,MY_PAPER_RELATED/gromacs_eval_pred_conductivity/reproducibility/static_cne0_release/examples/reference_Traj_13430/mdp/npt01_p50.mdp,constraints,h-bonds
reference:npt01_p50,MY_PAPER_RELATED/gromacs_eval_pred_conductivity/reproducibility/static_cne0_release/examples/reference_Traj_13430/mdp/npt01_p50.mdp,constraint-algorithm,lincs
reference:npt01_p50,MY_PAPER_RELATED/gromacs_eval_pred_conductivity/reproducibility/static_cne0_release/examples/reference_Traj_13430/mdp/npt01_p50.mdp,lincs_iter,3
reference:npt01_p50,MY_PAPER_RELATED/gromacs_eval_pred_conductivity/reproducibility/static_cne0_release/examples/reference_Traj_13430/mdp/npt01_p50.mdp,lincs_order,8
reference:npt01_p50,MY_PAPER_RELATED/gromacs_eval_pred_conductivity/reproducibility/static_cne0_release/examples/reference_Traj_13430/mdp/npt01_p50.mdp,lincs-warnangle,30
reference:npt01_p50,MY_PAPER_RELATED/gromacs_eval_pred_conductivity/reproducibility/static_cne0_release/examples/reference_Traj_13430/mdp/npt01_p50.mdp,tcoupl,nose-hoover
reference:npt01_p50,MY_PAPER_RELATED/gromacs_eval_pred_conductivity/reproducibility/static_cne0_release/examples/reference_Traj_13430/mdp/npt01_p50.mdp,tc-grps,System
reference:npt01_p50,MY_PAPER_RELATED/gromacs_eval_pred_conductivity/reproducibility/static_cne0_release/examples/reference_Traj_13430/mdp/npt01_p50.mdp,tau-t,5.00
reference:npt01_p50,MY_PAPER_RELATED/gromacs_eval_pred_conductivity/reproducibility/static_cne0_release/examples/reference_Traj_13430/mdp/npt01_p50.mdp,nstxout-compressed,500
reference:npt01_p50,MY_PAPER_RELATED/gromacs_eval_pred_conductivity/reproducibility/static_cne0_release/examples/reference_Traj_13430/mdp/npt01_p50.mdp,nstvout,0
reference:npt01_p50,MY_PAPER_RELATED/gromacs_eval_pred_conductivity/reproducibility/static_cne0_release/examples/reference_Traj_13430/mdp/npt01_p50.mdp,nstenergy,10000
reference:npt01_p50,MY_PAPER_RELATED/gromacs_eval_pred_conductivity/reproducibility/static_cne0_release/examples/reference_Traj_13430/mdp/npt01_p50.mdp,gen-vel,no
reference:npt01_p50,MY_PAPER_RELATED/gromacs_eval_pred_conductivity/reproducibility/static_cne0_release/examples/reference_Traj_13430/mdp/npt01_p50.mdp,nsteps,100000
reference:npt01_p50,MY_PAPER_RELATED/gromacs_eval_pred_conductivity/reproducibility/static_cne0_release/examples/reference_Traj_13430/mdp/npt01_p50.mdp,ref-t,353.0
reference:npt01_p50,MY_PAPER_RELATED/gromacs_eval_pred_conductivity/reproducibility/static_cne0_release/examples/reference_Traj_13430/mdp/npt01_p50.mdp,pcoupl,Berendsen
reference:npt01_p50,MY_PAPER_RELATED/gromacs_eval_pred_conductivity/reproducibility/static_cne0_release/examples/reference_Traj_13430/mdp/npt01_p50.mdp,tau-p,200.0
reference:npt01_p50,MY_PAPER_RELATED/gromacs_eval_pred_conductivity/reproducibility/static_cne0_release/examples/reference_Traj_13430/mdp/npt01_p50.mdp,ref-p,50.00
reference:npt01_p50,MY_PAPER_RELATED/gromacs_eval_pred_conductivity/reproducibility/static_cne0_release/examples/reference_Traj_13430/mdp/npt01_p50.mdp,compressibility,4.5e-5
reference:npt01_p50,MY_PAPER_RELATED/gromacs_eval_pred_conductivity/reproducibility/static_cne0_release/examples/reference_Traj_13430/mdp/npt01_p50.mdp,nstpcouple,50
reference:npt01_p50,MY_PAPER_RELATED/gromacs_eval_pred_conductivity/reproducibility/static_cne0_release/examples/reference_Traj_13430/mdp/npt01_p50.mdp,refcoord_scaling,com
reference:npt01_p50,MY_PAPER_RELATED/gromacs_eval_pred_conductivity/reproducibility/static_cne0_release/examples/reference_Traj_13430/mdp/npt01_p50.mdp,define,-DPOSRES
reference:npt02_p200,MY_PAPER_RELATED/gromacs_eval_pred_conductivity/reproducibility/static_cne0_release/examples/reference_Traj_13430/mdp/npt02_p200.mdp,integrator,md
reference:npt02_p200,MY_PAPER_RELATED/gromacs_eval_pred_conductivity/reproducibility/static_cne0_release/examples/reference_Traj_13430/mdp/npt02_p200.mdp,dt,0.001000
reference:npt02_p200,MY_PAPER_RELATED/gromacs_eval_pred_conductivity/reproducibility/static_cne0_release/examples/reference_Traj_13430/mdp/npt02_p200.mdp,cutoff-scheme,Verlet
reference:npt02_p200,MY_PAPER_RELATED/gromacs_eval_pred_conductivity/reproducibility/static_cne0_release/examples/reference_Traj_13430/mdp/npt02_p200.mdp,nstlist,20
reference:npt02_p200,MY_PAPER_RELATED/gromacs_eval_pred_conductivity/reproducibility/static_cne0_release/examples/reference_Traj_13430/mdp/npt02_p200.mdp,coulombtype,PME
reference:npt02_p200,MY_PAPER_RELATED/gromacs_eval_pred_conductivity/reproducibility/static_cne0_release/examples/reference_Traj_13430/mdp/npt02_p200.mdp,rcoulomb,1.0
reference:npt02_p200,MY_PAPER_RELATED/gromacs_eval_pred_conductivity/reproducibility/static_cne0_release/examples/reference_Traj_13430/mdp/npt02_p200.mdp,vdwtype,Cut-off
reference:npt02_p200,MY_PAPER_RELATED/gromacs_eval_pred_conductivity/reproducibility/static_cne0_release/examples/reference_Traj_13430/mdp/npt02_p200.mdp,rvdw,1.0
reference:npt02_p200,MY_PAPER_RELATED/gromacs_eval_pred_conductivity/reproducibility/static_cne0_release/examples/reference_Traj_13430/mdp/npt02_p200.mdp,DispCorr,EnerPres
reference:npt02_p200,MY_PAPER_RELATED/gromacs_eval_pred_conductivity/reproducibility/static_cne0_release/examples/reference_Traj_13430/mdp/npt02_p200.mdp,fourierspacing,0.14
reference:npt02_p200,MY_PAPER_RELATED/gromacs_eval_pred_conductivity/reproducibility/static_cne0_release/examples/reference_Traj_13430/mdp/npt02_p200.mdp,pbc,xyz
reference:npt02_p200,MY_PAPER_RELATED/gromacs_eval_pred_conductivity/reproducibility/static_cne0_release/examples/reference_Traj_13430/mdp/npt02_p200.mdp,constraints,h-bonds
reference:npt02_p200,MY_PAPER_RELATED/gromacs_eval_pred_conductivity/reproducibility/static_cne0_release/examples/reference_Traj_13430/mdp/npt02_p200.mdp,constraint-algorithm,lincs
reference:npt02_p200,MY_PAPER_RELATED/gromacs_eval_pred_conductivity/reproducibility/static_cne0_release/examples/reference_Traj_13430/mdp/npt02_p200.mdp,lincs_iter,3
reference:npt02_p200,MY_PAPER_RELATED/gromacs_eval_pred_conductivity/reproducibility/static_cne0_release/examples/reference_Traj_13430/mdp/npt02_p200.mdp,lincs_order,8
reference:npt02_p200,MY_PAPER_RELATED/gromacs_eval_pred_conductivity/reproducibility/static_cne0_release/examples/reference_Traj_13430/mdp/npt02_p200.mdp,lincs-warnangle,30
reference:npt02_p200,MY_PAPER_RELATED/gromacs_eval_pred_conductivity/reproducibility/static_cne0_release/examples/reference_Traj_13430/mdp/npt02_p200.mdp,tcoupl,nose-hoover
reference:npt02_p200,MY_PAPER_RELATED/gromacs_eval_pred_conductivity/reproducibility/static_cne0_release/examples/reference_Traj_13430/mdp/npt02_p200.mdp,tc-grps,System
reference:npt02_p200,MY_PAPER_RELATED/gromacs_eval_pred_conductivity/reproducibility/static_cne0_release/examples/reference_Traj_13430/mdp/npt02_p200.mdp,tau-t,5.00
reference:npt02_p200,MY_PAPER_RELATED/gromacs_eval_pred_conductivity/reproducibility/static_cne0_release/examples/reference_Traj_13430/mdp/npt02_p200.mdp,nstxout-compressed,500
reference:npt02_p200,MY_PAPER_RELATED/gromacs_eval_pred_conductivity/reproducibility/static_cne0_release/examples/reference_Traj_13430/mdp/npt02_p200.mdp,nstvout,0
reference:npt02_p200,MY_PAPER_RELATED/gromacs_eval_pred_conductivity/reproducibility/static_cne0_release/examples/reference_Traj_13430/mdp/npt02_p200.mdp,nstenergy,10000
reference:npt02_p200,MY_PAPER_RELATED/gromacs_eval_pred_conductivity/reproducibility/static_cne0_release/examples/reference_Traj_13430/mdp/npt02_p200.mdp,gen-vel,no
reference:npt02_p200,MY_PAPER_RELATED/gromacs_eval_pred_conductivity/reproducibility/static_cne0_release/examples/reference_Traj_13430/mdp/npt02_p200.mdp,nsteps,100000
reference:npt02_p200,MY_PAPER_RELATED/gromacs_eval_pred_conductivity/reproducibility/static_cne0_release/examples/reference_Traj_13430/mdp/npt02_p200.mdp,ref-t,353.0
reference:npt02_p200,MY_PAPER_RELATED/gromacs_eval_pred_conductivity/reproducibility/static_cne0_release/examples/reference_Traj_13430/mdp/npt02_p200.mdp,pcoupl,Berendsen
reference:npt02_p200,MY_PAPER_RELATED/gromacs_eval_pred_conductivity/reproducibility/static_cne0_release/examples/reference_Traj_13430/mdp/npt02_p200.mdp,tau-p,200.0
reference:npt02_p200,MY_PAPER_RELATED/gromacs_eval_pred_conductivity/reproducibility/static_cne0_release/examples/reference_Traj_13430/mdp/npt02_p200.mdp,ref-p,200.00
reference:npt02_p200,MY_PAPER_RELATED/gromacs_eval_pred_conductivity/reproducibility/static_cne0_release/examples/reference_Traj_13430/mdp/npt02_p200.mdp,compressibility,4.5e-5
reference:npt02_p200,MY_PAPER_RELATED/gromacs_eval_pred_conductivity/reproducibility/static_cne0_release/examples/reference_Traj_13430/mdp/npt02_p200.mdp,nstpcouple,50
reference:npt02_p200,MY_PAPER_RELATED/gromacs_eval_pred_conductivity/reproducibility/static_cne0_release/examples/reference_Traj_13430/mdp/npt02_p200.mdp,refcoord_scaling,com
reference:npt02_p200,MY_PAPER_RELATED/gromacs_eval_pred_conductivity/reproducibility/static_cne0_release/examples/reference_Traj_13430/mdp/npt02_p200.mdp,define,-DPOSRES
reference:npt03_p500,MY_PAPER_RELATED/gromacs_eval_pred_conductivity/reproducibility/static_cne0_release/examples/reference_Traj_13430/mdp/npt03_p500.mdp,integrator,md
reference:npt03_p500,MY_PAPER_RELATED/gromacs_eval_pred_conductivity/reproducibility/static_cne0_release/examples/reference_Traj_13430/mdp/npt03_p500.mdp,dt,0.001000
reference:npt03_p500,MY_PAPER_RELATED/gromacs_eval_pred_conductivity/reproducibility/static_cne0_release/examples/reference_Traj_13430/mdp/npt03_p500.mdp,cutoff-scheme,Verlet
reference:npt03_p500,MY_PAPER_RELATED/gromacs_eval_pred_conductivity/reproducibility/static_cne0_release/examples/reference_Traj_13430/mdp/npt03_p500.mdp,nstlist,20
reference:npt03_p500,MY_PAPER_RELATED/gromacs_eval_pred_conductivity/reproducibility/static_cne0_release/examples/reference_Traj_13430/mdp/npt03_p500.mdp,coulombtype,PME
reference:npt03_p500,MY_PAPER_RELATED/gromacs_eval_pred_conductivity/reproducibility/static_cne0_release/examples/reference_Traj_13430/mdp/npt03_p500.mdp,rcoulomb,1.0
reference:npt03_p500,MY_PAPER_RELATED/gromacs_eval_pred_conductivity/reproducibility/static_cne0_release/examples/reference_Traj_13430/mdp/npt03_p500.mdp,vdwtype,Cut-off
reference:npt03_p500,MY_PAPER_RELATED/gromacs_eval_pred_conductivity/reproducibility/static_cne0_release/examples/reference_Traj_13430/mdp/npt03_p500.mdp,rvdw,1.0
reference:npt03_p500,MY_PAPER_RELATED/gromacs_eval_pred_conductivity/reproducibility/static_cne0_release/examples/reference_Traj_13430/mdp/npt03_p500.mdp,DispCorr,EnerPres
reference:npt03_p500,MY_PAPER_RELATED/gromacs_eval_pred_conductivity/reproducibility/static_cne0_release/examples/reference_Traj_13430/mdp/npt03_p500.mdp,fourierspacing,0.14
reference:npt03_p500,MY_PAPER_RELATED/gromacs_eval_pred_conductivity/reproducibility/static_cne0_release/examples/reference_Traj_13430/mdp/npt03_p500.mdp,pbc,xyz
reference:npt03_p500,MY_PAPER_RELATED/gromacs_eval_pred_conductivity/reproducibility/static_cne0_release/examples/reference_Traj_13430/mdp/npt03_p500.mdp,constraints,h-bonds
reference:npt03_p500,MY_PAPER_RELATED/gromacs_eval_pred_conductivity/reproducibility/static_cne0_release/examples/reference_Traj_13430/mdp/npt03_p500.mdp,constraint-algorithm,lincs
reference:npt03_p500,MY_PAPER_RELATED/gromacs_eval_pred_conductivity/reproducibility/static_cne0_release/examples/reference_Traj_13430/mdp/npt03_p500.mdp,lincs_iter,3
reference:npt03_p500,MY_PAPER_RELATED/gromacs_eval_pred_conductivity/reproducibility/static_cne0_release/examples/reference_Traj_13430/mdp/npt03_p500.mdp,lincs_order,8
reference:npt03_p500,MY_PAPER_RELATED/gromacs_eval_pred_conductivity/reproducibility/static_cne0_release/examples/reference_Traj_13430/mdp/npt03_p500.mdp,lincs-warnangle,30
reference:npt03_p500,MY_PAPER_RELATED/gromacs_eval_pred_conductivity/reproducibility/static_cne0_release/examples/reference_Traj_13430/mdp/npt03_p500.mdp,tcoupl,nose-hoover
reference:npt03_p500,MY_PAPER_RELATED/gromacs_eval_pred_conductivity/reproducibility/static_cne0_release/examples/reference_Traj_13430/mdp/npt03_p500.mdp,tc-grps,System
reference:npt03_p500,MY_PAPER_RELATED/gromacs_eval_pred_conductivity/reproducibility/static_cne0_release/examples/reference_Traj_13430/mdp/npt03_p500.mdp,tau-t,5.00
reference:npt03_p500,MY_PAPER_RELATED/gromacs_eval_pred_conductivity/reproducibility/static_cne0_release/examples/reference_Traj_13430/mdp/npt03_p500.mdp,nstxout-compressed,500
reference:npt03_p500,MY_PAPER_RELATED/gromacs_eval_pred_conductivity/reproducibility/static_cne0_release/examples/reference_Traj_13430/mdp/npt03_p500.mdp,nstvout,0
reference:npt03_p500,MY_PAPER_RELATED/gromacs_eval_pred_conductivity/reproducibility/static_cne0_release/examples/reference_Traj_13430/mdp/npt03_p500.mdp,nstenergy,10000
reference:npt03_p500,MY_PAPER_RELATED/gromacs_eval_pred_conductivity/reproducibility/static_cne0_release/examples/reference_Traj_13430/mdp/npt03_p500.mdp,gen-vel,no
reference:npt03_p500,MY_PAPER_RELATED/gromacs_eval_pred_conductivity/reproducibility/static_cne0_release/examples/reference_Traj_13430/mdp/npt03_p500.mdp,nsteps,100000
reference:npt03_p500,MY_PAPER_RELATED/gromacs_eval_pred_conductivity/reproducibility/static_cne0_release/examples/reference_Traj_13430/mdp/npt03_p500.mdp,ref-t,353.0
reference:npt03_p500,MY_PAPER_RELATED/gromacs_eval_pred_conductivity/reproducibility/static_cne0_release/examples/reference_Traj_13430/mdp/npt03_p500.mdp,pcoupl,Berendsen
reference:npt03_p500,MY_PAPER_RELATED/gromacs_eval_pred_conductivity/reproducibility/static_cne0_release/examples/reference_Traj_13430/mdp/npt03_p500.mdp,tau-p,200.0
reference:npt03_p500,MY_PAPER_RELATED/gromacs_eval_pred_conductivity/reproducibility/static_cne0_release/examples/reference_Traj_13430/mdp/npt03_p500.mdp,ref-p,500.00
reference:npt03_p500,MY_PAPER_RELATED/gromacs_eval_pred_conductivity/reproducibility/static_cne0_release/examples/reference_Traj_13430/mdp/npt03_p500.mdp,compressibility,4.5e-5
reference:npt03_p500,MY_PAPER_RELATED/gromacs_eval_pred_conductivity/reproducibility/static_cne0_release/examples/reference_Traj_13430/mdp/npt03_p500.mdp,nstpcouple,50
reference:npt03_p500,MY_PAPER_RELATED/gromacs_eval_pred_conductivity/reproducibility/static_cne0_release/examples/reference_Traj_13430/mdp/npt03_p500.mdp,refcoord_scaling,com
reference:npt03_p500,MY_PAPER_RELATED/gromacs_eval_pred_conductivity/reproducibility/static_cne0_release/examples/reference_Traj_13430/mdp/npt03_p500.mdp,define,-DPOSRES
reference:npt04_p1k,MY_PAPER_RELATED/gromacs_eval_pred_conductivity/reproducibility/static_cne0_release/examples/reference_Traj_13430/mdp/npt04_p1k.mdp,integrator,md
reference:npt04_p1k,MY_PAPER_RELATED/gromacs_eval_pred_conductivity/reproducibility/static_cne0_release/examples/reference_Traj_13430/mdp/npt04_p1k.mdp,dt,0.001000
reference:npt04_p1k,MY_PAPER_RELATED/gromacs_eval_pred_conductivity/reproducibility/static_cne0_release/examples/reference_Traj_13430/mdp/npt04_p1k.mdp,cutoff-scheme,Verlet
reference:npt04_p1k,MY_PAPER_RELATED/gromacs_eval_pred_conductivity/reproducibility/static_cne0_release/examples/reference_Traj_13430/mdp/npt04_p1k.mdp,nstlist,20
reference:npt04_p1k,MY_PAPER_RELATED/gromacs_eval_pred_conductivity/reproducibility/static_cne0_release/examples/reference_Traj_13430/mdp/npt04_p1k.mdp,coulombtype,PME
reference:npt04_p1k,MY_PAPER_RELATED/gromacs_eval_pred_conductivity/reproducibility/static_cne0_release/examples/reference_Traj_13430/mdp/npt04_p1k.mdp,rcoulomb,1.0
reference:npt04_p1k,MY_PAPER_RELATED/gromacs_eval_pred_conductivity/reproducibility/static_cne0_release/examples/reference_Traj_13430/mdp/npt04_p1k.mdp,vdwtype,Cut-off
reference:npt04_p1k,MY_PAPER_RELATED/gromacs_eval_pred_conductivity/reproducibility/static_cne0_release/examples/reference_Traj_13430/mdp/npt04_p1k.mdp,rvdw,1.0
reference:npt04_p1k,MY_PAPER_RELATED/gromacs_eval_pred_conductivity/reproducibility/static_cne0_release/examples/reference_Traj_13430/mdp/npt04_p1k.mdp,DispCorr,EnerPres
reference:npt04_p1k,MY_PAPER_RELATED/gromacs_eval_pred_conductivity/reproducibility/static_cne0_release/examples/reference_Traj_13430/mdp/npt04_p1k.mdp,fourierspacing,0.14
reference:npt04_p1k,MY_PAPER_RELATED/gromacs_eval_pred_conductivity/reproducibility/static_cne0_release/examples/reference_Traj_13430/mdp/npt04_p1k.mdp,pbc,xyz
reference:npt04_p1k,MY_PAPER_RELATED/gromacs_eval_pred_conductivity/reproducibility/static_cne0_release/examples/reference_Traj_13430/mdp/npt04_p1k.mdp,constraints,h-bonds
reference:npt04_p1k,MY_PAPER_RELATED/gromacs_eval_pred_conductivity/reproducibility/static_cne0_release/examples/reference_Traj_13430/mdp/npt04_p1k.mdp,constraint-algorithm,lincs
reference:npt04_p1k,MY_PAPER_RELATED/gromacs_eval_pred_conductivity/reproducibility/static_cne0_release/examples/reference_Traj_13430/mdp/npt04_p1k.mdp,lincs_iter,3
reference:npt04_p1k,MY_PAPER_RELATED/gromacs_eval_pred_conductivity/reproducibility/static_cne0_release/examples/reference_Traj_13430/mdp/npt04_p1k.mdp,lincs_order,8
reference:npt04_p1k,MY_PAPER_RELATED/gromacs_eval_pred_conductivity/reproducibility/static_cne0_release/examples/reference_Traj_13430/mdp/npt04_p1k.mdp,lincs-warnangle,30
reference:npt04_p1k,MY_PAPER_RELATED/gromacs_eval_pred_conductivity/reproducibility/static_cne0_release/examples/reference_Traj_13430/mdp/npt04_p1k.mdp,tcoupl,nose-hoover
reference:npt04_p1k,MY_PAPER_RELATED/gromacs_eval_pred_conductivity/reproducibility/static_cne0_release/examples/reference_Traj_13430/mdp/npt04_p1k.mdp,tc-grps,System
reference:npt04_p1k,MY_PAPER_RELATED/gromacs_eval_pred_conductivity/reproducibility/static_cne0_release/examples/reference_Traj_13430/mdp/npt04_p1k.mdp,tau-t,5.00
reference:npt04_p1k,MY_PAPER_RELATED/gromacs_eval_pred_conductivity/reproducibility/static_cne0_release/examples/reference_Traj_13430/mdp/npt04_p1k.mdp,nstxout-compressed,500
reference:npt04_p1k,MY_PAPER_RELATED/gromacs_eval_pred_conductivity/reproducibility/static_cne0_release/examples/reference_Traj_13430/mdp/npt04_p1k.mdp,nstvout,0
reference:npt04_p1k,MY_PAPER_RELATED/gromacs_eval_pred_conductivity/reproducibility/static_cne0_release/examples/reference_Traj_13430/mdp/npt04_p1k.mdp,nstenergy,10000
reference:npt04_p1k,MY_PAPER_RELATED/gromacs_eval_pred_conductivity/reproducibility/static_cne0_release/examples/reference_Traj_13430/mdp/npt04_p1k.mdp,gen-vel,no
reference:npt04_p1k,MY_PAPER_RELATED/gromacs_eval_pred_conductivity/reproducibility/static_cne0_release/examples/reference_Traj_13430/mdp/npt04_p1k.mdp,nsteps,200000
reference:npt04_p1k,MY_PAPER_RELATED/gromacs_eval_pred_conductivity/reproducibility/static_cne0_release/examples/reference_Traj_13430/mdp/npt04_p1k.mdp,ref-t,353.0
reference:npt04_p1k,MY_PAPER_RELATED/gromacs_eval_pred_conductivity/reproducibility/static_cne0_release/examples/reference_Traj_13430/mdp/npt04_p1k.mdp,pcoupl,Berendsen
reference:npt04_p1k,MY_PAPER_RELATED/gromacs_eval_pred_conductivity/reproducibility/static_cne0_release/examples/reference_Traj_13430/mdp/npt04_p1k.mdp,tau-p,200.0
reference:npt04_p1k,MY_PAPER_RELATED/gromacs_eval_pred_conductivity/reproducibility/static_cne0_release/examples/reference_Traj_13430/mdp/npt04_p1k.mdp,ref-p,1013.25
reference:npt04_p1k,MY_PAPER_RELATED/gromacs_eval_pred_conductivity/reproducibility/static_cne0_release/examples/reference_Traj_13430/mdp/npt04_p1k.mdp,compressibility,4.5e-5
reference:npt04_p1k,MY_PAPER_RELATED/gromacs_eval_pred_conductivity/reproducibility/static_cne0_release/examples/reference_Traj_13430/mdp/npt04_p1k.mdp,nstpcouple,50
reference:npt04_p1k,MY_PAPER_RELATED/gromacs_eval_pred_conductivity/reproducibility/static_cne0_release/examples/reference_Traj_13430/mdp/npt04_p1k.mdp,refcoord_scaling,com
reference:npt04_p1k,MY_PAPER_RELATED/gromacs_eval_pred_conductivity/reproducibility/static_cne0_release/examples/reference_Traj_13430/mdp/npt04_p1k.mdp,define,-DPOSRES
reference:npt05_p2k,MY_PAPER_RELATED/gromacs_eval_pred_conductivity/reproducibility/static_cne0_release/examples/reference_Traj_13430/mdp/npt05_p2k.mdp,integrator,md
reference:npt05_p2k,MY_PAPER_RELATED/gromacs_eval_pred_conductivity/reproducibility/static_cne0_release/examples/reference_Traj_13430/mdp/npt05_p2k.mdp,dt,0.001000
reference:npt05_p2k,MY_PAPER_RELATED/gromacs_eval_pred_conductivity/reproducibility/static_cne0_release/examples/reference_Traj_13430/mdp/npt05_p2k.mdp,cutoff-scheme,Verlet
reference:npt05_p2k,MY_PAPER_RELATED/gromacs_eval_pred_conductivity/reproducibility/static_cne0_release/examples/reference_Traj_13430/mdp/npt05_p2k.mdp,nstlist,20
reference:npt05_p2k,MY_PAPER_RELATED/gromacs_eval_pred_conductivity/reproducibility/static_cne0_release/examples/reference_Traj_13430/mdp/npt05_p2k.mdp,coulombtype,PME
reference:npt05_p2k,MY_PAPER_RELATED/gromacs_eval_pred_conductivity/reproducibility/static_cne0_release/examples/reference_Traj_13430/mdp/npt05_p2k.mdp,rcoulomb,1.0
reference:npt05_p2k,MY_PAPER_RELATED/gromacs_eval_pred_conductivity/reproducibility/static_cne0_release/examples/reference_Traj_13430/mdp/npt05_p2k.mdp,vdwtype,Cut-off
reference:npt05_p2k,MY_PAPER_RELATED/gromacs_eval_pred_conductivity/reproducibility/static_cne0_release/examples/reference_Traj_13430/mdp/npt05_p2k.mdp,rvdw,1.0
reference:npt05_p2k,MY_PAPER_RELATED/gromacs_eval_pred_conductivity/reproducibility/static_cne0_release/examples/reference_Traj_13430/mdp/npt05_p2k.mdp,DispCorr,EnerPres
reference:npt05_p2k,MY_PAPER_RELATED/gromacs_eval_pred_conductivity/reproducibility/static_cne0_release/examples/reference_Traj_13430/mdp/npt05_p2k.mdp,fourierspacing,0.14
reference:npt05_p2k,MY_PAPER_RELATED/gromacs_eval_pred_conductivity/reproducibility/static_cne0_release/examples/reference_Traj_13430/mdp/npt05_p2k.mdp,pbc,xyz
reference:npt05_p2k,MY_PAPER_RELATED/gromacs_eval_pred_conductivity/reproducibility/static_cne0_release/examples/reference_Traj_13430/mdp/npt05_p2k.mdp,constraints,h-bonds
reference:npt05_p2k,MY_PAPER_RELATED/gromacs_eval_pred_conductivity/reproducibility/static_cne0_release/examples/reference_Traj_13430/mdp/npt05_p2k.mdp,constraint-algorithm,lincs
reference:npt05_p2k,MY_PAPER_RELATED/gromacs_eval_pred_conductivity/reproducibility/static_cne0_release/examples/reference_Traj_13430/mdp/npt05_p2k.mdp,lincs_iter,3
reference:npt05_p2k,MY_PAPER_RELATED/gromacs_eval_pred_conductivity/reproducibility/static_cne0_release/examples/reference_Traj_13430/mdp/npt05_p2k.mdp,lincs_order,8
reference:npt05_p2k,MY_PAPER_RELATED/gromacs_eval_pred_conductivity/reproducibility/static_cne0_release/examples/reference_Traj_13430/mdp/npt05_p2k.mdp,lincs-warnangle,30
reference:npt05_p2k,MY_PAPER_RELATED/gromacs_eval_pred_conductivity/reproducibility/static_cne0_release/examples/reference_Traj_13430/mdp/npt05_p2k.mdp,tcoupl,nose-hoover
reference:npt05_p2k,MY_PAPER_RELATED/gromacs_eval_pred_conductivity/reproducibility/static_cne0_release/examples/reference_Traj_13430/mdp/npt05_p2k.mdp,tc-grps,System
reference:npt05_p2k,MY_PAPER_RELATED/gromacs_eval_pred_conductivity/reproducibility/static_cne0_release/examples/reference_Traj_13430/mdp/npt05_p2k.mdp,tau-t,5.00
reference:npt05_p2k,MY_PAPER_RELATED/gromacs_eval_pred_conductivity/reproducibility/static_cne0_release/examples/reference_Traj_13430/mdp/npt05_p2k.mdp,nstxout-compressed,500
reference:npt05_p2k,MY_PAPER_RELATED/gromacs_eval_pred_conductivity/reproducibility/static_cne0_release/examples/reference_Traj_13430/mdp/npt05_p2k.mdp,nstvout,0
reference:npt05_p2k,MY_PAPER_RELATED/gromacs_eval_pred_conductivity/reproducibility/static_cne0_release/examples/reference_Traj_13430/mdp/npt05_p2k.mdp,nstenergy,10000
reference:npt05_p2k,MY_PAPER_RELATED/gromacs_eval_pred_conductivity/reproducibility/static_cne0_release/examples/reference_Traj_13430/mdp/npt05_p2k.mdp,gen-vel,no
reference:npt05_p2k,MY_PAPER_RELATED/gromacs_eval_pred_conductivity/reproducibility/static_cne0_release/examples/reference_Traj_13430/mdp/npt05_p2k.mdp,nsteps,200000
reference:npt05_p2k,MY_PAPER_RELATED/gromacs_eval_pred_conductivity/reproducibility/static_cne0_release/examples/reference_Traj_13430/mdp/npt05_p2k.mdp,ref-t,353.0
reference:npt05_p2k,MY_PAPER_RELATED/gromacs_eval_pred_conductivity/reproducibility/static_cne0_release/examples/reference_Traj_13430/mdp/npt05_p2k.mdp,pcoupl,Parrinello-Rahman
reference:npt05_p2k,MY_PAPER_RELATED/gromacs_eval_pred_conductivity/reproducibility/static_cne0_release/examples/reference_Traj_13430/mdp/npt05_p2k.mdp,tau-p,100.0
reference:npt05_p2k,MY_PAPER_RELATED/gromacs_eval_pred_conductivity/reproducibility/static_cne0_release/examples/reference_Traj_13430/mdp/npt05_p2k.mdp,ref-p,2026.50
reference:npt05_p2k,MY_PAPER_RELATED/gromacs_eval_pred_conductivity/reproducibility/static_cne0_release/examples/reference_Traj_13430/mdp/npt05_p2k.mdp,compressibility,4.5e-5
reference:npt05_p2k,MY_PAPER_RELATED/gromacs_eval_pred_conductivity/reproducibility/static_cne0_release/examples/reference_Traj_13430/mdp/npt05_p2k.mdp,nstpcouple,50
reference:npt05_p2k,MY_PAPER_RELATED/gromacs_eval_pred_conductivity/reproducibility/static_cne0_release/examples/reference_Traj_13430/mdp/npt05_p2k.mdp,refcoord_scaling,com
reference:npt06_p4k,MY_PAPER_RELATED/gromacs_eval_pred_conductivity/reproducibility/static_cne0_release/examples/reference_Traj_13430/mdp/npt06_p4k.mdp,integrator,md
reference:npt06_p4k,MY_PAPER_RELATED/gromacs_eval_pred_conductivity/reproducibility/static_cne0_release/examples/reference_Traj_13430/mdp/npt06_p4k.mdp,dt,0.001000
reference:npt06_p4k,MY_PAPER_RELATED/gromacs_eval_pred_conductivity/reproducibility/static_cne0_release/examples/reference_Traj_13430/mdp/npt06_p4k.mdp,cutoff-scheme,Verlet
reference:npt06_p4k,MY_PAPER_RELATED/gromacs_eval_pred_conductivity/reproducibility/static_cne0_release/examples/reference_Traj_13430/mdp/npt06_p4k.mdp,nstlist,20
reference:npt06_p4k,MY_PAPER_RELATED/gromacs_eval_pred_conductivity/reproducibility/static_cne0_release/examples/reference_Traj_13430/mdp/npt06_p4k.mdp,coulombtype,PME
reference:npt06_p4k,MY_PAPER_RELATED/gromacs_eval_pred_conductivity/reproducibility/static_cne0_release/examples/reference_Traj_13430/mdp/npt06_p4k.mdp,rcoulomb,1.0
reference:npt06_p4k,MY_PAPER_RELATED/gromacs_eval_pred_conductivity/reproducibility/static_cne0_release/examples/reference_Traj_13430/mdp/npt06_p4k.mdp,vdwtype,Cut-off
reference:npt06_p4k,MY_PAPER_RELATED/gromacs_eval_pred_conductivity/reproducibility/static_cne0_release/examples/reference_Traj_13430/mdp/npt06_p4k.mdp,rvdw,1.0
reference:npt06_p4k,MY_PAPER_RELATED/gromacs_eval_pred_conductivity/reproducibility/static_cne0_release/examples/reference_Traj_13430/mdp/npt06_p4k.mdp,DispCorr,EnerPres
reference:npt06_p4k,MY_PAPER_RELATED/gromacs_eval_pred_conductivity/reproducibility/static_cne0_release/examples/reference_Traj_13430/mdp/npt06_p4k.mdp,fourierspacing,0.14
reference:npt06_p4k,MY_PAPER_RELATED/gromacs_eval_pred_conductivity/reproducibility/static_cne0_release/examples/reference_Traj_13430/mdp/npt06_p4k.mdp,pbc,xyz
reference:npt06_p4k,MY_PAPER_RELATED/gromacs_eval_pred_conductivity/reproducibility/static_cne0_release/examples/reference_Traj_13430/mdp/npt06_p4k.mdp,constraints,h-bonds
reference:npt06_p4k,MY_PAPER_RELATED/gromacs_eval_pred_conductivity/reproducibility/static_cne0_release/examples/reference_Traj_13430/mdp/npt06_p4k.mdp,constraint-algorithm,lincs
reference:npt06_p4k,MY_PAPER_RELATED/gromacs_eval_pred_conductivity/reproducibility/static_cne0_release/examples/reference_Traj_13430/mdp/npt06_p4k.mdp,lincs_iter,3
reference:npt06_p4k,MY_PAPER_RELATED/gromacs_eval_pred_conductivity/reproducibility/static_cne0_release/examples/reference_Traj_13430/mdp/npt06_p4k.mdp,lincs_order,8
reference:npt06_p4k,MY_PAPER_RELATED/gromacs_eval_pred_conductivity/reproducibility/static_cne0_release/examples/reference_Traj_13430/mdp/npt06_p4k.mdp,lincs-warnangle,30
reference:npt06_p4k,MY_PAPER_RELATED/gromacs_eval_pred_conductivity/reproducibility/static_cne0_release/examples/reference_Traj_13430/mdp/npt06_p4k.mdp,tcoupl,nose-hoover
reference:npt06_p4k,MY_PAPER_RELATED/gromacs_eval_pred_conductivity/reproducibility/static_cne0_release/examples/reference_Traj_13430/mdp/npt06_p4k.mdp,tc-grps,System
reference:npt06_p4k,MY_PAPER_RELATED/gromacs_eval_pred_conductivity/reproducibility/static_cne0_release/examples/reference_Traj_13430/mdp/npt06_p4k.mdp,tau-t,5.00
reference:npt06_p4k,MY_PAPER_RELATED/gromacs_eval_pred_conductivity/reproducibility/static_cne0_release/examples/reference_Traj_13430/mdp/npt06_p4k.mdp,nstxout-compressed,500
reference:npt06_p4k,MY_PAPER_RELATED/gromacs_eval_pred_conductivity/reproducibility/static_cne0_release/examples/reference_Traj_13430/mdp/npt06_p4k.mdp,nstvout,0
reference:npt06_p4k,MY_PAPER_RELATED/gromacs_eval_pred_conductivity/reproducibility/static_cne0_release/examples/reference_Traj_13430/mdp/npt06_p4k.mdp,nstenergy,10000
reference:npt06_p4k,MY_PAPER_RELATED/gromacs_eval_pred_conductivity/reproducibility/static_cne0_release/examples/reference_Traj_13430/mdp/npt06_p4k.mdp,gen-vel,no
reference:npt06_p4k,MY_PAPER_RELATED/gromacs_eval_pred_conductivity/reproducibility/static_cne0_release/examples/reference_Traj_13430/mdp/npt06_p4k.mdp,nsteps,300000
reference:npt06_p4k,MY_PAPER_RELATED/gromacs_eval_pred_conductivity/reproducibility/static_cne0_release/examples/reference_Traj_13430/mdp/npt06_p4k.mdp,ref-t,353.0
reference:npt06_p4k,MY_PAPER_RELATED/gromacs_eval_pred_conductivity/reproducibility/static_cne0_release/examples/reference_Traj_13430/mdp/npt06_p4k.mdp,pcoupl,Parrinello-Rahman
reference:npt06_p4k,MY_PAPER_RELATED/gromacs_eval_pred_conductivity/reproducibility/static_cne0_release/examples/reference_Traj_13430/mdp/npt06_p4k.mdp,tau-p,100.0
reference:npt06_p4k,MY_PAPER_RELATED/gromacs_eval_pred_conductivity/reproducibility/static_cne0_release/examples/reference_Traj_13430/mdp/npt06_p4k.mdp,ref-p,4053.00
reference:npt06_p4k,MY_PAPER_RELATED/gromacs_eval_pred_conductivity/reproducibility/static_cne0_release/examples/reference_Traj_13430/mdp/npt06_p4k.mdp,compressibility,4.5e-5
reference:npt06_p4k,MY_PAPER_RELATED/gromacs_eval_pred_conductivity/reproducibility/static_cne0_release/examples/reference_Traj_13430/mdp/npt06_p4k.mdp,nstpcouple,50
reference:npt06_p4k,MY_PAPER_RELATED/gromacs_eval_pred_conductivity/reproducibility/static_cne0_release/examples/reference_Traj_13430/mdp/npt06_p4k.mdp,refcoord_scaling,com
reference:npt07_p4k_hold,MY_PAPER_RELATED/gromacs_eval_pred_conductivity/reproducibility/static_cne0_release/examples/reference_Traj_13430/mdp/npt07_p4k_hold.mdp,integrator,md
reference:npt07_p4k_hold,MY_PAPER_RELATED/gromacs_eval_pred_conductivity/reproducibility/static_cne0_release/examples/reference_Traj_13430/mdp/npt07_p4k_hold.mdp,dt,0.001000
reference:npt07_p4k_hold,MY_PAPER_RELATED/gromacs_eval_pred_conductivity/reproducibility/static_cne0_release/examples/reference_Traj_13430/mdp/npt07_p4k_hold.mdp,cutoff-scheme,Verlet
reference:npt07_p4k_hold,MY_PAPER_RELATED/gromacs_eval_pred_conductivity/reproducibility/static_cne0_release/examples/reference_Traj_13430/mdp/npt07_p4k_hold.mdp,nstlist,20
reference:npt07_p4k_hold,MY_PAPER_RELATED/gromacs_eval_pred_conductivity/reproducibility/static_cne0_release/examples/reference_Traj_13430/mdp/npt07_p4k_hold.mdp,coulombtype,PME
reference:npt07_p4k_hold,MY_PAPER_RELATED/gromacs_eval_pred_conductivity/reproducibility/static_cne0_release/examples/reference_Traj_13430/mdp/npt07_p4k_hold.mdp,rcoulomb,1.0
reference:npt07_p4k_hold,MY_PAPER_RELATED/gromacs_eval_pred_conductivity/reproducibility/static_cne0_release/examples/reference_Traj_13430/mdp/npt07_p4k_hold.mdp,vdwtype,Cut-off
reference:npt07_p4k_hold,MY_PAPER_RELATED/gromacs_eval_pred_conductivity/reproducibility/static_cne0_release/examples/reference_Traj_13430/mdp/npt07_p4k_hold.mdp,rvdw,1.0
reference:npt07_p4k_hold,MY_PAPER_RELATED/gromacs_eval_pred_conductivity/reproducibility/static_cne0_release/examples/reference_Traj_13430/mdp/npt07_p4k_hold.mdp,DispCorr,EnerPres
reference:npt07_p4k_hold,MY_PAPER_RELATED/gromacs_eval_pred_conductivity/reproducibility/static_cne0_release/examples/reference_Traj_13430/mdp/npt07_p4k_hold.mdp,fourierspacing,0.14
reference:npt07_p4k_hold,MY_PAPER_RELATED/gromacs_eval_pred_conductivity/reproducibility/static_cne0_release/examples/reference_Traj_13430/mdp/npt07_p4k_hold.mdp,pbc,xyz
reference:npt07_p4k_hold,MY_PAPER_RELATED/gromacs_eval_pred_conductivity/reproducibility/static_cne0_release/examples/reference_Traj_13430/mdp/npt07_p4k_hold.mdp,constraints,h-bonds
reference:npt07_p4k_hold,MY_PAPER_RELATED/gromacs_eval_pred_conductivity/reproducibility/static_cne0_release/examples/reference_Traj_13430/mdp/npt07_p4k_hold.mdp,constraint-algorithm,lincs
reference:npt07_p4k_hold,MY_PAPER_RELATED/gromacs_eval_pred_conductivity/reproducibility/static_cne0_release/examples/reference_Traj_13430/mdp/npt07_p4k_hold.mdp,lincs_iter,3
reference:npt07_p4k_hold,MY_PAPER_RELATED/gromacs_eval_pred_conductivity/reproducibility/static_cne0_release/examples/reference_Traj_13430/mdp/npt07_p4k_hold.mdp,lincs_order,8
reference:npt07_p4k_hold,MY_PAPER_RELATED/gromacs_eval_pred_conductivity/reproducibility/static_cne0_release/examples/reference_Traj_13430/mdp/npt07_p4k_hold.mdp,lincs-warnangle,30
reference:npt07_p4k_hold,MY_PAPER_RELATED/gromacs_eval_pred_conductivity/reproducibility/static_cne0_release/examples/reference_Traj_13430/mdp/npt07_p4k_hold.mdp,tcoupl,nose-hoover
reference:npt07_p4k_hold,MY_PAPER_RELATED/gromacs_eval_pred_conductivity/reproducibility/static_cne0_release/examples/reference_Traj_13430/mdp/npt07_p4k_hold.mdp,tc-grps,System
reference:npt07_p4k_hold,MY_PAPER_RELATED/gromacs_eval_pred_conductivity/reproducibility/static_cne0_release/examples/reference_Traj_13430/mdp/npt07_p4k_hold.mdp,tau-t,5.00
reference:npt07_p4k_hold,MY_PAPER_RELATED/gromacs_eval_pred_conductivity/reproducibility/static_cne0_release/examples/reference_Traj_13430/mdp/npt07_p4k_hold.mdp,nstxout-compressed,500
reference:npt07_p4k_hold,MY_PAPER_RELATED/gromacs_eval_pred_conductivity/reproducibility/static_cne0_release/examples/reference_Traj_13430/mdp/npt07_p4k_hold.mdp,nstvout,0
reference:npt07_p4k_hold,MY_PAPER_RELATED/gromacs_eval_pred_conductivity/reproducibility/static_cne0_release/examples/reference_Traj_13430/mdp/npt07_p4k_hold.mdp,nstenergy,10000
reference:npt07_p4k_hold,MY_PAPER_RELATED/gromacs_eval_pred_conductivity/reproducibility/static_cne0_release/examples/reference_Traj_13430/mdp/npt07_p4k_hold.mdp,gen-vel,no
reference:npt07_p4k_hold,MY_PAPER_RELATED/gromacs_eval_pred_conductivity/reproducibility/static_cne0_release/examples/reference_Traj_13430/mdp/npt07_p4k_hold.mdp,nsteps,400000
reference:npt07_p4k_hold,MY_PAPER_RELATED/gromacs_eval_pred_conductivity/reproducibility/static_cne0_release/examples/reference_Traj_13430/mdp/npt07_p4k_hold.mdp,ref-t,353.0
reference:npt07_p4k_hold,MY_PAPER_RELATED/gromacs_eval_pred_conductivity/reproducibility/static_cne0_release/examples/reference_Traj_13430/mdp/npt07_p4k_hold.mdp,pcoupl,Parrinello-Rahman
reference:npt07_p4k_hold,MY_PAPER_RELATED/gromacs_eval_pred_conductivity/reproducibility/static_cne0_release/examples/reference_Traj_13430/mdp/npt07_p4k_hold.mdp,tau-p,100.0
reference:npt07_p4k_hold,MY_PAPER_RELATED/gromacs_eval_pred_conductivity/reproducibility/static_cne0_release/examples/reference_Traj_13430/mdp/npt07_p4k_hold.mdp,ref-p,4053.00
reference:npt07_p4k_hold,MY_PAPER_RELATED/gromacs_eval_pred_conductivity/reproducibility/static_cne0_release/examples/reference_Traj_13430/mdp/npt07_p4k_hold.mdp,compressibility,4.5e-5
reference:npt07_p4k_hold,MY_PAPER_RELATED/gromacs_eval_pred_conductivity/reproducibility/static_cne0_release/examples/reference_Traj_13430/mdp/npt07_p4k_hold.mdp,nstpcouple,50
reference:npt07_p4k_hold,MY_PAPER_RELATED/gromacs_eval_pred_conductivity/reproducibility/static_cne0_release/examples/reference_Traj_13430/mdp/npt07_p4k_hold.mdp,refcoord_scaling,com
reference:npt08_p2k_down,MY_PAPER_RELATED/gromacs_eval_pred_conductivity/reproducibility/static_cne0_release/examples/reference_Traj_13430/mdp/npt08_p2k_down.mdp,integrator,md
reference:npt08_p2k_down,MY_PAPER_RELATED/gromacs_eval_pred_conductivity/reproducibility/static_cne0_release/examples/reference_Traj_13430/mdp/npt08_p2k_down.mdp,dt,0.001000
reference:npt08_p2k_down,MY_PAPER_RELATED/gromacs_eval_pred_conductivity/reproducibility/static_cne0_release/examples/reference_Traj_13430/mdp/npt08_p2k_down.mdp,cutoff-scheme,Verlet
reference:npt08_p2k_down,MY_PAPER_RELATED/gromacs_eval_pred_conductivity/reproducibility/static_cne0_release/examples/reference_Traj_13430/mdp/npt08_p2k_down.mdp,nstlist,20
reference:npt08_p2k_down,MY_PAPER_RELATED/gromacs_eval_pred_conductivity/reproducibility/static_cne0_release/examples/reference_Traj_13430/mdp/npt08_p2k_down.mdp,coulombtype,PME
reference:npt08_p2k_down,MY_PAPER_RELATED/gromacs_eval_pred_conductivity/reproducibility/static_cne0_release/examples/reference_Traj_13430/mdp/npt08_p2k_down.mdp,rcoulomb,1.0
reference:npt08_p2k_down,MY_PAPER_RELATED/gromacs_eval_pred_conductivity/reproducibility/static_cne0_release/examples/reference_Traj_13430/mdp/npt08_p2k_down.mdp,vdwtype,Cut-off
reference:npt08_p2k_down,MY_PAPER_RELATED/gromacs_eval_pred_conductivity/reproducibility/static_cne0_release/examples/reference_Traj_13430/mdp/npt08_p2k_down.mdp,rvdw,1.0
reference:npt08_p2k_down,MY_PAPER_RELATED/gromacs_eval_pred_conductivity/reproducibility/static_cne0_release/examples/reference_Traj_13430/mdp/npt08_p2k_down.mdp,DispCorr,EnerPres
reference:npt08_p2k_down,MY_PAPER_RELATED/gromacs_eval_pred_conductivity/reproducibility/static_cne0_release/examples/reference_Traj_13430/mdp/npt08_p2k_down.mdp,fourierspacing,0.14
reference:npt08_p2k_down,MY_PAPER_RELATED/gromacs_eval_pred_conductivity/reproducibility/static_cne0_release/examples/reference_Traj_13430/mdp/npt08_p2k_down.mdp,pbc,xyz
reference:npt08_p2k_down,MY_PAPER_RELATED/gromacs_eval_pred_conductivity/reproducibility/static_cne0_release/examples/reference_Traj_13430/mdp/npt08_p2k_down.mdp,constraints,h-bonds
reference:npt08_p2k_down,MY_PAPER_RELATED/gromacs_eval_pred_conductivity/reproducibility/static_cne0_release/examples/reference_Traj_13430/mdp/npt08_p2k_down.mdp,constraint-algorithm,lincs
reference:npt08_p2k_down,MY_PAPER_RELATED/gromacs_eval_pred_conductivity/reproducibility/static_cne0_release/examples/reference_Traj_13430/mdp/npt08_p2k_down.mdp,lincs_iter,3
reference:npt08_p2k_down,MY_PAPER_RELATED/gromacs_eval_pred_conductivity/reproducibility/static_cne0_release/examples/reference_Traj_13430/mdp/npt08_p2k_down.mdp,lincs_order,8
reference:npt08_p2k_down,MY_PAPER_RELATED/gromacs_eval_pred_conductivity/reproducibility/static_cne0_release/examples/reference_Traj_13430/mdp/npt08_p2k_down.mdp,lincs-warnangle,30
reference:npt08_p2k_down,MY_PAPER_RELATED/gromacs_eval_pred_conductivity/reproducibility/static_cne0_release/examples/reference_Traj_13430/mdp/npt08_p2k_down.mdp,tcoupl,nose-hoover
reference:npt08_p2k_down,MY_PAPER_RELATED/gromacs_eval_pred_conductivity/reproducibility/static_cne0_release/examples/reference_Traj_13430/mdp/npt08_p2k_down.mdp,tc-grps,System
reference:npt08_p2k_down,MY_PAPER_RELATED/gromacs_eval_pred_conductivity/reproducibility/static_cne0_release/examples/reference_Traj_13430/mdp/npt08_p2k_down.mdp,tau-t,5.00
reference:npt08_p2k_down,MY_PAPER_RELATED/gromacs_eval_pred_conductivity/reproducibility/static_cne0_release/examples/reference_Traj_13430/mdp/npt08_p2k_down.mdp,nstxout-compressed,500
reference:npt08_p2k_down,MY_PAPER_RELATED/gromacs_eval_pred_conductivity/reproducibility/static_cne0_release/examples/reference_Traj_13430/mdp/npt08_p2k_down.mdp,nstvout,0
reference:npt08_p2k_down,MY_PAPER_RELATED/gromacs_eval_pred_conductivity/reproducibility/static_cne0_release/examples/reference_Traj_13430/mdp/npt08_p2k_down.mdp,nstenergy,10000
reference:npt08_p2k_down,MY_PAPER_RELATED/gromacs_eval_pred_conductivity/reproducibility/static_cne0_release/examples/reference_Traj_13430/mdp/npt08_p2k_down.mdp,gen-vel,no
reference:npt08_p2k_down,MY_PAPER_RELATED/gromacs_eval_pred_conductivity/reproducibility/static_cne0_release/examples/reference_Traj_13430/mdp/npt08_p2k_down.mdp,nsteps,200000
reference:npt08_p2k_down,MY_PAPER_RELATED/gromacs_eval_pred_conductivity/reproducibility/static_cne0_release/examples/reference_Traj_13430/mdp/npt08_p2k_down.mdp,ref-t,353.0
reference:npt08_p2k_down,MY_PAPER_RELATED/gromacs_eval_pred_conductivity/reproducibility/static_cne0_release/examples/reference_Traj_13430/mdp/npt08_p2k_down.mdp,pcoupl,Berendsen
reference:npt08_p2k_down,MY_PAPER_RELATED/gromacs_eval_pred_conductivity/reproducibility/static_cne0_release/examples/reference_Traj_13430/mdp/npt08_p2k_down.mdp,tau-p,200.0
reference:npt08_p2k_down,MY_PAPER_RELATED/gromacs_eval_pred_conductivity/reproducibility/static_cne0_release/examples/reference_Traj_13430/mdp/npt08_p2k_down.mdp,ref-p,2026.50
reference:npt08_p2k_down,MY_PAPER_RELATED/gromacs_eval_pred_conductivity/reproducibility/static_cne0_release/examples/reference_Traj_13430/mdp/npt08_p2k_down.mdp,compressibility,4.5e-5
reference:npt08_p2k_down,MY_PAPER_RELATED/gromacs_eval_pred_conductivity/reproducibility/static_cne0_release/examples/reference_Traj_13430/mdp/npt08_p2k_down.mdp,nstpcouple,50
reference:npt08_p2k_down,MY_PAPER_RELATED/gromacs_eval_pred_conductivity/reproducibility/static_cne0_release/examples/reference_Traj_13430/mdp/npt08_p2k_down.mdp,refcoord_scaling,com
reference:npt09_p1k_down,MY_PAPER_RELATED/gromacs_eval_pred_conductivity/reproducibility/static_cne0_release/examples/reference_Traj_13430/mdp/npt09_p1k_down.mdp,integrator,md
reference:npt09_p1k_down,MY_PAPER_RELATED/gromacs_eval_pred_conductivity/reproducibility/static_cne0_release/examples/reference_Traj_13430/mdp/npt09_p1k_down.mdp,dt,0.001000
reference:npt09_p1k_down,MY_PAPER_RELATED/gromacs_eval_pred_conductivity/reproducibility/static_cne0_release/examples/reference_Traj_13430/mdp/npt09_p1k_down.mdp,cutoff-scheme,Verlet
reference:npt09_p1k_down,MY_PAPER_RELATED/gromacs_eval_pred_conductivity/reproducibility/static_cne0_release/examples/reference_Traj_13430/mdp/npt09_p1k_down.mdp,nstlist,20
reference:npt09_p1k_down,MY_PAPER_RELATED/gromacs_eval_pred_conductivity/reproducibility/static_cne0_release/examples/reference_Traj_13430/mdp/npt09_p1k_down.mdp,coulombtype,PME
reference:npt09_p1k_down,MY_PAPER_RELATED/gromacs_eval_pred_conductivity/reproducibility/static_cne0_release/examples/reference_Traj_13430/mdp/npt09_p1k_down.mdp,rcoulomb,1.0
reference:npt09_p1k_down,MY_PAPER_RELATED/gromacs_eval_pred_conductivity/reproducibility/static_cne0_release/examples/reference_Traj_13430/mdp/npt09_p1k_down.mdp,vdwtype,Cut-off
reference:npt09_p1k_down,MY_PAPER_RELATED/gromacs_eval_pred_conductivity/reproducibility/static_cne0_release/examples/reference_Traj_13430/mdp/npt09_p1k_down.mdp,rvdw,1.0
reference:npt09_p1k_down,MY_PAPER_RELATED/gromacs_eval_pred_conductivity/reproducibility/static_cne0_release/examples/reference_Traj_13430/mdp/npt09_p1k_down.mdp,DispCorr,EnerPres
reference:npt09_p1k_down,MY_PAPER_RELATED/gromacs_eval_pred_conductivity/reproducibility/static_cne0_release/examples/reference_Traj_13430/mdp/npt09_p1k_down.mdp,fourierspacing,0.14
reference:npt09_p1k_down,MY_PAPER_RELATED/gromacs_eval_pred_conductivity/reproducibility/static_cne0_release/examples/reference_Traj_13430/mdp/npt09_p1k_down.mdp,pbc,xyz
reference:npt09_p1k_down,MY_PAPER_RELATED/gromacs_eval_pred_conductivity/reproducibility/static_cne0_release/examples/reference_Traj_13430/mdp/npt09_p1k_down.mdp,constraints,h-bonds
reference:npt09_p1k_down,MY_PAPER_RELATED/gromacs_eval_pred_conductivity/reproducibility/static_cne0_release/examples/reference_Traj_13430/mdp/npt09_p1k_down.mdp,constraint-algorithm,lincs
reference:npt09_p1k_down,MY_PAPER_RELATED/gromacs_eval_pred_conductivity/reproducibility/static_cne0_release/examples/reference_Traj_13430/mdp/npt09_p1k_down.mdp,lincs_iter,3
reference:npt09_p1k_down,MY_PAPER_RELATED/gromacs_eval_pred_conductivity/reproducibility/static_cne0_release/examples/reference_Traj_13430/mdp/npt09_p1k_down.mdp,lincs_order,8
reference:npt09_p1k_down,MY_PAPER_RELATED/gromacs_eval_pred_conductivity/reproducibility/static_cne0_release/examples/reference_Traj_13430/mdp/npt09_p1k_down.mdp,lincs-warnangle,30
reference:npt09_p1k_down,MY_PAPER_RELATED/gromacs_eval_pred_conductivity/reproducibility/static_cne0_release/examples/reference_Traj_13430/mdp/npt09_p1k_down.mdp,tcoupl,nose-hoover
reference:npt09_p1k_down,MY_PAPER_RELATED/gromacs_eval_pred_conductivity/reproducibility/static_cne0_release/examples/reference_Traj_13430/mdp/npt09_p1k_down.mdp,tc-grps,System
reference:npt09_p1k_down,MY_PAPER_RELATED/gromacs_eval_pred_conductivity/reproducibility/static_cne0_release/examples/reference_Traj_13430/mdp/npt09_p1k_down.mdp,tau-t,5.00
reference:npt09_p1k_down,MY_PAPER_RELATED/gromacs_eval_pred_conductivity/reproducibility/static_cne0_release/examples/reference_Traj_13430/mdp/npt09_p1k_down.mdp,nstxout-compressed,500
reference:npt09_p1k_down,MY_PAPER_RELATED/gromacs_eval_pred_conductivity/reproducibility/static_cne0_release/examples/reference_Traj_13430/mdp/npt09_p1k_down.mdp,nstvout,0
reference:npt09_p1k_down,MY_PAPER_RELATED/gromacs_eval_pred_conductivity/reproducibility/static_cne0_release/examples/reference_Traj_13430/mdp/npt09_p1k_down.mdp,nstenergy,10000
reference:npt09_p1k_down,MY_PAPER_RELATED/gromacs_eval_pred_conductivity/reproducibility/static_cne0_release/examples/reference_Traj_13430/mdp/npt09_p1k_down.mdp,gen-vel,no
reference:npt09_p1k_down,MY_PAPER_RELATED/gromacs_eval_pred_conductivity/reproducibility/static_cne0_release/examples/reference_Traj_13430/mdp/npt09_p1k_down.mdp,nsteps,200000
reference:npt09_p1k_down,MY_PAPER_RELATED/gromacs_eval_pred_conductivity/reproducibility/static_cne0_release/examples/reference_Traj_13430/mdp/npt09_p1k_down.mdp,ref-t,353.0
reference:npt09_p1k_down,MY_PAPER_RELATED/gromacs_eval_pred_conductivity/reproducibility/static_cne0_release/examples/reference_Traj_13430/mdp/npt09_p1k_down.mdp,pcoupl,Berendsen
reference:npt09_p1k_down,MY_PAPER_RELATED/gromacs_eval_pred_conductivity/reproducibility/static_cne0_release/examples/reference_Traj_13430/mdp/npt09_p1k_down.mdp,tau-p,200.0
reference:npt09_p1k_down,MY_PAPER_RELATED/gromacs_eval_pred_conductivity/reproducibility/static_cne0_release/examples/reference_Traj_13430/mdp/npt09_p1k_down.mdp,ref-p,1013.25
reference:npt09_p1k_down,MY_PAPER_RELATED/gromacs_eval_pred_conductivity/reproducibility/static_cne0_release/examples/reference_Traj_13430/mdp/npt09_p1k_down.mdp,compressibility,4.5e-5
reference:npt09_p1k_down,MY_PAPER_RELATED/gromacs_eval_pred_conductivity/reproducibility/static_cne0_release/examples/reference_Traj_13430/mdp/npt09_p1k_down.mdp,nstpcouple,50
reference:npt09_p1k_down,MY_PAPER_RELATED/gromacs_eval_pred_conductivity/reproducibility/static_cne0_release/examples/reference_Traj_13430/mdp/npt09_p1k_down.mdp,refcoord_scaling,com
reference:npt10_p200_down,MY_PAPER_RELATED/gromacs_eval_pred_conductivity/reproducibility/static_cne0_release/examples/reference_Traj_13430/mdp/npt10_p200_down.mdp,integrator,md
reference:npt10_p200_down,MY_PAPER_RELATED/gromacs_eval_pred_conductivity/reproducibility/static_cne0_release/examples/reference_Traj_13430/mdp/npt10_p200_down.mdp,dt,0.001000
reference:npt10_p200_down,MY_PAPER_RELATED/gromacs_eval_pred_conductivity/reproducibility/static_cne0_release/examples/reference_Traj_13430/mdp/npt10_p200_down.mdp,cutoff-scheme,Verlet
reference:npt10_p200_down,MY_PAPER_RELATED/gromacs_eval_pred_conductivity/reproducibility/static_cne0_release/examples/reference_Traj_13430/mdp/npt10_p200_down.mdp,nstlist,20
reference:npt10_p200_down,MY_PAPER_RELATED/gromacs_eval_pred_conductivity/reproducibility/static_cne0_release/examples/reference_Traj_13430/mdp/npt10_p200_down.mdp,coulombtype,PME
reference:npt10_p200_down,MY_PAPER_RELATED/gromacs_eval_pred_conductivity/reproducibility/static_cne0_release/examples/reference_Traj_13430/mdp/npt10_p200_down.mdp,rcoulomb,1.0
reference:npt10_p200_down,MY_PAPER_RELATED/gromacs_eval_pred_conductivity/reproducibility/static_cne0_release/examples/reference_Traj_13430/mdp/npt10_p200_down.mdp,vdwtype,Cut-off
reference:npt10_p200_down,MY_PAPER_RELATED/gromacs_eval_pred_conductivity/reproducibility/static_cne0_release/examples/reference_Traj_13430/mdp/npt10_p200_down.mdp,rvdw,1.0
reference:npt10_p200_down,MY_PAPER_RELATED/gromacs_eval_pred_conductivity/reproducibility/static_cne0_release/examples/reference_Traj_13430/mdp/npt10_p200_down.mdp,DispCorr,EnerPres
reference:npt10_p200_down,MY_PAPER_RELATED/gromacs_eval_pred_conductivity/reproducibility/static_cne0_release/examples/reference_Traj_13430/mdp/npt10_p200_down.mdp,fourierspacing,0.14
reference:npt10_p200_down,MY_PAPER_RELATED/gromacs_eval_pred_conductivity/reproducibility/static_cne0_release/examples/reference_Traj_13430/mdp/npt10_p200_down.mdp,pbc,xyz
reference:npt10_p200_down,MY_PAPER_RELATED/gromacs_eval_pred_conductivity/reproducibility/static_cne0_release/examples/reference_Traj_13430/mdp/npt10_p200_down.mdp,constraints,h-bonds
reference:npt10_p200_down,MY_PAPER_RELATED/gromacs_eval_pred_conductivity/reproducibility/static_cne0_release/examples/reference_Traj_13430/mdp/npt10_p200_down.mdp,constraint-algorithm,lincs
reference:npt10_p200_down,MY_PAPER_RELATED/gromacs_eval_pred_conductivity/reproducibility/static_cne0_release/examples/reference_Traj_13430/mdp/npt10_p200_down.mdp,lincs_iter,3
reference:npt10_p200_down,MY_PAPER_RELATED/gromacs_eval_pred_conductivity/reproducibility/static_cne0_release/examples/reference_Traj_13430/mdp/npt10_p200_down.mdp,lincs_order,8
reference:npt10_p200_down,MY_PAPER_RELATED/gromacs_eval_pred_conductivity/reproducibility/static_cne0_release/examples/reference_Traj_13430/mdp/npt10_p200_down.mdp,lincs-warnangle,30
reference:npt10_p200_down,MY_PAPER_RELATED/gromacs_eval_pred_conductivity/reproducibility/static_cne0_release/examples/reference_Traj_13430/mdp/npt10_p200_down.mdp,tcoupl,nose-hoover
reference:npt10_p200_down,MY_PAPER_RELATED/gromacs_eval_pred_conductivity/reproducibility/static_cne0_release/examples/reference_Traj_13430/mdp/npt10_p200_down.mdp,tc-grps,System
reference:npt10_p200_down,MY_PAPER_RELATED/gromacs_eval_pred_conductivity/reproducibility/static_cne0_release/examples/reference_Traj_13430/mdp/npt10_p200_down.mdp,tau-t,5.00
reference:npt10_p200_down,MY_PAPER_RELATED/gromacs_eval_pred_conductivity/reproducibility/static_cne0_release/examples/reference_Traj_13430/mdp/npt10_p200_down.mdp,nstxout-compressed,500
reference:npt10_p200_down,MY_PAPER_RELATED/gromacs_eval_pred_conductivity/reproducibility/static_cne0_release/examples/reference_Traj_13430/mdp/npt10_p200_down.mdp,nstvout,0
reference:npt10_p200_down,MY_PAPER_RELATED/gromacs_eval_pred_conductivity/reproducibility/static_cne0_release/examples/reference_Traj_13430/mdp/npt10_p200_down.mdp,nstenergy,10000
reference:npt10_p200_down,MY_PAPER_RELATED/gromacs_eval_pred_conductivity/reproducibility/static_cne0_release/examples/reference_Traj_13430/mdp/npt10_p200_down.mdp,gen-vel,no
reference:npt10_p200_down,MY_PAPER_RELATED/gromacs_eval_pred_conductivity/reproducibility/static_cne0_release/examples/reference_Traj_13430/mdp/npt10_p200_down.mdp,nsteps,200000
reference:npt10_p200_down,MY_PAPER_RELATED/gromacs_eval_pred_conductivity/reproducibility/static_cne0_release/examples/reference_Traj_13430/mdp/npt10_p200_down.mdp,ref-t,353.0
reference:npt10_p200_down,MY_PAPER_RELATED/gromacs_eval_pred_conductivity/reproducibility/static_cne0_release/examples/reference_Traj_13430/mdp/npt10_p200_down.mdp,pcoupl,Berendsen
reference:npt10_p200_down,MY_PAPER_RELATED/gromacs_eval_pred_conductivity/reproducibility/static_cne0_release/examples/reference_Traj_13430/mdp/npt10_p200_down.mdp,tau-p,200.0
reference:npt10_p200_down,MY_PAPER_RELATED/gromacs_eval_pred_conductivity/reproducibility/static_cne0_release/examples/reference_Traj_13430/mdp/npt10_p200_down.mdp,ref-p,200.00
reference:npt10_p200_down,MY_PAPER_RELATED/gromacs_eval_pred_conductivity/reproducibility/static_cne0_release/examples/reference_Traj_13430/mdp/npt10_p200_down.mdp,compressibility,4.5e-5
reference:npt10_p200_down,MY_PAPER_RELATED/gromacs_eval_pred_conductivity/reproducibility/static_cne0_release/examples/reference_Traj_13430/mdp/npt10_p200_down.mdp,nstpcouple,50
reference:npt10_p200_down,MY_PAPER_RELATED/gromacs_eval_pred_conductivity/reproducibility/static_cne0_release/examples/reference_Traj_13430/mdp/npt10_p200_down.mdp,refcoord_scaling,com
reference:npt11_p1_down,MY_PAPER_RELATED/gromacs_eval_pred_conductivity/reproducibility/static_cne0_release/examples/reference_Traj_13430/mdp/npt11_p1_down.mdp,integrator,md
reference:npt11_p1_down,MY_PAPER_RELATED/gromacs_eval_pred_conductivity/reproducibility/static_cne0_release/examples/reference_Traj_13430/mdp/npt11_p1_down.mdp,dt,0.001000
reference:npt11_p1_down,MY_PAPER_RELATED/gromacs_eval_pred_conductivity/reproducibility/static_cne0_release/examples/reference_Traj_13430/mdp/npt11_p1_down.mdp,cutoff-scheme,Verlet
reference:npt11_p1_down,MY_PAPER_RELATED/gromacs_eval_pred_conductivity/reproducibility/static_cne0_release/examples/reference_Traj_13430/mdp/npt11_p1_down.mdp,nstlist,20
reference:npt11_p1_down,MY_PAPER_RELATED/gromacs_eval_pred_conductivity/reproducibility/static_cne0_release/examples/reference_Traj_13430/mdp/npt11_p1_down.mdp,coulombtype,PME
reference:npt11_p1_down,MY_PAPER_RELATED/gromacs_eval_pred_conductivity/reproducibility/static_cne0_release/examples/reference_Traj_13430/mdp/npt11_p1_down.mdp,rcoulomb,1.0
reference:npt11_p1_down,MY_PAPER_RELATED/gromacs_eval_pred_conductivity/reproducibility/static_cne0_release/examples/reference_Traj_13430/mdp/npt11_p1_down.mdp,vdwtype,Cut-off
reference:npt11_p1_down,MY_PAPER_RELATED/gromacs_eval_pred_conductivity/reproducibility/static_cne0_release/examples/reference_Traj_13430/mdp/npt11_p1_down.mdp,rvdw,1.0
reference:npt11_p1_down,MY_PAPER_RELATED/gromacs_eval_pred_conductivity/reproducibility/static_cne0_release/examples/reference_Traj_13430/mdp/npt11_p1_down.mdp,DispCorr,EnerPres
reference:npt11_p1_down,MY_PAPER_RELATED/gromacs_eval_pred_conductivity/reproducibility/static_cne0_release/examples/reference_Traj_13430/mdp/npt11_p1_down.mdp,fourierspacing,0.14
reference:npt11_p1_down,MY_PAPER_RELATED/gromacs_eval_pred_conductivity/reproducibility/static_cne0_release/examples/reference_Traj_13430/mdp/npt11_p1_down.mdp,pbc,xyz
reference:npt11_p1_down,MY_PAPER_RELATED/gromacs_eval_pred_conductivity/reproducibility/static_cne0_release/examples/reference_Traj_13430/mdp/npt11_p1_down.mdp,constraints,h-bonds
reference:npt11_p1_down,MY_PAPER_RELATED/gromacs_eval_pred_conductivity/reproducibility/static_cne0_release/examples/reference_Traj_13430/mdp/npt11_p1_down.mdp,constraint-algorithm,lincs
reference:npt11_p1_down,MY_PAPER_RELATED/gromacs_eval_pred_conductivity/reproducibility/static_cne0_release/examples/reference_Traj_13430/mdp/npt11_p1_down.mdp,lincs_iter,3
reference:npt11_p1_down,MY_PAPER_RELATED/gromacs_eval_pred_conductivity/reproducibility/static_cne0_release/examples/reference_Traj_13430/mdp/npt11_p1_down.mdp,lincs_order,8
reference:npt11_p1_down,MY_PAPER_RELATED/gromacs_eval_pred_conductivity/reproducibility/static_cne0_release/examples/reference_Traj_13430/mdp/npt11_p1_down.mdp,lincs-warnangle,30
reference:npt11_p1_down,MY_PAPER_RELATED/gromacs_eval_pred_conductivity/reproducibility/static_cne0_release/examples/reference_Traj_13430/mdp/npt11_p1_down.mdp,tcoupl,nose-hoover
reference:npt11_p1_down,MY_PAPER_RELATED/gromacs_eval_pred_conductivity/reproducibility/static_cne0_release/examples/reference_Traj_13430/mdp/npt11_p1_down.mdp,tc-grps,System
reference:npt11_p1_down,MY_PAPER_RELATED/gromacs_eval_pred_conductivity/reproducibility/static_cne0_release/examples/reference_Traj_13430/mdp/npt11_p1_down.mdp,tau-t,5.00
reference:npt11_p1_down,MY_PAPER_RELATED/gromacs_eval_pred_conductivity/reproducibility/static_cne0_release/examples/reference_Traj_13430/mdp/npt11_p1_down.mdp,nstxout-compressed,500
reference:npt11_p1_down,MY_PAPER_RELATED/gromacs_eval_pred_conductivity/reproducibility/static_cne0_release/examples/reference_Traj_13430/mdp/npt11_p1_down.mdp,nstvout,0
reference:npt11_p1_down,MY_PAPER_RELATED/gromacs_eval_pred_conductivity/reproducibility/static_cne0_release/examples/reference_Traj_13430/mdp/npt11_p1_down.mdp,nstenergy,10000
reference:npt11_p1_down,MY_PAPER_RELATED/gromacs_eval_pred_conductivity/reproducibility/static_cne0_release/examples/reference_Traj_13430/mdp/npt11_p1_down.mdp,gen-vel,no
reference:npt11_p1_down,MY_PAPER_RELATED/gromacs_eval_pred_conductivity/reproducibility/static_cne0_release/examples/reference_Traj_13430/mdp/npt11_p1_down.mdp,nsteps,200000
reference:npt11_p1_down,MY_PAPER_RELATED/gromacs_eval_pred_conductivity/reproducibility/static_cne0_release/examples/reference_Traj_13430/mdp/npt11_p1_down.mdp,ref-t,353.0
reference:npt11_p1_down,MY_PAPER_RELATED/gromacs_eval_pred_conductivity/reproducibility/static_cne0_release/examples/reference_Traj_13430/mdp/npt11_p1_down.mdp,pcoupl,Berendsen
reference:npt11_p1_down,MY_PAPER_RELATED/gromacs_eval_pred_conductivity/reproducibility/static_cne0_release/examples/reference_Traj_13430/mdp/npt11_p1_down.mdp,tau-p,200.0
reference:npt11_p1_down,MY_PAPER_RELATED/gromacs_eval_pred_conductivity/reproducibility/static_cne0_release/examples/reference_Traj_13430/mdp/npt11_p1_down.mdp,ref-p,1.00
reference:npt11_p1_down,MY_PAPER_RELATED/gromacs_eval_pred_conductivity/reproducibility/static_cne0_release/examples/reference_Traj_13430/mdp/npt11_p1_down.mdp,compressibility,4.5e-5
reference:npt11_p1_down,MY_PAPER_RELATED/gromacs_eval_pred_conductivity/reproducibility/static_cne0_release/examples/reference_Traj_13430/mdp/npt11_p1_down.mdp,nstpcouple,50
reference:npt11_p1_down,MY_PAPER_RELATED/gromacs_eval_pred_conductivity/reproducibility/static_cne0_release/examples/reference_Traj_13430/mdp/npt11_p1_down.mdp,refcoord_scaling,com
reference:npt12_heat,MY_PAPER_RELATED/gromacs_eval_pred_conductivity/reproducibility/static_cne0_release/examples/reference_Traj_13430/mdp/npt12_heat.mdp,integrator,md
reference:npt12_heat,MY_PAPER_RELATED/gromacs_eval_pred_conductivity/reproducibility/static_cne0_release/examples/reference_Traj_13430/mdp/npt12_heat.mdp,dt,0.001000
reference:npt12_heat,MY_PAPER_RELATED/gromacs_eval_pred_conductivity/reproducibility/static_cne0_release/examples/reference_Traj_13430/mdp/npt12_heat.mdp,cutoff-scheme,Verlet
reference:npt12_heat,MY_PAPER_RELATED/gromacs_eval_pred_conductivity/reproducibility/static_cne0_release/examples/reference_Traj_13430/mdp/npt12_heat.mdp,nstlist,20
reference:npt12_heat,MY_PAPER_RELATED/gromacs_eval_pred_conductivity/reproducibility/static_cne0_release/examples/reference_Traj_13430/mdp/npt12_heat.mdp,coulombtype,PME
reference:npt12_heat,MY_PAPER_RELATED/gromacs_eval_pred_conductivity/reproducibility/static_cne0_release/examples/reference_Traj_13430/mdp/npt12_heat.mdp,rcoulomb,1.0
reference:npt12_heat,MY_PAPER_RELATED/gromacs_eval_pred_conductivity/reproducibility/static_cne0_release/examples/reference_Traj_13430/mdp/npt12_heat.mdp,vdwtype,Cut-off
reference:npt12_heat,MY_PAPER_RELATED/gromacs_eval_pred_conductivity/reproducibility/static_cne0_release/examples/reference_Traj_13430/mdp/npt12_heat.mdp,rvdw,1.0
reference:npt12_heat,MY_PAPER_RELATED/gromacs_eval_pred_conductivity/reproducibility/static_cne0_release/examples/reference_Traj_13430/mdp/npt12_heat.mdp,DispCorr,EnerPres
reference:npt12_heat,MY_PAPER_RELATED/gromacs_eval_pred_conductivity/reproducibility/static_cne0_release/examples/reference_Traj_13430/mdp/npt12_heat.mdp,fourierspacing,0.14
reference:npt12_heat,MY_PAPER_RELATED/gromacs_eval_pred_conductivity/reproducibility/static_cne0_release/examples/reference_Traj_13430/mdp/npt12_heat.mdp,pbc,xyz
reference:npt12_heat,MY_PAPER_RELATED/gromacs_eval_pred_conductivity/reproducibility/static_cne0_release/examples/reference_Traj_13430/mdp/npt12_heat.mdp,constraints,h-bonds
reference:npt12_heat,MY_PAPER_RELATED/gromacs_eval_pred_conductivity/reproducibility/static_cne0_release/examples/reference_Traj_13430/mdp/npt12_heat.mdp,constraint-algorithm,lincs
reference:npt12_heat,MY_PAPER_RELATED/gromacs_eval_pred_conductivity/reproducibility/static_cne0_release/examples/reference_Traj_13430/mdp/npt12_heat.mdp,lincs_iter,3
reference:npt12_heat,MY_PAPER_RELATED/gromacs_eval_pred_conductivity/reproducibility/static_cne0_release/examples/reference_Traj_13430/mdp/npt12_heat.mdp,lincs_order,8
reference:npt12_heat,MY_PAPER_RELATED/gromacs_eval_pred_conductivity/reproducibility/static_cne0_release/examples/reference_Traj_13430/mdp/npt12_heat.mdp,lincs-warnangle,30
reference:npt12_heat,MY_PAPER_RELATED/gromacs_eval_pred_conductivity/reproducibility/static_cne0_release/examples/reference_Traj_13430/mdp/npt12_heat.mdp,tcoupl,nose-hoover
reference:npt12_heat,MY_PAPER_RELATED/gromacs_eval_pred_conductivity/reproducibility/static_cne0_release/examples/reference_Traj_13430/mdp/npt12_heat.mdp,tc-grps,System
reference:npt12_heat,MY_PAPER_RELATED/gromacs_eval_pred_conductivity/reproducibility/static_cne0_release/examples/reference_Traj_13430/mdp/npt12_heat.mdp,tau-t,2.00
reference:npt12_heat,MY_PAPER_RELATED/gromacs_eval_pred_conductivity/reproducibility/static_cne0_release/examples/reference_Traj_13430/mdp/npt12_heat.mdp,nstxout-compressed,500
reference:npt12_heat,MY_PAPER_RELATED/gromacs_eval_pred_conductivity/reproducibility/static_cne0_release/examples/reference_Traj_13430/mdp/npt12_heat.mdp,nstvout,0
reference:npt12_heat,MY_PAPER_RELATED/gromacs_eval_pred_conductivity/reproducibility/static_cne0_release/examples/reference_Traj_13430/mdp/npt12_heat.mdp,nstenergy,10000
reference:npt12_heat,MY_PAPER_RELATED/gromacs_eval_pred_conductivity/reproducibility/static_cne0_release/examples/reference_Traj_13430/mdp/npt12_heat.mdp,gen-vel,no
reference:npt12_heat,MY_PAPER_RELATED/gromacs_eval_pred_conductivity/reproducibility/static_cne0_release/examples/reference_Traj_13430/mdp/npt12_heat.mdp,nsteps,400000
reference:npt12_heat,MY_PAPER_RELATED/gromacs_eval_pred_conductivity/reproducibility/static_cne0_release/examples/reference_Traj_13430/mdp/npt12_heat.mdp,ref-t,353.0
reference:npt12_heat,MY_PAPER_RELATED/gromacs_eval_pred_conductivity/reproducibility/static_cne0_release/examples/reference_Traj_13430/mdp/npt12_heat.mdp,pcoupl,Parrinello-Rahman
reference:npt12_heat,MY_PAPER_RELATED/gromacs_eval_pred_conductivity/reproducibility/static_cne0_release/examples/reference_Traj_13430/mdp/npt12_heat.mdp,tau-p,20.0
reference:npt12_heat,MY_PAPER_RELATED/gromacs_eval_pred_conductivity/reproducibility/static_cne0_release/examples/reference_Traj_13430/mdp/npt12_heat.mdp,ref-p,1.00
reference:npt12_heat,MY_PAPER_RELATED/gromacs_eval_pred_conductivity/reproducibility/static_cne0_release/examples/reference_Traj_13430/mdp/npt12_heat.mdp,compressibility,4.5e-5
reference:npt12_heat,MY_PAPER_RELATED/gromacs_eval_pred_conductivity/reproducibility/static_cne0_release/examples/reference_Traj_13430/mdp/npt12_heat.mdp,nstpcouple,50
reference:npt12_heat,MY_PAPER_RELATED/gromacs_eval_pred_conductivity/reproducibility/static_cne0_release/examples/reference_Traj_13430/mdp/npt12_heat.mdp,refcoord_scaling,com
reference:npt12_heat,MY_PAPER_RELATED/gromacs_eval_pred_conductivity/reproducibility/static_cne0_release/examples/reference_Traj_13430/mdp/npt12_heat.mdp,annealing,single
reference:npt12_heat,MY_PAPER_RELATED/gromacs_eval_pred_conductivity/reproducibility/static_cne0_release/examples/reference_Traj_13430/mdp/npt12_heat.mdp,annealing-npoints,2
reference:npt12_heat,MY_PAPER_RELATED/gromacs_eval_pred_conductivity/reproducibility/static_cne0_release/examples/reference_Traj_13430/mdp/npt12_heat.mdp,annealing-time,0 400.0
reference:npt12_heat,MY_PAPER_RELATED/gromacs_eval_pred_conductivity/reproducibility/static_cne0_release/examples/reference_Traj_13430/mdp/npt12_heat.mdp,annealing-temp,353.0 453.0
reference:npt13_cool,MY_PAPER_RELATED/gromacs_eval_pred_conductivity/reproducibility/static_cne0_release/examples/reference_Traj_13430/mdp/npt13_cool.mdp,integrator,md
reference:npt13_cool,MY_PAPER_RELATED/gromacs_eval_pred_conductivity/reproducibility/static_cne0_release/examples/reference_Traj_13430/mdp/npt13_cool.mdp,dt,0.001000
reference:npt13_cool,MY_PAPER_RELATED/gromacs_eval_pred_conductivity/reproducibility/static_cne0_release/examples/reference_Traj_13430/mdp/npt13_cool.mdp,cutoff-scheme,Verlet
reference:npt13_cool,MY_PAPER_RELATED/gromacs_eval_pred_conductivity/reproducibility/static_cne0_release/examples/reference_Traj_13430/mdp/npt13_cool.mdp,nstlist,20
reference:npt13_cool,MY_PAPER_RELATED/gromacs_eval_pred_conductivity/reproducibility/static_cne0_release/examples/reference_Traj_13430/mdp/npt13_cool.mdp,coulombtype,PME
reference:npt13_cool,MY_PAPER_RELATED/gromacs_eval_pred_conductivity/reproducibility/static_cne0_release/examples/reference_Traj_13430/mdp/npt13_cool.mdp,rcoulomb,1.0
reference:npt13_cool,MY_PAPER_RELATED/gromacs_eval_pred_conductivity/reproducibility/static_cne0_release/examples/reference_Traj_13430/mdp/npt13_cool.mdp,vdwtype,Cut-off
reference:npt13_cool,MY_PAPER_RELATED/gromacs_eval_pred_conductivity/reproducibility/static_cne0_release/examples/reference_Traj_13430/mdp/npt13_cool.mdp,rvdw,1.0
reference:npt13_cool,MY_PAPER_RELATED/gromacs_eval_pred_conductivity/reproducibility/static_cne0_release/examples/reference_Traj_13430/mdp/npt13_cool.mdp,DispCorr,EnerPres
reference:npt13_cool,MY_PAPER_RELATED/gromacs_eval_pred_conductivity/reproducibility/static_cne0_release/examples/reference_Traj_13430/mdp/npt13_cool.mdp,fourierspacing,0.14
reference:npt13_cool,MY_PAPER_RELATED/gromacs_eval_pred_conductivity/reproducibility/static_cne0_release/examples/reference_Traj_13430/mdp/npt13_cool.mdp,pbc,xyz
reference:npt13_cool,MY_PAPER_RELATED/gromacs_eval_pred_conductivity/reproducibility/static_cne0_release/examples/reference_Traj_13430/mdp/npt13_cool.mdp,constraints,h-bonds
reference:npt13_cool,MY_PAPER_RELATED/gromacs_eval_pred_conductivity/reproducibility/static_cne0_release/examples/reference_Traj_13430/mdp/npt13_cool.mdp,constraint-algorithm,lincs
reference:npt13_cool,MY_PAPER_RELATED/gromacs_eval_pred_conductivity/reproducibility/static_cne0_release/examples/reference_Traj_13430/mdp/npt13_cool.mdp,lincs_iter,3
reference:npt13_cool,MY_PAPER_RELATED/gromacs_eval_pred_conductivity/reproducibility/static_cne0_release/examples/reference_Traj_13430/mdp/npt13_cool.mdp,lincs_order,8
reference:npt13_cool,MY_PAPER_RELATED/gromacs_eval_pred_conductivity/reproducibility/static_cne0_release/examples/reference_Traj_13430/mdp/npt13_cool.mdp,lincs-warnangle,30
reference:npt13_cool,MY_PAPER_RELATED/gromacs_eval_pred_conductivity/reproducibility/static_cne0_release/examples/reference_Traj_13430/mdp/npt13_cool.mdp,tcoupl,nose-hoover
reference:npt13_cool,MY_PAPER_RELATED/gromacs_eval_pred_conductivity/reproducibility/static_cne0_release/examples/reference_Traj_13430/mdp/npt13_cool.mdp,tc-grps,System
reference:npt13_cool,MY_PAPER_RELATED/gromacs_eval_pred_conductivity/reproducibility/static_cne0_release/examples/reference_Traj_13430/mdp/npt13_cool.mdp,tau-t,2.00
reference:npt13_cool,MY_PAPER_RELATED/gromacs_eval_pred_conductivity/reproducibility/static_cne0_release/examples/reference_Traj_13430/mdp/npt13_cool.mdp,nstxout-compressed,500
reference:npt13_cool,MY_PAPER_RELATED/gromacs_eval_pred_conductivity/reproducibility/static_cne0_release/examples/reference_Traj_13430/mdp/npt13_cool.mdp,nstvout,0
reference:npt13_cool,MY_PAPER_RELATED/gromacs_eval_pred_conductivity/reproducibility/static_cne0_release/examples/reference_Traj_13430/mdp/npt13_cool.mdp,nstenergy,10000
reference:npt13_cool,MY_PAPER_RELATED/gromacs_eval_pred_conductivity/reproducibility/static_cne0_release/examples/reference_Traj_13430/mdp/npt13_cool.mdp,gen-vel,no
reference:npt13_cool,MY_PAPER_RELATED/gromacs_eval_pred_conductivity/reproducibility/static_cne0_release/examples/reference_Traj_13430/mdp/npt13_cool.mdp,nsteps,400000
reference:npt13_cool,MY_PAPER_RELATED/gromacs_eval_pred_conductivity/reproducibility/static_cne0_release/examples/reference_Traj_13430/mdp/npt13_cool.mdp,ref-t,453.0
reference:npt13_cool,MY_PAPER_RELATED/gromacs_eval_pred_conductivity/reproducibility/static_cne0_release/examples/reference_Traj_13430/mdp/npt13_cool.mdp,pcoupl,Parrinello-Rahman
reference:npt13_cool,MY_PAPER_RELATED/gromacs_eval_pred_conductivity/reproducibility/static_cne0_release/examples/reference_Traj_13430/mdp/npt13_cool.mdp,tau-p,20.0
reference:npt13_cool,MY_PAPER_RELATED/gromacs_eval_pred_conductivity/reproducibility/static_cne0_release/examples/reference_Traj_13430/mdp/npt13_cool.mdp,ref-p,1.00
reference:npt13_cool,MY_PAPER_RELATED/gromacs_eval_pred_conductivity/reproducibility/static_cne0_release/examples/reference_Traj_13430/mdp/npt13_cool.mdp,compressibility,4.5e-5
reference:npt13_cool,MY_PAPER_RELATED/gromacs_eval_pred_conductivity/reproducibility/static_cne0_release/examples/reference_Traj_13430/mdp/npt13_cool.mdp,nstpcouple,50
reference:npt13_cool,MY_PAPER_RELATED/gromacs_eval_pred_conductivity/reproducibility/static_cne0_release/examples/reference_Traj_13430/mdp/npt13_cool.mdp,refcoord_scaling,com
reference:npt13_cool,MY_PAPER_RELATED/gromacs_eval_pred_conductivity/reproducibility/static_cne0_release/examples/reference_Traj_13430/mdp/npt13_cool.mdp,annealing,single
reference:npt13_cool,MY_PAPER_RELATED/gromacs_eval_pred_conductivity/reproducibility/static_cne0_release/examples/reference_Traj_13430/mdp/npt13_cool.mdp,annealing-npoints,2
reference:npt13_cool,MY_PAPER_RELATED/gromacs_eval_pred_conductivity/reproducibility/static_cne0_release/examples/reference_Traj_13430/mdp/npt13_cool.mdp,annealing-time,0 400.0
reference:npt13_cool,MY_PAPER_RELATED/gromacs_eval_pred_conductivity/reproducibility/static_cne0_release/examples/reference_Traj_13430/mdp/npt13_cool.mdp,annealing-temp,453.0 353.0
reference:npt14_p200_up,MY_PAPER_RELATED/gromacs_eval_pred_conductivity/reproducibility/static_cne0_release/examples/reference_Traj_13430/mdp/npt14_p200_up.mdp,integrator,md
reference:npt14_p200_up,MY_PAPER_RELATED/gromacs_eval_pred_conductivity/reproducibility/static_cne0_release/examples/reference_Traj_13430/mdp/npt14_p200_up.mdp,dt,0.001000
reference:npt14_p200_up,MY_PAPER_RELATED/gromacs_eval_pred_conductivity/reproducibility/static_cne0_release/examples/reference_Traj_13430/mdp/npt14_p200_up.mdp,cutoff-scheme,Verlet
reference:npt14_p200_up,MY_PAPER_RELATED/gromacs_eval_pred_conductivity/reproducibility/static_cne0_release/examples/reference_Traj_13430/mdp/npt14_p200_up.mdp,nstlist,20
reference:npt14_p200_up,MY_PAPER_RELATED/gromacs_eval_pred_conductivity/reproducibility/static_cne0_release/examples/reference_Traj_13430/mdp/npt14_p200_up.mdp,coulombtype,PME
reference:npt14_p200_up,MY_PAPER_RELATED/gromacs_eval_pred_conductivity/reproducibility/static_cne0_release/examples/reference_Traj_13430/mdp/npt14_p200_up.mdp,rcoulomb,1.0
reference:npt14_p200_up,MY_PAPER_RELATED/gromacs_eval_pred_conductivity/reproducibility/static_cne0_release/examples/reference_Traj_13430/mdp/npt14_p200_up.mdp,vdwtype,Cut-off
reference:npt14_p200_up,MY_PAPER_RELATED/gromacs_eval_pred_conductivity/reproducibility/static_cne0_release/examples/reference_Traj_13430/mdp/npt14_p200_up.mdp,rvdw,1.0
reference:npt14_p200_up,MY_PAPER_RELATED/gromacs_eval_pred_conductivity/reproducibility/static_cne0_release/examples/reference_Traj_13430/mdp/npt14_p200_up.mdp,DispCorr,EnerPres
reference:npt14_p200_up,MY_PAPER_RELATED/gromacs_eval_pred_conductivity/reproducibility/static_cne0_release/examples/reference_Traj_13430/mdp/npt14_p200_up.mdp,fourierspacing,0.14
reference:npt14_p200_up,MY_PAPER_RELATED/gromacs_eval_pred_conductivity/reproducibility/static_cne0_release/examples/reference_Traj_13430/mdp/npt14_p200_up.mdp,pbc,xyz
reference:npt14_p200_up,MY_PAPER_RELATED/gromacs_eval_pred_conductivity/reproducibility/static_cne0_release/examples/reference_Traj_13430/mdp/npt14_p200_up.mdp,constraints,h-bonds
reference:npt14_p200_up,MY_PAPER_RELATED/gromacs_eval_pred_conductivity/reproducibility/static_cne0_release/examples/reference_Traj_13430/mdp/npt14_p200_up.mdp,constraint-algorithm,lincs
reference:npt14_p200_up,MY_PAPER_RELATED/gromacs_eval_pred_conductivity/reproducibility/static_cne0_release/examples/reference_Traj_13430/mdp/npt14_p200_up.mdp,lincs_iter,3
reference:npt14_p200_up,MY_PAPER_RELATED/gromacs_eval_pred_conductivity/reproducibility/static_cne0_release/examples/reference_Traj_13430/mdp/npt14_p200_up.mdp,lincs_order,8
reference:npt14_p200_up,MY_PAPER_RELATED/gromacs_eval_pred_conductivity/reproducibility/static_cne0_release/examples/reference_Traj_13430/mdp/npt14_p200_up.mdp,lincs-warnangle,30
reference:npt14_p200_up,MY_PAPER_RELATED/gromacs_eval_pred_conductivity/reproducibility/static_cne0_release/examples/reference_Traj_13430/mdp/npt14_p200_up.mdp,tcoupl,nose-hoover
reference:npt14_p200_up,MY_PAPER_RELATED/gromacs_eval_pred_conductivity/reproducibility/static_cne0_release/examples/reference_Traj_13430/mdp/npt14_p200_up.mdp,tc-grps,System
reference:npt14_p200_up,MY_PAPER_RELATED/gromacs_eval_pred_conductivity/reproducibility/static_cne0_release/examples/reference_Traj_13430/mdp/npt14_p200_up.mdp,tau-t,5.00
reference:npt14_p200_up,MY_PAPER_RELATED/gromacs_eval_pred_conductivity/reproducibility/static_cne0_release/examples/reference_Traj_13430/mdp/npt14_p200_up.mdp,nstxout-compressed,500
reference:npt14_p200_up,MY_PAPER_RELATED/gromacs_eval_pred_conductivity/reproducibility/static_cne0_release/examples/reference_Traj_13430/mdp/npt14_p200_up.mdp,nstvout,0
reference:npt14_p200_up,MY_PAPER_RELATED/gromacs_eval_pred_conductivity/reproducibility/static_cne0_release/examples/reference_Traj_13430/mdp/npt14_p200_up.mdp,nstenergy,10000
reference:npt14_p200_up,MY_PAPER_RELATED/gromacs_eval_pred_conductivity/reproducibility/static_cne0_release/examples/reference_Traj_13430/mdp/npt14_p200_up.mdp,gen-vel,no
reference:npt14_p200_up,MY_PAPER_RELATED/gromacs_eval_pred_conductivity/reproducibility/static_cne0_release/examples/reference_Traj_13430/mdp/npt14_p200_up.mdp,nsteps,100000
reference:npt14_p200_up,MY_PAPER_RELATED/gromacs_eval_pred_conductivity/reproducibility/static_cne0_release/examples/reference_Traj_13430/mdp/npt14_p200_up.mdp,ref-t,353.0
reference:npt14_p200_up,MY_PAPER_RELATED/gromacs_eval_pred_conductivity/reproducibility/static_cne0_release/examples/reference_Traj_13430/mdp/npt14_p200_up.mdp,pcoupl,Berendsen
reference:npt14_p200_up,MY_PAPER_RELATED/gromacs_eval_pred_conductivity/reproducibility/static_cne0_release/examples/reference_Traj_13430/mdp/npt14_p200_up.mdp,tau-p,200.0
reference:npt14_p200_up,MY_PAPER_RELATED/gromacs_eval_pred_conductivity/reproducibility/static_cne0_release/examples/reference_Traj_13430/mdp/npt14_p200_up.mdp,ref-p,200.00
reference:npt14_p200_up,MY_PAPER_RELATED/gromacs_eval_pred_conductivity/reproducibility/static_cne0_release/examples/reference_Traj_13430/mdp/npt14_p200_up.mdp,compressibility,4.5e-5
reference:npt14_p200_up,MY_PAPER_RELATED/gromacs_eval_pred_conductivity/reproducibility/static_cne0_release/examples/reference_Traj_13430/mdp/npt14_p200_up.mdp,nstpcouple,50
reference:npt14_p200_up,MY_PAPER_RELATED/gromacs_eval_pred_conductivity/reproducibility/static_cne0_release/examples/reference_Traj_13430/mdp/npt14_p200_up.mdp,refcoord_scaling,com
reference:npt15_p1k_up,MY_PAPER_RELATED/gromacs_eval_pred_conductivity/reproducibility/static_cne0_release/examples/reference_Traj_13430/mdp/npt15_p1k_up.mdp,integrator,md
reference:npt15_p1k_up,MY_PAPER_RELATED/gromacs_eval_pred_conductivity/reproducibility/static_cne0_release/examples/reference_Traj_13430/mdp/npt15_p1k_up.mdp,dt,0.001000
reference:npt15_p1k_up,MY_PAPER_RELATED/gromacs_eval_pred_conductivity/reproducibility/static_cne0_release/examples/reference_Traj_13430/mdp/npt15_p1k_up.mdp,cutoff-scheme,Verlet
reference:npt15_p1k_up,MY_PAPER_RELATED/gromacs_eval_pred_conductivity/reproducibility/static_cne0_release/examples/reference_Traj_13430/mdp/npt15_p1k_up.mdp,nstlist,20
reference:npt15_p1k_up,MY_PAPER_RELATED/gromacs_eval_pred_conductivity/reproducibility/static_cne0_release/examples/reference_Traj_13430/mdp/npt15_p1k_up.mdp,coulombtype,PME
reference:npt15_p1k_up,MY_PAPER_RELATED/gromacs_eval_pred_conductivity/reproducibility/static_cne0_release/examples/reference_Traj_13430/mdp/npt15_p1k_up.mdp,rcoulomb,1.0
reference:npt15_p1k_up,MY_PAPER_RELATED/gromacs_eval_pred_conductivity/reproducibility/static_cne0_release/examples/reference_Traj_13430/mdp/npt15_p1k_up.mdp,vdwtype,Cut-off
reference:npt15_p1k_up,MY_PAPER_RELATED/gromacs_eval_pred_conductivity/reproducibility/static_cne0_release/examples/reference_Traj_13430/mdp/npt15_p1k_up.mdp,rvdw,1.0
reference:npt15_p1k_up,MY_PAPER_RELATED/gromacs_eval_pred_conductivity/reproducibility/static_cne0_release/examples/reference_Traj_13430/mdp/npt15_p1k_up.mdp,DispCorr,EnerPres
reference:npt15_p1k_up,MY_PAPER_RELATED/gromacs_eval_pred_conductivity/reproducibility/static_cne0_release/examples/reference_Traj_13430/mdp/npt15_p1k_up.mdp,fourierspacing,0.14
reference:npt15_p1k_up,MY_PAPER_RELATED/gromacs_eval_pred_conductivity/reproducibility/static_cne0_release/examples/reference_Traj_13430/mdp/npt15_p1k_up.mdp,pbc,xyz
reference:npt15_p1k_up,MY_PAPER_RELATED/gromacs_eval_pred_conductivity/reproducibility/static_cne0_release/examples/reference_Traj_13430/mdp/npt15_p1k_up.mdp,constraints,h-bonds
reference:npt15_p1k_up,MY_PAPER_RELATED/gromacs_eval_pred_conductivity/reproducibility/static_cne0_release/examples/reference_Traj_13430/mdp/npt15_p1k_up.mdp,constraint-algorithm,lincs
reference:npt15_p1k_up,MY_PAPER_RELATED/gromacs_eval_pred_conductivity/reproducibility/static_cne0_release/examples/reference_Traj_13430/mdp/npt15_p1k_up.mdp,lincs_iter,3
reference:npt15_p1k_up,MY_PAPER_RELATED/gromacs_eval_pred_conductivity/reproducibility/static_cne0_release/examples/reference_Traj_13430/mdp/npt15_p1k_up.mdp,lincs_order,8
reference:npt15_p1k_up,MY_PAPER_RELATED/gromacs_eval_pred_conductivity/reproducibility/static_cne0_release/examples/reference_Traj_13430/mdp/npt15_p1k_up.mdp,lincs-warnangle,30
reference:npt15_p1k_up,MY_PAPER_RELATED/gromacs_eval_pred_conductivity/reproducibility/static_cne0_release/examples/reference_Traj_13430/mdp/npt15_p1k_up.mdp,tcoupl,nose-hoover
reference:npt15_p1k_up,MY_PAPER_RELATED/gromacs_eval_pred_conductivity/reproducibility/static_cne0_release/examples/reference_Traj_13430/mdp/npt15_p1k_up.mdp,tc-grps,System
reference:npt15_p1k_up,MY_PAPER_RELATED/gromacs_eval_pred_conductivity/reproducibility/static_cne0_release/examples/reference_Traj_13430/mdp/npt15_p1k_up.mdp,tau-t,5.00
reference:npt15_p1k_up,MY_PAPER_RELATED/gromacs_eval_pred_conductivity/reproducibility/static_cne0_release/examples/reference_Traj_13430/mdp/npt15_p1k_up.mdp,nstxout-compressed,500
reference:npt15_p1k_up,MY_PAPER_RELATED/gromacs_eval_pred_conductivity/reproducibility/static_cne0_release/examples/reference_Traj_13430/mdp/npt15_p1k_up.mdp,nstvout,0
reference:npt15_p1k_up,MY_PAPER_RELATED/gromacs_eval_pred_conductivity/reproducibility/static_cne0_release/examples/reference_Traj_13430/mdp/npt15_p1k_up.mdp,nstenergy,10000
reference:npt15_p1k_up,MY_PAPER_RELATED/gromacs_eval_pred_conductivity/reproducibility/static_cne0_release/examples/reference_Traj_13430/mdp/npt15_p1k_up.mdp,gen-vel,no
reference:npt15_p1k_up,MY_PAPER_RELATED/gromacs_eval_pred_conductivity/reproducibility/static_cne0_release/examples/reference_Traj_13430/mdp/npt15_p1k_up.mdp,nsteps,100000
reference:npt15_p1k_up,MY_PAPER_RELATED/gromacs_eval_pred_conductivity/reproducibility/static_cne0_release/examples/reference_Traj_13430/mdp/npt15_p1k_up.mdp,ref-t,353.0
reference:npt15_p1k_up,MY_PAPER_RELATED/gromacs_eval_pred_conductivity/reproducibility/static_cne0_release/examples/reference_Traj_13430/mdp/npt15_p1k_up.mdp,pcoupl,Berendsen
reference:npt15_p1k_up,MY_PAPER_RELATED/gromacs_eval_pred_conductivity/reproducibility/static_cne0_release/examples/reference_Traj_13430/mdp/npt15_p1k_up.mdp,tau-p,200.0
reference:npt15_p1k_up,MY_PAPER_RELATED/gromacs_eval_pred_conductivity/reproducibility/static_cne0_release/examples/reference_Traj_13430/mdp/npt15_p1k_up.mdp,ref-p,1013.25
reference:npt15_p1k_up,MY_PAPER_RELATED/gromacs_eval_pred_conductivity/reproducibility/static_cne0_release/examples/reference_Traj_13430/mdp/npt15_p1k_up.mdp,compressibility,4.5e-5
reference:npt15_p1k_up,MY_PAPER_RELATED/gromacs_eval_pred_conductivity/reproducibility/static_cne0_release/examples/reference_Traj_13430/mdp/npt15_p1k_up.mdp,nstpcouple,50
reference:npt15_p1k_up,MY_PAPER_RELATED/gromacs_eval_pred_conductivity/reproducibility/static_cne0_release/examples/reference_Traj_13430/mdp/npt15_p1k_up.mdp,refcoord_scaling,com
reference:npt16_p2k_up,MY_PAPER_RELATED/gromacs_eval_pred_conductivity/reproducibility/static_cne0_release/examples/reference_Traj_13430/mdp/npt16_p2k_up.mdp,integrator,md
reference:npt16_p2k_up,MY_PAPER_RELATED/gromacs_eval_pred_conductivity/reproducibility/static_cne0_release/examples/reference_Traj_13430/mdp/npt16_p2k_up.mdp,dt,0.001000
reference:npt16_p2k_up,MY_PAPER_RELATED/gromacs_eval_pred_conductivity/reproducibility/static_cne0_release/examples/reference_Traj_13430/mdp/npt16_p2k_up.mdp,cutoff-scheme,Verlet
reference:npt16_p2k_up,MY_PAPER_RELATED/gromacs_eval_pred_conductivity/reproducibility/static_cne0_release/examples/reference_Traj_13430/mdp/npt16_p2k_up.mdp,nstlist,20
reference:npt16_p2k_up,MY_PAPER_RELATED/gromacs_eval_pred_conductivity/reproducibility/static_cne0_release/examples/reference_Traj_13430/mdp/npt16_p2k_up.mdp,coulombtype,PME
reference:npt16_p2k_up,MY_PAPER_RELATED/gromacs_eval_pred_conductivity/reproducibility/static_cne0_release/examples/reference_Traj_13430/mdp/npt16_p2k_up.mdp,rcoulomb,1.0
reference:npt16_p2k_up,MY_PAPER_RELATED/gromacs_eval_pred_conductivity/reproducibility/static_cne0_release/examples/reference_Traj_13430/mdp/npt16_p2k_up.mdp,vdwtype,Cut-off
reference:npt16_p2k_up,MY_PAPER_RELATED/gromacs_eval_pred_conductivity/reproducibility/static_cne0_release/examples/reference_Traj_13430/mdp/npt16_p2k_up.mdp,rvdw,1.0
reference:npt16_p2k_up,MY_PAPER_RELATED/gromacs_eval_pred_conductivity/reproducibility/static_cne0_release/examples/reference_Traj_13430/mdp/npt16_p2k_up.mdp,DispCorr,EnerPres
reference:npt16_p2k_up,MY_PAPER_RELATED/gromacs_eval_pred_conductivity/reproducibility/static_cne0_release/examples/reference_Traj_13430/mdp/npt16_p2k_up.mdp,fourierspacing,0.14
reference:npt16_p2k_up,MY_PAPER_RELATED/gromacs_eval_pred_conductivity/reproducibility/static_cne0_release/examples/reference_Traj_13430/mdp/npt16_p2k_up.mdp,pbc,xyz
reference:npt16_p2k_up,MY_PAPER_RELATED/gromacs_eval_pred_conductivity/reproducibility/static_cne0_release/examples/reference_Traj_13430/mdp/npt16_p2k_up.mdp,constraints,h-bonds
reference:npt16_p2k_up,MY_PAPER_RELATED/gromacs_eval_pred_conductivity/reproducibility/static_cne0_release/examples/reference_Traj_13430/mdp/npt16_p2k_up.mdp,constraint-algorithm,lincs
reference:npt16_p2k_up,MY_PAPER_RELATED/gromacs_eval_pred_conductivity/reproducibility/static_cne0_release/examples/reference_Traj_13430/mdp/npt16_p2k_up.mdp,lincs_iter,3
reference:npt16_p2k_up,MY_PAPER_RELATED/gromacs_eval_pred_conductivity/reproducibility/static_cne0_release/examples/reference_Traj_13430/mdp/npt16_p2k_up.mdp,lincs_order,8
reference:npt16_p2k_up,MY_PAPER_RELATED/gromacs_eval_pred_conductivity/reproducibility/static_cne0_release/examples/reference_Traj_13430/mdp/npt16_p2k_up.mdp,lincs-warnangle,30
reference:npt16_p2k_up,MY_PAPER_RELATED/gromacs_eval_pred_conductivity/reproducibility/static_cne0_release/examples/reference_Traj_13430/mdp/npt16_p2k_up.mdp,tcoupl,nose-hoover
reference:npt16_p2k_up,MY_PAPER_RELATED/gromacs_eval_pred_conductivity/reproducibility/static_cne0_release/examples/reference_Traj_13430/mdp/npt16_p2k_up.mdp,tc-grps,System
reference:npt16_p2k_up,MY_PAPER_RELATED/gromacs_eval_pred_conductivity/reproducibility/static_cne0_release/examples/reference_Traj_13430/mdp/npt16_p2k_up.mdp,tau-t,5.00
reference:npt16_p2k_up,MY_PAPER_RELATED/gromacs_eval_pred_conductivity/reproducibility/static_cne0_release/examples/reference_Traj_13430/mdp/npt16_p2k_up.mdp,nstxout-compressed,500
reference:npt16_p2k_up,MY_PAPER_RELATED/gromacs_eval_pred_conductivity/reproducibility/static_cne0_release/examples/reference_Traj_13430/mdp/npt16_p2k_up.mdp,nstvout,0
reference:npt16_p2k_up,MY_PAPER_RELATED/gromacs_eval_pred_conductivity/reproducibility/static_cne0_release/examples/reference_Traj_13430/mdp/npt16_p2k_up.mdp,nstenergy,10000
reference:npt16_p2k_up,MY_PAPER_RELATED/gromacs_eval_pred_conductivity/reproducibility/static_cne0_release/examples/reference_Traj_13430/mdp/npt16_p2k_up.mdp,gen-vel,no
reference:npt16_p2k_up,MY_PAPER_RELATED/gromacs_eval_pred_conductivity/reproducibility/static_cne0_release/examples/reference_Traj_13430/mdp/npt16_p2k_up.mdp,nsteps,150000
reference:npt16_p2k_up,MY_PAPER_RELATED/gromacs_eval_pred_conductivity/reproducibility/static_cne0_release/examples/reference_Traj_13430/mdp/npt16_p2k_up.mdp,ref-t,353.0
reference:npt16_p2k_up,MY_PAPER_RELATED/gromacs_eval_pred_conductivity/reproducibility/static_cne0_release/examples/reference_Traj_13430/mdp/npt16_p2k_up.mdp,pcoupl,Berendsen
reference:npt16_p2k_up,MY_PAPER_RELATED/gromacs_eval_pred_conductivity/reproducibility/static_cne0_release/examples/reference_Traj_13430/mdp/npt16_p2k_up.mdp,tau-p,200.0
reference:npt16_p2k_up,MY_PAPER_RELATED/gromacs_eval_pred_conductivity/reproducibility/static_cne0_release/examples/reference_Traj_13430/mdp/npt16_p2k_up.mdp,ref-p,2026.50
reference:npt16_p2k_up,MY_PAPER_RELATED/gromacs_eval_pred_conductivity/reproducibility/static_cne0_release/examples/reference_Traj_13430/mdp/npt16_p2k_up.mdp,compressibility,4.5e-5
reference:npt16_p2k_up,MY_PAPER_RELATED/gromacs_eval_pred_conductivity/reproducibility/static_cne0_release/examples/reference_Traj_13430/mdp/npt16_p2k_up.mdp,nstpcouple,50
reference:npt16_p2k_up,MY_PAPER_RELATED/gromacs_eval_pred_conductivity/reproducibility/static_cne0_release/examples/reference_Traj_13430/mdp/npt16_p2k_up.mdp,refcoord_scaling,com
reference:npt17_p4k_up,MY_PAPER_RELATED/gromacs_eval_pred_conductivity/reproducibility/static_cne0_release/examples/reference_Traj_13430/mdp/npt17_p4k_up.mdp,integrator,md
reference:npt17_p4k_up,MY_PAPER_RELATED/gromacs_eval_pred_conductivity/reproducibility/static_cne0_release/examples/reference_Traj_13430/mdp/npt17_p4k_up.mdp,dt,0.001000
reference:npt17_p4k_up,MY_PAPER_RELATED/gromacs_eval_pred_conductivity/reproducibility/static_cne0_release/examples/reference_Traj_13430/mdp/npt17_p4k_up.mdp,cutoff-scheme,Verlet
reference:npt17_p4k_up,MY_PAPER_RELATED/gromacs_eval_pred_conductivity/reproducibility/static_cne0_release/examples/reference_Traj_13430/mdp/npt17_p4k_up.mdp,nstlist,20
reference:npt17_p4k_up,MY_PAPER_RELATED/gromacs_eval_pred_conductivity/reproducibility/static_cne0_release/examples/reference_Traj_13430/mdp/npt17_p4k_up.mdp,coulombtype,PME
reference:npt17_p4k_up,MY_PAPER_RELATED/gromacs_eval_pred_conductivity/reproducibility/static_cne0_release/examples/reference_Traj_13430/mdp/npt17_p4k_up.mdp,rcoulomb,1.0
reference:npt17_p4k_up,MY_PAPER_RELATED/gromacs_eval_pred_conductivity/reproducibility/static_cne0_release/examples/reference_Traj_13430/mdp/npt17_p4k_up.mdp,vdwtype,Cut-off
reference:npt17_p4k_up,MY_PAPER_RELATED/gromacs_eval_pred_conductivity/reproducibility/static_cne0_release/examples/reference_Traj_13430/mdp/npt17_p4k_up.mdp,rvdw,1.0
reference:npt17_p4k_up,MY_PAPER_RELATED/gromacs_eval_pred_conductivity/reproducibility/static_cne0_release/examples/reference_Traj_13430/mdp/npt17_p4k_up.mdp,DispCorr,EnerPres
reference:npt17_p4k_up,MY_PAPER_RELATED/gromacs_eval_pred_conductivity/reproducibility/static_cne0_release/examples/reference_Traj_13430/mdp/npt17_p4k_up.mdp,fourierspacing,0.14
reference:npt17_p4k_up,MY_PAPER_RELATED/gromacs_eval_pred_conductivity/reproducibility/static_cne0_release/examples/reference_Traj_13430/mdp/npt17_p4k_up.mdp,pbc,xyz
reference:npt17_p4k_up,MY_PAPER_RELATED/gromacs_eval_pred_conductivity/reproducibility/static_cne0_release/examples/reference_Traj_13430/mdp/npt17_p4k_up.mdp,constraints,h-bonds
reference:npt17_p4k_up,MY_PAPER_RELATED/gromacs_eval_pred_conductivity/reproducibility/static_cne0_release/examples/reference_Traj_13430/mdp/npt17_p4k_up.mdp,constraint-algorithm,lincs
reference:npt17_p4k_up,MY_PAPER_RELATED/gromacs_eval_pred_conductivity/reproducibility/static_cne0_release/examples/reference_Traj_13430/mdp/npt17_p4k_up.mdp,lincs_iter,3
reference:npt17_p4k_up,MY_PAPER_RELATED/gromacs_eval_pred_conductivity/reproducibility/static_cne0_release/examples/reference_Traj_13430/mdp/npt17_p4k_up.mdp,lincs_order,8
reference:npt17_p4k_up,MY_PAPER_RELATED/gromacs_eval_pred_conductivity/reproducibility/static_cne0_release/examples/reference_Traj_13430/mdp/npt17_p4k_up.mdp,lincs-warnangle,30
reference:npt17_p4k_up,MY_PAPER_RELATED/gromacs_eval_pred_conductivity/reproducibility/static_cne0_release/examples/reference_Traj_13430/mdp/npt17_p4k_up.mdp,tcoupl,nose-hoover
reference:npt17_p4k_up,MY_PAPER_RELATED/gromacs_eval_pred_conductivity/reproducibility/static_cne0_release/examples/reference_Traj_13430/mdp/npt17_p4k_up.mdp,tc-grps,System
reference:npt17_p4k_up,MY_PAPER_RELATED/gromacs_eval_pred_conductivity/reproducibility/static_cne0_release/examples/reference_Traj_13430/mdp/npt17_p4k_up.mdp,tau-t,5.00
reference:npt17_p4k_up,MY_PAPER_RELATED/gromacs_eval_pred_conductivity/reproducibility/static_cne0_release/examples/reference_Traj_13430/mdp/npt17_p4k_up.mdp,nstxout-compressed,500
reference:npt17_p4k_up,MY_PAPER_RELATED/gromacs_eval_pred_conductivity/reproducibility/static_cne0_release/examples/reference_Traj_13430/mdp/npt17_p4k_up.mdp,nstvout,0
reference:npt17_p4k_up,MY_PAPER_RELATED/gromacs_eval_pred_conductivity/reproducibility/static_cne0_release/examples/reference_Traj_13430/mdp/npt17_p4k_up.mdp,nstenergy,10000
reference:npt17_p4k_up,MY_PAPER_RELATED/gromacs_eval_pred_conductivity/reproducibility/static_cne0_release/examples/reference_Traj_13430/mdp/npt17_p4k_up.mdp,gen-vel,no
reference:npt17_p4k_up,MY_PAPER_RELATED/gromacs_eval_pred_conductivity/reproducibility/static_cne0_release/examples/reference_Traj_13430/mdp/npt17_p4k_up.mdp,nsteps,150000
reference:npt17_p4k_up,MY_PAPER_RELATED/gromacs_eval_pred_conductivity/reproducibility/static_cne0_release/examples/reference_Traj_13430/mdp/npt17_p4k_up.mdp,ref-t,353.0
reference:npt17_p4k_up,MY_PAPER_RELATED/gromacs_eval_pred_conductivity/reproducibility/static_cne0_release/examples/reference_Traj_13430/mdp/npt17_p4k_up.mdp,pcoupl,Berendsen
reference:npt17_p4k_up,MY_PAPER_RELATED/gromacs_eval_pred_conductivity/reproducibility/static_cne0_release/examples/reference_Traj_13430/mdp/npt17_p4k_up.mdp,tau-p,200.0
reference:npt17_p4k_up,MY_PAPER_RELATED/gromacs_eval_pred_conductivity/reproducibility/static_cne0_release/examples/reference_Traj_13430/mdp/npt17_p4k_up.mdp,ref-p,4053.00
reference:npt17_p4k_up,MY_PAPER_RELATED/gromacs_eval_pred_conductivity/reproducibility/static_cne0_release/examples/reference_Traj_13430/mdp/npt17_p4k_up.mdp,compressibility,4.5e-5
reference:npt17_p4k_up,MY_PAPER_RELATED/gromacs_eval_pred_conductivity/reproducibility/static_cne0_release/examples/reference_Traj_13430/mdp/npt17_p4k_up.mdp,nstpcouple,50
reference:npt17_p4k_up,MY_PAPER_RELATED/gromacs_eval_pred_conductivity/reproducibility/static_cne0_release/examples/reference_Traj_13430/mdp/npt17_p4k_up.mdp,refcoord_scaling,com
reference:npt18_p1_down,MY_PAPER_RELATED/gromacs_eval_pred_conductivity/reproducibility/static_cne0_release/examples/reference_Traj_13430/mdp/npt18_p1_down.mdp,integrator,md
reference:npt18_p1_down,MY_PAPER_RELATED/gromacs_eval_pred_conductivity/reproducibility/static_cne0_release/examples/reference_Traj_13430/mdp/npt18_p1_down.mdp,dt,0.001000
reference:npt18_p1_down,MY_PAPER_RELATED/gromacs_eval_pred_conductivity/reproducibility/static_cne0_release/examples/reference_Traj_13430/mdp/npt18_p1_down.mdp,cutoff-scheme,Verlet
reference:npt18_p1_down,MY_PAPER_RELATED/gromacs_eval_pred_conductivity/reproducibility/static_cne0_release/examples/reference_Traj_13430/mdp/npt18_p1_down.mdp,nstlist,20
reference:npt18_p1_down,MY_PAPER_RELATED/gromacs_eval_pred_conductivity/reproducibility/static_cne0_release/examples/reference_Traj_13430/mdp/npt18_p1_down.mdp,coulombtype,PME
reference:npt18_p1_down,MY_PAPER_RELATED/gromacs_eval_pred_conductivity/reproducibility/static_cne0_release/examples/reference_Traj_13430/mdp/npt18_p1_down.mdp,rcoulomb,1.0
reference:npt18_p1_down,MY_PAPER_RELATED/gromacs_eval_pred_conductivity/reproducibility/static_cne0_release/examples/reference_Traj_13430/mdp/npt18_p1_down.mdp,vdwtype,Cut-off
reference:npt18_p1_down,MY_PAPER_RELATED/gromacs_eval_pred_conductivity/reproducibility/static_cne0_release/examples/reference_Traj_13430/mdp/npt18_p1_down.mdp,rvdw,1.0
reference:npt18_p1_down,MY_PAPER_RELATED/gromacs_eval_pred_conductivity/reproducibility/static_cne0_release/examples/reference_Traj_13430/mdp/npt18_p1_down.mdp,DispCorr,EnerPres
reference:npt18_p1_down,MY_PAPER_RELATED/gromacs_eval_pred_conductivity/reproducibility/static_cne0_release/examples/reference_Traj_13430/mdp/npt18_p1_down.mdp,fourierspacing,0.14
reference:npt18_p1_down,MY_PAPER_RELATED/gromacs_eval_pred_conductivity/reproducibility/static_cne0_release/examples/reference_Traj_13430/mdp/npt18_p1_down.mdp,pbc,xyz
reference:npt18_p1_down,MY_PAPER_RELATED/gromacs_eval_pred_conductivity/reproducibility/static_cne0_release/examples/reference_Traj_13430/mdp/npt18_p1_down.mdp,constraints,h-bonds
reference:npt18_p1_down,MY_PAPER_RELATED/gromacs_eval_pred_conductivity/reproducibility/static_cne0_release/examples/reference_Traj_13430/mdp/npt18_p1_down.mdp,constraint-algorithm,lincs
reference:npt18_p1_down,MY_PAPER_RELATED/gromacs_eval_pred_conductivity/reproducibility/static_cne0_release/examples/reference_Traj_13430/mdp/npt18_p1_down.mdp,lincs_iter,3
reference:npt18_p1_down,MY_PAPER_RELATED/gromacs_eval_pred_conductivity/reproducibility/static_cne0_release/examples/reference_Traj_13430/mdp/npt18_p1_down.mdp,lincs_order,8
reference:npt18_p1_down,MY_PAPER_RELATED/gromacs_eval_pred_conductivity/reproducibility/static_cne0_release/examples/reference_Traj_13430/mdp/npt18_p1_down.mdp,lincs-warnangle,30
reference:npt18_p1_down,MY_PAPER_RELATED/gromacs_eval_pred_conductivity/reproducibility/static_cne0_release/examples/reference_Traj_13430/mdp/npt18_p1_down.mdp,tcoupl,nose-hoover
reference:npt18_p1_down,MY_PAPER_RELATED/gromacs_eval_pred_conductivity/reproducibility/static_cne0_release/examples/reference_Traj_13430/mdp/npt18_p1_down.mdp,tc-grps,System
reference:npt18_p1_down,MY_PAPER_RELATED/gromacs_eval_pred_conductivity/reproducibility/static_cne0_release/examples/reference_Traj_13430/mdp/npt18_p1_down.mdp,tau-t,5.00
reference:npt18_p1_down,MY_PAPER_RELATED/gromacs_eval_pred_conductivity/reproducibility/static_cne0_release/examples/reference_Traj_13430/mdp/npt18_p1_down.mdp,nstxout-compressed,500
reference:npt18_p1_down,MY_PAPER_RELATED/gromacs_eval_pred_conductivity/reproducibility/static_cne0_release/examples/reference_Traj_13430/mdp/npt18_p1_down.mdp,nstvout,0
reference:npt18_p1_down,MY_PAPER_RELATED/gromacs_eval_pred_conductivity/reproducibility/static_cne0_release/examples/reference_Traj_13430/mdp/npt18_p1_down.mdp,nstenergy,10000
reference:npt18_p1_down,MY_PAPER_RELATED/gromacs_eval_pred_conductivity/reproducibility/static_cne0_release/examples/reference_Traj_13430/mdp/npt18_p1_down.mdp,gen-vel,no
reference:npt18_p1_down,MY_PAPER_RELATED/gromacs_eval_pred_conductivity/reproducibility/static_cne0_release/examples/reference_Traj_13430/mdp/npt18_p1_down.mdp,nsteps,300000
reference:npt18_p1_down,MY_PAPER_RELATED/gromacs_eval_pred_conductivity/reproducibility/static_cne0_release/examples/reference_Traj_13430/mdp/npt18_p1_down.mdp,ref-t,353.0
reference:npt18_p1_down,MY_PAPER_RELATED/gromacs_eval_pred_conductivity/reproducibility/static_cne0_release/examples/reference_Traj_13430/mdp/npt18_p1_down.mdp,pcoupl,Berendsen
reference:npt18_p1_down,MY_PAPER_RELATED/gromacs_eval_pred_conductivity/reproducibility/static_cne0_release/examples/reference_Traj_13430/mdp/npt18_p1_down.mdp,tau-p,200.0
reference:npt18_p1_down,MY_PAPER_RELATED/gromacs_eval_pred_conductivity/reproducibility/static_cne0_release/examples/reference_Traj_13430/mdp/npt18_p1_down.mdp,ref-p,1.00
reference:npt18_p1_down,MY_PAPER_RELATED/gromacs_eval_pred_conductivity/reproducibility/static_cne0_release/examples/reference_Traj_13430/mdp/npt18_p1_down.mdp,compressibility,4.5e-5
reference:npt18_p1_down,MY_PAPER_RELATED/gromacs_eval_pred_conductivity/reproducibility/static_cne0_release/examples/reference_Traj_13430/mdp/npt18_p1_down.mdp,nstpcouple,50
reference:npt18_p1_down,MY_PAPER_RELATED/gromacs_eval_pred_conductivity/reproducibility/static_cne0_release/examples/reference_Traj_13430/mdp/npt18_p1_down.mdp,refcoord_scaling,com
reference:npt19_p1,MY_PAPER_RELATED/gromacs_eval_pred_conductivity/reproducibility/static_cne0_release/examples/reference_Traj_13430/mdp/npt19_p1.mdp,integrator,md
reference:npt19_p1,MY_PAPER_RELATED/gromacs_eval_pred_conductivity/reproducibility/static_cne0_release/examples/reference_Traj_13430/mdp/npt19_p1.mdp,dt,0.001000
reference:npt19_p1,MY_PAPER_RELATED/gromacs_eval_pred_conductivity/reproducibility/static_cne0_release/examples/reference_Traj_13430/mdp/npt19_p1.mdp,cutoff-scheme,Verlet
reference:npt19_p1,MY_PAPER_RELATED/gromacs_eval_pred_conductivity/reproducibility/static_cne0_release/examples/reference_Traj_13430/mdp/npt19_p1.mdp,nstlist,20
reference:npt19_p1,MY_PAPER_RELATED/gromacs_eval_pred_conductivity/reproducibility/static_cne0_release/examples/reference_Traj_13430/mdp/npt19_p1.mdp,coulombtype,PME
reference:npt19_p1,MY_PAPER_RELATED/gromacs_eval_pred_conductivity/reproducibility/static_cne0_release/examples/reference_Traj_13430/mdp/npt19_p1.mdp,rcoulomb,1.0
reference:npt19_p1,MY_PAPER_RELATED/gromacs_eval_pred_conductivity/reproducibility/static_cne0_release/examples/reference_Traj_13430/mdp/npt19_p1.mdp,vdwtype,Cut-off
reference:npt19_p1,MY_PAPER_RELATED/gromacs_eval_pred_conductivity/reproducibility/static_cne0_release/examples/reference_Traj_13430/mdp/npt19_p1.mdp,rvdw,1.0
reference:npt19_p1,MY_PAPER_RELATED/gromacs_eval_pred_conductivity/reproducibility/static_cne0_release/examples/reference_Traj_13430/mdp/npt19_p1.mdp,DispCorr,EnerPres
reference:npt19_p1,MY_PAPER_RELATED/gromacs_eval_pred_conductivity/reproducibility/static_cne0_release/examples/reference_Traj_13430/mdp/npt19_p1.mdp,fourierspacing,0.14
reference:npt19_p1,MY_PAPER_RELATED/gromacs_eval_pred_conductivity/reproducibility/static_cne0_release/examples/reference_Traj_13430/mdp/npt19_p1.mdp,pbc,xyz
reference:npt19_p1,MY_PAPER_RELATED/gromacs_eval_pred_conductivity/reproducibility/static_cne0_release/examples/reference_Traj_13430/mdp/npt19_p1.mdp,constraints,h-bonds
reference:npt19_p1,MY_PAPER_RELATED/gromacs_eval_pred_conductivity/reproducibility/static_cne0_release/examples/reference_Traj_13430/mdp/npt19_p1.mdp,constraint-algorithm,lincs
reference:npt19_p1,MY_PAPER_RELATED/gromacs_eval_pred_conductivity/reproducibility/static_cne0_release/examples/reference_Traj_13430/mdp/npt19_p1.mdp,lincs_iter,3
reference:npt19_p1,MY_PAPER_RELATED/gromacs_eval_pred_conductivity/reproducibility/static_cne0_release/examples/reference_Traj_13430/mdp/npt19_p1.mdp,lincs_order,8
reference:npt19_p1,MY_PAPER_RELATED/gromacs_eval_pred_conductivity/reproducibility/static_cne0_release/examples/reference_Traj_13430/mdp/npt19_p1.mdp,lincs-warnangle,30
reference:npt19_p1,MY_PAPER_RELATED/gromacs_eval_pred_conductivity/reproducibility/static_cne0_release/examples/reference_Traj_13430/mdp/npt19_p1.mdp,tcoupl,nose-hoover
reference:npt19_p1,MY_PAPER_RELATED/gromacs_eval_pred_conductivity/reproducibility/static_cne0_release/examples/reference_Traj_13430/mdp/npt19_p1.mdp,tc-grps,System
reference:npt19_p1,MY_PAPER_RELATED/gromacs_eval_pred_conductivity/reproducibility/static_cne0_release/examples/reference_Traj_13430/mdp/npt19_p1.mdp,tau-t,2.00
reference:npt19_p1,MY_PAPER_RELATED/gromacs_eval_pred_conductivity/reproducibility/static_cne0_release/examples/reference_Traj_13430/mdp/npt19_p1.mdp,nstxout-compressed,500
reference:npt19_p1,MY_PAPER_RELATED/gromacs_eval_pred_conductivity/reproducibility/static_cne0_release/examples/reference_Traj_13430/mdp/npt19_p1.mdp,nstvout,0
reference:npt19_p1,MY_PAPER_RELATED/gromacs_eval_pred_conductivity/reproducibility/static_cne0_release/examples/reference_Traj_13430/mdp/npt19_p1.mdp,nstenergy,10000
reference:npt19_p1,MY_PAPER_RELATED/gromacs_eval_pred_conductivity/reproducibility/static_cne0_release/examples/reference_Traj_13430/mdp/npt19_p1.mdp,gen-vel,no
reference:npt19_p1,MY_PAPER_RELATED/gromacs_eval_pred_conductivity/reproducibility/static_cne0_release/examples/reference_Traj_13430/mdp/npt19_p1.mdp,nsteps,1200000
reference:npt19_p1,MY_PAPER_RELATED/gromacs_eval_pred_conductivity/reproducibility/static_cne0_release/examples/reference_Traj_13430/mdp/npt19_p1.mdp,ref-t,353.0
reference:npt19_p1,MY_PAPER_RELATED/gromacs_eval_pred_conductivity/reproducibility/static_cne0_release/examples/reference_Traj_13430/mdp/npt19_p1.mdp,pcoupl,Parrinello-Rahman
reference:npt19_p1,MY_PAPER_RELATED/gromacs_eval_pred_conductivity/reproducibility/static_cne0_release/examples/reference_Traj_13430/mdp/npt19_p1.mdp,tau-p,20.0
reference:npt19_p1,MY_PAPER_RELATED/gromacs_eval_pred_conductivity/reproducibility/static_cne0_release/examples/reference_Traj_13430/mdp/npt19_p1.mdp,ref-p,1.00
reference:npt19_p1,MY_PAPER_RELATED/gromacs_eval_pred_conductivity/reproducibility/static_cne0_release/examples/reference_Traj_13430/mdp/npt19_p1.mdp,compressibility,4.5e-5
reference:npt19_p1,MY_PAPER_RELATED/gromacs_eval_pred_conductivity/reproducibility/static_cne0_release/examples/reference_Traj_13430/mdp/npt19_p1.mdp,nstpcouple,50
reference:npt19_p1,MY_PAPER_RELATED/gromacs_eval_pred_conductivity/reproducibility/static_cne0_release/examples/reference_Traj_13430/mdp/npt19_p1.mdp,refcoord_scaling,com
reference:nvt0,MY_PAPER_RELATED/gromacs_eval_pred_conductivity/reproducibility/static_cne0_release/examples/reference_Traj_13430/mdp/nvt0.mdp,integrator,md
reference:nvt0,MY_PAPER_RELATED/gromacs_eval_pred_conductivity/reproducibility/static_cne0_release/examples/reference_Traj_13430/mdp/nvt0.mdp,dt,0.001000
reference:nvt0,MY_PAPER_RELATED/gromacs_eval_pred_conductivity/reproducibility/static_cne0_release/examples/reference_Traj_13430/mdp/nvt0.mdp,cutoff-scheme,Verlet
reference:nvt0,MY_PAPER_RELATED/gromacs_eval_pred_conductivity/reproducibility/static_cne0_release/examples/reference_Traj_13430/mdp/nvt0.mdp,nstlist,20
reference:nvt0,MY_PAPER_RELATED/gromacs_eval_pred_conductivity/reproducibility/static_cne0_release/examples/reference_Traj_13430/mdp/nvt0.mdp,coulombtype,PME
reference:nvt0,MY_PAPER_RELATED/gromacs_eval_pred_conductivity/reproducibility/static_cne0_release/examples/reference_Traj_13430/mdp/nvt0.mdp,rcoulomb,1.0
reference:nvt0,MY_PAPER_RELATED/gromacs_eval_pred_conductivity/reproducibility/static_cne0_release/examples/reference_Traj_13430/mdp/nvt0.mdp,vdwtype,Cut-off
reference:nvt0,MY_PAPER_RELATED/gromacs_eval_pred_conductivity/reproducibility/static_cne0_release/examples/reference_Traj_13430/mdp/nvt0.mdp,rvdw,1.0
reference:nvt0,MY_PAPER_RELATED/gromacs_eval_pred_conductivity/reproducibility/static_cne0_release/examples/reference_Traj_13430/mdp/nvt0.mdp,DispCorr,EnerPres
reference:nvt0,MY_PAPER_RELATED/gromacs_eval_pred_conductivity/reproducibility/static_cne0_release/examples/reference_Traj_13430/mdp/nvt0.mdp,fourierspacing,0.14
reference:nvt0,MY_PAPER_RELATED/gromacs_eval_pred_conductivity/reproducibility/static_cne0_release/examples/reference_Traj_13430/mdp/nvt0.mdp,pbc,xyz
reference:nvt0,MY_PAPER_RELATED/gromacs_eval_pred_conductivity/reproducibility/static_cne0_release/examples/reference_Traj_13430/mdp/nvt0.mdp,constraints,h-bonds
reference:nvt0,MY_PAPER_RELATED/gromacs_eval_pred_conductivity/reproducibility/static_cne0_release/examples/reference_Traj_13430/mdp/nvt0.mdp,constraint-algorithm,lincs
reference:nvt0,MY_PAPER_RELATED/gromacs_eval_pred_conductivity/reproducibility/static_cne0_release/examples/reference_Traj_13430/mdp/nvt0.mdp,lincs_iter,4
reference:nvt0,MY_PAPER_RELATED/gromacs_eval_pred_conductivity/reproducibility/static_cne0_release/examples/reference_Traj_13430/mdp/nvt0.mdp,lincs_order,12
reference:nvt0,MY_PAPER_RELATED/gromacs_eval_pred_conductivity/reproducibility/static_cne0_release/examples/reference_Traj_13430/mdp/nvt0.mdp,lincs-warnangle,20
reference:nvt0,MY_PAPER_RELATED/gromacs_eval_pred_conductivity/reproducibility/static_cne0_release/examples/reference_Traj_13430/mdp/nvt0.mdp,tcoupl,v-rescale
reference:nvt0,MY_PAPER_RELATED/gromacs_eval_pred_conductivity/reproducibility/static_cne0_release/examples/reference_Traj_13430/mdp/nvt0.mdp,tc-grps,System
reference:nvt0,MY_PAPER_RELATED/gromacs_eval_pred_conductivity/reproducibility/static_cne0_release/examples/reference_Traj_13430/mdp/nvt0.mdp,tau-t,5.00
reference:nvt0,MY_PAPER_RELATED/gromacs_eval_pred_conductivity/reproducibility/static_cne0_release/examples/reference_Traj_13430/mdp/nvt0.mdp,nstxout-compressed,500
reference:nvt0,MY_PAPER_RELATED/gromacs_eval_pred_conductivity/reproducibility/static_cne0_release/examples/reference_Traj_13430/mdp/nvt0.mdp,nstvout,0
reference:nvt0,MY_PAPER_RELATED/gromacs_eval_pred_conductivity/reproducibility/static_cne0_release/examples/reference_Traj_13430/mdp/nvt0.mdp,nstenergy,10000
reference:nvt0,MY_PAPER_RELATED/gromacs_eval_pred_conductivity/reproducibility/static_cne0_release/examples/reference_Traj_13430/mdp/nvt0.mdp,gen-vel,no
reference:nvt0,MY_PAPER_RELATED/gromacs_eval_pred_conductivity/reproducibility/static_cne0_release/examples/reference_Traj_13430/mdp/nvt0.mdp,nsteps,100000
reference:nvt0,MY_PAPER_RELATED/gromacs_eval_pred_conductivity/reproducibility/static_cne0_release/examples/reference_Traj_13430/mdp/nvt0.mdp,ref-t,100.0
reference:nvt0,MY_PAPER_RELATED/gromacs_eval_pred_conductivity/reproducibility/static_cne0_release/examples/reference_Traj_13430/mdp/nvt0.mdp,pcoupl,no
reference:nvt0,MY_PAPER_RELATED/gromacs_eval_pred_conductivity/reproducibility/static_cne0_release/examples/reference_Traj_13430/mdp/nvt0.mdp,define,-DPOSRES
reference:nvt0,MY_PAPER_RELATED/gromacs_eval_pred_conductivity/reproducibility/static_cne0_release/examples/reference_Traj_13430/mdp/nvt0.mdp,annealing,single
reference:nvt0,MY_PAPER_RELATED/gromacs_eval_pred_conductivity/reproducibility/static_cne0_release/examples/reference_Traj_13430/mdp/nvt0.mdp,annealing-npoints,2
reference:nvt0,MY_PAPER_RELATED/gromacs_eval_pred_conductivity/reproducibility/static_cne0_release/examples/reference_Traj_13430/mdp/nvt0.mdp,annealing-time,0 100.0
reference:nvt0,MY_PAPER_RELATED/gromacs_eval_pred_conductivity/reproducibility/static_cne0_release/examples/reference_Traj_13430/mdp/nvt0.mdp,annealing-temp,100.0 353.0
reference:nvt0_pre,MY_PAPER_RELATED/gromacs_eval_pred_conductivity/reproducibility/static_cne0_release/examples/reference_Traj_13430/mdp/nvt0_pre.mdp,integrator,md
reference:nvt0_pre,MY_PAPER_RELATED/gromacs_eval_pred_conductivity/reproducibility/static_cne0_release/examples/reference_Traj_13430/mdp/nvt0_pre.mdp,dt,0.000500
reference:nvt0_pre,MY_PAPER_RELATED/gromacs_eval_pred_conductivity/reproducibility/static_cne0_release/examples/reference_Traj_13430/mdp/nvt0_pre.mdp,cutoff-scheme,Verlet
reference:nvt0_pre,MY_PAPER_RELATED/gromacs_eval_pred_conductivity/reproducibility/static_cne0_release/examples/reference_Traj_13430/mdp/nvt0_pre.mdp,nstlist,20
reference:nvt0_pre,MY_PAPER_RELATED/gromacs_eval_pred_conductivity/reproducibility/static_cne0_release/examples/reference_Traj_13430/mdp/nvt0_pre.mdp,coulombtype,PME
reference:nvt0_pre,MY_PAPER_RELATED/gromacs_eval_pred_conductivity/reproducibility/static_cne0_release/examples/reference_Traj_13430/mdp/nvt0_pre.mdp,rcoulomb,1.0
reference:nvt0_pre,MY_PAPER_RELATED/gromacs_eval_pred_conductivity/reproducibility/static_cne0_release/examples/reference_Traj_13430/mdp/nvt0_pre.mdp,vdwtype,Cut-off
reference:nvt0_pre,MY_PAPER_RELATED/gromacs_eval_pred_conductivity/reproducibility/static_cne0_release/examples/reference_Traj_13430/mdp/nvt0_pre.mdp,rvdw,1.0
reference:nvt0_pre,MY_PAPER_RELATED/gromacs_eval_pred_conductivity/reproducibility/static_cne0_release/examples/reference_Traj_13430/mdp/nvt0_pre.mdp,DispCorr,EnerPres
reference:nvt0_pre,MY_PAPER_RELATED/gromacs_eval_pred_conductivity/reproducibility/static_cne0_release/examples/reference_Traj_13430/mdp/nvt0_pre.mdp,fourierspacing,0.14
reference:nvt0_pre,MY_PAPER_RELATED/gromacs_eval_pred_conductivity/reproducibility/static_cne0_release/examples/reference_Traj_13430/mdp/nvt0_pre.mdp,pbc,xyz
reference:nvt0_pre,MY_PAPER_RELATED/gromacs_eval_pred_conductivity/reproducibility/static_cne0_release/examples/reference_Traj_13430/mdp/nvt0_pre.mdp,constraints,none
reference:nvt0_pre,MY_PAPER_RELATED/gromacs_eval_pred_conductivity/reproducibility/static_cne0_release/examples/reference_Traj_13430/mdp/nvt0_pre.mdp,constraint-algorithm,lincs
reference:nvt0_pre,MY_PAPER_RELATED/gromacs_eval_pred_conductivity/reproducibility/static_cne0_release/examples/reference_Traj_13430/mdp/nvt0_pre.mdp,lincs_iter,3
reference:nvt0_pre,MY_PAPER_RELATED/gromacs_eval_pred_conductivity/reproducibility/static_cne0_release/examples/reference_Traj_13430/mdp/nvt0_pre.mdp,lincs_order,8
reference:nvt0_pre,MY_PAPER_RELATED/gromacs_eval_pred_conductivity/reproducibility/static_cne0_release/examples/reference_Traj_13430/mdp/nvt0_pre.mdp,lincs-warnangle,30
reference:nvt0_pre,MY_PAPER_RELATED/gromacs_eval_pred_conductivity/reproducibility/static_cne0_release/examples/reference_Traj_13430/mdp/nvt0_pre.mdp,tcoupl,v-rescale
reference:nvt0_pre,MY_PAPER_RELATED/gromacs_eval_pred_conductivity/reproducibility/static_cne0_release/examples/reference_Traj_13430/mdp/nvt0_pre.mdp,tc-grps,System
reference:nvt0_pre,MY_PAPER_RELATED/gromacs_eval_pred_conductivity/reproducibility/static_cne0_release/examples/reference_Traj_13430/mdp/nvt0_pre.mdp,tau-t,5.00
reference:nvt0_pre,MY_PAPER_RELATED/gromacs_eval_pred_conductivity/reproducibility/static_cne0_release/examples/reference_Traj_13430/mdp/nvt0_pre.mdp,nstxout-compressed,500
reference:nvt0_pre,MY_PAPER_RELATED/gromacs_eval_pred_conductivity/reproducibility/static_cne0_release/examples/reference_Traj_13430/mdp/nvt0_pre.mdp,nstvout,0
reference:nvt0_pre,MY_PAPER_RELATED/gromacs_eval_pred_conductivity/reproducibility/static_cne0_release/examples/reference_Traj_13430/mdp/nvt0_pre.mdp,nstenergy,10000
reference:nvt0_pre,MY_PAPER_RELATED/gromacs_eval_pred_conductivity/reproducibility/static_cne0_release/examples/reference_Traj_13430/mdp/nvt0_pre.mdp,gen-vel,yes
reference:nvt0_pre,MY_PAPER_RELATED/gromacs_eval_pred_conductivity/reproducibility/static_cne0_release/examples/reference_Traj_13430/mdp/nvt0_pre.mdp,nsteps,10000
reference:nvt0_pre,MY_PAPER_RELATED/gromacs_eval_pred_conductivity/reproducibility/static_cne0_release/examples/reference_Traj_13430/mdp/nvt0_pre.mdp,ref-t,50.0
reference:nvt0_pre,MY_PAPER_RELATED/gromacs_eval_pred_conductivity/reproducibility/static_cne0_release/examples/reference_Traj_13430/mdp/nvt0_pre.mdp,pcoupl,no
reference:nvt0_pre,MY_PAPER_RELATED/gromacs_eval_pred_conductivity/reproducibility/static_cne0_release/examples/reference_Traj_13430/mdp/nvt0_pre.mdp,gen-temp,50.0
reference:nvt0_pre,MY_PAPER_RELATED/gromacs_eval_pred_conductivity/reproducibility/static_cne0_release/examples/reference_Traj_13430/mdp/nvt0_pre.mdp,gen-seed,-1
reference:nvt0_pre,MY_PAPER_RELATED/gromacs_eval_pred_conductivity/reproducibility/static_cne0_release/examples/reference_Traj_13430/mdp/nvt0_pre.mdp,define,-DPOSRES
reference:nvt0_pre,MY_PAPER_RELATED/gromacs_eval_pred_conductivity/reproducibility/static_cne0_release/examples/reference_Traj_13430/mdp/nvt0_pre.mdp,annealing,single
reference:nvt0_pre,MY_PAPER_RELATED/gromacs_eval_pred_conductivity/reproducibility/static_cne0_release/examples/reference_Traj_13430/mdp/nvt0_pre.mdp,annealing-npoints,2
reference:nvt0_pre,MY_PAPER_RELATED/gromacs_eval_pred_conductivity/reproducibility/static_cne0_release/examples/reference_Traj_13430/mdp/nvt0_pre.mdp,annealing-time,0 5.0
reference:nvt0_pre,MY_PAPER_RELATED/gromacs_eval_pred_conductivity/reproducibility/static_cne0_release/examples/reference_Traj_13430/mdp/nvt0_pre.mdp,annealing-temp,50.0 100.0
reference:nvt1,MY_PAPER_RELATED/gromacs_eval_pred_conductivity/reproducibility/static_cne0_release/examples/reference_Traj_13430/mdp/nvt1.mdp,integrator,md
reference:nvt1,MY_PAPER_RELATED/gromacs_eval_pred_conductivity/reproducibility/static_cne0_release/examples/reference_Traj_13430/mdp/nvt1.mdp,dt,0.001000
reference:nvt1,MY_PAPER_RELATED/gromacs_eval_pred_conductivity/reproducibility/static_cne0_release/examples/reference_Traj_13430/mdp/nvt1.mdp,cutoff-scheme,Verlet
reference:nvt1,MY_PAPER_RELATED/gromacs_eval_pred_conductivity/reproducibility/static_cne0_release/examples/reference_Traj_13430/mdp/nvt1.mdp,nstlist,20
reference:nvt1,MY_PAPER_RELATED/gromacs_eval_pred_conductivity/reproducibility/static_cne0_release/examples/reference_Traj_13430/mdp/nvt1.mdp,coulombtype,PME
reference:nvt1,MY_PAPER_RELATED/gromacs_eval_pred_conductivity/reproducibility/static_cne0_release/examples/reference_Traj_13430/mdp/nvt1.mdp,rcoulomb,1.0
reference:nvt1,MY_PAPER_RELATED/gromacs_eval_pred_conductivity/reproducibility/static_cne0_release/examples/reference_Traj_13430/mdp/nvt1.mdp,vdwtype,Cut-off
reference:nvt1,MY_PAPER_RELATED/gromacs_eval_pred_conductivity/reproducibility/static_cne0_release/examples/reference_Traj_13430/mdp/nvt1.mdp,rvdw,1.0
reference:nvt1,MY_PAPER_RELATED/gromacs_eval_pred_conductivity/reproducibility/static_cne0_release/examples/reference_Traj_13430/mdp/nvt1.mdp,DispCorr,EnerPres
reference:nvt1,MY_PAPER_RELATED/gromacs_eval_pred_conductivity/reproducibility/static_cne0_release/examples/reference_Traj_13430/mdp/nvt1.mdp,fourierspacing,0.14
reference:nvt1,MY_PAPER_RELATED/gromacs_eval_pred_conductivity/reproducibility/static_cne0_release/examples/reference_Traj_13430/mdp/nvt1.mdp,pbc,xyz
reference:nvt1,MY_PAPER_RELATED/gromacs_eval_pred_conductivity/reproducibility/static_cne0_release/examples/reference_Traj_13430/mdp/nvt1.mdp,constraints,h-bonds
reference:nvt1,MY_PAPER_RELATED/gromacs_eval_pred_conductivity/reproducibility/static_cne0_release/examples/reference_Traj_13430/mdp/nvt1.mdp,constraint-algorithm,lincs
reference:nvt1,MY_PAPER_RELATED/gromacs_eval_pred_conductivity/reproducibility/static_cne0_release/examples/reference_Traj_13430/mdp/nvt1.mdp,lincs_iter,3
reference:nvt1,MY_PAPER_RELATED/gromacs_eval_pred_conductivity/reproducibility/static_cne0_release/examples/reference_Traj_13430/mdp/nvt1.mdp,lincs_order,8
reference:nvt1,MY_PAPER_RELATED/gromacs_eval_pred_conductivity/reproducibility/static_cne0_release/examples/reference_Traj_13430/mdp/nvt1.mdp,lincs-warnangle,30
reference:nvt1,MY_PAPER_RELATED/gromacs_eval_pred_conductivity/reproducibility/static_cne0_release/examples/reference_Traj_13430/mdp/nvt1.mdp,tcoupl,v-rescale
reference:nvt1,MY_PAPER_RELATED/gromacs_eval_pred_conductivity/reproducibility/static_cne0_release/examples/reference_Traj_13430/mdp/nvt1.mdp,tc-grps,System
reference:nvt1,MY_PAPER_RELATED/gromacs_eval_pred_conductivity/reproducibility/static_cne0_release/examples/reference_Traj_13430/mdp/nvt1.mdp,tau-t,5.00
reference:nvt1,MY_PAPER_RELATED/gromacs_eval_pred_conductivity/reproducibility/static_cne0_release/examples/reference_Traj_13430/mdp/nvt1.mdp,nstxout-compressed,500
reference:nvt1,MY_PAPER_RELATED/gromacs_eval_pred_conductivity/reproducibility/static_cne0_release/examples/reference_Traj_13430/mdp/nvt1.mdp,nstvout,0
reference:nvt1,MY_PAPER_RELATED/gromacs_eval_pred_conductivity/reproducibility/static_cne0_release/examples/reference_Traj_13430/mdp/nvt1.mdp,nstenergy,10000
reference:nvt1,MY_PAPER_RELATED/gromacs_eval_pred_conductivity/reproducibility/static_cne0_release/examples/reference_Traj_13430/mdp/nvt1.mdp,gen-vel,no
reference:nvt1,MY_PAPER_RELATED/gromacs_eval_pred_conductivity/reproducibility/static_cne0_release/examples/reference_Traj_13430/mdp/nvt1.mdp,nsteps,200000
reference:nvt1,MY_PAPER_RELATED/gromacs_eval_pred_conductivity/reproducibility/static_cne0_release/examples/reference_Traj_13430/mdp/nvt1.mdp,ref-t,353.0
reference:nvt1,MY_PAPER_RELATED/gromacs_eval_pred_conductivity/reproducibility/static_cne0_release/examples/reference_Traj_13430/mdp/nvt1.mdp,pcoupl,no
reference:nvt2,MY_PAPER_RELATED/gromacs_eval_pred_conductivity/reproducibility/static_cne0_release/examples/reference_Traj_13430/mdp/nvt2.mdp,integrator,md
reference:nvt2,MY_PAPER_RELATED/gromacs_eval_pred_conductivity/reproducibility/static_cne0_release/examples/reference_Traj_13430/mdp/nvt2.mdp,dt,0.001000
reference:nvt2,MY_PAPER_RELATED/gromacs_eval_pred_conductivity/reproducibility/static_cne0_release/examples/reference_Traj_13430/mdp/nvt2.mdp,cutoff-scheme,Verlet
reference:nvt2,MY_PAPER_RELATED/gromacs_eval_pred_conductivity/reproducibility/static_cne0_release/examples/reference_Traj_13430/mdp/nvt2.mdp,nstlist,20
reference:nvt2,MY_PAPER_RELATED/gromacs_eval_pred_conductivity/reproducibility/static_cne0_release/examples/reference_Traj_13430/mdp/nvt2.mdp,coulombtype,PME
reference:nvt2,MY_PAPER_RELATED/gromacs_eval_pred_conductivity/reproducibility/static_cne0_release/examples/reference_Traj_13430/mdp/nvt2.mdp,rcoulomb,1.0
reference:nvt2,MY_PAPER_RELATED/gromacs_eval_pred_conductivity/reproducibility/static_cne0_release/examples/reference_Traj_13430/mdp/nvt2.mdp,vdwtype,Cut-off
reference:nvt2,MY_PAPER_RELATED/gromacs_eval_pred_conductivity/reproducibility/static_cne0_release/examples/reference_Traj_13430/mdp/nvt2.mdp,rvdw,1.0
reference:nvt2,MY_PAPER_RELATED/gromacs_eval_pred_conductivity/reproducibility/static_cne0_release/examples/reference_Traj_13430/mdp/nvt2.mdp,DispCorr,EnerPres
reference:nvt2,MY_PAPER_RELATED/gromacs_eval_pred_conductivity/reproducibility/static_cne0_release/examples/reference_Traj_13430/mdp/nvt2.mdp,fourierspacing,0.14
reference:nvt2,MY_PAPER_RELATED/gromacs_eval_pred_conductivity/reproducibility/static_cne0_release/examples/reference_Traj_13430/mdp/nvt2.mdp,pbc,xyz
reference:nvt2,MY_PAPER_RELATED/gromacs_eval_pred_conductivity/reproducibility/static_cne0_release/examples/reference_Traj_13430/mdp/nvt2.mdp,constraints,h-bonds
reference:nvt2,MY_PAPER_RELATED/gromacs_eval_pred_conductivity/reproducibility/static_cne0_release/examples/reference_Traj_13430/mdp/nvt2.mdp,constraint-algorithm,lincs
reference:nvt2,MY_PAPER_RELATED/gromacs_eval_pred_conductivity/reproducibility/static_cne0_release/examples/reference_Traj_13430/mdp/nvt2.mdp,lincs_iter,3
reference:nvt2,MY_PAPER_RELATED/gromacs_eval_pred_conductivity/reproducibility/static_cne0_release/examples/reference_Traj_13430/mdp/nvt2.mdp,lincs_order,8
reference:nvt2,MY_PAPER_RELATED/gromacs_eval_pred_conductivity/reproducibility/static_cne0_release/examples/reference_Traj_13430/mdp/nvt2.mdp,lincs-warnangle,30
reference:nvt2,MY_PAPER_RELATED/gromacs_eval_pred_conductivity/reproducibility/static_cne0_release/examples/reference_Traj_13430/mdp/nvt2.mdp,tcoupl,v-rescale
reference:nvt2,MY_PAPER_RELATED/gromacs_eval_pred_conductivity/reproducibility/static_cne0_release/examples/reference_Traj_13430/mdp/nvt2.mdp,tc-grps,System
reference:nvt2,MY_PAPER_RELATED/gromacs_eval_pred_conductivity/reproducibility/static_cne0_release/examples/reference_Traj_13430/mdp/nvt2.mdp,tau-t,5.00
reference:nvt2,MY_PAPER_RELATED/gromacs_eval_pred_conductivity/reproducibility/static_cne0_release/examples/reference_Traj_13430/mdp/nvt2.mdp,nstxout-compressed,500
reference:nvt2,MY_PAPER_RELATED/gromacs_eval_pred_conductivity/reproducibility/static_cne0_release/examples/reference_Traj_13430/mdp/nvt2.mdp,nstvout,0
reference:nvt2,MY_PAPER_RELATED/gromacs_eval_pred_conductivity/reproducibility/static_cne0_release/examples/reference_Traj_13430/mdp/nvt2.mdp,nstenergy,10000
reference:nvt2,MY_PAPER_RELATED/gromacs_eval_pred_conductivity/reproducibility/static_cne0_release/examples/reference_Traj_13430/mdp/nvt2.mdp,gen-vel,no
reference:nvt2,MY_PAPER_RELATED/gromacs_eval_pred_conductivity/reproducibility/static_cne0_release/examples/reference_Traj_13430/mdp/nvt2.mdp,nsteps,800000
reference:nvt2,MY_PAPER_RELATED/gromacs_eval_pred_conductivity/reproducibility/static_cne0_release/examples/reference_Traj_13430/mdp/nvt2.mdp,ref-t,353.0
reference:nvt2,MY_PAPER_RELATED/gromacs_eval_pred_conductivity/reproducibility/static_cne0_release/examples/reference_Traj_13430/mdp/nvt2.mdp,pcoupl,no
reference:nvt2_pre,MY_PAPER_RELATED/gromacs_eval_pred_conductivity/reproducibility/static_cne0_release/examples/reference_Traj_13430/mdp/nvt2_pre.mdp,integrator,md
reference:nvt2_pre,MY_PAPER_RELATED/gromacs_eval_pred_conductivity/reproducibility/static_cne0_release/examples/reference_Traj_13430/mdp/nvt2_pre.mdp,dt,0.001000
reference:nvt2_pre,MY_PAPER_RELATED/gromacs_eval_pred_conductivity/reproducibility/static_cne0_release/examples/reference_Traj_13430/mdp/nvt2_pre.mdp,cutoff-scheme,Verlet
reference:nvt2_pre,MY_PAPER_RELATED/gromacs_eval_pred_conductivity/reproducibility/static_cne0_release/examples/reference_Traj_13430/mdp/nvt2_pre.mdp,nstlist,20
reference:nvt2_pre,MY_PAPER_RELATED/gromacs_eval_pred_conductivity/reproducibility/static_cne0_release/examples/reference_Traj_13430/mdp/nvt2_pre.mdp,coulombtype,PME
reference:nvt2_pre,MY_PAPER_RELATED/gromacs_eval_pred_conductivity/reproducibility/static_cne0_release/examples/reference_Traj_13430/mdp/nvt2_pre.mdp,rcoulomb,1.0
reference:nvt2_pre,MY_PAPER_RELATED/gromacs_eval_pred_conductivity/reproducibility/static_cne0_release/examples/reference_Traj_13430/mdp/nvt2_pre.mdp,vdwtype,Cut-off
reference:nvt2_pre,MY_PAPER_RELATED/gromacs_eval_pred_conductivity/reproducibility/static_cne0_release/examples/reference_Traj_13430/mdp/nvt2_pre.mdp,rvdw,1.0
reference:nvt2_pre,MY_PAPER_RELATED/gromacs_eval_pred_conductivity/reproducibility/static_cne0_release/examples/reference_Traj_13430/mdp/nvt2_pre.mdp,DispCorr,EnerPres
reference:nvt2_pre,MY_PAPER_RELATED/gromacs_eval_pred_conductivity/reproducibility/static_cne0_release/examples/reference_Traj_13430/mdp/nvt2_pre.mdp,fourierspacing,0.14
reference:nvt2_pre,MY_PAPER_RELATED/gromacs_eval_pred_conductivity/reproducibility/static_cne0_release/examples/reference_Traj_13430/mdp/nvt2_pre.mdp,pbc,xyz
reference:nvt2_pre,MY_PAPER_RELATED/gromacs_eval_pred_conductivity/reproducibility/static_cne0_release/examples/reference_Traj_13430/mdp/nvt2_pre.mdp,constraints,h-bonds
reference:nvt2_pre,MY_PAPER_RELATED/gromacs_eval_pred_conductivity/reproducibility/static_cne0_release/examples/reference_Traj_13430/mdp/nvt2_pre.mdp,constraint-algorithm,lincs
reference:nvt2_pre,MY_PAPER_RELATED/gromacs_eval_pred_conductivity/reproducibility/static_cne0_release/examples/reference_Traj_13430/mdp/nvt2_pre.mdp,lincs_iter,3
reference:nvt2_pre,MY_PAPER_RELATED/gromacs_eval_pred_conductivity/reproducibility/static_cne0_release/examples/reference_Traj_13430/mdp/nvt2_pre.mdp,lincs_order,8
reference:nvt2_pre,MY_PAPER_RELATED/gromacs_eval_pred_conductivity/reproducibility/static_cne0_release/examples/reference_Traj_13430/mdp/nvt2_pre.mdp,lincs-warnangle,30
reference:nvt2_pre,MY_PAPER_RELATED/gromacs_eval_pred_conductivity/reproducibility/static_cne0_release/examples/reference_Traj_13430/mdp/nvt2_pre.mdp,tcoupl,v-rescale
reference:nvt2_pre,MY_PAPER_RELATED/gromacs_eval_pred_conductivity/reproducibility/static_cne0_release/examples/reference_Traj_13430/mdp/nvt2_pre.mdp,tc-grps,System
reference:nvt2_pre,MY_PAPER_RELATED/gromacs_eval_pred_conductivity/reproducibility/static_cne0_release/examples/reference_Traj_13430/mdp/nvt2_pre.mdp,tau-t,5.00
reference:nvt2_pre,MY_PAPER_RELATED/gromacs_eval_pred_conductivity/reproducibility/static_cne0_release/examples/reference_Traj_13430/mdp/nvt2_pre.mdp,nstxout-compressed,500
reference:nvt2_pre,MY_PAPER_RELATED/gromacs_eval_pred_conductivity/reproducibility/static_cne0_release/examples/reference_Traj_13430/mdp/nvt2_pre.mdp,nstvout,0
reference:nvt2_pre,MY_PAPER_RELATED/gromacs_eval_pred_conductivity/reproducibility/static_cne0_release/examples/reference_Traj_13430/mdp/nvt2_pre.mdp,nstenergy,10000
reference:nvt2_pre,MY_PAPER_RELATED/gromacs_eval_pred_conductivity/reproducibility/static_cne0_release/examples/reference_Traj_13430/mdp/nvt2_pre.mdp,gen-vel,no
reference:nvt2_pre,MY_PAPER_RELATED/gromacs_eval_pred_conductivity/reproducibility/static_cne0_release/examples/reference_Traj_13430/mdp/nvt2_pre.mdp,nsteps,200000
reference:nvt2_pre,MY_PAPER_RELATED/gromacs_eval_pred_conductivity/reproducibility/static_cne0_release/examples/reference_Traj_13430/mdp/nvt2_pre.mdp,ref-t,353.0
reference:nvt2_pre,MY_PAPER_RELATED/gromacs_eval_pred_conductivity/reproducibility/static_cne0_release/examples/reference_Traj_13430/mdp/nvt2_pre.mdp,pcoupl,no
reference:nvt2_pre,MY_PAPER_RELATED/gromacs_eval_pred_conductivity/reproducibility/static_cne0_release/examples/reference_Traj_13430/mdp/nvt2_pre.mdp,define,-DPOSRES
reference:production,MY_PAPER_RELATED/gromacs_eval_pred_conductivity/reproducibility/static_cne0_release/examples/reference_Traj_13430/mdp/production.mdp,integrator,md
reference:production,MY_PAPER_RELATED/gromacs_eval_pred_conductivity/reproducibility/static_cne0_release/examples/reference_Traj_13430/mdp/production.mdp,dt,0.002000
reference:production,MY_PAPER_RELATED/gromacs_eval_pred_conductivity/reproducibility/static_cne0_release/examples/reference_Traj_13430/mdp/production.mdp,cutoff-scheme,Verlet
reference:production,MY_PAPER_RELATED/gromacs_eval_pred_conductivity/reproducibility/static_cne0_release/examples/reference_Traj_13430/mdp/production.mdp,nstlist,20
reference:production,MY_PAPER_RELATED/gromacs_eval_pred_conductivity/reproducibility/static_cne0_release/examples/reference_Traj_13430/mdp/production.mdp,coulombtype,PME
reference:production,MY_PAPER_RELATED/gromacs_eval_pred_conductivity/reproducibility/static_cne0_release/examples/reference_Traj_13430/mdp/production.mdp,rcoulomb,1.0
reference:production,MY_PAPER_RELATED/gromacs_eval_pred_conductivity/reproducibility/static_cne0_release/examples/reference_Traj_13430/mdp/production.mdp,vdwtype,Cut-off
reference:production,MY_PAPER_RELATED/gromacs_eval_pred_conductivity/reproducibility/static_cne0_release/examples/reference_Traj_13430/mdp/production.mdp,rvdw,1.0
reference:production,MY_PAPER_RELATED/gromacs_eval_pred_conductivity/reproducibility/static_cne0_release/examples/reference_Traj_13430/mdp/production.mdp,DispCorr,EnerPres
reference:production,MY_PAPER_RELATED/gromacs_eval_pred_conductivity/reproducibility/static_cne0_release/examples/reference_Traj_13430/mdp/production.mdp,fourierspacing,0.14
reference:production,MY_PAPER_RELATED/gromacs_eval_pred_conductivity/reproducibility/static_cne0_release/examples/reference_Traj_13430/mdp/production.mdp,pbc,xyz
reference:production,MY_PAPER_RELATED/gromacs_eval_pred_conductivity/reproducibility/static_cne0_release/examples/reference_Traj_13430/mdp/production.mdp,constraints,h-bonds
reference:production,MY_PAPER_RELATED/gromacs_eval_pred_conductivity/reproducibility/static_cne0_release/examples/reference_Traj_13430/mdp/production.mdp,constraint-algorithm,lincs
reference:production,MY_PAPER_RELATED/gromacs_eval_pred_conductivity/reproducibility/static_cne0_release/examples/reference_Traj_13430/mdp/production.mdp,lincs_iter,3
reference:production,MY_PAPER_RELATED/gromacs_eval_pred_conductivity/reproducibility/static_cne0_release/examples/reference_Traj_13430/mdp/production.mdp,lincs_order,8
reference:production,MY_PAPER_RELATED/gromacs_eval_pred_conductivity/reproducibility/static_cne0_release/examples/reference_Traj_13430/mdp/production.mdp,lincs-warnangle,30
reference:production,MY_PAPER_RELATED/gromacs_eval_pred_conductivity/reproducibility/static_cne0_release/examples/reference_Traj_13430/mdp/production.mdp,tcoupl,nose-hoover
reference:production,MY_PAPER_RELATED/gromacs_eval_pred_conductivity/reproducibility/static_cne0_release/examples/reference_Traj_13430/mdp/production.mdp,tc-grps,System
reference:production,MY_PAPER_RELATED/gromacs_eval_pred_conductivity/reproducibility/static_cne0_release/examples/reference_Traj_13430/mdp/production.mdp,tau-t,2.00
reference:production,MY_PAPER_RELATED/gromacs_eval_pred_conductivity/reproducibility/static_cne0_release/examples/reference_Traj_13430/mdp/production.mdp,nstxout-compressed,500
reference:production,MY_PAPER_RELATED/gromacs_eval_pred_conductivity/reproducibility/static_cne0_release/examples/reference_Traj_13430/mdp/production.mdp,nstvout,0
reference:production,MY_PAPER_RELATED/gromacs_eval_pred_conductivity/reproducibility/static_cne0_release/examples/reference_Traj_13430/mdp/production.mdp,nstenergy,10000
reference:production,MY_PAPER_RELATED/gromacs_eval_pred_conductivity/reproducibility/static_cne0_release/examples/reference_Traj_13430/mdp/production.mdp,gen-vel,no
reference:production,MY_PAPER_RELATED/gromacs_eval_pred_conductivity/reproducibility/static_cne0_release/examples/reference_Traj_13430/mdp/production.mdp,nsteps,25000000
reference:production,MY_PAPER_RELATED/gromacs_eval_pred_conductivity/reproducibility/static_cne0_release/examples/reference_Traj_13430/mdp/production.mdp,ref-t,353.0
reference:production,MY_PAPER_RELATED/gromacs_eval_pred_conductivity/reproducibility/static_cne0_release/examples/reference_Traj_13430/mdp/production.mdp,pcoupl,no
reference:production,MY_PAPER_RELATED/gromacs_eval_pred_conductivity/reproducibility/static_cne0_release/examples/reference_Traj_13430/mdp/production.mdp,nstxout,0
