Trajectory ID,SMILES,PSMILES,canonical_psmiles,CONDUCTIVITY,log10_cond,fold,pred_log10_cond
9425,COCC(CNCC(CF)OC(=O)*)O*,COCC(CNCC(CF)OC(=O)[*])O[*],[*]CNCC(CF)OC(=O)OC([*])COC,7.57e-05,-4.120904120499927,1,-4.034734129109112
9426,O=C(CCNC(=O)COC(=O)*)NCCN*,O=C(CCNC(=O)COC(=O)[*])NCCN[*],[*]CCNC(=O)COC(=O)NCCNC([*])=O,6.95e-05,-4.158015195409886,3,-4.084782383188827
9427,NC(=O)C(COC(=O)*)NC(=O)CCO*,NC(=O)C(COC(=O)[*])NC(=O)CCO[*],[*]COC(=O)OCCC(=O)NC([*])C(N)=O,0.000104,-3.98296666070122,1,-4.111837247180843
9428,CC(COC(=O)*)COC(=O)C(C)(C)CO*,CC(COC(=O)[*])COC(=O)C(C)(C)CO[*],[*]COC(=O)OCC(C)(C)C(=O)OCC([*])C,2.65e-05,-4.576754126063192,2,-4.3763267531156185
9429,COC(=O)CC(=O)NC(CO*)COC(=O)*,COC(=O)CC(=O)NC(CO[*])COC(=O)[*],[*]COC(=O)OCC([*])NC(=O)CC(=O)OC,3.85e-05,-4.414539270491499,3,-4.3803625836901245
9430,COC(=O)CC(=O)NCC(CO*)OC(=O)*,COC(=O)CC(=O)NCC(CO[*])OC(=O)[*],[*]COC(=O)OC([*])CNC(=O)CC(=O)OC,4.11e-05,-4.386158178123931,2,-4.343349925189367
9431,CC(O*)C(=O)NC(C)C(C)(C)OC(=O)*,CC(O[*])C(=O)NC(C)C(C)(C)OC(=O)[*],[*]OC(=O)OC(C)(C)C(C)NC(=O)C([*])C,2.77e-05,-4.557520230935552,1,-4.4069729211885065
9432,CC(CCN(C)C(=O)CCN*)OC(=O)*,CC(CCN(C)C(=O)CCN[*])OC(=O)[*],[*]CCN(C)C(=O)CCNC(=O)OC([*])C,3.18e-05,-4.497572880015567,1,-4.321938272295034
9433,CC(CNC(COC(=O)*)C(N)=O)O*,CC(CNC(COC(=O)[*])C(N)=O)O[*],[*]CNC(COC(=O)OC([*])C)C(N)=O,8.46e-05,-4.0726296369609765,2,-4.333683143810853
9434,CC(C)NC(=O)NCC(COC(=O)*)O*,CC(C)NC(=O)NCC(COC(=O)[*])O[*],[*]COC(=O)OC([*])CNC(=O)NC(C)C,7.25e-05,-4.139661993429006,1,-4.409260146544823
9435,CC(CO*)(COC(=O)*)NC(=O)CC#N,CC(CO[*])(COC(=O)[*])NC(=O)CC#N,[*]COC(=O)OCC([*])(C)NC(=O)CC#N,5.64e-05,-4.248720896016658,2,-4.428142728730766
9436,CSCC(CNCC(C)O*)OC(=O)*,CSCC(CNCC(C)O[*])OC(=O)[*],[*]CNCC(C)OC(=O)OC([*])CSC,6.82e-05,-4.166215625343521,2,-4.077426551434781
9437,C#CCC(N*)C(=O)NCCNC(=O)*,C#CCC(N[*])C(=O)NCCNC(=O)[*],[*]NC(=O)NCCNC(=O)C([*])CC#C,7.16e-05,-4.145086977692144,1,-4.257590518753189
9438,CCCN(CC(C)OC(=O)*)C(C)CO*,CCCN(CC(C)OC(=O)[*])C(C)CO[*],[*]CC(C)OC(=O)OCC(C)N([*])CCC,3.39e-05,-4.4698003017969175,1,-4.411046729245901
9439,COCCC(COC(=O)*)NC(=O)CCO*,COCCC(COC(=O)[*])NC(=O)CCO[*],[*]COC(=O)OCCC(=O)NC([*])CCOC,6.46e-05,-4.189767482004916,1,-3.9970193501443947
9440,CC(CN(C)CC(C)(O*)C(F)F)OC(=O)*,CC(CN(C)CC(C)(O[*])C(F)F)OC(=O)[*],[*]CN(C)CC(C)(OC(=O)OC([*])C)C(F)F,8.85e-05,-4.053056729302175,2,-4.2173184375760195
9441,CCN(CCCCO*)CCNC(=O)*,CCN(CCCCO[*])CCNC(=O)[*],[*]CCCCOC(=O)NCCN([*])CC,0.000119,-3.924453038607469,3,-3.9384133577430442
9442,CCOCCNC(=O)C(CO*)NC(=O)*,CCOCCNC(=O)C(CO[*])NC(=O)[*],[*]COC(=O)NC([*])C(=O)NCCOCC,6.73e-05,-4.171984935776023,0,-4.067639502235641
9443,CCCN(CCO*)CCC(C)(C)OC(=O)*,CCCN(CCO[*])CCC(C)(C)OC(=O)[*],[*]CCOC(=O)OC(C)(C)CCN([*])CCC,5.65e-05,-4.247951552180561,1,-4.361250034503449
9444,CCCC(CC)NCC(COC(=O)*)O*,CCCC(CC)NCC(COC(=O)[*])O[*],[*]COC(=O)OC([*])CNC(CC)CCC,1.53e-05,-4.815308569182402,3,-4.459913874165499
9445,COCNC(=S)NC(CO*)COC(=O)*,COCNC(=S)NC(CO[*])COC(=O)[*],[*]COC(=O)OCC([*])NC(=S)NCOC,7.37e-05,-4.132532512140949,3,-4.346474732911541
9446,CCC(C(=O)N(C)CCOC(=O)*)C(C)O*,CCC(C(=O)N(C)CCOC(=O)[*])C(C)O[*],[*]C(=O)N(C)CCOC(=O)OC(C)C([*])CC,3.14e-05,-4.503070351926785,2,-4.3395602780407065
9447,CCCC(CC)N(CCN*)CCNC(=O)*,CCCC(CC)N(CCN[*])CCNC(=O)[*],[*]CCNC(=O)NCCN([*])C(CC)CCC,8.89e-05,-4.051098239029787,2,-4.384008808254504
9448,COC(=O)NC(CO*)COC(=O)*,COC(=O)NC(CO[*])COC(=O)[*],[*]COC(=O)OCC([*])NC(=O)OC,3.72e-05,-4.429457060118103,2,-4.234405454296667
9449,C=C(CO*)C(=O)NC(C)(C)CCOC(=O)*,C=C(CO[*])C(=O)NC(C)(C)CCOC(=O)[*],[*]COC(=O)OCCC(C)(C)NC(=O)C([*])=C,5.74e-05,-4.241088107602026,3,-4.231207163642106
9450,CCCCCC(=O)NC(CO*)COC(=O)*,CCCCCC(=O)NC(CO[*])COC(=O)[*],[*]COC(=O)OCC([*])NC(=O)CCCCC,4.34e-05,-4.36251027048749,3,-4.300458134764418
9451,CC(C)C(O*)C(=O)N(C)CCOC(=O)*,CC(C)C(O[*])C(=O)N(C)CCOC(=O)[*],[*]OC(=O)OCCN(C)C(=O)C([*])C(C)C,5.73e-05,-4.24184537803261,3,-4.326435363792109
9452,CN(CCO*)C(=O)CCOC(=O)*,CN(CCO[*])C(=O)CCOC(=O)[*],[*]CCOC(=O)OCCC(=O)N([*])C,0.000129,-3.889410289700751,1,-4.134327570142426
9453,COC(=O)C(C)N(C)CC(CO*)OC(=O)*,COC(=O)C(C)N(C)CC(CO[*])OC(=O)[*],[*]COC(=O)OC([*])CN(C)C(C)C(=O)OC,6.21e-05,-4.20690839982342,2,-4.284304510651068
9454,CNC(=S)NC(COC(=O)*)C(C)O*,CNC(=S)NC(COC(=O)[*])C(C)O[*],[*]COC(=O)OC(C)C([*])NC(=S)NC,2.23e-05,-4.651695136951839,1,-4.46902648337144
9455,CC(CNC(=O)CCCCCN*)NC(=O)*,CC(CNC(=O)CCCCCN[*])NC(=O)[*],[*]CNC(=O)CCCCCNC(=O)NC([*])C,6.54e-05,-4.184422251675732,2,-4.223580848032832
9456,CC(CN*)C(=O)NC(C)(C)COC(=O)*,CC(CN[*])C(=O)NC(C)(C)COC(=O)[*],[*]CNC(=O)OCC(C)(C)NC(=O)C([*])C,6.64e-05,-4.177831920631983,2,-4.333316406358582
9457,CC(COC(=O)*)CS(=O)(=O)CCCO*,CC(COC(=O)[*])CS(=O)(=O)CCCO[*],[*]COC(=O)OCCCS(=O)(=O)CC([*])C,6.93e-05,-4.159266765388193,2,-4.216547949425294
9458,COCC(NC(=O)*)C(=O)NCCC(C)N*,COCC(NC(=O)[*])C(=O)NCCC(C)N[*],[*]NC(=O)NC(C)CCNC(=O)C([*])COC,3.98e-05,-4.400116927926312,1,-4.333233934181385
9459,CCCCC(NC(=O)*)C(=O)NCCCO*,CCCCC(NC(=O)[*])C(=O)NCCCO[*],[*]NC(=O)OCCCNC(=O)C([*])CCCC,4.28e-05,-4.368556230986828,0,-4.343354221603414
9460,CC(C)C(O*)C(=O)NC(C#N)COC(=O)*,CC(C)C(O[*])C(=O)NC(C#N)COC(=O)[*],[*]OC(=O)OCC(C#N)NC(=O)C([*])C(C)C,2.7e-05,-4.568636235841013,1,-4.343211005736567
9461,CC(CNC(=O)*)N(C)C(=O)COCCN*,CC(CNC(=O)[*])N(C)C(=O)COCCN[*],[*]CNC(=O)NCCOCC(=O)N(C)C([*])C,0.000116,-3.9355420107730814,1,-4.191994072135348
9462,CNC(=O)C(CNCC(C)OC(=O)*)O*,CNC(=O)C(CNCC(C)OC(=O)[*])O[*],[*]CNCC(C)OC(=O)OC([*])C(=O)NC,4.89e-05,-4.31069114087638,2,-4.211372802939479
9463,CC(CCOC(=O)*)S(=O)(=O)CCO*,CC(CCOC(=O)[*])S(=O)(=O)CCO[*],[*]CCOC(=O)OCCS(=O)(=O)C([*])C,9.73e-05,-4.011887159731648,1,-4.057128817602808
9464,C=C(Cl)CN(C)CC(CNC(=O)*)O*,C=C(Cl)CN(C)CC(CNC(=O)[*])O[*],[*]CNC(=O)OC([*])CN(C)CC(=C)Cl,6.15e-05,-4.211124884224583,0,-4.227971367071552
9465,CCC(C)(CO*)NC(=O)COC(=O)*,CCC(C)(CO[*])NC(=O)COC(=O)[*],[*]COC(=O)OCC(=O)NC([*])(C)CC,4.19e-05,-4.377785977033705,3,-4.446335798003922
9466,CC(C#N)C(=O)N(C)CC(COC(=O)*)O*,CC(C#N)C(=O)N(C)CC(COC(=O)[*])O[*],[*]COC(=O)OC([*])CN(C)C(=O)C(C)C#N,5.25e-05,-4.279840696594043,0,-4.379945252695708
9467,CCC(CNC(=O)COCCN*)NC(=O)*,CCC(CNC(=O)COCCN[*])NC(=O)[*],[*]CNC(=O)COCCNC(=O)NC([*])CC,7.62e-05,-4.1180450286604,3,-4.09657686548775
9468,C=CC(CCNC(=O)*)O*,C=CC(CCNC(=O)[*])O[*],[*]CCNC(=O)OC([*])C=C,4.14e-05,-4.382999658879101,1,-4.177121441676587
9469,CC(CC(=O)NCCCO*)NC(=O)*,CC(CC(=O)NCCCO[*])NC(=O)[*],[*]CC(=O)NCCCOC(=O)NC([*])C,4.82e-05,-4.31695296176115,2,-4.222666909584728
9470,CC#CC(=O)NCC(COC(=O)*)O*,CC#CC(=O)NCC(COC(=O)[*])O[*],[*]COC(=O)OC([*])CNC(=O)C#CC,4.9e-05,-4.309803919971486,2,-4.239791043852972
9471,CC(CO*)(COC(=O)*)C(=O)OCC(F)F,CC(CO[*])(COC(=O)[*])C(=O)OCC(F)F,[*]COC(=O)OCC([*])(C)C(=O)OCC(F)F,3.67e-05,-4.435333935747911,2,-4.521933756683129
9472,CCCC(CC)NCC(CN*)OC(=O)*,CCCC(CC)NCC(CN[*])OC(=O)[*],[*]CNC(=O)OC([*])CNC(CC)CCC,3.7e-05,-4.431798275933005,2,-4.491890352808145
9473,CC(N*)C(=O)N(C)CCCNC(=O)*,CC(N[*])C(=O)N(C)CCCNC(=O)[*],[*]NC(=O)NCCCN(C)C(=O)C([*])C,3.51e-05,-4.454692883534176,3,-4.3048105550633
9474,CC(C)(CO*)NC(=O)COC(=O)*,CC(C)(CO[*])NC(=O)COC(=O)[*],[*]COC(=O)OCC(=O)NC([*])(C)C,6.66e-05,-4.176525770829699,1,-4.2605162160501395
9475,CC(CCCNC(=O)C(C)OC(=O)*)O*,CC(CCCNC(=O)C(C)OC(=O)[*])O[*],[*]CCCNC(=O)C(C)OC(=O)OC([*])C,5.25e-05,-4.279840696594043,0,-4.245245913824776
9476,CC(COC(=O)CCCC(C)OC(=O)*)O*,CC(COC(=O)CCCC(C)OC(=O)[*])O[*],[*]CCCC(=O)OCC(C)OC(=O)OC([*])C,3.51e-05,-4.454692883534176,3,-4.341861206675304
9477,CCCCC(CN*)NC(=O)CNC(=O)*,CCCCC(CN[*])NC(=O)CNC(=O)[*],[*]CNC(=O)NCC(=O)NC([*])CCCC,4.51e-05,-4.345823458122039,3,-4.236690459960099
9478,CCC(C)C(=O)N(C)CC(COC(=O)*)O*,CCC(C)C(=O)N(C)CC(COC(=O)[*])O[*],[*]COC(=O)OC([*])CN(C)C(=O)C(C)CC,4.18e-05,-4.3788237182249645,3,-4.302912976711171
9479,CC#CCOC(=O)C(C)(CO*)COC(=O)*,CC#CCOC(=O)C(C)(CO[*])COC(=O)[*],[*]COC(=O)OCC([*])(C)C(=O)OCC#CC,1.66e-05,-4.779891911959945,2,-4.637728937227839
9480,CSCCN(C)CC(CO*)OC(=O)*,CSCCN(C)CC(CO[*])OC(=O)[*],[*]COC(=O)OC([*])CN(C)CCSC,0.000127,-3.896196279044043,2,-4.095335005560678
9481,CCC(NC(=O)C(C)(C)OC(=O)*)C(C)O*,CCC(NC(=O)C(C)(C)OC(=O)[*])C(C)O[*],[*]NC(=O)C(C)(C)OC(=O)OC(C)C([*])CC,7.2e-05,-4.142667503568732,0,-4.517128238871039
9482,CCCCCNC(CO*)COC(=O)*,CCCCCNC(CO[*])COC(=O)[*],[*]COC(=O)OCC([*])NCCCCC,3.13e-05,-4.504455662453552,1,-4.313995294406971
9483,CCNC(C)C(=O)NCC(CN*)OC(=O)*,CCNC(C)C(=O)NCC(CN[*])OC(=O)[*],[*]CNC(=O)OC([*])CNC(=O)C(C)NCC,4.96e-05,-4.304518323509803,1,-4.2222405201038535
9484,CC(CCOC(=O)*)NC(=O)CCN*,CC(CCOC(=O)[*])NC(=O)CCN[*],[*]CCOC(=O)NCCC(=O)NC([*])C,6.4e-05,-4.1938200260161125,1,-4.2044596036557795
9486,CCNC(C)CNC(=O)C(CO*)NC(=O)*,CCNC(C)CNC(=O)C(CO[*])NC(=O)[*],[*]COC(=O)NC([*])C(=O)NCC(C)NCC,4.55e-05,-4.341988603342887,2,-4.333766706566471
9487,CC(COC(=O)C(C)(C)OC(=O)*)O*,CC(COC(=O)C(C)(C)OC(=O)[*])O[*],[*]COC(=O)C(C)(C)OC(=O)OC([*])C,6.34e-05,-4.197910742118268,1,-4.342452092669163
9488,CC(CCNC(=O)C(OC(=O)*)C(C)C)O*,CC(CCNC(=O)C(OC(=O)[*])C(C)C)O[*],[*]CCNC(=O)C(OC(=O)OC([*])C)C(C)C,4.69e-05,-4.328827157284917,1,-4.477020776802684
9489,COCC(C)(CO*)NCCC(C)OC(=O)*,COCC(C)(CO[*])NCCC(C)OC(=O)[*],[*]COC(=O)OC(C)CCNC([*])(C)COC,5.93e-05,-4.226945306635737,2,-4.293961056492427
9490,COCC(CNC(C)C(C)OC(=O)*)O*,COCC(CNC(C)C(C)OC(=O)[*])O[*],[*]CNC(C)C(C)OC(=O)OC([*])COC,9.2e-05,-4.036212172654444,2,-4.082163067287009
9491,O=C(O)CCCN(CCNC(=O)*)CCO*,O=C(O)CCCN(CCNC(=O)[*])CCO[*],[*]CCNC(=O)OCCN([*])CCCC(=O)O,6.03e-05,-4.219682687859849,1,-4.09757421341754
9492,CC(OC(=O)*)C(=O)NC(CO*)CC(F)F,CC(OC(=O)[*])C(=O)NC(CO[*])CC(F)F,[*]OC(=O)OCC(CC(F)F)NC(=O)C([*])C,5.98e-05,-4.223298816011589,3,-4.358614047954128
9493,CC(CN*)C(=O)N(C)C(C)CNC(=O)*,CC(CN[*])C(=O)N(C)C(C)CNC(=O)[*],[*]CNC(=O)NCC(C)N(C)C(=O)C([*])C,3.18e-05,-4.497572880015567,2,-4.412261326654388
9494,CCC(CO*)NCC(OC(=O)*)C(=O)OC,CCC(CO[*])NCC(OC(=O)[*])C(=O)OC,[*]COC(=O)OC(CNC([*])CC)C(=O)OC,3.66e-05,-4.436518914605589,2,-4.376502724673169
9496,COCC(CCO*)NC(C)CCOC(=O)*,COCC(CCO[*])NC(C)CCOC(=O)[*],[*]CCOC(=O)OCCC(C)NC([*])COC,0.000116,-3.9355420107730814,3,-3.9931020762133156
9497,CC(CN(C)C(=O)CC(C)(C)OC(=O)*)O*,CC(CN(C)C(=O)CC(C)(C)OC(=O)[*])O[*],[*]CN(C)C(=O)CC(C)(C)OC(=O)OC([*])C,1.17e-05,-4.931814138253839,1,-4.485323281485202
9498,CC(CNC(=O)*)CNC(=O)C(C)(C)N*,CC(CNC(=O)[*])CNC(=O)C(C)(C)N[*],[*]CNC(=O)NC(C)(C)C(=O)NCC([*])C,5.95e-05,-4.22548303427145,0,-4.365478052173285
9499,CCCCCC(O*)C(OC(=O)*)C(=O)O,CCCCCC(O[*])C(OC(=O)[*])C(=O)O,[*]OC(=O)OC(C(=O)O)C([*])CCCCC,1.04e-05,-4.982966660701219,2,-4.544783031054203
9500,CC(CCN(C)CCN*)OC(=O)*,CC(CCN(C)CCN[*])OC(=O)[*],[*]CCN(C)CCNC(=O)OC([*])C,9.05e-05,-4.043351420794797,3,-4.0830645987719105
9501,CC(C)N(CC(=O)O)CC(CO*)OC(=O)*,CC(C)N(CC(=O)O)CC(CO[*])OC(=O)[*],[*]COC(=O)OC([*])CN(CC(=O)O)C(C)C,5.78e-05,-4.238072161579471,1,-4.318155627501378
9502,CC(C)(CCC(=O)NCCN*)NC(=O)*,CC(C)(CCC(=O)NCCN[*])NC(=O)[*],[*]CCC(=O)NCCNC(=O)NC([*])(C)C,9.01e-05,-4.045275209020937,2,-4.1782555806427935
9503,CC(COC(=O)*)N(C)C(=O)CC(C)(C)O*,CC(COC(=O)[*])N(C)C(=O)CC(C)(C)O[*],[*]COC(=O)OC(C)(C)CC(=O)N(C)C([*])C,3.03e-05,-4.518557371497695,0,-4.463406063029115
9504,CCC(CNC(=O)CNCCNC(=O)*)N*,CCC(CNC(=O)CNCCNC(=O)[*])N[*],[*]CNC(=O)CNCCNC(=O)NC([*])CC,6.76e-05,-4.170053304058364,0,-4.033612237688452
9505,CC(CO*)(COC(=O)*)CSCC(N)=O,CC(CO[*])(COC(=O)[*])CSCC(N)=O,[*]COC(=O)OCC([*])(C)CSCC(N)=O,0.000107,-3.9706162223147903,3,-4.1770938020053645
9506,CC(CNC(=O)*)CNC(=O)CC(C)N*,CC(CNC(=O)[*])CNC(=O)CC(C)N[*],[*]CNC(=O)CC(C)NC(=O)NCC([*])C,4.6e-05,-4.337242168318426,2,-4.380714832092107
9507,CC(O*)C(=O)N(C)CC(C)(C)OC(=O)*,CC(O[*])C(=O)N(C)CC(C)(C)OC(=O)[*],[*]OC(=O)OC(C)(C)CN(C)C(=O)C([*])C,2.9e-05,-4.537602002101044,2,-4.488865014781322
9508,CCC(NC(=O)*)C(=O)NCC(C)N*,CCC(NC(=O)[*])C(=O)NCC(C)N[*],[*]NC(=O)NC(C)CNC(=O)C([*])CC,3.59e-05,-4.444905551421681,0,-4.306464410313924
9509,CC(O*)C(NC(=O)*)C(O)=NO,CC(O[*])C(NC(=O)[*])C(O)=NO,[*]OC(=O)NC(C(O)=NO)C([*])C,3.84e-05,-4.4156687756324695,1,-4.329948940283924
9510,CC#CCC(COC(=O)*)NCC(C)O*,CC#CCC(COC(=O)[*])NCC(C)O[*],[*]COC(=O)OC(C)CNC([*])CC#CC,4.69e-05,-4.328827157284917,1,-4.362681604044552
9511,CN(CC(=O)O)CC(COC(=O)*)O*,CN(CC(=O)O)CC(COC(=O)[*])O[*],[*]COC(=O)OC([*])CN(C)CC(=O)O,3.83e-05,-4.416801226031377,1,-4.283690577927235
9512,CC(C)C(=O)NC(C)(CO*)COC(=O)*,CC(C)C(=O)NC(C)(CO[*])COC(=O)[*],[*]COC(=O)OCC([*])(C)NC(=O)C(C)C,4.79e-05,-4.319664486585437,2,-4.342829100157495
9513,CC(OC(=O)*)C(CO*)NC(=O)C(C)(C)C,CC(OC(=O)[*])C(CO[*])NC(=O)C(C)(C)C,[*]OC(=O)OCC(NC(=O)C(C)(C)C)C([*])C,4.8e-05,-4.318758762624412,2,-4.390197341034827
9514,CC(CN(C)C(C)CO*)OC(=O)*,CC(CN(C)C(C)CO[*])OC(=O)[*],[*]CN(C)C(C)COC(=O)OC([*])C,5.51e-05,-4.258848401148215,0,-4.203939411587116
9515,CC(CS(=O)(=O)C(C)CO*)OC(=O)*,CC(CS(=O)(=O)C(C)CO[*])OC(=O)[*],[*]CS(=O)(=O)C(C)COC(=O)OC([*])C,5.32e-05,-4.274088367704952,2,-4.301401763465091
9516,CC(OC(=O)*)C(=O)NCC(F)(F)CO*,CC(OC(=O)[*])C(=O)NCC(F)(F)CO[*],[*]OC(=O)OCC(F)(F)CNC(=O)C([*])C,8.33e-05,-4.079354998593212,0,-4.259958086515738
9517,CCC(CO*)NCC(CC)OC(=O)*,CCC(CO[*])NCC(CC)OC(=O)[*],[*]COC(=O)OC(CC)CNC([*])CC,5.35e-05,-4.271646217978772,2,-4.26321124973565
9518,CCC(COC(=O)*)NC(=O)C(C)(C)CN*,CCC(COC(=O)[*])NC(=O)C(C)(C)CN[*],[*]COC(=O)NCC(C)(C)C(=O)NC([*])CC,3.12e-05,-4.505845405981558,1,-4.340348313570819
9519,CC(CNCCCCCCO*)OC(=O)*,CC(CNCCCCCCO[*])OC(=O)[*],[*]CNCCCCCCOC(=O)OC([*])C,6.31e-05,-4.199970640755866,3,-4.104114928593879
9521,CCC(CNC(=O)CC(CC)OC(=O)*)O*,CCC(CNC(=O)CC(CC)OC(=O)[*])O[*],[*]CNC(=O)CC(CC)OC(=O)OC([*])CC,6.51e-05,-4.186419011431808,2,-4.2474406764799815
9522,CCC(C)C(=O)NCC(CN*)OC(=O)*,CCC(C)C(=O)NCC(CN[*])OC(=O)[*],[*]CNC(=O)OC([*])CNC(=O)C(C)CC,2.3e-05,-4.638272163982407,0,-4.278070780311083
9523,CC(CNC(=O)C(C)CNC(=O)*)N*,CC(CNC(=O)C(C)CNC(=O)[*])N[*],[*]CNC(=O)C(C)CNC(=O)NC([*])C,4.16e-05,-4.380906669373258,1,-4.301649180645218
9524,CC(CC(C)(C)CNC(=O)CO*)OC(=O)*,CC(CC(C)(C)CNC(=O)CO[*])OC(=O)[*],[*]CC(C)(C)CNC(=O)COC(=O)OC([*])C,4.39e-05,-4.357535479757878,0,-4.472992476355287
9525,CC(C)(CC#N)CNC(=O)C(CNC(=O)*)O*,CC(C)(CC#N)CNC(=O)C(CNC(=O)[*])O[*],[*]CNC(=O)OC([*])C(=O)NCC(C)(C)CC#N,3.56e-05,-4.448550002027125,3,-4.325784429281337
9526,CN(C)CC(=O)NC(C)(CO*)COC(=O)*,CN(C)CC(=O)NC(C)(CO[*])COC(=O)[*],[*]COC(=O)OCC([*])(C)NC(=O)CN(C)C,8.43e-05,-4.074172425375258,1,-4.258091350494815
9527,CC(CNC(=O)C(C)C(C)NC(=O)*)N*,CC(CNC(=O)C(C)C(C)NC(=O)[*])N[*],[*]CNC(=O)C(C)C(C)NC(=O)NC([*])C,3.08e-05,-4.511449283499556,0,-4.443067735875921
9529,CC=CC=CC(=O)NC(CO*)C(C)OC(=O)*,CC=CC=CC(=O)NC(CO[*])C(C)OC(=O)[*],[*]COC(=O)OC(C)C([*])NC(=O)C=CC=CC,3.7e-05,-4.431798275933005,0,-4.495934492594201
9530,CC(Cl)(CO*)COC(=O)*,CC(Cl)(CO[*])COC(=O)[*],[*]COC(=O)OCC([*])(C)Cl,5.5e-05,-4.259637310505756,2,-4.4788569189189635
9531,C=CCNC(=O)CNC(CO*)COC(=O)*,C=CCNC(=O)CNC(CO[*])COC(=O)[*],[*]COC(=O)OCC([*])NCC(=O)NCC=C,6.44e-05,-4.191114132640188,1,-4.123931525683114
9532,COCC(C)NC(CN*)CNC(=O)*,COCC(C)NC(CN[*])CNC(=O)[*],[*]CNC(=O)NCC([*])NC(C)COC,7.29e-05,-4.137272471682025,0,-4.176896090673038
9533,CCC(C)NCC(CC(C)(C)OC(=O)*)O*,CCC(C)NCC(CC(C)(C)OC(=O)[*])O[*],[*]CC(C)(C)OC(=O)OC([*])CNC(C)CC,2.07e-05,-4.684029654543083,3,-4.50723407428475
9534,CC(NC(=O)*)C(C)C(=O)NCCN*,CC(NC(=O)[*])C(C)C(=O)NCCN[*],[*]NC(=O)NCCNC(=O)C(C)C([*])C,5.11e-05,-4.291579099865287,3,-4.222282792534052
9536,C=CC(CNC(COC(=O)*)C(F)(F)F)O*,C=CC(CNC(COC(=O)[*])C(F)(F)F)O[*],[*]CNC(COC(=O)OC([*])C=C)C(F)(F)F,5.66e-05,-4.247183568811729,1,-4.178853445405237
9537,CC(C)C(OC(=O)*)C(=O)NC(C)(C)CO*,CC(C)C(OC(=O)[*])C(=O)NC(C)(C)CO[*],[*]OC(=O)OCC(C)(C)NC(=O)C([*])C(C)C,3.22e-05,-4.492144128304169,2,-4.481402914074156
9538,C#CC(CO*)NC(=O)*,C#CC(CO[*])NC(=O)[*],[*]COC(=O)NC([*])C#C,6.1e-05,-4.214670164989233,2,-4.278065872973952
9539,CN(CC(C)(C)CN*)C(=O)CCNC(=O)*,CN(CC(C)(C)CN[*])C(=O)CCNC(=O)[*],[*]CC(C)(C)CNC(=O)NCCC(=O)N([*])C,2.57e-05,-4.590066876668706,0,-4.441239419173787
9540,CC(CN(CCCF)CCOC(=O)*)O*,CC(CN(CCCF)CCOC(=O)[*])O[*],[*]CN(CCCF)CCOC(=O)OC([*])C,7.24e-05,-4.140261433802853,3,-4.098341383133798
9541,CNCC(C)CNC(=O)C(COC(=O)*)N*,CNCC(C)CNC(=O)C(COC(=O)[*])N[*],[*]COC(=O)NC([*])C(=O)NCC(C)CNC,7.64e-05,-4.11690664142431,0,-4.318191392101627
9542,CC(CO*)(COC(=O)*)NC(=O)C(C)(C)C,CC(CO[*])(COC(=O)[*])NC(=O)C(C)(C)C,[*]COC(=O)OCC([*])(C)NC(=O)C(C)(C)C,6.46e-05,-4.189767482004916,3,-4.437500524581568
9543,CCC(C#CC#CC=CCO*)OC(=O)*,CCC(C#CC#CC=CCO[*])OC(=O)[*],[*]C#CC#CC=CCOC(=O)OC([*])CC,3.3e-05,-4.481486060122113,1,-4.389530191061593
9544,CC(C)CN(C)C(=O)CC(CNC(=O)*)O*,CC(C)CN(C)C(=O)CC(CNC(=O)[*])O[*],[*]CNC(=O)OC([*])CC(=O)N(C)CC(C)C,1.76e-05,-4.7544873321858505,3,-4.427084283717425
9545,CSC=CC(=O)NC(CO*)COC(=O)*,CSC=CC(=O)NC(CO[*])COC(=O)[*],[*]COC(=O)OCC([*])NC(=O)C=CSC,6.44e-05,-4.191114132640188,1,-4.135193377057648
9546,CC=CCC(CO*)NC(=O)C(C)OC(=O)*,CC=CCC(CO[*])NC(=O)C(C)OC(=O)[*],[*]COC(=O)OC(C)C(=O)NC([*])CC=CC,3.47e-05,-4.459670525209126,0,-4.248709866953688
9547,CC(C)CC(CNC(=O)*)NC(=O)C(C)N*,CC(C)CC(CNC(=O)[*])NC(=O)C(C)N[*],[*]CNC(=O)NC(C)C(=O)NC([*])CC(C)C,3.77e-05,-4.423658649794207,2,-4.456613691748026
9548,CCCN(CCOC(=O)*)CC(C)(C)O*,CCCN(CCOC(=O)[*])CC(C)(C)O[*],[*]CCOC(=O)OC(C)(C)CN([*])CCC,3.84e-05,-4.4156687756324695,1,-4.295862969435717
9549,CC(CO*)(COC(=O)*)NC(=O)C(C)(F)F,CC(CO[*])(COC(=O)[*])NC(=O)C(C)(F)F,[*]COC(=O)OCC([*])(C)NC(=O)C(C)(F)F,7.62e-05,-4.1180450286604,0,-4.423170975250442
9551,CCCC(C)(O*)C(=O)NCCOC(=O)*,CCCC(C)(O[*])C(=O)NCCOC(=O)[*],[*]OC(=O)OCCNC(=O)C([*])(C)CCC,5.4e-05,-4.267606240177032,3,-4.369529721694021
9552,COCC(NC(=O)*)C(=O)NC(C)CCN*,COCC(NC(=O)[*])C(=O)NC(C)CCN[*],[*]NC(=O)NCCC(C)NC(=O)C([*])COC,4.86e-05,-4.313363730737707,0,-4.2289260476952695
9553,CCC(C)CC(=O)NCC(CN*)OC(=O)*,CCC(C)CC(=O)NCC(CN[*])OC(=O)[*],[*]CNC(=O)OC([*])CNC(=O)CC(C)CC,3.82e-05,-4.417936637088292,3,-4.333485757331906
9555,CCC(CC)(CNC(=O)C(C)NC(=O)*)N*,CCC(CC)(CNC(=O)C(C)NC(=O)[*])N[*],[*]CNC(=O)C(C)NC(=O)NC([*])(CC)CC,4.55e-05,-4.341988603342887,2,-4.402254010121066
9556,CCCC(COC(=O)*)N*,CCCC(COC(=O)[*])N[*],[*]COC(=O)NC([*])CCC,6.36e-05,-4.196542884351586,2,-4.408658822782563
9557,CC(NC(=O)CCNC(=O)*)C(C)(C)O*,CC(NC(=O)CCNC(=O)[*])C(C)(C)O[*],[*]NC(=O)CCNC(=O)OC(C)(C)C([*])C,4.51e-05,-4.345823458122039,0,-4.391188795097557
9559,CCC(C)C(N*)C(=O)NCC(C)NC(=O)*,CCC(C)C(N[*])C(=O)NCC(C)NC(=O)[*],[*]NC(=O)NC(C)CNC(=O)C([*])C(C)CC,2.8e-05,-4.552841968657781,3,-4.452487492503877
9560,CC=CC=CC(=O)NCC(COC(=O)*)O*,CC=CC=CC(=O)NCC(COC(=O)[*])O[*],[*]COC(=O)OC([*])CNC(=O)C=CC=CC,9.62e-05,-4.016824927962187,0,-4.3852513783608265
9562,CCCNC(=O)NC(CO*)C(C)OC(=O)*,CCCNC(=O)NC(CO[*])C(C)OC(=O)[*],[*]COC(=O)OC(C)C([*])NC(=O)NCCC,5.87e-05,-4.231361898752385,3,-4.422145181663289
9563,CC(CCO*)NCCCOC(=O)*,CC(CCO[*])NCCCOC(=O)[*],[*]CCOC(=O)OCCCNC([*])C,0.000122,-3.913640169325252,1,-3.9925755123271056
9564,CC(C)(COC(=O)*)C(=O)NCCO*,CC(C)(COC(=O)[*])C(=O)NCCO[*],[*]COC(=O)OCCNC(=O)C([*])(C)C,4.68e-05,-4.329754146925876,2,-4.288316333409721
9565,CC(C)CC(OC(=O)*)C(=O)NCCO*,CC(C)CC(OC(=O)[*])C(=O)NCCO[*],[*]OC(=O)OCCNC(=O)C([*])CC(C)C,6.14e-05,-4.211831628858833,2,-4.334868198251311
9566,CCNC(=O)NC(CO*)C(C)OC(=O)*,CCNC(=O)NC(CO[*])C(C)OC(=O)[*],[*]COC(=O)OC(C)C([*])NC(=O)NCC,6.86e-05,-4.163675884293248,3,-4.273866851828031
9567,CC(CCN(C)C(=O)C(C)O*)OC(=O)*,CC(CCN(C)C(=O)C(C)O[*])OC(=O)[*],[*]CCN(C)C(=O)C(C)OC(=O)OC([*])C,3.32e-05,-4.478861916295964,2,-4.409094000747182
9568,CCN(CC(C)OC)CC(CO*)OC(=O)*,CCN(CC(C)OC)CC(CO[*])OC(=O)[*],[*]COC(=O)OC([*])CN(CC)CC(C)OC,7.69e-05,-4.114073660198569,2,-4.159679624790102
9569,CC(C)C(C)C(=O)NCC(CNC(=O)*)O*,CC(C)C(C)C(=O)NCC(CNC(=O)[*])O[*],[*]CNC(=O)OC([*])CNC(=O)C(C)C(C)C,3.82e-05,-4.417936637088292,3,-4.472284609359806
9570,CC(CNC(=O)C(CC(F)F)NC(=O)*)N*,CC(CNC(=O)C(CC(F)F)NC(=O)[*])N[*],[*]CNC(=O)C(CC(F)F)NC(=O)NC([*])C,5.57e-05,-4.254144804826272,3,-4.356238197631269
9571,CC(CNC(=O)*)N(C)C(=O)CCCCN*,CC(CNC(=O)[*])N(C)C(=O)CCCCN[*],[*]CNC(=O)NCCCCC(=O)N(C)C([*])C,4.77e-05,-4.321481620959886,2,-4.33652803042921
9572,CC(C)C(CCN(C)C(=O)CN*)NC(=O)*,CC(C)C(CCN(C)C(=O)CN[*])NC(=O)[*],[*]CCN(C)C(=O)CNC(=O)NC([*])C(C)C,4.1e-05,-4.3872161432802645,3,-4.576962118844912
9573,C=CC(CO*)NCC(C)(OC(=O)*)C(F)F,C=CC(CO[*])NCC(C)(OC(=O)[*])C(F)F,[*]COC(=O)OC(C)(CNC([*])C=C)C(F)F,6.34e-05,-4.197910742118268,2,-4.3911361776589
9574,C=CC(CNCCC(C)N*)OC(=O)*,C=CC(CNCCC(C)N[*])OC(=O)[*],[*]CNCCC(C)NC(=O)OC([*])C=C,4.76e-05,-4.3223930472795065,3,-4.211440595237767
9575,CN(CCNC(=O)*)C(=O)CCN*,CN(CCNC(=O)[*])C(=O)CCN[*],[*]CCNC(=O)NCCC(=O)N([*])C,5.58e-05,-4.253365801062421,2,-4.23583534679768
9577,CC(C)(CNC(=O)CCCCNC(=O)*)N*,CC(C)(CNC(=O)CCCCNC(=O)[*])N[*],[*]CNC(=O)CCCCNC(=O)NC([*])(C)C,4.82e-05,-4.31695296176115,1,-4.239205094687361
9578,COC(=O)N(CCCN*)CCCNC(=O)*,COC(=O)N(CCCN[*])CCCNC(=O)[*],[*]CCCNC(=O)NCCCN([*])C(=O)OC,7.11e-05,-4.148130399270234,3,-4.191072624465287
9579,CC=C(C)C(=O)N(C)CC(COC(=O)*)O*,CC=C(C)C(=O)N(C)CC(COC(=O)[*])O[*],[*]COC(=O)OC([*])CN(C)C(=O)C(C)=CC,4.28e-05,-4.368556230986828,1,-4.381466021250868
9580,CC(CC#N)C(=O)NCC(CNC(=O)*)O*,CC(CC#N)C(=O)NCC(CNC(=O)[*])O[*],[*]CNC(=O)OC([*])CNC(=O)C(C)CC#N,5.96e-05,-4.224753740259764,2,-4.131284517626041
9581,CN(CC(C)(C)N*)C(=O)CNC(=O)*,CN(CC(C)(C)N[*])C(=O)CNC(=O)[*],[*]CC(C)(C)NC(=O)NCC(=O)N([*])C,4.18e-05,-4.3788237182249645,3,-4.34473429383526
9583,COCC(CCNC(C)CCO*)OC(=O)*,COCC(CCNC(C)CCO[*])OC(=O)[*],[*]CCNC(C)CCOC(=O)OC([*])COC,8.85e-05,-4.053056729302175,0,-4.006544569899072
9584,CC(CCNCC(C)OC(=O)*)O*,CC(CCNCC(C)OC(=O)[*])O[*],[*]CCNCC(C)OC(=O)OC([*])C,4.93e-05,-4.30715308072277,1,-4.131151760215035
9585,C=CC=CCCN(CCCO*)CCOC(=O)*,C=CC=CCCN(CCCO[*])CCOC(=O)[*],[*]CCCOC(=O)OCCN([*])CCC=CC=C,9.45e-05,-4.024568191490737,3,-4.004991089949843
9586,CCC(CNCCC(C)(C)O*)OC(=O)*,CCC(CNCCC(C)(C)O[*])OC(=O)[*],[*]CNCCC(C)(C)OC(=O)OC([*])CC,4.1e-05,-4.3872161432802645,0,-4.30820693577829
9587,CC(CCNC(=O)C(C)C(C)N*)NC(=O)*,CC(CCNC(=O)C(C)C(C)N[*])NC(=O)[*],[*]CCNC(=O)C(C)C(C)NC(=O)NC([*])C,4.94e-05,-4.306273051076353,0,-4.378463243645859
9588,CC(CO*)NC(=O)C(C)(C)COC(=O)*,CC(CO[*])NC(=O)C(C)(C)COC(=O)[*],[*]COC(=O)OCC(C)(C)C(=O)NC([*])C,6.14e-05,-4.211831628858833,2,-4.273428497240621
9589,CCN(CCNC(=O)*)C(=O)C(C)(C)N*,CCN(CCNC(=O)[*])C(=O)C(C)(C)N[*],[*]CCNC(=O)NC(C)(C)C(=O)N([*])CC,3.12e-05,-4.505845405981558,1,-4.429882689559471
9590,CC(NC(=O)*)C(=O)NC(C)(CN*)C(C)C,CC(NC(=O)[*])C(=O)NC(C)(CN[*])C(C)C,[*]NC(=O)NCC(C)(NC(=O)C([*])C)C(C)C,3.93e-05,-4.405607449624573,0,-4.600851139718117
9591,CC(C)C(CO*)NC(=O)C(C)(C)OC(=O)*,CC(C)C(CO[*])NC(=O)C(C)(C)OC(=O)[*],[*]COC(=O)OC(C)(C)C(=O)NC([*])C(C)C,7.74e-05,-4.111259039317107,2,-4.358364934710292
9592,CCCCCC(O*)C(C)COC(=O)*,CCCCCC(O[*])C(C)COC(=O)[*],[*]OC(=O)OCC(C)C([*])CCCCC,2.84e-05,-4.546681659952962,2,-4.6103642861617065
9594,CCC(CO*)N(C)C(=O)COC(=O)*,CCC(CO[*])N(C)C(=O)COC(=O)[*],[*]COC(=O)OCC(=O)N(C)C([*])CC,5.1e-05,-4.292429823902063,1,-4.372833013928128
9595,CCC(C)(CCO*)NC(=O)COC(=O)*,CCC(C)(CCO[*])NC(=O)COC(=O)[*],[*]CCOC(=O)OCC(=O)NC([*])(C)CC,2.85e-05,-4.54515513999149,0,-4.415919581834282
9596,O=C(CCCCCOC(=O)*)NCCN*,O=C(CCCCCOC(=O)[*])NCCN[*],[*]CCCCCOC(=O)NCCNC([*])=O,6.26e-05,-4.20342566678957,1,-3.9897383231498535
9597,CCN(C(=O)C(C)(C)O*)C(C)COC(=O)*,CCN(C(=O)C(C)(C)O[*])C(C)COC(=O)[*],[*]C(=O)C(C)(C)OC(=O)OCC(C)N([*])CC,2.86e-05,-4.543633966870957,2,-4.609545280793924
9598,CCC=CNCC(CO*)OC(=O)*,CCC=CNCC(CO[*])OC(=O)[*],[*]COC(=O)OC([*])CNC=CCC,1.58e-05,-4.801342913045577,1,-4.283044223727824
9599,CCCC(C)(NC(=O)*)C(=O)NC(C)CN*,CCCC(C)(NC(=O)[*])C(=O)NC(C)CN[*],[*]NC(=O)NCC(C)NC(=O)C([*])(C)CCC,5.38e-05,-4.269217724333611,0,-4.433187288254391
9601,CCC(CC)(CNC(=O)CN*)NC(=O)*,CCC(CC)(CNC(=O)CN[*])NC(=O)[*],[*]CNC(=O)CNC(=O)NC([*])(CC)CC,4.87e-05,-4.3124710387853655,0,-4.374521520235859
9602,CCOCC(C)(CO*)CC(C)COC(=O)*,CCOCC(C)(CO[*])CC(C)COC(=O)[*],[*]COC(=O)OCC(C)CC([*])(C)COCC,3.61e-05,-4.442492798094342,1,-4.404727645874666
9603,CCC(C)(CNC(=O)C(C)O*)OC(=O)*,CCC(C)(CNC(=O)C(C)O[*])OC(=O)[*],[*]CNC(=O)C(C)OC(=O)OC([*])(C)CC,4.25e-05,-4.371611069949688,1,-4.4220909655217175
9604,CC(CCO*)NC(=O)C(C)(C)OC(=O)*,CC(CCO[*])NC(=O)C(C)(C)OC(=O)[*],[*]CCOC(=O)OC(C)(C)C(=O)NC([*])C,3.77e-05,-4.423658649794207,1,-4.285631495293028
9605,CC(C)C(OC(=O)*)C(=O)NOCCO*,CC(C)C(OC(=O)[*])C(=O)NOCCO[*],[*]OC(=O)OCCONC(=O)C([*])C(C)C,7.78e-05,-4.109020403010312,0,-4.234139107736071
9607,CC(CN*)NC(=O)C(CC(F)F)NC(=O)*,CC(CN[*])NC(=O)C(CC(F)F)NC(=O)[*],[*]CNC(=O)NC(CC(F)F)C(=O)NC([*])C,4.93e-05,-4.30715308072277,0,-4.309955685420619
9608,CC(CNC(=O)*)C(=O)N(C)CCCN*,CC(CNC(=O)[*])C(=O)N(C)CCCN[*],[*]CNC(=O)NCCCN(C)C(=O)C([*])C,3.84e-05,-4.4156687756324695,0,-4.383771144602645
9609,CC(CCCNC(=O)*)NC(=O)C(C)(C)N*,CC(CCCNC(=O)[*])NC(=O)C(C)(C)N[*],[*]CCCNC(=O)NC(C)(C)C(=O)NC([*])C,3.01e-05,-4.521433504406157,1,-4.287980691783455
9610,CCC(CC)CNC(=O)C(CO*)NC(=O)*,CCC(CC)CNC(=O)C(CO[*])NC(=O)[*],[*]COC(=O)NC([*])C(=O)NCC(CC)CC,5.04e-05,-4.297569463554475,1,-4.475449336776294
9611,CC(C)(C)CC(CCO*)OC(=O)*,CC(C)(C)CC(CCO[*])OC(=O)[*],[*]CCOC(=O)OC([*])CC(C)(C)C,3.87e-05,-4.412289034981089,3,-4.570284671036779
9612,CNCCN(C)C(=O)CC(CNC(=O)*)O*,CNCCN(C)C(=O)CC(CNC(=O)[*])O[*],[*]CNC(=O)OC([*])CC(=O)N(C)CCNC,5.08e-05,-4.294136287716081,3,-4.158717802854625
9613,CC(CNC(=O)C(C)(C)CNC(=O)*)N*,CC(CNC(=O)C(C)(C)CNC(=O)[*])N[*],[*]CNC(=O)C(C)(C)CNC(=O)NC([*])C,4.14e-05,-4.382999658879101,1,-4.373039514876757
9614,CCCCC(CN*)NC(=O)C(C)NC(=O)*,CCCCC(CN[*])NC(=O)C(C)NC(=O)[*],[*]CNC(=O)NC(C)C(=O)NC([*])CCCC,6.24e-05,-4.204815410317576,3,-4.339295777602207
9616,CC(CCNC(=O)*)NC(=O)C(N*)C(C)C,CC(CCNC(=O)[*])NC(=O)C(N[*])C(C)C,[*]CCNC(=O)NC(C(=O)NC([*])C)C(C)C,3.98e-05,-4.400116927926312,0,-4.384780232177577
9619,CCC(CO*)C(=O)NCCCCOC(=O)*,CCC(CO[*])C(=O)NCCCCOC(=O)[*],[*]COC(=O)OCCCCNC(=O)C([*])CC,9.13e-05,-4.039529222465701,2,-4.205199394186791
9620,CC(CCN*)NC(=O)C(C)CNC(=O)*,CC(CCN[*])NC(=O)C(C)CNC(=O)[*],[*]CCNC(=O)NCC(C)C(=O)NC([*])C,4.21e-05,-4.375717904164332,1,-4.397894057296696
9621,CC(CN(C)C(C)CNC(=O)*)N*,CC(CN(C)C(C)CNC(=O)[*])N[*],[*]CN(C)C(C)CNC(=O)NC([*])C,5.4e-05,-4.267606240177032,0,-4.311889686054402
9622,CN(CC(C)(C)NC(=O)*)C(=O)C(C)(C)N*,CN(CC(C)(C)NC(=O)[*])C(=O)C(C)(C)N[*],[*]CC(C)(C)NC(=O)NC(C)(C)C(=O)N([*])C,2.43e-05,-4.614393726401688,1,-4.419175346569552
9623,CC(C)OC(=O)NC(CO*)C(C)OC(=O)*,CC(C)OC(=O)NC(CO[*])C(C)OC(=O)[*],[*]COC(=O)OC(C)C([*])NC(=O)OC(C)C,5.71e-05,-4.243363891754152,0,-4.449117645797636
9624,CC(CCOC(=O)*)S(=O)(=O)CCCO*,CC(CCOC(=O)[*])S(=O)(=O)CCCO[*],[*]CCOC(=O)OCCCS(=O)(=O)C([*])C,0.00011,-3.958607314841775,3,-4.071116971826532
9626,CCC(N*)C(=O)NC(C)(C)CNC(=O)*,CCC(N[*])C(=O)NC(C)(C)CNC(=O)[*],[*]NC(=O)NCC(C)(C)NC(=O)C([*])CC,6.07e-05,-4.216811308924743,3,-4.443003829866962
9627,CC(C)(CNC(=O)CCCN*)NC(=O)*,CC(C)(CNC(=O)CCCN[*])NC(=O)[*],[*]CNC(=O)CCCNC(=O)NC([*])(C)C,3.93e-05,-4.405607449624573,2,-4.132923219357768
9628,CC(C)CC(COC(=O)*)NC(=O)CO*,CC(C)CC(COC(=O)[*])NC(=O)CO[*],[*]COC(=O)OCC(=O)NC([*])CC(C)C,3.52e-05,-4.453457336521869,0,-4.264361523742658
9629,CCCC(OC(=O)*)C(=O)N(CC)CCN*,CCCC(OC(=O)[*])C(=O)N(CC)CCN[*],[*]OC(=O)NCCN(CC)C(=O)C([*])CCC,4.04e-05,-4.393618634889395,0,-4.301062801105889
9630,CC(C)(F)C(=O)NCC(CN*)OC(=O)*,CC(C)(F)C(=O)NCC(CN[*])OC(=O)[*],[*]CNC(=O)OC([*])CNC(=O)C(C)(C)F,5.45e-05,-4.263603497723357,3,-4.242897000157989
9633,CC(N*)C(C)C(=O)N(C)CCNC(=O)*,CC(N[*])C(C)C(=O)N(C)CCNC(=O)[*],[*]NC(=O)NCCN(C)C(=O)C(C)C([*])C,5.35e-05,-4.271646217978772,1,-4.3966812029163185
9636,CN(CCCNC(=O)*)C(=O)CCCN*,CN(CCCNC(=O)[*])C(=O)CCCN[*],[*]CCCNC(=O)NCCCC(=O)N([*])C,5.02e-05,-4.29929628285498,0,-4.272904923110367
9637,CC(C)(C)C(OC(=O)*)C(=O)NCCO*,CC(C)(C)C(OC(=O)[*])C(=O)NCCO[*],[*]OC(=O)OCCNC(=O)C([*])C(C)(C)C,3.51e-05,-4.454692883534176,3,-4.428994470398622
9642,CCCN(CCOC(=O)*)CC(CC#N)O*,CCCN(CCOC(=O)[*])CC(CC#N)O[*],[*]CCOC(=O)OC(CC#N)CN([*])CCC,4.9e-05,-4.309803919971486,2,-4.091452263926039
9643,CCCC(CNCC(=O)CCO*)OC(=O)*,CCCC(CNCC(=O)CCO[*])OC(=O)[*],[*]CNCC(=O)CCOC(=O)OC([*])CCC,5.46e-05,-4.262807357295263,0,-4.114554400737161
9644,CSC(C)C(=O)NC(CO*)COC(=O)*,CSC(C)C(=O)NC(CO[*])COC(=O)[*],[*]COC(=O)OCC([*])NC(=O)C(C)SC,3.9e-05,-4.4089353929735005,1,-4.219282421193673
9645,CCCOC(=O)NC(CO*)COC(=O)*,CCCOC(=O)NC(CO[*])COC(=O)[*],[*]COC(=O)OCC([*])NC(=O)OCCC,4.08e-05,-4.38933983691012,0,-4.2437272831924435
9646,CN(CCNC(=O)*)C(=O)C(C)(C)N*,CN(CCNC(=O)[*])C(=O)C(C)(C)N[*],[*]CCNC(=O)NC(C)(C)C(=O)N([*])C,3.67e-05,-4.435333935747911,3,-4.390404688741813
9647,CC(N*)C(=O)NCC(NC(=O)*)C(C)C,CC(N[*])C(=O)NCC(NC(=O)[*])C(C)C,[*]NC(=O)NC(CNC(=O)C([*])C)C(C)C,3.96e-05,-4.402304814074488,1,-4.423706818267515
9648,CC(CCCOC(=O)*)NC(=O)C(C)O*,CC(CCCOC(=O)[*])NC(=O)C(C)O[*],[*]CCCOC(=O)OC(C)C(=O)NC([*])C,5.27e-05,-4.278189384787454,3,-4.329230631213358
9650,CC(C)(C)C(COC(=O)*)NC(=O)CCN*,CC(C)(C)C(COC(=O)[*])NC(=O)CCN[*],[*]COC(=O)NCCC(=O)NC([*])C(C)(C)C,4.59e-05,-4.338187314462739,2,-4.401245325855171
9651,CC(CNC(=O)C(C)(O*)C(C)C)OC(=O)*,CC(CNC(=O)C(C)(O[*])C(C)C)OC(=O)[*],[*]CNC(=O)C(C)(OC(=O)OC([*])C)C(C)C,2.98e-05,-4.525783735923745,2,-4.443677365032149
9652,CC(C)C(CNCCCO*)OC(=O)*,CC(C)C(CNCCCO[*])OC(=O)[*],[*]CNCCCOC(=O)OC([*])C(C)C,6.42e-05,-4.192464971931146,1,-4.211479325667949
9653,CC(C)(CNC(=O)*)C(=O)NCCCCO*,CC(C)(CNC(=O)[*])C(=O)NCCCCO[*],[*]CNC(=O)OCCCCNC(=O)C([*])(C)C,7.04e-05,-4.152427340857888,1,-4.208448783844355
9654,CC(C)OCCCNC(CN*)CNC(=O)*,CC(C)OCCCNC(CN[*])CNC(=O)[*],[*]CNC(=O)NCC([*])NCCCOC(C)C,8.96e-05,-4.047691990337875,3,-4.120618712870783
9655,CC(C)C(OC(=O)*)C(=O)NCCCCN*,CC(C)C(OC(=O)[*])C(=O)NCCCCN[*],[*]OC(=O)NCCCCNC(=O)C([*])C(C)C,6.45e-05,-4.1904402853647325,2,-4.2582216733545994
9656,CC(CCCC#N)NCC(CNC(=O)*)O*,CC(CCCC#N)NCC(CNC(=O)[*])O[*],[*]CNC(=O)OC([*])CNC(C)CCCC#N,6.16e-05,-4.210419287835575,0,-3.8843785675435116
9657,CCC(COC(=O)*)N(C)CC(COC)O*,CCC(COC(=O)[*])N(C)CC(COC)O[*],[*]COC(=O)OC(COC)CN(C)C([*])CC,8.96e-05,-4.047691990337875,0,-4.267617178917747
9658,N=C(NC(=O)CCO*)SCCNC(=O)*,N=C(NC(=O)CCO[*])SCCNC(=O)[*],[*]NC(=O)CCOC(=O)NCCSC([*])=N,6.87e-05,-4.16304326294045,0,-4.047103732509591
9659,CCCCN(CCCOC(=O)*)C(=O)CO*,CCCCN(CCCOC(=O)[*])C(=O)CO[*],[*]CCCOC(=O)OCC(=O)N([*])CCCC,6.03e-05,-4.219682687859849,3,-4.317781965342531
9661,CCN(CCNC(=O)*)C(=O)COCCN*,CCN(CCNC(=O)[*])C(=O)COCCN[*],[*]CCNC(=O)NCCOCC(=O)N([*])CC,7.05e-05,-4.151810883008602,1,-4.071623609511689
9663,CC(C)(C)C(CC(=O)NCCNC(=O)*)N*,CC(C)(C)C(CC(=O)NCCNC(=O)[*])N[*],[*]CC(=O)NCCNC(=O)NC([*])C(C)(C)C,6.07e-05,-4.216811308924743,3,-4.398841711456435
9665,CC(C)(OC(=O)*)C(=O)NCCCCO*,CC(C)(OC(=O)[*])C(=O)NCCCCO[*],[*]OC(=O)OCCCCNC(=O)C([*])(C)C,7.37e-05,-4.132532512140949,1,-4.153758074188251
9667,CC(C)OCCCNCC(CO*)OC(=O)*,CC(C)OCCCNCC(CO[*])OC(=O)[*],[*]COC(=O)OC([*])CNCCCOC(C)C,6.81e-05,-4.166852888087215,1,-4.078751226151623
9668,CC(OC(=O)*)C(=O)NC(C)(C)CCO*,CC(OC(=O)[*])C(=O)NC(C)(C)CCO[*],[*]OC(=O)OCCC(C)(C)NC(=O)C([*])C,4.11e-05,-4.386158178123931,3,-4.300605471886663
9669,CN(CC(COC(=O)*)O*)C(=O)CCCF,CN(CC(COC(=O)[*])O[*])C(=O)CCCF,[*]COC(=O)OC([*])CN(C)C(=O)CCCF,2.57e-05,-4.590066876668706,0,-4.26686544524542
9671,CCN(CCN*)C(=O)C(C)(C)CNC(=O)*,CCN(CCN[*])C(=O)C(C)(C)CNC(=O)[*],[*]CCNC(=O)NCC(C)(C)C(=O)N([*])CC,6.32e-05,-4.199282921717615,1,-4.386894710337087
9676,CCN(CCO*)C(=O)C(C)(C)COC(=O)*,CCN(CCO[*])C(=O)C(C)(C)COC(=O)[*],[*]CCOC(=O)OCC(C)(C)C(=O)N([*])CC,4.99e-05,-4.30189945437661,0,-4.481575892119172
9677,CCN(C(=O)CO*)C(C)COC(=O)*,CCN(C(=O)CO[*])C(C)COC(=O)[*],[*]C(=O)COC(=O)OCC(C)N([*])CC,2.27e-05,-4.6439741428068775,3,-4.438446382538588
9680,C[Si](C)(C)CNCC(COC(=O)*)O*,C[Si](C)(C)CNCC(COC(=O)[*])O[*],[*]COC(=O)OC([*])CNC[Si](C)(C)C,2.36e-05,-4.627087997029894,0,-4.424634040789155
9681,CCC(N*)C(=O)NC(C)CNC(=O)*,CCC(N[*])C(=O)NC(C)CNC(=O)[*],[*]NC(=O)NCC(C)NC(=O)C([*])CC,5.9e-05,-4.229147988357856,2,-4.418662313763956
9683,CC(=CCCC(C)CCO*)COC(=O)*,CC(=CCCC(C)CCO[*])COC(=O)[*],[*]=CCCC(C)CCOC(=O)OCC(=[*])C,5.58e-05,-4.253365801062421,0,-4.461099752514557
9684,CCC(C)CNC(CN*)CNC(=O)*,CCC(C)CNC(CN[*])CNC(=O)[*],[*]CNC(=O)NCC([*])NCC(C)CC,8.9e-05,-4.050609993355088,0,-4.328773966457321
9686,CC(CCOC(=O)*)NC(=O)C(O*)C(C)C,CC(CCOC(=O)[*])NC(=O)C(O[*])C(C)C,[*]CCOC(=O)OC(C(=O)NC([*])C)C(C)C,5.13e-05,-4.289882634888183,3,-4.40594414848933
9690,CCN(CC(O*)C(C)OC(=O)*)C(C)C,CCN(CC(O[*])C(C)OC(=O)[*])C(C)C,[*]OC(=O)OC(C)C([*])CN(CC)C(C)C,2.93e-05,-4.533132379645891,3,-4.489529577353917
9692,CC(C)CNC(=O)C(OC(=O)*)C(C)(C)O*,CC(C)CNC(=O)C(OC(=O)[*])C(C)(C)O[*],[*]OC(=O)OC(C)(C)C([*])C(=O)NCC(C)C,2.26e-05,-4.645891560852599,2,-4.539726128125472
9693,CC(CNC(=O)C(N*)C(C)(C)C)NC(=O)*,CC(CNC(=O)C(N[*])C(C)(C)C)NC(=O)[*],[*]CNC(=O)C(NC(=O)NC([*])C)C(C)(C)C,7.6e-05,-4.119186407719209,3,-4.413300394656003
9694,CC(CNC(=O)N(C)CC(C)NC(=O)*)N*,CC(CNC(=O)N(C)CC(C)NC(=O)[*])N[*],[*]CNC(=O)N(C)CC(C)NC(=O)NC([*])C,4.05e-05,-4.392544976785332,0,-4.34392601746711
9697,COCCN(CCO*)CC(C)(C)NC(=O)*,COCCN(CCO[*])CC(C)(C)NC(=O)[*],[*]CCOC(=O)NC(C)(C)CN([*])CCOC,7.7e-05,-4.113509274827518,2,-3.988653209742534
9698,CN(CC(C)(C)CNC(=O)*)C(=O)CN*,CN(CC(C)(C)CNC(=O)[*])C(=O)CN[*],[*]CC(C)(C)CNC(=O)NCC(=O)N([*])C,3.55e-05,-4.449771646944906,2,-4.432066090911962
9699,CC(C)(CCNC(=O)CCN*)NC(=O)*,CC(C)(CCNC(=O)CCN[*])NC(=O)[*],[*]CCNC(=O)CCNC(=O)NC([*])(C)C,5.7e-05,-4.2441251443275085,2,-4.29795062365486
9700,CC(NC(=O)*)C(=O)NC(CO*)C(C)(C)C,CC(NC(=O)[*])C(=O)NC(CO[*])C(C)(C)C,[*]NC(=O)OCC(NC(=O)C([*])C)C(C)(C)C,3.89e-05,-4.410050398674293,3,-4.60223441570897
9701,CCC(C)(C#CCO*)OC(=O)*,CCC(C)(C#CCO[*])OC(=O)[*],[*]C#CCOC(=O)OC([*])(C)CC,5.03e-05,-4.298432014944073,1,-4.469217952705401
9703,CCC(CCOC(=O)*)CNC(=O)C(C)O*,CCC(CCOC(=O)[*])CNC(=O)C(C)O[*],[*]CCOC(=O)OC(C)C(=O)NCC([*])CC,4.63e-05,-4.334419008982047,0,-4.366224939986129
9704,CCC(CNC(=O)C(C)C(C)N*)NC(=O)*,CCC(CNC(=O)C(C)C(C)N[*])NC(=O)[*],[*]CNC(=O)C(C)C(C)NC(=O)NC([*])CC,3.9e-05,-4.4089353929735005,1,-4.269752316732045
9706,CC(C)(OC(=O)*)C(N*)C(=O)NCC(F)F,CC(C)(OC(=O)[*])C(N[*])C(=O)NCC(F)F,[*]OC(=O)NC(C(=O)NCC(F)F)C([*])(C)C,3.37e-05,-4.4723700991286615,2,-4.362899723498487
9712,CC(CN*)CNC(=O)C(C)C(C)NC(=O)*,CC(CN[*])CNC(=O)C(C)C(C)NC(=O)[*],[*]CNC(=O)NC(C)C(C)C(=O)NCC([*])C,5.81e-05,-4.235823867609669,3,-4.404631050930975
9713,COCC(COC(=O)*)NC(C)CCO*,COCC(COC(=O)[*])NC(C)CCO[*],[*]COC(=O)OCCC(C)NC([*])COC,0.000122,-3.913640169325252,0,-4.060970842783007
9716,CC(C)(CC(=O)NCCCO*)OC(=O)*,CC(C)(CC(=O)NCCCO[*])OC(=O)[*],[*]CC(=O)NCCCOC(=O)OC([*])(C)C,6.66e-05,-4.176525770829699,1,-4.313353126812761
9717,CN(CCN*)C(=O)C(C)(C)CNC(=O)*,CN(CCN[*])C(=O)C(C)(C)CNC(=O)[*],[*]CCNC(=O)NCC(C)(C)C(=O)N([*])C,2.72e-05,-4.565431095965801,3,-4.53889247947926
9718,CC(CC(C)NC(=O)C(C)CN*)NC(=O)*,CC(CC(C)NC(=O)C(C)CN[*])NC(=O)[*],[*]CC(C)NC(=O)C(C)CNC(=O)NC([*])C,3.55e-05,-4.449771646944906,3,-4.398696456904476
9721,CC(CO*)NC(C)COC(=O)*,CC(CO[*])NC(C)COC(=O)[*],[*]COC(=O)OCC(C)NC([*])C,0.000123,-3.910094888560602,1,-4.152525821611166
9723,CCCNC(=O)N(C)CC(CO*)OC(=O)*,CCCNC(=O)N(C)CC(CO[*])OC(=O)[*],[*]COC(=O)OC([*])CN(C)C(=O)NCCC,5.6e-05,-4.251811972993799,0,-4.4899209787849585
9724,COCCCCCNC(CN*)CNC(=O)*,COCCCCCNC(CN[*])CNC(=O)[*],[*]CNC(=O)NCC([*])NCCCCCOC,0.000151,-3.821023052706831,1,-3.933802803534477
9725,CC(CNC(=O)C(OC(=O)*)C(C)(C)C)O*,CC(CNC(=O)C(OC(=O)[*])C(C)(C)C)O[*],[*]CNC(=O)C(OC(=O)OC([*])C)C(C)(C)C,5.4e-05,-4.267606240177032,2,-4.531657156548554
9728,CC(CC(=O)NCC(NC(=O)*)C(C)C)N*,CC(CC(=O)NCC(NC(=O)[*])C(C)C)N[*],[*]CC(=O)NCC(NC(=O)NC([*])C)C(C)C,3.08e-05,-4.511449283499556,0,-4.2630613826982815
9729,CC(CNC(=O)*)(CC(=O)O)O*,CC(CNC(=O)[*])(CC(=O)O)O[*],[*]CNC(=O)OC([*])(C)CC(=O)O,6.71e-05,-4.173277479831008,0,-4.515759289632468
9731,CCC(CC)(CNC(=O)CO*)OC(=O)*,CCC(CC)(CNC(=O)CO[*])OC(=O)[*],[*]CNC(=O)COC(=O)OC([*])(CC)CC,3.44e-05,-4.46344155742847,0,-4.397296448016766
9735,CC(CCCOC(=O)*)CNC(=O)C(C)N*,CC(CCCOC(=O)[*])CNC(=O)C(C)N[*],[*]CCCOC(=O)NC(C)C(=O)NCC([*])C,2.75e-05,-4.560667306169737,3,-4.280577824131759
9736,CCC(C)(OC(=O)*)C(=O)NC(C)CO*,CCC(C)(OC(=O)[*])C(=O)NC(C)CO[*],[*]OC(=O)OCC(C)NC(=O)C([*])(C)CC,5.48e-05,-4.261219441515631,3,-4.333578853322392
9738,CN(C)CC(C)(C)NCC(CO*)OC(=O)*,CN(C)CC(C)(C)NCC(CO[*])OC(=O)[*],[*]COC(=O)OC([*])CNC(C)(C)CN(C)C,9.79e-05,-4.009217308196862,0,-4.2102430498256584
9740,CC(OC(=O)*)C(=O)NCC(C)(O*)C(C)C,CC(OC(=O)[*])C(=O)NCC(C)(O[*])C(C)C,[*]OC(=O)OC(C)(CNC(=O)C([*])C)C(C)C,4.69e-05,-4.328827157284917,0,-4.452874443275745
9742,CC(C)CNC(CN*)CNC(=O)*,CC(C)CNC(CN[*])CNC(=O)[*],[*]CNC(=O)NCC([*])NCC(C)C,6.63e-05,-4.178486471595227,3,-4.265108603141023
9745,CCCCCCC(CC(C)OC(=O)*)O*,CCCCCCC(CC(C)OC(=O)[*])O[*],[*]CC(C)OC(=O)OC([*])CCCCCC,3.18e-05,-4.497572880015567,3,-4.403464862515696
9747,CCC(CC)(CNC(=O)*)NC(=O)CCN*,CCC(CC)(CNC(=O)[*])NC(=O)CCN[*],[*]CNC(=O)NCCC(=O)NC([*])(CC)CC,5.65e-05,-4.247951552180561,3,-4.427103805989362
9750,CCCN(CC(C)(C)O*)C(=O)COC(=O)*,CCCN(CC(C)(C)O[*])C(=O)COC(=O)[*],[*]CC(C)(C)OC(=O)OCC(=O)N([*])CCC,3.77e-05,-4.423658649794207,2,-4.4008940792540665
9753,CCC(N*)C(NC(=O)*)C(=O)OC,CCC(N[*])C(NC(=O)[*])C(=O)OC,[*]NC(=O)NC(C(=O)OC)C([*])CC,3.09e-05,-4.510041520575165,3,-4.527749122340563
9754,CC(C)(CCO*)COC(=O)*,CC(C)(CCO[*])COC(=O)[*],[*]CCOC(=O)OCC([*])(C)C,3.26e-05,-4.486782399932061,3,-4.544368518994421
9755,CC(CN*)CNC(=O)CC(C)(C)NC(=O)*,CC(CN[*])CNC(=O)CC(C)(C)NC(=O)[*],[*]CNC(=O)CC(C)(C)NC(=O)NCC([*])C,4.21e-05,-4.375717904164332,1,-4.335212104812055
9761,CC(CNCC(C)(C)OCCOC(=O)*)O*,CC(CNCC(C)(C)OCCOC(=O)[*])O[*],[*]CNCC(C)(C)OCCOC(=O)OC([*])C,0.000152,-3.8181564120552274,1,-4.047769876233731
9764,CC(CNC(=O)*)N(C)CCCN*,CC(CNC(=O)[*])N(C)CCCN[*],[*]CNC(=O)NCCCN(C)C([*])C,7.74e-05,-4.111259039317107,1,-4.290860762140483
9766,CCCC(O*)C(=O)N(C)CCCOC(=O)*,CCCC(O[*])C(=O)N(C)CCCOC(=O)[*],[*]OC(=O)OCCCN(C)C(=O)C([*])CCC,4.09e-05,-4.388276691992658,3,-4.3417928904574765
9768,CCC(N*)C(=O)NCC(F)(F)CNC(=O)*,CCC(N[*])C(=O)NCC(F)(F)CNC(=O)[*],[*]NC(=O)NCC(F)(F)CNC(=O)C([*])CC,4.96e-05,-4.304518323509803,0,-4.305177509460415
9777,CCC(CO*)SCCC(C)(C)OC(=O)*,CCC(CO[*])SCCC(C)(C)OC(=O)[*],[*]COC(=O)OC(C)(C)CCSC([*])CC,3.52e-05,-4.453457336521869,1,-4.390224846904513
9779,C=C(C)CCN(CCOC(=O)*)CC(C)O*,C=C(C)CCN(CCOC(=O)[*])CC(C)O[*],[*]CCOC(=O)OC(C)CN([*])CCC(=C)C,5.28e-05,-4.277366077466188,1,-4.159837183962426
9780,COCC(C)(C)NCC(OC(=O)*)C(C)O*,COCC(C)(C)NCC(OC(=O)[*])C(C)O[*],[*]OC(=O)OC(C)C([*])CNC(C)(C)COC,3.93e-05,-4.405607449624573,3,-4.377242174808691
9781,CCCCOC(=O)C(CN*)NC(=O)*,CCCCOC(=O)C(CN[*])NC(=O)[*],[*]CNC(=O)NC([*])C(=O)OCCCC,3.69e-05,-4.432973633840939,2,-4.438889063231902
9799,COCC(CN(C)CC(C)(C)NC(=O)*)O*,COCC(CN(C)CC(C)(C)NC(=O)[*])O[*],[*]CN(C)CC(C)(C)NC(=O)OC([*])COC,6.81e-05,-4.166852888087215,1,-4.21582296823359
9806,CCCN(CC)CC(O*)C(C)OC(=O)*,CCCN(CC)CC(O[*])C(C)OC(=O)[*],[*]OC(=O)OC(C)C([*])CN(CC)CCC,5.12e-05,-4.29073003902417,0,-4.324467666607792
9811,CCCCC(CN*)NC(=O)CCNC(=O)*,CCCCC(CN[*])NC(=O)CCNC(=O)[*],[*]CNC(=O)NCCC(=O)NC([*])CCCC,3.36e-05,-4.473660722610156,1,-4.254827778783244
9812,CCC(CC)C(CCO*)NC(=O)*,CCC(CC)C(CCO[*])NC(=O)[*],[*]CCOC(=O)NC([*])C(CC)CC,2.51e-05,-4.600326278518962,3,-4.458968692247259
9817,CC(C)N(C)C(=O)C(CCCNC(=O)*)N*,CC(C)N(C)C(=O)C(CCCNC(=O)[*])N[*],[*]CCCNC(=O)NC([*])C(=O)N(C)C(C)C,9.22e-05,-4.035269078946371,3,-4.539473204465949
9826,C=CCCCC(N*)C(=O)N(C)CCNC(=O)*,C=CCCCC(N[*])C(=O)N(C)CCNC(=O)[*],[*]NC(=O)NCCN(C)C(=O)C([*])CCCC=C,3.53e-05,-4.452225294612178,2,-4.281096338668826
9828,CC(C)(CCNC(=O)CCCNC(=O)*)N*,CC(C)(CCNC(=O)CCCNC(=O)[*])N[*],[*]CCNC(=O)CCCNC(=O)NC([*])(C)C,3.94e-05,-4.404503778174426,3,-4.2804030209704935
9837,CC(CC(C)(C)NC(=O)*)N*,CC(CC(C)(C)NC(=O)[*])N[*],[*]CC(C)(C)NC(=O)NC([*])C,4.1e-05,-4.3872161432802645,0,-4.435717036094148
9838,C=CCCC(C)N(CCNC(=O)*)CCO*,C=CCCC(C)N(CCNC(=O)[*])CCO[*],[*]CCNC(=O)OCCN([*])C(C)CCC=C,9.88e-05,-4.005243055412372,0,-4.176325902343742
9858,CC(CCCC#N)NCC(CO*)OC(=O)*,CC(CCCC#N)NCC(CO[*])OC(=O)[*],[*]COC(=O)OC([*])CNC(C)CCCC#N,0.000102,-3.9913998282380825,2,-4.044451382697812
10522,C#CCCCNC(=O)C(CCCN*)NC(=O)*,C#CCCCNC(=O)C(CCCN[*])NC(=O)[*],[*]CCCNC(=O)NC([*])C(=O)NCCCC#C,9.11e-05,-4.040481623027001,0,-4.218951601933004
13123,NC(=O)C(COC(=O)*)NC(=O)CO*,NC(=O)C(COC(=O)[*])NC(=O)CO[*],[*]COC(=O)OCC(=O)NC([*])C(N)=O,6.88e-05,-4.162411561764489,2,-4.102458015805704
13148,CC(C)(CC(N)=O)NCC(COC(=O)*)O*,CC(C)(CC(N)=O)NCC(COC(=O)[*])O[*],[*]COC(=O)OC([*])CNC(C)(C)CC(N)=O,7.4e-05,-4.130768280269024,3,-4.171055559604743
13189,COC(=O)CN(CCNC(=O)*)CCO*,COC(=O)CN(CCNC(=O)[*])CCO[*],[*]CCNC(=O)OCCN([*])CC(=O)OC,0.000153,-3.815308569182401,3,-3.9815239649216227
13222,NC(=O)CCNC(=O)C(CN*)OC(=O)*,NC(=O)CCNC(=O)C(CN[*])OC(=O)[*],[*]CNC(=O)OC([*])C(=O)NCCC(N)=O,8.88e-05,-4.051587034221399,2,-4.032320882189465
13234,CC(CNC(=O)*)NC(=O)C(C)N*,CC(CNC(=O)[*])NC(=O)C(C)N[*],[*]CNC(=O)NC(C)C(=O)NC([*])C,4.65e-05,-4.332547047110047,1,-4.359260813888289
13239,COC(=O)C(NC(=O)CO*)C(C)OC(=O)*,COC(=O)C(NC(=O)CO[*])C(C)OC(=O)[*],[*]NC(=O)COC(=O)OC(C)C([*])C(=O)OC,3.83e-05,-4.416801226031377,3,-4.5088306735323505
13242,CN(CCNC(=O)CO*)C(=O)COC(=O)*,CN(CCNC(=O)CO[*])C(=O)COC(=O)[*],[*]CCNC(=O)COC(=O)OCC(=O)N([*])C,5.31e-05,-4.274905478918531,1,-4.371497799972731
13258,COC(C)(CNCC(CO*)OC(=O)*)OC,COC(C)(CNCC(CO[*])OC(=O)[*])OC,[*]COC(=O)OC([*])CNCC(C)(OC)OC,6.61e-05,-4.179798540514359,3,-4.265698339777053
13262,C#CC(C)NCC(CO*)OC(=O)*,C#CC(C)NCC(CO[*])OC(=O)[*],[*]COC(=O)OC([*])CNC(C)C#C,3.8e-05,-4.42021640338319,0,-4.303157848636434
13263,CC#CCNC(CO*)COC(=O)*,CC#CCNC(CO[*])COC(=O)[*],[*]COC(=O)OCC([*])NCC#CC,5.22e-05,-4.282329496997738,2,-4.3247513381548295
13269,CCN(C)C(=O)CNC(CO*)COC(=O)*,CCN(C)C(=O)CNC(CO[*])COC(=O)[*],[*]COC(=O)OCC([*])NCC(=O)N(C)CC,9.03e-05,-4.044312249686494,2,-4.267421204563163
13270,COCC(CNC(=O)COC(=O)*)O*,COCC(CNC(=O)COC(=O)[*])O[*],[*]CNC(=O)COC(=O)OC([*])COC,0.000127,-3.896196279044043,2,-4.085865030114793
13278,COC(CNC(=O)*)C(=O)NC(C)C(C)N*,COC(CNC(=O)[*])C(=O)NC(C)C(C)N[*],[*]CNC(=O)NC(C)C(C)NC(=O)C([*])OC,3.62e-05,-4.441291429466834,1,-4.356405392416666
13280,COC(CN*)C(=O)N(C)C(C)CNC(=O)*,COC(CN[*])C(=O)N(C)C(C)CNC(=O)[*],[*]CNC(=O)NCC(C)N(C)C(=O)C([*])OC,4.4e-05,-4.356547323513813,1,-4.321432197573106
13281,CC(C)(C)C(CCN*)OC(=O)*,CC(C)(C)C(CCN[*])OC(=O)[*],[*]CCNC(=O)OC([*])C(C)(C)C,4.19e-05,-4.377785977033705,3,-4.538478502440567
13291,CNC(=O)CN(C)C(=O)C(CN*)OC(=O)*,CNC(=O)CN(C)C(=O)C(CN[*])OC(=O)[*],[*]CNC(=O)OC([*])C(=O)N(C)CC(=O)NC,5.31e-05,-4.274905478918531,2,-4.2442619855412635
13292,CON=CC(=O)NC(CO*)COC(=O)*,CON=CC(=O)NC(CO[*])COC(=O)[*],[*]COC(=O)OCC([*])NC(=O)C=NOC,5.48e-05,-4.261219441515631,2,-4.184068640197928
13298,CS(=O)(=O)CCNC(CO*)COC(=O)*,CS(=O)(=O)CCNC(CO[*])COC(=O)[*],[*]COC(=O)OCC([*])NCCS(C)(=O)=O,9.23e-05,-4.034798298974088,2,-4.2223149003844
13304,COCC(NC(=O)*)C(=O)NCCCO*,COCC(NC(=O)[*])C(=O)NCCCO[*],[*]NC(=O)OCCCNC(=O)C([*])COC,5.77e-05,-4.238824186844268,1,-4.212486331127459
13305,CC(C)(OC(=O)*)C(=O)NCCN*,CC(C)(OC(=O)[*])C(=O)NCCN[*],[*]OC(=O)NCCNC(=O)C([*])(C)C,9.8e-05,-4.008773924307505,1,-4.2581653941035436
13310,CC(OC(=O)*)C(CO*)NS(N)(=O)=O,CC(OC(=O)[*])C(CO[*])NS(N)(=O)=O,[*]OC(=O)OCC(NS(N)(=O)=O)C([*])C,2.02e-05,-4.694648630553377,1,-4.265378739322825
13311,CCOCCNC(CN*)CNC(=O)*,CCOCCNC(CN[*])CNC(=O)[*],[*]CNC(=O)NCC([*])NCCOCC,0.0001,-4.0,2,-3.913732746314817
13315,CNC(C)C(=O)NCC(COC(=O)*)O*,CNC(C)C(=O)NCC(COC(=O)[*])O[*],[*]COC(=O)OC([*])CNC(=O)C(C)NC,7.14e-05,-4.146301788223826,0,-4.258645506105011
13316,CSC(COC(=O)*)C(C)N*,CSC(COC(=O)[*])C(C)N[*],[*]COC(=O)NC(C)C([*])SC,3.31e-05,-4.480172006224281,2,-4.532932788590267
13318,COC(C)CNC(=O)CC(CN*)OC(=O)*,COC(C)CNC(=O)CC(CN[*])OC(=O)[*],[*]CNC(=O)OC([*])CC(=O)NCC(C)OC,8.2e-05,-4.086186147616283,2,-4.174682904521786
13319,CNCCCN(C)CC(CN*)OC(=O)*,CNCCCN(C)CC(CN[*])OC(=O)[*],[*]CNC(=O)OC([*])CN(C)CCCNC,6.6e-05,-4.180456064458132,2,-4.121014537547651
13321,CC(C)CC(CN*)OC(=O)*,CC(C)CC(CN[*])OC(=O)[*],[*]CNC(=O)OC([*])CC(C)C,3.5e-05,-4.455931955649724,3,-4.548679227756279
13327,CC(NC(=O)CC(CNC(=O)*)O*)C(N)=O,CC(NC(=O)CC(CNC(=O)[*])O[*])C(N)=O,[*]CNC(=O)OC([*])CC(=O)NC(C)C(N)=O,7.25e-05,-4.139661993429006,1,-4.13294764816558
13330,CNC(C(=O)N(C)CCO*)C(C)OC(=O)*,CNC(C(=O)N(C)CCO[*])C(C)OC(=O)[*],[*]C(=O)N(C)CCOC(=O)OC(C)C([*])NC,6.14e-05,-4.211831628858833,0,-4.31017976640249
13331,CCCNC(=O)C(CO*)NC(=O)*,CCCNC(=O)C(CO[*])NC(=O)[*],[*]COC(=O)NC([*])C(=O)NCCC,5.14e-05,-4.289036881004725,2,-4.317839739811661
13334,CC(C)(O*)C(C)(C)OC(=O)*,CC(C)(O[*])C(C)(C)OC(=O)[*],[*]OC(=O)OC(C)(C)C([*])(C)C,2.18e-05,-4.661543506395395,0,-4.672197685491629
13340,CC(=O)NCCNCC(COC(=O)*)O*,CC(=O)NCCNCC(COC(=O)[*])O[*],[*]COC(=O)OC([*])CNCCNC(C)=O,9.78e-05,-4.009661145212399,1,-4.033374274425623
13342,CC(C)OCC(=O)NCC(CO*)OC(=O)*,CC(C)OCC(=O)NCC(CO[*])OC(=O)[*],[*]COC(=O)OC([*])CNC(=O)COC(C)C,0.000137,-3.863279432843593,2,-4.166269452572459
13343,CC(COC(=O)*)(NCCCO*)C(=O)O,CC(COC(=O)[*])(NCCCO[*])C(=O)O,[*]COC(=O)OCCCNC([*])(C)C(=O)O,3.19e-05,-4.496209316942819,2,-4.298360009385733
13345,CC(CN(CCO*)C(C)C)OC(=O)*,CC(CN(CCO[*])C(C)C)OC(=O)[*],[*]CN(CCOC(=O)OC([*])C)C(C)C,5.59e-05,-4.252588192113577,0,-4.2520667082549055
13346,CCC(CNC(CO*)C(=O)OC)OC(=O)*,CCC(CNC(CO[*])C(=O)OC)OC(=O)[*],[*]CNC(COC(=O)OC([*])CC)C(=O)OC,6.54e-05,-4.184422251675732,1,-4.359807057691426
13350,CCC(NCC(CO*)OC(=O)*)C(N)=O,CCC(NCC(CO[*])OC(=O)[*])C(N)=O,[*]COC(=O)OC([*])CNC(CC)C(N)=O,5.98e-05,-4.223298816011589,3,-4.304011957957052
13352,CCC(CNCC(C)(C)CO*)OC(=O)*,CCC(CNCC(C)(C)CO[*])OC(=O)[*],[*]CNCC(C)(C)COC(=O)OC([*])CC,4.2e-05,-4.376750709602099,3,-4.346618259936545
13353,CCC(CNCC(O*)C(N)=O)OC(=O)*,CCC(CNCC(O[*])C(N)=O)OC(=O)[*],[*]CNCC(OC(=O)OC([*])CC)C(N)=O,4.82e-05,-4.31695296176115,1,-4.204401856364129
13365,CCC(=O)C(=O)NCC(CO*)OC(=O)*,CCC(=O)C(=O)NCC(CO[*])OC(=O)[*],[*]COC(=O)OC([*])CNC(=O)C(=O)CC,2.6e-05,-4.585026652029182,0,-4.290825910647774
13366,CCC(C)C(CO*)NCC(C)OC(=O)*,CCC(C)C(CO[*])NCC(C)OC(=O)[*],[*]COC(=O)OC(C)CNC([*])C(C)CC,4.42e-05,-4.354577730650908,1,-4.44953077411376
13367,NC(=O)CNC(=O)C(CCCNC(=O)*)N*,NC(=O)CNC(=O)C(CCCNC(=O)[*])N[*],[*]CCCNC(=O)NC([*])C(=O)NCC(N)=O,0.000124,-3.906578314837765,0,-4.103674747020538
13368,CC(N(C)CC(CO*)OC(=O)*)C(C)(C)C,CC(N(C)CC(CO[*])OC(=O)[*])C(C)(C)C,[*]COC(=O)OC([*])CN(C)C(C)C(C)(C)C,2.89e-05,-4.539102157243452,3,-4.6378594395570785
13369,CC(C)NC(=O)CNCC(COC(=O)*)O*,CC(C)NC(=O)CNCC(COC(=O)[*])O[*],[*]COC(=O)OC([*])CNCC(=O)NC(C)C,8.29e-05,-4.081445469449727,0,-4.165600469853311
13372,COCCCNC(CN*)CNC(=O)*,COCCCNC(CN[*])CNC(=O)[*],[*]CNC(=O)NCC([*])NCCCOC,0.000114,-3.9430951486635273,1,-3.9275644848696967
13373,CC(C)(CNC(=O)CCCCOC(=O)*)O*,CC(C)(CNC(=O)CCCCOC(=O)[*])O[*],[*]CNC(=O)CCCCOC(=O)OC([*])(C)C,8.82e-05,-4.054531414868181,0,-4.28693135132247
13374,CC(CCNC(=O)CNC(=O)*)N*,CC(CCNC(=O)CNC(=O)[*])N[*],[*]CCNC(=O)CNC(=O)NC([*])C,5.5e-05,-4.259637310505756,3,-4.29005346953171
13376,CCCCN(CC)CC(COC(=O)*)O*,CCCCN(CC)CC(COC(=O)[*])O[*],[*]COC(=O)OC([*])CN(CC)CCCC,2.86e-05,-4.543633966870957,2,-4.371096384968156
13377,COC(=O)C(CNC(C)CO*)OC(=O)*,COC(=O)C(CNC(C)CO[*])OC(=O)[*],[*]CNC(C)COC(=O)OC([*])C(=O)OC,6.51e-05,-4.186419011431808,0,-4.274901661965878
13378,CNC(=O)CN(CCCO*)CCOC(=O)*,CNC(=O)CN(CCCO[*])CCOC(=O)[*],[*]CCCOC(=O)OCCN([*])CC(=O)NC,7.82e-05,-4.106793246940152,0,-4.007661599706144
13379,CCCC(CC(=O)NC(C)COC(=O)*)O*,CCCC(CC(=O)NC(C)COC(=O)[*])O[*],[*]CC(=O)NC(C)COC(=O)OC([*])CCC,4.25e-05,-4.371611069949688,2,-4.210942874078431
13380,CCCC(CCO*)CNC(=O)*,CCCC(CCO[*])CNC(=O)[*],[*]CCOC(=O)NCC([*])CCC,3.16e-05,-4.5003129173815966,0,-4.350198506779199
13381,COCC(=O)N(C)CC(COC(=O)*)O*,COCC(=O)N(C)CC(COC(=O)[*])O[*],[*]COC(=O)OC([*])CN(C)C(=O)COC,5.15e-05,-4.288192770958809,1,-4.13505145512573
13383,CCC(CC)(CCOC(=O)*)NCCO*,CCC(CC)(CCOC(=O)[*])NCCO[*],[*]CCOC(=O)OCCNC([*])(CC)CC,4.03e-05,-4.394694953858891,0,-4.304326841490441
13384,CC(C)(OC(=O)*)C(=O)NCCO*,CC(C)(OC(=O)[*])C(=O)NCCO[*],[*]OC(=O)OCCNC(=O)C([*])(C)C,5.34e-05,-4.272458742971444,3,-4.1918131525857145
13386,CC(CCNC(=O)COCCNC(=O)*)N*,CC(CCNC(=O)COCCNC(=O)[*])N[*],[*]CCNC(=O)COCCNC(=O)NC([*])C,8e-05,-4.096910013008056,3,-4.049880645940522
13387,CC(CNCC(CN(C)C)O*)OC(=O)*,CC(CNCC(CN(C)C)O[*])OC(=O)[*],[*]CNCC(CN(C)C)OC(=O)OC([*])C,6.1e-05,-4.214670164989233,2,-4.068330233451363
13390,CC(CNC(C(=O)O)C(C)OC(=O)*)O*,CC(CNC(C(=O)O)C(C)OC(=O)[*])O[*],[*]CNC(C(=O)O)C(C)OC(=O)OC([*])C,6.37e-05,-4.195860567664649,2,-4.452111049645034
13393,CSCC(CN(C)C(C)CO*)OC(=O)*,CSCC(CN(C)C(C)CO[*])OC(=O)[*],[*]CN(C)C(C)COC(=O)OC([*])CSC,8.98e-05,-4.046723663332696,0,-4.177223534914666
13394,CC(C)(CNCC(C)(C)OC(=O)*)O*,CC(C)(CNCC(C)(C)OC(=O)[*])O[*],[*]CNCC(C)(C)OC(=O)OC([*])(C)C,5.02e-05,-4.29929628285498,3,-4.359891235930806
13395,CNC(=O)CNC(=O)C(CO*)NC(=O)*,CNC(=O)CNC(=O)C(CO[*])NC(=O)[*],[*]COC(=O)NC([*])C(=O)NCC(=O)NC,3.51e-05,-4.454692883534176,2,-4.217418208612299
13396,CC(C)C(C)(O*)C(=O)OCCCOC(=O)*,CC(C)C(C)(O[*])C(=O)OCCCOC(=O)[*],[*]OC(=O)OCCCOC(=O)C([*])(C)C(C)C,2.68e-05,-4.571865205971212,3,-4.312442504843955
13397,CN(CCCCCO*)CC(C)(C)NC(=O)*,CN(CCCCCO[*])CC(C)(C)NC(=O)[*],[*]CCCCCOC(=O)NC(C)(C)CN([*])C,6.92e-05,-4.1598939055432425,1,-4.2258799172460275
13398,CC(CC(C)OC(=O)*)NCC(C)O*,CC(CC(C)OC(=O)[*])NCC(C)O[*],[*]CC(C)OC(=O)OC(C)CNC([*])C,5.81e-05,-4.235823867609669,0,-4.248777243223349
13400,C#CCC(NC(=O)*)C(=O)N(C)CCO*,C#CCC(NC(=O)[*])C(=O)N(C)CCO[*],[*]NC(=O)OCCN(C)C(=O)C([*])CC#C,2.87e-05,-4.542118103266008,0,-4.308359085593791
13402,CC(C)C(N*)C(NC(=O)*)C(C)C,CC(C)C(N[*])C(NC(=O)[*])C(C)C,[*]NC(=O)NC(C(C)C)C([*])C(C)C,3.45e-05,-4.462180904926726,0,-4.553577664373576
13405,CCC(CNCC(CC(C)C)OC(=O)*)O*,CCC(CNCC(CC(C)C)OC(=O)[*])O[*],[*]CNCC(CC(C)C)OC(=O)OC([*])CC,4.11e-05,-4.386158178123931,2,-4.32437767134498
13407,CC(CC(C)(C)NC(=O)*)O*,CC(CC(C)(C)NC(=O)[*])O[*],[*]CC(C)(C)NC(=O)OC([*])C,2.77e-05,-4.557520230935552,0,-4.508836149699205
13408,CCC(CCO*)CNC(C)CCOC(=O)*,CCC(CCO[*])CNC(C)CCOC(=O)[*],[*]CCOC(=O)OCCC(C)NCC([*])CC,8.1e-05,-4.091514981121351,0,-4.1353550747165775
13411,CC(CCNS(=O)(=O)CCNC(=O)*)O*,CC(CCNS(=O)(=O)CCNC(=O)[*])O[*],[*]CCNS(=O)(=O)CCNC(=O)OC([*])C,4.88e-05,-4.311580177997289,1,-4.274664155476967
13412,CC(C)(CCCOC(=O)*)CN*,CC(C)(CCCOC(=O)[*])CN[*],[*]CCCOC(=O)NCC([*])(C)C,3.33e-05,-4.47755576649368,2,-4.358866111726073
13414,CCCCCCCC(CO*)OC(=O)*,CCCCCCCC(CO[*])OC(=O)[*],[*]COC(=O)OC([*])CCCCCCC,3.15e-05,-4.501689446210399,2,-4.412162332978904
13415,CC(CN(C)CC(OC(=O)*)C(C)C)N*,CC(CN(C)CC(OC(=O)[*])C(C)C)N[*],[*]CN(C)CC(OC(=O)NC([*])C)C(C)C,3.97e-05,-4.401209493236885,2,-4.344378423990979
13417,N#CCCCCNC(=O)CC(CNC(=O)*)O*,N#CCCCCNC(=O)CC(CNC(=O)[*])O[*],[*]CNC(=O)OC([*])CC(=O)NCCCCC#N,7.54e-05,-4.122628654130226,2,-4.156542079288384
13420,CCNC(=O)C(NC(=O)*)C(C)O*,CCNC(=O)C(NC(=O)[*])C(C)O[*],[*]NC(=O)OC(C)C([*])C(=O)NCC,4.7e-05,-4.327902142064283,0,-4.370428507929022
13421,CC(C)(CCC(=O)NCCCOC(=O)*)N*,CC(C)(CCC(=O)NCCCOC(=O)[*])N[*],[*]CCC(=O)NCCCOC(=O)NC([*])(C)C,9.07e-05,-4.042392712939905,0,-4.32007636980162
13423,CC(N*)C(C)NC(=O)COCCNC(=O)*,CC(N[*])C(C)NC(=O)COCCNC(=O)[*],[*]NC(=O)COCCNC(=O)NC(C)C([*])C,5.88e-05,-4.230622673923862,1,-4.226345358800635
13427,CCC(CN(C)C(CC)COC(=O)*)O*,CCC(CN(C)C(CC)COC(=O)[*])O[*],[*]CN(C)C(CC)COC(=O)OC([*])CC,4.62e-05,-4.335358024443875,2,-4.363924082617834
13428,CC(C)(C)C(CNC(=O)*)O*,CC(C)(C)C(CNC(=O)[*])O[*],[*]CNC(=O)OC([*])C(C)(C)C,3.57e-05,-4.447331783887806,2,-4.501765773316309
13429,CC(CN(C)C)NCC(CO*)OC(=O)*,CC(CN(C)C)NCC(CO[*])OC(=O)[*],[*]COC(=O)OC([*])CNC(C)CN(C)C,0.000101,-3.995678626217357,1,-4.147524619513488
13430,CCC(CC)(CN(C)CCO*)OC(=O)*,CCC(CC)(CN(C)CCO[*])OC(=O)[*],[*]CN(C)CCOC(=O)OC([*])(CC)CC,5.33e-05,-4.273272790973428,1,-4.3890983990365875
13431,CCCCCCNC(=O)C(CO*)NC(=O)*,CCCCCCNC(=O)C(CO[*])NC(=O)[*],[*]COC(=O)NC([*])C(=O)NCCCCCC,4e-05,-4.3979400086720375,0,-4.239610495267643
13432,CC(NC(=O)C(CNC(=O)*)O*)C(N)=O,CC(NC(=O)C(CNC(=O)[*])O[*])C(N)=O,[*]CNC(=O)OC([*])C(=O)NC(C)C(N)=O,7.49e-05,-4.125518182300533,2,-4.168957048513396
13436,CC(CCO*)NC(=O)COCCNC(=O)*,CC(CCO[*])NC(=O)COCCNC(=O)[*],[*]CCOC(=O)NCCOCC(=O)NC([*])C,9.49e-05,-4.022733787572707,1,-4.005781678895599
13438,CCC(C)CC(COC(=O)*)NCC(C)O*,CCC(C)CC(COC(=O)[*])NCC(C)O[*],[*]COC(=O)OC(C)CNC([*])CC(C)CC,7.3e-05,-4.136677139879544,3,-4.413056967482823
13439,NC(=O)CCNC(CO*)COC(=O)*,NC(=O)CCNC(CO[*])COC(=O)[*],[*]COC(=O)OCC([*])NCCC(N)=O,0.000109,-3.962573502059376,1,-4.104154986967901
13440,CC(CCCN(C)CC(C)OC(=O)*)O*,CC(CCCN(C)CC(C)OC(=O)[*])O[*],[*]CCCN(C)CC(C)OC(=O)OC([*])C,8.23e-05,-4.08460016478773,0,-4.223948626633502
13443,C#CC(C)(CCCC(C)(C)O*)OC(=O)*,C#CC(C)(CCCC(C)(C)O[*])OC(=O)[*],[*]CCCC(C)(C)OC(=O)OC([*])(C)C#C,4.18e-05,-4.3788237182249645,1,-4.543913245184209
13444,CC(COC(=O)*)N(C)CC(O*)C(C)(C)C,CC(COC(=O)[*])N(C)CC(O[*])C(C)(C)C,[*]COC(=O)OC(CN(C)C([*])C)C(C)(C)C,2.2e-05,-4.657577319177793,2,-4.48067975219884
13445,CN(CC#N)C(=O)CC(CN*)OC(=O)*,CN(CC#N)C(=O)CC(CN[*])OC(=O)[*],[*]CNC(=O)OC([*])CC(=O)N(C)CC#N,3.54e-05,-4.450996737974212,0,-4.183877873723369
13446,CC(C)OC(=O)CNCC(CO*)OC(=O)*,CC(C)OC(=O)CNCC(CO[*])OC(=O)[*],[*]COC(=O)OC([*])CNCC(=O)OC(C)C,9.38e-05,-4.027797161620936,1,-4.094377371714594
13447,CC(NCCCCCO*)C(C)OC(=O)*,CC(NCCCCCO[*])C(C)OC(=O)[*],[*]NCCCCCOC(=O)OC(C)C([*])C,8.9e-05,-4.050609993355088,1,-4.263917748516926
13449,CNCCNC(=O)CC(COC(=O)*)N*,CNCCNC(=O)CC(COC(=O)[*])N[*],[*]COC(=O)NC([*])CC(=O)NCCNC,6.52e-05,-4.185752404268079,0,-4.1429039015360365
13450,CCC(CC)(CN(C)CC(C)OC(=O)*)O*,CCC(CC)(CN(C)CC(C)OC(=O)[*])O[*],[*]CN(C)CC(C)OC(=O)OC([*])(CC)CC,5.11e-05,-4.291579099865287,0,-4.409748806160325
13451,CC(C)(CNCC(CO*)OC(=O)*)C(N)=O,CC(C)(CNCC(CO[*])OC(=O)[*])C(N)=O,[*]COC(=O)OC([*])CNCC(C)(C)C(N)=O,5.73e-05,-4.24184537803261,1,-4.310710198732687
13452,CCOCC(=O)NC(C)(CO*)COC(=O)*,CCOCC(=O)NC(C)(CO[*])COC(=O)[*],[*]COC(=O)OCC([*])(C)NC(=O)COCC,6.36e-05,-4.196542884351586,3,-4.228482460291465
13453,CNCC(CNCC(COC)OC(=O)*)O*,CNCC(CNCC(COC)OC(=O)[*])O[*],[*]CNCC(COC)OC(=O)OC([*])CNC,8.07e-05,-4.09312646527793,3,-4.09336609722749
13454,CC(CNCCC(C)(C)O*)OC(=O)*,CC(CNCCC(C)(C)O[*])OC(=O)[*],[*]CNCCC(C)(C)OC(=O)OC([*])C,3.79e-05,-4.421360790031928,1,-4.3832747334579425
13455,CC(CCCNC(=O)*)O*,CC(CCCNC(=O)[*])O[*],[*]CCCNC(=O)OC([*])C,3.82e-05,-4.417936637088292,2,-4.2596125550001895
13456,CCC(CO*)NCCCC(C)OC(=O)*,CCC(CO[*])NCCCC(C)OC(=O)[*],[*]COC(=O)OC(C)CCCNC([*])CC,6.05e-05,-4.218244625347531,3,-4.1988263575036004
13457,COC(=O)C(CNCCO*)OC(=O)*,COC(=O)C(CNCCO[*])OC(=O)[*],[*]CNCCOC(=O)OC([*])C(=O)OC,3.85e-05,-4.414539270491499,0,-4.1579118183127735
13458,CCCC(CCNCC(C)O*)OC(=O)*,CCCC(CCNCC(C)O[*])OC(=O)[*],[*]CCNCC(C)OC(=O)OC([*])CCC,2.92e-05,-4.534617148551582,0,-4.346103013557431
13459,CCC(CCOC(=O)*)NC(C)CCO*,CCC(CCOC(=O)[*])NC(C)CCO[*],[*]CCOC(=O)OCCC(C)NC([*])CC,6.14e-05,-4.211831628858833,1,-4.143408417641139
13460,C=CC(COC(=O)*)NC(=O)CNCCN*,C=CC(COC(=O)[*])NC(=O)CNCCN[*],[*]COC(=O)NCCNCC(=O)NC([*])C=C,0.000124,-3.906578314837765,3,-4.084513509044691
13461,CCCCN(CCCO*)CC(C)OC(=O)*,CCCCN(CCCO[*])CC(C)OC(=O)[*],[*]CCCOC(=O)OC(C)CN([*])CCCC,4.28e-05,-4.368556230986828,0,-4.253551729295226
13462,CCCC(CN(C)C(C)COC(=O)*)O*,CCCC(CN(C)C(C)COC(=O)[*])O[*],[*]CN(C)C(C)COC(=O)OC([*])CCC,5.17e-05,-4.286509456906058,2,-4.266845455108275
13463,COCC(NC(=O)*)C(=O)NOCC(C)N*,COCC(NC(=O)[*])C(=O)NOCC(C)N[*],[*]NC(=O)NC(C)CONC(=O)C([*])COC,0.000104,-3.98296666070122,2,-4.207992894113929
13464,CCC(CCCNC(=O)C(C)NC(=O)*)O*,CCC(CCCNC(=O)C(C)NC(=O)[*])O[*],[*]CCCNC(=O)C(C)NC(=O)OC([*])CC,3.05e-05,-4.515700160653214,3,-4.29967269763661
13465,CCCC(CCOC(=O)*)NCC(CC)O*,CCCC(CCOC(=O)[*])NCC(CC)O[*],[*]CCOC(=O)OC(CC)CNC([*])CCC,5.02e-05,-4.29929628285498,2,-4.35813576429079
13466,CNCC(C)(CN(C)CCNC(=O)*)O*,CNCC(C)(CN(C)CCNC(=O)[*])O[*],[*]CN(C)CCNC(=O)OC([*])(C)CNC,2.91e-05,-4.536107011014093,0,-4.220996744581627
13468,COCC(CN(C)CC(C)OC(=O)*)O*,COCC(CN(C)CC(C)OC(=O)[*])O[*],[*]CN(C)CC(C)OC(=O)OC([*])COC,9.56e-05,-4.0195421077239,3,-4.133416219359832
13469,CCC(CN(C)CCC(C)OC(=O)*)O*,CCC(CN(C)CCC(C)OC(=O)[*])O[*],[*]CN(C)CCC(C)OC(=O)OC([*])CC,5.5e-05,-4.259637310505756,1,-4.1665431411608065
13470,CC(=O)CNC(CO*)COC(=O)*,CC(=O)CNC(CO[*])COC(=O)[*],[*]COC(=O)OCC([*])NCC(C)=O,0.000112,-3.9507819773298185,3,-4.215916257057022
13473,CC(C)C(COC(=O)*)NCCC(C)(C)O*,CC(C)C(COC(=O)[*])NCCC(C)(C)O[*],[*]COC(=O)OC(C)(C)CCNC([*])C(C)C,4.63e-05,-4.334419008982047,0,-4.39461100663186
13474,CCC(COC(=O)*)NCCC(O*)C(C)C,CCC(COC(=O)[*])NCCC(O[*])C(C)C,[*]COC(=O)OC(CCNC([*])CC)C(C)C,4.49e-05,-4.347753658996677,0,-4.411866184966008
13475,CCCC(CCC)NC(CO*)COC(=O)*,CCCC(CCC)NC(CO[*])COC(=O)[*],[*]COC(=O)OCC([*])NC(CCC)CCC,2.9e-05,-4.537602002101044,0,-4.447334084686741
13476,CCN(CCN*)CC(C)(C)OC(=O)*,CCN(CCN[*])CC(C)(C)OC(=O)[*],[*]CCNC(=O)OC(C)(C)CN([*])CC,9.56e-05,-4.0195421077239,2,-4.314431289733664
13478,CCCCC(=O)NC(C)(CO*)COC(=O)*,CCCCC(=O)NC(C)(CO[*])COC(=O)[*],[*]COC(=O)OCC([*])(C)NC(=O)CCCC,5.37e-05,-4.270025714300444,0,-4.547416177488755
13479,CCC(COC(=O)*)NCCC(C)O*,CCC(COC(=O)[*])NCCC(C)O[*],[*]COC(=O)OC(C)CCNC([*])CC,7.21e-05,-4.142064735280571,0,-4.207138876022329
13480,C=CC(C)(O*)C(=O)N(C)CC(C)OC(=O)*,C=CC(C)(O[*])C(=O)N(C)CC(C)OC(=O)[*],[*]OC(=O)OC(C)CN(C)C(=O)C([*])(C)C=C,3.73e-05,-4.428291168191312,0,-4.389285525292633
13481,C#CCOCC(CNCCCOC(=O)*)O*,C#CCOCC(CNCCCOC(=O)[*])O[*],[*]CNCCCOC(=O)OC([*])COCC#C,0.000103,-3.987162775294828,2,-3.956745054602726
13482,CCC(CNC(C)C(C)OC(=O)*)O*,CCC(CNC(C)C(C)OC(=O)[*])O[*],[*]CNC(C)C(C)OC(=O)OC([*])CC,6.45e-05,-4.1904402853647325,0,-4.265114309901722
13483,C=C(COC(=O)*)C(=O)NC(C)CC(C)O*,C=C(COC(=O)[*])C(=O)NC(C)CC(C)O[*],[*]COC(=O)OC(C)CC(C)NC(=O)C([*])=C,3.51e-05,-4.454692883534176,0,-4.2275115392391145
13484,CC#CCCCC(=O)NC(CO*)COC(=O)*,CC#CCCCC(=O)NC(CO[*])COC(=O)[*],[*]COC(=O)OCC([*])NC(=O)CCCC#CC,5.47e-05,-4.262012673666569,2,-4.342064921805693
13485,CCCCCNC(=O)CC(CN*)OC(=O)*,CCCCCNC(=O)CC(CN[*])OC(=O)[*],[*]CNC(=O)OC([*])CC(=O)NCCCCC,8.38e-05,-4.076755981369724,1,-4.179919637612168
13486,C=C(COC(=O)*)C(=O)NCCCCO*,C=C(COC(=O)[*])C(=O)NCCCCO[*],[*]COC(=O)OCCCCNC(=O)C([*])=C,7.63e-05,-4.117475462045119,1,-4.098362914164502
13487,CCC(C)(O*)C(=O)NCCC(C)OC(=O)*,CCC(C)(O[*])C(=O)NCCC(C)OC(=O)[*],[*]OC(=O)OC(C)CCNC(=O)C([*])(C)CC,4.61e-05,-4.336299074610352,1,-4.306627759895388
13488,COCC(C)(CO*)CC(C)COC(=O)*,COCC(C)(CO[*])CC(C)COC(=O)[*],[*]COC(=O)OCC(C)CC([*])(C)COC,4.86e-05,-4.313363730737707,0,-4.563431234252463
13489,CC(C)C(CN(CCOC(=O)*)C(C)C)O*,CC(C)C(CN(CCOC(=O)[*])C(C)C)O[*],[*]CN(CCOC(=O)OC([*])C(C)C)C(C)C,4.05e-05,-4.392544976785332,2,-4.4877141879595746
13491,C=CCNCCN(CCN*)CCNC(=O)*,C=CCNCCN(CCN[*])CCNC(=O)[*],[*]CCNC(=O)NCCN([*])CCNCC=C,0.000182,-3.739928612014925,0,-3.943914570934136
13492,C=CC(CO*)NC(=O)C(C)(C)COC(=O)*,C=CC(CO[*])NC(=O)C(C)(C)COC(=O)[*],[*]COC(=O)OCC(C)(C)C(=O)NC([*])C=C,4.43e-05,-4.3535962737769305,0,-4.326657295016046
13493,CCNC(=O)CC(CN*)OC(=O)*,CCNC(=O)CC(CN[*])OC(=O)[*],[*]CNC(=O)OC([*])CC(=O)NCC,0.0001,-4.0,0,-4.307596398404977
13494,CCC(C)(COC(=O)*)NC(C)CCO*,CCC(C)(COC(=O)[*])NC(C)CCO[*],[*]COC(=O)OCCC(C)NC([*])(C)CC,5.01e-05,-4.300162274132754,1,-4.371563623155043
13495,CC(C)(CC(C)(C)OC(=O)*)O*,CC(C)(CC(C)(C)OC(=O)[*])O[*],[*]CC(C)(C)OC(=O)OC([*])(C)C,1.48e-05,-4.8297382846050425,2,-4.513391483982648
13496,CCCC(CN(CC)CCCO*)OC(=O)*,CCCC(CN(CC)CCCO[*])OC(=O)[*],[*]CN(CC)CCCOC(=O)OC([*])CCC,5.12e-05,-4.29073003902417,2,-4.189708393225187
13497,CC(C)(C)C(C)(CN*)OC(=O)*,CC(C)(C)C(C)(CN[*])OC(=O)[*],[*]CNC(=O)OC([*])(C)C(C)(C)C,2.64e-05,-4.578396073130169,2,-4.741341635128051
13498,CCC(C)NC(C)(CO*)COC(=O)*,CCC(C)NC(C)(CO[*])COC(=O)[*],[*]COC(=O)OCC([*])(C)NC(C)CC,2.03e-05,-4.692503962086787,0,-4.530201116541152
13499,CCC(CNC(COC(=O)*)CC(C)C)O*,CCC(CNC(COC(=O)[*])CC(C)C)O[*],[*]CNC(COC(=O)OC([*])CC)CC(C)C,4.7e-05,-4.327902142064283,2,-4.351957051837221
13500,CC(CCNC(=O)CC(C)(C)O*)OC(=O)*,CC(CCNC(=O)CC(C)(C)O[*])OC(=O)[*],[*]CCNC(=O)CC(C)(C)OC(=O)OC([*])C,4.05e-05,-4.392544976785332,1,-4.341811240328199
13501,CCCC(C)C(COC(=O)*)N*,CCCC(C)C(COC(=O)[*])N[*],[*]COC(=O)NC([*])C(C)CCC,3.85e-05,-4.414539270491499,0,-4.600020414215431
13502,CC(=O)CSCC(C)(CO*)COC(=O)*,CC(=O)CSCC(C)(CO[*])COC(=O)[*],[*]COC(=O)OCC([*])(C)CSCC(C)=O,5.71e-05,-4.243363891754152,3,-4.297760147204109
13503,CC(C)(COC(=O)*)NC(=O)CCCCO*,CC(C)(COC(=O)[*])NC(=O)CCCCO[*],[*]COC(=O)OCCCCC(=O)NC([*])(C)C,5.65e-05,-4.247951552180561,2,-4.274534256764894
13504,CC(CNCC(CC(C)(C)C)O*)OC(=O)*,CC(CNCC(CC(C)(C)C)O[*])OC(=O)[*],[*]CNCC(CC(C)(C)C)OC(=O)OC([*])C,5.07e-05,-4.294992040666664,0,-4.393700378567654
13505,C#CCC(COC(=O)*)NC(C)CCO*,C#CCC(COC(=O)[*])NC(C)CCO[*],[*]COC(=O)OCCC(C)NC([*])CC#C,0.000104,-3.98296666070122,1,-4.059444422623408
13506,C#CCCNC(CO*)COC(=O)*,C#CCCNC(CO[*])COC(=O)[*],[*]COC(=O)OCC([*])NCCC#C,6.05e-05,-4.218244625347531,3,-4.255753516462072
13507,CNCC(C)NC(=O)C(CO*)NC(=O)*,CNCC(C)NC(=O)C(CO[*])NC(=O)[*],[*]COC(=O)NC([*])C(=O)NC(C)CNC,6.89e-05,-4.161780778092374,3,-4.364897735358577
13508,C=CC(OC(=O)*)C(=O)NOC(C)(C)CO*,C=CC(OC(=O)[*])C(=O)NOC(C)(C)CO[*],[*]OC(=O)OCC(C)(C)ONC(=O)C([*])C=C,4.89e-05,-4.31069114087638,2,-4.375426386969286
13509,CN(CCCCCCNC(=O)*)CCCN*,CN(CCCCCCNC(=O)[*])CCCN[*],[*]CCCCCCNC(=O)NCCCN([*])C,8.96e-05,-4.047691990337875,1,-3.9930928531575125
13510,CCN(CC(C)(C)OC(=O)*)C(C)C(C)O*,CCN(CC(C)(C)OC(=O)[*])C(C)C(C)O[*],[*]CC(C)(C)OC(=O)OC(C)C(C)N([*])CC,4.12e-05,-4.3851027839668655,3,-4.502644783814838
13511,CC(C)(CNCCCCN*)NC(=O)*,CC(C)(CNCCCCN[*])NC(=O)[*],[*]CNCCCCNC(=O)NC([*])(C)C,6.32e-05,-4.199282921717615,3,-4.149529669378442
13512,C=CC=CCCN(CCO*)CCOC(=O)*,C=CC=CCCN(CCO[*])CCOC(=O)[*],[*]CCOC(=O)OCCN([*])CCC=CC=C,0.000106,-3.9746941347352296,1,-3.8976272150423057
13514,COC(CNC(=O)*)C(=O)N(C)CCO*,COC(CNC(=O)[*])C(=O)N(C)CCO[*],[*]CNC(=O)OCCN(C)C(=O)C([*])OC,4.17e-05,-4.379863945026242,3,-4.324245415381483
13515,CC(CC(C)NC(=O)*)NCCCN*,CC(CC(C)NC(=O)[*])NCCCN[*],[*]CC(C)NC(=O)NCCCNC([*])C,5.09e-05,-4.293282217663242,0,-4.3389850621709645
13516,CC(C)N(CCCO*)CCNC(=O)*,CC(C)N(CCCO[*])CCNC(=O)[*],[*]CCCOC(=O)NCCN([*])C(C)C,0.000127,-3.896196279044043,3,-4.232758270841391
13517,CN(CCN*)C(=O)C(CCCC#N)NC(=O)*,CN(CCN[*])C(=O)C(CCCC#N)NC(=O)[*],[*]CCNC(=O)NC(CCCC#N)C(=O)N([*])C,5.36e-05,-4.27083521030723,1,-4.226394425029617
13519,C=CC(C)(CNCC(C)O*)OC(=O)*,C=CC(C)(CNCC(C)O[*])OC(=O)[*],[*]CNCC(C)OC(=O)OC([*])(C)C=C,6.02e-05,-4.220403508742176,3,-4.324493992454786
13520,CCC(CCOC(=O)*)NC(C)C(C)O*,CCC(CCOC(=O)[*])NC(C)C(C)O[*],[*]CCOC(=O)OC(C)C(C)NC([*])CC,3.99e-05,-4.399027104313252,3,-4.276610013630817
13521,CC=CC(OC(=O)*)C(=O)NC(C#N)CO*,CC=CC(OC(=O)[*])C(=O)NC(C#N)CO[*],[*]OC(=O)OCC(C#N)NC(=O)C([*])C=CC,3.5e-05,-4.455931955649724,3,-4.351674159781186
13522,CC(CN(C)CCCOC(=O)*)O*,CC(CN(C)CCCOC(=O)[*])O[*],[*]CN(C)CCCOC(=O)OC([*])C,5.21e-05,-4.283162276700476,3,-4.1218678206750985
13523,C#CCNC(=O)NC(CO*)COC(=O)*,C#CCNC(=O)NC(CO[*])COC(=O)[*],[*]COC(=O)OCC([*])NC(=O)NCC#C,4.95e-05,-4.305394801066432,0,-4.3271992909016195
13524,C=C(COC(=O)*)C(=O)N(C)CCCCO*,C=C(COC(=O)[*])C(=O)N(C)CCCCO[*],[*]COC(=O)OCCCCN(C)C(=O)C([*])=C,0.000158,-3.801342913045578,0,-4.229587053477895
13525,CC(C)CN(CCN*)CCOC(=O)*,CC(C)CN(CCN[*])CCOC(=O)[*],[*]CCNC(=O)OCCN([*])CC(C)C,8.21e-05,-4.085656842880559,2,-4.241969465909733
13526,CCC(CO*)N(C)CCCC(C)OC(=O)*,CCC(CO[*])N(C)CCCC(C)OC(=O)[*],[*]COC(=O)OC(C)CCCN(C)C([*])CC,6.32e-05,-4.199282921717615,2,-4.213077947129311
13527,CCC(C)(C)CCNC(CO*)COC(=O)*,CCC(C)(C)CCNC(CO[*])COC(=O)[*],[*]COC(=O)OCC([*])NCCC(C)(C)CC,3e-05,-4.522878745280337,0,-4.621238560327709
13529,C=CC(CO*)NC(CC)COC(=O)*,C=CC(CO[*])NC(CC)COC(=O)[*],[*]COC(=O)OCC(CC)NC([*])C=C,0.000119,-3.924453038607469,2,-4.261170403465252
13530,CC(C)OCCNC(=O)C(COC(=O)*)N*,CC(C)OCCNC(=O)C(COC(=O)[*])N[*],[*]COC(=O)NC([*])C(=O)NCCOC(C)C,5.33e-05,-4.273272790973428,3,-4.085235241785888
13531,CCC(C)C(CNCC(C)O*)OC(=O)*,CCC(C)C(CNCC(C)O[*])OC(=O)[*],[*]CNCC(C)OC(=O)OC([*])C(C)CC,6.42e-05,-4.192464971931146,0,-4.47133558720535
13532,CC(CN(CC=CCl)CCO*)OC(=O)*,CC(CN(CC=CCl)CCO[*])OC(=O)[*],[*]CN(CC=CCl)CCOC(=O)OC([*])C,6.69e-05,-4.174573882232177,1,-4.146134337769063
13533,CCC(CNCC(C)(O*)C(C)C)OC(=O)*,CCC(CNCC(C)(O[*])C(C)C)OC(=O)[*],[*]CNCC(C)(OC(=O)OC([*])CC)C(C)C,6.26e-05,-4.20342566678957,0,-4.354499157525758
13534,CC(CCCNC(C)CCO*)COC(=O)*,CC(CCCNC(C)CCO[*])COC(=O)[*],[*]CCCNC(C)CCOC(=O)OCC([*])C,6.08e-05,-4.216096420727265,3,-4.209712050987033
13535,COCC(CCNC(=O)CCOC(=O)*)O*,COCC(CCNC(=O)CCOC(=O)[*])O[*],[*]CCNC(=O)CCOC(=O)OC([*])COC,6.87e-05,-4.16304326294045,0,-3.935074570359059
13536,CCCC(OC(=O)*)C(=O)OCCO*,CCCC(OC(=O)[*])C(=O)OCCO[*],[*]OC(=O)OCCOC(=O)C([*])CCC,6.02e-05,-4.220403508742176,3,-4.262508563910809
13537,NC(=O)CCNC(=O)C(CCN*)NC(=O)*,NC(=O)CCNC(=O)C(CCN[*])NC(=O)[*],[*]CCNC(=O)NC([*])C(=O)NCCC(N)=O,4.8e-05,-4.318758762624412,2,-4.0396291366913095
13538,CC(C)=CCN(CCOC(=O)*)CC(C)O*,CC(C)=CCN(CCOC(=O)[*])CC(C)O[*],[*]CCOC(=O)OC(C)CN([*])CC=C(C)C,5.34e-05,-4.272458742971444,2,-4.262840689751805
13539,CCCC(CCOC(=O)*)NC(C)C(C)O*,CCCC(CCOC(=O)[*])NC(C)C(C)O[*],[*]CCOC(=O)OC(C)C(C)NC([*])CCC,5.14e-05,-4.289036881004725,1,-4.42402134379246
13540,CCC(CCNC(=O)CC(C)NC(=O)*)O*,CCC(CCNC(=O)CC(C)NC(=O)[*])O[*],[*]CCNC(=O)CC(C)NC(=O)OC([*])CC,4.41e-05,-4.355561410532162,2,-4.264169539292883
13541,C=C(CC)C(=O)NC(CO*)COC(=O)*,C=C(CC)C(=O)NC(CO[*])COC(=O)[*],[*]COC(=O)OCC([*])NC(=O)C(=C)CC,7.88e-05,-4.103473782510445,1,-4.3021038898288255
13542,N=CNC(=O)C(CCCNC(=O)*)N*,N=CNC(=O)C(CCCNC(=O)[*])N[*],[*]CCCNC(=O)NC([*])C(=O)NC=N,9.17e-05,-4.037630664329979,3,-4.311340923683698
13543,CC(C)CC(C)NCC(CO*)OC(=O)*,CC(C)CC(C)NCC(CO[*])OC(=O)[*],[*]COC(=O)OC([*])CNC(C)CC(C)C,2.59e-05,-4.586700235918748,0,-4.522764143724744
13544,CC(CCO*)NCC(COC(=O)*)C(C)C,CC(CCO[*])NCC(COC(=O)[*])C(C)C,[*]CCOC(=O)OCC(CNC([*])C)C(C)C,5.82e-05,-4.235077015350112,3,-4.340417873968401
13545,CCCCOC(=O)NCC(CO*)OC(=O)*,CCCCOC(=O)NCC(CO[*])OC(=O)[*],[*]COC(=O)OC([*])CNC(=O)OCCCC,3.25e-05,-4.488116639021126,0,-4.245562951285389
13546,CSCC(CN(C)CC(C)NC(=O)*)O*,CSCC(CN(C)CC(C)NC(=O)[*])O[*],[*]CN(C)CC(C)NC(=O)OC([*])CSC,7.03e-05,-4.153044674980176,3,-4.303144787030529
13547,CN(CCCCNC(=O)*)CCCN*,CN(CCCCNC(=O)[*])CCCN[*],[*]CCCCNC(=O)NCCCN([*])C,0.000111,-3.9546770212133424,2,-3.9829285008791055
13548,CCCCC(CO*)COC(=O)*,CCCCC(CO[*])COC(=O)[*],[*]COC(=O)OCC([*])CCCC,7.29e-05,-4.137272471682025,1,-4.435052252830442
13549,CCC(CNCCCC(C)(C)O*)OC(=O)*,CCC(CNCCCC(C)(C)O[*])OC(=O)[*],[*]CNCCCC(C)(C)OC(=O)OC([*])CC,5.12e-05,-4.29073003902417,0,-4.381031563993336
13550,CC(CCCNC(=O)*)CN*,CC(CCCNC(=O)[*])CN[*],[*]CCCNC(=O)NCC([*])C,5.04e-05,-4.297569463554475,3,-4.297989172382298
13551,CCC=CNC(=O)C(CCCCNC(=O)*)N*,CCC=CNC(=O)C(CCCCNC(=O)[*])N[*],[*]CCCCNC(=O)NC([*])C(=O)NC=CCC,4.83e-05,-4.316052869248487,0,-4.36654180529568
13552,CCC(CNCCC(C)CCO*)OC(=O)*,CCC(CNCCC(C)CCO[*])OC(=O)[*],[*]CNCCC(C)CCOC(=O)OC([*])CC,4.46e-05,-4.350665141287858,2,-4.054183498748895
13553,CCC(C)C(=O)NC(C)(CO*)COC(=O)*,CCC(C)C(=O)NC(C)(CO[*])COC(=O)[*],[*]COC(=O)OCC([*])(C)NC(=O)C(C)CC,2.14e-05,-4.669586226650809,0,-4.427469435439358
13554,COCCNC(=O)NCC(CO*)OC(=O)*,COCCNC(=O)NCC(CO[*])OC(=O)[*],[*]COC(=O)OC([*])CNC(=O)NCCOC,9.77e-05,-4.0101054362812265,2,-4.035279318120691
13555,CC(C)CNCC(CC(C)(C)O*)OC(=O)*,CC(C)CNCC(CC(C)(C)O[*])OC(=O)[*],[*]CC(C)(C)OC(=O)OC([*])CNCC(C)C,3.34e-05,-4.476253533188435,1,-4.622686417062627
13556,O=C(CCCCCN*)NCCCOC(=O)*,O=C(CCCCCN[*])NCCCOC(=O)[*],[*]CCCCCNC(=O)OCCCNC([*])=O,8.85e-05,-4.053056729302175,1,-4.118665154566143
13557,CC(CC#N)NCC(O*)C(C)OC(=O)*,CC(CC#N)NCC(O[*])C(C)OC(=O)[*],[*]OC(=O)OC(C)C([*])CNC(C)CC#N,5.02e-05,-4.29929628285498,1,-4.166241397897513
13558,CCC=CNC(=O)C(CCCNC(=O)*)N*,CCC=CNC(=O)C(CCCNC(=O)[*])N[*],[*]CCCNC(=O)NC([*])C(=O)NC=CCC,3.34e-05,-4.476253533188435,0,-4.382974980487195
13559,O=C(COC(=O)*)NC(CO*)CC(F)F,O=C(COC(=O)[*])NC(CO[*])CC(F)F,[*]COC(=O)OCC(CC(F)F)NC([*])=O,4.6e-05,-4.337242168318426,0,-4.221794114963442
13560,CCCCCCN(C)CC(CN*)OC(=O)*,CCCCCCN(C)CC(CN[*])OC(=O)[*],[*]CNC(=O)OC([*])CN(C)CCCCCC,2.96e-05,-4.528708288941061,0,-4.306962071240832
13561,CCC(CNC(CC)C(C)(C)O*)OC(=O)*,CCC(CNC(CC)C(C)(C)O[*])OC(=O)[*],[*]CNC(CC)C(C)(C)OC(=O)OC([*])CC,2.54e-05,-4.5951662833800615,3,-4.356250689669749
13562,CC(COC(=O)*)NC(C)C(C)O*,CC(COC(=O)[*])NC(C)C(C)O[*],[*]COC(=O)OC(C)C(C)NC([*])C,2.86e-05,-4.543633966870957,3,-4.290393813288644
13563,CCC(CNC(C)CCCCO*)OC(=O)*,CCC(CNC(C)CCCCO[*])OC(=O)[*],[*]CNC(C)CCCCOC(=O)OC([*])CC,5.14e-05,-4.289036881004725,2,-4.17769939899531
13564,CC(C)(CCOC(=O)*)N*,CC(C)(CCOC(=O)[*])N[*],[*]CCOC(=O)NC([*])(C)C,4.65e-05,-4.332547047110047,3,-4.452853577413328
13565,C#CC(C)(NC(=O)*)C(=O)NCCCCN*,C#CC(C)(NC(=O)[*])C(=O)NCCCCN[*],[*]NC(=O)NCCCCNC(=O)C([*])(C)C#C,6.78e-05,-4.168770306132937,0,-4.197217887677545
13566,CC(C)OC(=O)C(C)(CO*)COC(=O)*,CC(C)OC(=O)C(C)(CO[*])COC(=O)[*],[*]COC(=O)OCC([*])(C)C(=O)OC(C)C,2.79e-05,-4.554395796726403,1,-4.533290623767184
13567,CCCC(CNC(C)(C)CCO*)OC(=O)*,CCCC(CNC(C)(C)CCO[*])OC(=O)[*],[*]CNC(C)(C)CCOC(=O)OC([*])CCC,3.84e-05,-4.4156687756324695,3,-4.325756626180989
13568,CC(CCCO*)NC(C)CCOC(=O)*,CC(CCCO[*])NC(C)CCOC(=O)[*],[*]CCCOC(=O)OCCC(C)NC([*])C,0.000117,-3.9318141382538383,1,-4.109706727300925
13569,CC(CC#N)C(=O)NC(CO*)COC(=O)*,CC(CC#N)C(=O)NC(CO[*])COC(=O)[*],[*]COC(=O)OCC([*])NC(=O)C(C)CC#N,5.72e-05,-4.242603971206976,1,-4.291929562136997
13570,CC(CC(=O)OCC(C)(C)OC(=O)*)O*,CC(CC(=O)OCC(C)(C)OC(=O)[*])O[*],[*]CC(=O)OCC(C)(C)OC(=O)OC([*])C,4.67e-05,-4.330683119433888,3,-4.440924256924776
13571,CCN(CCCCO*)C(C)COC(=O)*,CCN(CCCCO[*])C(C)COC(=O)[*],[*]CCCCOC(=O)OCC(C)N([*])CC,4.29e-05,-4.367542707815276,1,-4.098676481620801
13572,CC(C)CN(C)CC(O*)C(C)(C)OC(=O)*,CC(C)CN(C)CC(O[*])C(C)(C)OC(=O)[*],[*]OC(=O)OC(C)(C)C([*])CN(C)CC(C)C,4.97e-05,-4.303643611266668,0,-4.402792142839704
13573,CC(C)CC(C)CNC(CO*)COC(=O)*,CC(C)CC(C)CNC(CO[*])COC(=O)[*],[*]COC(=O)OCC([*])NCC(C)CC(C)C,3.3e-05,-4.481486060122113,0,-4.383647224336742
13574,CC(CCCCNC(=O)*)N*,CC(CCCCNC(=O)[*])N[*],[*]CCCCNC(=O)NC([*])C,5.21e-05,-4.283162276700476,2,-4.150649081059354
13575,COCC(C)N(CCO*)CCOC(=O)*,COCC(C)N(CCO[*])CCOC(=O)[*],[*]CCOC(=O)OCCN([*])C(C)COC,7.07e-05,-4.150580586203101,1,-4.057581319203806
13576,CC(CNCCCOC(=O)*)O*,CC(CNCCCOC(=O)[*])O[*],[*]CNCCCOC(=O)OC([*])C,0.000131,-3.882728704344236,2,-4.11168911983855
13577,C=C(CO*)C(=O)NC(C)(CC)COC(=O)*,C=C(CO[*])C(=O)NC(C)(CC)COC(=O)[*],[*]COC(=O)OCC(C)(CC)NC(=O)C([*])=C,2.89e-05,-4.539102157243452,3,-4.387690010590427
13578,CCC(CN(C)CC(C)N*)OC(=O)*,CCC(CN(C)CC(C)N[*])OC(=O)[*],[*]CN(C)CC(C)NC(=O)OC([*])CC,6.57e-05,-4.182434630440219,1,-4.235219797800594
13579,CCN(CCCCCCN*)CCNC(=O)*,CCN(CCCCCCN[*])CCNC(=O)[*],[*]CCCCCCNC(=O)NCCN([*])CC,0.000116,-3.9355420107730814,2,-4.041560770282204
13580,CC(C)CCCN(C)CC(CN*)OC(=O)*,CC(C)CCCN(C)CC(CN[*])OC(=O)[*],[*]CNC(=O)OC([*])CN(C)CCCC(C)C,3.66e-05,-4.436518914605589,1,-4.267971745860962
13581,C#CCC(CO*)NC(=O)CCCCOC(=O)*,C#CCC(CO[*])NC(=O)CCCCOC(=O)[*],[*]COC(=O)OCCCCC(=O)NC([*])CC#C,5.05e-05,-4.296708621881338,1,-4.144424996286374
13582,CC(CCN*)NCC(CC(F)F)NC(=O)*,CC(CCN[*])NCC(CC(F)F)NC(=O)[*],[*]CCNC(=O)NC(CNC([*])C)CC(F)F,6.98e-05,-4.156144577376839,3,-4.159398274920358
13583,CC(CN(C)CC(O*)C(C)(C)C)OC(=O)*,CC(CN(C)CC(O[*])C(C)(C)C)OC(=O)[*],[*]CN(C)CC(OC(=O)OC([*])C)C(C)(C)C,1.86e-05,-4.730487055782084,3,-4.37633517845531
13584,CCC(CC)(CNC(=O)C(C)NC(=O)*)O*,CCC(CC)(CNC(=O)C(C)NC(=O)[*])O[*],[*]CNC(=O)C(C)NC(=O)OC([*])(CC)CC,5.8e-05,-4.236572006437063,3,-4.401138624638429
13585,CC(C)(CNC(C)(C)C(C)(C)OC(=O)*)O*,CC(C)(CNC(C)(C)C(C)(C)OC(=O)[*])O[*],[*]CNC(C)(C)C(C)(C)OC(=O)OC([*])(C)C,5.38e-05,-4.269217724333611,3,-4.475907853834552
13586,CC(CN(C(N)=O)C(C)COC(=O)*)O*,CC(CN(C(N)=O)C(C)COC(=O)[*])O[*],[*]CN(C(N)=O)C(C)COC(=O)OC([*])C,4.7e-05,-4.327902142064283,0,-4.215275229631532
13587,CC(CCCN(C)C(C)CCO*)OC(=O)*,CC(CCCN(C)C(C)CCO[*])OC(=O)[*],[*]CCCN(C)C(C)CCOC(=O)OC([*])C,5.22e-05,-4.282329496997738,1,-4.237321739287247
13588,CCC(C)(C)NC(=O)CC(CN*)OC(=O)*,CCC(C)(C)NC(=O)CC(CN[*])OC(=O)[*],[*]CNC(=O)OC([*])CC(=O)NC(C)(C)CC,5.19e-05,-4.284832642151542,3,-4.46252353012228
13589,CC(C)C(C)(O*)C(=O)N(C)CCOC(=O)*,CC(C)C(C)(O[*])C(=O)N(C)CCOC(=O)[*],[*]OC(=O)OCCN(C)C(=O)C([*])(C)C(C)C,5.14e-05,-4.289036881004725,2,-4.421925421897103
13590,CC(CCNC(=O)C(C)N*)NC(=O)*,CC(CCNC(=O)C(C)N[*])NC(=O)[*],[*]CCNC(=O)C(C)NC(=O)NC([*])C,4.1e-05,-4.3872161432802645,1,-4.3693669651472655
13591,CC(C)(C)C(OC(=O)*)C(=O)NOCCO*,CC(C)(C)C(OC(=O)[*])C(=O)NOCCO[*],[*]OC(=O)OCCONC(=O)C([*])C(C)(C)C,4.74e-05,-4.324221658325915,1,-4.384595334474207
13592,C=CCCCC(N*)C(=O)NCCNC(=O)*,C=CCCCC(N[*])C(=O)NCCNC(=O)[*],[*]NC(=O)NCCNC(=O)C([*])CCCC=C,9.19e-05,-4.036684488613889,1,-4.267622192350681
13594,CCN(C(=O)C(NC(=O)*)C(C)O*)C(C)C#N,CCN(C(=O)C(NC(=O)[*])C(C)O[*])C(C)C#N,[*]NC(=O)OC(C)C([*])C(=O)N(CC)C(C)C#N,6.27e-05,-4.202732459169283,1,-4.59864373377169
13595,CCC(=O)NCC(CNCCOC(=O)*)O*,CCC(=O)NCC(CNCCOC(=O)[*])O[*],[*]CNCCOC(=O)OC([*])CNC(=O)CC,9.5e-05,-4.022276394711152,3,-4.145115826538458
13596,CCC(C)NC(CC)(CO*)COC(=O)*,CCC(C)NC(CC)(CO[*])COC(=O)[*],[*]COC(=O)OCC([*])(CC)NC(C)CC,3.52e-05,-4.453457336521869,0,-4.555878141516846
13597,CCCCC(=O)NC(COC(=O)*)C(C)O*,CCCCC(=O)NC(COC(=O)[*])C(C)O[*],[*]COC(=O)OC(C)C([*])NC(=O)CCCC,5.35e-05,-4.271646217978772,2,-4.347564123263055
13598,C#CCN(CC)CC(COC(=O)*)O*,C#CCN(CC)CC(COC(=O)[*])O[*],[*]COC(=O)OC([*])CN(CC)CC#C,6.85e-05,-4.164309428507575,0,-4.166202576753425
13599,C=CC(C)(CNCC(=O)CCOC(=O)*)O*,C=CC(C)(CNCC(=O)CCOC(=O)[*])O[*],[*]CNCC(=O)CCOC(=O)OC([*])(C)C=C,0.000119,-3.924453038607469,1,-4.182432448736092
13600,CCC(C)N(CCCCOC(=O)*)CCO*,CCC(C)N(CCCCOC(=O)[*])CCO[*],[*]CCCCOC(=O)OCCN([*])C(C)CC,4.27e-05,-4.369572124974976,2,-4.1310688184709266
13601,CCCC(COC(=O)*)NCC(CCC)O*,CCCC(COC(=O)[*])NCC(CCC)O[*],[*]COC(=O)OC(CCC)CNC([*])CCC,4.85e-05,-4.314258261397736,0,-4.270313864690771
13602,CC(CO*)(COC(=O)*)C(=O)OCC#N,CC(CO[*])(COC(=O)[*])C(=O)OCC#N,[*]COC(=O)OCC([*])(C)C(=O)OCC#N,2.73e-05,-4.563837352959244,3,-4.347192962434632
13603,CCCN(CCCC(C)O*)CCOC(=O)*,CCCN(CCCC(C)O[*])CCOC(=O)[*],[*]CCCC(C)OC(=O)OCCN([*])CCC,0.0001,-4.0,1,-4.234926064841918
13604,CC(N*)C(=O)NC(CCOC(=O)*)C(C)C,CC(N[*])C(=O)NC(CCOC(=O)[*])C(C)C,[*]NC(=O)OCCC(NC(=O)C([*])C)C(C)C,5.3e-05,-4.275724130399211,3,-4.377785912256821
13605,CCC(CO*)NC(C)C(C)(C)COC(=O)*,CCC(CO[*])NC(C)C(C)(C)COC(=O)[*],[*]COC(=O)OCC(C)(C)C(C)NC([*])CC,4.44e-05,-4.35261702988538,2,-4.506680386513879
13606,COCC(C)(C)N(C)CC(COC(=O)*)O*,COCC(C)(C)N(C)CC(COC(=O)[*])O[*],[*]COC(=O)OC([*])CN(C)C(C)(C)COC,5.14e-05,-4.289036881004725,2,-4.257160924869568
13607,CC(C)C(COC(=O)*)NCC(O*)C(C)C,CC(C)C(COC(=O)[*])NCC(O[*])C(C)C,[*]COC(=O)OC(CNC([*])C(C)C)C(C)C,3.87e-05,-4.412289034981089,3,-4.346975407704957
13608,CC(C)(CNCCCCCCNC(=O)*)N*,CC(C)(CNCCCCCCNC(=O)[*])N[*],[*]CNCCCCCCNC(=O)NC([*])(C)C,0.000127,-3.896196279044043,2,-4.11834850348162
13609,CC(N*)C(=O)NCCCCCCNC(=O)*,CC(N[*])C(=O)NCCCCCCNC(=O)[*],[*]NC(=O)NCCCCCCNC(=O)C([*])C,7.2e-05,-4.142667503568732,0,-4.259275816826625
13610,C#CC(C)(CC)NCC(COC(=O)*)O*,C#CC(C)(CC)NCC(COC(=O)[*])O[*],[*]COC(=O)OC([*])CNC(C)(C#C)CC,2.84e-05,-4.546681659952962,0,-4.48122242401848
13611,CC(C)(C)NC(=O)NCC(CO*)OC(=O)*,CC(C)(C)NC(=O)NCC(CO[*])OC(=O)[*],[*]COC(=O)OC([*])CNC(=O)NC(C)(C)C,3.54e-05,-4.450996737974212,3,-4.306246733888367
13612,CCC(CNCC(CO*)C(C)C)OC(=O)*,CCC(CNCC(CO[*])C(C)C)OC(=O)[*],[*]CNCC(COC(=O)OC([*])CC)C(C)C,3.65e-05,-4.437707135543525,1,-4.294289154467844
13613,CCC(C)N(CCO*)CC(C)COC(=O)*,CCC(C)N(CCO[*])CC(C)COC(=O)[*],[*]CCOC(=O)OCC(C)CN([*])C(C)CC,4.79e-05,-4.319664486585437,2,-4.370198242132876
13614,CC(OC(=O)*)C(C)N(C)CC(C)(C)CN*,CC(OC(=O)[*])C(C)N(C)CC(C)(C)CN[*],[*]OC(=O)NCC(C)(C)CN(C)C(C)C([*])C,3.02e-05,-4.519993057042849,3,-4.537467067125949
13615,CC(C)=CCCNC(CO*)COC(=O)*,CC(C)=CCCNC(CO[*])COC(=O)[*],[*]COC(=O)OCC([*])NCCC=C(C)C,3.66e-05,-4.436518914605589,3,-4.306603118387849
13616,CCCN(CC(=O)O)CC(COC(=O)*)O*,CCCN(CC(=O)O)CC(COC(=O)[*])O[*],[*]COC(=O)OC([*])CN(CCC)CC(=O)O,5.33e-05,-4.273272790973428,2,-4.304847967912232
13617,C=CC(O*)C(=O)NC(C)CCOC(=O)*,C=CC(O[*])C(=O)NC(C)CCOC(=O)[*],[*]OC(=O)OCCC(C)NC(=O)C([*])C=C,4.31e-05,-4.3655227298392685,2,-4.211342086721836
13618,CC(C)C(CCO*)NC(=O)CNC(=O)*,CC(C)C(CCO[*])NC(=O)CNC(=O)[*],[*]CCOC(=O)NCC(=O)NC([*])C(C)C,2.36e-05,-4.627087997029894,1,-4.383744913321232
13619,CCC(CO*)C(=O)N(C)C(C)COC(=O)*,CCC(CO[*])C(=O)N(C)C(C)COC(=O)[*],[*]COC(=O)OCC(C)N(C)C(=O)C([*])CC,4.65e-05,-4.332547047110047,1,-4.485657866112004
13620,CN(CCCOC(=O)*)CC(C)(C)CO*,CN(CCCOC(=O)[*])CC(C)(C)CO[*],[*]CCCOC(=O)OCC(C)(C)CN([*])C,6.15e-05,-4.211124884224583,0,-4.368026490359511
13621,CN(CC(C)(C)C)C(=O)C(COC(=O)*)N*,CN(CC(C)(C)C)C(=O)C(COC(=O)[*])N[*],[*]COC(=O)NC([*])C(=O)N(C)CC(C)(C)C,1.55e-05,-4.809668301829708,2,-4.418512655780467
13622,CCC(CNC(COC(=O)*)C(C)C)O*,CCC(CNC(COC(=O)[*])C(C)C)O[*],[*]CNC(COC(=O)OC([*])CC)C(C)C,3.94e-05,-4.404503778174426,3,-4.295266141222338
13623,CC(CNCC(O*)C(C)C)COC(=O)*,CC(CNCC(O[*])C(C)C)COC(=O)[*],[*]CNCC(OC(=O)OCC([*])C)C(C)C,3.24e-05,-4.489454989793388,1,-4.4306106687141344
13624,CC(CCOC(=O)*)NCCCCO*,CC(CCOC(=O)[*])NCCCCO[*],[*]CCOC(=O)OCCCCNC([*])C,0.000114,-3.9430951486635273,1,-4.085241651212914
13625,CC(C)C(CNC(=O)CCOC(=O)*)O*,CC(C)C(CNC(=O)CCOC(=O)[*])O[*],[*]CNC(=O)CCOC(=O)OC([*])C(C)C,5.94e-05,-4.226213555018807,1,-4.324318694996488
13626,CC(CCCCO*)NC(=O)CCOC(=O)*,CC(CCCCO[*])NC(=O)CCOC(=O)[*],[*]CCCCOC(=O)OCCC(=O)NC([*])C,5.6e-05,-4.251811972993799,3,-4.1799668658419025
13627,CCC(COC(=O)*)NC(=O)C(C)(CC)N*,CCC(COC(=O)[*])NC(=O)C(C)(CC)N[*],[*]COC(=O)NC(C)(CC)C(=O)NC([*])CC,3.06e-05,-4.51427857351842,0,-4.411976691987648
13628,CC(C)C(C)(COC(=O)*)NC(=O)CCN*,CC(C)C(C)(COC(=O)[*])NC(=O)CCN[*],[*]COC(=O)NCCC(=O)NC([*])(C)C(C)C,3.46e-05,-4.460923901207224,3,-4.412742230402053
13629,CC(N*)C(C)C(=O)NCCCCNC(=O)*,CC(N[*])C(C)C(=O)NCCCCNC(=O)[*],[*]NC(=O)NCCCCNC(=O)C(C)C([*])C,6.23e-05,-4.205511953340831,1,-4.2827369546009
13630,COCCN(C)CC(O*)C(C)OC(=O)*,COCCN(C)CC(O[*])C(C)OC(=O)[*],[*]OC(=O)OC(C)C([*])CN(C)CCOC,6.28e-05,-4.202040356262804,3,-4.105860929268216
13631,CNC(=O)C(CO*)NC(C)C(C)OC(=O)*,CNC(=O)C(CO[*])NC(C)C(C)OC(=O)[*],[*]COC(=O)OC(C)C(C)NC([*])C(=O)NC,0.000109,-3.962573502059376,2,-4.422264534588021
13632,CCC(N*)C(=O)NCCCOC(=O)*,CCC(N[*])C(=O)NCCCOC(=O)[*],[*]NC(=O)OCCCNC(=O)C([*])CC,6.71e-05,-4.173277479831008,3,-4.36285070185408
13633,COC(C)(C)CN(C)CC(CO*)OC(=O)*,COC(C)(C)CN(C)CC(CO[*])OC(=O)[*],[*]COC(=O)OC([*])CN(C)CC(C)(C)OC,4.49e-05,-4.347753658996677,2,-4.259938976578466
13634,CC(C)C(CCOC(=O)*)NCC(C)(C)O*,CC(C)C(CCOC(=O)[*])NCC(C)(C)O[*],[*]CCOC(=O)OC(C)(C)CNC([*])C(C)C,2.94e-05,-4.531652669587842,1,-4.486609994753954
13635,COC(C)CN(CCCOC(=O)*)CCO*,COC(C)CN(CCCOC(=O)[*])CCO[*],[*]CCCOC(=O)OCCN([*])CC(C)OC,0.000106,-3.9746941347352296,2,-3.9423934102195277
13636,CCC(OC(=O)*)C(C)C(=O)NCCCO*,CCC(OC(=O)[*])C(C)C(=O)NCCCO[*],[*]OC(=O)OCCCNC(=O)C(C)C([*])CC,5.31e-05,-4.274905478918531,0,-4.424736904070052
13637,C=CC(CNC(C)CCOC(=O)*)O*,C=CC(CNC(C)CCOC(=O)[*])O[*],[*]CNC(C)CCOC(=O)OC([*])C=C,0.000111,-3.9546770212133424,0,-4.067242739956611
13638,CCC(CNCC(CC)OC(=O)*)N*,CCC(CNCC(CC)OC(=O)[*])N[*],[*]CNCC(CC)OC(=O)NC([*])CC,4.67e-05,-4.330683119433888,2,-4.205223230000125
13639,CN(CCO*)C(=O)C(NC(=O)*)C(C)(C)C,CN(CCO[*])C(=O)C(NC(=O)[*])C(C)(C)C,[*]CCOC(=O)NC(C(=O)N([*])C)C(C)(C)C,3.18e-05,-4.497572880015567,1,-4.51581617129342
13640,CCC(F)(F)C(=O)NCC(CN*)OC(=O)*,CCC(F)(F)C(=O)NCC(CN[*])OC(=O)[*],[*]CNC(=O)OC([*])CNC(=O)C(F)(F)CC,8.23e-05,-4.08460016478773,2,-4.300463526995456
13641,CC(CNCC(OC(=O)*)C(C)(C)C)O*,CC(CNCC(OC(=O)[*])C(C)(C)C)O[*],[*]CNCC(OC(=O)OC([*])C)C(C)(C)C,5.07e-05,-4.294992040666664,3,-4.365522935070844
13642,CCCCC(CNC(C)COC(=O)*)O*,CCCCC(CNC(C)COC(=O)[*])O[*],[*]CNC(C)COC(=O)OC([*])CCCC,4.93e-05,-4.30715308072277,1,-4.232124702433313
13643,CCC(CC)NC(CCO*)CCOC(=O)*,CCC(CC)NC(CCO[*])CCOC(=O)[*],[*]CCOC(=O)OCCC([*])NC(CC)CC,4.04e-05,-4.393618634889395,2,-4.339421805635225
13644,C=CCCCNC(=O)C(CCN*)NC(=O)*,C=CCCCNC(=O)C(CCN[*])NC(=O)[*],[*]CCNC(=O)NC([*])C(=O)NCCCC=C,7.31e-05,-4.13608262304214,3,-4.259267863035655
13646,CCOCC(CN(C)C(C)COC(=O)*)O*,CCOCC(CN(C)C(C)COC(=O)[*])O[*],[*]CN(C)C(C)COC(=O)OC([*])COCC,7.04e-05,-4.152427340857888,3,-4.218666548042952
13647,CC(C)C(C)(OC(=O)*)C(=O)NCCO*,CC(C)C(C)(OC(=O)[*])C(=O)NCCO[*],[*]OC(=O)OCCNC(=O)C([*])(C)C(C)C,4.42e-05,-4.354577730650908,0,-4.42130344039313
13648,CCCCC(CNCC(C)(C)OC(=O)*)O*,CCCCC(CNCC(C)(C)OC(=O)[*])O[*],[*]CNCC(C)(C)OC(=O)OC([*])CCCC,5.83e-05,-4.2343314452409855,1,-4.368960868171728
13649,CC(NC(=O)CN*)C(C)(C)OC(=O)*,CC(NC(=O)CN[*])C(C)(C)OC(=O)[*],[*]NC(=O)CNC(=O)OC(C)(C)C([*])C,4.08e-05,-4.38933983691012,2,-4.371694966858726
13650,CCC=C(C)C(=O)NCC(CN*)OC(=O)*,CCC=C(C)C(=O)NCC(CN[*])OC(=O)[*],[*]CNC(=O)OC([*])CNC(=O)C(C)=CCC,3.42e-05,-4.465973893943865,2,-4.4862434228908015
13651,CC(CS(=O)(=O)C(C)CCO*)OC(=O)*,CC(CS(=O)(=O)C(C)CCO[*])OC(=O)[*],[*]CS(=O)(=O)C(C)CCOC(=O)OC([*])C,5.55e-05,-4.255707016877324,1,-4.192291193081669
13652,C=CC(C)(OC(=O)*)C(=O)NCC(C)(C)O*,C=CC(C)(OC(=O)[*])C(=O)NCC(C)(C)O[*],[*]OC(=O)OC(C)(C)CNC(=O)C([*])(C)C=C,4.49e-05,-4.347753658996677,1,-4.424661312380397
13653,CCN(C)CC(C)(CO*)COC(=O)*,CCN(C)CC(C)(CO[*])COC(=O)[*],[*]COC(=O)OCC([*])(C)CN(C)CC,4.05e-05,-4.392544976785332,3,-4.401878994802412
13654,CC(CO*)N(C)CCOC(=O)*,CC(CO[*])N(C)CCOC(=O)[*],[*]COC(=O)OCCN(C)C([*])C,7.92e-05,-4.101274818410507,2,-4.227437756309506
13655,CC(CN(CCOC(=O)*)CC(C)(C)C)O*,CC(CN(CCOC(=O)[*])CC(C)(C)C)O[*],[*]CN(CCOC(=O)OC([*])C)CC(C)(C)C,1.47e-05,-4.832682665251824,1,-4.398701751384853
13656,CCN(CCCOC(=O)*)C(C)CO*,CCN(CCCOC(=O)[*])C(C)CO[*],[*]CCCOC(=O)OCC(C)N([*])CC,9.02e-05,-4.044793462458058,1,-4.169110204454033
13657,CC(C)C(CCOC(=O)*)NCCCO*,CC(C)C(CCOC(=O)[*])NCCCO[*],[*]CCOC(=O)OCCCNC([*])C(C)C,4.94e-05,-4.306273051076353,2,-4.257108697888665
13658,CC(CC(C)NC(=O)C(C)(C)NC(=O)*)N*,CC(CC(C)NC(=O)C(C)(C)NC(=O)[*])N[*],[*]CC(C)NC(=O)C(C)(C)NC(=O)NC([*])C,6.28e-05,-4.202040356262804,3,-4.372163971406669
13659,CCC(COC(=O)*)NC(=O)C(CC)CO*,CCC(COC(=O)[*])NC(=O)C(CC)CO[*],[*]COC(=O)OCC(CC)C(=O)NC([*])CC,3.84e-05,-4.4156687756324695,2,-4.402001394932628
13660,CC(CC(=O)NC(C)CNC(=O)*)N*,CC(CC(=O)NC(C)CNC(=O)[*])N[*],[*]CNC(=O)NC(C)CC(=O)NC([*])C,4.56e-05,-4.341035157335565,2,-4.25278798722665
13661,C=CC(CO*)NC(=O)C(C=C)OC(=O)*,C=CC(CO[*])NC(=O)C(C=C)OC(=O)[*],[*]COC(=O)OC(C=C)C(=O)NC([*])C=C,5.86e-05,-4.23210238398191,0,-4.229176063592776
13662,CC(C)(C)C(O*)C(=O)OCCOC(=O)*,CC(C)(C)C(O[*])C(=O)OCCOC(=O)[*],[*]OC(=O)OCCOC(=O)C([*])C(C)(C)C,5.85e-05,-4.23284413391782,0,-4.505307978808964
13663,CCCN(CCC)CC(CCN*)OC(=O)*,CCCN(CCC)CC(CCN[*])OC(=O)[*],[*]CCNC(=O)OC([*])CN(CCC)CCC,5.3e-05,-4.275724130399211,2,-4.438758702170183
13664,COC(=O)C(C)(CN*)OC(=O)*,COC(=O)C(C)(CN[*])OC(=O)[*],[*]CNC(=O)OC([*])(C)C(=O)OC,3.91e-05,-4.407823242604133,0,-4.4308517039735955
13665,CCCC(CNC(C)CC(C)NC(=O)*)O*,CCCC(CNC(C)CC(C)NC(=O)[*])O[*],[*]CNC(C)CC(C)NC(=O)OC([*])CCC,2.7e-05,-4.568636235841013,2,-4.348077736280656
13666,CC(CN(C)C(=O)C(C)C(C)NC(=O)*)N*,CC(CN(C)C(=O)C(C)C(C)NC(=O)[*])N[*],[*]CN(C)C(=O)C(C)C(C)NC(=O)NC([*])C,3.72e-05,-4.429457060118103,1,-4.488410069287878
13667,CN(CC(COC(=O)*)O*)C(=O)C(C)(C)C,CN(CC(COC(=O)[*])O[*])C(=O)C(C)(C)C,[*]COC(=O)OC([*])CN(C)C(=O)C(C)(C)C,5.36e-05,-4.27083521030723,3,-4.451108355786497
13668,CCC(CO*)N(C)CCCCCOC(=O)*,CCC(CO[*])N(C)CCCCCOC(=O)[*],[*]COC(=O)OCCCCCN(C)C([*])CC,6.41e-05,-4.193141970481182,0,-4.141738135402019
13669,CCCCCC(C)NCC(CNC(=O)*)O*,CCCCCC(C)NCC(CNC(=O)[*])O[*],[*]CNC(=O)OC([*])CNC(C)CCCCC,6.35e-05,-4.197226274708024,2,-4.40128688701156
13670,CCC(CC)NC(COC(=O)*)C(C)O*,CCC(CC)NC(COC(=O)[*])C(C)O[*],[*]COC(=O)OC(C)C([*])NC(CC)CC,2.94e-05,-4.531652669587842,1,-4.476879261559379
13671,C=CC(C)(C)C(=O)NCC(CO*)OC(=O)*,C=CC(C)(C)C(=O)NCC(CO[*])OC(=O)[*],[*]COC(=O)OC([*])CNC(=O)C(C)(C)C=C,6.07e-05,-4.216811308924743,0,-4.274949349261827
13672,CC(C)(S)CNC(=O)C(CN*)NC(=O)*,CC(C)(S)CNC(=O)C(CN[*])NC(=O)[*],[*]CNC(=O)NC([*])C(=O)NCC(C)(C)S,3.51e-05,-4.454692883534176,2,-4.405038546225677
13673,CCC(CN(C)CC(C)(C)N*)OC(=O)*,CCC(CN(C)CC(C)(C)N[*])OC(=O)[*],[*]CN(C)CC(C)(C)NC(=O)OC([*])CC,5.25e-05,-4.279840696594043,2,-4.344550538560019
13674,CCCCC(CNCC(C)CO*)OC(=O)*,CCCCC(CNCC(C)CO[*])OC(=O)[*],[*]CNCC(C)COC(=O)OC([*])CCCC,5.53e-05,-4.257274868695302,1,-4.283570380293245
13675,CC(C)C(N*)C(=O)NCCNC(=O)*,CC(C)C(N[*])C(=O)NCCNC(=O)[*],[*]NC(=O)NCCNC(=O)C([*])C(C)C,4.93e-05,-4.30715308072277,0,-4.282565571256282
13676,CCC(C)CN(CCO*)CC(C)OC(=O)*,CCC(C)CN(CCO[*])CC(C)OC(=O)[*],[*]CCOC(=O)OC(C)CN([*])CC(C)CC,5.91e-05,-4.228412519118745,0,-4.332617754420906
13677,C=CC(C)(CN(C)CCOC(=O)*)O*,C=CC(C)(CN(C)CCOC(=O)[*])O[*],[*]CN(C)CCOC(=O)OC([*])(C)C=C,6.76e-05,-4.170053304058364,0,-4.18328733623865
13678,CCN(CCCCCO*)CCNC(=O)*,CCN(CCCCCO[*])CCNC(=O)[*],[*]CCCCCOC(=O)NCCN([*])CC,8.73e-05,-4.058985756294431,0,-3.9872646631639443
13679,CC(C)C(C)N(C)CC(CO*)OC(=O)*,CC(C)C(C)N(C)CC(CO[*])OC(=O)[*],[*]COC(=O)OC([*])CN(C)C(C)C(C)C,3.63e-05,-4.440093374963888,1,-4.39152749555379
13680,CC(C)C(CCN(C)CCOC(=O)*)N*,CC(C)C(CCN(C)CCOC(=O)[*])N[*],[*]CCN(C)CCOC(=O)NC([*])C(C)C,3.61e-05,-4.442492798094342,2,-4.284240656854741
13681,C#CC(C)(C)NCC(CO*)OC(=O)*,C#CC(C)(C)NCC(CO[*])OC(=O)[*],[*]COC(=O)OC([*])CNC(C)(C)C#C,2.12e-05,-4.673664139071248,2,-4.412430291044374
13682,CC(C)OCCN(CCN*)CCOC(=O)*,CC(C)OCCN(CCN[*])CCOC(=O)[*],[*]CCNC(=O)OCCN([*])CCOC(C)C,0.000145,-3.838631997765025,2,-3.9017391654250435
13683,CCC(CC#N)NC(=O)C(CCN*)NC(=O)*,CCC(CC#N)NC(=O)C(CCN[*])NC(=O)[*],[*]CCNC(=O)NC([*])C(=O)NC(CC)CC#N,5.15e-05,-4.288192770958809,2,-4.065463184480816
13684,CC(CCN(C)CCCC(C)OC(=O)*)O*,CC(CCN(C)CCCC(C)OC(=O)[*])O[*],[*]CCCN(C)CCC(C)OC(=O)OC([*])C,9.91e-05,-4.003926345514724,3,-4.226147262084518
13685,COC(=O)NC(CCO*)CCOC(=O)*,COC(=O)NC(CCO[*])CCOC(=O)[*],[*]CCOC(=O)OCCC([*])NC(=O)OC,6.85e-05,-4.164309428507575,1,-4.162787569636301
13686,CCN(CCNC(=O)*)C(=O)NC(C)CN*,CCN(CCNC(=O)[*])C(=O)NC(C)CN[*],[*]CCNC(=O)NCC(C)NC(=O)N([*])CC,4.16e-05,-4.380906669373258,2,-4.264329219555679
13687,CC(C)(O*)C(OC(=O)*)C(=O)NCCC#N,CC(C)(O[*])C(OC(=O)[*])C(=O)NCCC#N,[*]OC(=O)OC(C(=O)NCCC#N)C([*])(C)C,4.59e-05,-4.338187314462739,3,-4.372399074093401
13688,CC(CC(C)(C)CNC(=O)*)O*,CC(CC(C)(C)CNC(=O)[*])O[*],[*]CC(C)(C)CNC(=O)OC([*])C,3.7e-05,-4.431798275933005,3,-4.492693354884065
13689,CCCC(C)(N*)C(=O)N(C)CCNC(=O)*,CCCC(C)(N[*])C(=O)N(C)CCNC(=O)[*],[*]NC(=O)NCCN(C)C(=O)C([*])(C)CCC,2.28e-05,-4.642065152999546,2,-4.49818697902783
13690,CC(CN(C)C(=O)C(C)(C)OC(=O)*)O*,CC(CN(C)C(=O)C(C)(C)OC(=O)[*])O[*],[*]CN(C)C(=O)C(C)(C)OC(=O)OC([*])C,3.08e-05,-4.511449283499556,2,-4.4106033649955165
13691,C#CCN(CC(C)O*)C(C)COC(=O)*,C#CCN(CC(C)O[*])C(C)COC(=O)[*],[*]CC(C)OC(=O)OCC(C)N([*])CC#C,5.78e-05,-4.238072161579471,0,-4.390514425125567
13692,CC(C)COC(=O)NC(CO*)COC(=O)*,CC(C)COC(=O)NC(CO[*])COC(=O)[*],[*]COC(=O)OCC([*])NC(=O)OCC(C)C,2.21e-05,-4.655607726314889,0,-4.252523899687003
13693,CC(C)(CC(=O)NCCCCNC(=O)*)N*,CC(C)(CC(=O)NCCCCNC(=O)[*])N[*],[*]CC(=O)NCCCCNC(=O)NC([*])(C)C,5.26e-05,-4.279014255846261,0,-4.1967154004761
13694,CC(CNC(CNC(=O)*)C(C)(C)C)O*,CC(CNC(CNC(=O)[*])C(C)(C)C)O[*],[*]CNC(CNC(=O)OC([*])C)C(C)(C)C,1.55e-05,-4.809668301829708,0,-4.4511356843677845
13695,CCCCN(CCOC(=O)*)CCC(C)O*,CCCCN(CCOC(=O)[*])CCC(C)O[*],[*]CCOC(=O)OC(C)CCN([*])CCCC,4.3e-05,-4.366531544420414,1,-4.260144616891921
13696,CC(OC(=O)*)C(CO*)NC(=O)CCCF,CC(OC(=O)[*])C(CO[*])NC(=O)CCCF,[*]OC(=O)OCC(NC(=O)CCCF)C([*])C,9.36e-05,-4.028724151261895,2,-4.298755666512847
13697,CCC(C)C(CC(=O)NCCO*)NC(=O)*,CCC(C)C(CC(=O)NCCO[*])NC(=O)[*],[*]CC(=O)NCCOC(=O)NC([*])C(C)CC,8.42e-05,-4.074687908500351,2,-4.365080416683413
13698,CC(CO*)N(C)CCC(C)(C)OC(=O)*,CC(CO[*])N(C)CCC(C)(C)OC(=O)[*],[*]COC(=O)OC(C)(C)CCN(C)C([*])C,6.06e-05,-4.217527375833714,1,-4.481785279839049
13699,CC(O*)C(COC(=O)*)NC(=O)OCCF,CC(O[*])C(COC(=O)[*])NC(=O)OCCF,[*]OC(=O)OCC(NC(=O)OCCF)C([*])C,5.57e-05,-4.254144804826272,1,-4.332895932086402
13700,CCC(C)NC(CO*)C(C)OC(=O)*,CCC(C)NC(CO[*])C(C)OC(=O)[*],[*]COC(=O)OC(C)C([*])NC(C)CC,4.58e-05,-4.33913452199613,3,-4.426803769189725
13701,CC(CCCN(C)C(C)(C)CO*)OC(=O)*,CC(CCCN(C)C(C)(C)CO[*])OC(=O)[*],[*]CCCN(C)C(C)(C)COC(=O)OC([*])C,3.75e-05,-4.425968732272281,3,-4.548763098937227
13702,CC(C)(C)C(=N)NCC(CO*)OC(=O)*,CC(C)(C)C(=N)NCC(CO[*])OC(=O)[*],[*]COC(=O)OC([*])CNC(=N)C(C)(C)C,2.88e-05,-4.540607512240769,1,-4.360306326309375
13703,CC(C)CC(=O)NC(CO*)COC(=O)*,CC(C)CC(=O)NC(CO[*])COC(=O)[*],[*]COC(=O)OCC([*])NC(=O)CC(C)C,4.65e-05,-4.332547047110047,1,-4.337525087401565
13704,CCC(CNCCCCCCO*)OC(=O)*,CCC(CNCCCCCCO[*])OC(=O)[*],[*]CNCCCCCCOC(=O)OC([*])CC,5.97e-05,-4.224025668870631,3,-4.091270543830269
13705,C#CCN(CC(COC(=O)*)O*)C(C)C,C#CCN(CC(COC(=O)[*])O[*])C(C)C,[*]COC(=O)OC([*])CN(CC#C)C(C)C,5.46e-05,-4.262807357295263,1,-4.430582036207833
13706,CC(C)(C)C(CN*)NCCNC(=O)*,CC(C)(C)C(CN[*])NCCNC(=O)[*],[*]CNC(=O)NCCNC([*])C(C)(C)C,7.09e-05,-4.149353764816934,2,-4.367795865006101
13707,CCC(CNCCCC(C)O*)OC(=O)*,CCC(CNCCCC(C)O[*])OC(=O)[*],[*]CNCCCC(C)OC(=O)OC([*])CC,8.2e-05,-4.086186147616283,1,-4.251930306158214
13708,CCC(COC(=O)*)C(=O)NCCCCN*,CCC(COC(=O)[*])C(=O)NCCCCN[*],[*]COC(=O)NCCCCNC(=O)C([*])CC,6.82e-05,-4.166215625343521,2,-4.231914285040716
13709,CN(CC(C)(C)OC(=O)*)C(=O)CO*,CN(CC(C)(C)OC(=O)[*])C(=O)CO[*],[*]CC(C)(C)OC(=O)OCC(=O)N([*])C,3.43e-05,-4.464705879957229,1,-4.423449511625279
13710,CCN(CC)C(=O)C(CN*)NC(=O)*,CCN(CC)C(=O)C(CN[*])NC(=O)[*],[*]CNC(=O)NC([*])C(=O)N(CC)CC,2.74e-05,-4.562249437179612,3,-4.301291995327979
13711,CC(O*)C(=O)NCC(OC(=O)*)C(C)C,CC(O[*])C(=O)NCC(OC(=O)[*])C(C)C,[*]OC(=O)OC(CNC(=O)C([*])C)C(C)C,6.06e-05,-4.217527375833714,1,-4.457171891873456
13712,COCCCCNC(CO*)COC(=O)*,COCCCCNC(CO[*])COC(=O)[*],[*]COC(=O)OCC([*])NCCCCOC,6.87e-05,-4.16304326294045,3,-4.0153029045319855
13713,CC(CN(C)CCCCCNC(=O)*)N*,CC(CN(C)CCCCCNC(=O)[*])N[*],[*]CN(C)CCCCCNC(=O)NC([*])C,6.45e-05,-4.1904402853647325,3,-4.164937246833011
13714,C=CC(C)(CNC(C)CO*)OC(=O)*,C=CC(C)(CNC(C)CO[*])OC(=O)[*],[*]CNC(C)COC(=O)OC([*])(C)C=C,3.39e-05,-4.4698003017969175,3,-4.306992711974753
13715,CCCC(O*)C(COC(=O)*)NC(C)=O,CCCC(O[*])C(COC(=O)[*])NC(C)=O,[*]OC(=O)OCC(NC(C)=O)C([*])CCC,4.85e-05,-4.314258261397736,3,-4.36157732426808
13716,CCCN(CCN*)CCOC(=O)*,CCCN(CCN[*])CCOC(=O)[*],[*]CCNC(=O)OCCN([*])CCC,0.000117,-3.9318141382538383,3,-4.063538149831878
13717,CC(C)CCC(C)NCC(CNC(=O)*)O*,CC(C)CCC(C)NCC(CNC(=O)[*])O[*],[*]CNC(=O)OC([*])CNC(C)CCC(C)C,6.18e-05,-4.209011524911184,3,-4.407316788534298
13718,C=CCCNCC(COC(=O)*)O*,C=CCCNCC(COC(=O)[*])O[*],[*]COC(=O)OC([*])CNCCC=C,6.43e-05,-4.191789027075778,3,-4.119320728762526
13719,CC(CCOC(=O)*)NC(=O)C(C)(C)CO*,CC(CCOC(=O)[*])NC(=O)C(C)(C)CO[*],[*]CCOC(=O)OCC(C)(C)C(=O)NC([*])C,2.91e-05,-4.536107011014093,1,-4.315056807904886
13720,CCC(CCOC(=O)*)CNC(=O)C(C)N*,CCC(CCOC(=O)[*])CNC(=O)C(C)N[*],[*]CCOC(=O)NC(C)C(=O)NCC([*])CC,4.23e-05,-4.373659632624958,1,-4.404643919122507
13721,CCC(C)C(CNC(=O)CCOC(=O)*)O*,CCC(C)C(CNC(=O)CCOC(=O)[*])O[*],[*]CNC(=O)CCOC(=O)OC([*])C(C)CC,6.09e-05,-4.215382707367125,3,-4.385224846958513
13722,CCCC(C)(CNC(=O)C(C)OC(=O)*)O*,CCCC(C)(CNC(=O)C(C)OC(=O)[*])O[*],[*]CNC(=O)C(C)OC(=O)OC([*])(C)CCC,5e-05,-4.301029995663981,3,-4.308000721412637
13723,CN(CCCO*)C(=O)C(C)(C)CNC(=O)*,CN(CCCO[*])C(=O)C(C)(C)CNC(=O)[*],[*]CCCOC(=O)NCC(C)(C)C(=O)N([*])C,3.27e-05,-4.485452247339714,3,-4.393392697443796
13724,C=CCCCNC(=O)C(CN*)NC(=O)*,C=CCCCNC(=O)C(CN[*])NC(=O)[*],[*]CNC(=O)NC([*])C(=O)NCCCC=C,4.66e-05,-4.33161408331,1,-4.260256966153694
13725,CCC=CCCCN(CCN*)CCNC(=O)*,CCC=CCCCN(CCN[*])CCNC(=O)[*],[*]CCNC(=O)NCCN([*])CCCC=CCC,0.000133,-3.876148359032914,3,-4.086572165831798
13726,CC(C)CN(C)CC(CO*)OC(=O)*,CC(C)CN(C)CC(CO[*])OC(=O)[*],[*]COC(=O)OC([*])CN(C)CC(C)C,3.27e-05,-4.485452247339714,3,-4.306006650679296
13727,C#CC(=O)NC(CO*)C(CCC)OC(=O)*,C#CC(=O)NC(CO[*])C(CCC)OC(=O)[*],[*]COC(=O)OC(CCC)C([*])NC(=O)C#C,6.16e-05,-4.210419287835575,3,-4.506823808685314
13728,CN(C)C(=O)C(CCCCN*)NC(=O)*,CN(C)C(=O)C(CCCCN[*])NC(=O)[*],[*]CCCCNC(=O)NC([*])C(=O)N(C)C,5.37e-05,-4.270025714300444,0,-4.349774802832123
13729,CC(F)(F)C(=O)NCC(CN*)OC(=O)*,CC(F)(F)C(=O)NCC(CN[*])OC(=O)[*],[*]CNC(=O)OC([*])CNC(=O)C(C)(F)F,4.09e-05,-4.388276691992658,1,-4.126588796429101
13730,CCC(COC(=O)*)C(=O)NC(C)CCO*,CCC(COC(=O)[*])C(=O)NC(C)CCO[*],[*]COC(=O)OCCC(C)NC(=O)C([*])CC,2.69e-05,-4.570247719997592,3,-4.3039488456799155
13731,CCC(C)(CNC(=O)COC(=O)*)O*,CCC(C)(CNC(=O)COC(=O)[*])O[*],[*]CNC(=O)COC(=O)OC([*])(C)CC,4.02e-05,-4.39577394691553,2,-4.315295396016902
13732,CC(C)(NC(=O)*)C(=O)NCCCCO*,CC(C)(NC(=O)[*])C(=O)NCCCCO[*],[*]NC(=O)OCCCCNC(=O)C([*])(C)C,3.37e-05,-4.4723700991286615,1,-4.123989613848074
13733,CC(CCNC(C)CCOC(=O)*)CCO*,CC(CCNC(C)CCOC(=O)[*])CCO[*],[*]CCNC(C)CCOC(=O)OCCC([*])C,7.5e-05,-4.1249387366083,2,-4.155697936842813
13734,CC(CCNC(=O)*)NC(=O)C(C)N*,CC(CCNC(=O)[*])NC(=O)C(C)N[*],[*]CCNC(=O)NC(C)C(=O)NC([*])C,5e-05,-4.301029995663981,0,-4.36842903786602
13735,CCC(CN(C)CCCCN*)NC(=O)*,CCC(CN(C)CCCCN[*])NC(=O)[*],[*]CN(C)CCCCNC(=O)NC([*])CC,9.69e-05,-4.013676222949234,1,-4.264728005467565
13736,CCCNC(=O)C(CCCCNC(=O)*)N*,CCCNC(=O)C(CCCCNC(=O)[*])N[*],[*]CCCCNC(=O)NC([*])C(=O)NCCC,4.11e-05,-4.386158178123931,0,-4.229491602693335
13737,CC(C)(CNC(=O)C(C)(C)CNC(=O)*)N*,CC(C)(CNC(=O)C(C)(C)CNC(=O)[*])N[*],[*]CNC(=O)C(C)(C)CNC(=O)NC([*])(C)C,1.83e-05,-4.73754891026957,2,-4.31257773097064
13738,CCN(CCNC(=O)*)CCO*,CCN(CCNC(=O)[*])CCO[*],[*]CCNC(=O)OCCN([*])CC,0.000111,-3.9546770212133424,3,-4.063134701743111
13739,CC(COC(=O)C(C)(C)CO*)OC(=O)*,CC(COC(=O)C(C)(C)CO[*])OC(=O)[*],[*]COC(=O)C(C)(C)COC(=O)OC([*])C,1.69e-05,-4.772113295386326,0,-4.409258270612972
13740,CC(CC(C)(C)OC(=O)*)NC(C)C(C)O*,CC(CC(C)(C)OC(=O)[*])NC(C)C(C)O[*],[*]CC(C)(C)OC(=O)OC(C)C(C)NC([*])C,5.81e-05,-4.235823867609669,2,-4.456176678683093
13741,CC(=O)C(C)(O*)C(C)(OC(=O)*)C(C)=O,CC(=O)C(C)(O[*])C(C)(OC(=O)[*])C(C)=O,[*]OC(=O)OC(C)(C(C)=O)C([*])(C)C(C)=O,3.23e-05,-4.490797477668897,2,-4.363867955706053
13742,CC(CN(C)C(=O)C(C)CNC(=O)*)N*,CC(CN(C)C(=O)C(C)CNC(=O)[*])N[*],[*]CN(C)C(=O)C(C)CNC(=O)NC([*])C,4.4e-05,-4.356547323513813,1,-4.4387823265771065
13743,CCC(CNCC(COC)OC(=O)*)O*,CCC(CNCC(COC)OC(=O)[*])O[*],[*]CNCC(COC)OC(=O)OC([*])CC,5.91e-05,-4.228412519118745,0,-4.080946264175175
13744,CNC(=O)C(O*)C(OC(=O)*)C(=O)NC,CNC(=O)C(O[*])C(OC(=O)[*])C(=O)NC,[*]OC(=O)OC(C(=O)NC)C([*])C(=O)NC,4.97e-05,-4.303643611266668,3,-4.57391985993707
13745,CC(CCNC(=O)NCC(C)NC(=O)*)N*,CC(CCNC(=O)NCC(C)NC(=O)[*])N[*],[*]CCNC(=O)NCC(C)NC(=O)NC([*])C,4.21e-05,-4.375717904164332,1,-4.212782886588349
13746,CCC(C)NC(CC)(COC(=O)*)N*,CCC(C)NC(CC)(COC(=O)[*])N[*],[*]COC(=O)NC([*])(CC)NC(C)CC,2.36e-05,-4.627087997029894,1,-4.41489163826811
13747,CN(CCCOC(=O)*)C(=O)C(C)(C)O*,CN(CCCOC(=O)[*])C(=O)C(C)(C)O[*],[*]CCCOC(=O)OC(C)(C)C(=O)N([*])C,4.69e-05,-4.328827157284917,0,-4.4420012037005465
13748,CCCC(O*)C(=O)NC(C)(C)CNC(=O)*,CCCC(O[*])C(=O)NC(C)(C)CNC(=O)[*],[*]OC(=O)NCC(C)(C)NC(=O)C([*])CCC,4.38e-05,-4.3585258894959,0,-4.454179509114105
13749,COCC(CNC(CO*)C(C)C)OC(=O)*,COCC(CNC(CO[*])C(C)C)OC(=O)[*],[*]CNC(COC(=O)OC([*])COC)C(C)C,3.77e-05,-4.423658649794207,2,-4.300550160226184
13750,CCC(N*)C(=O)NCCCCNC(=O)*,CCC(N[*])C(=O)NCCCCNC(=O)[*],[*]NC(=O)NCCCCNC(=O)C([*])CC,9.46e-05,-4.024108863598207,1,-4.247536734454487
13751,CCCOCC(COC(=O)*)O*,CCCOCC(COC(=O)[*])O[*],[*]COC(=O)OC([*])COCCC,7.23e-05,-4.140861702705469,0,-4.201977400016818
13752,CC(CC(=O)NC(C)CCCNC(=O)*)N*,CC(CC(=O)NC(C)CCCNC(=O)[*])N[*],[*]CCCNC(=O)NC(C)CC(=O)NC([*])C,5.43e-05,-4.265200170411153,2,-4.3460617342531815
13753,COCC(CN(C)C(C)COC(=O)*)O*,COCC(CN(C)C(C)COC(=O)[*])O[*],[*]CN(C)C(C)COC(=O)OC([*])COC,8.93e-05,-4.049148541111453,0,-4.106997203631606
13754,CC(C)OC(=O)NCC(COC(=O)*)O*,CC(C)OC(=O)NCC(COC(=O)[*])O[*],[*]COC(=O)OC([*])CNC(=O)OC(C)C,6.3e-05,-4.200659450546418,1,-4.361033535299814
13755,CC(CCS(=O)(=O)CC(C)OC(=O)*)O*,CC(CCS(=O)(=O)CC(C)OC(=O)[*])O[*],[*]CCS(=O)(=O)CC(C)OC(=O)OC([*])C,4.64e-05,-4.333482019445119,0,-4.3317511808599605
13756,NC(=O)CSCC(CO*)OC(=O)*,NC(=O)CSCC(CO[*])OC(=O)[*],[*]COC(=O)OC([*])CSCC(N)=O,0.000151,-3.821023052706831,2,-4.079597164080618
13757,CCCC(OC(=O)*)C(=O)NCCCCN*,CCCC(OC(=O)[*])C(=O)NCCCCN[*],[*]OC(=O)NCCCCNC(=O)C([*])CCC,6.33e-05,-4.198596289982645,3,-4.2012087458984935
13758,C#CCC(CO*)NC(=O)C(=C)COC(=O)*,C#CCC(CO[*])NC(=O)C(=C)COC(=O)[*],[*]COC(=O)OCC(=C)C(=O)NC([*])CC#C,4.74e-05,-4.324221658325915,3,-4.157936287642195
13759,CCC(CN(C)C(C)C(C)(C)OC(=O)*)O*,CCC(CN(C)C(C)C(C)(C)OC(=O)[*])O[*],[*]CN(C)C(C)C(C)(C)OC(=O)OC([*])CC,3.69e-05,-4.432973633840939,1,-4.34264709987723
13760,C=CC(C)(OC(=O)*)C(=O)N(C)CC(C)N*,C=CC(C)(OC(=O)[*])C(=O)N(C)CC(C)N[*],[*]OC(=O)NC(C)CN(C)C(=O)C([*])(C)C=C,2.32e-05,-4.634512015109101,3,-4.523000374872444
13761,CC(CC#N)NC(=O)C(N*)C(C)OC(=O)*,CC(CC#N)NC(=O)C(N[*])C(C)OC(=O)[*],[*]NC(=O)OC(C)C([*])C(=O)NC(C)CC#N,4.49e-05,-4.347753658996677,1,-4.305086013247299
13762,CC(C)(CNC(COC(=O)*)C(C)(C)C)O*,CC(C)(CNC(COC(=O)[*])C(C)(C)C)O[*],[*]CNC(COC(=O)OC([*])(C)C)C(C)(C)C,2.88e-05,-4.540607512240769,0,-4.479053464461995
13763,CCC(CNC(=O)*)C(=O)NCC(C)(C)O*,CCC(CNC(=O)[*])C(=O)NCC(C)(C)O[*],[*]CNC(=O)OC(C)(C)CNC(=O)C([*])CC,4.34e-05,-4.36251027048749,3,-4.344700166936243
13764,CCC(CCNC(=O)C(C)O*)OC(=O)*,CCC(CCNC(=O)C(C)O[*])OC(=O)[*],[*]CCNC(=O)C(C)OC(=O)OC([*])CC,5.52e-05,-4.2580609222708015,3,-4.244319259186914
13765,CC(C)N(C)C(=O)CC(CN*)OC(=O)*,CC(C)N(C)C(=O)CC(CN[*])OC(=O)[*],[*]CNC(=O)OC([*])CC(=O)N(C)C(C)C,2.58e-05,-4.58838029403677,0,-4.321701588911125
13766,CN(CC(COC(=O)*)O*)C(=O)C(=O)O,CN(CC(COC(=O)[*])O[*])C(=O)C(=O)O,[*]COC(=O)OC([*])CN(C)C(=O)C(=O)O,4.94e-05,-4.306273051076353,0,-4.3941491029472095
13767,CCOC(=O)C(CNC(=O)*)N*,CCOC(=O)C(CNC(=O)[*])N[*],[*]CNC(=O)NC([*])C(=O)OCC,2.69e-05,-4.570247719997592,3,-4.391011826922623
13768,COC(=O)CSCC(CO*)OC(=O)*,COC(=O)CSCC(CO[*])OC(=O)[*],[*]COC(=O)OC([*])CSCC(=O)OC,8.19e-05,-4.086716098239582,3,-4.122741184108985
13769,CC(C)(C)C(CN*)NCCOC(=O)*,CC(C)(C)C(CN[*])NCCOC(=O)[*],[*]CNC(=O)OCCNC([*])C(C)(C)C,6e-05,-4.221848749616356,3,-4.378588587189681
13770,CCCC(C)(N*)C(=O)NCCCOC(=O)*,CCCC(C)(N[*])C(=O)NCCCOC(=O)[*],[*]NC(=O)OCCCNC(=O)C([*])(C)CCC,6.38e-05,-4.195179321278838,0,-4.478721446477887
13771,C=C(CO*)C(=O)NCC(CCC)OC(=O)*,C=C(CO[*])C(=O)NCC(CCC)OC(=O)[*],[*]COC(=O)OC(CCC)CNC(=O)C([*])=C,5.89e-05,-4.229884705212898,1,-4.1030184018375735
13772,CC(CC(=O)NCCCCO*)NC(=O)*,CC(CC(=O)NCCCCO[*])NC(=O)[*],[*]CC(=O)NCCCCOC(=O)NC([*])C,6.12e-05,-4.213248577854439,3,-4.259578480510546
13773,CC(N*)C(=O)NCCC(OC(=O)*)C(C)C,CC(N[*])C(=O)NCCC(OC(=O)[*])C(C)C,[*]NC(=O)OC(CCNC(=O)C([*])C)C(C)C,3.92e-05,-4.406713932979542,0,-4.417683933585186
13774,C=CCN(C)C(=O)C(N*)C(C)(C)OC(=O)*,C=CCN(C)C(=O)C(N[*])C(C)(C)OC(=O)[*],[*]NC(=O)OC(C)(C)C([*])C(=O)N(C)CC=C,1.14e-05,-4.943095148663527,3,-4.557734955861861
13775,CC(N*)C(CCCCCC(=O)O)NC(=O)*,CC(N[*])C(CCCCCC(=O)O)NC(=O)[*],[*]NC(=O)NC(CCCCCC(=O)O)C([*])C,4.48e-05,-4.348721986001856,3,-4.523025554779158
13776,CCC(CNC(=O)CC(C)(C)O*)OC(=O)*,CCC(CNC(=O)CC(C)(C)O[*])OC(=O)[*],[*]CNC(=O)CC(C)(C)OC(=O)OC([*])CC,4.14e-05,-4.382999658879101,2,-4.330156139068441
13777,C=CCCC(CO*)NC(=O)C(C)OC(=O)*,C=CCCC(CO[*])NC(=O)C(C)OC(=O)[*],[*]COC(=O)OC(C)C(=O)NC([*])CCC=C,5.81e-05,-4.235823867609669,3,-4.13931040684818
13778,COC(=O)C(C)(C)NCC(CO*)OC(=O)*,COC(=O)C(C)(C)NCC(CO[*])OC(=O)[*],[*]COC(=O)OC([*])CNC(C)(C)C(=O)OC,4.65e-05,-4.332547047110047,3,-4.34335641055922
13779,CC(CCNC(=O)*)C(=O)CO*,CC(CCNC(=O)[*])C(=O)CO[*],[*]CCNC(=O)OCC(=O)C([*])C,8.02e-05,-4.095825631715837,3,-4.262711165854394
13780,CCCC(C)(CNCC(CC)OC(=O)*)O*,CCCC(C)(CNCC(CC)OC(=O)[*])O[*],[*]CNCC(CC)OC(=O)OC([*])(C)CCC,5.03e-05,-4.298432014944073,0,-4.409685502933314
13781,CC(CNCC(C)(C)COC(=O)*)O*,CC(CNCC(C)(C)COC(=O)[*])O[*],[*]CNCC(C)(C)COC(=O)OC([*])C,6.9e-05,-4.161150909262744,1,-4.32845960730227
13782,CCC(N*)C(=O)NC(C)CCOC(=O)*,CCC(N[*])C(=O)NC(C)CCOC(=O)[*],[*]NC(=O)OCCC(C)NC(=O)C([*])CC,4.18e-05,-4.3788237182249645,2,-4.344200966390122
13783,CCC(CCCNC(=O)CN*)OC(=O)*,CCC(CCCNC(=O)CN[*])OC(=O)[*],[*]CCCNC(=O)CNC(=O)OC([*])CC,5.93e-05,-4.226945306635737,0,-4.213426560539487
13784,CC(C)(CCO*)NCC(C)(C)OC(=O)*,CC(C)(CCO[*])NCC(C)(C)OC(=O)[*],[*]CCOC(=O)OC(C)(C)CNC([*])(C)C,2.23e-05,-4.651695136951839,3,-4.428342321399084
13785,C=CC=CCC(=O)NCC(O*)C(C)OC(=O)*,C=CC=CCC(=O)NCC(O[*])C(C)OC(=O)[*],[*]OC(=O)OC(C)C([*])CNC(=O)CC=CC=C,3.24e-05,-4.489454989793388,2,-4.469214079056406
13786,CC(OC(=O)*)C(=O)NCC(=O)NCCO*,CC(OC(=O)[*])C(=O)NCC(=O)NCCO[*],[*]OC(=O)OCCNC(=O)CNC(=O)C([*])C,5.36e-05,-4.27083521030723,0,-4.316775150254988
13787,CCOCC(=O)NC(CO*)C(C)OC(=O)*,CCOCC(=O)NC(CO[*])C(C)OC(=O)[*],[*]COC(=O)OC(C)C([*])NC(=O)COCC,6.49e-05,-4.187755303199631,3,-4.153033725554746
13788,CC(C)(CNCC(O*)C(C)(C)C)OC(=O)*,CC(C)(CNCC(O[*])C(C)(C)C)OC(=O)[*],[*]CNCC(OC(=O)OC([*])(C)C)C(C)(C)C,4.4e-05,-4.356547323513813,2,-4.490849067781183
13789,CCC(C)(OC(=O)*)C(=O)N(C)CCO*,CCC(C)(OC(=O)[*])C(=O)N(C)CCO[*],[*]OC(=O)OCCN(C)C(=O)C([*])(C)CC,3.37e-05,-4.4723700991286615,3,-4.365195660060775
13790,CCONCC(CC(C)(C)O*)OC(=O)*,CCONCC(CC(C)(C)O[*])OC(=O)[*],[*]CC(C)(C)OC(=O)OC([*])CNOCC,6.03e-05,-4.219682687859849,2,-4.407845630016206
13791,CC(CCNC(=O)C(C)(C)N*)OC(=O)*,CC(CCNC(=O)C(C)(C)N[*])OC(=O)[*],[*]CCNC(=O)C(C)(C)NC(=O)OC([*])C,8.05e-05,-4.094204119632131,0,-4.259346096270382
13792,C=CC(CNC(CC)COC(=O)*)O*,C=CC(CNC(CC)COC(=O)[*])O[*],[*]CNC(CC)COC(=O)OC([*])C=C,8.43e-05,-4.074172425375258,0,-4.235903015510871
13793,CC(C)(CCCNC(=O)*)NC(=O)CN*,CC(C)(CCCNC(=O)[*])NC(=O)CN[*],[*]CCCNC(=O)NCC(=O)NC([*])(C)C,5.26e-05,-4.279014255846261,0,-4.287743708834901
13794,CC(C)C(CCONC(=N)COC(=O)*)O*,CC(C)C(CCONC(=N)COC(=O)[*])O[*],[*]CCONC(=N)COC(=O)OC([*])C(C)C,0.000101,-3.995678626217357,3,-4.250868958309157
13795,C=CC(C)(CNCC(C)(C)O*)OC(=O)*,C=CC(C)(CNCC(C)(C)O[*])OC(=O)[*],[*]CNCC(C)(C)OC(=O)OC([*])(C)C=C,3.56e-05,-4.448550002027125,3,-4.340643049695044
13796,CC(C)CCCNC(=O)C(COC(=O)*)N*,CC(C)CCCNC(=O)C(COC(=O)[*])N[*],[*]COC(=O)NC([*])C(=O)NCCCC(C)C,3.54e-05,-4.450996737974212,2,-4.378499120083175
13797,CNC(=O)C(CO*)NC(=O)*,CNC(=O)C(CO[*])NC(=O)[*],[*]COC(=O)NC([*])C(=O)NC,3.16e-05,-4.5003129173815966,2,-4.201589141710021
13798,CN(CCCN*)CC(C)(C)NC(=O)*,CN(CCCN[*])CC(C)(C)NC(=O)[*],[*]CCCNC(=O)NC(C)(C)CN([*])C,7.25e-05,-4.139661993429006,2,-4.311844407569397
13799,CC(CNC(=O)*)C(=O)NC(CO*)C(C)C,CC(CNC(=O)[*])C(=O)NC(CO[*])C(C)C,[*]CNC(=O)OCC(NC(=O)C([*])C)C(C)C,7.34e-05,-4.13430394008393,0,-4.485897168289907
13800,CC(CN*)NC(=O)C(C)C(C)NC(=O)*,CC(CN[*])NC(=O)C(C)C(C)NC(=O)[*],[*]CNC(=O)NC(C)C(C)C(=O)NC([*])C,9.86e-05,-4.006123085058789,0,-4.436571016615145
13801,CC(CCNC(CO*)C(C)(C)C)OC(=O)*,CC(CCNC(CO[*])C(C)(C)C)OC(=O)[*],[*]CCNC(COC(=O)OC([*])C)C(C)(C)C,4.52e-05,-4.3448615651886175,0,-4.45463945133371
13802,CC(OC(=O)*)C(=O)NOCC(C)(C)O*,CC(OC(=O)[*])C(=O)NOCC(C)(C)O[*],[*]OC(=O)OC(C)(C)CONC(=O)C([*])C,4.98e-05,-4.302770657240282,0,-4.300900121936104
13803,C=CCCC(=O)N(C)CC(COC(=O)*)O*,C=CCCC(=O)N(C)CC(COC(=O)[*])O[*],[*]COC(=O)OC([*])CN(C)C(=O)CCC=C,3.59e-05,-4.444905551421681,0,-4.228000763534224
13804,CCC(CNC(=O)CCCNC(=O)*)N*,CCC(CNC(=O)CCCNC(=O)[*])N[*],[*]CNC(=O)CCCNC(=O)NC([*])CC,4.83e-05,-4.316052869248487,2,-4.275272940655233
13805,CC(NC(COC(=O)*)CN(C)C)C(C)O*,CC(NC(COC(=O)[*])CN(C)C)C(C)O[*],[*]NC(COC(=O)OC(C)C([*])C)CN(C)C,5.35e-05,-4.271646217978772,2,-4.231847165484112
13806,CCCCC(CNCCC(C)O*)OC(=O)*,CCCCC(CNCCC(C)O[*])OC(=O)[*],[*]CNCCC(C)OC(=O)OC([*])CCCC,5.17e-05,-4.286509456906058,0,-4.179671491767388
13807,CN(C)CCCNC(=O)C(CO*)NC(=O)*,CN(C)CCCNC(=O)C(CO[*])NC(=O)[*],[*]COC(=O)NC([*])C(=O)NCCCN(C)C,0.000103,-3.987162775294828,3,-4.202649925102785
13808,C=CCC(CC=C)(CN*)OC(=O)*,C=CCC(CC=C)(CN[*])OC(=O)[*],[*]CNC(=O)OC([*])(CC=C)CC=C,3.57e-05,-4.447331783887806,1,-4.457850847744438
13809,CC(COC(=O)*)NC(=O)CC(C)(C)O*,CC(COC(=O)[*])NC(=O)CC(C)(C)O[*],[*]COC(=O)OC(C)(C)CC(=O)NC([*])C,3.72e-05,-4.429457060118103,3,-4.462752926830619
13810,CCC(CCNC(=O)C(C)NC(=O)*)O*,CCC(CCNC(=O)C(C)NC(=O)[*])O[*],[*]CCNC(=O)C(C)NC(=O)OC([*])CC,3.7e-05,-4.431798275933005,2,-4.311712487381644
13811,CN(CC(COC(=O)*)O*)C(C)(C)C(=O)O,CN(CC(COC(=O)[*])O[*])C(C)(C)C(=O)O,[*]COC(=O)OC([*])CN(C)C(C)(C)C(=O)O,2.18e-05,-4.661543506395395,2,-4.458080528536667
13812,CCC(CO*)(COC(=O)*)C(=O)O,CCC(CO[*])(COC(=O)[*])C(=O)O,[*]COC(=O)OCC([*])(CC)C(=O)O,1.66e-05,-4.779891911959945,0,-4.620329292991873
13813,CC(C)C(COC(=O)*)NC(=O)CCO*,CC(C)C(COC(=O)[*])NC(=O)CCO[*],[*]COC(=O)OCCC(=O)NC([*])C(C)C,3.45e-05,-4.462180904926726,0,-4.249073830996461
13814,CCC(C(=O)NCC(C)O*)C(C)OC(=O)*,CCC(C(=O)NCC(C)O[*])C(C)OC(=O)[*],[*]C(=O)NCC(C)OC(=O)OC(C)C([*])CC,3.29e-05,-4.482804102050026,1,-4.405864180956272
13815,CCC(CC#N)NCC(CN*)OC(=O)*,CCC(CC#N)NCC(CN[*])OC(=O)[*],[*]CNC(=O)OC([*])CNC(CC)CC#N,8.63e-05,-4.06398920428479,2,-4.051871112830029
13816,CC(C)C(CNC(C)C(C)CO*)OC(=O)*,CC(C)C(CNC(C)C(C)CO[*])OC(=O)[*],[*]CNC(C)C(C)COC(=O)OC([*])C(C)C,8.51e-05,-4.070070439915412,1,-4.406645008396625
13817,CCCC(OC(=O)*)C(=O)NCC(CC)N*,CCCC(OC(=O)[*])C(=O)NCC(CC)N[*],[*]OC(=O)NC(CC)CNC(=O)C([*])CCC,3.26e-05,-4.486782399932061,1,-4.402692721057633
13818,CC(CNC(=O)N(C)CCCNC(=O)*)N*,CC(CNC(=O)N(C)CCCNC(=O)[*])N[*],[*]CNC(=O)N(C)CCCNC(=O)NC([*])C,3.26e-05,-4.486782399932061,3,-4.294891551196774
13819,CC(C)(CCN*)NC(=O)CNC(=O)*,CC(C)(CCN[*])NC(=O)CNC(=O)[*],[*]CCNC(=O)NCC(=O)NC([*])(C)C,8.01e-05,-4.096367483915762,2,-4.195706670821764
13820,COCC(O*)C(=O)OCCCOC(=O)*,COCC(O[*])C(=O)OCCCOC(=O)[*],[*]OC(=O)OCCCOC(=O)C([*])COC,9.11e-05,-4.040481623027001,2,-4.1541113120797295
13821,CC(C)C(C)(CNC(=O)CCOC(=O)*)O*,CC(C)C(C)(CNC(=O)CCOC(=O)[*])O[*],[*]CNC(=O)CCOC(=O)OC([*])(C)C(C)C,4.33e-05,-4.363512103646634,2,-4.504218924560802
13822,C=C(CO*)C(=O)NC(C)CCCOC(=O)*,C=C(CO[*])C(=O)NC(C)CCCOC(=O)[*],[*]COC(=O)OCCCC(C)NC(=O)C([*])=C,9.48e-05,-4.023191662661934,0,-4.159686394791621
13823,CCCC(CC)NC(COC(=O)*)C(C)O*,CCCC(CC)NC(COC(=O)[*])C(C)O[*],[*]COC(=O)OC(C)C([*])NC(CC)CCC,1.78e-05,-4.749579997691106,3,-4.482962074357649
13824,CC(NCC(COC(=O)*)O*)C(F)(F)F,CC(NCC(COC(=O)[*])O[*])C(F)(F)F,[*]COC(=O)OC([*])CNC(C)C(F)(F)F,3.57e-05,-4.447331783887806,3,-4.244902316662928
13825,CCCOC(=O)N(C)CC(CO*)OC(=O)*,CCCOC(=O)N(C)CC(CO[*])OC(=O)[*],[*]COC(=O)OC([*])CN(C)C(=O)OCCC,3.72e-05,-4.429457060118103,1,-4.469082712025854
13826,CCC(N*)C(CC)NC(=O)*,CCC(N[*])C(CC)NC(=O)[*],[*]NC(=O)NC(CC)C([*])CC,5.27e-05,-4.278189384787454,0,-4.39975956628341
13827,CCC(C)C(N*)C(=O)N(C)CCNC(=O)*,CCC(C)C(N[*])C(=O)N(C)CCNC(=O)[*],[*]NC(=O)NCCN(C)C(=O)C([*])C(C)CC,3.62e-05,-4.441291429466834,0,-4.507527725495142
13828,CC(CC(=O)N(C)CC(C)NC(=O)*)N*,CC(CC(=O)N(C)CC(C)NC(=O)[*])N[*],[*]CC(=O)N(C)CC(C)NC(=O)NC([*])C,3.56e-05,-4.448550002027125,0,-4.456369934995317
13829,CC(C)CC(CC(=O)NCCN*)NC(=O)*,CC(C)CC(CC(=O)NCCN[*])NC(=O)[*],[*]CC(=O)NCCNC(=O)NC([*])CC(C)C,5.08e-05,-4.294136287716081,1,-4.342185624919824
13830,CNCC(C)(CN(C)CCCNC(=O)*)O*,CNCC(C)(CN(C)CCCNC(=O)[*])O[*],[*]CN(C)CCCNC(=O)OC([*])(C)CNC,4.95e-05,-4.305394801066432,1,-4.244043665848894
13831,CCCNC(=O)C(OC(=O)*)C(C)(C)O*,CCCNC(=O)C(OC(=O)[*])C(C)(C)O[*],[*]OC(=O)OC(C)(C)C([*])C(=O)NCCC,7.27e-05,-4.138465589140962,1,-4.52992414284675
13832,CC(C)C(NC(=O)COC(=O)*)C(C)(C)O*,CC(C)C(NC(=O)COC(=O)[*])C(C)(C)O[*],[*]NC(=O)COC(=O)OC(C)(C)C([*])C(C)C,3.69e-05,-4.432973633840939,1,-4.391157403266432
13833,CNC(=O)CCN(CCO*)CCOC(=O)*,CNC(=O)CCN(CCO[*])CCOC(=O)[*],[*]CCOC(=O)OCCN([*])CCC(=O)NC,8.55e-05,-4.068033885271827,0,-3.9768517802891434
13834,CC(CONC(=O)C(C)(C)CN*)NC(=O)*,CC(CONC(=O)C(C)(C)CN[*])NC(=O)[*],[*]CONC(=O)C(C)(C)CNC(=O)NC([*])C,4.82e-05,-4.31695296176115,0,-4.368747145745612
13835,CC(C)C(C)(C#N)NCC(COC(=O)*)O*,CC(C)C(C)(C#N)NCC(COC(=O)[*])O[*],[*]COC(=O)OC([*])CNC(C)(C#N)C(C)C,5.84e-05,-4.2335871528876,2,-4.412487903280044
13836,CC=C(C)C=CC(=O)NCC(CO*)OC(=O)*,CC=C(C)C=CC(=O)NCC(CO[*])OC(=O)[*],[*]COC(=O)OC([*])CNC(=O)C=CC(C)=CC,4.7e-05,-4.327902142064283,0,-4.263738938293922
13837,CCCC(CNC(CC)COC(=O)*)O*,CCCC(CNC(CC)COC(=O)[*])O[*],[*]CNC(CC)COC(=O)OC([*])CCC,6.41e-05,-4.193141970481182,1,-4.39488509046419
13838,CCC(CNCC(O*)C(C)C)NC(=O)*,CCC(CNCC(O[*])C(C)C)NC(=O)[*],[*]CNCC(OC(=O)NC([*])CC)C(C)C,6.74e-05,-4.17134010346468,0,-4.36585209174489
13839,CC(CNC(=O)*)(N*)C(F)(F)F,CC(CNC(=O)[*])(N[*])C(F)(F)F,[*]CNC(=O)NC([*])(C)C(F)(F)F,5.01e-05,-4.300162274132754,1,-4.488293909825244
13840,CN(CC(C)(C)OC(=O)*)C(=O)CCO*,CN(CC(C)(C)OC(=O)[*])C(=O)CCO[*],[*]CC(C)(C)OC(=O)OCCC(=O)N([*])C,5.02e-05,-4.29929628285498,0,-4.347681231451363
13841,C=CCONCC(CC(C)(C)OC(=O)*)O*,C=CCONCC(CC(C)(C)OC(=O)[*])O[*],[*]CC(C)(C)OC(=O)OC([*])CNOCC=C,5.71e-05,-4.243363891754152,0,-4.293984214379776
13842,CCOC(=O)C(COC(=O)*)N*,CCOC(=O)C(COC(=O)[*])N[*],[*]COC(=O)NC([*])C(=O)OCC,2.6e-05,-4.585026652029182,1,-4.452451112696986
13843,C=CC(O*)C(C=C)OC(=O)*,C=CC(O[*])C(C=C)OC(=O)[*],[*]OC(=O)OC(C=C)C([*])C=C,4.57e-05,-4.34008379993015,1,-4.465219508314055
13844,CC(C)C(N*)C(=O)N(C)CCCNC(=O)*,CC(C)C(N[*])C(=O)N(C)CCCNC(=O)[*],[*]NC(=O)NCCCN(C)C(=O)C([*])C(C)C,4.81e-05,-4.317854923626168,2,-4.2995150345669275
13845,C=CC(C)(O*)C(=O)NC(CC)COC(=O)*,C=CC(C)(O[*])C(=O)NC(CC)COC(=O)[*],[*]OC(=O)OCC(CC)NC(=O)C([*])(C)C=C,3.76e-05,-4.424812155072339,2,-4.19662140970582
13846,CON(C)C(=O)CC(CNC(=O)*)O*,CON(C)C(=O)CC(CNC(=O)[*])O[*],[*]CNC(=O)OC([*])CC(=O)N(C)OC,0.000137,-3.863279432843593,1,-4.266929027791902
13847,C=CCCC(COC(=O)*)NC(=O)C(=C)CO*,C=CCCC(COC(=O)[*])NC(=O)C(=C)CO[*],[*]COC(=O)OCC(=C)C(=O)NC([*])CCC=C,7.91e-05,-4.101823516502323,2,-4.220213151848675
13848,NC(=O)CN(CCCO*)CCOC(=O)*,NC(=O)CN(CCCO[*])CCOC(=O)[*],[*]CCCOC(=O)OCCN([*])CC(N)=O,0.00016,-3.795880017344075,1,-3.9331721539254176
13849,CC(C)(C#N)C(=O)NC(CO*)COC(=O)*,CC(C)(C#N)C(=O)NC(CO[*])COC(=O)[*],[*]COC(=O)OCC([*])NC(=O)C(C)(C)C#N,6.19e-05,-4.208309350979882,0,-4.403687234437549
13850,N=C(CO*)NOCCOCCOC(=O)*,N=C(CO[*])NOCCOCCOC(=O)[*],[*]COC(=O)OCCOCCONC([*])=N,8.9e-05,-4.050609993355088,1,-3.698180537714929
13851,C=CC(C)(C)NC(=O)CC(CNC(=O)*)O*,C=CC(C)(C)NC(=O)CC(CNC(=O)[*])O[*],[*]CNC(=O)OC([*])CC(=O)NC(C)(C)C=C,3.49e-05,-4.45717457304082,1,-4.451390654927263
13852,CC(CN*)NCC(CC(F)F)NC(=O)*,CC(CN[*])NCC(CC(F)F)NC(=O)[*],[*]CNC(=O)NC(CNC([*])C)CC(F)F,0.000119,-3.924453038607469,1,-4.0673028470161645
13853,CC(C)(NC(=O)*)C(=O)NCCN*,CC(C)(NC(=O)[*])C(=O)NCCN[*],[*]NC(=O)NCCNC(=O)C([*])(C)C,8.07e-05,-4.09312646527793,1,-4.21092331718636
13854,CCC(CO*)CC(CC)OC(=O)*,CCC(CO[*])CC(CC)OC(=O)[*],[*]COC(=O)OC(CC)CC([*])CC,5.02e-05,-4.29929628285498,2,-4.463561995324924
13855,CCCC(O*)C(C)NC(=O)*,CCCC(O[*])C(C)NC(=O)[*],[*]OC(=O)NC(C)C([*])CCC,4.8e-05,-4.318758762624412,0,-4.5204268882890455
13856,CCC(F)C(=O)NC(C)(CO*)COC(=O)*,CCC(F)C(=O)NC(C)(CO[*])COC(=O)[*],[*]COC(=O)OCC([*])(C)NC(=O)C(F)CC,5.26e-05,-4.279014255846261,1,-4.441326235446637
13857,CN(CCC#N)CC(C)(CO*)COC(=O)*,CN(CCC#N)CC(C)(CO[*])COC(=O)[*],[*]COC(=O)OCC([*])(C)CN(C)CCC#N,4.33e-05,-4.363512103646634,1,-4.267412684729289
13858,CCC(CNC(=O)*)O*,CCC(CNC(=O)[*])O[*],[*]CNC(=O)OC([*])CC,3.05e-05,-4.515700160653214,0,-4.239316796958982
13859,CC(C)(NCC(CO*)OC(=O)*)C(=O)O,CC(C)(NCC(CO[*])OC(=O)[*])C(=O)O,[*]COC(=O)OC([*])CNC(C)(C)C(=O)O,4.46e-05,-4.350665141287858,0,-4.4588189847240445
13860,CC(CC(=O)OCC(C)OC(=O)*)O*,CC(CC(=O)OCC(C)OC(=O)[*])O[*],[*]COC(=O)CC(C)OC(=O)OC([*])C,4.85e-05,-4.314258261397736,0,-4.305584015777235
13861,C=CCNC(=O)NCC(CO*)OC(=O)*,C=CCNC(=O)NCC(CO[*])OC(=O)[*],[*]COC(=O)OC([*])CNC(=O)NCC=C,6.67e-05,-4.175874166083451,0,-4.213892581479886
13862,CC(OC(=O)*)C(C)C(N*)C(=O)O,CC(OC(=O)[*])C(C)C(N[*])C(=O)O,[*]OC(=O)NC(C(=O)O)C(C)C([*])C,3.5e-05,-4.455931955649724,0,-4.493497147742051
13863,CCC(NC(=O)*)C(=O)N(C)C(C)CN*,CCC(NC(=O)[*])C(=O)N(C)C(C)CN[*],[*]NC(=O)NCC(C)N(C)C(=O)C([*])CC,3.41e-05,-4.467245621007502,2,-4.485463582130329
13864,CC(NC(=O)*)C(=O)NC(C)(C)CCCN*,CC(NC(=O)[*])C(=O)NC(C)(C)CCCN[*],[*]NC(=O)NCCCC(C)(C)NC(=O)C([*])C,4.67e-05,-4.330683119433888,1,-4.382167255203892
13865,COCC(CNC(=O)CCCNC(=O)*)O*,COCC(CNC(=O)CCCNC(=O)[*])O[*],[*]CNC(=O)CCCNC(=O)OC([*])COC,6.32e-05,-4.199282921717615,2,-4.08946683789945
13866,CN(CCCCCCN*)C(=O)CNC(=O)*,CN(CCCCCCN[*])C(=O)CNC(=O)[*],[*]CCCCCCNC(=O)NCC(=O)N([*])C,5.73e-05,-4.24184537803261,1,-4.220213119283158
13867,CCC(C)CC(NC(=O)*)C(=O)NCCN*,CCC(C)CC(NC(=O)[*])C(=O)NCCN[*],[*]NC(=O)NCCNC(=O)C([*])CC(C)CC,5.99e-05,-4.2225731776106885,3,-4.376059416325491
13868,COC(C)CC(=O)NC(CO*)COC(=O)*,COC(C)CC(=O)NC(CO[*])COC(=O)[*],[*]COC(=O)OCC([*])NC(=O)CC(C)OC,7.33e-05,-4.134896025358872,1,-4.179782790027121
13869,CNC(=O)C(CCCCNC(=O)*)N*,CNC(=O)C(CCCCNC(=O)[*])N[*],[*]CCCCNC(=O)NC([*])C(=O)NC,5.64e-05,-4.248720896016658,3,-4.379390067217043
13870,CC(C)C(CNC(=O)CO*)COC(=O)*,CC(C)C(CNC(=O)CO[*])COC(=O)[*],[*]CNC(=O)COC(=O)OCC([*])C(C)C,6.45e-05,-4.1904402853647325,0,-4.296502289330177
13871,CCC(CN(C)CC(OC(=O)*)C(C)C)N*,CCC(CN(C)CC(OC(=O)[*])C(C)C)N[*],[*]CN(C)CC(OC(=O)NC([*])CC)C(C)C,4.53e-05,-4.343901797987168,1,-4.4216452614264306
13872,CCONC(=O)CC(CN*)OC(=O)*,CCONC(=O)CC(CN[*])OC(=O)[*],[*]CNC(=O)OC([*])CC(=O)NOCC,5.11e-05,-4.291579099865287,1,-4.082980105998988
13873,CCOCCC(CNCC(C)O*)OC(=O)*,CCOCCC(CNCC(C)O[*])OC(=O)[*],[*]CNCC(C)OC(=O)OC([*])CCOCC,9.36e-05,-4.028724151261895,3,-4.103862023938997
13874,CCCN(CCC)C(=O)C(CNC(=O)*)O*,CCCN(CCC)C(=O)C(CNC(=O)[*])O[*],[*]CNC(=O)OC([*])C(=O)N(CCC)CCC,5.96e-05,-4.224753740259764,1,-4.463480111760019
13875,CC(C)(CCC(C)(C)OC(=O)*)O*,CC(C)(CCC(C)(C)OC(=O)[*])O[*],[*]CCC(C)(C)OC(=O)OC([*])(C)C,2.69e-05,-4.570247719997592,1,-4.649767740386527
13876,CC(NCC(C)(C)C(C)OC(=O)*)C(C)O*,CC(NCC(C)(C)C(C)OC(=O)[*])C(C)O[*],[*]NCC(C)(C)C(C)OC(=O)OC(C)C([*])C,1.16e-05,-4.935542010773082,0,-4.67606685473258
13877,C=CC(COC(=O)*)NCC(C)(C=C)O*,C=CC(COC(=O)[*])NCC(C)(C=C)O[*],[*]COC(=O)OC(C)(C=C)CNC([*])C=C,5.21e-05,-4.283162276700476,3,-4.3084307571128555
13878,CC(CNC(=O)*)NC(=O)NCC=CCO*,CC(CNC(=O)[*])NC(=O)NCC=CCO[*],[*]CNC(=O)OCC=CCNC(=O)NC([*])C,4.78e-05,-4.320572103387881,2,-4.333357402010285
13879,CC(N*)C(=O)NC(COC(=O)*)C(=O)O,CC(N[*])C(=O)NC(COC(=O)[*])C(=O)O,[*]NC(=O)OCC(NC(=O)C([*])C)C(=O)O,3.06e-05,-4.51427857351842,0,-4.372630115142049
13880,CCS(=O)(=O)NC(C)(CO*)COC(=O)*,CCS(=O)(=O)NC(C)(CO[*])COC(=O)[*],[*]COC(=O)OCC([*])(C)NS(=O)(=O)CC,1.15e-05,-4.939302159646388,2,-4.599624385682372
13881,CCC(CC(C)CO*)NC(=O)COC(=O)*,CCC(CC(C)CO[*])NC(=O)COC(=O)[*],[*]CC(C)COC(=O)OCC(=O)NC([*])CC,3.54e-05,-4.450996737974212,0,-4.439211001275651
13882,O=C(CCOC(=O)*)NCCCOCCO*,O=C(CCOC(=O)[*])NCCCOCCO[*],[*]CCOC(=O)OCCOCCCNC([*])=O,0.000101,-3.995678626217357,2,-3.7670924382610007
13883,CCCC(C=C=CC(CCC)OC(=O)*)O*,CCCC(C=C=CC(CCC)OC(=O)[*])O[*],[*]C=C=CC(CCC)OC(=O)OC([*])CCC,4.77e-05,-4.321481620959886,2,-4.423028649470212
13884,CCC(C)C(C)(CNCC(C)OC(=O)*)O*,CCC(C)C(C)(CNCC(C)OC(=O)[*])O[*],[*]CNCC(C)OC(=O)OC([*])(C)C(C)CC,3.92e-05,-4.406713932979542,0,-4.602465276091836
13885,CC(=O)NC(C)(CO*)COC(=O)*,CC(=O)NC(C)(CO[*])COC(=O)[*],[*]COC(=O)OCC([*])(C)NC(C)=O,4.57e-05,-4.34008379993015,3,-4.2947806456955275
13886,CC(C)(C)C#CCNCC(COC(=O)*)O*,CC(C)(C)C#CCNCC(COC(=O)[*])O[*],[*]COC(=O)OC([*])CNCC#CC(C)(C)C,1.29e-05,-4.889410289700751,2,-4.409443835787919
13887,C=CCCC(CNCC(CC)O*)OC(=O)*,C=CCCC(CNCC(CC)O[*])OC(=O)[*],[*]CNCC(CC)OC(=O)OC([*])CCC=C,7.13e-05,-4.146910470148135,0,-4.239460639461332
13888,CCCNC(=O)C(NC(=O)*)C(C)(C)O*,CCCNC(=O)C(NC(=O)[*])C(C)(C)O[*],[*]NC(=O)OC(C)(C)C([*])C(=O)NCCC,3.36e-05,-4.473660722610156,2,-4.443947214019096
13889,O=C(O)CC(CN*)COC(=O)*,O=C(O)CC(CN[*])COC(=O)[*],[*]CNC(=O)OCC([*])CC(=O)O,2.7e-05,-4.568636235841013,3,-4.355452092113001
13890,C=CS(=O)(=O)NCC(COC(=O)*)O*,C=CS(=O)(=O)NCC(COC(=O)[*])O[*],[*]COC(=O)OC([*])CNS(=O)(=O)C=C,5.28e-05,-4.277366077466188,1,-4.167601591985688
13891,CCOCC(CN(C)CCCNC(=O)*)O*,CCOCC(CN(C)CCCNC(=O)[*])O[*],[*]CN(C)CCCNC(=O)OC([*])COCC,7.05e-05,-4.151810883008602,3,-4.160770568354426
13892,CCC(CO*)NCC(C)(OC(=O)*)C(C)=O,CCC(CO[*])NCC(C)(OC(=O)[*])C(C)=O,[*]COC(=O)OC(C)(CNC([*])CC)C(C)=O,8.84e-05,-4.053547734986927,1,-4.24064383383812
13893,CCOC(=O)C(CCO*)NC(=O)*,CCOC(=O)C(CCO[*])NC(=O)[*],[*]CCOC(=O)NC([*])C(=O)OCC,2.95e-05,-4.530177984021837,3,-4.321436944110459
13894,CC(CCNCC(O*)C(C)(C)C)NC(=O)*,CC(CCNCC(O[*])C(C)(C)C)NC(=O)[*],[*]CCNCC(OC(=O)NC([*])C)C(C)(C)C,5.29e-05,-4.276544327964814,1,-4.4884305128570645
13895,CC(C)(CCNC(=O)NCCN*)NC(=O)*,CC(C)(CCNC(=O)NCCN[*])NC(=O)[*],[*]CCNC(=O)NCCNC(=O)NC([*])(C)C,5.51e-05,-4.258848401148215,0,-4.279624478043793
13896,COCC(CNCCCO*)OC(=O)*,COCC(CNCCCO[*])OC(=O)[*],[*]CNCCCOC(=O)OC([*])COC,0.000143,-3.844663962534938,3,-3.9685283757193917
13897,CC(CCNC(=O)*)CO*,CC(CCNC(=O)[*])CO[*],[*]CCNC(=O)OCC([*])C,3.44e-05,-4.46344155742847,2,-4.237705291530423
13898,CS(=O)CCN(CCO*)CCOC(=O)*,CS(=O)CCN(CCO[*])CCOC(=O)[*],[*]CCOC(=O)OCCN([*])CCS(C)=O,0.000203,-3.692503962086787,3,-4.045130761976498
13899,CCC(CNC(=O)C(NC(=O)*)C(C)C)N*,CCC(CNC(=O)C(NC(=O)[*])C(C)C)N[*],[*]CNC(=O)C(NC(=O)NC([*])CC)C(C)C,2.91e-05,-4.536107011014093,3,-4.295474673762564
13900,CCCN(CCO*)C(=O)COC(=O)*,CCCN(CCO[*])C(=O)COC(=O)[*],[*]CCOC(=O)OCC(=O)N([*])CCC,7.08e-05,-4.149966742310231,0,-4.341687251720384
13901,CNCCN(CCN*)CCNC(=O)*,CNCCN(CCN[*])CCNC(=O)[*],[*]CCNC(=O)NCCN([*])CCNC,0.000133,-3.876148359032914,3,-3.8041470260297974
13902,NC(CCOC(=O)*)=NOCCOCCO*,NC(CCOC(=O)[*])=NOCCOCCO[*],[*]=NOCCOCCOC(=O)OCCC(=[*])N,0.000242,-3.616184634019569,1,-4.031115280646901
13903,CCC(C)(CNCC(COC)OC(=O)*)O*,CCC(C)(CNCC(COC)OC(=O)[*])O[*],[*]CNCC(COC)OC(=O)OC([*])(C)CC,6.19e-05,-4.208309350979882,3,-4.289236978166695
13904,CN(C)CCCNCC(CO*)OC(=O)*,CN(C)CCCNCC(CO[*])OC(=O)[*],[*]COC(=O)OC([*])CNCCCN(C)C,0.000106,-3.9746941347352296,3,-4.036292147819796
13905,CC(NC(=O)*)C(=O)NC(CCN*)C(F)F,CC(NC(=O)[*])C(=O)NC(CCN[*])C(F)F,[*]NC(=O)NCCC(NC(=O)C([*])C)C(F)F,6.11e-05,-4.213958789757446,2,-4.30543628762648
13906,CC(C)(C)NCC(CNC(=O)*)O*,CC(C)(C)NCC(CNC(=O)[*])O[*],[*]CNC(=O)OC([*])CNC(C)(C)C,6.84e-05,-4.164943898279883,3,-4.382323517266196
13907,COCCNCC(CO*)OC(=O)*,COCCNCC(CO[*])OC(=O)[*],[*]COC(=O)OC([*])CNCCOC,8.6e-05,-4.0655015487564325,2,-3.9266472694272068
13908,CN(C)CC(COC(=O)*)O*,CN(C)CC(COC(=O)[*])O[*],[*]COC(=O)OC([*])CN(C)C,5.75e-05,-4.2403321553103694,0,-4.14128839382846
13909,N#CCN(CC(=O)O)CC(COC(=O)*)O*,N#CCN(CC(=O)O)CC(COC(=O)[*])O[*],[*]COC(=O)OC([*])CN(CC#N)CC(=O)O,6.67e-05,-4.175874166083451,0,-4.236658495763066
13910,CCCC(C)N(CCNC(=O)*)CCO*,CCCC(C)N(CCNC(=O)[*])CCO[*],[*]CCNC(=O)OCCN([*])C(C)CCC,4.6e-05,-4.337242168318426,1,-4.26625769136444
13911,CCCC(OC(=O)*)C(=O)N(CC)CCO*,CCCC(OC(=O)[*])C(=O)N(CC)CCO[*],[*]OC(=O)OCCN(CC)C(=O)C([*])CCC,3.47e-05,-4.459670525209126,2,-4.39751082357582
13912,COC(=O)CNC(=O)C(COC(=O)*)N*,COC(=O)CNC(=O)C(COC(=O)[*])N[*],[*]COC(=O)NC([*])C(=O)NCC(=O)OC,4.13e-05,-4.384049948343599,0,-4.276667309022825
13913,CCCCCN(CCOC(=O)*)C(=O)CO*,CCCCCN(CCOC(=O)[*])C(=O)CO[*],[*]CCOC(=O)OCC(=O)N([*])CCCCC,4.35e-05,-4.361510743045363,2,-4.292458737918627
13914,CC(CNC(=O)C(C)CNC(=O)*)O*,CC(CNC(=O)C(C)CNC(=O)[*])O[*],[*]CNC(=O)C(C)CNC(=O)OC([*])C,3.18e-05,-4.497572880015567,3,-4.247981617494666
13915,CC(CNCCN(C)CCO*)OC(=O)*,CC(CNCCN(C)CCO[*])OC(=O)[*],[*]CNCCN(C)CCOC(=O)OC([*])C,0.000149,-3.826813731587726,1,-3.936543855874273
13916,CC#CCC(COC(=O)*)NCC(CC)O*,CC#CCC(COC(=O)[*])NCC(CC)O[*],[*]COC(=O)OC(CC)CNC([*])CC#CC,4.63e-05,-4.334419008982047,0,-4.369326856688285
13917,O=C(COCCOC(=O)*)NCCO*,O=C(COCCOC(=O)[*])NCCO[*],[*]COCCOC(=O)OCCNC([*])=O,0.00021,-3.677780705266081,2,-3.8257627294012813
13918,O=C(CCNC(=O)CO*)NCCOC(=O)*,O=C(CCNC(=O)CO[*])NCCOC(=O)[*],[*]CCNC(=O)COC(=O)OCCNC([*])=O,8.95e-05,-4.048176964684088,2,-3.935113553638945
13919,CN(CCNC(=O)*)C(=O)CC(C)(C)CN*,CN(CCNC(=O)[*])C(=O)CC(C)(C)CN[*],[*]CCNC(=O)NCC(C)(C)CC(=O)N([*])C,3.35e-05,-4.474955192963154,2,-4.341224314298083
13920,CC(COC(=O)*)N(C)CCCO*,CC(COC(=O)[*])N(C)CCCO[*],[*]COC(=O)OCCCN(C)C([*])C,7.64e-05,-4.11690664142431,2,-4.139586286348363
13921,CC(CO*)SCCCCCCOC(=O)*,CC(CO[*])SCCCCCCOC(=O)[*],[*]COC(=O)OCCCCCCSC([*])C,9.95e-05,-4.002176919254275,1,-3.973741789761118
13922,CCCC(OC(=O)*)C(N*)C(=O)O,CCCC(OC(=O)[*])C(N[*])C(=O)O,[*]OC(=O)NC(C(=O)O)C([*])CCC,1.82e-05,-4.739928612014925,3,-4.636210543151537
13923,CC(CCO*)NC(=O)C(C)NC(=O)*,CC(CCO[*])NC(=O)C(C)NC(=O)[*],[*]CCOC(=O)NC(C)C(=O)NC([*])C,3.17e-05,-4.498940737782249,3,-4.271463000836675
13924,CC(CCNC(=O)C(C)NC(=O)*)O*,CC(CCNC(=O)C(C)NC(=O)[*])O[*],[*]CCNC(=O)C(C)NC(=O)OC([*])C,4.9e-05,-4.309803919971486,0,-4.36349346335079
13925,COCCOCCNC(CO*)COC(=O)*,COCCOCCNC(CO[*])COC(=O)[*],[*]COC(=O)OCC([*])NCCOCCOC,0.000131,-3.882728704344236,1,-3.7309869317550985
13926,CC(CNC(=O)*)C(=O)N(C)CCN*,CC(CNC(=O)[*])C(=O)N(C)CCN[*],[*]CNC(=O)NCCN(C)C(=O)C([*])C,5.54e-05,-4.2564902352715706,2,-4.386019874586068
13927,C=CCN(CC(CO*)OC(=O)*)C(C)(C)C,C=CCN(CC(CO[*])OC(=O)[*])C(C)(C)C,[*]COC(=O)OC([*])CN(CC=C)C(C)(C)C,1.79e-05,-4.747146969020107,0,-4.483918354080443
13928,COC(=O)CC(N*)C(=O)NCCOC(=O)*,COC(=O)CC(N[*])C(=O)NCCOC(=O)[*],[*]NC(=O)OCCNC(=O)C([*])CC(=O)OC,4.48e-05,-4.348721986001856,3,-4.395446002511317
13929,CCC(NC(=O)*)C(=O)NCC(COC)O*,CCC(NC(=O)[*])C(=O)NCC(COC)O[*],[*]NC(=O)OC(CNC(=O)C([*])CC)COC,4.72e-05,-4.3260580013659125,1,-4.137591673267133
13930,COCC(CNCC(C)(C)COC(=O)*)O*,COCC(CNCC(C)(C)COC(=O)[*])O[*],[*]CNCC(C)(C)COC(=O)OC([*])COC,9.41e-05,-4.026410376572743,3,-4.258038093167397
13931,CCOC(=O)CN(CCN*)CCNC(=O)*,CCOC(=O)CN(CCN[*])CCNC(=O)[*],[*]CCNC(=O)NCCN([*])CC(=O)OCC,0.000113,-3.946921556516581,1,-4.1330854582150165
13932,C=CCOCC(=O)NC(CO*)COC(=O)*,C=CCOCC(=O)NC(CO[*])COC(=O)[*],[*]COC(=O)OCC([*])NC(=O)COCC=C,7.49e-05,-4.125518182300533,2,-4.175760336260417
13933,CSC(CO*)C(C)NC(=O)COC(=O)*,CSC(CO[*])C(C)NC(=O)COC(=O)[*],[*]COC(=O)OCC(=O)NC(C)C([*])SC,4.33e-05,-4.363512103646634,3,-4.363690428400201
13934,CCCC(CNCCOC(=O)*)O*,CCCC(CNCCOC(=O)[*])O[*],[*]CNCCOC(=O)OC([*])CCC,7.62e-05,-4.1180450286604,3,-4.127998724886867
13935,CC(C)N(CCN*)CCNC(=O)*,CC(C)N(CCN[*])CCNC(=O)[*],[*]CCNC(=O)NCCN([*])C(C)C,9.99e-05,-4.000434511774018,0,-4.193279464361334
13936,CCCC(OC(=O)*)C(=O)N(C)CCCN*,CCCC(OC(=O)[*])C(=O)N(C)CCCN[*],[*]OC(=O)NCCCN(C)C(=O)C([*])CCC,2.86e-05,-4.543633966870957,3,-4.323602315143767
13937,CC(CCNC(=O)C(C)CNC(=O)*)N*,CC(CCNC(=O)C(C)CNC(=O)[*])N[*],[*]CCNC(=O)C(C)CNC(=O)NC([*])C,8.27e-05,-4.082494490447453,2,-4.369103366237648
13938,CCOC(=O)CC(CCN*)OC(=O)*,CCOC(=O)CC(CCN[*])OC(=O)[*],[*]CCNC(=O)OC([*])CC(=O)OCC,3.46e-05,-4.460923901207224,0,-4.326403289916712
13939,COCC(O*)C(COC)OC(=O)*,COCC(O[*])C(COC)OC(=O)[*],[*]OC(=O)OC(COC)C([*])COC,7e-05,-4.154901959985743,2,-4.189844902167121
13940,CCN(CCOCCO*)C(=O)COC(=O)*,CCN(CCOCCO[*])C(=O)COC(=O)[*],[*]CCOCCOC(=O)OCC(=O)N([*])CC,0.00013,-3.886056647693163,3,-3.997769265690105
13941,CC(C)CC(C)(NC(=O)*)C(=O)NCCN*,CC(C)CC(C)(NC(=O)[*])C(=O)NCCN[*],[*]NC(=O)NCCNC(=O)C([*])(C)CC(C)C,3.7e-05,-4.431798275933005,2,-4.421639912503662
13942,CC(C)C(CNC(=O)CCN*)NC(=O)*,CC(C)C(CNC(=O)CCN[*])NC(=O)[*],[*]CNC(=O)CCNC(=O)NC([*])C(C)C,5.74e-05,-4.241088107602026,0,-4.329415535577374
13943,CC(C)C(C)(CO*)OC(=O)*,CC(C)C(C)(CO[*])OC(=O)[*],[*]COC(=O)OC([*])(C)C(C)C,1.31e-05,-4.882728704344236,1,-4.729726956224726
13944,O=C(CCN*)NCCOCCOC(=O)*,O=C(CCN[*])NCCOCCOC(=O)[*],[*]CCNC(=O)OCCOCCNC([*])=O,0.000153,-3.815308569182401,0,-3.733520845112896
13945,CCNCC(=O)NCC(COC(=O)*)O*,CCNCC(=O)NCC(COC(=O)[*])O[*],[*]COC(=O)OC([*])CNC(=O)CNCC,8.66e-05,-4.062482107982653,0,-4.132561405815304
13946,C=CCNC(=O)CC(CNC(=O)*)O*,C=CCNC(=O)CC(CNC(=O)[*])O[*],[*]CNC(=O)OC([*])CC(=O)NCC=C,4.42e-05,-4.354577730650908,0,-4.287023846058947
13947,O=C(COCCO*)NCC(CF)OC(=O)*,O=C(COCCO[*])NCC(CF)OC(=O)[*],[*]COCCOC(=O)OC(CF)CNC([*])=O,0.000136,-3.866461091629783,0,-3.9716217922993846
13948,CC(O*)C(C)OC(=O)*,CC(O[*])C(C)OC(=O)[*],[*]OC(=O)OC(C)C([*])C,3.95e-05,-4.403402904373539,1,-4.282488113568379
13949,CC(C)(OC(=O)*)C(=O)NC(C#N)CO*,CC(C)(OC(=O)[*])C(=O)NC(C#N)CO[*],[*]OC(=O)OCC(C#N)NC(=O)C([*])(C)C,6.76e-05,-4.170053304058364,2,-4.304786796453254
13950,CCC(CNC(CO*)C(N)=O)OC(=O)*,CCC(CNC(CO[*])C(N)=O)OC(=O)[*],[*]CNC(COC(=O)OC([*])CC)C(N)=O,6.41e-05,-4.193141970481182,0,-4.340882997958946
13951,C=CC(O*)C(=O)NC(C#N)COC(=O)*,C=CC(O[*])C(=O)NC(C#N)COC(=O)[*],[*]OC(=O)OCC(C#N)NC(=O)C([*])C=C,4.46e-05,-4.350665141287858,2,-4.171812311167528
13952,COCC(CNCCOCCOC(=O)*)O*,COCC(CNCCOCCOC(=O)[*])O[*],[*]CNCCOCCOC(=O)OC([*])COC,0.000183,-3.7375489102695703,3,-3.7473282983448035
13953,CC(CCOC(=O)*)SCCO*,CC(CCOC(=O)[*])SCCO[*],[*]CCOC(=O)OCCSC([*])C,0.000158,-3.801342913045578,1,-3.9553197906406314
13954,CC(C)CC(CCOC(=O)*)O*,CC(C)CC(CCOC(=O)[*])O[*],[*]CCOC(=O)OC([*])CC(C)C,3.18e-05,-4.497572880015567,2,-4.412742171081739
13955,NC(N)=NN=CCC(CO*)OC(=O)*,NC(N)=NN=CCC(CO[*])OC(=O)[*],[*]COC(=O)OC([*])CC=NN=C(N)N,6.87e-05,-4.16304326294045,1,-4.335005901914295
13956,CS(=O)CCNC(CO*)COC(=O)*,CS(=O)CCNC(CO[*])COC(=O)[*],[*]COC(=O)OCC([*])NCCS(C)=O,0.000117,-3.9318141382538383,3,-4.173449712581173
13957,CC(C)C(O*)C(=O)NCCCCOC(=O)*,CC(C)C(O[*])C(=O)NCCCCOC(=O)[*],[*]OC(=O)OCCCCNC(=O)C([*])C(C)C,4.65e-05,-4.332547047110047,3,-4.186601613706638
13958,C=CC(CNCCCC(C)(C)OC(=O)*)O*,C=CC(CNCCCC(C)(C)OC(=O)[*])O[*],[*]CNCCCC(C)(C)OC(=O)OC([*])C=C,4.11e-05,-4.386158178123931,3,-4.288271589573988
13959,CN(CCN*)C(=O)C(NC(=O)*)C(C)(C)C,CN(CCN[*])C(=O)C(NC(=O)[*])C(C)(C)C,[*]CCNC(=O)NC(C(=O)N([*])C)C(C)(C)C,3.5e-05,-4.455931955649724,2,-4.516192244160199
13960,CCCC(CNC(COC(=O)*)C(N)=O)O*,CCCC(CNC(COC(=O)[*])C(N)=O)O[*],[*]CNC(COC(=O)OC([*])CCC)C(N)=O,4.66e-05,-4.33161408331,1,-4.351382310121787
13961,COCC(C)NC(CO*)COC(=O)*,COCC(C)NC(CO[*])COC(=O)[*],[*]COC(=O)OCC([*])NC(C)COC,6.91e-05,-4.1605219526258015,3,-4.242567714756721
13962,CN(C)CC(CN*)CNC(=O)*,CN(C)CC(CN[*])CNC(=O)[*],[*]CNC(=O)NCC([*])CN(C)C,5.42e-05,-4.266000713461613,2,-4.1291861050694205
13963,CCNC(=O)C(CCCCNC(=O)*)N*,CCNC(=O)C(CCCCNC(=O)[*])N[*],[*]CCCCNC(=O)NC([*])C(=O)NCC,4.94e-05,-4.306273051076353,2,-4.088289718543476
13964,CN(CCN*)C(=O)CCCNC(=O)*,CN(CCN[*])C(=O)CCCNC(=O)[*],[*]CCNC(=O)NCCCC(=O)N([*])C,6.67e-05,-4.175874166083451,1,-4.283877122965585
13965,COCC(CNC(CO*)C(N)=O)OC(=O)*,COCC(CNC(CO[*])C(N)=O)OC(=O)[*],[*]CNC(COC(=O)OC([*])COC)C(N)=O,9.38e-05,-4.027797161620936,0,-4.284891774515821
13966,COC(CN(CCO*)CCOC(=O)*)OC,COC(CN(CCO[*])CCOC(=O)[*])OC,[*]CCOC(=O)OCCN([*])CC(OC)OC,0.000148,-3.8297382846050425,0,-3.843801313661233
13967,CCOC(=O)C(=O)NCC(COC(=O)*)O*,CCOC(=O)C(=O)NCC(COC(=O)[*])O[*],[*]COC(=O)OC([*])CNC(=O)C(=O)OCC,4.92e-05,-4.308034897232639,3,-4.478056827069857
13968,CC(CC(=O)NC(COC(=O)*)C(N)=O)O*,CC(CC(=O)NC(COC(=O)[*])C(N)=O)O[*],[*]CC(=O)NC(COC(=O)OC([*])C)C(N)=O,6.71e-05,-4.173277479831008,2,-4.147231514223818
13969,CC(CNC(=O)NCC#CCO*)OC(=O)*,CC(CNC(=O)NCC#CCO[*])OC(=O)[*],[*]CNC(=O)NCC#CCOC(=O)OC([*])C,3.51e-05,-4.454692883534176,0,-4.206159900366016
13970,COCC(NC(=O)*)C(=O)NC(C)CN*,COCC(NC(=O)[*])C(=O)NC(C)CN[*],[*]NC(=O)NCC(C)NC(=O)C([*])COC,3.79e-05,-4.421360790031928,1,-4.283778827232563
13971,O=C(COC(F)F)NCC(COC(=O)*)O*,O=C(COC(F)F)NCC(COC(=O)[*])O[*],[*]COC(=O)OC([*])CNC(=O)COC(F)F,8.23e-05,-4.08460016478773,1,-4.132733153077492
13972,CC(=O)N(CCOCCO*)CCOC(=O)*,CC(=O)N(CCOCCO[*])CCOC(=O)[*],[*]CCOCCOC(=O)OCCN([*])C(C)=O,4.94e-05,-4.306273051076353,1,-3.8266932385202543
13973,CC(C)CC(CNC(=O)C(C)O*)OC(=O)*,CC(C)CC(CNC(=O)C(C)O[*])OC(=O)[*],[*]CNC(=O)C(C)OC(=O)OC([*])CC(C)C,5.16e-05,-4.287350298372789,3,-4.437446192925877
13974,COCC(CN(C)CCO*)OC(=O)*,COCC(CN(C)CCO[*])OC(=O)[*],[*]CN(C)CCOC(=O)OC([*])COC,0.000154,-3.812479279163537,3,-3.9213581149125663
13975,CCC(CN(CCNC(=O)*)CCO*)OC,CCC(CN(CCNC(=O)[*])CCO[*])OC,[*]CCNC(=O)OCCN([*])CC(CC)OC,0.000119,-3.924453038607469,1,-4.192858120769088
13976,CCCC(N*)C(OC(=O)*)C(F)(F)F,CCCC(N[*])C(OC(=O)[*])C(F)(F)F,[*]NC(=O)OC(C([*])CCC)C(F)(F)F,3.9e-05,-4.4089353929735005,0,-4.630756590265409
13977,COC(CNC(CO*)COC(=O)*)OC,COC(CNC(CO[*])COC(=O)[*])OC,[*]COC(=O)OCC([*])NCC(OC)OC,9.21e-05,-4.035740369803151,3,-4.0978533291359005
13978,CCN(CCN*)C(=O)CCCCNC(=O)*,CCN(CCN[*])C(=O)CCCCNC(=O)[*],[*]CCNC(=O)NCCCCC(=O)N([*])CC,5.36e-05,-4.27083521030723,1,-4.221346217181159
13979,CN(CCNC(=O)*)CCOCCO*,CN(CCNC(=O)[*])CCOCCO[*],[*]CCNC(=O)OCCOCCN([*])C,0.000268,-3.571865205971211,3,-3.7410932114106497
13980,CCN(CCCCCOC(=O)*)CCO*,CCN(CCCCCOC(=O)[*])CCO[*],[*]CCCCCOC(=O)OCCN([*])CC,7.71e-05,-4.112945621949043,3,-3.9541866959046272
13981,CCC(CNC(=O)*)N*,CCC(CNC(=O)[*])N[*],[*]CNC(=O)NC([*])CC,3.45e-05,-4.462180904926726,1,-4.324526032617585
13982,CC(C)(CCNC(=O)CN*)NC(=O)*,CC(C)(CCNC(=O)CN[*])NC(=O)[*],[*]CCNC(=O)CNC(=O)NC([*])(C)C,6.81e-05,-4.166852888087215,2,-4.372181047481565
13983,C[Si](C)(C)C#CNC(CCCN*)NC(=O)*,C[Si](C)(C)C#CNC(CCCN[*])NC(=O)[*],[*]CCCNC(=O)NC([*])NC#C[Si](C)(C)C,3.37e-05,-4.4723700991286615,0,-4.102788425977418
13984,CCC(CNCC(OC(=O)*)C(=O)O)O*,CCC(CNCC(OC(=O)[*])C(=O)O)O[*],[*]CNCC(OC(=O)OC([*])CC)C(=O)O,2.77e-05,-4.557520230935552,3,-4.43568724305103
13985,COC(=O)C(CC(=O)NCCN*)NC(=O)*,COC(=O)C(CC(=O)NCCN[*])NC(=O)[*],[*]CC(=O)NCCNC(=O)NC([*])C(=O)OC,3.25e-05,-4.488116639021126,2,-4.279986226864373
13986,CC(CCNC(=O)CCNC(=O)*)O*,CC(CCNC(=O)CCNC(=O)[*])O[*],[*]CCNC(=O)CCNC(=O)OC([*])C,5.8e-05,-4.236572006437063,3,-4.304096752972747
13987,C#CCN(CC(OC(=O)*)C(C)O*)C(C)(C)C,C#CCN(CC(OC(=O)[*])C(C)O[*])C(C)(C)C,[*]OC(=O)OC(C)C([*])CN(CC#C)C(C)(C)C,2.24e-05,-4.649751981665837,0,-4.621479630236339
13988,CCC=CNC(=O)C(CCNC(=O)*)N*,CCC=CNC(=O)C(CCNC(=O)[*])N[*],[*]CCNC(=O)NC([*])C(=O)NC=CCC,5.72e-05,-4.242603971206976,3,-4.390157944661803
13989,CC(C)OCC(CN(C)CCOC(=O)*)O*,CC(C)OCC(CN(C)CCOC(=O)[*])O[*],[*]CN(C)CCOC(=O)OC([*])COC(C)C,0.000102,-3.9913998282380825,3,-4.051469503079137
13990,C=CCCC(CN(C)CC(C)N*)OC(=O)*,C=CCCC(CN(C)CC(C)N[*])OC(=O)[*],[*]CN(C)CC(C)NC(=O)OC([*])CCC=C,5.09e-05,-4.293282217663242,2,-4.298412419349682
13991,O=C(CO*)NCCCOCCOC(=O)*,O=C(CO[*])NCCCOCCOC(=O)[*],[*]COC(=O)OCCOCCCNC([*])=O,9.02e-05,-4.044793462458058,0,-3.840857077208913
13992,CCN(CCCCOC(=O)*)CCCO*,CCN(CCCCOC(=O)[*])CCCO[*],[*]CCCCOC(=O)OCCCN([*])CC,0.000183,-3.7375489102695703,2,-3.8942045087356467
13993,CN(CC(C)(C)NC(=O)*)C(=O)NCCN*,CN(CC(C)(C)NC(=O)[*])C(=O)NCCN[*],[*]CC(C)(C)NC(=O)NCCNC(=O)N([*])C,3.69e-05,-4.432973633840939,3,-4.276038776648113
13994,CN(CC(COC(=O)*)O*)C(C)(C)C(N)=O,CN(CC(COC(=O)[*])O[*])C(C)(C)C(N)=O,[*]COC(=O)OC([*])CN(C)C(C)(C)C(N)=O,5.15e-05,-4.288192770958809,1,-4.283938443677148
13995,CCC(CSC(C)C(C)OC(=O)*)O*,CCC(CSC(C)C(C)OC(=O)[*])O[*],[*]CSC(C)C(C)OC(=O)OC([*])CC,4.1e-05,-4.3872161432802645,2,-4.2160022959321575
13996,CN(CCO*)CCN(C)CCOC(=O)*,CN(CCO[*])CCN(C)CCOC(=O)[*],[*]CCOC(=O)OCCN(C)CCN([*])C,0.000368,-3.4341521813264824,3,-3.7982938591754887
13997,CC(CC(=O)NC(C)C(C)NC(=O)*)N*,CC(CC(=O)NC(C)C(C)NC(=O)[*])N[*],[*]CC(=O)NC(C)C(C)NC(=O)NC([*])C,6.51e-05,-4.186419011431808,3,-4.474389894326884
13998,COCC(NC(=O)*)C(=O)NC(C)C(C)N*,COCC(NC(=O)[*])C(=O)NC(C)C(C)N[*],[*]NC(=O)NC(C)C(C)NC(=O)C([*])COC,5.76e-05,-4.239577516576788,1,-4.425772710745799
13999,CC(N*)C(=O)NCCCOCCOC(=O)*,CC(N[*])C(=O)NCCCOCCOC(=O)[*],[*]NC(=O)OCCOCCCNC(=O)C([*])C,6.24e-05,-4.204815410317576,3,-4.068423496938913
14000,COC(CNCC(CO*)OC(=O)*)OC,COC(CNCC(CO[*])OC(=O)[*])OC,[*]COC(=O)OC([*])CNCC(OC)OC,0.000109,-3.962573502059376,3,-4.076252216423171
14001,CC(C)C(CNC(=O)C(C)(C)OC(=O)*)O*,CC(C)C(CNC(=O)C(C)(C)OC(=O)[*])O[*],[*]CNC(=O)C(C)(C)OC(=O)OC([*])C(C)C,4.58e-05,-4.33913452199613,2,-4.40241858696536
14002,CC(CNC(C)(C)COC(=O)*)O*,CC(CNC(C)(C)COC(=O)[*])O[*],[*]CNC(C)(C)COC(=O)OC([*])C,4.94e-05,-4.306273051076353,1,-4.290333238706336
14003,COC(CNC(=O)*)C(=O)NC(C)CCN*,COC(CNC(=O)[*])C(=O)NC(C)CCN[*],[*]CNC(=O)NCCC(C)NC(=O)C([*])OC,7.43e-05,-4.129011186239425,2,-4.259215923998154
14004,C#CCNC(=O)CNC(CO*)COC(=O)*,C#CCNC(=O)CNC(CO[*])COC(=O)[*],[*]COC(=O)OCC([*])NCC(=O)NCC#C,5.92e-05,-4.22767829327708,1,-4.115406179143377
14005,CC(CC(C)(C)OC(=O)*)NC(=O)CO*,CC(CC(C)(C)OC(=O)[*])NC(=O)CO[*],[*]CC(C)(C)OC(=O)OCC(=O)NC([*])C,5.79e-05,-4.237321436272564,3,-4.479012855311274
14006,COCCN(CC#N)CC(COC(=O)*)O*,COCCN(CC#N)CC(COC(=O)[*])O[*],[*]COC(=O)OC([*])CN(CC#N)CCOC,0.000135,-3.869666231504994,0,-3.8954049587396895
14007,C=C(C)C(CCC(OC(=O)*)C(=C)C)O*,C=C(C)C(CCC(OC(=O)[*])C(=C)C)O[*],[*]CCC(OC(=O)OC([*])C(=C)C)C(=C)C,2.91e-05,-4.536107011014093,1,-4.414663711838403
14008,CS(=O)CCNC(=O)C(CN*)OC(=O)*,CS(=O)CCNC(=O)C(CN[*])OC(=O)[*],[*]CNC(=O)OC([*])C(=O)NCCS(C)=O,0.000106,-3.9746941347352296,0,-4.027543423329271
14009,CCNCCNC(=O)CC(CNC(=O)*)O*,CCNCCNC(=O)CC(CNC(=O)[*])O[*],[*]CNC(=O)OC([*])CC(=O)NCCNCC,8.62e-05,-4.064492734175287,3,-4.071563067135074
14010,COCC(C)NCC(COC(=O)*)O*,COCC(C)NCC(COC(=O)[*])O[*],[*]COC(=O)OC([*])CNC(C)COC,7.3e-05,-4.136677139879544,0,-4.086777608534396
14011,CC(C)C(NC(=O)*)C(O*)C(F)(F)F,CC(C)C(NC(=O)[*])C(O[*])C(F)(F)F,[*]NC(=O)OC(C([*])C(C)C)C(F)(F)F,1.65e-05,-4.782516055786093,0,-4.549415041407751
14012,COCC(CNCCC(C)OC(=O)*)O*,COCC(CNCCC(C)OC(=O)[*])O[*],[*]CNCCC(C)OC(=O)OC([*])COC,0.000143,-3.844663962534938,2,-3.9933402736184394
14013,CCNC(=S)NC(CO*)COC(=O)*,CCNC(=S)NC(CO[*])COC(=O)[*],[*]COC(=O)OCC([*])NC(=S)NCC,5.53e-05,-4.257274868695302,2,-4.462001843443424
14014,CC(C)C(CO*)NC(=O)C(C)(C)NC(=O)*,CC(C)C(CO[*])NC(=O)C(C)(C)NC(=O)[*],[*]COC(=O)NC(C)(C)C(=O)NC([*])C(C)C,4.88e-05,-4.311580177997289,0,-4.392894761711571
14015,CC(CCCNC(=O)CCOC(=O)*)O*,CC(CCCNC(=O)CCOC(=O)[*])O[*],[*]CCCNC(=O)CCOC(=O)OC([*])C,9e-05,-4.045757490560675,3,-4.271679469763859
14016,C=CCCC(CO*)NC(C)C(C)OC(=O)*,C=CCCC(CO[*])NC(C)C(C)OC(=O)[*],[*]COC(=O)OC(C)C(C)NC([*])CCC=C,8.21e-05,-4.085656842880559,2,-4.307159116984041
14017,CCC(C)N(CCOC(=O)*)CC(C)O*,CCC(C)N(CCOC(=O)[*])CC(C)O[*],[*]CCOC(=O)OC(C)CN([*])C(C)CC,4.53e-05,-4.343901797987168,1,-4.297698350139329
14018,CCN(CCOC(=O)*)CC(C)(O*)C(C)=O,CCN(CCOC(=O)[*])CC(C)(O[*])C(C)=O,[*]CCOC(=O)OC(C)(CN([*])CC)C(C)=O,5.09e-05,-4.293282217663242,3,-4.218501623648197
14019,CC(CN*)C(=O)NCCOCCOC(=O)*,CC(CN[*])C(=O)NCCOCCOC(=O)[*],[*]CNC(=O)OCCOCCNC(=O)C([*])C,6.54e-05,-4.184422251675732,1,-3.91979091288206
14020,CNCC(=O)NCC(C)(CO*)COC(=O)*,CNCC(=O)NCC(C)(CO[*])COC(=O)[*],[*]COC(=O)OCC([*])(C)CNC(=O)CNC,7.86e-05,-4.104577453960592,3,-4.42342991056463
14021,CCN(CCN*)C(=O)C(NC(=O)*)C(C)C,CCN(CCN[*])C(=O)C(NC(=O)[*])C(C)C,[*]CCNC(=O)NC(C(=O)N([*])CC)C(C)C,3.31e-05,-4.480172006224281,2,-4.442114478019981
14022,CC(C)CCC(CCOC(=O)*)O*,CC(C)CCC(CCOC(=O)[*])O[*],[*]CCOC(=O)OC([*])CCC(C)C,4.33e-05,-4.363512103646634,2,-4.258870450554076
14023,CC(C)(C)C(O*)C(=O)OCCCOC(=O)*,CC(C)(C)C(O[*])C(=O)OCCCOC(=O)[*],[*]OC(=O)OCCCOC(=O)C([*])C(C)(C)C,4.46e-05,-4.350665141287858,0,-4.4875089470920075
14024,CCN(CC(C)(C)O*)CC(C)(C)OC(=O)*,CCN(CC(C)(C)O[*])CC(C)(C)OC(=O)[*],[*]CC(C)(C)OC(=O)OC(C)(C)CN([*])CC,1.89e-05,-4.723538195826756,0,-4.483939448857952
14025,COC(CNC(=O)*)C(=O)NCCCCN*,COC(CNC(=O)[*])C(=O)NCCCCN[*],[*]CNC(=O)NCCCCNC(=O)C([*])OC,6.3e-05,-4.200659450546418,2,-4.170851468223447
14026,NC(=O)CN(CCO*)CCOC(=O)*,NC(=O)CN(CCO[*])CCOC(=O)[*],[*]CCOC(=O)OCCN([*])CC(N)=O,8.62e-05,-4.064492734175287,3,-4.017918490344143
14027,C=CCC(C)(CCC(C)(CC=C)OC(=O)*)O*,C=CCC(C)(CCC(C)(CC=C)OC(=O)[*])O[*],[*]CCC(C)(CC=C)OC(=O)OC([*])(C)CC=C,8.24e-06,-5.084072788302884,1,-4.759586603658188
14028,C=CC(CO*)NC(=O)COCCOC(=O)*,C=CC(CO[*])NC(=O)COCCOC(=O)[*],[*]COC(=O)OCCOCC(=O)NC([*])C=C,0.000126,-3.899629454882437,2,-4.015803645106844
14029,CN(CCO*)C(=O)COCCOC(=O)*,CN(CCO[*])C(=O)COCCOC(=O)[*],[*]CCOC(=O)OCCOCC(=O)N([*])C,8.47e-05,-4.072116589669293,2,-3.91043386780193
14030,COCC(C)NC(CCO*)CCOC(=O)*,COCC(C)NC(CCO[*])CCOC(=O)[*],[*]CCOC(=O)OCCC([*])NC(C)COC,7.04e-05,-4.152427340857888,0,-4.072126422940908
14031,CC(C)CC(C)(O*)C(=O)NCCOC(=O)*,CC(C)CC(C)(O[*])C(=O)NCCOC(=O)[*],[*]OC(=O)OCCNC(=O)C([*])(C)CC(C)C,3.99e-05,-4.399027104313252,1,-4.404373728818928
14032,COCCN(C)CC(CN*)OC(=O)*,COCCN(C)CC(CN[*])OC(=O)[*],[*]CNC(=O)OC([*])CN(C)CCOC,0.000108,-3.96657624451305,1,-4.054999284291562
14033,CNCCCN(C)C(=O)C(CO*)NC(=O)*,CNCCCN(C)C(=O)C(CO[*])NC(=O)[*],[*]COC(=O)NC([*])C(=O)N(C)CCCNC,5.15e-05,-4.288192770958809,3,-4.348006901452256
14034,COC(=O)CCNCC(CO*)OC(=O)*,COC(=O)CCNCC(CO[*])OC(=O)[*],[*]COC(=O)OC([*])CNCCC(=O)OC,7.33e-05,-4.134896025358872,2,-4.119421605071093
14035,CNCCNC(=O)C(NC(=O)*)C(C)O*,CNCCNC(=O)C(NC(=O)[*])C(C)O[*],[*]NC(=O)OC(C)C([*])C(=O)NCCNC,5.7e-05,-4.2441251443275085,3,-4.2526208412318605
14036,C=C(COC(=O)*)C(=O)NCCOCCO*,C=C(COC(=O)[*])C(=O)NCCOCCO[*],[*]COC(=O)OCCOCCNC(=O)C([*])=C,0.00017,-3.769551078621726,1,-4.060188409357014
14037,CC(OC(=O)*)C(=O)NC(CO*)C(=O)O,CC(OC(=O)[*])C(=O)NC(CO[*])C(=O)O,[*]OC(=O)OCC(NC(=O)C([*])C)C(=O)O,3.36e-05,-4.473660722610156,3,-4.41199951525238
14038,CNC(=O)C(C)NC(=O)C(CN*)NC(=O)*,CNC(=O)C(C)NC(=O)C(CN[*])NC(=O)[*],[*]CNC(=O)NC([*])C(=O)NC(C)C(=O)NC,5.64e-05,-4.248720896016658,2,-4.2540233725803835
14039,C=CCCOC(=O)C(C)(CO*)COC(=O)*,C=CCCOC(=O)C(C)(CO[*])COC(=O)[*],[*]COC(=O)OCC([*])(C)C(=O)OCCC=C,2.64e-05,-4.578396073130169,0,-4.528564468535853
14040,CNCC(CN(C)C(=O)CNC(=O)*)O*,CNCC(CN(C)C(=O)CNC(=O)[*])O[*],[*]CN(C)C(=O)CNC(=O)OC([*])CNC,3.9e-05,-4.4089353929735005,2,-4.184296652938384
14041,CCC(OC)C(=O)NCC(CO*)OC(=O)*,CCC(OC)C(=O)NCC(CO[*])OC(=O)[*],[*]COC(=O)OC([*])CNC(=O)C(CC)OC,7.85e-05,-4.105130343254747,1,-4.2129835248413965
14042,CCN(CC(N)=O)C(=O)C(CO*)NC(=O)*,CCN(CC(N)=O)C(=O)C(CO[*])NC(=O)[*],[*]COC(=O)NC([*])C(=O)N(CC)CC(N)=O,6.18e-05,-4.209011524911184,1,-4.233784470163966
14043,CC(=CCNC(CO*)COC(=O)*)C(=O)O,CC(=CCNC(CO[*])COC(=O)[*])C(=O)O,[*]COC(=O)OCC([*])NCC=C(C)C(=O)O,4e-05,-4.3979400086720375,2,-4.251387314818701
14044,COCC=CC(=O)NCC(CO*)OC(=O)*,COCC=CC(=O)NCC(CO[*])OC(=O)[*],[*]COC(=O)OC([*])CNC(=O)C=CCOC,7.78e-05,-4.109020403010312,2,-4.204736831139985
14045,CC(=O)CN(C)CC(C)(CO*)COC(=O)*,CC(=O)CN(C)CC(C)(CO[*])COC(=O)[*],[*]COC(=O)OCC([*])(C)CN(C)CC(C)=O,6.67e-05,-4.175874166083451,3,-4.363974024822026
14046,CCC(CC(C)CO*)NC(=O)*,CCC(CC(C)CO[*])NC(=O)[*],[*]CC(C)COC(=O)NC([*])CC,3.01e-05,-4.521433504406157,2,-4.3686301053693
14047,CC=C(NC=N)NC(CO*)C(C)OC(=O)*,CC=C(NC=N)NC(CO[*])C(C)OC(=O)[*],[*]COC(=O)OC(C)C([*])NC(=CC)NC=N,4.16e-05,-4.380906669373258,2,-4.508474752205327
14048,C#CCN(CC(=O)O)CC(COC(=O)*)O*,C#CCN(CC(=O)O)CC(COC(=O)[*])O[*],[*]COC(=O)OC([*])CN(CC#C)CC(=O)O,5.17e-05,-4.286509456906058,1,-4.211628457031481
14049,CCONC(=O)C(CO*)NC(=O)*,CCONC(=O)C(CO[*])NC(=O)[*],[*]COC(=O)NC([*])C(=O)NOCC,0.000104,-3.98296666070122,1,-4.205613568542648
14050,COCCOCC(CNCCOC(=O)*)O*,COCCOCC(CNCCOC(=O)[*])O[*],[*]CNCCOC(=O)OC([*])COCCOC,0.000156,-3.8068754016455375,2,-3.791169323963222
14051,CC(C)CCCNC(CO*)COC(=O)*,CC(C)CCCNC(CO[*])COC(=O)[*],[*]COC(=O)OCC([*])NCCCC(C)C,3.21e-05,-4.493494967595128,0,-4.373794005771048
14052,CN(CCCCCOC(=O)*)CCCO*,CN(CCCCCOC(=O)[*])CCCO[*],[*]CCCCCOC(=O)OCCCN([*])C,0.000137,-3.863279432843593,3,-3.934061915036277
14053,COC(=O)C(C)NC(=O)C(CN*)OC(=O)*,COC(=O)C(C)NC(=O)C(CN[*])OC(=O)[*],[*]CNC(=O)OC([*])C(=O)NC(C)C(=O)OC,0.000129,-3.889410289700751,0,-4.280246153986304
14054,COCCN(CCNC(=O)*)CCO*,COCCN(CCNC(=O)[*])CCO[*],[*]CCNC(=O)OCCN([*])CCOC,0.000185,-3.7328282715969854,1,-3.7689038741497596
14055,CC(=O)NCCCNC(CO*)COC(=O)*,CC(=O)NCCCNC(CO[*])COC(=O)[*],[*]COC(=O)OCC([*])NCCCNC(C)=O,4.94e-05,-4.306273051076353,2,-4.220719981901054
14056,CN(CCO*)CCOCCNC(=O)*,CN(CCO[*])CCOCCNC(=O)[*],[*]CCOCCNC(=O)OCCN([*])C,0.000225,-3.6478174818886377,1,-3.7386452967081327
14057,CC(C)(CC(CNCCC#N)OC(=O)*)O*,CC(C)(CC(CNCCC#N)OC(=O)[*])O[*],[*]CC(CNCCC#N)OC(=O)OC([*])(C)C,7.97e-05,-4.098541678603888,0,-4.206157970998427
14058,C=CC(CO*)NCCC(OC(=O)*)C(C)C,C=CC(CO[*])NCCC(OC(=O)[*])C(C)C,[*]COC(=O)OC(CCNC([*])C=C)C(C)C,6.65e-05,-4.177178354696896,2,-4.380722901683778
14059,CC(=O)CNCC(COC(=O)*)O*,CC(=O)CNCC(COC(=O)[*])O[*],[*]COC(=O)OC([*])CNCC(C)=O,9.63e-05,-4.016373712875465,1,-4.146810567916634
14060,COC(=O)C(CNCCCOC(=O)*)O*,COC(=O)C(CNCCCOC(=O)[*])O[*],[*]CNCCCOC(=O)OC([*])C(=O)OC,3.96e-05,-4.402304814074488,0,-4.126101020080581
14061,COCC(COC(=O)*)NC(=O)C(C)O*,COCC(COC(=O)[*])NC(=O)C(C)O[*],[*]COC(=O)OC(C)C(=O)NC([*])COC,4.23e-05,-4.373659632624958,2,-4.2111770618115205
14062,CNCC(C)NC(=O)CC(CNC(=O)*)O*,CNCC(C)NC(=O)CC(CNC(=O)[*])O[*],[*]CNC(=O)OC([*])CC(=O)NC(C)CNC,6.44e-05,-4.191114132640188,2,-4.201731397345479
14063,CC(C(N)=O)N(C)CC(CNC(=O)*)O*,CC(C(N)=O)N(C)CC(CNC(=O)[*])O[*],[*]CNC(=O)OC([*])CN(C)C(C)C(N)=O,0.000105,-3.9788107009300617,0,-4.100119922101867
14064,CCSCC(CO*)OC(=O)*,CCSCC(CO[*])OC(=O)[*],[*]COC(=O)OC([*])CSCC,5.19e-05,-4.284832642151542,1,-4.1084942647218385
14065,CNC(=O)CCN(C)CC(CN*)OC(=O)*,CNC(=O)CCN(C)CC(CN[*])OC(=O)[*],[*]CNC(=O)OC([*])CN(C)CCC(=O)NC,9.19e-05,-4.036684488613889,0,-4.106665104515701
14066,CC(O*)C(=O)NCCCOCCOC(=O)*,CC(O[*])C(=O)NCCCOCCOC(=O)[*],[*]OC(=O)OCCOCCCNC(=O)C([*])C,6.14e-05,-4.211831628858833,3,-4.070858555677668
14067,C=CC(CO*)NCCCC(C)OC(=O)*,C=CC(CO[*])NCCCC(C)OC(=O)[*],[*]COC(=O)OC(C)CCCNC([*])C=C,8.84e-05,-4.053547734986927,3,-4.150643444742045
14068,CCCN(CCC#N)CC(COC(=O)*)O*,CCCN(CCC#N)CC(COC(=O)[*])O[*],[*]COC(=O)OC([*])CN(CCC)CCC#N,0.000108,-3.96657624451305,3,-3.9671769220627646
14069,O=C(COCCOC(=O)*)NCCN*,O=C(COCCOC(=O)[*])NCCN[*],[*]COCCOC(=O)NCCNC([*])=O,0.000129,-3.889410289700751,3,-3.9370027897607525
14070,CCNCC(=O)NCC(CN*)OC(=O)*,CCNCC(=O)NCC(CN[*])OC(=O)[*],[*]CNC(=O)OC([*])CNC(=O)CNCC,6.18e-05,-4.209011524911184,2,-4.164904621232468
14071,CNCC(=O)NCC(CO*)OC(=O)*,CNCC(=O)NCC(CO[*])OC(=O)[*],[*]COC(=O)OC([*])CNC(=O)CNC,9.54e-05,-4.020451625295905,1,-4.1699872245943315
14072,CS(C)(=O)=NC(=O)CC(CNC(=O)*)O*,CS(C)(=O)=NC(=O)CC(CNC(=O)[*])O[*],[*]CNC(=O)OC([*])CC(=O)N=S(C)(C)=O,9.76e-05,-4.010550182333308,1,-4.166626891473458
14073,CCOC(=O)CNC(CO*)COC(=O)*,CCOC(=O)CNC(CO[*])COC(=O)[*],[*]COC(=O)OCC([*])NCC(=O)OCC,5.17e-05,-4.286509456906058,0,-4.179170435875184
14074,CCOCCCNC(=O)C(CO*)NC(=O)*,CCOCCCNC(=O)C(CO[*])NC(=O)[*],[*]COC(=O)NC([*])C(=O)NCCCOCC,0.000127,-3.896196279044043,3,-4.085954390696283
14075,C=CCCCC(CC(C)O*)OC(=O)*,C=CCCCC(CC(C)O[*])OC(=O)[*],[*]CC(C)OC(=O)OC([*])CCCC=C,3.92e-05,-4.406713932979542,2,-4.484484138980634
14076,CC(C)C(O*)C(C)(C)COC(=O)*,CC(C)C(O[*])C(C)(C)COC(=O)[*],[*]OC(=O)OCC(C)(C)C([*])C(C)C,1.16e-05,-4.935542010773082,0,-4.665818353436437
14077,CC(CCCCOC(=O)*)NCC=CCO*,CC(CCCCOC(=O)[*])NCC=CCO[*],[*]CCCCOC(=O)OCC=CCNC([*])C,9.46e-05,-4.024108863598207,3,-4.117743674669072
14078,CC#CCCN(CCCOC(=O)*)CCO*,CC#CCCN(CCCOC(=O)[*])CCO[*],[*]CCCOC(=O)OCCN([*])CCC#CC,9.48e-05,-4.023191662661934,0,-4.178876554722534
14079,CC(CONC(=O)COCCNC(=O)*)N*,CC(CONC(=O)COCCNC(=O)[*])N[*],[*]CONC(=O)COCCNC(=O)NC([*])C,7.21e-05,-4.142064735280571,0,-4.0351943958106595
14080,CC(O*)C(=O)NCCOCCOC(=O)*,CC(O[*])C(=O)NCCOCCOC(=O)[*],[*]OC(=O)OCCOCCNC(=O)C([*])C,9.16e-05,-4.03810452633215,3,-4.072519067383245
14081,CCOC(CC(CO*)COC(=O)*)OCC,CCOC(CC(CO[*])COC(=O)[*])OCC,[*]COC(=O)OCC([*])CC(OCC)OCC,5.17e-05,-4.286509456906058,2,-4.15937067158029
14082,CC(CCO*)N(C)CCCCCOC(=O)*,CC(CCO[*])N(C)CCCCCOC(=O)[*],[*]CCOC(=O)OCCCCCN(C)C([*])C,0.000127,-3.896196279044043,2,-3.9660680536467963
14083,CSCCNC(=O)C(COC(=O)*)N*,CSCCNC(=O)C(COC(=O)[*])N[*],[*]COC(=O)NC([*])C(=O)NCCSC,3.16e-05,-4.5003129173815966,2,-4.313505167321407
14084,CC(CCNC(C)C(C)OC(=O)*)CCO*,CC(CCNC(C)C(C)OC(=O)[*])CCO[*],[*]CCNC(C)C(C)OC(=O)OCCC([*])C,2.23e-05,-4.651695136951839,1,-4.2291880684558425
14085,C=CC(CO*)NC(=O)C(C)(C)OC(=O)*,C=CC(CO[*])NC(=O)C(C)(C)OC(=O)[*],[*]COC(=O)OC(C)(C)C(=O)NC([*])C=C,4.4e-05,-4.356547323513813,0,-4.275910663794614
14086,COCCOCCNCC(COC(=O)*)O*,COCCOCCNCC(COC(=O)[*])O[*],[*]COC(=O)OC([*])CNCCOCCOC,0.000219,-3.6595558851598815,2,-3.76878982621358
14087,CN(CCOCCNC(=O)*)C(=O)CCN*,CN(CCOCCNC(=O)[*])C(=O)CCN[*],[*]CCOCCNC(=O)NCCC(=O)N([*])C,0.000104,-3.98296666070122,0,-4.136548002478018
14088,CCN(CC(C)OC(=O)*)C(C)CO*,CCN(CC(C)OC(=O)[*])C(C)CO[*],[*]CC(C)OC(=O)OCC(C)N([*])CC,6.81e-05,-4.166852888087215,2,-4.2396841540842845
14089,CCCCCN(CCN*)CCNC(=O)*,CCCCCN(CCN[*])CCNC(=O)[*],[*]CCNC(=O)NCCN([*])CCCCC,6.99e-05,-4.155522824254319,3,-4.039826916089685
14090,CCCC(CCNC(=O)COC(=O)*)O*,CCCC(CCNC(=O)COC(=O)[*])O[*],[*]CCNC(=O)COC(=O)OC([*])CCC,6.91e-05,-4.1605219526258015,1,-4.275835015291394
14091,COC(=O)CN(CCO*)CCOC(=O)*,COC(=O)CN(CCO[*])CCOC(=O)[*],[*]CCOC(=O)OCCN([*])CC(=O)OC,0.000111,-3.9546770212133424,1,-3.9088808806911612
14092,COCC(N*)C(=O)NCC(C)NC(=O)*,COCC(N[*])C(=O)NCC(C)NC(=O)[*],[*]NC(=O)NC(C)CNC(=O)C([*])COC,5.58e-05,-4.253365801062421,1,-4.18957590587005
14093,C#CCOCCN(CCO*)CCOC(=O)*,C#CCOCCN(CCO[*])CCOC(=O)[*],[*]CCOC(=O)OCCN([*])CCOCC#C,0.000216,-3.665546248849069,0,-3.8606492051896018
14094,CCC(CC)(COC(=O)*)N*,CCC(CC)(COC(=O)[*])N[*],[*]COC(=O)NC([*])(CC)CC,4.05e-05,-4.392544976785332,2,-4.651765108675357
14095,CC(C)(CCSCCCOC(=O)*)O*,CC(C)(CCSCCCOC(=O)[*])O[*],[*]CCSCCCOC(=O)OC([*])(C)C,7.61e-05,-4.118615343229427,0,-4.1424078992073525
14096,CC(CNCCOCCOC(=O)*)O*,CC(CNCCOCCOC(=O)[*])O[*],[*]CNCCOCCOC(=O)OC([*])C,0.000119,-3.924453038607469,0,-3.782050510010214
14097,C=CCCC(CNCC(CC)NC(=O)*)O*,C=CCCC(CNCC(CC)NC(=O)[*])O[*],[*]CNCC(CC)NC(=O)OC([*])CCC=C,0.000104,-3.98296666070122,0,-4.195432029945127
14098,CCCCCCCNCC(CO*)OC(=O)*,CCCCCCCNCC(CO[*])OC(=O)[*],[*]COC(=O)OC([*])CNCCCCCCC,4.51e-05,-4.345823458122039,1,-4.268480687169356
14099,N#CCCOCCNC(CO*)COC(=O)*,N#CCCOCCNC(CO[*])COC(=O)[*],[*]COC(=O)OCC([*])NCCOCCC#N,0.000133,-3.876148359032914,0,-4.117565665140204
14100,CC(CCOC(=O)*)C(C)(C)O*,CC(CCOC(=O)[*])C(C)(C)O[*],[*]CCOC(=O)OC(C)(C)C([*])C,4.09e-05,-4.388276691992658,3,-4.472749642336072
14101,CCC(F)(F)CN(CCN*)CCOC(=O)*,CCC(F)(F)CN(CCN[*])CCOC(=O)[*],[*]CCNC(=O)OCCN([*])CC(F)(F)CC,8.38e-05,-4.076755981369724,3,-4.120492768638449
14102,C=CC(C)(CNC(C)C(C)(C)O*)OC(=O)*,C=CC(C)(CNC(C)C(C)(C)O[*])OC(=O)[*],[*]CNC(C)C(C)(C)OC(=O)OC([*])(C)C=C,2.67e-05,-4.573488738635425,1,-4.406890497589645
14103,C=CCOCC(CNCCO*)OC(=O)*,C=CCOCC(CNCCO[*])OC(=O)[*],[*]CNCCOC(=O)OC([*])COCC=C,0.000108,-3.96657624451305,1,-3.8750684148329277
14104,NC(=O)C(=O)NCC(CO*)OC(=O)*,NC(=O)C(=O)NCC(CO[*])OC(=O)[*],[*]COC(=O)OC([*])CNC(=O)C(N)=O,5.57e-05,-4.254144804826272,2,-4.134366135373395
14105,C=C(CO*)C(=O)N(CC)CCOC(=O)*,C=C(CO[*])C(=O)N(CC)CCOC(=O)[*],[*]COC(=O)OCCN(CC)C(=O)C([*])=C,8.82e-05,-4.054531414868181,2,-4.235281032184154
14106,CN(CCC#N)C(=O)C(CNC(=O)*)O*,CN(CCC#N)C(=O)C(CNC(=O)[*])O[*],[*]CNC(=O)OC([*])C(=O)N(C)CCC#N,5.68e-05,-4.245651664288981,3,-4.150271193754178
14107,CC(C)C(CCOC(=O)*)N*,CC(C)C(CCOC(=O)[*])N[*],[*]CCOC(=O)NC([*])C(C)C,2.29e-05,-4.640164517660112,2,-4.47030890739345
14108,CC(CNCCSCCCO*)OC(=O)*,CC(CNCCSCCCO[*])OC(=O)[*],[*]CNCCSCCCOC(=O)OC([*])C,9.57e-05,-4.019088062223156,2,-3.8358434524453617
14109,CC(CN*)NC(=O)CCNC(=O)*,CC(CN[*])NC(=O)CCNC(=O)[*],[*]CNC(=O)NCCC(=O)NC([*])C,4.97e-05,-4.303643611266668,3,-4.319123394431855
14110,CCCN(CCC)CC(CO*)OC(=O)*,CCCN(CCC)CC(CO[*])OC(=O)[*],[*]COC(=O)OC([*])CN(CCC)CCC,2.16e-05,-4.665546248849069,0,-4.427010503781765
14111,CCSCCN(CCO*)CCOC(=O)*,CCSCCN(CCO[*])CCOC(=O)[*],[*]CCOC(=O)OCCN([*])CCSCC,0.000203,-3.692503962086787,1,-3.826868424304019
14112,CN(CCCO*)C(=O)COC(=O)*,CN(CCCO[*])C(=O)COC(=O)[*],[*]CCCOC(=O)OCC(=O)N([*])C,6.06e-05,-4.217527375833714,1,-4.084301469988442
14113,O=C(COCCN*)NCCCCOC(=O)*,O=C(COCCN[*])NCCCCOC(=O)[*],[*]COCCNC(=O)OCCCCNC([*])=O,0.00021,-3.677780705266081,1,-3.9882034725597943
14114,CC(C)(C)CCNC(CO*)COC(=O)*,CC(C)(C)CCNC(CO[*])COC(=O)[*],[*]COC(=O)OCC([*])NCCC(C)(C)C,1.81e-05,-4.742321425130816,2,-4.498501660118403
14115,CN(C)CCNCC(CO*)OC(=O)*,CN(C)CCNCC(CO[*])OC(=O)[*],[*]COC(=O)OC([*])CNCCN(C)C,0.000135,-3.869666231504994,1,-4.052417796325965
14116,CC(CNCC#CCO*)OC(=O)*,CC(CNCC#CCO[*])OC(=O)[*],[*]CNCC#CCOC(=O)OC([*])C,7.66e-05,-4.115771230367396,2,-4.246450278781017
14117,COCC#CCN(CCO*)CCOC(=O)*,COCC#CCN(CCO[*])CCOC(=O)[*],[*]CCOC(=O)OCCN([*])CC#CCOC,0.000221,-3.6556077263148894,0,-3.736036968028594
14118,C=CC(OC(=O)*)C(=O)NCCOCCO*,C=CC(OC(=O)[*])C(=O)NCCOCCO[*],[*]OC(=O)OCCOCCNC(=O)C([*])C=C,0.000142,-3.8477116556169433,1,-3.9944996870514657
14119,N#CCCN(CCCOC(=O)*)CCO*,N#CCCN(CCCOC(=O)[*])CCO[*],[*]CCCOC(=O)OCCN([*])CCC#N,0.00019,-3.721246399047171,1,-3.9224603305523504
14120,CCC(CNCC(CSC)OC(=O)*)O*,CCC(CNCC(CSC)OC(=O)[*])O[*],[*]CNCC(CSC)OC(=O)OC([*])CC,7.2e-05,-4.142667503568732,0,-4.090517335458353
14121,CN(CCO*)CCOCCOC(=O)*,CN(CCO[*])CCOCCOC(=O)[*],[*]CCOCCOC(=O)OCCN([*])C,0.000195,-3.709965388637482,2,-3.703778860324845
14122,COCCN(C)CC(CO*)OC(=O)*,COCCN(C)CC(CO[*])OC(=O)[*],[*]COC(=O)OC([*])CN(C)CCOC,0.000109,-3.962573502059376,3,-3.9734035568353594
14123,N#CCCN(CCC#N)CC(CO*)OC(=O)*,N#CCCN(CCC#N)CC(CO[*])OC(=O)[*],[*]COC(=O)OC([*])CN(CCC#N)CCC#N,0.000145,-3.838631997765025,0,-4.072478232271885
14124,CC(COC(=O)*)CSCCOCCO*,CC(COC(=O)[*])CSCCOCCO[*],[*]COC(=O)OCCOCCSCC([*])C,0.000182,-3.739928612014925,3,-3.8062872507717724
14125,CC(CCCC(=O)OCCCNC(=O)*)O*,CC(CCCC(=O)OCCCNC(=O)[*])O[*],[*]CCCC(=O)OCCCNC(=O)OC([*])C,4.19e-05,-4.377785977033705,0,-4.248271542209556
14126,COC(CNC(=O)*)C(=O)NOCC(C)N*,COC(CNC(=O)[*])C(=O)NOCC(C)N[*],[*]CNC(=O)NC(C)CONC(=O)C([*])OC,6.2e-05,-4.207608310501746,2,-4.272669286927887
14127,CC(CN*)CNCC(C)(C)NC(=O)*,CC(CN[*])CNCC(C)(C)NC(=O)[*],[*]CNCC(C)(C)NC(=O)NCC([*])C,5.92e-05,-4.22767829327708,2,-4.162257228881153
14128,CC(CNC(CO*)C(=O)O)OC(=O)*,CC(CNC(CO[*])C(=O)O)OC(=O)[*],[*]CNC(COC(=O)OC([*])C)C(=O)O,4.39e-05,-4.357535479757878,1,-4.460181650008246
14129,CC(CCO*)SCCOCCOC(=O)*,CC(CCO[*])SCCOCCOC(=O)[*],[*]CCOC(=O)OCCOCCSC([*])C,0.000231,-3.636388020107856,1,-3.920503878473779
14130,CCCCCC(CO*)OC(=O)*,CCCCCC(CO[*])OC(=O)[*],[*]COC(=O)OC([*])CCCCC,1.86e-05,-4.730487055782084,2,-4.353498734708183
14131,CC(COC(=O)*)CSCC(O*)C(C)C,CC(COC(=O)[*])CSCC(O[*])C(C)C,[*]COC(=O)OC(CSCC([*])C)C(C)C,6.06e-05,-4.217527375833714,3,-4.399281690550793
14132,C#CCOCCNC(CO*)COC(=O)*,C#CCOCCNC(CO[*])COC(=O)[*],[*]COC(=O)OCC([*])NCCOCC#C,9.61e-05,-4.017276612331455,2,-4.052202709067079
14133,CCN(CC(N)=O)CC(OC(=O)*)C(C)O*,CCN(CC(N)=O)CC(OC(=O)[*])C(C)O[*],[*]OC(=O)OC(C)C([*])CN(CC)CC(N)=O,0.00013,-3.886056647693163,3,-4.257582252805038
14134,CN(CCCCOC(=O)*)CC(CC#N)O*,CN(CCCCOC(=O)[*])CC(CC#N)O[*],[*]CCCCOC(=O)OC(CC#N)CN([*])C,8.91e-05,-4.050122295963125,0,-4.219613410016753
14135,CC(CNC(CCF)CO*)OC(=O)*,CC(CNC(CCF)CO[*])OC(=O)[*],[*]CNC(CCF)COC(=O)OC([*])C,3.47e-05,-4.459670525209126,2,-4.18899841713139
14136,N#CCN(CCO*)CCOC(=O)*,N#CCN(CCO[*])CCOC(=O)[*],[*]CCOC(=O)OCCN([*])CC#N,7.92e-05,-4.101274818410507,2,-3.90200308641242
14137,CC(C)(O*)C(=O)NCCCCCOC(=O)*,CC(C)(O[*])C(=O)NCCCCCOC(=O)[*],[*]OC(=O)OCCCCCNC(=O)C([*])(C)C,6.24e-05,-4.204815410317576,3,-4.056984567151942
14138,COCC#CCN(CCN*)CCOC(=O)*,COCC#CCN(CCN[*])CCOC(=O)[*],[*]CCNC(=O)OCCN([*])CC#CCOC,0.000122,-3.913640169325252,0,-3.73843306895521
14139,CCNC(=O)CNCC(COC(=O)*)O*,CCNC(=O)CNCC(COC(=O)[*])O[*],[*]COC(=O)OC([*])CNCC(=O)NCC,6.78e-05,-4.168770306132937,2,-4.033520727594145
14140,C=CC(CO*)NC(=O)*,C=CC(CO[*])NC(=O)[*],[*]COC(=O)NC([*])C=C,5.37e-05,-4.270025714300444,1,-4.229484323660818
14141,CNCCC(=O)NCC(CO*)OC(=O)*,CNCCC(=O)NCC(CO[*])OC(=O)[*],[*]COC(=O)OC([*])CNC(=O)CCNC,7.56e-05,-4.121478204498794,0,-4.2282094909458205
14142,CCC(CNCCC(C)O*)OC(=O)*,CCC(CNCCC(C)O[*])OC(=O)[*],[*]CNCCC(C)OC(=O)OC([*])CC,7.41e-05,-4.130181792020672,2,-4.023413812339957
14143,CCC(C)N(CCN*)CCOC(=O)*,CCC(C)N(CCN[*])CCOC(=O)[*],[*]CCNC(=O)OCCN([*])C(C)CC,5.4e-05,-4.267606240177032,3,-4.219543244970026
14144,C=CC=CCCNC(CO*)COC(=O)*,C=CC=CCCNC(CO[*])COC(=O)[*],[*]COC(=O)OCC([*])NCCC=CC=C,5.87e-05,-4.231361898752385,3,-4.148585712087182
14145,CN(CCO*)C(=O)CNCCNC(=O)*,CN(CCO[*])C(=O)CNCCNC(=O)[*],[*]CCOC(=O)NCCNCC(=O)N([*])C,8.94e-05,-4.048662481204082,0,-3.9532443448113304
14146,CN(CCC#N)CC(CO*)OC(=O)*,CN(CCC#N)CC(CO[*])OC(=O)[*],[*]COC(=O)OC([*])CN(C)CCC#N,0.000109,-3.962573502059376,1,-3.977319191279109
14147,CCC(COC(=O)*)NCCOCCO*,CCC(COC(=O)[*])NCCOCCO[*],[*]COC(=O)OCCOCCNC([*])CC,0.000104,-3.98296666070122,3,-3.9544144617883887
14148,CN(CCCCCOC(=O)*)CCO*,CN(CCCCCOC(=O)[*])CCO[*],[*]CCCCCOC(=O)OCCN([*])C,0.000102,-3.9913998282380825,1,-3.9053698111307047
14149,CCOCCNCC(COC(=O)*)O*,CCOCCNCC(COC(=O)[*])O[*],[*]COC(=O)OC([*])CNCCOCC,0.000156,-3.8068754016455375,2,-3.884883898943978
14150,CC(CCSCCCO*)OC(=O)*,CC(CCSCCCO[*])OC(=O)[*],[*]CCSCCCOC(=O)OC([*])C,9.17e-05,-4.037630664329979,2,-4.018203887516904
14151,CC(COC(=O)*)SCCCCO*,CC(COC(=O)[*])SCCCCO[*],[*]COC(=O)OCCCCSC([*])C,0.000104,-3.98296666070122,1,-4.025334803705753
14152,CNCCCN(CCN*)CCOC(=O)*,CNCCCN(CCN[*])CCOC(=O)[*],[*]CCNC(=O)OCCN([*])CCCNC,8.77e-05,-4.05700040663396,1,-3.9523894391945853
14153,CC(C#N)OCCNC(CO*)COC(=O)*,CC(C#N)OCCNC(CO[*])COC(=O)[*],[*]COC(=O)OCC([*])NCCOC(C)C#N,7.64e-05,-4.11690664142431,3,-4.0683205126484205
14154,CC(CNC(=O)*)C(=O)NC(C)(C)CCN*,CC(CNC(=O)[*])C(=O)NC(C)(C)CCN[*],[*]CNC(=O)NCCC(C)(C)NC(=O)C([*])C,3.16e-05,-4.5003129173815966,2,-4.379938418121427
14155,CCCC(CCOC(=O)*)O*,CCCC(CCOC(=O)[*])O[*],[*]CCOC(=O)OC([*])CCC,4.91e-05,-4.308918507877031,1,-4.423509187592483
14156,CN(CCCO*)C(=O)COCCNC(=O)*,CN(CCCO[*])C(=O)COCCNC(=O)[*],[*]CCCOC(=O)NCCOCC(=O)N([*])C,0.000103,-3.987162775294828,1,-3.8650894906275997
14157,CCCOCC(=O)NCC(CN*)OC(=O)*,CCCOCC(=O)NCC(CN[*])OC(=O)[*],[*]CNC(=O)OC([*])CNC(=O)COCCC,0.00011,-3.958607314841775,2,-4.206859939335614
14158,CC(CCO*)NC(C)C(C)(C)OC(=O)*,CC(CCO[*])NC(C)C(C)(C)OC(=O)[*],[*]CCOC(=O)OC(C)(C)C(C)NC([*])C,2.47e-05,-4.607303046740334,1,-4.387919432945657
14159,CN(CC#N)CC(CO*)OC(=O)*,CN(CC#N)CC(CO[*])OC(=O)[*],[*]COC(=O)OC([*])CN(C)CC#N,9.83e-05,-4.007446482167865,3,-4.151628723753574
14160,C=CC(C)(O*)C(=O)NC(C)CCNC(=O)*,C=CC(C)(O[*])C(=O)NC(C)CCNC(=O)[*],[*]OC(=O)NCCC(C)NC(=O)C([*])(C)C=C,4.68e-05,-4.329754146925876,0,-4.206741935674393
14161,CC(C)(CNCCC(C)(C)OC(=O)*)O*,CC(C)(CNCCC(C)(C)OC(=O)[*])O[*],[*]CCNCC(C)(C)OC(=O)OC([*])(C)C,4.17e-05,-4.379863945026242,1,-4.380335705815822
14162,CC(C#N)NC(=O)C(O*)C(C)(C)OC(=O)*,CC(C#N)NC(=O)C(O[*])C(C)(C)OC(=O)[*],[*]OC(=O)OC(C)(C)C([*])C(=O)NC(C)C#N,5.44e-05,-4.2644011003018205,1,-4.355877289923566
14163,COCC(C)(O*)C(=O)N(C)CCOC(=O)*,COCC(C)(O[*])C(=O)N(C)CCOC(=O)[*],[*]OC(=O)OCCN(C)C(=O)C([*])(C)COC,4.7e-05,-4.327902142064283,2,-4.269199603255063
14164,CCCCOCC(CNCCNC(=O)*)O*,CCCCOCC(CNCCNC(=O)[*])O[*],[*]CNCCNC(=O)OC([*])COCCCC,0.000121,-3.9172146296835497,1,-4.122333024861182
14165,CNOCCNC(=O)CC(CN*)OC(=O)*,CNOCCNC(=O)CC(CN[*])OC(=O)[*],[*]CNC(=O)OC([*])CC(=O)NCCONC,0.000113,-3.946921556516581,3,-3.9599307577019434
14166,NOCCNCC(COC(=O)*)O*,NOCCNCC(COC(=O)[*])O[*],[*]COC(=O)OC([*])CNCCON,0.000167,-3.7772835288524167,3,-3.923907600722944
14167,CC(CCOC(=O)*)N*,CC(CCOC(=O)[*])N[*],[*]CCOC(=O)NC([*])C,5.46e-05,-4.262807357295263,0,-4.286828370541901
14168,CCC(CNCC(OC(=O)*)C(=O)OC)N*,CCC(CNCC(OC(=O)[*])C(=O)OC)N[*],[*]CNCC(OC(=O)NC([*])CC)C(=O)OC,3.83e-05,-4.416801226031377,3,-4.275257090143523
14169,C=CC(C)NC(=O)C(COC(=O)*)N*,C=CC(C)NC(=O)C(COC(=O)[*])N[*],[*]COC(=O)NC([*])C(=O)NC(C)C=C,8.09e-05,-4.092051478387727,0,-4.376417557915416
14170,CC=C(NC=N)NCC(CO*)OC(=O)*,CC=C(NC=N)NCC(CO[*])OC(=O)[*],[*]COC(=O)OC([*])CNC(=CC)NC=N,1.94e-05,-4.7121982700697735,3,-4.437430122692441
14171,C=CC(O*)C(=O)NCCCOC(=O)*,C=CC(O[*])C(=O)NCCCOC(=O)[*],[*]OC(=O)OCCCNC(=O)C([*])C=C,4.68e-05,-4.329754146925876,0,-4.206067780301993
14172,CCN(CCCNC(=O)*)CCOCCO*,CCN(CCCNC(=O)[*])CCOCCO[*],[*]CCCNC(=O)OCCOCCN([*])CC,0.000182,-3.739928612014925,3,-3.687392795850566
14173,CC(C)OCC(N*)C(=O)NCCNC(=O)*,CC(C)OCC(N[*])C(=O)NCCNC(=O)[*],[*]NC(=O)NCCNC(=O)C([*])COC(C)C,4.47e-05,-4.349692476868063,2,-4.149740497291398
14174,CC(CN(C)CCCCCCOC(=O)*)N*,CC(CN(C)CCCCCCOC(=O)[*])N[*],[*]CN(C)CCCCCCOC(=O)NC([*])C,0.000104,-3.98296666070122,1,-4.131948433153268
14175,CCC(C)N(CCCOC(=O)*)CCO*,CCC(C)N(CCCOC(=O)[*])CCO[*],[*]CCCOC(=O)OCCN([*])C(C)CC,6.23e-05,-4.205511953340831,1,-4.160420836503644
14176,N#CCN(CCCOC(=O)*)CCO*,N#CCN(CCCOC(=O)[*])CCO[*],[*]CCCOC(=O)OCCN([*])CC#N,0.000125,-3.903089986991944,3,-3.9092040231560823
14177,CN(CCCCCCO*)CCCNC(=O)*,CN(CCCCCCO[*])CCCNC(=O)[*],[*]CCCCCCOC(=O)NCCCN([*])C,5.41e-05,-4.266802734893431,2,-4.029131400878459
14178,CC(C#N)N(C)C(=O)C(CN*)NC(=O)*,CC(C#N)N(C)C(=O)C(CN[*])NC(=O)[*],[*]CNC(=O)NC([*])C(=O)N(C)C(C)C#N,2.89e-05,-4.539102157243452,1,-4.391102670276561
14179,CCCCN(CCOC(=O)*)CC(C)O*,CCCCN(CCOC(=O)[*])CC(C)O[*],[*]CCOC(=O)OC(C)CN([*])CCCC,3.97e-05,-4.401209493236885,3,-4.272067496955758
14180,CCC(CC)(CCNCC(C)OC(=O)*)O*,CCC(CC)(CCNCC(C)OC(=O)[*])O[*],[*]CCNCC(C)OC(=O)OC([*])(CC)CC,3.86e-05,-4.413412695328245,3,-4.441218868241999
14181,CN(CCCCCOC(=O)*)CCN*,CN(CCCCCOC(=O)[*])CCN[*],[*]CCCCCOC(=O)NCCN([*])C,0.000111,-3.9546770212133424,3,-3.9997324474255116
14182,CC(C#CCOCCO*)OC(=O)*,CC(C#CCOCCO[*])OC(=O)[*],[*]C#CCOCCOC(=O)OC([*])C,7.91e-05,-4.101823516502323,0,-4.10567992688542
14183,CC(C#N)(CO*)N=NC(C)(C#N)COC(=O)*,CC(C#N)(CO[*])N=NC(C)(C#N)COC(=O)[*],[*]COC(=O)OCC(C)(C#N)N=NC([*])(C)C#N,4.29e-05,-4.367542707815276,1,-4.792760864019674
14184,CC(=O)NCC(COC(=O)*)NCCCO*,CC(=O)NCC(COC(=O)[*])NCCCO[*],[*]COC(=O)OCCCNC([*])CNC(C)=O,9.43e-05,-4.025488307262672,3,-4.021237332623683
14185,COCCN(CCO*)CCOC(=O)*,COCCN(CCO[*])CCOC(=O)[*],[*]CCOC(=O)OCCN([*])CCOC,0.000228,-3.642065152999546,1,-3.7874527515535337
14186,CCN(CCCCCOC(=O)*)CCCO*,CCN(CCCCCOC(=O)[*])CCCO[*],[*]CCCCCOC(=O)OCCCN([*])CC,0.00014,-3.853871964321762,0,-3.8746555613890714
14187,C=CC(OC(=O)*)C(=O)N(C)C(C)CCO*,C=CC(OC(=O)[*])C(=O)N(C)C(C)CCO[*],[*]OC(=O)OCCC(C)N(C)C(=O)C([*])C=C,3.04e-05,-4.517126416391246,1,-4.455924292027399
14188,O=C(CN*)NCCCOCCOC(=O)*,O=C(CN[*])NCCCOCCOC(=O)[*],[*]CNC(=O)OCCOCCCNC([*])=O,0.000129,-3.889410289700751,3,-3.8681979593342994
14189,C#CCOCC(CNCCO*)OC(=O)*,C#CCOCC(CNCCO[*])OC(=O)[*],[*]CNCCOC(=O)OC([*])COCC#C,9.98e-05,-4.000869458712629,1,-3.8424687784558125
14190,CCC(CCNC(=O)C(CC)N*)OC(=O)*,CCC(CCNC(=O)C(CC)N[*])OC(=O)[*],[*]CCNC(=O)C(CC)NC(=O)OC([*])CC,2.81e-05,-4.55129368009492,3,-4.264931918943098
14191,C=CCCN(CCO*)CCOC(=O)*,C=CCCN(CCO[*])CCOC(=O)[*],[*]CCOC(=O)OCCN([*])CCC=C,0.000124,-3.906578314837765,1,-3.9670009832203763
14192,CC(CCCN(C)CCCOC(=O)*)O*,CC(CCCN(C)CCCOC(=O)[*])O[*],[*]CCCN(C)CCCOC(=O)OC([*])C,9.42e-05,-4.025949097207123,2,-4.09581838968044
14193,C=CCC(CNC(=O)*)O*,C=CCC(CNC(=O)[*])O[*],[*]CNC(=O)OC([*])CC=C,5.31e-05,-4.274905478918531,1,-4.213107457164338
14194,CCCC(CCC)NCC(CN*)OC(=O)*,CCCC(CCC)NCC(CN[*])OC(=O)[*],[*]CNC(=O)OC([*])CNC(CCC)CCC,6.67e-05,-4.175874166083451,2,-4.4437210502416855
14195,CCC(O*)C(C)OC(=O)*,CCC(O[*])C(C)OC(=O)[*],[*]OC(=O)OC(C)C([*])CC,2.2e-05,-4.657577319177793,0,-4.382052150702753
14196,CNCCCN(CCN*)CCNC(=O)*,CNCCCN(CCN[*])CCNC(=O)[*],[*]CCNC(=O)NCCN([*])CCCNC,9.52e-05,-4.021363051615526,3,-3.8621658193521116
14197,C=C(CO*)C(=O)N(C)C(C)COC(=O)*,C=C(CO[*])C(=O)N(C)C(C)COC(=O)[*],[*]COC(=O)OCC(C)N(C)C(=O)C([*])=C,6.57e-05,-4.182434630440219,3,-4.36194613152503
14198,CCCC(NC(=O)*)C(=O)NCCN*,CCCC(NC(=O)[*])C(=O)NCCN[*],[*]NC(=O)NCCNC(=O)C([*])CCC,7.84e-05,-4.105683937315562,0,-4.227927777670362
14199,COC(C)(C)CNC(=O)C(COC(=O)*)N*,COC(C)(C)CNC(=O)C(COC(=O)[*])N[*],[*]COC(=O)NC([*])C(=O)NCC(C)(C)OC,4.35e-05,-4.361510743045363,0,-4.269579367969403
14200,CCCC(C)(CNCC(C)O*)OC(=O)*,CCCC(C)(CNCC(C)O[*])OC(=O)[*],[*]CNCC(C)OC(=O)OC([*])(C)CCC,4.91e-05,-4.308918507877031,2,-4.472269136262433
14201,CC(C)N(CCO*)CCC(C)(C)OC(=O)*,CC(C)N(CCO[*])CCC(C)(C)OC(=O)[*],[*]CCOC(=O)OC(C)(C)CCN([*])C(C)C,4.05e-05,-4.392544976785332,0,-4.482377906114306
14202,CC(CCCCO*)NCC(C)OC(=O)*,CC(CCCCO[*])NCC(C)OC(=O)[*],[*]CCCCOC(=O)OC(C)CNC([*])C,6.17e-05,-4.209714835966758,3,-4.159489378930388
14203,CC(C)(COC(=O)*)NCC(C)(C)O*,CC(C)(COC(=O)[*])NCC(C)(C)O[*],[*]COC(=O)OC(C)(C)CNC([*])(C)C,3.15e-05,-4.501689446210399,0,-4.3934556709161106
14204,NOCCNC(=O)CC(CNC(=O)*)O*,NOCCNC(=O)CC(CNC(=O)[*])O[*],[*]CNC(=O)OC([*])CC(=O)NCCON,0.000148,-3.8297382846050425,1,-4.169978004375363
14205,CC(C)(CNCCCCCO*)OC(=O)*,CC(C)(CNCCCCCO[*])OC(=O)[*],[*]CNCCCCCOC(=O)OC([*])(C)C,5.18e-05,-4.285670240254767,1,-4.160259579073304
14206,COCC(CNCC#CCOC(=O)*)O*,COCC(CNCC#CCOC(=O)[*])O[*],[*]CNCC#CCOC(=O)OC([*])COC,9.23e-05,-4.034798298974088,1,-4.092538367400359
14207,CN(CCOCCOC(=O)*)C(=O)CO*,CN(CCOCCOC(=O)[*])C(=O)CO[*],[*]CCOCCOC(=O)OCC(=O)N([*])C,8.53e-05,-4.069050968832477,2,-3.986017088393808
14208,CCN(CCCO*)CCCOC(=O)*,CCN(CCCO[*])CCCOC(=O)[*],[*]CCCOC(=O)OCCCN([*])CC,0.000135,-3.869666231504994,2,-3.9760158829389565
14209,CCC(C)N(C)CC(CN*)OC(=O)*,CCC(C)N(C)CC(CN[*])OC(=O)[*],[*]CNC(=O)OC([*])CN(C)C(C)CC,5e-05,-4.301029995663981,1,-4.411703974668365
14210,CCC(COC(=O)*)NCCCCCCO*,CCC(COC(=O)[*])NCCCCCCO[*],[*]COC(=O)OCCCCCCNC([*])CC,8.65e-05,-4.062983892535186,0,-4.185405355459832
14211,CC(CF)NCC(CC(C)(C)O*)OC(=O)*,CC(CF)NCC(CC(C)(C)O[*])OC(=O)[*],[*]CC(C)(C)OC(=O)OC([*])CNC(C)CF,2.9e-05,-4.537602002101044,2,-4.491389879620148
14212,CC(CONC(=O)C(C)CNC(=O)*)N*,CC(CONC(=O)C(C)CNC(=O)[*])N[*],[*]CONC(=O)C(C)CNC(=O)NC([*])C,4.73e-05,-4.325138859262188,3,-4.217145546006961
14213,CC(CCSCCOCCOC(=O)*)O*,CC(CCSCCOCCOC(=O)[*])O[*],[*]CCSCCOCCOC(=O)OC([*])C,0.000172,-3.764471553092451,3,-3.8737296147557823
14214,CN(CCCCCCN*)CCOC(=O)*,CN(CCCCCCN[*])CCOC(=O)[*],[*]CCCCCCNC(=O)OCCN([*])C,0.000122,-3.913640169325252,3,-3.9932366862324917
14215,CN(CC(C)(C)NC(=O)*)CC(C)(C)O*,CN(CC(C)(C)NC(=O)[*])CC(C)(C)O[*],[*]CC(C)(C)NC(=O)OC(C)(C)CN([*])C,4e-05,-4.3979400086720375,1,-4.390082737347567
14216,N=C(CO*)NOCCCCCCOC(=O)*,N=C(CO[*])NOCCCCCCOC(=O)[*],[*]COC(=O)OCCCCCCONC([*])=N,9.36e-05,-4.028724151261895,2,-3.9908116326748253
14217,CN(CCNC(=O)*)CCOCCN*,CN(CCNC(=O)[*])CCOCCN[*],[*]CCNC(=O)NCCOCCN([*])C,0.000202,-3.694648630553376,2,-3.828341957350042
14218,CN(C)CCN(C)CC(CO*)OC(=O)*,CN(C)CCN(C)CC(CO[*])OC(=O)[*],[*]COC(=O)OC([*])CN(C)CCN(C)C,0.000105,-3.9788107009300617,2,-3.9289554942867198
14219,C=CCN(CCO*)CC(C)OC(=O)*,C=CCN(CCO[*])CC(C)OC(=O)[*],[*]CCOC(=O)OC(C)CN([*])CC=C,9.07e-05,-4.042392712939905,1,-4.194281147115514
14220,CCC(C)(C#N)NC(=O)C(N*)C(C)OC(=O)*,CCC(C)(C#N)NC(=O)C(N[*])C(C)OC(=O)[*],[*]NC(=O)OC(C)C([*])C(=O)NC(C)(C#N)CC,4.4e-05,-4.356547323513813,3,-4.264247919096765
14221,C=CC(C)(CN(C)CC(C)NC(=O)*)O*,C=CC(C)(CN(C)CC(C)NC(=O)[*])O[*],[*]CN(C)CC(C)NC(=O)OC([*])(C)C=C,3.45e-05,-4.462180904926726,3,-4.355653411172025
14222,C#CCNC(=O)C(N*)C(C)(C)OC(=O)*,C#CCNC(=O)C(N[*])C(C)(C)OC(=O)[*],[*]NC(=O)OC(C)(C)C([*])C(=O)NCC#C,4.07e-05,-4.39040559077478,1,-4.247758228233981
14223,CC(C)(C)NC(=O)C(COC(=O)*)N*,CC(C)(C)NC(=O)C(COC(=O)[*])N[*],[*]COC(=O)NC([*])C(=O)NC(C)(C)C,4.36e-05,-4.360513510731414,2,-4.355153499162015
14224,CCC(NC(C)C(C)OC(=O)*)C(C)(C)O*,CCC(NC(C)C(C)OC(=O)[*])C(C)(C)O[*],[*]NC(C)C(C)OC(=O)OC(C)(C)C([*])CC,1.96e-05,-4.707743928643524,1,-4.432209689527517
14225,CC(C)C(CNCC(C)(C)O*)OC(=O)*,CC(C)C(CNCC(C)(C)O[*])OC(=O)[*],[*]CNCC(C)(C)OC(=O)OC([*])C(C)C,5.37e-05,-4.270025714300444,3,-4.478729982766292
14226,CCCC(C)(CNC(C)C(C)O*)OC(=O)*,CCCC(C)(CNC(C)C(C)O[*])OC(=O)[*],[*]CNC(C)C(C)OC(=O)OC([*])(C)CCC,4.26e-05,-4.370590400897281,3,-4.409058993889903
14227,CCC(CN(C)CCCO*)OC(=O)*,CCC(CN(C)CCCO[*])OC(=O)[*],[*]CN(C)CCCOC(=O)OC([*])CC,6.87e-05,-4.16304326294045,2,-4.119541829959661
14228,C=CCC(CNC(=O)CCO*)COC(=O)*,C=CCC(CNC(=O)CCO[*])COC(=O)[*],[*]CNC(=O)CCOC(=O)OCC([*])CC=C,8.76e-05,-4.057495893831919,3,-4.191523041902616
14229,COC(=O)C(CO*)NC(C)C(C)OC(=O)*,COC(=O)C(CO[*])NC(C)C(C)OC(=O)[*],[*]COC(=O)OC(C)C(C)NC([*])C(=O)OC,3.25e-05,-4.488116639021126,3,-4.403733500506928
14230,CCOCCCN(CCO*)CCOC(=O)*,CCOCCCN(CCO[*])CCOC(=O)[*],[*]CCOC(=O)OCCN([*])CCCOCC,0.00012,-3.9208187539523753,2,-3.897138530291132
14231,CN(CCCCOC(=O)*)CCOCCO*,CN(CCCCOC(=O)[*])CCOCCO[*],[*]CCCCOC(=O)OCCOCCN([*])C,0.000303,-3.518557371497695,3,-3.6522548686922884
14232,CCC(NC(=O)*)C(=O)NC(CO*)C(C)C,CCC(NC(=O)[*])C(=O)NC(CO[*])C(C)C,[*]NC(=O)OCC(NC(=O)C([*])CC)C(C)C,3.04e-05,-4.517126416391246,2,-4.464830101181746
14233,C=CC(CNCCOCCOC(=O)*)O*,C=CC(CNCCOCCOC(=O)[*])O[*],[*]CNCCOCCOC(=O)OC([*])C=C,0.000172,-3.764471553092451,2,-3.779771740100083
14234,CCC(NC(C)C(C)OC(=O)*)C(C)O*,CCC(NC(C)C(C)OC(=O)[*])C(C)O[*],[*]NC(C)C(C)OC(=O)OC(C)C([*])CC,5.11e-05,-4.291579099865287,0,-4.550583915206532
14235,CC(C)CN(CCO*)CC(C)OC(=O)*,CC(C)CN(CCO[*])CC(C)OC(=O)[*],[*]CCOC(=O)OC(C)CN([*])CC(C)C,2.73e-05,-4.563837352959244,3,-4.3031636425381965
14236,CC(C)=CCCNC(CN*)CNC(=O)*,CC(C)=CCCNC(CN[*])CNC(=O)[*],[*]CNC(=O)NCC([*])NCCC=C(C)C,5.6e-05,-4.251811972993799,0,-4.086714920509681
14237,CC(CSCCOCCO*)OC(=O)*,CC(CSCCOCCO[*])OC(=O)[*],[*]CSCCOCCOC(=O)OC([*])C,0.000228,-3.642065152999546,2,-3.7616351487296837
14238,CCCC(=O)C(=O)NCC(CO*)OC(=O)*,CCCC(=O)C(=O)NCC(CO[*])OC(=O)[*],[*]COC(=O)OC([*])CNC(=O)C(=O)CCC,3.68e-05,-4.434152181326482,2,-4.446930401793877
14239,CC(C)C(CCOC(=O)*)O*,CC(C)C(CCOC(=O)[*])O[*],[*]CCOC(=O)OC([*])C(C)C,4.17e-05,-4.379863945026242,1,-4.525331196512859
14240,N#CC(NCC(CO*)OC(=O)*)C(N)=O,N#CC(NCC(CO[*])OC(=O)[*])C(N)=O,[*]COC(=O)OC([*])CNC(C#N)C(N)=O,5.04e-05,-4.297569463554475,3,-4.32872998898618
14241,CCC(CNCCOCCOC(=O)*)O*,CCC(CNCCOCCOC(=O)[*])O[*],[*]CNCCOCCOC(=O)OC([*])CC,0.000204,-3.690369832574101,3,-3.889309470343595
14242,CCCC(CCOC(=O)*)NC(=O)C(C)O*,CCCC(CCOC(=O)[*])NC(=O)C(C)O[*],[*]CCOC(=O)OC(C)C(=O)NC([*])CCC,6.84e-05,-4.164943898279883,1,-4.3853445560757836
14243,CCCCC(CNCC(C)OC(=O)*)O*,CCCCC(CNCC(C)OC(=O)[*])O[*],[*]CNCC(C)OC(=O)OC([*])CCCC,5.13e-05,-4.289882634888183,2,-4.170031721985335
14244,CCCCCC(CNCC(C)OC(=O)*)O*,CCCCCC(CNCC(C)OC(=O)[*])O[*],[*]CNCC(C)OC(=O)OC([*])CCCCC,5.73e-05,-4.24184537803261,2,-4.215437093657266
14245,N#CCCC(C#N)CNCC(COC(=O)*)O*,N#CCCC(C#N)CNCC(COC(=O)[*])O[*],[*]COC(=O)OC([*])CNCC(C#N)CCC#N,8.56e-05,-4.067526235322847,0,-4.053862653703144
14246,CCCN(CC(COC(=O)*)O*)C(C)CC,CCCN(CC(COC(=O)[*])O[*])C(C)CC,[*]COC(=O)OC([*])CN(CCC)C(C)CC,1.95e-05,-4.709965388637482,1,-4.550247679699588
14247,CC(CCOC(=O)*)NC(C)CC(C)O*,CC(CCOC(=O)[*])NC(C)CC(C)O[*],[*]CCOC(=O)OC(C)CC(C)NC([*])C,6.47e-05,-4.189095719331299,3,-4.310882406515611
14248,CN(CCCCCCOC(=O)*)CCCO*,CN(CCCCCCOC(=O)[*])CCCO[*],[*]CCCCCCOC(=O)OCCCN([*])C,0.000136,-3.866461091629783,0,-3.905072581143906
14249,CCCCCCC(O*)C(NC(=O)*)C(=O)O,CCCCCCC(O[*])C(NC(=O)[*])C(=O)O,[*]OC(=O)NC(C(=O)O)C([*])CCCCCC,2.32e-05,-4.634512015109101,0,-4.548154753209332
14250,C=CC(COC(=O)*)NC(=O)C(C)CN*,C=CC(COC(=O)[*])NC(=O)C(C)CN[*],[*]COC(=O)NCC(C)C(=O)NC([*])C=C,4.26e-05,-4.370590400897281,0,-4.3757321139566585
14251,C#CC(C)(NC(=O)*)C(=O)NC(CC)CO*,C#CC(C)(NC(=O)[*])C(=O)NC(CC)CO[*],[*]NC(=O)OCC(CC)NC(=O)C([*])(C)C#C,4.45e-05,-4.351639989019068,3,-4.368621248454182
14252,CCC(CC#N)NC(CO*)C(C)OC(=O)*,CCC(CC#N)NC(CO[*])C(C)OC(=O)[*],[*]COC(=O)OC(C)C([*])NC(CC)CC#N,7.5e-05,-4.1249387366083,0,-4.279547203673105
14253,CC(O*)C(C)SCCOCCOC(=O)*,CC(O[*])C(C)SCCOCCOC(=O)[*],[*]OC(=O)OCCOCCSC(C)C([*])C,8.53e-05,-4.069050968832477,0,-4.073394649198264
14254,CC(CC#N)NCC(CO*)OC(=O)*,CC(CC#N)NCC(CO[*])OC(=O)[*],[*]COC(=O)OC([*])CNC(C)CC#N,8.51e-05,-4.070070439915412,2,-4.071584938439925
14255,CC(C)CC(=O)NC(C)(CO*)COC(=O)*,CC(C)CC(=O)NC(C)(CO[*])COC(=O)[*],[*]COC(=O)OCC([*])(C)NC(=O)CC(C)C,9.3e-05,-4.031517051446065,0,-4.456836760441189
14256,CN(CCOCCOC(=O)*)C(C)(C)CO*,CN(CCOCCOC(=O)[*])C(C)(C)CO[*],[*]CCOCCOC(=O)OCC(C)(C)N([*])C,9.59e-05,-4.018181392829336,3,-4.220206754069891
14257,C=CCOCC(CN(C)CCOC(=O)*)O*,C=CCOCC(CN(C)CCOC(=O)[*])O[*],[*]CN(C)CCOC(=O)OC([*])COCC=C,0.000117,-3.9318141382538383,2,-3.8674663173726844
14258,CCCCNCC(CC(C)(C)OC(=O)*)O*,CCCCNCC(CC(C)(C)OC(=O)[*])O[*],[*]CC(C)(C)OC(=O)OC([*])CNCCCC,8.72e-05,-4.059483515067432,3,-4.365776747445262
14259,N#CCCCN(CCO*)CCOC(=O)*,N#CCCCN(CCO[*])CCOC(=O)[*],[*]CCOC(=O)OCCN([*])CCCC#N,0.000121,-3.9172146296835497,1,-4.0782556113363055
14260,CCCCC(CN(C)CCO*)OC(=O)*,CCCCC(CN(C)CCO[*])OC(=O)[*],[*]CN(C)CCOC(=O)OC([*])CCCC,0.000104,-3.98296666070122,2,-4.070158644092946
14261,CCCN(C)CC(CC(C)(C)OC(=O)*)O*,CCCN(C)CC(CC(C)(C)OC(=O)[*])O[*],[*]CC(C)(C)OC(=O)OC([*])CN(C)CCC,2.35e-05,-4.628932137728264,2,-4.375897853504007
14262,CCCCCN(CCNC(=O)*)CCO*,CCCCCN(CCNC(=O)[*])CCO[*],[*]CCNC(=O)OCCN([*])CCCCC,8.02e-05,-4.095825631715837,3,-4.137615013902003
14263,CCN(CCCCO*)CCOC(=O)*,CCN(CCCCO[*])CCOC(=O)[*],[*]CCCCOC(=O)OCCN([*])CC,0.000179,-3.7471469690201062,1,-3.9348334468365778
14264,CC(C#N)N(C)C(=O)C(CCCNC(=O)*)N*,CC(C#N)N(C)C(=O)C(CCCNC(=O)[*])N[*],[*]CCCNC(=O)NC([*])C(=O)N(C)C(C)C#N,4.87e-05,-4.3124710387853655,0,-4.402743264468113
14265,CC(O*)C(C)N(C)CC(C)(C)COC(=O)*,CC(O[*])C(C)N(C)CC(C)(C)COC(=O)[*],[*]OC(=O)OCC(C)(C)CN(C)C(C)C([*])C,3.97e-05,-4.401209493236885,0,-4.568822364257162
14266,C=CCN(CCCO*)CCOC(=O)*,C=CCN(CCCO[*])CCOC(=O)[*],[*]CCCOC(=O)OCCN([*])CC=C,0.000179,-3.7471469690201062,3,-3.931767545357718
14267,CCCC(C)(CNC(=O)CCO*)OC(=O)*,CCCC(C)(CNC(=O)CCO[*])OC(=O)[*],[*]CNC(=O)CCOC(=O)OC([*])(C)CCC,7.86e-05,-4.104577453960592,1,-4.314021257958194
14268,C=CC(O*)C(=O)N(CC)CCOC(=O)*,C=CC(O[*])C(=O)N(CC)CCOC(=O)[*],[*]OC(=O)OCCN(CC)C(=O)C([*])C=C,3.55e-05,-4.449771646944906,0,-4.287307982839867
14269,CC(CN(CCC#N)CCO*)OC(=O)*,CC(CN(CCC#N)CCO[*])OC(=O)[*],[*]CN(CCC#N)CCOC(=O)OC([*])C,0.000132,-3.87942606879415,3,-3.9192944531964633
14270,CCC(NCC(C)OC(=O)*)C(C)O*,CCC(NCC(C)OC(=O)[*])C(C)O[*],[*]NCC(C)OC(=O)OC(C)C([*])CC,2.26e-05,-4.645891560852599,2,-4.370033923694583
14271,CC(C)C(CCN(C)CCO*)OC(=O)*,CC(C)C(CCN(C)CCO[*])OC(=O)[*],[*]CCN(C)CCOC(=O)OC([*])C(C)C,4.42e-05,-4.354577730650908,3,-4.308455479180557
14272,CCCCN(CCCNC(=O)*)CCO*,CCCCN(CCCNC(=O)[*])CCO[*],[*]CCCNC(=O)OCCN([*])CCCC,6.36e-05,-4.196542884351586,0,-3.9728933694263535
14273,CC(C)CCN(CCCOC(=O)*)CCO*,CC(C)CCN(CCCOC(=O)[*])CCO[*],[*]CCCOC(=O)OCCN([*])CCC(C)C,6.82e-05,-4.166215625343521,0,-4.022462215832892
14274,CCN(CCCCCCOC(=O)*)CCO*,CCN(CCCCCCOC(=O)[*])CCO[*],[*]CCCCCCOC(=O)OCCN([*])CC,7.11e-05,-4.148130399270234,2,-3.796412507584863
14275,C[Si](C)(C)CC(CO*)OC(=O)*,C[Si](C)(C)CC(CO[*])OC(=O)[*],[*]COC(=O)OC([*])C[Si](C)(C)C,1.9e-05,-4.721246399047171,3,-4.4421061941422035
14276,CCC(C)CN(CCN*)CCOC(=O)*,CCC(C)CN(CCN[*])CCOC(=O)[*],[*]CCNC(=O)OCCN([*])CC(C)CC,5.3e-05,-4.275724130399211,2,-4.286456849513903
14277,CCN(CCCC(C)OC(=O)*)C(C)CO*,CCN(CCCC(C)OC(=O)[*])C(C)CO[*],[*]CCCC(C)OC(=O)OCC(C)N([*])CC,3.14e-05,-4.503070351926785,1,-4.291425019224407
14278,CC(CO*)SCCOCCOC(=O)*,CC(CO[*])SCCOCCOC(=O)[*],[*]COC(=O)OCCOCCSC([*])C,0.000174,-3.7594507517174,2,-3.9052705723742367
14279,C=CC(CO*)NCC(C)OC(=O)*,C=CC(CO[*])NCC(C)OC(=O)[*],[*]COC(=O)OC(C)CNC([*])C=C,7.43e-05,-4.129011186239425,3,-4.158614956757873
14280,CC(C)C(C)(CN*)NCCOC(=O)*,CC(C)C(C)(CN[*])NCCOC(=O)[*],[*]CNC(=O)OCCNC([*])(C)C(C)C,4.29e-05,-4.367542707815276,2,-4.414944115128401
14281,CC(CN(CCCO*)CC(F)F)OC(=O)*,CC(CN(CCCO[*])CC(F)F)OC(=O)[*],[*]CN(CCCOC(=O)OC([*])C)CC(F)F,0.000106,-3.9746941347352296,0,-4.147116067490678
14282,CCC(CNCCC(C)NC(=O)*)O*,CCC(CNCCC(C)NC(=O)[*])O[*],[*]CNCCC(C)NC(=O)OC([*])CC,9.14e-05,-4.039053804266168,1,-4.160825696769038
14283,CCCCN(CCN*)CCOC(=O)*,CCCCN(CCN[*])CCOC(=O)[*],[*]CCNC(=O)OCCN([*])CCCC,7.21e-05,-4.142064735280571,0,-4.071154789410189
14284,CC(CCCNC(=O)C(C)NC(=O)*)CO*,CC(CCCNC(=O)C(C)NC(=O)[*])CO[*],[*]CCCNC(=O)C(C)NC(=O)OCC([*])C,5.57e-05,-4.254144804826272,0,-4.335619821095452
14285,CC(CCN(C)CCC(C)OC(=O)*)O*,CC(CCN(C)CCC(C)OC(=O)[*])O[*],[*]CCN(C)CCC(C)OC(=O)OC([*])C,5.66e-05,-4.247183568811729,1,-4.174100095055801
14286,CC(CO*)N(C)CCOCCOC(=O)*,CC(CO[*])N(C)CCOCCOC(=O)[*],[*]COC(=O)OCCOCCN(C)C([*])C,0.000216,-3.665546248849069,1,-3.93550512981347
14287,CN(CCCN(C)CCOC(=O)*)CCO*,CN(CCCN(C)CCOC(=O)[*])CCO[*],[*]CCCN(C)CCOC(=O)OCCN([*])C,0.000178,-3.749579997691106,1,-3.6823388382823135
14288,CN(CCCCOC(=O)*)CCCN*,CN(CCCCOC(=O)[*])CCCN[*],[*]CCCCOC(=O)NCCCN([*])C,8.43e-05,-4.074172425375258,0,-3.924341378530273
14289,C=CC(CNCCCOCCOC(=O)*)O*,C=CC(CNCCCOCCOC(=O)[*])O[*],[*]CNCCCOCCOC(=O)OC([*])C=C,0.00024,-3.619788758288394,0,-3.750799549365941
14290,CC(C)CCC(CO*)NCC(C)OC(=O)*,CC(C)CCC(CO[*])NCC(C)OC(=O)[*],[*]COC(=O)OC(C)CNC([*])CCC(C)C,8.06e-05,-4.09366495819491,1,-4.359763490867314
14291,CC(CC(=O)NC(C)(C)CCN*)NC(=O)*,CC(CC(=O)NC(C)(C)CCN[*])NC(=O)[*],[*]CC(=O)NC(C)(C)CCNC(=O)NC([*])C,3.37e-05,-4.4723700991286615,1,-4.434765854787093
14292,CC(CCNC(C)C(C)OC(=O)*)O*,CC(CCNC(C)C(C)OC(=O)[*])O[*],[*]CCNC(C)C(C)OC(=O)OC([*])C,4.5e-05,-4.346787486224656,2,-4.312725937475019
14293,CC#CC(=O)N(C)CC(CO*)OC(=O)*,CC#CC(=O)N(C)CC(CO[*])OC(=O)[*],[*]COC(=O)OC([*])CN(C)C(=O)C#CC,1.61e-05,-4.79317412396815,1,-4.371097602361183
14294,CN(CCCCNC(=O)*)CCCO*,CN(CCCCNC(=O)[*])CCCO[*],[*]CCCCNC(=O)OCCCN([*])C,0.000104,-3.98296666070122,0,-3.8576295234247966
14295,N#CCCCCN(CCO*)CCOC(=O)*,N#CCCCCN(CCO[*])CCOC(=O)[*],[*]CCOC(=O)OCCN([*])CCCCC#N,0.000153,-3.815308569182401,3,-4.074808206473851
14296,CC(CNC(=O)C(CCCC#N)N*)NC(=O)*,CC(CNC(=O)C(CCCC#N)N[*])NC(=O)[*],[*]CNC(=O)C(CCCC#N)NC(=O)NC([*])C,5.95e-05,-4.22548303427145,3,-4.199635623823266
14297,CC(CCNCC(C)OC(=O)*)CCO*,CC(CCNCC(C)OC(=O)[*])CCO[*],[*]CCNCC(C)OC(=O)OCCC([*])C,0.000101,-3.995678626217357,1,-4.153280669871474
14298,CCC(COC(=O)*)SC(C)CO*,CCC(COC(=O)[*])SC(C)CO[*],[*]COC(=O)OCC(C)SC([*])CC,7.92e-05,-4.101274818410507,0,-4.246488538189272
14299,C=CCCCCN(C)CC(CO*)OC(=O)*,C=CCCCCN(C)CC(CO[*])OC(=O)[*],[*]COC(=O)OC([*])CN(C)CCCCC=C,5.2e-05,-4.2839966563652006,1,-4.175658681687087
14300,CCCCC(C)N(CCN*)CCNC(=O)*,CCCCC(C)N(CCN[*])CCNC(=O)[*],[*]CCNC(=O)NCCN([*])C(C)CCCC,8.66e-05,-4.062482107982653,1,-4.180498746914542
14301,CC(NCCCCOC(=O)*)C(C)O*,CC(NCCCCOC(=O)[*])C(C)O[*],[*]NCCCCOC(=O)OC(C)C([*])C,8.79e-05,-4.056011124926228,0,-4.36296602716498
14302,CC(CCN(CCOC(=O)*)CC(F)F)O*,CC(CCN(CCOC(=O)[*])CC(F)F)O[*],[*]CCN(CCOC(=O)OC([*])C)CC(F)F,5.58e-05,-4.253365801062421,1,-4.12066688328627
14303,CCN(CCN*)CC(C)(C)NC(=O)*,CCN(CCN[*])CC(C)(C)NC(=O)[*],[*]CCNC(=O)NC(C)(C)CN([*])CC,6.6e-05,-4.180456064458132,1,-4.124929109332759
14304,C=CCNC(=O)NC(CO*)COC(=O)*,C=CCNC(=O)NC(CO[*])COC(=O)[*],[*]COC(=O)OCC([*])NC(=O)NCC=C,7.97e-05,-4.098541678603888,3,-4.360149517902377
14305,C#CCC(CO*)NC(=O)C(C)(C=C)OC(=O)*,C#CCC(CO[*])NC(=O)C(C)(C=C)OC(=O)[*],[*]COC(=O)OC(C)(C=C)C(=O)NC([*])CC#C,0.00011,-3.958607314841775,0,-4.354521421691849
14306,CN(CCCOC(=O)*)CCO*,CN(CCCOC(=O)[*])CCO[*],[*]CCCOC(=O)OCCN([*])C,0.000167,-3.7772835288524167,0,-3.966622922169572
14307,CN(CCCCCO*)CCCCNC(=O)*,CN(CCCCCO[*])CCCCNC(=O)[*],[*]CCCCCOC(=O)NCCCCN([*])C,8.09e-05,-4.092051478387727,2,-3.953606568511891
14308,CN(CCCCCCO*)CCNC(=O)*,CN(CCCCCCO[*])CCNC(=O)[*],[*]CCCCCCOC(=O)NCCN([*])C,0.000126,-3.899629454882437,1,-4.03255314743513
14309,C=C(CC)CNC(CO*)COC(=O)*,C=C(CC)CNC(CO[*])COC(=O)[*],[*]COC(=O)OCC([*])NCC(=C)CC,2.85e-05,-4.54515513999149,0,-4.384042600383761
14310,CCCC(NC(=O)*)C(=O)NCCCCN*,CCCC(NC(=O)[*])C(=O)NCCCCN[*],[*]NC(=O)NCCCCNC(=O)C([*])CCC,5.27e-05,-4.278189384787454,2,-4.2690750743131005
14311,CCC(COC(=O)*)N*,CCC(COC(=O)[*])N[*],[*]COC(=O)NC([*])CC,3.29e-05,-4.482804102050026,2,-4.436739588656203
14312,CCN(CCOC(=O)*)CCC(C)O*,CCN(CCOC(=O)[*])CCC(C)O[*],[*]CCOC(=O)OC(C)CCN([*])CC,9.85e-05,-4.006563769502388,3,-4.173314928557994
14313,CC(OC(=O)*)C(CO*)NCCC#N,CC(OC(=O)[*])C(CO[*])NCCC#N,[*]OC(=O)OCC(NCCC#N)C([*])C,0.000102,-3.9913998282380825,1,-4.071354678129866
14314,C=C(C)C(=O)N(C)CC(COC(=O)*)O*,C=C(C)C(=O)N(C)CC(COC(=O)[*])O[*],[*]COC(=O)OC([*])CN(C)C(=O)C(=C)C,5.06e-05,-4.295849483160201,1,-4.260487786417277
14315,COC(=O)NC(C)(CO*)COC(=O)*,COC(=O)NC(C)(CO[*])COC(=O)[*],[*]COC(=O)OCC([*])(C)NC(=O)OC,4.6e-05,-4.337242168318426,0,-4.379148410044201
14316,C=CCCCNC(CO*)COC(=O)*,C=CCCCNC(CO[*])COC(=O)[*],[*]COC(=O)OCC([*])NCCCC=C,4.37e-05,-4.359518563029578,1,-4.195031128069055
14317,CCN(CCOCCO*)CC(C)OC(=O)*,CCN(CCOCCO[*])CC(C)OC(=O)[*],[*]CCOCCOC(=O)OC(C)CN([*])CC,0.000271,-3.567030709125594,1,-3.8471991312174794
14318,CN(CCCCCCO*)CCOC(=O)*,CN(CCCCCCO[*])CCOC(=O)[*],[*]CCCCCCOC(=O)OCCN([*])C,9.33e-05,-4.0301183562535,3,-4.080787630372137
14319,C=C(COC(=O)*)C(=O)N(C)CCC(C)O*,C=C(COC(=O)[*])C(=O)N(C)CCC(C)O[*],[*]COC(=O)OC(C)CCN(C)C(=O)C([*])=C,4.78e-05,-4.320572103387881,1,-4.296691249319556
14320,CCC(CC#N)NC(=O)C(NC(=O)*)C(C)O*,CCC(CC#N)NC(=O)C(NC(=O)[*])C(C)O[*],[*]NC(=O)OC(C)C([*])C(=O)NC(CC)CC#N,6.48e-05,-4.188424994129407,0,-4.283745825406492
14321,CC(CCN(C)CCOCCOC(=O)*)O*,CC(CCN(C)CCOCCOC(=O)[*])O[*],[*]CCN(C)CCOCCOC(=O)OC([*])C,0.000218,-3.661543506395395,2,-3.763753757769191
14322,C#CC(C)(N*)C(=O)NCCNC(=O)*,C#CC(C)(N[*])C(=O)NCCNC(=O)[*],[*]NC(=O)NCCNC(=O)C([*])(C)C#C,6.38e-05,-4.195179321278838,3,-4.3047916274338744
14323,CCC(C)C(CNC(C)CCOC(=O)*)O*,CCC(C)C(CNC(C)CCOC(=O)[*])O[*],[*]CNC(C)CCOC(=O)OC([*])C(C)CC,4.53e-05,-4.343901797987168,1,-4.268673886968297
14324,N#CCCN(CCO*)CCOC(=O)*,N#CCCN(CCO[*])CCOC(=O)[*],[*]CCOC(=O)OCCN([*])CCC#N,0.000158,-3.801342913045578,1,-3.989250596244754
14325,C=CCN(CCO*)CCOCCOC(=O)*,C=CCN(CCO[*])CCOCCOC(=O)[*],[*]CCOCCOC(=O)OCCN([*])CC=C,0.000223,-3.6516951369518393,1,-3.57757036327709
14326,CCC(CNCCC(C)(C)CO*)OC(=O)*,CCC(CNCCC(C)(C)CO[*])OC(=O)[*],[*]CNCCC(C)(C)COC(=O)OC([*])CC,5.62e-05,-4.250263684430939,3,-4.393628898889021
14327,CN(C)CCSCC(CO*)OC(=O)*,CN(C)CCSCC(CO[*])OC(=O)[*],[*]COC(=O)OC([*])CSCCN(C)C,0.000112,-3.9507819773298185,1,-4.069112341709036
14328,CCOCC(CNCCCCOC(=O)*)O*,CCOCC(CNCCCCOC(=O)[*])O[*],[*]CNCCCCOC(=O)OC([*])COCC,8.83e-05,-4.054039296422431,0,-3.9559863494584504
14329,CN(CCCO*)CCNC(=O)*,CN(CCCO[*])CCNC(=O)[*],[*]CCCOC(=O)NCCN([*])C,0.000116,-3.9355420107730814,0,-3.852376356850063
14330,CC(CCOC(=O)CO*)OC(=O)*,CC(CCOC(=O)CO[*])OC(=O)[*],[*]CCOC(=O)COC(=O)OC([*])C,3.98e-05,-4.400116927926312,2,-4.253529336857662
14331,C#CCCN(CCO*)CCOC(=O)*,C#CCCN(CCO[*])CCOC(=O)[*],[*]CCOC(=O)OCCN([*])CCC#C,9.65e-05,-4.015472686656207,3,-3.9810346075103915
14332,N#CCCCN(CCCOC(=O)*)CCO*,N#CCCCN(CCCOC(=O)[*])CCO[*],[*]CCCOC(=O)OCCN([*])CCCC#N,0.00012,-3.9208187539523753,2,-4.001121805779492
14333,COCCN(CCOC(=O)*)CC(C)O*,COCCN(CCOC(=O)[*])CC(C)O[*],[*]CCOC(=O)OC(C)CN([*])CCOC,0.00021,-3.677780705266081,0,-3.971384605371836
14334,C#CCCCC(=O)N(C)CC(COC(=O)*)O*,C#CCCCC(=O)N(C)CC(COC(=O)[*])O[*],[*]COC(=O)OC([*])CN(C)C(=O)CCCC#C,2.38e-05,-4.623423042943488,3,-4.257375734666778
14335,C=CCN(CCOC)CC(COC(=O)*)O*,C=CCN(CCOC)CC(COC(=O)[*])O[*],[*]COC(=O)OC([*])CN(CC=C)CCOC,0.000175,-3.7569619513137056,3,-3.856136405608841
14336,C=C(C)CN(C)CC(CO*)OC(=O)*,C=C(C)CN(C)CC(CO[*])OC(=O)[*],[*]COC(=O)OC([*])CN(C)CC(=C)C,9.36e-05,-4.028724151261895,0,-4.300717795592979
14337,CC(C)(CN(CCO*)CC(F)F)NC(=O)*,CC(C)(CN(CCO[*])CC(F)F)NC(=O)[*],[*]CN(CCOC(=O)NC([*])(C)C)CC(F)F,8.67e-05,-4.06198090252379,3,-4.3078950689701
14338,CC(CCOC(=O)*)NCC(C)(C)CO*,CC(CCOC(=O)[*])NCC(C)(C)CO[*],[*]CCOC(=O)OCC(C)(C)CNC([*])C,4.91e-05,-4.308918507877031,0,-4.397956423417699
14339,CC(NC(=O)*)C(C)NC(=O)CN*,CC(NC(=O)[*])C(C)NC(=O)CN[*],[*]NC(=O)CNC(=O)NC(C)C([*])C,4.17e-05,-4.379863945026242,3,-4.363406177442014
14340,C=C(Cl)CN(CCN*)CCOC(=O)*,C=C(Cl)CN(CCN[*])CCOC(=O)[*],[*]CCNC(=O)OCCN([*])CC(=C)Cl,9.95e-05,-4.002176919254275,1,-4.073749569764122
14341,CC(C)CCNC(=O)C(COC(=O)*)N*,CC(C)CCNC(=O)C(COC(=O)[*])N[*],[*]COC(=O)NC([*])C(=O)NCCC(C)C,5.43e-05,-4.265200170411153,3,-4.358569899850945
14342,CSCCC(C)NC(CO*)COC(=O)*,CSCCC(C)NC(CO[*])COC(=O)[*],[*]COC(=O)OCC([*])NC(C)CCSC,3.55e-05,-4.449771646944906,0,-4.3370430180939294
14343,CN(CCCCCCCO*)CCOC(=O)*,CN(CCCCCCCO[*])CCOC(=O)[*],[*]CCCCCCCOC(=O)OCCN([*])C,0.000127,-3.896196279044043,2,-4.043459226411767
14344,CC(CN(C)CCC(N*)C(C)C)OC(=O)*,CC(CN(C)CCC(N[*])C(C)C)OC(=O)[*],[*]CN(C)CCC(NC(=O)OC([*])C)C(C)C,5.68e-05,-4.245651664288981,0,-4.3280086271625375
14345,C=CC(COC(=O)*)O*,C=CC(COC(=O)[*])O[*],[*]COC(=O)OC([*])C=C,5.08e-05,-4.294136287716081,0,-4.280051540948775
14346,CC(C)CC(CCO*)CNC(=O)*,CC(C)CC(CCO[*])CNC(=O)[*],[*]CCOC(=O)NCC([*])CC(C)C,4.33e-05,-4.363512103646634,0,-4.555464294128539
14347,C=CC(COC(=O)*)NCCOCCO*,C=CC(COC(=O)[*])NCCOCCO[*],[*]COC(=O)OCCOCCNC([*])C=C,0.000179,-3.7471469690201062,2,-3.841610821574843
14348,C=CCC(C)NC(=O)C(N*)C(C)OC(=O)*,C=CCC(C)NC(=O)C(N[*])C(C)OC(=O)[*],[*]NC(=O)OC(C)C([*])C(=O)NC(C)CC=C,4.76e-05,-4.3223930472795065,3,-4.465220098097205
14349,CCC(CO*)(COC(=O)*)NC(C)COC,CCC(CO[*])(COC(=O)[*])NC(C)COC,[*]COC(=O)OCC([*])(CC)NC(C)COC,3.81e-05,-4.419075024324381,1,-4.310596388656682
14350,CCCCN(CCCO*)CC(C)NC(=O)*,CCCCN(CCCO[*])CC(C)NC(=O)[*],[*]CCCOC(=O)NC(C)CN([*])CCCC,5.6e-05,-4.251811972993799,2,-4.3270405752241965
14351,CC(CN(C)CCOCCO*)OC(=O)*,CC(CN(C)CCOCCO[*])OC(=O)[*],[*]CN(C)CCOCCOC(=O)OC([*])C,0.000191,-3.718966632752272,0,-3.6656374985513653
14352,C#CCOCCN(C)CC(COC(=O)*)O*,C#CCOCCN(C)CC(COC(=O)[*])O[*],[*]COC(=O)OC([*])CN(C)CCOCC#C,0.000134,-3.872895201635192,2,-3.842285612233261
14353,CC(CCOC(=O)*)NC(C)C(C)(C)CO*,CC(CCOC(=O)[*])NC(C)C(C)(C)CO[*],[*]CCOC(=O)OCC(C)(C)C(C)NC([*])C,2.98e-05,-4.525783735923745,1,-4.433391551550127
14354,CCC(CNC(COC(=O)*)CC(F)F)O*,CCC(CNC(COC(=O)[*])CC(F)F)O[*],[*]CNC(COC(=O)OC([*])CC)CC(F)F,4.53e-05,-4.343901797987168,1,-4.240343106402116
14355,CC(C)(OC(=O)*)C(=O)OCCOCCO*,CC(C)(OC(=O)[*])C(=O)OCCOCCO[*],[*]OC(=O)OCCOCCOC(=O)C([*])(C)C,0.000119,-3.924453038607469,2,-4.067981542502733
14356,CCC(NCC(C)OC(=O)*)C(C)(C)O*,CCC(NCC(C)OC(=O)[*])C(C)(C)O[*],[*]NCC(C)OC(=O)OC(C)(C)C([*])CC,3.28e-05,-4.484126156288321,2,-4.385220972782008
14357,CCC(C)(O*)C(=O)OCCCOC(=O)*,CCC(C)(O[*])C(=O)OCCCOC(=O)[*],[*]OC(=O)OCCCOC(=O)C([*])(C)CC,5.51e-05,-4.258848401148215,0,-4.264446957374252
14358,CC(C)C(CNC(=O)*)CN(C)C(C)CN*,CC(C)C(CNC(=O)[*])CN(C)C(C)CN[*],[*]CNC(=O)NCC(C)N(C)CC([*])C(C)C,4.26e-05,-4.370590400897281,2,-4.259131643785665
14359,CCCN(CCOCCO*)CCOC(=O)*,CCCN(CCOCCO[*])CCOC(=O)[*],[*]CCOCCOC(=O)OCCN([*])CCC,0.000176,-3.75448733218585,0,-3.6159577314846576
14360,CC(CCOC(=O)*)NCCOCCO*,CC(CCOC(=O)[*])NCCOCCO[*],[*]CCOC(=O)OCCOCCNC([*])C,0.00026,-3.5850266520291822,0,-3.831343663852498
14361,CSCCCN(CCO*)CCOC(=O)*,CSCCCN(CCO[*])CCOC(=O)[*],[*]CCOC(=O)OCCN([*])CCCSC,8.98e-05,-4.046723663332696,1,-3.9065323116955764
14362,CC(C)CC(CO*)NC(=O)C(C)NC(=O)*,CC(C)CC(CO[*])NC(=O)C(C)NC(=O)[*],[*]COC(=O)NC(C)C(=O)NC([*])CC(C)C,3.79e-05,-4.421360790031928,2,-4.472035343250182
14363,COCCNC(CO*)COC(=O)*,COCCNC(CO[*])COC(=O)[*],[*]COC(=O)OCC([*])NCCOC,9.67e-05,-4.014573525916998,1,-3.9979125053525024
14364,CC(C)(CNCCOCCO*)OC(=O)*,CC(C)(CNCCOCCO[*])OC(=O)[*],[*]CNCCOCCOC(=O)OC([*])(C)C,0.000115,-3.939302159646388,3,-4.078205991057972
14365,O=CC(O*)C(C=O)OC(=O)*,O=CC(O[*])C(C=O)OC(=O)[*],[*]OC(=O)OC(C=O)C([*])C=O,3.82e-05,-4.417936637088292,1,-4.346322540920944
14366,CC(CCOC(=O)*)NC(CO*)C(C)C,CC(CCOC(=O)[*])NC(CO[*])C(C)C,[*]CCOC(=O)OCC(NC([*])C)C(C)C,3.48e-05,-4.458420756053419,0,-4.394081478337894
14367,CC(CCNC(=O)C(C)O*)OC(=O)*,CC(CCNC(=O)C(C)O[*])OC(=O)[*],[*]CCNC(=O)C(C)OC(=O)OC([*])C,6.25e-05,-4.204119982655925,3,-4.263235068320995
14368,CC(NC(=O)*)C(=O)NC(CO*)CC(F)F,CC(NC(=O)[*])C(=O)NC(CO[*])CC(F)F,[*]NC(=O)OCC(CC(F)F)NC(=O)C([*])C,4.78e-05,-4.320572103387881,2,-4.274247410607639
14369,CC(NC(=O)*)C(=O)N(CCO*)CC(F)F,CC(NC(=O)[*])C(=O)N(CCO[*])CC(F)F,[*]NC(=O)OCCN(CC(F)F)C(=O)C([*])C,5.38e-05,-4.269217724333611,2,-4.273646212635484
14370,C=C(C)C(=O)OCC(COC(=O)*)O*,C=C(C)C(=O)OCC(COC(=O)[*])O[*],[*]COC(=O)OC([*])COC(=O)C(=C)C,4.84e-05,-4.315154638355588,1,-4.377199669280753
14371,CC(CCCN(CCO*)C(C)C)OC(=O)*,CC(CCCN(CCO[*])C(C)C)OC(=O)[*],[*]CCCN(CCOC(=O)OC([*])C)C(C)C,4.15e-05,-4.381951903287908,1,-4.403580854685591
14372,C=CC(OC(=O)*)C(=O)NCC(CCC)O*,C=CC(OC(=O)[*])C(=O)NCC(CCC)O[*],[*]OC(=O)OC(CCC)CNC(=O)C([*])C=C,9.08e-05,-4.041914151478915,3,-4.337247330222217
14373,CC(CCOC(=O)C(C)(C)O*)OC(=O)*,CC(CCOC(=O)C(C)(C)O[*])OC(=O)[*],[*]CCOC(=O)C(C)(C)OC(=O)OC([*])C,7.17e-05,-4.1444808443322,0,-4.409082582128737
14374,CC(F)(F)CNCC(COC(=O)*)O*,CC(F)(F)CNCC(COC(=O)[*])O[*],[*]COC(=O)OC([*])CNCC(C)(F)F,5.4e-05,-4.267606240177032,0,-4.020123945268545
14375,CN(CCCO*)C(=O)C(C)(C)COC(=O)*,CN(CCCO[*])C(=O)C(C)(C)COC(=O)[*],[*]CCCOC(=O)OCC(C)(C)C(=O)N([*])C,4.17e-05,-4.379863945026242,2,-4.3935249034564645
14376,N#CCN(CCOCCO*)CCOC(=O)*,N#CCN(CCOCCO[*])CCOC(=O)[*],[*]CCOCCOC(=O)OCCN([*])CC#N,0.000205,-3.688246138944246,0,-3.675185875387502
14377,CCCC(CC(=O)NCCOC(=O)*)O*,CCCC(CC(=O)NCCOC(=O)[*])O[*],[*]CC(=O)NCCOC(=O)OC([*])CCC,7.61e-05,-4.118615343229427,2,-4.281182166018938
14378,CCCC(CC(=O)OCCOC(=O)*)O*,CCCC(CC(=O)OCCOC(=O)[*])O[*],[*]CC(=O)OCCOC(=O)OC([*])CCC,5.57e-05,-4.254144804826272,0,-4.273226132273473
14379,CC(O*)C(=O)OCCCNC(=O)*,CC(O[*])C(=O)OCCCNC(=O)[*],[*]OC(=O)NCCCOC(=O)C([*])C,5.5e-05,-4.259637310505756,2,-4.231292163159133
14380,CN(CC#N)CC(OC(=O)*)C(C)(C)O*,CN(CC#N)CC(OC(=O)[*])C(C)(C)O[*],[*]OC(=O)OC(C)(C)C([*])CN(C)CC#N,5.42e-05,-4.266000713461613,2,-4.261600662827966
14381,C#CCN(CC#N)CC(OC(=O)*)C(C)O*,C#CCN(CC#N)CC(OC(=O)[*])C(C)O[*],[*]OC(=O)OC(C)C([*])CN(CC#C)CC#N,5.17e-05,-4.286509456906058,0,-4.2342032310711515
14382,CN(CCCCCN*)CCOC(=O)*,CN(CCCCCN[*])CCOC(=O)[*],[*]CCCCCNC(=O)OCCN([*])C,6.33e-05,-4.198596289982645,3,-3.829847361660258
14383,CC(C)(N*)C(=O)NCCCCNC(=O)*,CC(C)(N[*])C(=O)NCCCCNC(=O)[*],[*]NC(=O)NCCCCNC(=O)C([*])(C)C,8.51e-05,-4.070070439915412,2,-4.35342318216735
14384,COCC(CN(C)CCCO*)OC(=O)*,COCC(CN(C)CCCO[*])OC(=O)[*],[*]CN(C)CCCOC(=O)OC([*])COC,0.000149,-3.826813731587726,3,-3.9880421825230172
14385,CC(CC(=O)NC(C)CCO*)NC(=O)*,CC(CC(=O)NC(C)CCO[*])NC(=O)[*],[*]CCOC(=O)NC(C)CC(=O)NC([*])C,4.2e-05,-4.376750709602099,0,-4.237080705510104
14386,CCSCCN(CCN*)CCOC(=O)*,CCSCCN(CCN[*])CCOC(=O)[*],[*]CCNC(=O)OCCN([*])CCSCC,0.000125,-3.903089986991944,1,-3.8225196564098614
14387,C=CCCC(CNCCOC(=O)*)O*,C=CCCC(CNCCOC(=O)[*])O[*],[*]CNCCOC(=O)OC([*])CCC=C,6.96e-05,-4.157390760389438,0,-4.075048597283484
14388,COCCN(CCCOC(=O)*)CCO*,COCCN(CCCOC(=O)[*])CCO[*],[*]CCCOC(=O)OCCN([*])CCOC,0.000177,-3.7520267336381936,2,-3.756763571620823
14389,CC(O*)C(C)N(C)CC(C)(C)NC(=O)*,CC(O[*])C(C)N(C)CC(C)(C)NC(=O)[*],[*]OC(=O)NC(C)(C)CN(C)C(C)C([*])C,1.59e-05,-4.798602875679548,3,-4.393160959159404
14390,CCCOCCNCC(COC(=O)*)O*,CCCOCCNCC(COC(=O)[*])O[*],[*]COC(=O)OC([*])CNCCOCCC,7.31e-05,-4.13608262304214,1,-3.9336817363681895
14391,CSCCN(CCO*)CCOC(=O)*,CSCCN(CCO[*])CCOC(=O)[*],[*]CCOC(=O)OCCN([*])CCSC,0.000159,-3.7986028756795487,0,-3.96851517777535
14392,CC(CCNC(C)CC(C)NC(=O)*)N*,CC(CCNC(C)CC(C)NC(=O)[*])N[*],[*]CC(C)NC(=O)NC(C)CCNC([*])C,7.08e-05,-4.149966742310231,2,-4.40816518383163
14393,CC(C)C(CNCC(C)(C)COC(=O)*)O*,CC(C)C(CNCC(C)(C)COC(=O)[*])O[*],[*]CNCC(C)(C)COC(=O)OC([*])C(C)C,2.75e-05,-4.560667306169737,1,-4.499024655162321
14394,CCCCCN(CCCNC(=O)*)CCO*,CCCCCN(CCCNC(=O)[*])CCO[*],[*]CCCNC(=O)OCCN([*])CCCCC,6.4e-05,-4.1938200260161125,3,-4.092288208049977
14395,CC(=O)C=C(C)NC(=O)C(CCN*)NC(=O)*,CC(=O)C=C(C)NC(=O)C(CCN[*])NC(=O)[*],[*]CCNC(=O)NC([*])C(=O)NC(C)=CC(C)=O,5.27e-05,-4.278189384787454,0,-4.256120842698432
14396,CC(C)C#CC(=O)NC(C)(CO*)COC(=O)*,CC(C)C#CC(=O)NC(C)(CO[*])COC(=O)[*],[*]COC(=O)OCC([*])(C)NC(=O)C#CC(C)C,4.1e-05,-4.3872161432802645,0,-4.433179709873041
14397,CSCC(CNCCC(C)OC(=O)*)O*,CSCC(CNCCC(C)OC(=O)[*])O[*],[*]CNCCC(C)OC(=O)OC([*])CSC,9.04e-05,-4.043831569524636,3,-4.140157229520706
14398,C=CCOCC(CNCCCOC(=O)*)O*,C=CCOCC(CNCCCOC(=O)[*])O[*],[*]CNCCCOC(=O)OC([*])COCC=C,0.000132,-3.87942606879415,1,-3.9330774085306706
14399,CCN(CC(C)COC(=O)*)C(C)CO*,CCN(CC(C)COC(=O)[*])C(C)CO[*],[*]CC(C)COC(=O)OCC(C)N([*])CC,3.88e-05,-4.411168274405793,2,-4.2982216382401965
14400,CN(CCCCN*)CCCCOC(=O)*,CN(CCCCN[*])CCCCOC(=O)[*],[*]CCCCNC(=O)OCCCCN([*])C,7e-05,-4.154901959985743,1,-4.020583718879614
14401,CCC(COC(=O)*)C(=O)NCC(CF)O*,CCC(COC(=O)[*])C(=O)NCC(CF)O[*],[*]COC(=O)OC(CF)CNC(=O)C([*])CC,3.58e-05,-4.446116973356125,1,-4.295682912976599
14402,CCCC(CN(C)C(C)CCO*)OC(=O)*,CCCC(CN(C)C(C)CCO[*])OC(=O)[*],[*]CN(C)C(C)CCOC(=O)OC([*])CCC,5.27e-05,-4.278189384787454,3,-4.204119766220709
14403,COCCCN(CCO*)CCOC(=O)*,COCCCN(CCO[*])CCOC(=O)[*],[*]CCOC(=O)OCCN([*])CCCOC,0.000133,-3.876148359032914,1,-3.740560050371567
14404,CCCC(O*)C(=O)NCC(CC)OC(=O)*,CCCC(O[*])C(=O)NCC(CC)OC(=O)[*],[*]OC(=O)OC(CC)CNC(=O)C([*])CCC,3.81e-05,-4.419075024324381,2,-4.290438657393956
14405,C=CCN(C)CC(OC(=O)*)C(C)O*,C=CCN(C)CC(OC(=O)[*])C(C)O[*],[*]OC(=O)OC(C)C([*])CN(C)CC=C,5.39e-05,-4.268411234813262,0,-4.236540565114755
14406,CCC(COC(=O)*)NCC(COC)O*,CCC(COC(=O)[*])NCC(COC)O[*],[*]COC(=O)OC(CNC([*])CC)COC,5.09e-05,-4.293282217663242,3,-4.082927283554061
14407,CN(CCO*)CC(C)(C)NC(=O)*,CN(CCO[*])CC(C)(C)NC(=O)[*],[*]CCOC(=O)NC(C)(C)CN([*])C,7.99e-05,-4.097453220686009,0,-4.237457380041017
14408,CC(CO*)(COC(=O)*)NC(=O)C(F)F,CC(CO[*])(COC(=O)[*])NC(=O)C(F)F,[*]COC(=O)OCC([*])(C)NC(=O)C(F)F,6.72e-05,-4.172630726946175,2,-4.511478592915833
14409,CC(C)C(COC(=O)*)NCCOCCO*,CC(C)C(COC(=O)[*])NCCOCCO[*],[*]COC(=O)OCCOCCNC([*])C(C)C,0.000152,-3.8181564120552274,1,-3.974297133125837
14410,CN(CCO*)C(COC(=O)*)CC(C)(C)C,CN(CCO[*])C(COC(=O)[*])CC(C)(C)C,[*]CCOC(=O)OCC(CC(C)(C)C)N([*])C,3.27e-05,-4.485452247339714,0,-4.483131516595428
14411,CC(C)(O*)C(=O)OCCCOC(=O)*,CC(C)(O[*])C(=O)OCCCOC(=O)[*],[*]OC(=O)OCCCOC(=O)C([*])(C)C,5.49e-05,-4.260427655549908,2,-4.1818416164637044
14412,C#CCN(CCOCCO*)CCOC(=O)*,C#CCN(CCOCCO[*])CCOC(=O)[*],[*]CCOCCOC(=O)OCCN([*])CC#C,0.000191,-3.718966632752272,2,-3.7492928254872746
14413,CC(C)(CNCCCO*)OC(=O)*,CC(C)(CNCCCO[*])OC(=O)[*],[*]CNCCCOC(=O)OC([*])(C)C,6.31e-05,-4.199970640755866,3,-4.246656141090869
14414,CCC(COC(=O)*)NCCO*,CCC(COC(=O)[*])NCCO[*],[*]COC(=O)OCCNC([*])CC,6.71e-05,-4.173277479831008,2,-4.154784011190133
14415,COCCCN(CCOC(=O)*)CC(C)O*,COCCCN(CCOC(=O)[*])CC(C)O[*],[*]CCOC(=O)OC(C)CN([*])CCCOC,0.000121,-3.9172146296835497,1,-3.9807057913553017
14416,C=CC(COC(=O)*)NCC(COC)O*,C=CC(COC(=O)[*])NCC(COC)O[*],[*]COC(=O)OC(CNC([*])C=C)COC,0.00013,-3.886056647693163,2,-4.10084579735794
14417,CN(C)CCCN(C)CC(COC(=O)*)O*,CN(C)CCCN(C)CC(COC(=O)[*])O[*],[*]COC(=O)OC([*])CN(C)CCCN(C)C,0.000162,-3.790484985457369,1,-4.042701540165318
14418,CC(CNC(C)(CNC(=O)*)C(C)C)N*,CC(CNC(C)(CNC(=O)[*])C(C)C)N[*],[*]CNC(C)(CNC(=O)NC([*])C)C(C)C,5.01e-05,-4.300162274132754,2,-4.301868504508157
14419,C=CC(CNCCCCO*)OC(=O)*,C=CC(CNCCCCO[*])OC(=O)[*],[*]CNCCCCOC(=O)OC([*])C=C,0.000116,-3.9355420107730814,0,-4.072311971155265
14420,CC(C)C(CO*)NC(=O)COC(=O)*,CC(C)C(CO[*])NC(=O)COC(=O)[*],[*]COC(=O)OCC(=O)NC([*])C(C)C,6.94e-05,-4.158640529545145,2,-4.372152435185642
14421,CC(CNCC(F)(F)COC(=O)*)O*,CC(CNCC(F)(F)COC(=O)[*])O[*],[*]CNCC(F)(F)COC(=O)OC([*])C,5.8e-05,-4.236572006437063,2,-4.187591037346828
14422,CC(OC(=O)*)C(NC(=O)CN*)C(=O)O,CC(OC(=O)[*])C(NC(=O)CN[*])C(=O)O,[*]OC(=O)NCC(=O)NC(C(=O)O)C([*])C,2.64e-05,-4.578396073130169,1,-4.442276565582126
14423,CC(CC(=O)NCC(C)(C)NC(=O)*)N*,CC(CC(=O)NCC(C)(C)NC(=O)[*])N[*],[*]CC(=O)NCC(C)(C)NC(=O)NC([*])C,5.32e-05,-4.274088367704952,0,-4.3408242860476935
14424,CC#CCN(CCO*)CCOC(=O)*,CC#CCN(CCO[*])CCOC(=O)[*],[*]CCOC(=O)OCCN([*])CC#CC,8.04e-05,-4.094743951251549,1,-4.1093702814431765
14425,CN(CCOCCN*)CC(C)(C)OC(=O)*,CN(CCOCCN[*])CC(C)(C)OC(=O)[*],[*]CCOCCNC(=O)OC(C)(C)CN([*])C,0.000134,-3.872895201635192,3,-4.0060730471689485
14426,CCN(CCOC(=O)*)C(=O)C(C)(C)O*,CCN(CCOC(=O)[*])C(=O)C(C)(C)O[*],[*]CCOC(=O)OC(C)(C)C(=O)N([*])CC,2.5e-05,-4.6020599913279625,2,-4.3994026566774025
14427,CC(C)CC(C#N)NCC(COC(=O)*)O*,CC(C)CC(C#N)NCC(COC(=O)[*])O[*],[*]COC(=O)OC([*])CNC(C#N)CC(C)C,3.29e-05,-4.482804102050026,1,-4.377966163103024
14428,CN(C)CCCCNCC(COC(=O)*)O*,CN(C)CCCCNCC(COC(=O)[*])O[*],[*]COC(=O)OC([*])CNCCCCN(C)C,0.000119,-3.924453038607469,2,-3.9962193709231433
14429,CC(N*)C(=O)NCCCCCOC(=O)*,CC(N[*])C(=O)NCCCCCOC(=O)[*],[*]NC(=O)OCCCCCNC(=O)C([*])C,8.58e-05,-4.066512712151295,1,-4.125060089823291
14430,C#CCC(CO*)NC(=O)CC(C)(C)OC(=O)*,C#CCC(CO[*])NC(=O)CC(C)(C)OC(=O)[*],[*]COC(=O)OC(C)(C)CC(=O)NC([*])CC#C,3.79e-05,-4.421360790031928,0,-4.2843447364752425
14431,CC(N*)C(=O)NCC(F)(F)CNC(=O)*,CC(N[*])C(=O)NCC(F)(F)CNC(=O)[*],[*]NC(=O)NCC(F)(F)CNC(=O)C([*])C,4.57e-05,-4.34008379993015,3,-4.208180940865313
14432,CCCNC(=O)NCC(COC(=O)*)O*,CCCNC(=O)NCC(COC(=O)[*])O[*],[*]COC(=O)OC([*])CNC(=O)NCCC,9.33e-05,-4.0301183562535,1,-4.290801542363644
14433,CC(CNCCCN(C)CCO*)OC(=O)*,CC(CNCCCN(C)CCO[*])OC(=O)[*],[*]CNCCCN(C)CCOC(=O)OC([*])C,0.00016,-3.795880017344075,3,-3.9413940156191885
14434,C=CC(C)(CNCCOCCO*)OC(=O)*,C=CC(C)(CNCCOCCO[*])OC(=O)[*],[*]CNCCOCCOC(=O)OC([*])(C)C=C,0.000104,-3.98296666070122,3,-4.026497239605712
14435,CN(CCCCCCNC(=O)*)CCCO*,CN(CCCCCCNC(=O)[*])CCCO[*],[*]CCCCCCNC(=O)OCCCN([*])C,0.000119,-3.924453038607469,2,-3.907598473144155
14436,CC(C)CNC(=O)C(CO*)NC(=O)*,CC(C)CNC(=O)C(CO[*])NC(=O)[*],[*]COC(=O)NC([*])C(=O)NCC(C)C,3.69e-05,-4.432973633840939,0,-4.428120442368705
14437,CC(CNC(=O)CC(C)NC(=O)*)N*,CC(CNC(=O)CC(C)NC(=O)[*])N[*],[*]CNC(=O)CC(C)NC(=O)NC([*])C,5.32e-05,-4.274088367704952,3,-4.31597648247097
14438,C=C(Cl)CNC(CN*)CNC(=O)*,C=C(Cl)CNC(CN[*])CNC(=O)[*],[*]CNC(=O)NCC([*])NCC(=C)Cl,9.67e-05,-4.014573525916998,3,-4.145209511783272
14439,CC(NCCCOCCO*)C(C)OC(=O)*,CC(NCCCOCCO[*])C(C)OC(=O)[*],[*]NCCCOCCOC(=O)OC(C)C([*])C,9.87e-05,-4.005682847330363,0,-4.019302409557146
14440,C#CCN(CCO*)CCOC(=O)*,C#CCN(CCO[*])CCOC(=O)[*],[*]CCOC(=O)OCCN([*])CC#C,8.06e-05,-4.09366495819491,1,-3.966271639391849
14441,CCN(CC(C)(C)OC(=O)*)C(=O)C(C)O*,CCN(CC(C)(C)OC(=O)[*])C(=O)C(C)O[*],[*]CC(C)(C)OC(=O)OC(C)C(=O)N([*])CC,3.38e-05,-4.471083299722345,0,-4.512636932704155
14442,CN(CCCCOC(=O)*)CCO*,CN(CCCCOC(=O)[*])CCO[*],[*]CCCCOC(=O)OCCN([*])C,0.000143,-3.844663962534938,2,-3.911476305178682
14443,CC(OC(=O)*)C(CN(C)C(C)C(=O)O)O*,CC(OC(=O)[*])C(CN(C)C(C)C(=O)O)O[*],[*]OC(=O)OC(CN(C)C(C)C(=O)O)C([*])C,3.19e-05,-4.496209316942819,1,-4.275903383778592
14444,C=CCOCCN(CCO*)CCOC(=O)*,C=CCOCCN(CCO[*])CCOC(=O)[*],[*]CCOC(=O)OCCN([*])CCOCC=C,0.000137,-3.863279432843593,2,-3.788084584394013
14445,CC(C)C(CO*)NC(=O)CNC(=O)*,CC(C)C(CO[*])NC(=O)CNC(=O)[*],[*]COC(=O)NCC(=O)NC([*])C(C)C,4.32e-05,-4.364516253185088,1,-4.395961346937848
14446,COCCCN(C)CC(CO*)OC(=O)*,COCCCN(C)CC(CO[*])OC(=O)[*],[*]COC(=O)OC([*])CN(C)CCCOC,0.000157,-3.8041003475907664,2,-3.9646283104466296
14447,CC(CC(C)(C)O*)NCC(C)OC(=O)*,CC(CC(C)(C)O[*])NCC(C)OC(=O)[*],[*]CC(C)(C)OC(=O)OC(C)CNC([*])C,5.69e-05,-4.244887733604929,1,-4.457538954269109
14448,CCCC(CCNC(=O)CCO*)OC(=O)*,CCCC(CCNC(=O)CCO[*])OC(=O)[*],[*]CCNC(=O)CCOC(=O)OC([*])CCC,4.37e-05,-4.359518563029578,3,-4.231039599889751
14449,COCCN(CCO*)CCC(C)OC(=O)*,COCCN(CCO[*])CCC(C)OC(=O)[*],[*]CCOC(=O)OC(C)CCN([*])CCOC,0.000101,-3.995678626217357,2,-3.9456933509481193
14450,CC(C)C(CNC(=O)*)CN(C)CCN*,CC(C)C(CNC(=O)[*])CN(C)CCN[*],[*]CNC(=O)NCCN(C)CC([*])C(C)C,5.46e-05,-4.262807357295263,1,-4.26850278105392
14451,CCCC(O*)C(=O)NCC(C)NC(=O)*,CCCC(O[*])C(=O)NCC(C)NC(=O)[*],[*]OC(=O)NC(C)CNC(=O)C([*])CCC,2.97e-05,-4.527243550682788,2,-4.3278590602649345
14452,CC(CCNC(=O)*)NC(=O)CCN*,CC(CCNC(=O)[*])NC(=O)CCN[*],[*]CCNC(=O)NCCC(=O)NC([*])C,6.18e-05,-4.209011524911184,2,-4.212791129042368
14453,CC(C)CC(CO*)NCC(C)(C)OC(=O)*,CC(C)CC(CO[*])NCC(C)(C)OC(=O)[*],[*]COC(=O)OC(C)(C)CNC([*])CC(C)C,3.39e-05,-4.4698003017969175,0,-4.54062940590494
14454,CN(CCCN*)CCOCCNC(=O)*,CN(CCCN[*])CCOCCNC(=O)[*],[*]CCCNC(=O)NCCOCCN([*])C,0.000163,-3.7878123955960414,3,-3.7459807942247396
14455,CC(C)(CNCCCC(C)(C)OC(=O)*)O*,CC(C)(CNCCCC(C)(C)OC(=O)[*])O[*],[*]CCCNCC(C)(C)OC(=O)OC([*])(C)C,3.79e-05,-4.421360790031928,2,-4.411410029279178
14456,CC#CCC(CO*)NC(=O)CCOC(=O)*,CC#CCC(CO[*])NC(=O)CCOC(=O)[*],[*]COC(=O)OCCC(=O)NC([*])CC#CC,6.33e-05,-4.198596289982645,3,-4.276436167679852
14457,CC(C)C(CNC(=O)CNC(=O)*)CO*,CC(C)C(CNC(=O)CNC(=O)[*])CO[*],[*]CNC(=O)CNC(=O)OCC([*])C(C)C,5.85e-05,-4.23284413391782,3,-4.285816772195289
14458,C=C(COC(=O)*)C(=O)NC(CO*)C(C)C,C=C(COC(=O)[*])C(=O)NC(CO[*])C(C)C,[*]COC(=O)OCC(NC(=O)C([*])=C)C(C)C,4.62e-05,-4.335358024443875,1,-4.3886067450483734
14459,CC(O*)C(=O)OCCCC(C)(C)OC(=O)*,CC(O[*])C(=O)OCCCC(C)(C)OC(=O)[*],[*]OC(=O)OC(C)(C)CCCOC(=O)C([*])C,2.3e-05,-4.638272163982407,3,-4.4557910553555296
14460,CCN(CCOC(=O)*)CC(C)(O*)C(F)F,CCN(CCOC(=O)[*])CC(C)(O[*])C(F)F,[*]CCOC(=O)OC(C)(CN([*])CC)C(F)F,5.88e-05,-4.230622673923862,0,-4.302804495721286
14461,CCCN(CC(COC(=O)*)O*)C(C)(C)C,CCCN(CC(COC(=O)[*])O[*])C(C)(C)C,[*]COC(=O)OC([*])CN(CCC)C(C)(C)C,2.39e-05,-4.621602099051862,2,-4.6107675509345105
14462,CCOCCC(CN(C)CCOC(=O)*)O*,CCOCCC(CN(C)CCOC(=O)[*])O[*],[*]CN(C)CCOC(=O)OC([*])CCOCC,0.000148,-3.8297382846050425,0,-3.9858246149503778
14463,CCC(C)C(C)(CNC(=O)CO*)OC(=O)*,CCC(C)C(C)(CNC(=O)CO[*])OC(=O)[*],[*]CNC(=O)COC(=O)OC([*])(C)C(C)CC,3.45e-05,-4.462180904926726,0,-4.593839171721375
14464,CCN(CCOCCO*)C(C)COC(=O)*,CCN(CCOCCO[*])C(C)COC(=O)[*],[*]CCOCCOC(=O)OCC(C)N([*])CC,0.000111,-3.9546770212133424,0,-3.8347386038796993
14465,CC(OC(=O)*)C(O*)C(=O)O,CC(OC(=O)[*])C(O[*])C(=O)O,[*]OC(=O)OC(C(=O)O)C([*])C,4.45e-05,-4.351639989019068,1,-4.567805813821073
14466,CNC(CO*)COC(=O)*,CNC(CO[*])COC(=O)[*],[*]COC(=O)OCC([*])NC,6.42e-05,-4.192464971931146,0,-4.159235386392015
14467,CCCC(CNC(=O)C(C)NC(=O)*)O*,CCCC(CNC(=O)C(C)NC(=O)[*])O[*],[*]CNC(=O)C(C)NC(=O)OC([*])CCC,3.56e-05,-4.448550002027125,0,-4.356397680340206
14468,CC(C)(C)OC(=O)C(CNC(=O)*)N*,CC(C)(C)OC(=O)C(CNC(=O)[*])N[*],[*]CNC(=O)NC([*])C(=O)OC(C)(C)C,3.52e-05,-4.453457336521869,0,-4.361329834923847
14469,CC(CCNC(=O)CCO*)OC(=O)*,CC(CCNC(=O)CCO[*])OC(=O)[*],[*]CCNC(=O)CCOC(=O)OC([*])C,8.33e-05,-4.079354998593212,2,-4.204790580106437
14470,CCN(CC)CC(O*)C(C)(C)OC(=O)*,CCN(CC)CC(O[*])C(C)(C)OC(=O)[*],[*]OC(=O)OC(C)(C)C([*])CN(CC)CC,2.95e-05,-4.530177984021837,0,-4.297981207286377
14471,CN(CCCCO*)CCNC(=O)*,CN(CCCCO[*])CCNC(=O)[*],[*]CCCCOC(=O)NCCN([*])C,8.19e-05,-4.086716098239582,0,-3.9165022157918763
14472,CN(CCCCN*)CCOC(=O)*,CN(CCCCN[*])CCOC(=O)[*],[*]CCCCNC(=O)OCCN([*])C,0.000112,-3.9507819773298185,3,-3.935834101472707
14473,CCC(CN(CCOC)CCO*)OC(=O)*,CCC(CN(CCOC)CCO[*])OC(=O)[*],[*]CN(CCOC)CCOC(=O)OC([*])CC,0.000105,-3.9788107009300617,2,-3.9082719143503484
14474,NC(=O)C(O*)C(OC(=O)*)C(N)=O,NC(=O)C(O[*])C(OC(=O)[*])C(N)=O,[*]OC(=O)OC(C(N)=O)C([*])C(N)=O,6.63e-05,-4.178486471595227,1,-4.340147933718318
14475,CCN(CCN*)CC(COC)OC(=O)*,CCN(CCN[*])CC(COC)OC(=O)[*],[*]CCNC(=O)OC(COC)CN([*])CC,0.00013,-3.886056647693163,1,-3.9839256736930553
14476,C=CC(C)(OC(=O)*)C(=O)NC(C)CN*,C=CC(C)(OC(=O)[*])C(=O)NC(C)CN[*],[*]OC(=O)NCC(C)NC(=O)C([*])(C)C=C,7.65e-05,-4.116338564846382,1,-4.334936480553062
14477,CC(CNCC(CF)OC(=O)*)O*,CC(CNCC(CF)OC(=O)[*])O[*],[*]CNCC(CF)OC(=O)OC([*])C,4.46e-05,-4.350665141287858,1,-4.258091559445329
14478,C=CC(=O)N(C)CC(C)(CO*)COC(=O)*,C=CC(=O)N(C)CC(C)(CO[*])COC(=O)[*],[*]COC(=O)OCC([*])(C)CN(C)C(=O)C=C,4.62e-05,-4.335358024443875,2,-4.539163676446469
14479,CC(C)CCCN(CCN*)CCNC(=O)*,CC(C)CCCN(CCN[*])CCNC(=O)[*],[*]CCNC(=O)NCCN([*])CCCC(C)C,6.08e-05,-4.216096420727265,0,-4.212827250705686
14480,CCC(CN(C)CCCCO*)NC(=O)*,CCC(CN(C)CCCCO[*])NC(=O)[*],[*]CN(C)CCCCOC(=O)NC([*])CC,6.46e-05,-4.189767482004916,0,-4.178007704157298
14481,CN(CCCN*)CCCOC(=O)*,CN(CCCN[*])CCCOC(=O)[*],[*]CCCNC(=O)OCCCN([*])C,8.57e-05,-4.0670191780768015,1,-4.04481231895045
14482,CCN(CCN(C)C)CC(CO*)OC(=O)*,CCN(CCN(C)C)CC(CO[*])OC(=O)[*],[*]COC(=O)OC([*])CN(CC)CCN(C)C,0.000107,-3.9706162223147903,1,-4.070871224922614
14483,COCCN(CC(C)OC(=O)*)C(C)CO*,COCCN(CC(C)OC(=O)[*])C(C)CO[*],[*]CC(C)OC(=O)OCC(C)N([*])CCOC,8.21e-05,-4.085656842880559,1,-4.2177086592266555
14484,CCN(CC(C)(C)OC(=O)*)C(=O)CO*,CCN(CC(C)(C)OC(=O)[*])C(=O)CO[*],[*]CC(C)(C)OC(=O)OCC(=O)N([*])CC,2.44e-05,-4.61261017366127,3,-4.399456409161969
14485,CCCC(C)(CO*)NC(=O)COC(=O)*,CCCC(C)(CO[*])NC(=O)COC(=O)[*],[*]COC(=O)OCC(=O)NC([*])(C)CCC,4.92e-05,-4.308034897232639,0,-4.459583483435026
14486,CCN(CCOCCO*)CCOC(=O)*,CCN(CCOCCO[*])CCOC(=O)[*],[*]CCOCCOC(=O)OCCN([*])CC,0.000166,-3.779891911959945,0,-3.672539145410103
14487,CC(C)C(C)(CNC(=O)*)NC(=O)CN*,CC(C)C(C)(CNC(=O)[*])NC(=O)CN[*],[*]CNC(=O)NCC(=O)NC([*])(C)C(C)C,2.45e-05,-4.610833915635467,1,-4.438626128113644
14488,CSCCCNC(CO*)COC(=O)*,CSCCCNC(CO[*])COC(=O)[*],[*]COC(=O)OCC([*])NCCCSC,6.64e-05,-4.177831920631983,3,-4.120749524923843
14489,O=C(CC(CN*)OC(=O)*)NCCC(F)F,O=C(CC(CN[*])OC(=O)[*])NCCC(F)F,[*]CNC(=O)OC([*])CC(=O)NCCC(F)F,3.75e-05,-4.425968732272281,1,-4.178016304153227
14490,CCOCCN(C)CC(CO*)OC(=O)*,CCOCCN(C)CC(CO[*])OC(=O)[*],[*]COC(=O)OC([*])CN(C)CCOCC,9.48e-05,-4.023191662661934,0,-4.054381538872781
14491,CCC(NC(=O)*)C(=O)NOCC(C)N*,CCC(NC(=O)[*])C(=O)NOCC(C)N[*],[*]NC(=O)NC(C)CONC(=O)C([*])CC,6.36e-05,-4.196542884351586,2,-4.406079815880598
14492,C#CC(C)N(C)CC(CO*)OC(=O)*,C#CC(C)N(C)CC(CO[*])OC(=O)[*],[*]COC(=O)OC([*])CN(C)C(C)C#C,3.45e-05,-4.462180904926726,0,-4.267160396849024
14493,CC(C)(CONC(=O)C(C)(C)OC(=O)*)O*,CC(C)(CONC(=O)C(C)(C)OC(=O)[*])O[*],[*]CONC(=O)C(C)(C)OC(=O)OC([*])(C)C,5e-05,-4.301029995663981,1,-4.323362458934173
14494,CC(C)N(CCO*)CCOCCOC(=O)*,CC(C)N(CCO[*])CCOCCOC(=O)[*],[*]CCOCCOC(=O)OCCN([*])C(C)C,0.000169,-3.772113295386327,3,-3.89148027334723
14495,CCOCCN(CCCOC(=O)*)CCO*,CCOCCN(CCCOC(=O)[*])CCO[*],[*]CCCOC(=O)OCCN([*])CCOCC,0.000195,-3.709965388637482,3,-3.8763155178320456
14496,CCCCN(C)C(=O)C(COC(=O)*)N*,CCCCN(C)C(=O)C(COC(=O)[*])N[*],[*]COC(=O)NC([*])C(=O)N(C)CCCC,4.01e-05,-4.396855627379818,3,-4.493422348605288
14497,CC(CO*)NCC(OC(=O)*)C(C)(C)C,CC(CO[*])NCC(OC(=O)[*])C(C)(C)C,[*]COC(=O)OC(CNC([*])C)C(C)(C)C,3.08e-05,-4.511449283499556,0,-4.423163299925826
14498,CCCCC(=O)NC(CO*)COC(=O)*,CCCCC(=O)NC(CO[*])COC(=O)[*],[*]COC(=O)OCC([*])NC(=O)CCCC,5.76e-05,-4.239577516576788,0,-4.35075150439164
14499,CC(=O)C(C)(C)NCC(CO*)OC(=O)*,CC(=O)C(C)(C)NCC(CO[*])OC(=O)[*],[*]COC(=O)OC([*])CNC(C)(C)C(C)=O,3.4e-05,-4.468521082957745,2,-4.312366506328276
14500,COCC(CNCCCCCOC(=O)*)O*,COCC(CNCCCCCOC(=O)[*])O[*],[*]CNCCCCCOC(=O)OC([*])COC,0.000118,-3.9281179926938745,1,-3.870270759574731
14501,CCN(CCCO*)CCOCCNC(=O)*,CCN(CCCO[*])CCOCCNC(=O)[*],[*]CCCOC(=O)NCCOCCN([*])CC,0.000238,-3.623423042943488,2,-3.74454983071295
14502,COCCN(CCCCOC(=O)*)CCO*,COCCN(CCCCOC(=O)[*])CCO[*],[*]CCCCOC(=O)OCCN([*])CCOC,0.000169,-3.772113295386327,0,-3.6857916905874344
14503,C=C(CO*)C(=O)N(C)CC(C)(C)OC(=O)*,C=C(CO[*])C(=O)N(C)CC(C)(C)OC(=O)[*],[*]COC(=O)OC(C)(C)CN(C)C(=O)C([*])=C,8.8e-05,-4.055517327849832,0,-4.4082742079083665
14504,CCN(CCCOC(=O)*)CCO*,CCN(CCCOC(=O)[*])CCO[*],[*]CCCOC(=O)OCCN([*])CC,0.000114,-3.9430951486635273,3,-3.9597429435752165
14505,CN(CCOCCOC(=O)*)CC(C)(C)O*,CN(CCOCCOC(=O)[*])CC(C)(C)O[*],[*]CCOCCOC(=O)OC(C)(C)CN([*])C,0.000133,-3.876148359032914,0,-4.033642408874348
14506,COCCCCN(CCO*)CCOC(=O)*,COCCCCN(CCO[*])CCOC(=O)[*],[*]CCOC(=O)OCCN([*])CCCCOC,0.000151,-3.821023052706831,0,-3.8299212769669326
14507,CC(C)C(CNC(=O)CN*)NC(=O)*,CC(C)C(CNC(=O)CN[*])NC(=O)[*],[*]CNC(=O)CNC(=O)NC([*])C(C)C,8.45e-05,-4.073143291050307,2,-4.3654656546126125
14508,CC(CCN(C)CCOCCN*)OC(=O)*,CC(CCN(C)CCOCCN[*])OC(=O)[*],[*]CCN(C)CCOCCNC(=O)OC([*])C,0.000169,-3.772113295386327,3,-3.8921826142816585
14509,CC(C)(CCC(N*)C(=O)O)NC(=O)*,CC(C)(CCC(N[*])C(=O)O)NC(=O)[*],[*]CCC(NC(=O)NC([*])(C)C)C(=O)O,5.83e-05,-4.2343314452409855,0,-4.485096762533938
14510,CC(CNCCCOCCOC(=O)*)O*,CC(CNCCCOCCOC(=O)[*])O[*],[*]CNCCCOCCOC(=O)OC([*])C,0.000205,-3.688246138944246,2,-3.8228091205232126
14511,C=C(CO*)C(=O)N(C)CCCOC(=O)*,C=C(CO[*])C(=O)N(C)CCCOC(=O)[*],[*]COC(=O)OCCCN(C)C(=O)C([*])=C,8.78e-05,-4.056505484093897,1,-4.287464804662166
14512,C=CC(C)(O*)C(=O)NCCOC(=O)*,C=CC(C)(O[*])C(=O)NCCOC(=O)[*],[*]OC(=O)OCCNC(=O)C([*])(C)C=C,0.000126,-3.899629454882437,0,-4.170913460095318
14513,CC(C)(C)C(CC(=O)NCCOC(=O)*)N*,CC(C)(C)C(CC(=O)NCCOC(=O)[*])N[*],[*]CC(=O)NCCOC(=O)NC([*])C(C)(C)C,3.66e-05,-4.436518914605589,1,-4.425195117390205
14514,CC(CN*)N(C)C(=O)CCNC(=O)*,CC(CN[*])N(C)C(=O)CCNC(=O)[*],[*]CNC(=O)NCCC(=O)N(C)C([*])C,3.74e-05,-4.42712839779952,0,-4.430197041974748
14515,C=CC=CCC(=O)N(C)CC(COC(=O)*)O*,C=CC=CCC(=O)N(C)CC(COC(=O)[*])O[*],[*]COC(=O)OC([*])CN(C)C(=O)CC=CC=C,4.46e-05,-4.350665141287858,1,-4.352613559996365
14516,C=CC(CO*)NCC(C)(C)OC(=O)*,C=CC(CO[*])NCC(C)(C)OC(=O)[*],[*]COC(=O)OC(C)(C)CNC([*])C=C,5.32e-05,-4.274088367704952,1,-4.317591840176782
14517,COCCCN(CCCOC(=O)*)CCO*,COCCCN(CCCOC(=O)[*])CCO[*],[*]CCCOC(=O)OCCN([*])CCCOC,0.00011,-3.958607314841775,1,-3.7052340123501826
14518,CC(CCCNC(=O)CCOC(=O)*)CO*,CC(CCCNC(=O)CCOC(=O)[*])CO[*],[*]CCCNC(=O)CCOC(=O)OCC([*])C,4.67e-05,-4.330683119433888,0,-4.1683096658714165
14519,O=C(CCCF)NC(CO*)COC(=O)*,O=C(CCCF)NC(CO[*])COC(=O)[*],[*]COC(=O)OCC([*])NC(=O)CCCF,7.63e-05,-4.117475462045119,0,-4.311750132361794
14520,CCC(CNC(=O)CCOC(=O)*)O*,CCC(CNC(=O)CCOC(=O)[*])O[*],[*]CNC(=O)CCOC(=O)OC([*])CC,8.05e-05,-4.094204119632131,1,-4.152759542440487
14521,CC(CCOC(=O)*)N(C)C(=O)CO*,CC(CCOC(=O)[*])N(C)C(=O)CO[*],[*]CCOC(=O)OCC(=O)N(C)C([*])C,4.98e-05,-4.302770657240282,1,-4.313159947014749
14522,CN(CC(CNC(=O)*)O*)C(=O)C(C)(F)F,CN(CC(CNC(=O)[*])O[*])C(=O)C(C)(F)F,[*]CNC(=O)OC([*])CN(C)C(=O)C(C)(F)F,3.72e-05,-4.429457060118103,1,-4.444084211713157
14523,CC(C)CC(N*)C(=O)NCC(C)NC(=O)*,CC(C)CC(N[*])C(=O)NCC(C)NC(=O)[*],[*]NC(=O)NC(C)CNC(=O)C([*])CC(C)C,5.46e-05,-4.262807357295263,1,-4.435926734593629
14524,C[Si](C)(C)CNC(=O)C(CN*)NC(=O)*,C[Si](C)(C)CNC(=O)C(CN[*])NC(=O)[*],[*]CNC(=O)NC([*])C(=O)NC[Si](C)(C)C,5.95e-05,-4.22548303427145,3,-4.3237675959263555
14525,CC(CO*)CN(C)CCOCCOC(=O)*,CC(CO[*])CN(C)CCOCCOC(=O)[*],[*]COC(=O)OCCOCCN(C)CC([*])C,0.000172,-3.764471553092451,3,-3.7949499797039987
14526,CC(CCN*)NC(=O)C(C)(C)NC(=O)*,CC(CCN[*])NC(=O)C(C)(C)NC(=O)[*],[*]CCNC(=O)NC(C)(C)C(=O)NC([*])C,5.6e-05,-4.251811972993799,3,-4.231467044219923
14527,C=CC(CO*)NCCCOC(=O)*,C=CC(CO[*])NCCCOC(=O)[*],[*]COC(=O)OCCCNC([*])C=C,0.000126,-3.899629454882437,1,-4.100880370600994
14528,CC(CCN(C)C(=O)CN*)OC(=O)*,CC(CCN(C)C(=O)CN[*])OC(=O)[*],[*]CCN(C)C(=O)CNC(=O)OC([*])C,4.95e-05,-4.305394801066432,3,-4.393079241383525
14529,COCC(C)NC(CO*)C(C)OC(=O)*,COCC(C)NC(CO[*])C(C)OC(=O)[*],[*]COC(=O)OC(C)C([*])NC(C)COC,2.95e-05,-4.530177984021837,2,-4.27155477652355
14530,NC(=O)N(CO*)COC(=O)*,NC(=O)N(CO[*])COC(=O)[*],[*]COC(=O)OCN([*])C(N)=O,7.06e-05,-4.151195298948196,2,-4.151290345905187
14531,CC(C)(C)C(OC(=O)*)C(=O)NCC#CCO*,CC(C)(C)C(OC(=O)[*])C(=O)NCC#CCO[*],[*]OC(=O)OCC#CCNC(=O)C([*])C(C)(C)C,5.06e-05,-4.295849483160201,2,-4.4979351723602035
14532,CCC(CNCCCOCCOC(=O)*)O*,CCC(CNCCCOCCOC(=O)[*])O[*],[*]CNCCCOCCOC(=O)OC([*])CC,0.0001,-4.0,1,-3.9541553027305447
14533,CCC(CCNC(=O)CCNC(=O)*)O*,CCC(CCNC(=O)CCNC(=O)[*])O[*],[*]CCNC(=O)CCNC(=O)OC([*])CC,8.44e-05,-4.073657553374345,3,-4.288698192318923
14534,CCC(COC(=O)*)N(C)CCOCCO*,CCC(COC(=O)[*])N(C)CCOCCO[*],[*]COC(=O)OCCOCCN(C)C([*])CC,0.000244,-3.612610173661271,0,-4.031246667931143
14535,CC(CCOC(=O)*)N(C)CCOCCO*,CC(CCOC(=O)[*])N(C)CCOCCO[*],[*]CCOC(=O)OCCOCCN(C)C([*])C,0.000151,-3.821023052706831,0,-3.8785052037177072
14536,CCNC(=S)NC(COC(=O)*)C(C)O*,CCNC(=S)NC(COC(=O)[*])C(C)O[*],[*]COC(=O)OC(C)C([*])NC(=S)NCC,3.64e-05,-4.438898616350944,0,-4.359459726496745
14537,CC(CN(C)CCCNC(=O)*)N*,CC(CN(C)CCCNC(=O)[*])N[*],[*]CN(C)CCCNC(=O)NC([*])C,7.38e-05,-4.131943638176958,2,-4.150192400083994
14538,COCC(NC(=O)*)C(C)(C)O*,COCC(NC(=O)[*])C(C)(C)O[*],[*]NC(=O)OC(C)(C)C([*])COC,3.73e-05,-4.428291168191312,1,-4.376491282811349
14539,COCC(CNCCCCO*)OC(=O)*,COCC(CNCCCCO[*])OC(=O)[*],[*]CNCCCCOC(=O)OC([*])COC,9.83e-05,-4.007446482167865,3,-3.9268710035989565
14540,CCC=C(F)C(=O)NCC(CNC(=O)*)O*,CCC=C(F)C(=O)NCC(CNC(=O)[*])O[*],[*]CNC(=O)OC([*])CNC(=O)C(F)=CCC,4.56e-05,-4.341035157335565,3,-4.3775204266214995
14541,CCC(O*)C(C)C(=O)NCCOC(=O)*,CCC(O[*])C(C)C(=O)NCCOC(=O)[*],[*]OC(=O)OCCNC(=O)C(C)C([*])CC,5.85e-05,-4.23284413391782,3,-4.465114699231187
14542,CC(C)C(CNCCOCCOC(=O)*)O*,CC(C)C(CNCCOCCOC(=O)[*])O[*],[*]CNCCOCCOC(=O)OC([*])C(C)C,0.000107,-3.9706162223147903,1,-4.035134115421026
14543,CC(CN(C)CCOCCN*)OC(=O)*,CC(CN(C)CCOCCN[*])OC(=O)[*],[*]CN(C)CCOCCNC(=O)OC([*])C,0.00016,-3.795880017344075,2,-3.8125250110109032
14544,CCOC(=O)C(C)(CO*)NC(=O)*,CCOC(=O)C(C)(CO[*])NC(=O)[*],[*]COC(=O)NC([*])(C)C(=O)OCC,6.75e-05,-4.170696227168975,2,-4.460292996124792
14545,CC(C)CC(N*)C(=O)NCCNC(=O)*,CC(C)CC(N[*])C(=O)NCCNC(=O)[*],[*]NC(=O)NCCNC(=O)C([*])CC(C)C,6.07e-05,-4.216811308924743,1,-4.351320376625228
14546,CC(C)C(CCO*)NCCOC(=O)*,CC(C)C(CCO[*])NCCOC(=O)[*],[*]CCOC(=O)OCCNC([*])C(C)C,5.26e-05,-4.279014255846261,3,-4.190466382937979
14547,CC(CN*)N(C)CCOCCNC(=O)*,CC(CN[*])N(C)CCOCCNC(=O)[*],[*]CNC(=O)NCCOCCN(C)C([*])C,0.000161,-3.7931741239681513,1,-3.94662936357311
14548,CN(CCOCCOC(=O)*)CC(C)(C)N*,CN(CCOCCOC(=O)[*])CC(C)(C)N[*],[*]CCOCCOC(=O)NC(C)(C)CN([*])C,0.000117,-3.9318141382538383,2,-4.101537459916157
14549,COCC(C)(CNC(C)CCO*)OC(=O)*,COCC(C)(CNC(C)CCO[*])OC(=O)[*],[*]CNC(C)CCOC(=O)OC([*])(C)COC,6.64e-05,-4.177831920631983,2,-4.216535744545445
14550,CCC(C)C(NC(=O)*)C(=O)NCCCO*,CCC(C)C(NC(=O)[*])C(=O)NCCCO[*],[*]NC(=O)OCCCNC(=O)C([*])C(C)CC,2.51e-05,-4.600326278518962,2,-4.412604049049865
14551,COCCCN(CCNC(=O)*)CCO*,COCCCN(CCNC(=O)[*])CCO[*],[*]CCNC(=O)OCCN([*])CCCOC,0.000148,-3.8297382846050425,3,-3.811099453356727
14552,CC(CCCOC(=O)COC(=O)*)O*,CC(CCCOC(=O)COC(=O)[*])O[*],[*]CCCOC(=O)COC(=O)OC([*])C,4.32e-05,-4.364516253185088,3,-4.269334110521151
14553,CN(CCOC(=O)*)CC(C)(O*)C(F)F,CN(CCOC(=O)[*])CC(C)(O[*])C(F)F,[*]CCOC(=O)OC(C)(CN([*])C)C(F)F,3.65e-05,-4.437707135543525,2,-4.353448706053319
14554,C=CCOCCNC(CO*)COC(=O)*,C=CCOCCNC(CO[*])COC(=O)[*],[*]COC(=O)OCC([*])NCCOCC=C,9.35e-05,-4.029188389127483,3,-4.026860890019829
14555,CCC(CNC(C)CCO*)OC(=O)*,CCC(CNC(C)CCO[*])OC(=O)[*],[*]CNC(C)CCOC(=O)OC([*])CC,8.26e-05,-4.083019952679618,1,-4.114247508049668
14556,CCCCC(=O)NCC(CNC(=O)*)O*,CCCCC(=O)NCC(CNC(=O)[*])O[*],[*]CNC(=O)OC([*])CNC(=O)CCCC,4.64e-05,-4.333482019445119,0,-4.234600746764465
14557,CCC(CO*)C(=O)N(C)CCOC(=O)*,CCC(CO[*])C(=O)N(C)CCOC(=O)[*],[*]COC(=O)OCCN(C)C(=O)C([*])CC,3.39e-05,-4.4698003017969175,3,-4.307465799686246
14558,C=CCCN(CCCOC(=O)*)CCO*,C=CCCN(CCCOC(=O)[*])CCO[*],[*]CCCOC(=O)OCCN([*])CCC=C,8.97e-05,-4.047207556955908,1,-3.842988021550535
14559,COC(=O)C(C)(COC(=O)*)N*,COC(=O)C(C)(COC(=O)[*])N[*],[*]COC(=O)NC([*])(C)C(=O)OC,3.97e-05,-4.401209493236885,0,-4.44223641672074
14560,CC(C)(COC(=O)*)ONC(=O)C(C)(C)O*,CC(C)(COC(=O)[*])ONC(=O)C(C)(C)O[*],[*]COC(=O)OC(C)(C)C(=O)NOC([*])(C)C,6.12e-05,-4.213248577854439,2,-4.316350226548123
14561,C=CCN(CCO*)CCOC(=O)*,C=CCN(CCO[*])CCOC(=O)[*],[*]CCOC(=O)OCCN([*])CC=C,0.000109,-3.962573502059376,3,-3.9340402775250993
14562,CCC(CNC(=O)CC(C)(C)N*)NC(=O)*,CCC(CNC(=O)CC(C)(C)N[*])NC(=O)[*],[*]CNC(=O)CC(C)(C)NC(=O)NC([*])CC,4.63e-05,-4.334419008982047,0,-4.25402462438476
14563,CC(CSCCO*)(OC(=O)*)C(F)F,CC(CSCCO[*])(OC(=O)[*])C(F)F,[*]CSCCOC(=O)OC([*])(C)C(F)F,7.45e-05,-4.127843727251707,2,-4.104066051952544
14564,CN(CCO*)CCOC(=O)*,CN(CCO[*])CCOC(=O)[*],[*]CCOC(=O)OCCN([*])C,0.000182,-3.739928612014925,0,-3.9118249832326595
14565,CNCCCN(CCCO*)CCOC(=O)*,CNCCCN(CCCO[*])CCOC(=O)[*],[*]CCCOC(=O)OCCN([*])CCCNC,0.000116,-3.9355420107730814,1,-3.9420938538043866
14566,CN(CCCO*)C(=O)CC(C)(C)NC(=O)*,CN(CCCO[*])C(=O)CC(C)(C)NC(=O)[*],[*]CCCOC(=O)NC(C)(C)CC(=O)N([*])C,5.34e-05,-4.272458742971444,0,-4.3343462202427325
14567,CC(C)(C)N(CO*)COC(=O)*,CC(C)(C)N(CO[*])COC(=O)[*],[*]COC(=O)OCN([*])C(C)(C)C,6.01e-05,-4.221125527997261,0,-4.370378669630549
14568,CCC(C)C(COC(=O)*)NCC(C)(C)O*,CCC(C)C(COC(=O)[*])NCC(C)(C)O[*],[*]COC(=O)OC(C)(C)CNC([*])C(C)CC,5.52e-05,-4.2580609222708015,2,-4.489996036376887
14569,CC(CCONC(=N)CO*)OC(=O)*,CC(CCONC(=N)CO[*])OC(=O)[*],[*]CCONC(=N)COC(=O)OC([*])C,8.74e-05,-4.058488567365597,1,-4.065305520774558
14570,N=CNC(=O)CC(CCCCN*)NC(=O)*,N=CNC(=O)CC(CCCCN[*])NC(=O)[*],[*]CCCCNC(=O)NC([*])CC(=O)NC=N,5.02e-05,-4.29929628285498,1,-4.21645978521734
14571,CC(CN*)N(C)C(=O)CCCNC(=O)*,CC(CN[*])N(C)C(=O)CCCNC(=O)[*],[*]CNC(=O)NCCCC(=O)N(C)C([*])C,3.73e-05,-4.428291168191312,1,-4.4061779866086495
14572,CCCCC(C)NCC(CNC(=O)*)O*,CCCCC(C)NCC(CNC(=O)[*])O[*],[*]CNC(=O)OC([*])CNC(C)CCCC,5.02e-05,-4.29929628285498,2,-4.362925526997372
14573,CC(COC(=O)*)CN(C)CC(C)O*,CC(COC(=O)[*])CN(C)CC(C)O[*],[*]COC(=O)OC(C)CN(C)CC([*])C,5.91e-05,-4.228412519118745,2,-4.2458694601638625
14574,CC(CNC(=O)C(N*)C(C)C)NC(=O)*,CC(CNC(=O)C(N[*])C(C)C)NC(=O)[*],[*]CNC(=O)C(NC(=O)NC([*])C)C(C)C,4.04e-05,-4.393618634889395,2,-4.383354024314187
14575,CC(C)(CCCO*)CNC(=O)COC(=O)*,CC(C)(CCCO[*])CNC(=O)COC(=O)[*],[*]CCCOC(=O)OCC(=O)NCC([*])(C)C,5.18e-05,-4.285670240254767,0,-4.266746157846323
14576,CCC(F)C(=O)N(CCN*)CCOC(=O)*,CCC(F)C(=O)N(CCN[*])CCOC(=O)[*],[*]CCNC(=O)OCCN([*])C(=O)C(F)CC,3.53e-05,-4.452225294612178,3,-4.100276527924677
14577,CC(CCOC(=O)*)CNC(=O)CO*,CC(CCOC(=O)[*])CNC(=O)CO[*],[*]CCOC(=O)OCC(=O)NCC([*])C,4.76e-05,-4.3223930472795065,0,-4.127243534643247
14578,CCN(OC)C(=O)C(O*)C(C)(C)OC(=O)*,CCN(OC)C(=O)C(O[*])C(C)(C)OC(=O)[*],[*]OC(=O)OC(C)(C)C([*])C(=O)N(CC)OC,5.45e-05,-4.263603497723357,3,-4.57149003696156
14579,CC(CC(=O)NC(C)CCN*)NC(=O)*,CC(CC(=O)NC(C)CCN[*])NC(=O)[*],[*]CCNC(=O)NC(C)CC(=O)NC([*])C,6.32e-05,-4.199282921717615,1,-4.273644549730793
14580,CC(CN(C)CCNC(=O)*)N*,CC(CN(C)CCNC(=O)[*])N[*],[*]CN(C)CCNC(=O)NC([*])C,7.69e-05,-4.114073660198569,1,-4.1870548592618455
14581,CC(CSCCOC(=O)*)SCCO*,CC(CSCCOC(=O)[*])SCCO[*],[*]CSCCOC(=O)OCCSC([*])C,0.00017,-3.769551078621726,2,-3.8254870320438523
14582,CC(NC(=O)*)C(=O)NC(C(=O)O)C(C)O*,CC(NC(=O)[*])C(=O)NC(C(=O)O)C(C)O[*],[*]NC(=O)OC(C)C(NC(=O)C([*])C)C(=O)O,4.16e-05,-4.380906669373258,2,-4.468629362729988
14583,CCC(CN(C)CCOCCO*)OC(=O)*,CCC(CN(C)CCOCCO[*])OC(=O)[*],[*]CN(C)CCOCCOC(=O)OC([*])CC,0.000168,-3.774690718274137,2,-3.8072295285398376
14584,CN(CCOC(=O)*)CO*,CN(CCOC(=O)[*])CO[*],[*]CCOC(=O)OCN([*])C,0.000178,-3.749579997691106,2,-4.077195655206294
14585,CC(CO*)SCC(CC#N)OC(=O)*,CC(CO[*])SCC(CC#N)OC(=O)[*],[*]COC(=O)OC(CC#N)CSC([*])C,7.38e-05,-4.131943638176958,3,-4.215481777597857
14586,COC(CO*)(COC(=O)*)OC,COC(CO[*])(COC(=O)[*])OC,[*]COC(=O)OCC([*])(OC)OC,5.58e-05,-4.253365801062421,2,-4.335709126926325
14587,CC(CC(C)NC(=O)CCCNC(=O)*)N*,CC(CC(C)NC(=O)CCCNC(=O)[*])N[*],[*]CC(C)NC(=O)NCCCC(=O)NC([*])C,4.44e-05,-4.35261702988538,3,-4.366119698087327
14588,COCCC(COC(=O)*)N*,COCCC(COC(=O)[*])N[*],[*]COC(=O)NC([*])CCOC,8.76e-05,-4.057495893831919,2,-4.198768634199344
14589,CC(CN(C)CCOCCNC(=O)*)N*,CC(CN(C)CCOCCNC(=O)[*])N[*],[*]CN(C)CCOCCNC(=O)NC([*])C,0.00015,-3.823908740944319,3,-3.8535903262280686
14590,CCN(CCO*)C(=O)C(C)NC(=O)*,CCN(CCO[*])C(=O)C(C)NC(=O)[*],[*]CCOC(=O)NC(C)C(=O)N([*])CC,5.18e-05,-4.285670240254767,3,-4.456910946072317
14591,CN(CCCO*)CCOCCOC(=O)*,CN(CCCO[*])CCOCCOC(=O)[*],[*]CCCOC(=O)OCCOCCN([*])C,0.000264,-3.5783960731301687,2,-3.6680195305620833
14592,CC(=O)N(C)CC(C)(CO*)COC(=O)*,CC(=O)N(C)CC(C)(CO[*])COC(=O)[*],[*]COC(=O)OCC([*])(C)CN(C)C(C)=O,4e-05,-4.3979400086720375,1,-4.467030172142549
14593,N#CN=C(NCCO*)NCCOC(=O)*,N#CN=C(NCCO[*])NCCOC(=O)[*],[*]NCCOC(=O)OCCNC([*])=NC#N,2.81e-05,-4.55129368009492,3,-4.0448255041825405
14594,C=C(Cl)CN(CCCO*)CCOC(=O)*,C=C(Cl)CN(CCCO[*])CCOC(=O)[*],[*]CCCOC(=O)OCCN([*])CC(=C)Cl,9.84e-05,-4.007004901568658,2,-4.0091334020477625
14595,CCCC(O*)C(=O)NCC(C)CNC(=O)*,CCCC(O[*])C(=O)NCC(C)CNC(=O)[*],[*]OC(=O)NCC(C)CNC(=O)C([*])CCC,4.73e-05,-4.325138859262188,0,-4.302118116433224
14596,CCCN(CCC)C(=O)C(CO*)NC(=O)*,CCCN(CCC)C(=O)C(CO[*])NC(=O)[*],[*]COC(=O)NC([*])C(=O)N(CCC)CCC,2.12e-05,-4.673664139071248,3,-4.47052546305219
14597,O=C(CCCCCOC(=O)*)NOCCO*,O=C(CCCCCOC(=O)[*])NOCCO[*],[*]CCCCCOC(=O)OCCONC([*])=O,0.000123,-3.910094888560602,0,-3.8544593096526123
14598,CCN(CCCOC(=O)*)C(=O)CO*,CCN(CCCOC(=O)[*])C(=O)CO[*],[*]CCCOC(=O)OCC(=O)N([*])CC,5.96e-05,-4.224753740259764,0,-4.284628982683979
14599,C=CC(O*)C(=O)OCCOCCOC(=O)*,C=CC(O[*])C(=O)OCCOCCOC(=O)[*],[*]OC(=O)OCCOCCOC(=O)C([*])C=C,7.02e-05,-4.153662887870195,2,-4.109756864568559
14600,CN(CCNC(=O)*)CC(CC(F)F)N*,CN(CCNC(=O)[*])CC(CC(F)F)N[*],[*]CCNC(=O)NC(CC(F)F)CN([*])C,7.96e-05,-4.099086932262331,0,-4.226395274761966
14601,CCCC(CCOC(=O)*)CNC(=O)CO*,CCCC(CCOC(=O)[*])CNC(=O)CO[*],[*]CCOC(=O)OCC(=O)NCC([*])CCC,4.38e-05,-4.3585258894959,2,-4.264949634136645
14602,CC=CC(=O)NC(C)(CO*)COC(=O)*,CC=CC(=O)NC(C)(CO[*])COC(=O)[*],[*]COC(=O)OCC([*])(C)NC(=O)C=CC,4.16e-05,-4.380906669373258,0,-4.4867513974117905
14603,CC(CO*)CSCCCCCOC(=O)*,CC(CO[*])CSCCCCCOC(=O)[*],[*]COC(=O)OCCCCCSCC([*])C,7.07e-05,-4.150580586203101,3,-4.020117319340326
14604,CCC(CNC(CO*)COC(=O)*)OC,CCC(CNC(CO[*])COC(=O)[*])OC,[*]COC(=O)OCC([*])NCC(CC)OC,6.83e-05,-4.165579296318468,0,-4.174503270394802
14605,COCC(CCOC(=O)*)NCC(C)O*,COCC(CCOC(=O)[*])NCC(C)O[*],[*]CCOC(=O)OC(C)CNC([*])COC,4.88e-05,-4.311580177997289,0,-4.004327480555138
14606,CCC(N*)C(=O)NC(C)CC(C)NC(=O)*,CCC(N[*])C(=O)NC(C)CC(C)NC(=O)[*],[*]NC(=O)NC(C)CC(C)NC(=O)C([*])CC,5.77e-05,-4.238824186844268,3,-4.554479122890598
14607,CCC(CN(C)CCOCCN*)OC(=O)*,CCC(CN(C)CCOCCN[*])OC(=O)[*],[*]CN(C)CCOCCNC(=O)OC([*])CC,0.000254,-3.595166283380062,1,-3.920818968175438
14608,CCN(CCO*)CCOC(=O)*,CCN(CCO[*])CCOC(=O)[*],[*]CCOC(=O)OCCN([*])CC,9.12e-05,-4.040005161671584,0,-3.914341148085406
14609,CC(CN(N)CC(C)OC(=O)*)O*,CC(CN(N)CC(C)OC(=O)[*])O[*],[*]CN(N)CC(C)OC(=O)OC([*])C,0.000103,-3.987162775294828,1,-4.192901549342217
14610,CN(CCOCCN*)CC(C)(C)NC(=O)*,CN(CCOCCN[*])CC(C)(C)NC(=O)[*],[*]CCOCCNC(=O)NC(C)(C)CN([*])C,9.15e-05,-4.038578905933552,3,-3.9951923634133033
14611,CC(CN(C)C(=O)C(C)NC(=O)*)N*,CC(CN(C)C(=O)C(C)NC(=O)[*])N[*],[*]CN(C)C(=O)C(C)NC(=O)NC([*])C,4.97e-05,-4.303643611266668,3,-4.472032132549131
14612,C=C(C)CNC(=O)C(CCCN*)NC(=O)*,C=C(C)CNC(=O)C(CCCN[*])NC(=O)[*],[*]CCCNC(=O)NC([*])C(=O)NCC(=C)C,5.55e-05,-4.255707016877324,2,-4.264152394971965
14613,CC(C)(CNCCCOCCOC(=O)*)O*,CC(C)(CNCCCOCCOC(=O)[*])O[*],[*]CNCCCOCCOC(=O)OC([*])(C)C,0.000108,-3.96657624451305,0,-3.9150563784649446
14614,CC(C)C(OC(=O)*)C(=O)NCC(CF)O*,CC(C)C(OC(=O)[*])C(=O)NCC(CF)O[*],[*]OC(=O)OC(CF)CNC(=O)C([*])C(C)C,3.95e-05,-4.403402904373539,1,-4.4422638009541995
14615,CC(CN*)C(=O)NCCCCCOC(=O)*,CC(CN[*])C(=O)NCCCCCOC(=O)[*],[*]CNC(=O)OCCCCCNC(=O)C([*])C,6.81e-05,-4.166852888087215,0,-4.177354929239229
14616,CC(C)CC(NC(=O)*)C(=O)N(C)CCN*,CC(C)CC(NC(=O)[*])C(=O)N(C)CCN[*],[*]NC(=O)NCCN(C)C(=O)C([*])CC(C)C,3.83e-05,-4.416801226031377,1,-4.496898307492017
14617,CC(CCO*)NC(=O)CCOC(=O)*,CC(CCO[*])NC(=O)CCOC(=O)[*],[*]CCOC(=O)OCCC(=O)NC([*])C,9.01e-05,-4.045275209020937,1,-4.139205570356451
14618,CN(C(=O)C(CCNC(=O)*)N*)C(C)(C)C,CN(C(=O)C(CCNC(=O)[*])N[*])C(C)(C)C,[*]CCNC(=O)NC([*])C(=O)N(C)C(C)(C)C,4.43e-05,-4.3535962737769305,0,-4.638829245461839
14619,CN(CCCO*)CCCOC(=O)*,CN(CCCO[*])CCCOC(=O)[*],[*]CCCOC(=O)OCCCN([*])C,0.000207,-3.684029654543082,1,-3.939849633240967
14620,CC(C)(C)NCC(CNCCOC(=O)*)O*,CC(C)(C)NCC(CNCCOC(=O)[*])O[*],[*]CNCCOC(=O)OC([*])CNC(C)(C)C,6.35e-05,-4.197226274708024,3,-4.186102723987713
14621,CC=C(C)C(=O)NCC(OC(=O)*)C(C)O*,CC=C(C)C(=O)NCC(OC(=O)[*])C(C)O[*],[*]OC(=O)OC(C)C([*])CNC(=O)C(C)=CC,4e-05,-4.3979400086720375,2,-4.417045260592479
14622,CC(C)(C)OC(=O)C(CCN*)NC(=O)*,CC(C)(C)OC(=O)C(CCN[*])NC(=O)[*],[*]CCNC(=O)NC([*])C(=O)OC(C)(C)C,7.04e-05,-4.152427340857888,2,-4.323614333795038
14623,CN(CCOC(=O)*)C(=O)CCN*,CN(CCOC(=O)[*])C(=O)CCN[*],[*]CCOC(=O)NCCC(=O)N([*])C,5.45e-05,-4.263603497723357,3,-4.254155328243392
14624,CCOCCN(CCNC(=O)*)CCO*,CCOCCN(CCNC(=O)[*])CCO[*],[*]CCNC(=O)OCCN([*])CCOCC,0.000142,-3.8477116556169433,3,-3.9535734800684215
14625,CC(N*)C(C)C(=O)NCC=CCOC(=O)*,CC(N[*])C(C)C(=O)NCC=CCOC(=O)[*],[*]NC(=O)OCC=CCNC(=O)C(C)C([*])C,3.16e-05,-4.5003129173815966,3,-4.402973409158017
14626,CC(C)C(CCSCCO*)OC(=O)*,CC(C)C(CCSCCO[*])OC(=O)[*],[*]CCSCCOC(=O)OC([*])C(C)C,5.59e-05,-4.252588192113577,1,-4.236476747672665
14627,CC(CCCO*)NC(=O)CCOC(=O)*,CC(CCCO[*])NC(=O)CCOC(=O)[*],[*]CCCOC(=O)OCCC(=O)NC([*])C,6.8e-05,-4.167491087293763,2,-4.137385355556409
14628,N=C(O)C(CO*)NC(=O)*,N=C(O)C(CO[*])NC(=O)[*],[*]COC(=O)NC([*])C(=N)O,6.47e-05,-4.189095719331299,0,-4.41010874971386
14629,C=C(Cl)CN(CCO*)CCOC(=O)*,C=C(Cl)CN(CCO[*])CCOC(=O)[*],[*]CCOC(=O)OCCN([*])CC(=C)Cl,0.000104,-3.98296666070122,2,-4.080270076214832
14630,C=CC(CO*)NC(C)C(C)OC(=O)*,C=CC(CO[*])NC(C)C(C)OC(=O)[*],[*]COC(=O)OC(C)C(C)NC([*])C=C,4.55e-05,-4.341988603342887,0,-4.334564097763754
14631,CC(O*)C(NC(=O)*)C(N)=O,CC(O[*])C(NC(=O)[*])C(N)=O,[*]OC(=O)NC(C(N)=O)C([*])C,4.16e-05,-4.380906669373258,1,-4.191527363046719
14632,NC(N)=NN=CC(CO*)OC(=O)*,NC(N)=NN=CC(CO[*])OC(=O)[*],[*]COC(=O)OC([*])C=NN=C(N)N,7.73e-05,-4.111820506081675,1,-4.375783494120076
14633,CC=CC(=O)NCC(C)(CO*)COC(=O)*,CC=CC(=O)NCC(C)(CO[*])COC(=O)[*],[*]COC(=O)OCC([*])(C)CNC(=O)C=CC,4.56e-05,-4.341035157335565,0,-4.481654434971695
14634,CCC(CNCCN(C)CCOC(=O)*)O*,CCC(CNCCN(C)CCOC(=O)[*])O[*],[*]CNCCN(C)CCOC(=O)OC([*])CC,0.000122,-3.913640169325252,2,-3.7901997978509443
14635,C=CCOC(=O)C(CCCCNC(=O)*)N*,C=CCOC(=O)C(CCCCNC(=O)[*])N[*],[*]CCCCNC(=O)NC([*])C(=O)OCC=C,5.91e-05,-4.228412519118745,0,-4.3238223846256245
14636,CCC(C)(OC(=O)*)C(=O)NCC(C)O*,CCC(C)(OC(=O)[*])C(=O)NCC(C)O[*],[*]OC(=O)OC(C)CNC(=O)C([*])(C)CC,9.67e-05,-4.014573525916998,1,-4.3946563297730785
14637,CCCOC(=O)NCC(COC(=O)*)O*,CCCOC(=O)NCC(COC(=O)[*])O[*],[*]COC(=O)OC([*])CNC(=O)OCCC,5.69e-05,-4.244887733604929,0,-4.181837805228173
14638,CC(CCO*)NCCCOCCOC(=O)*,CC(CCO[*])NCCCOCCOC(=O)[*],[*]CCOC(=O)OCCOCCCNC([*])C,0.000121,-3.9172146296835497,3,-3.7947611959846217
14639,CC(CC(=O)N(C)CC(C)(C)NC(=O)*)N*,CC(CC(=O)N(C)CC(C)(C)NC(=O)[*])N[*],[*]CC(=O)N(C)CC(C)(C)NC(=O)NC([*])C,5.22e-05,-4.282329496997738,3,-4.42185398261251
14640,CCN(CCN*)CCOCCNC(=O)*,CCN(CCN[*])CCOCCNC(=O)[*],[*]CCNC(=O)NCCOCCN([*])CC,0.000157,-3.8041003475907664,3,-3.76191530813841
14641,CC(C)(CO*)C(=O)NCC=CCOC(=O)*,CC(C)(CO[*])C(=O)NCC=CCOC(=O)[*],[*]COC(=O)OCC=CCNC(=O)C([*])(C)C,4.34e-05,-4.36251027048749,2,-4.361531931313911
14642,CC(C)N(CCO*)CCOCCNC(=O)*,CC(C)N(CCO[*])CCOCCNC(=O)[*],[*]CCOCCNC(=O)OCCN([*])C(C)C,0.000173,-3.761953896871205,0,-3.909643186475465
14643,CC(C)(CCOC(=O)CO*)OC(=O)*,CC(C)(CCOC(=O)CO[*])OC(=O)[*],[*]CCOC(=O)COC(=O)OC([*])(C)C,4.12e-05,-4.3851027839668655,1,-4.4215806474322195
14644,CC(C)OC(=O)C(OC(=O)*)C(O*)C(=O)O,CC(C)OC(=O)C(OC(=O)[*])C(O[*])C(=O)O,[*]OC(=O)OC(C(=O)O)C([*])C(=O)OC(C)C,2.1e-05,-4.6777807052660805,0,-4.518753322374515
14645,CC(C)(CNC(=O)CCO*)OC(=O)*,CC(C)(CNC(=O)CCO[*])OC(=O)[*],[*]CNC(=O)CCOC(=O)OC([*])(C)C,7.16e-05,-4.145086977692144,2,-4.212788245678395
14646,CCOCCN(C)CC(CN*)OC(=O)*,CCOCCN(C)CC(CN[*])OC(=O)[*],[*]CNC(=O)OC([*])CN(C)CCOCC,0.000109,-3.962573502059376,3,-4.110628874602378
14647,CC(CNC(=O)*)C(=O)NCCC(C)(C)N*,CC(CNC(=O)[*])C(=O)NCCC(C)(C)N[*],[*]CNC(=O)NC(C)(C)CCNC(=O)C([*])C,3.11e-05,-4.507239610973163,3,-4.45109989039857
14648,CCOCCN(CCO*)CC(C)OC(=O)*,CCOCCN(CCO[*])CC(C)OC(=O)[*],[*]CCOC(=O)OC(C)CN([*])CCOCC,0.00014,-3.853871964321762,3,-3.970073248598222
14649,CCC(CC)(CNC(=O)CCNC(=O)*)N*,CCC(CC)(CNC(=O)CCNC(=O)[*])N[*],[*]CNC(=O)CCNC(=O)NC([*])(CC)CC,5.13e-05,-4.289882634888183,1,-4.401454431190587
14650,O=C(CCCCOC(=O)*)NOCCO*,O=C(CCCCOC(=O)[*])NOCCO[*],[*]CCCCOC(=O)OCCONC([*])=O,0.000124,-3.906578314837765,0,-3.892465726765273
14651,CCC(CNC(=O)C(C)(C)CNC(=O)*)N*,CCC(CNC(=O)C(C)(C)CNC(=O)[*])N[*],[*]CNC(=O)C(C)(C)CNC(=O)NC([*])CC,5.53e-05,-4.257274868695302,3,-4.356248746952536
14652,CC(OC(=O)*)C(=O)OCC(C)(C)CO*,CC(OC(=O)[*])C(=O)OCC(C)(C)CO[*],[*]OC(=O)OCC(C)(C)COC(=O)C([*])C,1.74e-05,-4.7594507517174005,1,-4.38692326543248
14653,CC(COC(=O)*)CSC(C)C(C)O*,CC(COC(=O)[*])CSC(C)C(C)O[*],[*]COC(=O)OC(C)C(C)SCC([*])C,3.96e-05,-4.402304814074488,0,-4.3247052528999115
14654,CC(NCCOCCCO*)C(C)OC(=O)*,CC(NCCOCCCO[*])C(C)OC(=O)[*],[*]NCCOCCCOC(=O)OC(C)C([*])C,0.000175,-3.7569619513137056,3,-4.049086303510398
14655,C=C(C)CN(CC)CC(CO*)OC(=O)*,C=C(C)CN(CC)CC(CO[*])OC(=O)[*],[*]COC(=O)OC([*])CN(CC)CC(=C)C,6.27e-05,-4.202732459169283,3,-4.2359927571156675
14656,CC(CONC(=O)CC(C)(C)NC(=O)*)N*,CC(CONC(=O)CC(C)(C)NC(=O)[*])N[*],[*]CONC(=O)CC(C)(C)NC(=O)NC([*])C,2.71e-05,-4.567030709125595,0,-4.297412087236429
14657,CCOCCCN(CCNC(=O)*)CCO*,CCOCCCN(CCNC(=O)[*])CCO[*],[*]CCNC(=O)OCCN([*])CCCOCC,0.000156,-3.8068754016455375,3,-4.043044300713207
14658,CC(NC(=O)*)C(=O)NC(C)(C)CO*,CC(NC(=O)[*])C(=O)NC(C)(C)CO[*],[*]NC(=O)OCC(C)(C)NC(=O)C([*])C,6.31e-05,-4.199970640755866,1,-4.328679751058916
14659,CC(OC(=O)*)C(=O)NOC(C)(C)CO*,CC(OC(=O)[*])C(=O)NOC(C)(C)CO[*],[*]OC(=O)OCC(C)(C)ONC(=O)C([*])C,4.92e-05,-4.308034897232639,1,-4.357861590467189
14660,C=C(C)C(COC(=O)*)SCC(C)O*,C=C(C)C(COC(=O)[*])SCC(C)O[*],[*]COC(=O)OC(C)CSC([*])C(=C)C,5.25e-05,-4.279840696594043,2,-4.268544984243095
14661,CC(OC(=O)*)C(=O)OCCOCCO*,CC(OC(=O)[*])C(=O)OCCOCCO[*],[*]OC(=O)OCCOCCOC(=O)C([*])C,9.97e-05,-4.001304841688344,0,-4.1244049282745054
14662,C=CC(=O)NCC(COC(=O)*)O*,C=CC(=O)NCC(COC(=O)[*])O[*],[*]COC(=O)OC([*])CNC(=O)C=C,8.09e-05,-4.092051478387727,2,-4.1935069907667675
14663,CCC(CN(C)CCNC(=O)*)N*,CCC(CN(C)CCNC(=O)[*])N[*],[*]CN(C)CCNC(=O)NC([*])CC,9.09e-05,-4.041436116778033,2,-4.270929286010325
14664,CCC(NC(=O)*)C(=O)NC(C)(C)CCN*,CCC(NC(=O)[*])C(=O)NC(C)(C)CCN[*],[*]NC(=O)NCCC(C)(C)NC(=O)C([*])CC,3.16e-05,-4.5003129173815966,3,-4.335043199384402
14665,CC(C)(OCCN*)OCCNC(=O)*,CC(C)(OCCN[*])OCCNC(=O)[*],[*]OCCNC(=O)NCCOC([*])(C)C,7.87e-05,-4.104025267640935,3,-4.0145776508116295
14666,CC(C)(CNCCO*)NC(=O)*,CC(C)(CNCCO[*])NC(=O)[*],[*]CNCCOC(=O)NC([*])(C)C,5.37e-05,-4.270025714300444,3,-4.202819594767172
14667,C=CC(C)(CNCCCCO*)OC(=O)*,C=CC(C)(CNCCCCO[*])OC(=O)[*],[*]CNCCCCOC(=O)OC([*])(C)C=C,9.56e-05,-4.0195421077239,0,-4.175481404215961
14668,CC(CCNC(=O)C(C)OC(=O)*)CCO*,CC(CCNC(=O)C(C)OC(=O)[*])CCO[*],[*]CCNC(=O)C(C)OC(=O)OCCC([*])C,5.78e-05,-4.238072161579471,0,-4.258259588691588
14669,C=CCCC(COC(=O)*)NCC(C)O*,C=CCCC(COC(=O)[*])NCC(C)O[*],[*]COC(=O)OC(C)CNC([*])CCC=C,6.2e-05,-4.207608310501746,0,-4.136269347839108
14670,COCC(CNCCOC(=O)*)O*,COCC(CNCCOC(=O)[*])O[*],[*]CNCCOC(=O)OC([*])COC,0.000142,-3.8477116556169433,2,-3.9831899631599614
14671,CC(CNCCOCCCO*)OC(=O)*,CC(CNCCOCCCO[*])OC(=O)[*],[*]CNCCOCCCOC(=O)OC([*])C,0.000202,-3.694648630553376,2,-3.782716329325335
14672,CCOCCOCC(CN*)OC(=O)*,CCOCCOCC(CN[*])OC(=O)[*],[*]CNC(=O)OC([*])COCCOCC,0.000105,-3.9788107009300617,2,-4.006507756277329
14673,C=CC(C)(CNCC(CC)O*)OC(=O)*,C=CC(C)(CNCC(CC)O[*])OC(=O)[*],[*]CNCC(CC)OC(=O)OC([*])(C)C=C,9.75e-05,-4.010995384301463,2,-4.339789298294567
14674,CN(CCCN*)CCOC(=O)*,CN(CCCN[*])CCOC(=O)[*],[*]CCCNC(=O)OCCN([*])C,8.99e-05,-4.046240308266771,2,-3.998423424543363
14675,CNCC(CN(C)C(C)C(C)O*)OC(=O)*,CNCC(CN(C)C(C)C(C)O[*])OC(=O)[*],[*]CN(C)C(C)C(C)OC(=O)OC([*])CNC,8.55e-05,-4.068033885271827,2,-4.376011747928939
14676,CC(C)CC(CNC(=O)CCO*)OC(=O)*,CC(C)CC(CNC(=O)CCO[*])OC(=O)[*],[*]CNC(=O)CCOC(=O)OC([*])CC(C)C,5.7e-05,-4.2441251443275085,0,-4.3030339807344005
14677,CC(NC(=O)C(CNC(=O)*)O*)C(F)F,CC(NC(=O)C(CNC(=O)[*])O[*])C(F)F,[*]CNC(=O)OC([*])C(=O)NC(C)C(F)F,4.22e-05,-4.374687549038326,3,-4.1861026230628475
14678,CC(CN*)OCCOC(=O)*,CC(CN[*])OCCOC(=O)[*],[*]CNC(=O)OCCOC([*])C,9.35e-05,-4.029188389127483,1,-3.902249614102574
14679,CCC(O*)C(C)C(CC)OC(=O)*,CCC(O[*])C(C)C(CC)OC(=O)[*],[*]OC(=O)OC(CC)C(C)C([*])CC,4.32e-05,-4.364516253185088,3,-4.683621105363525
14680,CC(C)C(NC(=O)*)C(=O)N(C)CCO*,CC(C)C(NC(=O)[*])C(=O)N(C)CCO[*],[*]NC(=O)OCCN(C)C(=O)C([*])C(C)C,4.78e-05,-4.320572103387881,0,-4.500310124672708
14681,CN(CC(F)F)C(=O)CC(CN*)OC(=O)*,CN(CC(F)F)C(=O)CC(CN[*])OC(=O)[*],[*]CNC(=O)OC([*])CC(=O)N(C)CC(F)F,6.7e-05,-4.173925197299174,3,-4.3573807628859935
14682,O=C(CCCO*)NCCOC(=O)*,O=C(CCCO[*])NCCOC(=O)[*],[*]CCCOC(=O)OCCNC([*])=O,9.4e-05,-4.026872146400302,0,-3.9786509770628515
14683,CCCN(C)C(=O)C(N*)C(C)(C)OC(=O)*,CCCN(C)C(=O)C(N[*])C(C)(C)OC(=O)[*],[*]NC(=O)OC(C)(C)C([*])C(=O)N(C)CCC,3.38e-05,-4.471083299722345,0,-4.666141783782279
14684,CCCC(O*)C(CCC)OC(=O)*,CCCC(O[*])C(CCC)OC(=O)[*],[*]OC(=O)OC(CCC)C([*])CCC,2.35e-05,-4.628932137728264,1,-4.5344772904483195
14685,CCN(CCNCC(C)OC(=O)*)CCO*,CCN(CCNCC(C)OC(=O)[*])CCO[*],[*]CCNCC(C)OC(=O)OCCN([*])CC,0.000123,-3.910094888560602,2,-3.906221771585102
14686,CC(CO*)(COC(=O)*)CSCCC#N,CC(CO[*])(COC(=O)[*])CSCCC#N,[*]COC(=O)OCC([*])(C)CSCCC#N,0.0001,-4.0,0,-4.053057196603374
14687,C=CCC(CNCC(C)OC(=O)*)CO*,C=CCC(CNCC(C)OC(=O)[*])CO[*],[*]CNCC(C)OC(=O)OCC([*])CC=C,8.91e-05,-4.050122295963125,2,-4.193250226836003
14688,C=CC(CNCCC(C)(C)O*)OC(=O)*,C=CC(CNCCC(C)(C)O[*])OC(=O)[*],[*]CNCCC(C)(C)OC(=O)OC([*])C=C,5.1e-05,-4.292429823902063,3,-4.28695368381481
14689,COC(=O)C(C)(CO*)COC(=O)*,COC(=O)C(C)(CO[*])COC(=O)[*],[*]COC(=O)OCC([*])(C)C(=O)OC,4.09e-05,-4.388276691992658,3,-4.58100172769519
14690,CC(CSCC(OC(=O)*)C(C)C)O*,CC(CSCC(OC(=O)[*])C(C)C)O[*],[*]CSCC(OC(=O)OC([*])C)C(C)C,5.67e-05,-4.246416941107094,0,-4.391140742046351
14691,CCC(C)NC(=O)C(CCN*)NC(=O)*,CCC(C)NC(=O)C(CCN[*])NC(=O)[*],[*]CCNC(=O)NC([*])C(=O)NC(C)CC,3.9e-05,-4.4089353929735005,1,-4.270638935298964
14692,C=CCCC(CN(CC)CCN*)OC(=O)*,C=CCCC(CN(CC)CCN[*])OC(=O)[*],[*]CN(CC)CCNC(=O)OC([*])CCC=C,8.15e-05,-4.088842391260023,1,-4.087238919067033
14693,CN(CC=CCl)CC(CN*)OC(=O)*,CN(CC=CCl)CC(CN[*])OC(=O)[*],[*]CNC(=O)OC([*])CN(C)CC=CCl,7.72e-05,-4.112382699664264,1,-4.184570486037303
14694,CC(CCCO*)COC(=O)*,CC(CCCO[*])COC(=O)[*],[*]CCCOC(=O)OCC([*])C,8.95e-05,-4.048176964684088,3,-4.248347379793934
14695,COCC(C)N(CCNC(=O)*)CCO*,COCC(C)N(CCNC(=O)[*])CCO[*],[*]CCNC(=O)OCCN([*])C(C)COC,0.000113,-3.946921556516581,1,-3.972959444578854
14696,CCC(CC)C(COC(=O)*)N*,CCC(CC)C(COC(=O)[*])N[*],[*]COC(=O)NC([*])C(CC)CC,7.93e-05,-4.100726812682396,3,-4.566163892691421
14697,COCCCCN(CCNC(=O)*)CCO*,COCCCCN(CCNC(=O)[*])CCO[*],[*]CCNC(=O)OCCN([*])CCCCOC,0.000177,-3.7520267336381936,2,-3.8396336294317974
14698,CCC(CN(C)CC(COC)OC(=O)*)N*,CCC(CN(C)CC(COC)OC(=O)[*])N[*],[*]CN(C)CC(COC)OC(=O)NC([*])CC,7.26e-05,-4.139063379299906,3,-4.212574880224671
14699,CN(CCN*)C(=O)C(CC(F)F)NC(=O)*,CN(CCN[*])C(=O)C(CC(F)F)NC(=O)[*],[*]CCNC(=O)NC(CC(F)F)C(=O)N([*])C,3.73e-05,-4.428291168191312,2,-4.388785089190745
14700,CC(COCCOCCOC(=O)*)O*,CC(COCCOCCOC(=O)[*])O[*],[*]COCCOCCOC(=O)OC([*])C,0.000205,-3.688246138944246,1,-3.7835440096916493
14701,CC(C)N(C)C(=O)C(CCN*)NC(=O)*,CC(C)N(C)C(=O)C(CCN[*])NC(=O)[*],[*]CCNC(=O)NC([*])C(=O)N(C)C(C)C,2.25e-05,-4.647817481888637,2,-4.354192781211956
14702,CCC(CNCCOCCCO*)OC(=O)*,CCC(CNCCOCCCO[*])OC(=O)[*],[*]CNCCOCCCOC(=O)OC([*])CC,0.000153,-3.815308569182401,1,-3.948149079271497
14703,CCC(COC(=O)*)SCC(C)CO*,CCC(COC(=O)[*])SCC(C)CO[*],[*]COC(=O)OCC(C)CSC([*])CC,6.73e-05,-4.171984935776023,0,-4.412161786086432
14704,CN(CCNC(=O)*)CCO*,CN(CCNC(=O)[*])CCO[*],[*]CCNC(=O)OCCN([*])C,6.95e-05,-4.158015195409886,2,-3.9920844737497734
14705,CCOC(OCC)C(CO*)COC(=O)*,CCOC(OCC)C(CO[*])COC(=O)[*],[*]COC(=O)OCC([*])C(OCC)OCC,3.14e-05,-4.503070351926785,1,-4.251629088178691
14706,CC(COCCOC(=O)*)OCCO*,CC(COCCOC(=O)[*])OCCO[*],[*]COCCOC(=O)OCCOC([*])C,0.000191,-3.718966632752272,3,-3.76513098896257
14707,CC(CO*)NC(=O)*,CC(CO[*])NC(=O)[*],[*]COC(=O)NC([*])C,3.41e-05,-4.467245621007502,1,-4.2562715179313955
14708,CSCC(CN(C)CCCN*)OC(=O)*,CSCC(CN(C)CCCN[*])OC(=O)[*],[*]CN(C)CCCNC(=O)OC([*])CSC,7.32e-05,-4.135488918941608,0,-4.24569673905705
14709,CCN(CCNC(=O)*)CC(CSC)O*,CCN(CCNC(=O)[*])CC(CSC)O[*],[*]CCNC(=O)OC(CSC)CN([*])CC,7.24e-05,-4.140261433802853,0,-4.166346192210502
14710,CCC(COC(=O)*)(N*)NC(C)COC,CCC(COC(=O)[*])(N[*])NC(C)COC,[*]COC(=O)NC([*])(CC)NC(C)COC,4.77e-05,-4.321481620959886,0,-4.26528786640543
14711,CCCCOCCOCC(COC(=O)*)O*,CCCCOCCOCC(COC(=O)[*])O[*],[*]COC(=O)OC([*])COCCOCCCC,8.28e-05,-4.08196966321512,2,-3.994453317197248
14712,CC(N*)C(C)C(=O)N(C)CCCNC(=O)*,CC(N[*])C(C)C(=O)N(C)CCCNC(=O)[*],[*]NC(=O)NCCCN(C)C(=O)C(C)C([*])C,6.36e-05,-4.196542884351586,1,-4.41590640523956
14713,C=CC(CNC(CCOC(=O)*)C(C)C)O*,C=CC(CNC(CCOC(=O)[*])C(C)C)O[*],[*]CNC(CCOC(=O)OC([*])C=C)C(C)C,5.64e-05,-4.248720896016658,3,-4.312233404085092
14714,COCCC(CN(C)CCCOC(=O)*)N*,COCCC(CN(C)CCCOC(=O)[*])N[*],[*]CN(C)CCCOC(=O)NC([*])CCOC,0.00013,-3.886056647693163,1,-3.956236415574578
14715,CC(C)(CC(=O)NCC=CCO*)NC(=O)*,CC(C)(CC(=O)NCC=CCO[*])NC(=O)[*],[*]CC(=O)NCC=CCOC(=O)NC([*])(C)C,3.29e-05,-4.482804102050026,2,-4.32395064231632
14716,C=CC(OC(=O)*)C(=O)OCC(O*)C(C)C,C=CC(OC(=O)[*])C(=O)OCC(O[*])C(C)C,[*]OC(=O)OC(COC(=O)C([*])C=C)C(C)C,1.83e-05,-4.73754891026957,0,-4.537048159879949
14717,N#CCC(CSCCCO*)OC(=O)*,N#CCC(CSCCCO[*])OC(=O)[*],[*]CSCCCOC(=O)OC([*])CC#N,6.32e-05,-4.199282921717615,0,-4.057998242557206
14718,CC(CCCN*)NC(=O)C(C)NC(=O)*,CC(CCCN[*])NC(=O)C(C)NC(=O)[*],[*]CCCNC(=O)NC(C)C(=O)NC([*])C,7.99e-05,-4.097453220686009,3,-4.232245107282559
14719,CCC(C)(OC(=O)*)C(O*)C(=O)O,CCC(C)(OC(=O)[*])C(O[*])C(=O)O,[*]OC(=O)OC(C(=O)O)C([*])(C)CC,2.12e-05,-4.673664139071248,0,-4.713665663599199
14720,CCCCCC(CC(CCC)O*)OC(=O)*,CCCCCC(CC(CCC)O[*])OC(=O)[*],[*]CC(CCC)OC(=O)OC([*])CCCCC,3.92e-05,-4.406713932979542,0,-4.523310846981415
14721,C=CC(CNC(C)C(C)(C)O*)OC(=O)*,C=CC(CNC(C)C(C)(C)O[*])OC(=O)[*],[*]CNC(C)C(C)(C)OC(=O)OC([*])C=C,4.63e-05,-4.334419008982047,2,-4.407154350890373
14722,C=CC(C)(CNCC(C)CO*)OC(=O)*,C=CC(C)(CNCC(C)CO[*])OC(=O)[*],[*]CNCC(C)COC(=O)OC([*])(C)C=C,4.68e-05,-4.329754146925876,1,-4.282762256252026
14723,CC(NC(=O)*)C(=O)N(C)CC(C)(C)CO*,CC(NC(=O)[*])C(=O)N(C)CC(C)(C)CO[*],[*]NC(=O)OCC(C)(C)CN(C)C(=O)C([*])C,4.27e-05,-4.369572124974976,3,-4.540246667113735
14724,COC(=O)C(CCN*)CCNC(=O)*,COC(=O)C(CCN[*])CCNC(=O)[*],[*]CCNC(=O)NCCC([*])C(=O)OC,8.23e-05,-4.08460016478773,3,-4.194870082474112
14725,C=CC(CO*)NCC(OC(=O)*)C(C)(C)C,C=CC(CO[*])NCC(OC(=O)[*])C(C)(C)C,[*]COC(=O)OC(CNC([*])C=C)C(C)(C)C,4.26e-05,-4.370590400897281,3,-4.392013094933698
14726,CC(C)(CNCCOCCCNC(=O)*)N*,CC(C)(CNCCOCCCNC(=O)[*])N[*],[*]CNCCOCCCNC(=O)NC([*])(C)C,8.58e-05,-4.066512712151295,2,-3.9003976547467216
14727,CC(C)(C)C(OC(=O)*)C(C)(C)O*,CC(C)(C)C(OC(=O)[*])C(C)(C)O[*],[*]OC(=O)OC(C)(C)C([*])C(C)(C)C,2.11e-05,-4.675717544702307,1,-4.688237829371278
14728,CC(N*)C(OC(=O)*)C(=O)OC(C)(C)C,CC(N[*])C(OC(=O)[*])C(=O)OC(C)(C)C,[*]NC(=O)OC(C(=O)OC(C)(C)C)C([*])C,4.43e-05,-4.3535962737769305,1,-4.662816931994117
14729,CN(C)N(CCO*)CCOC(=O)*,CN(C)N(CCO[*])CCOC(=O)[*],[*]CCOC(=O)OCCN([*])N(C)C,0.0001,-4.0,3,-3.801932914280544
14730,CC(CO*)NCCOC(=O)*,CC(CO[*])NCCOC(=O)[*],[*]COC(=O)OCCNC([*])C,0.000132,-3.87942606879415,2,-4.031668497700321
14731,CC(C)CC(NC(=O)*)C(=O)NCCCO*,CC(C)CC(NC(=O)[*])C(=O)NCCCO[*],[*]NC(=O)OCCCNC(=O)C([*])CC(C)C,4.01e-05,-4.396855627379818,1,-4.40707059478536
14732,CC(CCNCCNC(=O)*)NCCN*,CC(CCNCCNC(=O)[*])NCCN[*],[*]CCNCCNC(=O)NCCNC([*])C,0.000106,-3.9746941347352296,0,-3.934079482803511
14733,CN(CCCN*)CCCNC(=O)*,CN(CCCN[*])CCCNC(=O)[*],[*]CCCNC(=O)NCCCN([*])C,9.01e-05,-4.045275209020937,2,-3.962709458790039
14734,C=CCCN(CC(C)O*)C(C)COC(=O)*,C=CCCN(CC(C)O[*])C(C)COC(=O)[*],[*]CC(C)OC(=O)OCC(C)N([*])CCC=C,2.91e-05,-4.536107011014093,3,-4.444388716377952
14735,CC(CNCC(C)NC(=O)*)N*,CC(CNCC(C)NC(=O)[*])N[*],[*]CNCC(C)NC(=O)NC([*])C,3.09e-05,-4.510041520575165,2,-4.175569487008206
14736,*[Si](CCC1OC(=O)OC1)(CCC1OC(=O)OC1)CCC*,[*][Si](CCC1OC(=O)OC1)(CCC1OC(=O)OC1)CCC[*],[*]CCC[Si]([*])(CCC1COC(=O)O1)CCC1COC(=O)O1,1.88e-05,-4.72584215073632,2,-4.421967948787511
14737,*OC(=O)OC(C)C*,[*]OC(=O)OC(C)C[*],[*]COC(=O)OC([*])C,5.99e-05,-4.2225731776106885,3,-4.12363536301093
14738,*OC(=O)OC(CC1=CC=CC=C1)C*,[*]OC(=O)OC(CC1=CC=CC=C1)C[*],[*]OCC(Cc1ccccc1)OC([*])=O,3.72e-05,-4.429457060118103,0,-4.78675790067084
14739,*OC(=O)OCCOCCOCCOCC*,[*]OC(=O)OCCOCCOCCOCC[*],[*]OCCOCCOCCOCCOC([*])=O,0.000322,-3.492144128304169,3,-3.525014250685655
14740,*CC(C(=O)OCC1OC(=O)OC1)*,[*]CC(C(=O)OCC1OC(=O)OC1)[*],[*]CC([*])C(=O)OCC1COC(=O)O1,0.000117,-3.9318141382538383,2,-4.249031494936403
14741,*OC(C1=O)=C(C1=O)OC1=C(OCC)C=C(C(OCC)=C1)*,[*]OC(C1=O)=C(C1=O)OC1=C(OCC)C=C(C(OCC)=C1)[*],[*]Oc1c(Oc2cc(OCC)c([*])cc2OCC)c(=O)c1=O,1e-05,-5.0,2,-4.95190063121081
14742,*OC(=O)OCCCCC*,[*]OC(=O)OCCCCC[*],[*]OCCCCCOC([*])=O,0.000188,-3.72584215073632,1,-3.9647711151835683
14743,*OC(=O)OCCCCCC*,[*]OC(=O)OCCCCCC[*],[*]OCCCCCCOC([*])=O,0.000119,-3.924453038607469,3,-4.0832499764000465
14744,*C1N(C(=O)C)C(=O)N(C(=O)C)C1*,[*]C1N(C(=O)C)C(=O)N(C(=O)C)C1[*],[*]C1C([*])N(C(C)=O)C(=O)N1C(C)=O,2.43e-05,-4.614393726401688,0,-4.6515954453531805
14745,*CCCCCCOCCOCCOCCOCC*,[*]CCCCCCOCCOCCOCCOCC[*],[*]CCCCOCCOCCOCCOCCCC[*],0.000484,-3.315154638355588,0,-3.2844624631277086
14746,*OS(=O)OCCCC*,[*]OS(=O)OCCCC[*],[*]OCCCCOS([*])=O,0.000246,-3.6090648928966207,0,-4.029338449583555
14747,*OC(=O)OCCC*,[*]OC(=O)OCCC[*],[*]OCCCOC([*])=O,0.000102,-3.9913998282380825,2,-3.6478252401449347
14748,*CCOCCOCCOCCOCCOCC*,[*]CCOCCOCCOCCOCCOCC[*],[*]CCOCCOCCOCCOCCOCC[*],0.00111,-2.9546770212133424,2,-2.9990552444741003
14749,*OC(=O)OCC(CC)(COCC=C)C*,[*]OC(=O)OCC(CC)(COCC=C)C[*],[*]COC(=O)OCC([*])(CC)COCC=C,2.93e-05,-4.533132379645891,0,-4.453713565913108
14750,*OC(=O)OCC(OC)(OC)C*,[*]OC(=O)OCC(OC)(OC)C[*],[*]COC(=O)OCC([*])(OC)OC,5.43e-05,-4.265200170411153,2,-4.580520663708423
14751,*CCCCOCCOCCOCCOCC*,[*]CCCCOCCOCCOCCOCC[*],[*]CCCOCCOCCOCCOCCC[*],0.000621,-3.20690839982342,2,-3.1900646481114077
14752,*OC(=O)OCCCCCCCC*,[*]OC(=O)OCCCCCCCC[*],[*]OCCCCCCCCOC([*])=O,0.00015,-3.823908740944319,1,-4.134731562853308
14753,*C(=O)CCCC(=O)OC(C)CO*,[*]C(=O)CCCC(=O)OC(C)CO[*],[*]COC(=O)CCCC(=O)OC([*])C,5.45e-05,-4.263603497723357,2,-3.997346053704179
14754,*CCCCOCCOCCOCCOCCOCC*,[*]CCCCOCCOCCOCCOCCOCC[*],[*]CCCOCCOCCOCCOCCOCCC[*],0.000959,-3.0181813928293364,0,-3.2839337258012273
14755,*OC(=O)OCCCCCCCCCCCC*,[*]OC(=O)OCCCCCCCCCCCC[*],[*]OCCCCCCCCCCCCOC([*])=O,0.000115,-3.939302159646388,0,-4.1921559906885
14756,*OC(=O)OC(CC)C*,[*]OC(=O)OC(CC)C[*],[*]COC(=O)OC([*])CC,5.92e-05,-4.22767829327708,3,-4.386911212589261
14757,*OC(=O)OC(CCC)C*,[*]OC(=O)OC(CCC)C[*],[*]COC(=O)OC([*])CCC,5.31e-05,-4.274905478918531,3,-4.439857797020813
14758,*C(=O)COCC(=O)OC(C)CO*,[*]C(=O)COCC(=O)OC(C)CO[*],[*]COC(=O)COCC(=O)OC([*])C,5.33e-05,-4.273272790973428,0,-3.9610172926703955
14759,*OC(=O)OCCCC*,[*]OC(=O)OCCCC[*],[*]OCCCCOC([*])=O,0.000164,-3.785156151952302,3,-4.034797761936819
14760,*OC(=O)OCCOCCOCCOCCOCCOCC*,[*]OC(=O)OCCOCCOCCOCCOCCOCC[*],[*]OCCOCCOCCOCCOCCOCCOC([*])=O,0.000773,-3.111820506081675,0,-3.970895202248503
14761,*OC(=O)OCCOCCOCC*,[*]OC(=O)OCCOCCOCC[*],[*]OCCOCCOCCOC([*])=O,0.000253,-3.596879478824182,2,-3.6816190344443944
14762,*OC(CCCCC*)=O,[*]OC(CCCCC[*])=O,[*]CCCCCOC([*])=O,6.18e-05,-4.209011524911184,1,-3.999520214280828
14763,*OC(=O)OCCOCC*,[*]OC(=O)OCCOCC[*],[*]OCCOCCOC([*])=O,0.000217,-3.6635402661514704,1,-4.001850200042505
14764,*OCC*,[*]OCC[*],[*]COC[*],0.00157,-2.8041003475907664,1,-3.780330556934787
14765,*NCC*,[*]NCC[*],[*]CNC[*],0.00043,-3.3665315444204134,0,-3.5055539574235612
14766,*OC(=O)OCCCCCCCCCC*,[*]OC(=O)OCCCCCCCCCC[*],[*]OCCCCCCCCCCOC([*])=O,0.000165,-3.7825160557860937,2,-4.198331707226546
14767,*CC(C)O*,[*]CC(C)O[*],[*]CC(C)O[*],0.000502,-3.2992962828549808,1,-4.1425830088253965
14768,*OCOCCOCC*,[*]OCOCCOCC[*],[*]COCCOCOC[*],0.00132,-2.87942606879415,1,-3.4401335284880816
14769,*CCOCCOCCOCCOCC*,[*]CCOCCOCCOCCOCC[*],[*]CCOCCOCCOCCOCC[*],0.0011,-2.958607314841775,3,-3.2409219320178932
14770,*OC(=O)OCCOCC*,[*]OC(=O)OCCOCC[*],[*]OCCOCCOC([*])=O,0.000228,-3.642065152999546,1,-4.001850200042505
14771,*[Si](C)(CCC1OC(=O)OC1)CCC*,[*][Si](C)(CCC1OC(=O)OC1)CCC[*],[*]CCC[Si]([*])(C)CCC1COC(=O)O1,9.33e-05,-4.0301183562535,1,-4.938832230056993
14772,*CCCCCCOCCOCCOCCOCCOCC*,[*]CCCCCCOCCOCCOCCOCCOCC[*],[*]CCCCOCCOCCOCCOCCOCCCC[*],0.000644,-3.191114132640188,1,-3.1491574987144544
14773,*OC(=O)OCCCCCCCCC*,[*]OC(=O)OCCCCCCCCC[*],[*]OCCCCCCCCCOC([*])=O,0.000173,-3.761953896871205,2,-4.110355935256065
14774,*OC(=O)OCCCCCCC*,[*]OC(=O)OCCCCCCC[*],[*]OCCCCCCCOC([*])=O,0.000137,-3.863279432843593,3,-4.015156948608728
14949,CCCCCCC(CCOC(=O)*)O*,CCCCCCC(CCOC(=O)[*])O[*],[*]CCOC(=O)OC([*])CCCCCC,5.95e-05,-4.22548303427145,2,-4.284808050661812
14950,CC(O*)C(C)(NC(=O)*)C(=O)O,CC(O[*])C(C)(NC(=O)[*])C(=O)O,[*]OC(=O)NC(C)(C(=O)O)C([*])C,3.1e-05,-4.508638306165727,2,-4.563995552923038
14951,CC(CNC(=O)CCN*)CC(C)OC(=O)*,CC(CNC(=O)CCN[*])CC(C)OC(=O)[*],[*]CNC(=O)CCNC(=O)OC(C)CC([*])C,3.96e-05,-4.402304814074488,0,-4.273114293399603
14952,CC(C)CC(C)NC(=O)C(CO*)NC(=O)*,CC(C)CC(C)NC(=O)C(CO[*])NC(=O)[*],[*]COC(=O)NC([*])C(=O)NC(C)CC(C)C,2.62e-05,-4.581698708680254,2,-4.484369811486224
14953,CC(C)C(CCOC(=O)*)NC(=O)CO*,CC(C)C(CCOC(=O)[*])NC(=O)CO[*],[*]CCOC(=O)OCC(=O)NC([*])C(C)C,7.14e-05,-4.146301788223826,3,-4.4044580037455505
14954,CC(C)COCC(CNC(=O)*)O*,CC(C)COCC(CNC(=O)[*])O[*],[*]CNC(=O)OC([*])COCC(C)C,4.23e-05,-4.373659632624958,1,-4.38332747638848
14955,CCNC(=O)C(O*)C(C)(C)OC(=O)*,CCNC(=O)C(O[*])C(C)(C)OC(=O)[*],[*]OC(=O)OC(C)(C)C([*])C(=O)NCC,3.53e-05,-4.452225294612178,0,-4.539226769051295
14956,CCCCC(C)NC(CC)(CO*)NC(=O)*,CCCCC(C)NC(CC)(CO[*])NC(=O)[*],[*]COC(=O)NC([*])(CC)NC(C)CCCC,3.1e-05,-4.508638306165727,3,-4.448747976140731
14957,CCOCCCNC(CN*)CNC(=O)*,CCOCCCNC(CN[*])CNC(=O)[*],[*]CNC(=O)NCC([*])NCCCOCC,8.9e-05,-4.050609993355088,3,-3.9961261233075325
14958,CC(CC(C)NC(=O)CN*)NC(=O)*,CC(CC(C)NC(=O)CN[*])NC(=O)[*],[*]CC(C)NC(=O)NCC(=O)NC([*])C,3.81e-05,-4.419075024324381,3,-4.409194552667286
24005,O=C(*)NCC(=O)NC(CCN*)C(F)F,O=C([*])NCC(=O)NC(CCN[*])C(F)F,[*]CNC(=O)NCCC(NC([*])=O)C(F)F,5.7e-05,-4.2441251443275085,0,-4.091002903191478
24006,O=C(*)OC(CN*)CC(F)(F)F,O=C([*])OC(CN[*])CC(F)(F)F,[*]NCC(CC(F)(F)F)OC([*])=O,5.07e-05,-4.294992040666664,3,-4.385353927635925
24007,O=C(*)NCCC(=O)NCC(F)(F)CN*,O=C([*])NCCC(=O)NCC(F)(F)CN[*],[*]CCNC(=O)NCC(F)(F)CNC([*])=O,0.00011,-3.958607314841775,0,-4.184016967551778
24008,O=C(*)OCCCCCS(=O)(=O)CCO*,O=C([*])OCCCCCS(=O)(=O)CCO[*],[*]OCCCCCS(=O)(=O)CCOC([*])=O,6.5e-05,-4.187086643357144,2,-4.0997840240491
24009,O=C(*)NC(CC(F)F)C(=O)NCCCO*,O=C([*])NC(CC(F)F)C(=O)NCCCO[*],[*]NC(CC(F)F)C(=O)NCCCOC([*])=O,4.47e-05,-4.349692476868063,2,-4.234077034107362
24010,O=C(*)OCC(CO*)(C(=O)O)C(=O)O,O=C([*])OCC(CO[*])(C(=O)O)C(=O)O,[*]OCC(COC([*])=O)(C(=O)O)C(=O)O,1.46e-05,-4.835647144215563,3,-4.72198534122625
24011,O=C(*)NCCCCNCCCCN*,O=C([*])NCCCCNCCCCN[*],[*]NCCCCNCCCCNC([*])=O,0.000125,-3.903089986991944,2,-3.959997931407989
24012,O=C(*)NCCCCNCCN*,O=C([*])NCCCCNCCN[*],[*]NCCCCNCCNC([*])=O,6.68e-05,-4.175223537524454,3,-3.9295497407396076
24013,O=C(*)OC(C(=O)O)C(O*)C(=O)O,O=C([*])OC(C(=O)O)C(O[*])C(=O)O,[*]OC(C(=O)O)C(OC([*])=O)C(=O)O,2.36e-05,-4.627087997029894,0,-4.566911434930251
24014,O=C(*)NC(CCCN*)C(=O)O,O=C([*])NC(CCCN[*])C(=O)O,[*]NCCCC(NC([*])=O)C(=O)O,3.74e-05,-4.42712839779952,1,-4.209570670872174
24015,O=C(*)NC(CCCO*)C(=O)O,O=C([*])NC(CCCO[*])C(=O)O,[*]NC(CCCOC([*])=O)C(=O)O,2.94e-05,-4.531652669587842,1,-4.30330740650942
24016,O=C(*)NCCOCC(=O)NCCCO*,O=C([*])NCCOCC(=O)NCCCO[*],[*]COCCNC(=O)OCCCNC([*])=O,0.000112,-3.9507819773298185,0,-3.8709684404082476
24017,O=C(*)OCC(CNCCF)O*,O=C([*])OCC(CNCCF)O[*],[*]OCC(CNCCF)OC([*])=O,7.39e-05,-4.131355561605174,1,-4.208619512123425
24018,O=C(*)NCCOCC(=O)NCCN*,O=C([*])NCCOCC(=O)NCCN[*],[*]COCCNC(=O)NCCNC([*])=O,0.00017,-3.769551078621726,3,-4.069050403935927
24019,O=C(*)NCCSCCSCCN*,O=C([*])NCCSCCSCCN[*],[*]NCCSCCSCCNC([*])=O,0.000164,-3.785156151952302,3,-3.8837331600171914
24020,O=C(*)NCCCCNC(=O)COCCO*,O=C([*])NCCCCNC(=O)COCCO[*],[*]COCCOC(=O)NCCCCNC([*])=O,0.000172,-3.764471553092451,0,-3.833685906440453
24021,O=C(*)NCCCCNC(=O)COCCN*,O=C([*])NCCCCNC(=O)COCCN[*],[*]COCCNC(=O)NCCCCNC([*])=O,0.000102,-3.9913998282380825,0,-3.9401238870569064
24022,O=C(*)OCCOCCOC(=O)CO*,O=C([*])OCCOCCOC(=O)CO[*],[*]COC(=O)OCCOCCOC([*])=O,0.000203,-3.692503962086787,2,-3.881161149483665
24023,O=C(*)OCCCCNCCCCO*,O=C([*])OCCCCNCCCCO[*],[*]OCCCCNCCCCOC([*])=O,0.000204,-3.690369832574101,2,-3.857257049489645
24024,O=C(*)OCC(CNC(=O)C(F)F)O*,O=C([*])OCC(CNC(=O)C(F)F)O[*],[*]OCC(CNC(=O)C(F)F)OC([*])=O,0.000116,-3.9355420107730814,0,-4.2927273581097145
24025,O=C(*)OCCCCCCN*,O=C([*])OCCCCCCN[*],[*]NCCCCCCOC([*])=O,9.46e-05,-4.024108863598207,2,-4.125761578869548
24026,O=C(*)OCCN(CC=CCl)CCO*,O=C([*])OCCN(CC=CCl)CCO[*],[*]OCCN(CC=CCl)CCOC([*])=O,9.28e-05,-4.032452023781138,0,-4.132992872088077
24027,O=C(*)NCC(=O)NCCOCCCN*,O=C([*])NCC(=O)NCCOCCCN[*],[*]CNC(=O)NCCCOCCNC([*])=O,0.000143,-3.844663962534938,1,-4.115711511677971
24028,O=C(*)OCCSCCSCCO*,O=C([*])OCCSCCSCCO[*],[*]OCCSCCSCCOC([*])=O,0.000184,-3.735182176990464,2,-3.7758676541718077
24029,O=C(*)OCCSCCCSCCO*,O=C([*])OCCSCCCSCCO[*],[*]OCCSCCCSCCOC([*])=O,0.000109,-3.962573502059376,1,-3.705625686720095
24030,O=C(*)OCCCCCCCCCCCO*,O=C([*])OCCCCCCCCCCCO[*],[*]OCCCCCCCCCCCOC([*])=O,6.67e-05,-4.175874166083451,1,-4.182489215968328
24031,O=C(*)OCCCCCCO*,O=C([*])OCCCCCCO[*],[*]OCCCCCCOC([*])=O,0.00013,-3.886056647693163,3,-4.006269699835989
24032,O=C(*)OC(CNCCS)CO*,O=C([*])OC(CNCCS)CO[*],[*]OCC(CNCCS)OC([*])=O,7.22e-05,-4.141462802430361,3,-4.2355407890004
24033,O=C(*)OCCCSCCO*,O=C([*])OCCCSCCO[*],[*]OCCCSCCOC([*])=O,0.00013,-3.886056647693163,2,-3.8808076154398554
24034,O=C(*)NCCCOCCNC(=O)CCN*,O=C([*])NCCCOCCNC(=O)CCN[*],[*]CCNC(=O)NCCCOCCNC([*])=O,8.49e-05,-4.071092309756048,3,-3.9044854101030975
24035,O=C(*)NCCSCCCO*,O=C([*])NCCSCCCO[*],[*]NCCSCCCOC([*])=O,0.000107,-3.9706162223147903,2,-3.9051264335137277
24036,O=C(*)OCCCSCCOCCO*,O=C([*])OCCCSCCOCCO[*],[*]OCCCSCCOCCOC([*])=O,0.000256,-3.5917600346881504,3,-3.8093539763286226
24037,O=C(*)OCCCN(CCCF)CCO*,O=C([*])OCCCN(CCCF)CCO[*],[*]OCCCN(CCCF)CCOC([*])=O,0.000141,-3.85078088734462,3,-4.042670920673685
24038,O=C(*)OCCCCOCCCCO*,O=C([*])OCCCCOCCCCO[*],[*]OCCCCOCCCCOC([*])=O,0.000225,-3.6478174818886377,1,-3.833308195660628
24039,O=C(*)OCCCCCCCCCCO*,O=C([*])OCCCCCCCCCCO[*],[*]OCCCCCCCCCCOC([*])=O,9.71e-05,-4.012780770091995,2,-3.9372411387840653
24040,O=C(*)OCCCCN(CCO*)CC(F)F,O=C([*])OCCCCN(CCO[*])CC(F)F,[*]OCCCCN(CCOC([*])=O)CC(F)F,0.000102,-3.9913998282380825,1,-4.079161834316986
24041,O=C(*)NC(CCN*)C(=O)NCCCS,O=C([*])NC(CCN[*])C(=O)NCCCS,[*]NCCC(NC([*])=O)C(=O)NCCCS,3.91e-05,-4.407823242604133,1,-4.1976824316310655
24042,O=C(*)OCCCCCCCO*,O=C([*])OCCCCCCCO[*],[*]OCCCCCCCOC([*])=O,0.000224,-3.649751981665837,3,-4.027112698288985
24043,O=C(*)OCCN(CCCCF)CCCO*,O=C([*])OCCN(CCCCF)CCCO[*],[*]OCCCN(CCCCF)CCOC([*])=O,7.36e-05,-4.133122185662502,0,-3.890570266824371
24044,O=C(*)OCC(CO*)NCC=CCl,O=C([*])OCC(CO[*])NCC=CCl,[*]OCC(COC([*])=O)NCC=CCl,6.36e-05,-4.196542884351586,2,-4.196614924859804
24045,O=C(*)NCC(=O)NCCCCCCN*,O=C([*])NCC(=O)NCCCCCCN[*],[*]CNC(=O)NCCCCCCNC([*])=O,7.96e-05,-4.099086932262331,0,-4.1829071459235
24046,O=C(*)NCCNCCCO*,O=C([*])NCCNCCCO[*],[*]NCCNCCCOC([*])=O,0.0001,-4.0,2,-3.8749559649881706
24047,O=C(*)OCCNCC(O*)C(F)(F)F,O=C([*])OCCNCC(O[*])C(F)(F)F,[*]OCCNCC(OC([*])=O)C(F)(F)F,0.0001,-4.0,1,-4.283822850171049
24048,O=C(*)NCCNCCCNCCN*,O=C([*])NCCNCCCNCCN[*],[*]NCCNCCCNCCNC([*])=O,0.000128,-3.892790030352132,1,-3.8509124413332168
24049,O=C(*)OCCCCCS(=O)CCO*,O=C([*])OCCCCCS(=O)CCO[*],[*]OCCCCCS(=O)CCOC([*])=O,0.000152,-3.8181564120552274,0,-3.9401030832194897
24050,O=C(*)OCCN(CCF)CCO*,O=C([*])OCCN(CCF)CCO[*],[*]OCCN(CCF)CCOC([*])=O,0.000129,-3.889410289700751,3,-3.9370102974205468
24051,O=C(*)OCCOCCOCCN*,O=C([*])OCCOCCOCCN[*],[*]NCCOCCOCCOC([*])=O,0.000278,-3.555955204081924,0,-3.640785385347583
24052,O=C(*)OCCNC(=O)C(CC(F)F)N*,O=C([*])OCCNC(=O)C(CC(F)F)N[*],[*]NC(CC(F)F)C(=O)NCCOC([*])=O,2.84e-05,-4.546681659952962,0,-4.27434281261989
24053,O=C(*)OCCN(CCO*)CS(=O)(=O)O,O=C([*])OCCN(CCO[*])CS(=O)(=O)O,[*]OCCN(CCOC([*])=O)CS(=O)(=O)O,4.86e-05,-4.313363730737707,1,-4.134114901177424
24054,O=C(*)NCC(=O)NCCSCCCO*,O=C([*])NCC(=O)NCCSCCCO[*],[*]CNC(=O)OCCCSCCNC([*])=O,7.23e-05,-4.140861702705469,3,-4.042935423068053
24055,O=C(*)NCCC(O*)C(=O)O,O=C([*])NCCC(O[*])C(=O)O,[*]NCCC(OC([*])=O)C(=O)O,5.24e-05,-4.280668713016273,0,-4.371798556325094
24056,O=C(*)OCCN(CCF)CCCO*,O=C([*])OCCN(CCF)CCCO[*],[*]OCCCN(CCF)CCOC([*])=O,0.000152,-3.8181564120552274,2,-3.974099730080176
24057,O=C(*)NCCN(CCF)CCO*,O=C([*])NCCN(CCF)CCO[*],[*]NCCN(CCF)CCOC([*])=O,0.000209,-3.6798537138889458,0,-3.984494757000226
24058,O=C(*)OCCNCCCNCCO*,O=C([*])OCCNCCCNCCO[*],[*]OCCNCCCNCCOC([*])=O,0.000104,-3.98296666070122,0,-3.6640559156518018
24059,O=C(*)OCCOCCO*,O=C([*])OCCOCCO[*],[*]OCCOCCOC([*])=O,0.000262,-3.5816987086802543,1,-3.6661954073858323
24060,O=C(*)NC(CN*)C(F)(F)F,O=C([*])NC(CN[*])C(F)(F)F,[*]NCC(NC([*])=O)C(F)(F)F,4.47e-05,-4.349692476868063,2,-4.329905580412093
24061,O=C(*)OCCS(=O)CCO*,O=C([*])OCCS(=O)CCO[*],[*]OCCS(=O)CCOC([*])=O,0.000115,-3.939302159646388,0,-4.0441763484890885
24062,O=C(*)OCCSCCN*,O=C([*])OCCSCCN[*],[*]NCCSCCOC([*])=O,0.000132,-3.87942606879415,1,-3.843266421700105
24063,O=C(*)OCCSCCO*,O=C([*])OCCSCCO[*],[*]OCCSCCOC([*])=O,0.000175,-3.7569619513137056,1,-3.7282759445413762
24064,O=C(*)NCCC(=O)NCCCCO*,O=C([*])NCCC(=O)NCCCCO[*],[*]CCNC(=O)OCCCCNC([*])=O,9.55e-05,-4.019996628416254,0,-4.105045701853042
24065,O=C(*)OCC(O)=C(O)C(O)=C(O)CO*,O=C([*])OCC(O)=C(O)C(O)=C(O)CO[*],[*]OCC(O)=C(O)C(O)=C(O)COC([*])=O,7.74e-05,-4.111259039317107,3,-4.823849502890585
24066,O=C(*)OCCN(CCCF)CCO*,O=C([*])OCCN(CCCF)CCO[*],[*]OCCN(CCCF)CCOC([*])=O,6.97e-05,-4.15676722190199,1,-3.845401068705872
24067,O=C(*)NCCOCCOCCOCCO*,O=C([*])NCCOCCOCCOCCO[*],[*]NCCOCCOCCOCCOC([*])=O,0.00032,-3.494850021680094,2,-3.5917233071516748
24068,O=C(*)OCCCC#CC#CCCCO*,O=C([*])OCCCC#CC#CCCCO[*],[*]OCCCC#CC#CCCCOC([*])=O,4.34e-05,-4.36251027048749,0,-3.978566360955096
24069,O=C(*)OCCOCCN*,O=C([*])OCCOCCN[*],[*]NCCOCCOC([*])=O,0.000138,-3.860120913598764,3,-3.70853498727165
24070,O=C(*)NCCS(=O)(=S)OCCN*,O=C([*])NCCS(=O)(=S)OCCN[*],[*]NCCOS(=O)(=S)CCNC([*])=O,3.28e-05,-4.484126156288321,0,-4.335382656971481
24071,O=C(*)OCCNCCO*,O=C([*])OCCNCCO[*],[*]OCCNCCOC([*])=O,0.000173,-3.761953896871205,2,-3.733280564152772
24072,O=C(*)NCCOCCN*,O=C([*])NCCOCCN[*],[*]NCCOCCNC([*])=O,8.88e-05,-4.051587034221399,2,-3.856770708390975
24073,O=C(*)OCCOCCCCOCCO*,O=C([*])OCCOCCCCOCCO[*],[*]OCCOCCCCOCCOC([*])=O,0.000249,-3.603800652904264,0,-3.588155517055127
24074,O=C(*)OCCSCCOCCO*,O=C([*])OCCSCCOCCO[*],[*]OCCOCCSCCOC([*])=O,0.000282,-3.549750891680639,3,-3.703235648212309
24075,O=C(*)OCCNCNCCO*,O=C([*])OCCNCNCCO[*],[*]OCCNCNCCOC([*])=O,9.67e-05,-4.014573525916998,3,-3.7664200722563206
24076,O=C(*)OCCNNCCO*,O=C([*])OCCNNCCO[*],[*]OCCNNCCOC([*])=O,0.000167,-3.7772835288524167,3,-3.6785403230016094
24077,O=C(*)OCCOCCOCCO*,O=C([*])OCCOCCOCCO[*],[*]OCCOCCOCCOC([*])=O,0.000299,-3.5243288116755704,2,-3.5969961566729136
24078,O=C(*)OCCNCCCO*,O=C([*])OCCNCCCO[*],[*]OCCCNCCOC([*])=O,0.000145,-3.838631997765025,1,-3.784009553394553
24079,O=C(*)OCCOCCNCCOCCO*,O=C([*])OCCOCCNCCOCCO[*],[*]OCCOCCNCCOCCOC([*])=O,0.000507,-3.294992040666664,2,-3.4881553007722523
24080,O=C(*)NCCNCCO*,O=C([*])NCCNCCO[*],[*]NCCNCCOC([*])=O,9.29e-05,-4.031984286006359,0,-3.8669707550993335
24081,O=C(*)OCCCOCCN*,O=C([*])OCCCOCCN[*],[*]NCCOCCCOC([*])=O,0.000137,-3.863279432843593,0,-3.8681516491385457
24082,O=C(*)NC(C(=O)O)C(O*)C(F)(F)F,O=C([*])NC(C(=O)O)C(O[*])C(F)(F)F,[*]NC(C(=O)O)C(OC([*])=O)C(F)(F)F,3.35e-05,-4.474955192963154,0,-4.6025870680315135
24083,O=C(*)OCCCSCC(N*)C(=O)O,O=C([*])OCCCSCC(N[*])C(=O)O,[*]NC(CSCCCOC([*])=O)C(=O)O,6.33e-05,-4.198596289982645,0,-4.371470709311305
24084,O=C(*)NCCOCCOCCOCCN*,O=C([*])NCCOCCOCCOCCN[*],[*]NCCOCCOCCOCCNC([*])=O,0.000282,-3.549750891680639,1,-3.571391752742309
24085,O=C(*)NCCCNCCNCCCN*,O=C([*])NCCCNCCNCCCN[*],[*]NCCCNCCNCCCNC([*])=O,0.000123,-3.910094888560602,1,-3.9543904518581563
24086,O=C(*)NCCNCCNCCNCCN*,O=C([*])NCCNCCNCCNCCN[*],[*]NCCNCCNCCNCCNC([*])=O,0.00015,-3.823908740944319,1,-3.665128412775122
24087,O=C(*)NCCC(N*)P(=O)(O)O,O=C([*])NCCC(N[*])P(=O)(O)O,[*]NCCC(NC([*])=O)P(=O)(O)O,6.57e-05,-4.182434630440219,3,-4.397962027710504
24088,O=C(*)OCCOCCCOCCO*,O=C([*])OCCOCCCOCCO[*],[*]OCCOCCCOCCOC([*])=O,0.000273,-3.563837352959244,0,-3.5779010301143392
24089,O=C(*)NCCNCCNCCCN*,O=C([*])NCCNCCNCCCN[*],[*]NCCCNCCNCCNC([*])=O,0.000133,-3.876148359032914,0,-3.8962520635655022
24090,O=C(*)OCCCSCCCCCO*,O=C([*])OCCCSCCCCCO[*],[*]OCCCCCSCCCOC([*])=O,0.000113,-3.946921556516581,2,-3.7523124142690394
24091,O=C(*)NCCCNCCO*,O=C([*])NCCCNCCO[*],[*]NCCCNCCOC([*])=O,0.000139,-3.856985199745905,2,-3.915946127835408
24092,O=C(*)NC(CCCCO*)C(=O)O,O=C([*])NC(CCCCO[*])C(=O)O,[*]NC(CCCCOC([*])=O)C(=O)O,4.8e-05,-4.318758762624412,3,-4.428328745626391
24093,O=C(*)OCCN(CCF)CCOCCO*,O=C([*])OCCN(CCF)CCOCCO[*],[*]OCCOCCN(CCF)CCOC([*])=O,0.000292,-3.5346171485515816,1,-3.5751249862360384
24094,O=C(*)NCCSCCN*,O=C([*])NCCSCCN[*],[*]NCCSCCNC([*])=O,0.00012,-3.9208187539523753,1,-3.935083632276359
24095,O=C(*)OCCCCCCCCCO*,O=C([*])OCCCCCCCCCO[*],[*]OCCCCCCCCCOC([*])=O,0.000123,-3.910094888560602,2,-3.9813348582073935
24096,O=C(*)OCCC(CN*)C(F)(F)F,O=C([*])OCCC(CN[*])C(F)(F)F,[*]NCC(CCOC([*])=O)C(F)(F)F,1.77e-05,-4.752026733638194,0,-4.375070434217486
24097,O=C(*)NCCCOCCOCCCN*,O=C([*])NCCCOCCOCCCN[*],[*]NCCCOCCOCCCNC([*])=O,0.000204,-3.690369832574101,2,-3.819244740156014
24098,O=C(*)NCCOCCOCCN*,O=C([*])NCCOCCOCCN[*],[*]NCCOCCOCCNC([*])=O,0.000254,-3.595166283380062,3,-3.8015234116312637
24099,O=C(*)OCCNCCNCCO*,O=C([*])OCCNCCNCCO[*],[*]OCCNCCNCCOC([*])=O,0.000128,-3.892790030352132,1,-3.6759757408287324
24100,O=C(*)OCCCCCCSCCCO*,O=C([*])OCCCCCCSCCCO[*],[*]OCCCCCCSCCCOC([*])=O,0.000119,-3.924453038607469,0,-4.021910264164029
24101,O=C(*)OCCCOCCCO*,O=C([*])OCCCOCCCO[*],[*]OCCCOCCCOC([*])=O,0.000285,-3.54515513999149,2,-3.7149550240400475
24102,O=C(*)OCCSCCCCCCCO*,O=C([*])OCCSCCCCCCCO[*],[*]OCCCCCCCSCCOC([*])=O,0.00021,-3.677780705266081,1,-3.875138750886101
24103,O=C(*)NCCNCCCCCNCCN*,O=C([*])NCCNCCCCCNCCN[*],[*]NCCNCCCCCNCCNC([*])=O,0.000142,-3.8477116556169433,3,-3.8363745533137847
24104,O=C(*)OCCOCCOCCCN*,O=C([*])OCCOCCOCCCN[*],[*]NCCCOCCOCCOC([*])=O,0.000169,-3.772113295386327,3,-3.4834869517574973
24105,O=C(*)NCCCNCCCO*,O=C([*])NCCCNCCCO[*],[*]NCCCNCCCOC([*])=O,0.000164,-3.785156151952302,0,-3.882913137299208
24106,O=C(*)NCCSCCCSCCN*,O=C([*])NCCSCCCSCCN[*],[*]NCCSCCCSCCNC([*])=O,0.00015,-3.823908740944319,0,-3.823883072612702
24107,O=C(*)OCCCCCOCCCCCO*,O=C([*])OCCCCCOCCCCCO[*],[*]OCCCCCOCCCCCOC([*])=O,0.000157,-3.8041003475907664,3,-3.728355776071149
24108,O=C(*)NCCNCCCCNCCN*,O=C([*])NCCNCCCCNCCN[*],[*]NCCNCCCCNCCNC([*])=O,0.000113,-3.946921556516581,0,-3.858945424941833
24109,O=C(*)OCCNCCCCN*,O=C([*])OCCNCCCCN[*],[*]NCCCCNCCOC([*])=O,9.18e-05,-4.037157318798758,3,-3.736041723976515
24110,O=C(*)NCCNCCNCCN*,O=C([*])NCCNCCNCCN[*],[*]NCCNCCNCCNC([*])=O,0.000215,-3.6675615400843946,0,-3.8812598375796643
24111,O=C(*)NCCCCC(N*)C(=O)NO,O=C([*])NCCCCC(N[*])C(=O)NO,[*]NCCCCC(NC([*])=O)C(=O)NO,5.76e-05,-4.239577516576788,2,-4.2163211092463335
24112,O=C(*)OCCNCCOCCO*,O=C([*])OCCNCCOCCO[*],[*]OCCNCCOCCOC([*])=O,0.000205,-3.688246138944246,2,-3.6832150797713927
24113,O=C(*)OCCCCCCCCO*,O=C([*])OCCCCCCCCO[*],[*]OCCCCCCCCOC([*])=O,0.00014,-3.853871964321762,1,-3.9812892446495445
24114,O=C(*)NCCCNCCCNCCCN*,O=C([*])NCCCNCCCNCCCN[*],[*]NCCCNCCCNCCCNC([*])=O,0.00011,-3.958607314841775,3,-3.934886837141024
24115,O=C(*)OCCCNCCCO*,O=C([*])OCCCNCCCO[*],[*]OCCCNCCCOC([*])=O,0.000227,-3.6439741428068775,1,-3.748100147798197
24116,O=C(*)NCCCCCOCCCCCN*,O=C([*])NCCCCCOCCCCCN[*],[*]NCCCCCOCCCCCNC([*])=O,0.000159,-3.7986028756795487,3,-3.8633541483530967
24117,O=C(*)NCCCOCCCN*,O=C([*])NCCCOCCCN[*],[*]NCCCOCCCNC([*])=O,9.93e-05,-4.0030507515046185,1,-3.9235603545960682
24118,O=C(*)OCCOCCOCCOCCO*,O=C([*])OCCOCCOCCOCCO[*],[*]OCCOCCOCCOCCOC([*])=O,0.000487,-3.312471038785365,3,-3.4345166741278854
24119,O=C(*)OCCOCCCN*,O=C([*])OCCOCCCN[*],[*]NCCCOCCOC([*])=O,0.000243,-3.614393726401688,3,-3.687186777504109
24120,O=C(*)OCCCOCCCOCCCO*,O=C([*])OCCCOCCCOCCCO[*],[*]OCCCOCCCOCCCOC([*])=O,0.000177,-3.7520267336381936,3,-3.720847615236828
24121,O=C(*)NCCSCSCCN*,O=C([*])NCCSCSCCN[*],[*]NCCSCSCCNC([*])=O,8.73e-05,-4.058985756294431,0,-3.9479598488132033
24134,CN(C)C(=O)C(CN*)NC(=O)*,CN(C)C(=O)C(CN[*])NC(=O)[*],[*]CNC(=O)NC([*])C(=O)N(C)C,3.16e-05,-4.5003129173815966,3,-4.217461712523975
24135,O=C(*)OCC(CO*)NC(=O)C(F)F,O=C([*])OCC(CO[*])NC(=O)C(F)F,[*]OCC(COC([*])=O)NC(=O)C(F)F,5.64e-05,-4.248720896016658,0,-4.286757496447842
24136,COC(=O)CNC(=O)C(NC(=O)*)C(C)O*,COC(=O)CNC(=O)C(NC(=O)[*])C(C)O[*],[*]NC(=O)OC(C)C([*])C(=O)NCC(=O)OC,4.72e-05,-4.3260580013659125,0,-4.316678249710368
24137,CC(CS(=O)(=O)CCOC(=O)*)O*,CC(CS(=O)(=O)CCOC(=O)[*])O[*],[*]CS(=O)(=O)CCOC(=O)OC([*])C,7.69e-05,-4.114073660198569,0,-4.167433504177502
24138,COCC(COC(=O)*)NC(=O)CO*,COCC(COC(=O)[*])NC(=O)CO[*],[*]COC(=O)OCC(=O)NC([*])COC,8e-05,-4.096910013008056,2,-4.1300447621855465
24139,CNC(COC(=O)*)C(=O)NCCN*,CNC(COC(=O)[*])C(=O)NCCN[*],[*]COC(=O)NCCNC(=O)C([*])NC,6.23e-05,-4.205511953340831,1,-4.107801779274185
24140,COCC(N*)C(=O)NCCCCOC(=O)*,COCC(N[*])C(=O)NCCCCOC(=O)[*],[*]NC(=O)OCCCCNC(=O)C([*])COC,6.24e-05,-4.204815410317576,3,-4.149378153923725
24141,CC(=O)CCC(=O)NCC(COC(=O)*)O*,CC(=O)CCC(=O)NCC(COC(=O)[*])O[*],[*]COC(=O)OC([*])CNC(=O)CCC(C)=O,5.06e-05,-4.295849483160201,1,-4.295048441310147
24142,O=C(CCOC(=O)*)NCCCO*,O=C(CCOC(=O)[*])NCCCO[*],[*]CCOC(=O)OCCCNC([*])=O,8.04e-05,-4.094743951251549,0,-4.0176789614749495
24143,CC(C)OCC(=O)NC(CO*)COC(=O)*,CC(C)OCC(=O)NC(CO[*])COC(=O)[*],[*]COC(=O)OCC([*])NC(=O)COC(C)C,7.61e-05,-4.118615343229427,2,-4.235099307170398
24144,CCOCCC(=O)NCC(CO*)OC(=O)*,CCOCCC(=O)NCC(CO[*])OC(=O)[*],[*]COC(=O)OC([*])CNC(=O)CCOCC,0.00014,-3.853871964321762,2,-4.149261144951803
24145,O=C(CCO*)NCCNCCOC(=O)*,O=C(CCO[*])NCCNCCOC(=O)[*],[*]CCOC(=O)OCCNCCNC([*])=O,0.000126,-3.899629454882437,3,-3.9128141518594206
24146,COC(CN*)C(=O)NCCCCOC(=O)*,COC(CN[*])C(=O)NCCCCOC(=O)[*],[*]CNC(=O)OCCCCNC(=O)C([*])OC,7.05e-05,-4.151810883008602,2,-4.215661963901009
24147,CCOCC(=O)NCC(COC(=O)*)O*,CCOCC(=O)NCC(COC(=O)[*])O[*],[*]COC(=O)OC([*])CNC(=O)COCC,5.83e-05,-4.2343314452409855,3,-4.0822710230426145
24148,CN(C)CC(=O)NC(CO*)COC(=O)*,CN(C)CC(=O)NC(CO[*])COC(=O)[*],[*]COC(=O)OCC([*])NC(=O)CN(C)C,8.08e-05,-4.092588639225414,1,-4.188351369142947
24149,CNCC(C)C(=O)NCC(CO*)OC(=O)*,CNCC(C)C(=O)NCC(CO[*])OC(=O)[*],[*]COC(=O)OC([*])CNC(=O)C(C)CNC,5.18e-05,-4.285670240254767,0,-4.224049966360288
24150,COCC(CO*)NC(=O)CCCNC(=O)*,COCC(CO[*])NC(=O)CCCNC(=O)[*],[*]COC(=O)NCCCC(=O)NC([*])COC,7.7e-05,-4.113509274827518,0,-4.087426365747588
24151,COCCC(CO*)NC(=O)COC(=O)*,COCCC(CO[*])NC(=O)COC(=O)[*],[*]COC(=O)OCC(=O)NC([*])CCOC,7.26e-05,-4.139063379299906,0,-4.0559330428839315
24152,CNC(=O)NC(CO*)COC(=O)*,CNC(=O)NC(CO[*])COC(=O)[*],[*]COC(=O)OCC([*])NC(=O)NC,4e-05,-4.3979400086720375,1,-4.195073908495124
24153,CN(CCCOC(=O)*)C(=O)CN*,CN(CCCOC(=O)[*])C(=O)CN[*],[*]CCCOC(=O)NCC(=O)N([*])C,5.26e-05,-4.279014255846261,1,-4.263233448286541
24154,CC(C(=O)O)C(=O)NC(CO*)COC(=O)*,CC(C(=O)O)C(=O)NC(CO[*])COC(=O)[*],[*]COC(=O)OCC([*])NC(=O)C(C)C(=O)O,4e-05,-4.3979400086720375,2,-4.245216375845082
24155,COC(CN*)C(=O)NCCCOC(=O)*,COC(CN[*])C(=O)NCCCOC(=O)[*],[*]CNC(=O)OCCCNC(=O)C([*])OC,7.7e-05,-4.113509274827518,2,-4.209306885655333
24156,CC(CN(CCOC(=O)*)CC(=O)O)O*,CC(CN(CCOC(=O)[*])CC(=O)O)O[*],[*]CN(CCOC(=O)OC([*])C)CC(=O)O,5.52e-05,-4.2580609222708015,0,-4.465421910398953
24157,O=C(*)OCC(CO*)NC(=O)C(=O)O,O=C([*])OCC(CO[*])NC(=O)C(=O)O,[*]OCC(COC([*])=O)NC(=O)C(=O)O,6.39e-05,-4.1944991418416,2,-4.363950823006756
24158,COC(=O)CCN(C)CC(COC(=O)*)O*,COC(=O)CCN(C)CC(COC(=O)[*])O[*],[*]COC(=O)OC([*])CN(C)CCC(=O)OC,0.000105,-3.9788107009300617,2,-4.086247193930328
24159,CC(CO*)(COC(=O)*)NC(=O)CC(=O)O,CC(CO[*])(COC(=O)[*])NC(=O)CC(=O)O,[*]COC(=O)OCC([*])(C)NC(=O)CC(=O)O,4.35e-05,-4.361510743045363,3,-4.3290709295719605
24160,CC(=O)NCC(=O)NCC(COC(=O)*)O*,CC(=O)NCC(=O)NCC(COC(=O)[*])O[*],[*]COC(=O)OC([*])CNC(=O)CNC(C)=O,3.57e-05,-4.447331783887806,2,-4.175798819986444
24161,O=C(CCOC(=O)*)NCCO*,O=C(CCOC(=O)[*])NCCO[*],[*]CCOC(=O)OCCNC([*])=O,9.17e-05,-4.037630664329979,2,-4.016189879781927
24162,COC(CNC(=O)*)CC(=O)NCCCO*,COC(CNC(=O)[*])CC(=O)NCCCO[*],[*]CNC(=O)OCCCNC(=O)CC([*])OC,4.48e-05,-4.348721986001856,1,-4.2360236867981955
24163,CCC(C)C(OC(=O)*)C(C)O*,CCC(C)C(OC(=O)[*])C(C)O[*],[*]OC(=O)OC(C)C([*])C(C)CC,2.14e-05,-4.669586226650809,3,-4.673377091397985
24164,CC(N*)C(OC(=O)*)C(F)(F)F,CC(N[*])C(OC(=O)[*])C(F)(F)F,[*]NC(=O)OC(C([*])C)C(F)(F)F,4.56e-05,-4.341035157335565,1,-4.544018996718038
24165,CC(C)(CCO*)CCOC(=O)*,CC(C)(CCO[*])CCOC(=O)[*],[*]CCOC(=O)OCCC([*])(C)C,4.65e-05,-4.332547047110047,1,-4.545217965208073
24166,COCC(COC)NCC(CO*)OC(=O)*,COCC(COC)NCC(CO[*])OC(=O)[*],[*]COC(=O)OC([*])CNC(COC)COC,6.15e-05,-4.211124884224583,2,-4.021960331154164
24167,CCOC(=O)CN(C)CC(CO*)OC(=O)*,CCOC(=O)CN(C)CC(CO[*])OC(=O)[*],[*]COC(=O)OC([*])CN(C)CC(=O)OCC,4.73e-05,-4.325138859262188,3,-4.175981707798618
24168,COC(=O)CN(CCO*)CC(C)OC(=O)*,COC(=O)CN(CCO[*])CC(C)OC(=O)[*],[*]CCOC(=O)OC(C)CN([*])CC(=O)OC,0.000107,-3.9706162223147903,2,-4.153901813694958
24169,CC(=O)CCC(=O)NC(CO*)COC(=O)*,CC(=O)CCC(=O)NC(CO[*])COC(=O)[*],[*]COC(=O)OCC([*])NC(=O)CCC(C)=O,8.38e-05,-4.076755981369724,0,-4.381831876467561
24170,CC(CNC(=O)CO*)OC(=O)*,CC(CNC(=O)CO[*])OC(=O)[*],[*]CNC(=O)COC(=O)OC([*])C,5.4e-05,-4.267606240177032,0,-4.267326036575037
24171,COCC(=O)NCC(CN*)OC(=O)*,COCC(=O)NCC(CN[*])OC(=O)[*],[*]CNC(=O)OC([*])CNC(=O)COC,7.8e-05,-4.107905397309519,3,-4.0643589660065516
24172,CC(CC(=O)NCCOC(=O)*)O*,CC(CC(=O)NCCOC(=O)[*])O[*],[*]CC(=O)NCCOC(=O)OC([*])C,0.000109,-3.962573502059376,2,-4.186358184810241
24173,CCC(=O)NCC(CN*)OC(=O)*,CCC(=O)NCC(CN[*])OC(=O)[*],[*]CNC(=O)OC([*])CNC(=O)CC,8.5e-05,-4.070581074285707,2,-4.238009838943377
24174,CNCCCC(=O)NCC(COC(=O)*)O*,CNCCCC(=O)NCC(COC(=O)[*])O[*],[*]COC(=O)OC([*])CNC(=O)CCCNC,9.75e-05,-4.010995384301463,3,-4.112871623993032
24175,CC(C)(OC(=O)*)C(=O)NCCOCCO*,CC(C)(OC(=O)[*])C(=O)NCCOCCO[*],[*]OC(=O)OCCOCCNC(=O)C([*])(C)C,0.000125,-3.903089986991944,0,-3.9983437214677524
24176,CCOC=CC(CNC(=O)*)(O*)C(F)(F)F,CCOC=CC(CNC(=O)[*])(O[*])C(F)(F)F,[*]CNC(=O)OC([*])(C=COCC)C(F)(F)F,4.49e-05,-4.347753658996677,2,-4.545463439044384
24177,NS(=O)(=O)NC(CO*)COC(=O)*,NS(=O)(=O)NC(CO[*])COC(=O)[*],[*]COC(=O)OCC([*])NS(N)(=O)=O,1.86e-05,-4.730487055782084,3,-4.367977475211878
24178,N#CCNCC(CO*)OC(=O)*,N#CCNCC(CO[*])OC(=O)[*],[*]COC(=O)OC([*])CNCC#N,6.34e-05,-4.197910742118268,1,-4.1181616008108595
24179,COC(=O)CC(C)NCC(CO*)OC(=O)*,COC(=O)CC(C)NCC(CO[*])OC(=O)[*],[*]COC(=O)OC([*])CNC(C)CC(=O)OC,5.24e-05,-4.280668713016273,3,-4.26976588066445
24180,O=C(CCS)NCC(COC(=O)*)O*,O=C(CCS)NCC(COC(=O)[*])O[*],[*]COC(=O)OC([*])CNC(=O)CCS,5.57e-05,-4.254144804826272,1,-4.272022782202165
24181,COCC(CCO*)NC(=O)C(C)OC(=O)*,COCC(CCO[*])NC(=O)C(C)OC(=O)[*],[*]CCOC(=O)OC(C)C(=O)NC([*])COC,7.38e-05,-4.131943638176958,3,-4.136273969160481
24182,CC(CNC(=O)C(C)NC(=O)*)N*,CC(CNC(=O)C(C)NC(=O)[*])N[*],[*]CNC(=O)C(C)NC(=O)NC([*])C,3.75e-05,-4.425968732272281,3,-4.363992035780532
24183,O=C(*)NC(CO*)C(=O)NCC(F)(F)F,O=C([*])NC(CO[*])C(=O)NCC(F)(F)F,[*]NC(COC([*])=O)C(=O)NCC(F)(F)F,3.78e-05,-4.422508200162775,3,-4.242109418533644
24184,COC(=O)C(CCOC(=O)*)OCCO*,COC(=O)C(CCOC(=O)[*])OCCO[*],[*]CCOC(=O)OCCOC([*])C(=O)OC,0.000103,-3.987162775294828,0,-4.1367405395233074
24185,CCNC(=O)CNC(CO*)COC(=O)*,CCNC(=O)CNC(CO[*])COC(=O)[*],[*]COC(=O)OCC([*])NCC(=O)NCC,6.57e-05,-4.182434630440219,0,-4.104272172693259
24186,CCC(CNC(=O)COC(=O)*)O*,CCC(CNC(=O)COC(=O)[*])O[*],[*]CNC(=O)COC(=O)OC([*])CC,8.62e-05,-4.064492734175287,3,-4.197996929178779
24187,COCCS(=O)(=O)CC(CO*)OC(=O)*,COCCS(=O)(=O)CC(CO[*])OC(=O)[*],[*]COC(=O)OC([*])CS(=O)(=O)CCOC,3.58e-05,-4.446116973356125,0,-3.9415112716087712
24188,COC(=O)CCNC(CO*)COC(=O)*,COC(=O)CCNC(CO[*])COC(=O)[*],[*]COC(=O)OCC([*])NCCC(=O)OC,6.19e-05,-4.208309350979882,2,-4.178355359467291
24189,CC=CC(CC(C)O*)OC(=O)*,CC=CC(CC(C)O[*])OC(=O)[*],[*]CC(C)OC(=O)OC([*])C=CC,5.93e-05,-4.226945306635737,1,-4.412720392030694
24190,CCN(CC(=O)OC)CC(COC(=O)*)O*,CCN(CC(=O)OC)CC(COC(=O)[*])O[*],[*]COC(=O)OC([*])CN(CC)CC(=O)OC,5.55e-05,-4.255707016877324,2,-4.1297974568459015
24191,C#CC(=O)NCC(CO*)OC(=O)*,C#CC(=O)NCC(CO[*])OC(=O)[*],[*]COC(=O)OC([*])CNC(=O)C#C,6.35e-05,-4.197226274708024,1,-4.1801915156267615
24192,CC(CCOC(=O)*)NC(=O)CN*,CC(CCOC(=O)[*])NC(=O)CN[*],[*]CCOC(=O)NCC(=O)NC([*])C,6.34e-05,-4.197910742118268,3,-4.248273249528722
24193,O=C(*)NCC(F)(F)CNC(=O)CN*,O=C([*])NCC(F)(F)CNC(=O)CN[*],[*]CNC(=O)NCC(F)(F)CNC([*])=O,7.82e-05,-4.106793246940152,1,-4.291846978007932
24194,COCCCC(=O)NC(CO*)COC(=O)*,COCCCC(=O)NC(CO[*])COC(=O)[*],[*]COC(=O)OCC([*])NC(=O)CCCOC,8.46e-05,-4.0726296369609765,0,-4.040928313084353
24195,COCC(NC(=O)*)C(=O)N(C)CCO*,COCC(NC(=O)[*])C(=O)N(C)CCO[*],[*]NC(=O)OCCN(C)C(=O)C([*])COC,5.65e-05,-4.247951552180561,1,-4.269970822462901
24196,CC(C)NC(=O)CNC(CO*)COC(=O)*,CC(C)NC(=O)CNC(CO[*])COC(=O)[*],[*]COC(=O)OCC([*])NCC(=O)NC(C)C,5.72e-05,-4.242603971206976,3,-4.197250485018569
24197,CCNC(=O)CN(C)CC(CO*)OC(=O)*,CCNC(=O)CN(C)CC(CO[*])OC(=O)[*],[*]COC(=O)OC([*])CN(C)CC(=O)NCC,6.92e-05,-4.1598939055432425,1,-4.162267382849943
24198,CC(=O)C(=O)NCC(COC(=O)*)O*,CC(=O)C(=O)NCC(COC(=O)[*])O[*],[*]COC(=O)OC([*])CNC(=O)C(C)=O,2.89e-05,-4.539102157243452,2,-4.276814401438167
24199,CC(C(=O)O)N(C)CC(COC(=O)*)O*,CC(C(=O)O)N(C)CC(COC(=O)[*])O[*],[*]COC(=O)OC([*])CN(C)C(C)C(=O)O,3.64e-05,-4.438898616350944,1,-4.214645272459734
24200,COC(=O)NCC(COC(=O)*)O*,COC(=O)NCC(COC(=O)[*])O[*],[*]COC(=O)OC([*])CNC(=O)OC,5.99e-05,-4.2225731776106885,0,-4.202723116831644
24201,O=C(*)NCCNC(=O)CCO*,O=C([*])NCCNC(=O)CCO[*],[*]CCOC(=O)NCCNC([*])=O,6.6e-05,-4.180456064458132,2,-4.082349011239904
24202,CC(CO*)NC(=O)COC(=O)*,CC(CO[*])NC(=O)COC(=O)[*],[*]COC(=O)OCC(=O)NC([*])C,5.81e-05,-4.235823867609669,1,-4.174207944470153
24203,CC(CN(C)CC(COC(=O)*)O*)C(=O)O,CC(CN(C)CC(COC(=O)[*])O[*])C(=O)O,[*]COC(=O)OC([*])CN(C)CC(C)C(=O)O,4.65e-05,-4.332547047110047,3,-4.281291174025089
24204,CN(CCNC(=O)CCOC(=O)*)CCO*,CN(CCNC(=O)CCOC(=O)[*])CCO[*],[*]CCNC(=O)CCOC(=O)OCCN([*])C,0.000113,-3.946921556516581,0,-3.981893306420466
24205,CCC(=O)NCC(COC(=O)*)O*,CCC(=O)NCC(COC(=O)[*])O[*],[*]COC(=O)OC([*])CNC(=O)CC,0.000121,-3.9172146296835497,1,-4.234859440914687
24206,O=C(O)CC(O*)C(=O)OCCOC(=O)*,O=C(O)CC(O[*])C(=O)OCCOC(=O)[*],[*]OC(=O)OCCOC(=O)C([*])CC(=O)O,3.49e-05,-4.45717457304082,3,-4.352703938216207
24207,O=C(O)CN(CCCO*)CCOC(=O)*,O=C(O)CN(CCCO[*])CCOC(=O)[*],[*]CCCOC(=O)OCCN([*])CC(=O)O,3.24e-05,-4.489454989793388,0,-4.092441267885977
24208,CC(N*)C(=O)NC(COC(=O)*)C(N)=O,CC(N[*])C(=O)NC(COC(=O)[*])C(N)=O,[*]NC(=O)OCC(NC(=O)C([*])C)C(N)=O,7.46e-05,-4.127261172527331,2,-4.10971460778511
24209,CC(CNC(=O)COC(=O)*)CO*,CC(CNC(=O)COC(=O)[*])CO[*],[*]CNC(=O)COC(=O)OCC([*])C,7.17e-05,-4.1444808443322,1,-4.182539803145895
24210,CC(O*)C(=O)NCC(OC(=O)*)C(N)=O,CC(O[*])C(=O)NCC(OC(=O)[*])C(N)=O,[*]OC(=O)OC(CNC(=O)C([*])C)C(N)=O,5.71e-05,-4.243363891754152,2,-4.141568167951497
24211,CCOC(=O)CCNC(CO*)COC(=O)*,CCOC(=O)CCNC(CO[*])COC(=O)[*],[*]COC(=O)OCC([*])NCCC(=O)OCC,5.66e-05,-4.247183568811729,1,-4.221106702533032
24212,COCC(=O)NCC(CO*)OC(=O)*,COCC(=O)NCC(CO[*])OC(=O)[*],[*]COC(=O)OC([*])CNC(=O)COC,0.000111,-3.9546770212133424,2,-4.1333606241406144
24213,CC(CC(=O)NCC(OC(=O)*)C(N)=O)N*,CC(CC(=O)NCC(OC(=O)[*])C(N)=O)N[*],[*]CC(=O)NCC(OC(=O)NC([*])C)C(N)=O,5.75e-05,-4.2403321553103694,1,-4.258734483282059
24214,CC(O*)C(=O)NC(COC(=O)*)C(N)=O,CC(O[*])C(=O)NC(COC(=O)[*])C(N)=O,[*]OC(=O)OCC(NC(=O)C([*])C)C(N)=O,5.07e-05,-4.294992040666664,0,-4.150407105309564
24215,O=C(*)OCC(CNC(=O)C(=O)O)O*,O=C([*])OCC(CNC(=O)C(=O)O)O[*],[*]OCC(CNC(=O)C(=O)O)OC([*])=O,5.87e-05,-4.231361898752385,3,-4.322172208031487
24216,CCC(CO*)(COC(=O)*)NC(=O)COC,CCC(CO[*])(COC(=O)[*])NC(=O)COC,[*]COC(=O)OCC([*])(CC)NC(=O)COC,4.59e-05,-4.338187314462739,3,-4.417849364166067
24217,CC(NC(=O)*)C(=O)NCCNCCO*,CC(NC(=O)[*])C(=O)NCCNCCO[*],[*]NC(=O)OCCNCCNC(=O)C([*])C,7.95e-05,-4.0996328713435295,1,-3.950244946905056
24218,CN(C)CC(C)(CNC(=O)COC(=O)*)O*,CN(C)CC(C)(CNC(=O)COC(=O)[*])O[*],[*]CNC(=O)COC(=O)OC([*])(C)CN(C)C,4.4e-05,-4.356547323513813,2,-4.236493170157729
24219,CN(CCNC(=O)COC(=O)*)CCO*,CN(CCNC(=O)COC(=O)[*])CCO[*],[*]CCNC(=O)COC(=O)OCCN([*])C,0.000165,-3.7825160557860937,3,-3.9362542520260386
24220,CCOC(=O)CNC(=O)C(COC(=O)*)N*,CCOC(=O)CNC(=O)C(COC(=O)[*])N[*],[*]COC(=O)NC([*])C(=O)NCC(=O)OCC,5.83e-05,-4.2343314452409855,1,-4.3033369707891485
24221,CCN(CC(=O)O)CC(COC(=O)*)O*,CCN(CC(=O)O)CC(COC(=O)[*])O[*],[*]COC(=O)OC([*])CN(CC)CC(=O)O,4.48e-05,-4.348721986001856,1,-4.290477412893189
24222,CC(CN(CCO*)C(=O)C(=O)O)OC(=O)*,CC(CN(CCO[*])C(=O)C(=O)O)OC(=O)[*],[*]CN(CCOC(=O)OC([*])C)C(=O)C(=O)O,2.02e-05,-4.694648630553377,3,-4.491597352459719
24223,N#CCC(=O)NC(CO*)COC(=O)*,N#CCC(=O)NC(CO[*])COC(=O)[*],[*]COC(=O)OCC([*])NC(=O)CC#N,7.34e-05,-4.13430394008393,2,-4.28065470197994
24224,CC(CNC(=O)CCNC(=O)*)N*,CC(CNC(=O)CCNC(=O)[*])N[*],[*]CNC(=O)CCNC(=O)NC([*])C,5.4e-05,-4.267606240177032,2,-4.264676129908617
24225,CCS(=O)(=O)N(C)CC(COC(=O)*)O*,CCS(=O)(=O)N(C)CC(COC(=O)[*])O[*],[*]COC(=O)OC([*])CN(C)S(=O)(=O)CC,5.61e-05,-4.251037138743839,3,-4.48913751894564
24226,COCCC(=O)NC(C)(CO*)COC(=O)*,COCCC(=O)NC(C)(CO[*])COC(=O)[*],[*]COC(=O)OCC([*])(C)NC(=O)CCOC,6.94e-05,-4.158640529545145,3,-4.2528235487491095
24227,COCC(NC(=O)*)C(=O)NCCN*,COCC(NC(=O)[*])C(=O)NCCN[*],[*]NC(=O)NCCNC(=O)C([*])COC,3.6e-05,-4.443697499232712,0,-4.168463989460019
24228,CC(NCC(OC(=O)*)C(N)=O)C(C)O*,CC(NCC(OC(=O)[*])C(N)=O)C(C)O[*],[*]NCC(OC(=O)OC(C)C([*])C)C(N)=O,3.77e-05,-4.423658649794207,3,-4.268256273971803
24229,CCCC(CN*)NC(=O)*,CCCC(CN[*])NC(=O)[*],[*]CNC(=O)NC([*])CCC,4.5e-05,-4.346787486224656,2,-4.367063021469778
24230,CC(C)(O*)C(=O)NC(COC(=O)*)C(N)=O,CC(C)(O[*])C(=O)NC(COC(=O)[*])C(N)=O,[*]OC(=O)OCC(NC(=O)C([*])(C)C)C(N)=O,6.43e-05,-4.191789027075778,0,-4.162365998083252
24231,CNC(=O)CSCC(COC(=O)*)O*,CNC(=O)CSCC(COC(=O)[*])O[*],[*]COC(=O)OC([*])CSCC(=O)NC,5.76e-05,-4.239577516576788,2,-4.220067040830134
24232,O=C(O)CC(=O)NCC(COC(=O)*)O*,O=C(O)CC(=O)NCC(COC(=O)[*])O[*],[*]COC(=O)OC([*])CNC(=O)CC(=O)O,5.55e-05,-4.255707016877324,0,-4.225524628712282
24233,CC(CCNC(=O)COC(=O)*)O*,CC(CCNC(=O)COC(=O)[*])O[*],[*]CCNC(=O)COC(=O)OC([*])C,8.07e-05,-4.09312646527793,2,-4.213787890234604
24234,O=C(*)OCCCN(CCO*)C(=O)C(=O)O,O=C([*])OCCCN(CCO[*])C(=O)C(=O)O,[*]OCCCN(CCOC([*])=O)C(=O)C(=O)O,4.02e-05,-4.39577394691553,0,-4.270348541642623
24235,COC(CN*)CC(=O)NCCNC(=O)*,COC(CN[*])CC(=O)NCCNC(=O)[*],[*]CNC(=O)NCCNC(=O)CC([*])OC,5.08e-05,-4.294136287716081,1,-4.166212693504872
24236,COC(C)C(=O)NC(C)(CO*)COC(=O)*,COC(C)C(=O)NC(C)(CO[*])COC(=O)[*],[*]COC(=O)OCC([*])(C)NC(=O)C(C)OC,5.03e-05,-4.298432014944073,3,-4.376228102549498
24237,O=C(*)NCCS(=O)(=O)NCCN*,O=C([*])NCCS(=O)(=O)NCCN[*],[*]NCCNS(=O)(=O)CCNC([*])=O,7.24e-05,-4.140261433802853,2,-4.230132041837017
24238,COCC(N*)C(=O)N(C)CCCOC(=O)*,COCC(N[*])C(=O)N(C)CCCOC(=O)[*],[*]NC(=O)OCCCN(C)C(=O)C([*])COC,4.88e-05,-4.311580177997289,2,-4.1614978286333875
24239,CC(COC(=O)*)CN(CCO*)CC(F)F,CC(COC(=O)[*])CN(CCO[*])CC(F)F,[*]COC(=O)OCCN(CC([*])C)CC(F)F,6.23e-05,-4.205511953340831,0,-4.043169952106379
24240,COCC(CNC(=O)C(C)OC(=O)*)O*,COCC(CNC(=O)C(C)OC(=O)[*])O[*],[*]CNC(=O)C(C)OC(=O)OC([*])COC,0.000158,-3.801342913045578,0,-4.138529079741113
24241,C#CC(=O)NC(CO*)COC(=O)*,C#CC(=O)NC(CO[*])COC(=O)[*],[*]COC(=O)OCC([*])NC(=O)C#C,4.34e-05,-4.36251027048749,0,-4.317639549819597
24242,CC(C(=O)O)C(=O)NCC(COC(=O)*)O*,CC(C(=O)O)C(=O)NCC(COC(=O)[*])O[*],[*]COC(=O)OC([*])CNC(=O)C(C)C(=O)O,5.73e-05,-4.24184537803261,0,-4.327280238462605
24243,CCN(CCNC(=O)COC(=O)*)CCO*,CCN(CCNC(=O)COC(=O)[*])CCO[*],[*]CCNC(=O)COC(=O)OCCN([*])CC,0.000103,-3.987162775294828,1,-4.024371434107844
24244,CC(C)C(NCC(COC(=O)*)O*)C(N)=O,CC(C)C(NCC(COC(=O)[*])O[*])C(N)=O,[*]COC(=O)OC([*])CNC(C(N)=O)C(C)C,6.78e-05,-4.168770306132937,0,-4.279405386425953
24245,CC(CN(CCOC(=O)*)CC(N)=O)O*,CC(CN(CCOC(=O)[*])CC(N)=O)O[*],[*]CN(CCOC(=O)OC([*])C)CC(N)=O,5.15e-05,-4.288192770958809,0,-4.1579675001911856
24246,CCCCOC(=O)C(C)(CO*)COC(=O)*,CCCCOC(=O)C(C)(CO[*])COC(=O)[*],[*]COC(=O)OCC([*])(C)C(=O)OCCCC,2.2e-05,-4.657577319177793,2,-4.696858334579705
24247,CC(CNC(=O)CCO*)OC(=O)*,CC(CNC(=O)CCO[*])OC(=O)[*],[*]CNC(=O)CCOC(=O)OC([*])C,2.6e-05,-4.585026652029182,2,-4.148208283608057
24248,CNC(=O)C(N*)C(C)(C)OC(=O)*,CNC(=O)C(N[*])C(C)(C)OC(=O)[*],[*]NC(=O)OC(C)(C)C([*])C(=O)NC,2.88e-05,-4.540607512240769,0,-4.421105443505278
24249,CC(CO*)(COC(=O)*)C(=O)OCC(N)=O,CC(CO[*])(COC(=O)[*])C(=O)OCC(N)=O,[*]COC(=O)OCC([*])(C)C(=O)OCC(N)=O,4.96e-05,-4.304518323509803,2,-4.297036149761008
24250,CC(COC(=O)*)CSC(C)CO*,CC(COC(=O)[*])CSC(C)CO[*],[*]COC(=O)OCC(C)SCC([*])C,0.000107,-3.9706162223147903,2,-4.246226810747106
24251,COCCNC(=O)NC(CO*)COC(=O)*,COCCNC(=O)NC(CO[*])COC(=O)[*],[*]COC(=O)OCC([*])NC(=O)NCCOC,0.000142,-3.8477116556169433,3,-4.127740210029744
24252,O=C(*)OCC(CO*)NCCF,O=C([*])OCC(CO[*])NCCF,[*]OCC(COC([*])=O)NCCF,7.44e-05,-4.128427064454121,2,-4.156810140796975
24253,COCC(C)(O*)C(=O)NC(C)COC(=O)*,COCC(C)(O[*])C(=O)NC(C)COC(=O)[*],[*]OC(=O)OCC(C)NC(=O)C([*])(C)COC,4.35e-05,-4.361510743045363,3,-4.269240618371533
24254,COC(CN*)C(=O)NC(C)CNC(=O)*,COC(CN[*])C(=O)NC(C)CNC(=O)[*],[*]CNC(=O)NCC(C)NC(=O)C([*])OC,6.44e-05,-4.191114132640188,0,-4.229741364324771
24255,COCC(=O)NC(C)(CO*)COC(=O)*,COCC(=O)NC(C)(CO[*])COC(=O)[*],[*]COC(=O)OCC([*])(C)NC(=O)COC,6.2e-05,-4.207608310501746,3,-4.236125478563168
24256,CN(CC(=O)O)CC(C)(CO*)COC(=O)*,CN(CC(=O)O)CC(C)(CO[*])COC(=O)[*],[*]COC(=O)OCC([*])(C)CN(C)CC(=O)O,3.68e-05,-4.434152181326482,2,-4.587718184925111
24257,C#CCCNCC(CO*)OC(=O)*,C#CCCNCC(CO[*])OC(=O)[*],[*]COC(=O)OC([*])CNCCC#C,5.81e-05,-4.235823867609669,3,-4.149293250542227
24258,CC(C)(OC(=O)*)C(=O)NOCCO*,CC(C)(OC(=O)[*])C(=O)NOCCO[*],[*]OC(=O)OCCONC(=O)C([*])(C)C,4.24e-05,-4.372634143407267,1,-4.21576154153652
24259,CC(N*)C(=O)N(C)CCOCCOC(=O)*,CC(N[*])C(=O)N(C)CCOCCOC(=O)[*],[*]NC(=O)OCCOCCN(C)C(=O)C([*])C,5.57e-05,-4.254144804826272,2,-4.18111976570223
24260,O=C(*)OCC(CNCS(=O)(=O)O)O*,O=C([*])OCC(CNCS(=O)(=O)O)O[*],[*]OCC(CNCS(=O)(=O)O)OC([*])=O,5.31e-05,-4.274905478918531,0,-4.351195277132124
24261,CC(CCN(C)CC(C)OC(=O)*)O*,CC(CCN(C)CC(C)OC(=O)[*])O[*],[*]CCN(C)CC(C)OC(=O)OC([*])C,7.48e-05,-4.126098402135539,3,-4.291563213690304
24262,CC(CN*)(CSCC(N)=O)OC(=O)*,CC(CN[*])(CSCC(N)=O)OC(=O)[*],[*]CNC(=O)OC([*])(C)CSCC(N)=O,7.35e-05,-4.133712660915805,3,-4.144604658291384
24263,COC(=O)CNC(=O)C(CCNC(=O)*)N*,COC(=O)CNC(=O)C(CCNC(=O)[*])N[*],[*]CCNC(=O)NC([*])C(=O)NCC(=O)OC,8.95e-05,-4.048176964684088,1,-4.316052926583897
24264,CCC(CN(C)C(C)(C)COC(=O)*)O*,CCC(CN(C)C(C)(C)COC(=O)[*])O[*],[*]CN(C)C(C)(C)COC(=O)OC([*])CC,2.44e-05,-4.61261017366127,3,-4.4663617980977435
24265,COC(CN*)C(=O)NCCNC(=O)*,COC(CN[*])C(=O)NCCNC(=O)[*],[*]CNC(=O)NCCNC(=O)C([*])OC,3.27e-05,-4.485452247339714,1,-4.1517876955991255
24266,CON(C)C(=O)C(N*)C(C)OC(=O)*,CON(C)C(=O)C(N[*])C(C)OC(=O)[*],[*]NC(=O)OC(C)C([*])C(=O)N(C)OC,2.44e-05,-4.61261017366127,0,-4.237334548328425
24267,COC(C)CNCC(CO*)OC(=O)*,COC(C)CNCC(CO[*])OC(=O)[*],[*]COC(=O)OC([*])CNCC(C)OC,7.37e-05,-4.132532512140949,1,-4.082960811632267
24268,CC(CNC(=O)*)CNC(=O)CN*,CC(CNC(=O)[*])CNC(=O)CN[*],[*]CNC(=O)CNC(=O)NCC([*])C,3.64e-05,-4.438898616350944,2,-4.178942905355581
24269,C=C(COC(=O)*)C(=O)NC(COC)CO*,C=C(COC(=O)[*])C(=O)NC(COC)CO[*],[*]COC(=O)OCC(COC)NC(=O)C([*])=C,8.11e-05,-4.090979145788844,1,-4.248410214033944
24270,COC(CN*)C(=O)NC(C)CCOC(=O)*,COC(CN[*])C(=O)NC(C)CCOC(=O)[*],[*]CNC(=O)OCCC(C)NC(=O)C([*])OC,7.15e-05,-4.145693958198919,3,-4.158509111703619
24271,COC(=O)C(CNC(=O)COC(=O)*)O*,COC(=O)C(CNC(=O)COC(=O)[*])O[*],[*]CNC(=O)COC(=O)OC([*])C(=O)OC,7.23e-05,-4.140861702705469,3,-4.3140456897475765
24272,CCC(CNCC(CNC)OC(=O)*)O*,CCC(CNCC(CNC)OC(=O)[*])O[*],[*]CNCC(CNC)OC(=O)OC([*])CC,6.3e-05,-4.200659450546418,1,-4.1104856417521
24273,CCONC(=O)NC(CO*)COC(=O)*,CCONC(=O)NC(CO[*])COC(=O)[*],[*]COC(=O)OCC([*])NC(=O)NOCC,3.59e-05,-4.444905551421681,1,-4.114418365880745
24274,COC(=O)C(CCO*)OC(=O)*,COC(=O)C(CCO[*])OC(=O)[*],[*]CCOC(=O)OC([*])C(=O)OC,6.29e-05,-4.201349354554731,0,-4.316118956424563
24275,CC(C)NC(=O)C(CO*)NC(=O)*,CC(C)NC(=O)C(CO[*])NC(=O)[*],[*]COC(=O)NC([*])C(=O)NC(C)C,2.96e-05,-4.528708288941061,3,-4.424018979312252
24276,CN(CC(N)=O)CC(CO*)OC(=O)*,CN(CC(N)=O)CC(CO[*])OC(=O)[*],[*]COC(=O)OC([*])CN(C)CC(N)=O,0.000139,-3.856985199745905,0,-4.159914316900372
24277,CCC(OC)C(=O)NC(CO*)COC(=O)*,CCC(OC)C(=O)NC(CO[*])COC(=O)[*],[*]COC(=O)OCC([*])NC(=O)C(CC)OC,6.74e-05,-4.17134010346468,0,-4.262732389782983
24278,COC(=O)C(COC(=O)*)NC(=O)CO*,COC(=O)C(COC(=O)[*])NC(=O)CO[*],[*]COC(=O)OCC(=O)NC([*])C(=O)OC,5.3e-05,-4.275724130399211,3,-4.374913962709101
24279,CC(COC(=O)*)NC(=O)C(C)O*,CC(COC(=O)[*])NC(=O)C(C)O[*],[*]COC(=O)OC(C)C(=O)NC([*])C,6.12e-05,-4.213248577854439,0,-4.344997133445047
24280,COCC(CO*)NCC(COC)OC(=O)*,COCC(CO[*])NCC(COC)OC(=O)[*],[*]COC(=O)OC(CNC([*])COC)COC,6.24e-05,-4.204815410317576,1,-4.001143575416127
24281,C#CC(=O)NC(CO*)C(C)OC(=O)*,C#CC(=O)NC(CO[*])C(C)OC(=O)[*],[*]COC(=O)OC(C)C([*])NC(=O)C#C,6.33e-05,-4.198596289982645,3,-4.389028779535098
24282,CN(CC(N)=O)CC(C)(CO*)COC(=O)*,CN(CC(N)=O)CC(C)(CO[*])COC(=O)[*],[*]COC(=O)OCC([*])(C)CN(C)CC(N)=O,6.95e-05,-4.158015195409886,2,-4.321961708668752
24283,CC(CNC(=O)COCCN*)NC(=O)*,CC(CNC(=O)COCCN[*])NC(=O)[*],[*]CNC(=O)COCCNC(=O)NC([*])C,0.000126,-3.899629454882437,1,-4.17901246617946
24284,CC(CNC(=O)*)(O*)C(F)(F)F,CC(CNC(=O)[*])(O[*])C(F)(F)F,[*]CNC(=O)OC([*])(C)C(F)(F)F,2.46e-05,-4.609064892896621,3,-4.47076142242299
24285,O=C(COC(=O)*)NCC(F)(F)CO*,O=C(COC(=O)[*])NCC(F)(F)CO[*],[*]COC(=O)OCC(F)(F)CNC([*])=O,6.83e-05,-4.165579296318468,0,-4.249537135555733
24286,CC(CO*)N(C)CCCCCOC(=O)*,CC(CO[*])N(C)CCCCCOC(=O)[*],[*]COC(=O)OCCCCCN(C)C([*])C,0.000117,-3.9318141382538383,3,-4.243953136385262
24287,CC(C)(OC(=O)*)C(F)(F)CN*,CC(C)(OC(=O)[*])C(F)(F)CN[*],[*]OC(=O)NCC(F)(F)C([*])(C)C,3.44e-05,-4.46344155742847,1,-4.565794859300155
24288,CNC(=O)C(=O)NCC(CO*)OC(=O)*,CNC(=O)C(=O)NCC(CO[*])OC(=O)[*],[*]COC(=O)OC([*])CNC(=O)C(=O)NC,4.2e-05,-4.376750709602099,1,-4.188627537418105
24289,COCC(NC(=O)*)C(=O)NC(C)CCO*,COCC(NC(=O)[*])C(=O)NC(C)CCO[*],[*]NC(=O)OCCC(C)NC(=O)C([*])COC,4.95e-05,-4.305394801066432,0,-4.2211043369798364
24290,CNC(=O)CCNC(CO*)COC(=O)*,CNC(=O)CCNC(CO[*])COC(=O)[*],[*]COC(=O)OCC([*])NCCC(=O)NC,8.51e-05,-4.070070439915412,1,-4.171902862963816
24291,N#CCCS(=O)(=O)CC(CO*)OC(=O)*,N#CCCS(=O)(=O)CC(CO[*])OC(=O)[*],[*]COC(=O)OC([*])CS(=O)(=O)CCC#N,0.000104,-3.98296666070122,3,-4.157716732419389
24292,CC(C)NCC(=O)NCC(COC(=O)*)O*,CC(C)NCC(=O)NCC(COC(=O)[*])O[*],[*]COC(=O)OC([*])CNC(=O)CNC(C)C,6.02e-05,-4.220403508742176,1,-4.310185470293119
24293,COCC(C)(O*)C(=O)NOCCOC(=O)*,COCC(C)(O[*])C(=O)NOCCOC(=O)[*],[*]OC(=O)OCCONC(=O)C([*])(C)COC,8.87e-05,-4.052076380168273,3,-4.198105348369461
24294,NS(=O)(=O)CCNCC(COC(=O)*)O*,NS(=O)(=O)CCNCC(COC(=O)[*])O[*],[*]COC(=O)OC([*])CNCCS(N)(=O)=O,4.74e-05,-4.324221658325915,2,-4.149721680508846
24295,CC(C)(CO*)C(C)(C)NC(=O)*,CC(C)(CO[*])C(C)(C)NC(=O)[*],[*]COC(=O)NC(C)(C)C([*])(C)C,3.53e-05,-4.452225294612178,1,-4.6510594542294506
24296,CCC(N*)C(OC(=O)*)C(F)(F)F,CCC(N[*])C(OC(=O)[*])C(F)(F)F,[*]NC(=O)OC(C([*])CC)C(F)(F)F,2.28e-05,-4.642065152999546,2,-4.63627848091884
24297,COC(=O)C(CNC(=O)C(C)OC(=O)*)O*,COC(=O)C(CNC(=O)C(C)OC(=O)[*])O[*],[*]CNC(=O)C(C)OC(=O)OC([*])C(=O)OC,4.18e-05,-4.3788237182249645,1,-4.316312521734989
24298,CC(C#N)C(=O)NC(CO*)COC(=O)*,CC(C#N)C(=O)NC(CO[*])COC(=O)[*],[*]COC(=O)OCC([*])NC(=O)C(C)C#N,3.75e-05,-4.425968732272281,0,-4.387778230155128
24299,NC(=O)CCC(=O)NC(CO*)COC(=O)*,NC(=O)CCC(=O)NC(CO[*])COC(=O)[*],[*]COC(=O)OCC([*])NC(=O)CCC(N)=O,8.24e-05,-4.084072788302884,1,-4.329572903788981
24300,CC(C)(CCNC(=O)*)O*,CC(C)(CCNC(=O)[*])O[*],[*]CCNC(=O)OC([*])(C)C,4.3e-05,-4.366531544420414,2,-4.5064497234240255
24301,CCC(O*)OC(CC)OC(=O)*,CCC(O[*])OC(CC)OC(=O)[*],[*]OC(=O)OC(CC)OC([*])CC,7.9e-05,-4.102372908709558,1,-4.030110770871925
24302,COC(=O)C(NC(=O)CNC(=O)*)C(C)O*,COC(=O)C(NC(=O)CNC(=O)[*])C(C)O[*],[*]NC(=O)CNC(=O)OC(C)C([*])C(=O)OC,5.62e-05,-4.250263684430939,1,-4.2975950863179495
24303,O=C(*)OCCC(N*)C(F)(F)F,O=C([*])OCCC(N[*])C(F)(F)F,[*]NC(CCOC([*])=O)C(F)(F)F,3.34e-05,-4.476253533188435,2,-4.317422018071303
24304,CC(CN(C)CCC(C)O*)NC(=O)*,CC(CN(C)CCC(C)O[*])NC(=O)[*],[*]CN(C)CCC(C)OC(=O)NC([*])C,3.66e-05,-4.436518914605589,2,-4.048890806065264
24305,COC(C)(C)C(=O)NCC(COC(=O)*)O*,COC(C)(C)C(=O)NCC(COC(=O)[*])O[*],[*]COC(=O)OC([*])CNC(=O)C(C)(C)OC,8.33e-05,-4.079354998593212,1,-4.317824852316362
24306,CC(OC(=O)*)C(C)(C)N*,CC(OC(=O)[*])C(C)(C)N[*],[*]OC(=O)NC(C)(C)C([*])C,4.37e-05,-4.359518563029578,0,-4.291692103919242
24307,COCC(C)(O*)C(=O)OCCOC(=O)*,COCC(C)(O[*])C(=O)OCCOC(=O)[*],[*]OC(=O)OCCOC(=O)C([*])(C)COC,4.82e-05,-4.31695296176115,0,-4.211482788288951
24308,COC(=O)CN(C)CC(CO*)OC(=O)*,COC(=O)CN(C)CC(CO[*])OC(=O)[*],[*]COC(=O)OC([*])CN(C)CC(=O)OC,7.68e-05,-4.114638779968488,2,-4.177514828921771
24309,C#CCCC(CNC(=O)CO*)OC(=O)*,C#CCCC(CNC(=O)CO[*])OC(=O)[*],[*]CNC(=O)COC(=O)OC([*])CCC#C,7.6e-05,-4.119186407719209,0,-4.162775403454252
24310,COCC(C)(O*)C(=O)NCC(C)OC(=O)*,COCC(C)(O[*])C(=O)NCC(C)OC(=O)[*],[*]OC(=O)OC(C)CNC(=O)C([*])(C)COC,0.0001,-4.0,1,-4.326969086516215
24311,CNC(=O)C(=O)N(CCO*)CCOC(=O)*,CNC(=O)C(=O)N(CCO[*])CCOC(=O)[*],[*]CCOC(=O)OCCN([*])C(=O)C(=O)NC,2.61e-05,-4.583359492661719,1,-4.1816875432611145
24312,COC(=O)CCNC(=O)C(COC(=O)*)N*,COC(=O)CCNC(=O)C(COC(=O)[*])N[*],[*]COC(=O)NC([*])C(=O)NCCC(=O)OC,2.85e-05,-4.54515513999149,3,-4.255275769863655
24313,CC(C)SCCNC(CO*)COC(=O)*,CC(C)SCCNC(CO[*])COC(=O)[*],[*]COC(=O)OCC([*])NCCSC(C)C,5.88e-05,-4.230622673923862,1,-4.129499203472223
24314,CCOC(=O)CC(CNCCOC(=O)*)O*,CCOC(=O)CC(CNCCOC(=O)[*])O[*],[*]CNCCOC(=O)OC([*])CC(=O)OCC,5.23e-05,-4.281498311132726,1,-4.041993428892363
24315,NC(=O)CCSCC(COC(=O)*)O*,NC(=O)CCSCC(COC(=O)[*])O[*],[*]COC(=O)OC([*])CSCCC(N)=O,8.55e-05,-4.068033885271827,3,-4.076200637997119
24316,C#CCN(CC#C)CC(COC(=O)*)O*,C#CCN(CC#C)CC(COC(=O)[*])O[*],[*]COC(=O)OC([*])CN(CC#C)CC#C,0.000129,-3.889410289700751,0,-4.036328663435557
24317,CCC(CNCCC(CC)OC(=O)*)O*,CCC(CNCCC(CC)OC(=O)[*])O[*],[*]CCNCC(CC)OC(=O)OC([*])CC,7.48e-05,-4.126098402135539,1,-4.149974245679968
24318,CC(CC(C)(C)OC(=O)*)N*,CC(CC(C)(C)OC(=O)[*])N[*],[*]CC(C)(C)OC(=O)NC([*])C,2.16e-05,-4.665546248849069,3,-4.464902547220942
24319,COC(CN*)C(=O)NCC(C)NC(=O)*,COC(CN[*])C(=O)NCC(C)NC(=O)[*],[*]CNC(=O)NC(C)CNC(=O)C([*])OC,4.35e-05,-4.361510743045363,3,-4.292314977072172
24320,CN(C)CC(=O)N(C)CC(CO*)OC(=O)*,CN(C)CC(=O)N(C)CC(CO[*])OC(=O)[*],[*]COC(=O)OC([*])CN(C)C(=O)CN(C)C,9.95e-05,-4.002176919254275,2,-4.285166091292967
24321,COC(=O)C(CN(C)CC(C)N*)OC(=O)*,COC(=O)C(CN(C)CC(C)N[*])OC(=O)[*],[*]CN(C)CC(C)NC(=O)OC([*])C(=O)OC,7e-05,-4.154901959985743,3,-4.409131146136512
24322,CC(OC(=O)*)C(=O)NOCCO*,CC(OC(=O)[*])C(=O)NOCCO[*],[*]OC(=O)OCCONC(=O)C([*])C,5.83e-05,-4.2343314452409855,0,-4.227360050049518
24323,CCC(CCCOC(=O)*)O*,CCC(CCCOC(=O)[*])O[*],[*]CCCOC(=O)OC([*])CC,5.09e-05,-4.293282217663242,3,-4.363683735177478
24324,CC(C)C(OC(=O)*)C(C)O*,CC(C)C(OC(=O)[*])C(C)O[*],[*]OC(=O)OC(C)C([*])C(C)C,3.15e-05,-4.501689446210399,2,-4.61992404039874
24325,CC(C)(CNC(=O)CN*)NC(=O)*,CC(C)(CNC(=O)CN[*])NC(=O)[*],[*]CNC(=O)CNC(=O)NC([*])(C)C,3.83e-05,-4.416801226031377,3,-4.318623093237701
24326,CC(CCN(C)C(C)C(C)OC(=O)*)O*,CC(CCN(C)C(C)C(C)OC(=O)[*])O[*],[*]CCN(C)C(C)C(C)OC(=O)OC([*])C,3.72e-05,-4.429457060118103,2,-4.449623352699253
24327,CC(C)(C)CC(CN*)NC(=O)*,CC(C)(C)CC(CN[*])NC(=O)[*],[*]CNC(=O)NC([*])CC(C)(C)C,3.57e-05,-4.447331783887806,3,-4.468443478072474
24328,CC(CCCCOC(=O)*)N*,CC(CCCCOC(=O)[*])N[*],[*]CCCCOC(=O)NC([*])C,4.7e-05,-4.327902142064283,1,-4.201887987985946
24329,CCC(C)CC(CO*)NC(=O)*,CCC(C)CC(CO[*])NC(=O)[*],[*]COC(=O)NC([*])CC(C)CC,1.96e-05,-4.707743928643524,2,-4.4401357150920155
24330,CC(CCCOC(=O)*)CN*,CC(CCCOC(=O)[*])CN[*],[*]CCCOC(=O)NCC([*])C,5.62e-05,-4.250263684430939,1,-4.308216665579339
24331,CCC(CNCC(OC(=O)*)C(=O)OC)O*,CCC(CNCC(OC(=O)[*])C(=O)OC)O[*],[*]CNCC(OC(=O)OC([*])CC)C(=O)OC,3.6e-05,-4.443697499232712,1,-4.320916728541727
24332,CC(CCCN*)NC(=O)*,CC(CCCN[*])NC(=O)[*],[*]CCCNC(=O)NC([*])C,7.63e-05,-4.117475462045119,0,-4.225403894015983
24333,COC(=O)CCCNCC(COC(=O)*)O*,COC(=O)CCCNCC(COC(=O)[*])O[*],[*]COC(=O)OC([*])CNCCCC(=O)OC,7.03e-05,-4.153044674980176,0,-4.1094791037933485
24334,COCCOC(=O)NC(CO*)COC(=O)*,COCCOC(=O)NC(CO[*])COC(=O)[*],[*]COC(=O)OCC([*])NC(=O)OCCOC,8.76e-05,-4.057495893831919,0,-4.041667162910674
24335,CSCC(CCOC(=O)*)N*,CSCC(CCOC(=O)[*])N[*],[*]CCOC(=O)NC([*])CSC,2.63e-05,-4.580044251510242,2,-4.320992120003663
24336,O=C(*)NCC(O*)C(F)(F)C(F)(F)F,O=C([*])NCC(O[*])C(F)(F)C(F)(F)F,[*]NCC(OC([*])=O)C(F)(F)C(F)(F)F,4.7e-05,-4.327902142064283,0,-4.4857787047120095
24337,CSC(COC(=O)*)C(C)NCC(C)O*,CSC(COC(=O)[*])C(C)NCC(C)O[*],[*]COC(=O)OC(C)CNC(C)C([*])SC,4.27e-05,-4.369572124974976,0,-4.4782674777581395
24338,CC(C)N(CC(N)=O)CC(COC(=O)*)O*,CC(C)N(CC(N)=O)CC(COC(=O)[*])O[*],[*]COC(=O)OC([*])CN(CC(N)=O)C(C)C,7.93e-05,-4.100726812682396,3,-4.113534698546478
24339,CNCC(CNCC(C)O*)OC(=O)*,CNCC(CNCC(C)O[*])OC(=O)[*],[*]CNCC(C)OC(=O)OC([*])CNC,0.000106,-3.9746941347352296,1,-4.15084721738617
24340,CCNCCN(CCN*)CCNC(=O)*,CCNCCN(CCN[*])CCNC(=O)[*],[*]CCNC(=O)NCCN([*])CCNCC,0.0001,-4.0,2,-3.9133427022379577
24341,CC(COC(=O)*)SCCO*,CC(COC(=O)[*])SCCO[*],[*]COC(=O)OCCSC([*])C,0.000185,-3.7328282715969854,3,-3.966229707072308
24342,N#CCCNCC(CO*)OC(=O)*,N#CCCNCC(CO[*])OC(=O)[*],[*]COC(=O)OC([*])CNCCC#N,8.72e-05,-4.059483515067432,3,-4.151868378594439
24343,CCCC(CNC(C)COC(=O)*)O*,CCCC(CNC(C)COC(=O)[*])O[*],[*]CNC(C)COC(=O)OC([*])CCC,9.16e-05,-4.03810452633215,0,-4.216813471842802
24344,CCCOCC(=O)NC(CO*)COC(=O)*,CCCOCC(=O)NC(CO[*])COC(=O)[*],[*]COC(=O)OCC([*])NC(=O)COCCC,6.74e-05,-4.17134010346468,3,-4.205680389599156
24345,C#CC(=O)N(C)CC(COC(=O)*)O*,C#CC(=O)N(C)CC(COC(=O)[*])O[*],[*]COC(=O)OC([*])CN(C)C(=O)C#C,3.79e-05,-4.421360790031928,0,-4.261239627636216
24346,CC(CCN*)NC(=O)CNC(=O)*,CC(CCN[*])NC(=O)CNC(=O)[*],[*]CCNC(=O)NCC(=O)NC([*])C,6.45e-05,-4.1904402853647325,3,-4.20053215562207
24347,C=CC(O*)C(=O)NCC#CCOC(=O)*,C=CC(O[*])C(=O)NCC#CCOC(=O)[*],[*]OC(=O)OCC#CCNC(=O)C([*])C=C,3.69e-05,-4.432973633840939,0,-4.292868760438702
24348,C=CCNC(=O)C(COC(=O)*)N*,C=CCNC(=O)C(COC(=O)[*])N[*],[*]COC(=O)NC([*])C(=O)NCC=C,5.56e-05,-4.254925208417943,2,-4.391786657943728
24349,CCC(CCOC(=O)*)N*,CCC(CCOC(=O)[*])N[*],[*]CCOC(=O)NC([*])CC,2.97e-05,-4.527243550682788,0,-4.38155917800127
24350,CC(C)(C)OC(=O)C(C)(CN*)OC(=O)*,CC(C)(C)OC(=O)C(C)(CN[*])OC(=O)[*],[*]CNC(=O)OC([*])(C)C(=O)OC(C)(C)C,4.35e-05,-4.361510743045363,3,-4.49129332761175
24351,CSCC(C)(CNC(=O)*)O*,CSCC(C)(CNC(=O)[*])O[*],[*]CNC(=O)OC([*])(C)CSC,4.57e-05,-4.34008379993015,1,-4.330677475311264
24352,CCC(CCN*)OC(=O)*,CCC(CCN[*])OC(=O)[*],[*]CCNC(=O)OC([*])CC,4.12e-05,-4.3851027839668655,3,-4.245632585517913
24353,CC(CO*)CN(C)CCCCCOC(=O)*,CC(CO[*])CN(C)CCCCCOC(=O)[*],[*]COC(=O)OCCCCCN(C)CC([*])C,8.14e-05,-4.089375595110798,1,-3.993071238712777
24354,COC(=O)C(CNCC(C)(C)O*)OC(=O)*,COC(=O)C(CNCC(C)(C)O[*])OC(=O)[*],[*]CNCC(C)(C)OC(=O)OC([*])C(=O)OC,4.85e-05,-4.314258261397736,2,-4.410598404656759
24355,CC(CCCCOC(=O)*)NCCCO*,CC(CCCCOC(=O)[*])NCCCO[*],[*]CCCCOC(=O)OCCCNC([*])C,7.32e-05,-4.135488918941608,0,-4.068504698483905
24356,CCC(CCNC(=O)CCCNC(=O)*)O*,CCC(CCNC(=O)CCCNC(=O)[*])O[*],[*]CCNC(=O)CCCNC(=O)OC([*])CC,4.18e-05,-4.3788237182249645,1,-4.206357441101221
24357,CC(C)(C)OC(=O)C(CCCNC(=O)*)N*,CC(C)(C)OC(=O)C(CCCNC(=O)[*])N[*],[*]CCCNC(=O)NC([*])C(=O)OC(C)(C)C,3.2e-05,-4.494850021680094,3,-4.365238313095496
24358,CC(C)(CNC(=O)*)NC(=O)CN*,CC(C)(CNC(=O)[*])NC(=O)CN[*],[*]CNC(=O)NCC(=O)NC([*])(C)C,6.85e-05,-4.164309428507575,0,-4.281003150011854
24359,CCCCC(CCCC)(CO*)COC(=O)*,CCCCC(CCCC)(CO[*])COC(=O)[*],[*]COC(=O)OCC([*])(CCCC)CCCC,2.19e-05,-4.6595558851598815,0,-4.7234745684752575
24360,N#CCCNC(=O)NC(CO*)COC(=O)*,N#CCCNC(=O)NC(CO[*])COC(=O)[*],[*]COC(=O)OCC([*])NC(=O)NCCC#N,5.54e-05,-4.2564902352715706,1,-4.222936989058842
24361,CC(CCCNCC(C)OC(=O)*)O*,CC(CCCNCC(C)OC(=O)[*])O[*],[*]CCCNCC(C)OC(=O)OC([*])C,5.87e-05,-4.231361898752385,0,-4.17664499161085
24362,CC(CNC(C)(C)C(C)(C)OC(=O)*)O*,CC(CNC(C)(C)C(C)(C)OC(=O)[*])O[*],[*]CNC(C)(C)C(C)(C)OC(=O)OC([*])C,3.04e-05,-4.517126416391246,3,-4.420016935874238
24363,CC(C)C(NC(=O)*)C(N*)C(F)(F)F,CC(C)C(NC(=O)[*])C(N[*])C(F)(F)F,[*]NC(=O)NC(C([*])C(C)C)C(F)(F)F,5.89e-05,-4.229884705212898,1,-4.523300442525173
24364,CCC(C)(CO*)NC(=O)*,CCC(C)(CO[*])NC(=O)[*],[*]COC(=O)NC([*])(C)CC,3.7e-05,-4.431798275933005,0,-4.590083334157864
24365,C#CCNCC(COC(=O)*)O*,C#CCNCC(COC(=O)[*])O[*],[*]COC(=O)OC([*])CNCC#C,5.67e-05,-4.246416941107094,0,-4.118054078876909
24366,CC(C(=O)NC(CO*)COC(=O)*)N(C)C,CC(C(=O)NC(CO[*])COC(=O)[*])N(C)C,[*]COC(=O)OCC([*])NC(=O)C(C)N(C)C,4.31e-05,-4.3655227298392685,0,-4.418733041021968
24367,COCC(CNC(=O)C(C)(C)O*)OC(=O)*,COCC(CNC(=O)C(C)(C)O[*])OC(=O)[*],[*]CNC(=O)C(C)(C)OC(=O)OC([*])COC,5.16e-05,-4.287350298372789,1,-4.156939666132858
24368,CCC(CN(C)CCCNC(=O)*)O*,CCC(CN(C)CCCNC(=O)[*])O[*],[*]CN(C)CCCNC(=O)OC([*])CC,2.56e-05,-4.591760034688151,2,-4.186397533004038
24369,CC(CN*)NC(=O)COCCNC(=O)*,CC(CN[*])NC(=O)COCCNC(=O)[*],[*]CNC(=O)NCCOCC(=O)NC([*])C,9.57e-05,-4.019088062223156,0,-3.9714756799431923
24370,CC(C)(CO*)NC(C)(C)COC(=O)*,CC(C)(CO[*])NC(C)(C)COC(=O)[*],[*]COC(=O)OCC(C)(C)NC([*])(C)C,3.13e-05,-4.504455662453552,1,-4.437390954916078
24371,CC(C)(CNC(=O)CO*)OC(=O)*,CC(C)(CNC(=O)CO[*])OC(=O)[*],[*]CNC(=O)COC(=O)OC([*])(C)C,4.87e-05,-4.3124710387853655,1,-4.310089058291583
24372,CC(CN(C)C(=O)CO*)OC(=O)*,CC(CN(C)C(=O)CO[*])OC(=O)[*],[*]CN(C)C(=O)COC(=O)OC([*])C,3.96e-05,-4.402304814074488,1,-4.335361682477264
24373,CC(CNC(CCO*)C(C)C)OC(=O)*,CC(CNC(CCO[*])C(C)C)OC(=O)[*],[*]CNC(CCOC(=O)OC([*])C)C(C)C,4.81e-05,-4.317854923626168,1,-4.328254035983247
24374,CC(CO*)C(C)(C)OC(=O)*,CC(CO[*])C(C)(C)OC(=O)[*],[*]COC(=O)OC(C)(C)C([*])C,2.22e-05,-4.653647025549361,2,-4.56922442607927
24375,COCC(C)(COC(=O)*)NC(=O)C(C)O*,COCC(C)(COC(=O)[*])NC(=O)C(C)O[*],[*]COC(=O)OC(C)C(=O)NC([*])(C)COC,3.33e-05,-4.47755576649368,3,-4.305852694114991
24376,COCCC(CO*)NC(=O)C(C)OC(=O)*,COCCC(CO[*])NC(=O)C(C)OC(=O)[*],[*]COC(=O)OC(C)C(=O)NC([*])CCOC,5.87e-05,-4.231361898752385,0,-4.129807958627611
24377,C#CC(=O)NC(CC)(CO*)COC(=O)*,C#CC(=O)NC(CC)(CO[*])COC(=O)[*],[*]COC(=O)OCC([*])(CC)NC(=O)C#C,2.38e-05,-4.623423042943488,1,-4.393867070517595
24378,CC(C)(CO*)NCC(C)(C)NC(=O)*,CC(C)(CO[*])NCC(C)(C)NC(=O)[*],[*]COC(=O)NC(C)(C)CNC([*])(C)C,3.02e-05,-4.519993057042849,2,-4.296110015559655
24379,CC(C#N)C(=O)NCC(COC(=O)*)O*,CC(C#N)C(=O)NCC(COC(=O)[*])O[*],[*]COC(=O)OC([*])CNC(=O)C(C)C#N,6.49e-05,-4.187755303199631,3,-4.233886594753411
24380,C#CC(=O)NCC(C)(CO*)COC(=O)*,C#CC(=O)NCC(C)(CO[*])COC(=O)[*],[*]COC(=O)OCC([*])(C)CNC(=O)C#C,3.58e-05,-4.446116973356125,0,-4.492082896297511
24381,CC(COC(=O)*)S(=O)(=O)CCO*,CC(COC(=O)[*])S(=O)(=O)CCO[*],[*]COC(=O)OCCS(=O)(=O)C([*])C,5.32e-05,-4.274088367704952,0,-4.211965746037143
24382,CC(C#N)NCC(CO*)OC(=O)*,CC(C#N)NCC(CO[*])OC(=O)[*],[*]COC(=O)OC([*])CNC(C)C#N,9.64e-05,-4.015922966097169,1,-4.161082173845654
24383,O=C(*)OC(CCN*)C(F)(F)F,O=C([*])OC(CCN[*])C(F)(F)F,[*]NCCC(OC([*])=O)C(F)(F)F,6.5e-05,-4.187086643357144,0,-4.457921602488523
24384,CC(C)=C(O)C(CO*)OC(=O)*,CC(C)=C(O)C(CO[*])OC(=O)[*],[*]COC(=O)OC([*])C(O)=C(C)C,4.34e-05,-4.36251027048749,2,-4.419388165719857
24385,CN(CC(CO*)OC(=O)*)C(=O)CC#N,CN(CC(CO[*])OC(=O)[*])C(=O)CC#N,[*]COC(=O)OC([*])CN(C)C(=O)CC#N,3.36e-05,-4.473660722610156,1,-4.192351157766148
24386,CC(C)CC(CN*)COC(=O)*,CC(C)CC(CN[*])COC(=O)[*],[*]CNC(=O)OCC([*])CC(C)C,2.56e-05,-4.591760034688151,1,-4.559541914305278
24387,CN(CC(=O)N(C)C)CC(COC(=O)*)O*,CN(CC(=O)N(C)C)CC(COC(=O)[*])O[*],[*]COC(=O)OC([*])CN(C)CC(=O)N(C)C,0.000133,-3.876148359032914,0,-4.275469415548427
24388,CC(C)CC(CO*)(COC(=O)*)CC(C)C,CC(C)CC(CO[*])(COC(=O)[*])CC(C)C,[*]COC(=O)OCC([*])(CC(C)C)CC(C)C,1.36e-05,-4.866461091629782,1,-4.758615303520783
24389,CCCCC(N*)C(C)OC(=O)*,CCCCC(N[*])C(C)OC(=O)[*],[*]NC(=O)OC(C)C([*])CCCC,2.65e-05,-4.576754126063192,1,-4.522711673859048
24390,COCC(N*)C(=O)NCCCCNC(=O)*,COCC(N[*])C(=O)NCCCCNC(=O)[*],[*]NC(=O)NCCCCNC(=O)C([*])COC,6.17e-05,-4.209714835966758,1,-4.149246313266704
24391,COCC(CO*)NCC(C)OC(=O)*,COCC(CO[*])NCC(C)OC(=O)[*],[*]COC(=O)OC(C)CNC([*])COC,3.47e-05,-4.459670525209126,1,-4.1097720692192246
24392,CC=CCC(CO*)NC(=O)*,CC=CCC(CO[*])NC(=O)[*],[*]COC(=O)NC([*])CC=CC,2.67e-05,-4.573488738635425,0,-4.286156808797612
24393,CCC(CC)(CCO*)NC(=O)COC(=O)*,CCC(CC)(CCO[*])NC(=O)COC(=O)[*],[*]CCOC(=O)OCC(=O)NC([*])(CC)CC,4.7e-05,-4.327902142064283,1,-4.543667147512739
24394,CC(C)(C)CC(CN*)OC(=O)*,CC(C)(C)CC(CN[*])OC(=O)[*],[*]CNC(=O)OC([*])CC(C)(C)C,2.26e-05,-4.645891560852599,1,-4.484794081043735
24395,CCCN(CCO*)CCC(C)OC(=O)*,CCCN(CCO[*])CCC(C)OC(=O)[*],[*]CCOC(=O)OC(C)CCN([*])CCC,7.92e-05,-4.101274818410507,0,-4.273806804831066
24396,CC(C)=C(CCO*)COC(=O)*,CC(C)=C(CCO[*])COC(=O)[*],[*]CCOC(=O)OCC([*])=C(C)C,2.53e-05,-4.596879478824183,2,-4.357637112629569
24397,CC(CSC(C)C(C)O*)OC(=O)*,CC(CSC(C)C(C)O[*])OC(=O)[*],[*]CSC(C)C(C)OC(=O)OC([*])C,8.95e-05,-4.048176964684088,1,-4.44376847332281
24398,CC(CCNC(COC(=O)*)C(C)C)O*,CC(CCNC(COC(=O)[*])C(C)C)O[*],[*]CCNC(COC(=O)OC([*])C)C(C)C,4e-05,-4.3979400086720375,3,-4.33032682606949
24399,CCN(C)C(=O)C(COC(=O)*)N*,CCN(C)C(=O)C(COC(=O)[*])N[*],[*]COC(=O)NC([*])C(=O)N(C)CC,3.54e-05,-4.450996737974212,2,-4.445681427082297
24400,CCC(NC(=O)*)C(C)(C)O*,CCC(NC(=O)[*])C(C)(C)O[*],[*]NC(=O)OC(C)(C)C([*])CC,1.76e-05,-4.7544873321858505,1,-4.464939798942936
24401,CC(CCSCCO*)OC(=O)*,CC(CCSCCO[*])OC(=O)[*],[*]CCSCCOC(=O)OC([*])C,9.89e-05,-4.004803708402821,3,-3.986593186704793
24402,O=C(*)OCCC=CCCO*,O=C([*])OCCC=CCCO[*],[*]OCCC=CCCOC([*])=O,0.000122,-3.913640169325252,2,-4.033464693336932
24403,CC(C)C(C)(CN*)OC(=O)*,CC(C)C(C)(CN[*])OC(=O)[*],[*]CNC(=O)OC([*])(C)C(C)C,3.48e-05,-4.458420756053419,2,-4.6845232379845925
24404,CC(C)C(C)(COC(=O)*)N*,CC(C)C(C)(COC(=O)[*])N[*],[*]COC(=O)NC([*])(C)C(C)C,3.2e-05,-4.494850021680094,3,-4.594421527857968
24405,CC(C)(CCCO*)OC(=O)*,CC(C)(CCCO[*])OC(=O)[*],[*]CCCOC(=O)OC([*])(C)C,2.57e-05,-4.590066876668706,3,-4.55315178484213
24406,CC(CCN(C)CC(O*)C(C)C)OC(=O)*,CC(CCN(C)CC(O[*])C(C)C)OC(=O)[*],[*]CCN(C)CC(OC(=O)OC([*])C)C(C)C,2.83e-05,-4.548213564475709,0,-4.373874403146566
24407,COC(=O)C(CNCC(C)COC(=O)*)O*,COC(=O)C(CNCC(C)COC(=O)[*])O[*],[*]CNCC(C)COC(=O)OC([*])C(=O)OC,3.89e-05,-4.410050398674293,0,-4.224904305598315
24408,CC(C)C(NC(=O)*)C(C)(C)O*,CC(C)C(NC(=O)[*])C(C)(C)O[*],[*]NC(=O)OC(C)(C)C([*])C(C)C,2.38e-05,-4.623423042943488,1,-4.552754324931819
24409,CCCC(N*)C(C)(C)OC(=O)*,CCCC(N[*])C(C)(C)OC(=O)[*],[*]NC(=O)OC(C)(C)C([*])CCC,4.11e-05,-4.386158178123931,0,-4.685706359497406
24410,CSCCCN(C)CC(CO*)OC(=O)*,CSCCCN(C)CC(CO[*])OC(=O)[*],[*]COC(=O)OC([*])CN(C)CCCSC,6.34e-05,-4.197910742118268,3,-4.103089980709647
24411,C=CC(CO*)NC(=O)COC(=O)*,C=CC(CO[*])NC(=O)COC(=O)[*],[*]COC(=O)OCC(=O)NC([*])C=C,5.34e-05,-4.272458742971444,3,-4.182105959489454
24412,CC(C)C(CNC(C)(C)CO*)OC(=O)*,CC(C)C(CNC(C)(C)CO[*])OC(=O)[*],[*]CNC(C)(C)COC(=O)OC([*])C(C)C,3.77e-05,-4.423658649794207,3,-4.517027934440198
24413,CC(COC(=O)*)SCCCO*,CC(COC(=O)[*])SCCCO[*],[*]COC(=O)OCCCSC([*])C,0.000102,-3.9913998282380825,2,-4.024493141539246
24414,CSCCC(C)(CNC(=O)*)O*,CSCCC(C)(CNC(=O)[*])O[*],[*]CNC(=O)OC([*])(C)CCSC,1.69e-05,-4.772113295386326,3,-4.292576000904035
24415,CC(C)N(CC(F)F)CC(CO*)OC(=O)*,CC(C)N(CC(F)F)CC(CO[*])OC(=O)[*],[*]COC(=O)OC([*])CN(CC(F)F)C(C)C,3.69e-05,-4.432973633840939,2,-4.246878364047252
24416,CC(C)(CCCN*)OC(=O)*,CC(C)(CCCN[*])OC(=O)[*],[*]CCCNC(=O)OC([*])(C)C,3.85e-05,-4.414539270491499,1,-4.486926683506808
24417,C=CC(OC(=O)*)C(=O)NCC(COC)O*,C=CC(OC(=O)[*])C(=O)NCC(COC)O[*],[*]OC(=O)OC(CNC(=O)C([*])C=C)COC,8.91e-05,-4.050122295963125,1,-4.159283318339964
24418,CCCC(CNCC(C)O*)OC(=O)*,CCCC(CNCC(C)O[*])OC(=O)[*],[*]CNCC(C)OC(=O)OC([*])CCC,9.24e-05,-4.0343280287798935,1,-4.239641769622546
24419,CSCCC(C)NCC(COC(=O)*)O*,CSCCC(C)NCC(COC(=O)[*])O[*],[*]COC(=O)OC([*])CNC(C)CCSC,7.05e-05,-4.151810883008602,0,-4.217797443688746
24420,CC(CN(C)CC(C)(C)N*)OC(=O)*,CC(CN(C)CC(C)(C)N[*])OC(=O)[*],[*]CN(C)CC(C)(C)NC(=O)OC([*])C,6.47e-05,-4.189095719331299,3,-4.274174940615045
24421,CCC(C)(CN*)COC(=O)*,CCC(C)(CN[*])COC(=O)[*],[*]CNC(=O)OCC([*])(C)CC,1.57e-05,-4.804100347590766,3,-4.435963236866772
24422,CC(C)(CCN*)NC(=O)*,CC(C)(CCN[*])NC(=O)[*],[*]CCNC(=O)NC([*])(C)C,4.13e-05,-4.384049948343599,2,-4.398273354638764
24423,CC(C)CCC(COC(=O)*)N*,CC(C)CCC(COC(=O)[*])N[*],[*]COC(=O)NC([*])CCC(C)C,6.25e-05,-4.204119982655925,1,-4.265853611519342
24424,CC(C)(NC(=O)*)C(C)(C)O*,CC(C)(NC(=O)[*])C(C)(C)O[*],[*]NC(=O)OC(C)(C)C([*])(C)C,2.67e-05,-4.573488738635425,2,-4.522242664447252
24425,CSCCCSCC(COC(=O)*)O*,CSCCCSCC(COC(=O)[*])O[*],[*]COC(=O)OC([*])CSCCCSC,0.000111,-3.9546770212133424,1,-4.139429722599468
24426,CC(C)CC(CNC(=O)*)N*,CC(C)CC(CNC(=O)[*])N[*],[*]CNC(=O)NC([*])CC(C)C,7.91e-05,-4.101823516502323,0,-4.360311658264995
24427,CC(C)C(CCNC(=O)*)O*,CC(C)C(CCNC(=O)[*])O[*],[*]CCNC(=O)OC([*])C(C)C,2.02e-05,-4.694648630553377,3,-4.505076202235083
24428,CC(C)CN(C)CC(C)(CO*)COC(=O)*,CC(C)CN(C)CC(C)(CO[*])COC(=O)[*],[*]COC(=O)OCC([*])(C)CN(C)CC(C)C,1.92e-05,-4.716698771296451,0,-4.40479859631667
24429,O=C(*)NCCCCCCCCCCN*,O=C([*])NCCCCCCCCCCN[*],[*]NCCCCCCCCCCNC([*])=O,7.65e-05,-4.116338564846382,3,-4.094526035326367
24430,C=C(C)CNC(=O)C(CCCCN*)NC(=O)*,C=C(C)CNC(=O)C(CCCCN[*])NC(=O)[*],[*]CCCCNC(=O)NC([*])C(=O)NCC(=C)C,9.25e-05,-4.033858267260968,3,-4.341948188010041
24431,CC(CO*)SCC(C)(C)OC(=O)*,CC(CO[*])SCC(C)(C)OC(=O)[*],[*]COC(=O)OC(C)(C)CSC([*])C,3.53e-05,-4.452225294612178,3,-4.196164332229386
24432,O=C(*)OCCN(CCCCCF)CCO*,O=C([*])OCCN(CCCCCF)CCO[*],[*]OCCN(CCCCCF)CCOC([*])=O,0.000137,-3.863279432843593,0,-3.933048868251547
24433,CCC(CC)CN(CCO*)CCOC(=O)*,CCC(CC)CN(CCO[*])CCOC(=O)[*],[*]CCOC(=O)OCCN([*])CC(CC)CC,4.41e-05,-4.355561410532162,0,-4.305632279019652
24434,CC(C)CC(C)(CO*)NC(=O)*,CC(C)CC(C)(CO[*])NC(=O)[*],[*]COC(=O)NC([*])(C)CC(C)C,3.19e-05,-4.496209316942819,1,-4.594702084451818
24435,CN(CCC(C)(C)O*)C(C)(C)COC(=O)*,CN(CCC(C)(C)O[*])C(C)(C)COC(=O)[*],[*]CCC(C)(C)OC(=O)OCC(C)(C)N([*])C,3.26e-05,-4.486782399932061,1,-4.540310656490486
24436,CC(CCN(C)CCCCCO*)OC(=O)*,CC(CCN(C)CCCCCO[*])OC(=O)[*],[*]CCN(C)CCCCCOC(=O)OC([*])C,0.000111,-3.9546770212133424,2,-4.015035593779129
24437,CCOCC(CNCC#CCOC(=O)*)O*,CCOCC(CNCC#CCOC(=O)[*])O[*],[*]CNCC#CCOC(=O)OC([*])COCC,5.41e-05,-4.266802734893431,1,-4.081277334960491
24438,CC(C)(C)CN(CCCO*)CCOC(=O)*,CC(C)(C)CN(CCCO[*])CCOC(=O)[*],[*]CCCOC(=O)OCCN([*])CC(C)(C)C,3.42e-05,-4.465973893943865,2,-4.230269257488813
24439,CC(CNCC(C)(OC(=O)*)C(C)C)O*,CC(CNCC(C)(OC(=O)[*])C(C)C)O[*],[*]CNCC(C)(OC(=O)OC([*])C)C(C)C,4.87e-05,-4.3124710387853655,3,-4.3826361342366384
24440,CCCCC(C)(COC(=O)*)N*,CCCCC(C)(COC(=O)[*])N[*],[*]COC(=O)NC([*])(C)CCCC,3.3e-05,-4.481486060122113,3,-4.389223369181873
24441,CCC(CCNC(C)C(C)OC(=O)*)O*,CCC(CCNC(C)C(C)OC(=O)[*])O[*],[*]CCNC(C)C(C)OC(=O)OC([*])CC,6.15e-05,-4.211124884224583,2,-4.284050773740482
24442,CCN(CCCO*)CC(OC(=O)*)C(C)C,CCN(CCCO[*])CC(OC(=O)[*])C(C)C,[*]CCCOC(=O)OC(CN([*])CC)C(C)C,4.73e-05,-4.325138859262188,2,-4.239489532076402
24443,CC(CO*)CC(C)(C)NC(=O)*,CC(CO[*])CC(C)(C)NC(=O)[*],[*]COC(=O)NC(C)(C)CC([*])C,1.65e-05,-4.782516055786093,2,-4.510840894612811
24444,CCCC(C)(COC(=O)*)N*,CCCC(C)(COC(=O)[*])N[*],[*]COC(=O)NC([*])(C)CCC,3.14e-05,-4.503070351926785,0,-4.470535457164291
24445,CC(CCN(C)CCC(C)(C)O*)OC(=O)*,CC(CCN(C)CCC(C)(C)O[*])OC(=O)[*],[*]CCN(C)CCC(C)(C)OC(=O)OC([*])C,4.34e-05,-4.36251027048749,3,-4.341830943161782
24446,C#CCN(C)CC(COC(=O)*)O*,C#CCN(C)CC(COC(=O)[*])O[*],[*]COC(=O)OC([*])CN(C)CC#C,6.27e-05,-4.202732459169283,2,-4.06541865217391
24447,CCC(CN(C)C(C)COC(=O)*)O*,CCC(CN(C)C(C)COC(=O)[*])O[*],[*]CN(C)C(C)COC(=O)OC([*])CC,5.57e-05,-4.254144804826272,0,-4.279168424968264
24448,O=C(*)NCCCCCCCO*,O=C([*])NCCCCCCCO[*],[*]NCCCCCCCOC([*])=O,0.000103,-3.987162775294828,3,-4.031716822114618
24449,CCC(C)(CNC(=O)*)N*,CCC(C)(CNC(=O)[*])N[*],[*]CNC(=O)NC([*])(C)CC,3.48e-05,-4.458420756053419,2,-4.465666443584043
24450,CC(C)C(CSCCOC(=O)*)O*,CC(C)C(CSCCOC(=O)[*])O[*],[*]CSCCOC(=O)OC([*])C(C)C,4.93e-05,-4.30715308072277,1,-4.20961850853314
24451,CCC(CC)C(CNC(=O)*)O*,CCC(CC)C(CNC(=O)[*])O[*],[*]CNC(=O)OC([*])C(CC)CC,2.61e-05,-4.583359492661719,2,-4.540355356711576
24452,CN(CC(COC(=O)*)O*)CC(C)(C)C,CN(CC(COC(=O)[*])O[*])CC(C)(C)C,[*]COC(=O)OC([*])CN(C)CC(C)(C)C,3.39e-05,-4.4698003017969175,0,-4.444120642561797
24453,CCCC(CC)NC(C)(CO*)COC(=O)*,CCCC(CC)NC(C)(CO[*])COC(=O)[*],[*]COC(=O)OCC([*])(C)NC(CC)CCC,2.69e-05,-4.570247719997592,2,-4.609322997257936
24454,CCC(CC)(CNC(=O)*)N*,CCC(CC)(CNC(=O)[*])N[*],[*]CNC(=O)NC([*])(CC)CC,4.52e-05,-4.3448615651886175,3,-4.582442302055739
24455,CC(CC(C)O*)NC(=O)*,CC(CC(C)O[*])NC(=O)[*],[*]CC(C)OC(=O)NC([*])C,6.52e-05,-4.185752404268079,1,-4.266622548003425
24456,CC(C)(C)CC(COC(=O)*)N*,CC(C)(C)CC(COC(=O)[*])N[*],[*]COC(=O)NC([*])CC(C)(C)C,2.38e-05,-4.623423042943488,1,-4.4784889838910305
24457,CC(C)CCC(CO*)(COC(=O)*)C(C)C,CC(C)CCC(CO[*])(COC(=O)[*])C(C)C,[*]COC(=O)OCC([*])(CCC(C)C)C(C)C,1.49e-05,-4.826813731587726,2,-4.645482592546965
24458,CC(C)(CCCN*)NC(=O)*,CC(C)(CCCN[*])NC(=O)[*],[*]CCCNC(=O)NC([*])(C)C,5.66e-05,-4.247183568811729,3,-4.407132231731431
24459,CCN(CCOC(=O)*)CC(CSC)O*,CCN(CCOC(=O)[*])CC(CSC)O[*],[*]CCOC(=O)OC(CSC)CN([*])CC,9.69e-05,-4.013676222949234,2,-4.139995859599145
24460,CCCCN(C)CC(C)(CO*)COC(=O)*,CCCCN(C)CC(C)(CO[*])COC(=O)[*],[*]COC(=O)OCC([*])(C)CN(C)CCCC,2.82e-05,-4.549750891680639,3,-4.539609672026079
24461,CCC(CNC(C)(C)CCOC(=O)*)O*,CCC(CNC(C)(C)CCOC(=O)[*])O[*],[*]CNC(C)(C)CCOC(=O)OC([*])CC,5.72e-05,-4.242603971206976,2,-4.2107275479982675
24462,CC(C)C(O*)C(C)(C)CNC(=O)*,CC(C)C(O[*])C(C)(C)CNC(=O)[*],[*]OC(=O)NCC(C)(C)C([*])C(C)C,1.52e-05,-4.818156412055227,2,-4.638951071408575
24463,CC(CCC(=O)NC(C)CCO*)NC(=O)*,CC(CCC(=O)NC(C)CCO[*])NC(=O)[*],[*]CCOC(=O)NC(C)CCC(=O)NC([*])C,4.38e-05,-4.3585258894959,1,-4.246164354760119
24464,CC(C)(C)OC(=O)C(C)(CNC(=O)*)N*,CC(C)(C)OC(=O)C(C)(CNC(=O)[*])N[*],[*]CNC(=O)NC([*])(C)C(=O)OC(C)(C)C,3.96e-05,-4.402304814074488,2,-4.422023068547598
24465,CC(C)(CCNCCCNC(=O)*)N*,CC(C)(CCNCCCNC(=O)[*])N[*],[*]CCNCCCNC(=O)NC([*])(C)C,8e-05,-4.096910013008056,0,-4.226958147470729
24466,CCC(CNC(C)(C)C(C)(C)O*)OC(=O)*,CCC(CNC(C)(C)C(C)(C)O[*])OC(=O)[*],[*]CNC(C)(C)C(C)(C)OC(=O)OC([*])CC,3.74e-05,-4.42712839779952,1,-4.398401729510237
24467,CC(C)CCCN(CCO*)CCOC(=O)*,CC(C)CCCN(CCO[*])CCOC(=O)[*],[*]CCOC(=O)OCCN([*])CCCC(C)C,7.09e-05,-4.149353764816934,3,-4.234992200605699
24468,CC(C)(C)CC(O*)C(NC(=O)*)C(=O)O,CC(C)(C)CC(O[*])C(NC(=O)[*])C(=O)O,[*]OC(=O)NC(C(=O)O)C([*])CC(C)(C)C,1.71e-05,-4.767003889607846,3,-4.615829511842584
24469,CCC(C)(CN*)C(C)OC(=O)*,CCC(C)(CN[*])C(C)OC(=O)[*],[*]CNC(=O)OC(C)C([*])(C)CC,1.39e-05,-4.856985199745905,0,-4.713415657157579
24470,CCCC(CNC(=O)C(CC)N*)OC(=O)*,CCCC(CNC(=O)C(CC)N[*])OC(=O)[*],[*]CNC(=O)C(CC)NC(=O)OC([*])CCC,3.13e-05,-4.504455662453552,2,-4.450384519139885
24471,CC(CCOC(=O)*)NCCCCCCO*,CC(CCOC(=O)[*])NCCCCCCO[*],[*]CCOC(=O)OCCCCCCNC([*])C,9.94e-05,-4.002613615602686,1,-4.105150492589062
24472,COC(C)CNC(CO*)COC(=O)*,COC(C)CNC(CO[*])COC(=O)[*],[*]COC(=O)OCC([*])NCC(C)OC,9.77e-05,-4.0101054362812265,2,-4.093685455528265
24473,CCC(CC)(CNC(C)CCO*)OC(=O)*,CCC(CC)(CNC(C)CCO[*])OC(=O)[*],[*]CNC(C)CCOC(=O)OC([*])(CC)CC,4.38e-05,-4.3585258894959,3,-4.352331872856914
24474,CCCCC(CNC(=O)*)N*,CCCCC(CNC(=O)[*])N[*],[*]CNC(=O)NC([*])CCCC,5.79e-05,-4.237321436272564,3,-4.31870500657106
24475,CC(C)CCCN(C)CC(CO*)OC(=O)*,CC(C)CCCN(C)CC(CO[*])OC(=O)[*],[*]COC(=O)OC([*])CN(C)CCCC(C)C,5.42e-05,-4.266000713461613,3,-4.311792991084119
24476,CC(CCCSCCOC(=O)*)O*,CC(CCCSCCOC(=O)[*])O[*],[*]CCCSCCOC(=O)OC([*])C,0.00016,-3.795880017344075,3,-4.013857738692664
24477,CCCC(CNCC(C)COC(=O)*)O*,CCCC(CNCC(C)COC(=O)[*])O[*],[*]CNCC(C)COC(=O)OC([*])CCC,3.38e-05,-4.471083299722345,2,-4.179654481442626
24478,CCC(CNC(=O)CCCCOC(=O)*)O*,CCC(CNC(=O)CCCCOC(=O)[*])O[*],[*]CNC(=O)CCCCOC(=O)OC([*])CC,9.85e-05,-4.006563769502388,1,-4.150102999106651
24479,CC(C)(CCNC(=O)*)CO*,CC(C)(CCNC(=O)[*])CO[*],[*]CCNC(=O)OCC([*])(C)C,2.68e-05,-4.571865205971212,1,-4.45863245265764
24480,CC(NCC(CO*)OC(=O)*)C(C)(C)C,CC(NCC(CO[*])OC(=O)[*])C(C)(C)C,[*]COC(=O)OC([*])CNC(C)C(C)(C)C,3.4e-05,-4.468521082957745,2,-4.560151691531531
24481,CC(CNC(=O)*)CC(C)O*,CC(CNC(=O)[*])CC(C)O[*],[*]CNC(=O)OC(C)CC([*])C,6.04e-05,-4.218963061378868,1,-4.193874112187487
24482,CC(CCN(CCOC(=O)*)C(C)C)O*,CC(CCN(CCOC(=O)[*])C(C)C)O[*],[*]CCN(CCOC(=O)OC([*])C)C(C)C,3.78e-05,-4.422508200162775,0,-4.344288176976564
24483,CN(CCC(C)(C)C)CC(CN*)OC(=O)*,CN(CCC(C)(C)C)CC(CN[*])OC(=O)[*],[*]CNC(=O)OC([*])CN(C)CCC(C)(C)C,3.07e-05,-4.512861624522814,2,-4.433088169107671
24484,C=CC(OC(=O)*)C(=O)NC(COC)CO*,C=CC(OC(=O)[*])C(=O)NC(COC)CO[*],[*]OC(=O)OCC(COC)NC(=O)C([*])C=C,4.91e-05,-4.308918507877031,2,-4.221484219967431
24485,CC(CN(CC(F)F)C(C)COC(=O)*)O*,CC(CN(CC(F)F)C(C)COC(=O)[*])O[*],[*]CN(CC(F)F)C(C)COC(=O)OC([*])C,4.31e-05,-4.3655227298392685,2,-4.2429418240370484
24486,CC(CCOC(=O)*)NCCC(C)O*,CC(CCOC(=O)[*])NCCC(C)O[*],[*]CCOC(=O)OC(C)CCNC([*])C,8.67e-05,-4.06198090252379,0,-4.107362431124489
24487,CCC(CC)CN(CCN*)CCNC(=O)*,CCC(CC)CN(CCN[*])CCNC(=O)[*],[*]CCNC(=O)NCCN([*])CC(CC)CC,7.06e-05,-4.151195298948196,1,-4.278735865627837
24488,CC(C)C(CN(C)C(C)CO*)OC(=O)*,CC(C)C(CN(C)C(C)CO[*])OC(=O)[*],[*]CN(C)C(C)COC(=O)OC([*])C(C)C,4.14e-05,-4.382999658879101,1,-4.37609809925827
24489,CCC(CCNCC(C)OC(=O)*)O*,CCC(CCNCC(C)OC(=O)[*])O[*],[*]CCNCC(C)OC(=O)OC([*])CC,9.37e-05,-4.028260409112222,0,-4.184537383927962
24490,CN(CC(C)(C)N*)CC(C)(C)NC(=O)*,CN(CC(C)(C)N[*])CC(C)(C)NC(=O)[*],[*]CC(C)(C)NC(=O)NC(C)(C)CN([*])C,6.33e-05,-4.198596289982645,2,-4.347463590540347
24491,CCC(CN(C)CCCCCO*)OC(=O)*,CCC(CN(C)CCCCCO[*])OC(=O)[*],[*]CN(C)CCCCCOC(=O)OC([*])CC,0.000115,-3.939302159646388,3,-4.1254436582439595
24492,CC(CNC(C)(C)CCOC(=O)*)O*,CC(CNC(C)(C)CCOC(=O)[*])O[*],[*]CNC(C)(C)CCOC(=O)OC([*])C,6.22e-05,-4.206209615309182,0,-4.275463026378046
24493,CCN(CCCO*)CC(C)OC(=O)*,CCN(CCCO[*])CC(C)OC(=O)[*],[*]CCCOC(=O)OC(C)CN([*])CC,7.59e-05,-4.11975822410452,1,-4.092612844669638
24494,CCC(C)C(CNC(=O)*)O*,CCC(C)C(CNC(=O)[*])O[*],[*]CNC(=O)OC([*])C(C)CC,3.85e-05,-4.414539270491499,1,-4.525624524717411
24495,CC(C)(COC(=O)*)C(=O)OCCCCO*,CC(C)(COC(=O)[*])C(=O)OCCCCO[*],[*]COC(=O)OCCCCOC(=O)C([*])(C)C,3.68e-05,-4.434152181326482,2,-4.290216716533018
24496,CCC(C)N(C)CC(C)(CO*)COC(=O)*,CCC(C)N(C)CC(C)(CO[*])COC(=O)[*],[*]COC(=O)OCC([*])(C)CN(C)C(C)CC,2.57e-05,-4.590066876668706,2,-4.573352839923188
24497,CCSCC(C)NCC(COC(=O)*)O*,CCSCC(C)NCC(COC(=O)[*])O[*],[*]COC(=O)OC([*])CNC(C)CSCC,8.06e-05,-4.09366495819491,0,-4.1438022015873734
24498,CSCC(C)(CNCC(C)O*)OC(=O)*,CSCC(C)(CNCC(C)O[*])OC(=O)[*],[*]CNCC(C)OC(=O)OC([*])(C)CSC,5.43e-05,-4.265200170411153,3,-4.228822365964978
24499,CC(CCCN(C)CCOC(=O)*)O*,CC(CCCN(C)CCOC(=O)[*])O[*],[*]CCCN(C)CCOC(=O)OC([*])C,8.17e-05,-4.087777943467585,0,-4.108799787803311
24500,CCC(CN(CCOC(=O)*)CC(F)F)O*,CCC(CN(CCOC(=O)[*])CC(F)F)O[*],[*]CN(CCOC(=O)OC([*])CC)CC(F)F,8.69e-05,-4.060980223551334,1,-4.189201192541281
24501,CC(CNCC(C)(C)CCOC(=O)*)O*,CC(CNCC(C)(C)CCOC(=O)[*])O[*],[*]CNCC(C)(C)CCOC(=O)OC([*])C,3.49e-05,-4.45717457304082,1,-4.344196762689327
24502,CC(C)(C)C(CNCCCO*)OC(=O)*,CC(C)(C)C(CNCCCO[*])OC(=O)[*],[*]CNCCCOC(=O)OC([*])C(C)(C)C,6.05e-05,-4.218244625347531,2,-4.308646875383428
24503,C[Si](C)(C)CN(CCO*)CCOC(=O)*,C[Si](C)(C)CN(CCO[*])CCOC(=O)[*],[*]CCOC(=O)OCCN([*])C[Si](C)(C)C,2.66e-05,-4.575118363368933,2,-4.536732711950577
24504,CC(CCCCOC(=O)*)NCCO*,CC(CCCCOC(=O)[*])NCCO[*],[*]CCCCOC(=O)OCCNC([*])C,9.41e-05,-4.026410376572743,2,-4.075201118025475
24505,CC(COC(=O)*)CN(C)CCC(C)O*,CC(COC(=O)[*])CN(C)CCC(C)O[*],[*]COC(=O)OC(C)CCN(C)CC([*])C,9.24e-05,-4.0343280287798935,1,-4.193351739778292
24506,CC(CNC(CCOC(=O)*)C(C)(C)C)O*,CC(CNC(CCOC(=O)[*])C(C)(C)C)O[*],[*]CNC(CCOC(=O)OC([*])C)C(C)(C)C,6e-05,-4.221848749616356,2,-4.5574335842641185
24507,CC(C)CC(CCO*)NC(=O)*,CC(C)CC(CCO[*])NC(=O)[*],[*]CCOC(=O)NC([*])CC(C)C,2.75e-05,-4.560667306169737,2,-4.39138959395884
24508,CCC(CC)NC(C)(CO*)COC(=O)*,CCC(CC)NC(C)(CO[*])COC(=O)[*],[*]COC(=O)OCC([*])(C)NC(CC)CC,1.7e-05,-4.769551078621726,3,-4.498478685944556
24509,CSCCC(NC(=O)*)C(C)(C)O*,CSCCC(NC(=O)[*])C(C)(C)O[*],[*]NC(=O)OC(C)(C)C([*])CCSC,4.42e-05,-4.354577730650908,2,-4.404818886389586
24510,CC(OC(=O)*)C(=O)N(C)CCOCCO*,CC(OC(=O)[*])C(=O)N(C)CCOCCO[*],[*]OC(=O)OCCOCCN(C)C(=O)C([*])C,6.94e-05,-4.158640529545145,2,-4.085571332091018
24511,CCN(CC(C)C)CC(COC(=O)*)O*,CCN(CC(C)C)CC(COC(=O)[*])O[*],[*]COC(=O)OC([*])CN(CC)CC(C)C,2.29e-05,-4.640164517660112,2,-4.079701817330498
24512,CCCC(CNC(=O)C(C)(C)N*)OC(=O)*,CCCC(CNC(=O)C(C)(C)N[*])OC(=O)[*],[*]CNC(=O)C(C)(C)NC(=O)OC([*])CCC,4.78e-05,-4.320572103387881,0,-4.329086632708177
24513,CCC(CC)NC(CO*)COC(=O)*,CCC(CC)NC(CO[*])COC(=O)[*],[*]COC(=O)OCC([*])NC(CC)CC,3.43e-05,-4.464705879957229,1,-4.432209389010433
24514,CSCCN(CCO*)CC(C)OC(=O)*,CSCCN(CCO[*])CC(C)OC(=O)[*],[*]CCOC(=O)OC(C)CN([*])CCSC,6.54e-05,-4.184422251675732,0,-4.1103883027818435
24515,COC(=O)C(CN(C)CCO*)OC(=O)*,COC(=O)C(CN(C)CCO[*])OC(=O)[*],[*]CN(C)CCOC(=O)OC([*])C(=O)OC,5.81e-05,-4.235823867609669,3,-4.199043446356242
24516,CC(CN(CCF)C(C)CO*)OC(=O)*,CC(CN(CCF)C(C)CO[*])OC(=O)[*],[*]CN(CCF)C(C)COC(=O)OC([*])C,2.58e-05,-4.58838029403677,1,-4.259988420891296
24517,CCC(CCCNC(=O)*)O*,CCC(CCCNC(=O)[*])O[*],[*]CCCNC(=O)OC([*])CC,3.73e-05,-4.428291168191312,1,-4.2323599478762315
24518,CC(CCO*)NCCCCCOC(=O)*,CC(CCO[*])NCCCCCOC(=O)[*],[*]CCOC(=O)OCCCCCNC([*])C,0.00013,-3.886056647693163,0,-4.002237024656219
24519,CCN(CC)CC(OC(=O)*)C(C)O*,CCN(CC)CC(OC(=O)[*])C(C)O[*],[*]OC(=O)OC(C)C([*])CN(CC)CC,4.94e-05,-4.306273051076353,2,-4.246166821429351
24520,CC(CCCNCC(C)O*)COC(=O)*,CC(CCCNCC(C)O[*])COC(=O)[*],[*]CCCNCC(C)OC(=O)OCC([*])C,5.79e-05,-4.237321436272564,1,-4.275477781464331
24521,O=C(CCCCOC(=O)*)NCCCCO*,O=C(CCCCOC(=O)[*])NCCCCO[*],[*]CCCCOC(=O)OCCCCNC([*])=O,0.000126,-3.899629454882437,0,-4.0373276165036325
24522,CC(C)CC(C)(CNC(=O)*)N*,CC(C)CC(C)(CNC(=O)[*])N[*],[*]CNC(=O)NC([*])(C)CC(C)C,3.68e-05,-4.434152181326482,0,-4.487685375014015
24523,CC(CCCNC(=O)C(C)(C)O*)OC(=O)*,CC(CCCNC(=O)C(C)(C)O[*])OC(=O)[*],[*]CCCNC(=O)C(C)(C)OC(=O)OC([*])C,5.38e-05,-4.269217724333611,2,-4.265707233421927
24524,CC(CN(C)CCCCCCO*)OC(=O)*,CC(CN(C)CCCCCCO[*])OC(=O)[*],[*]CN(C)CCCCCCOC(=O)OC([*])C,3.79e-05,-4.421360790031928,2,-3.968269328795665
24525,CC(CC(=O)OCCCCO*)OC(=O)*,CC(CC(=O)OCCCCO[*])OC(=O)[*],[*]CC(=O)OCCCCOC(=O)OC([*])C,5.53e-05,-4.257274868695302,3,-4.1380414030961505
24526,CC(C)CC(CNCC(C)O*)OC(=O)*,CC(C)CC(CNCC(C)O[*])OC(=O)[*],[*]CNCC(C)OC(=O)OC([*])CC(C)C,4.48e-05,-4.348721986001856,3,-4.476310485753167
24527,CCC(CSC(C)COC(=O)*)O*,CCC(CSC(C)COC(=O)[*])O[*],[*]CSC(C)COC(=O)OC([*])CC,3.53e-05,-4.452225294612178,2,-4.124958021918203
24528,CCC(C)CN(C)CC(COC(=O)*)O*,CCC(C)CN(C)CC(COC(=O)[*])O[*],[*]COC(=O)OC([*])CN(C)CC(C)CC,4.78e-05,-4.320572103387881,1,-4.348761385209171
24529,CC(CCOC(=O)*)NCCC(C)(C)O*,CC(CCOC(=O)[*])NCCC(C)(C)O[*],[*]CCOC(=O)OC(C)(C)CCNC([*])C,4.55e-05,-4.341988603342887,0,-4.32918499872933
24530,CCCC(C)NC(CC)(CO*)COC(=O)*,CCCC(C)NC(CC)(CO[*])COC(=O)[*],[*]COC(=O)OCC([*])(CC)NC(C)CCC,2.09e-05,-4.679853713888946,2,-4.628222211699448
24531,CCN(CC(CO*)OC(=O)*)C(C)C,CCN(CC(CO[*])OC(=O)[*])C(C)C,[*]COC(=O)OC([*])CN(CC)C(C)C,2.82e-05,-4.549750891680639,2,-4.378757469900599
24532,CCC(C)N(C)CC(CO*)OC(=O)*,CCC(C)N(C)CC(CO[*])OC(=O)[*],[*]COC(=O)OC([*])CN(C)C(C)CC,5.06e-05,-4.295849483160201,0,-4.357901722516786
24533,CCC(CC)(CCO*)NCCCOC(=O)*,CCC(CC)(CCO[*])NCCCOC(=O)[*],[*]CCOC(=O)OCCCNC([*])(CC)CC,4.7e-05,-4.327902142064283,2,-4.370245103201939
24534,CC(C)C(CNC(C)C(C)(C)OC(=O)*)O*,CC(C)C(CNC(C)C(C)(C)OC(=O)[*])O[*],[*]CNC(C)C(C)(C)OC(=O)OC([*])C(C)C,4.03e-05,-4.394694953858891,0,-4.470328445761695
24535,CCCC(CNC(=O)CCCN*)OC(=O)*,CCCC(CNC(=O)CCCN[*])OC(=O)[*],[*]CNC(=O)CCCNC(=O)OC([*])CCC,6.38e-05,-4.195179321278838,0,-4.166416947194804
24536,CC(C)CN(CCCOC(=O)*)CCO*,CC(C)CN(CCCOC(=O)[*])CCO[*],[*]CCCOC(=O)OCCN([*])CC(C)C,0.000109,-3.962573502059376,2,-4.079433941486897
24537,CC(C)(C)CCCNC(CO*)COC(=O)*,CC(C)(C)CCCNC(CO[*])COC(=O)[*],[*]COC(=O)OCC([*])NCCCC(C)(C)C,1.87e-05,-4.728158393463501,2,-4.451980383167775
24538,CCC(C)(CCC(C)(CC)OC(=O)*)O*,CCC(C)(CCC(C)(CC)OC(=O)[*])O[*],[*]CCC(C)(CC)OC(=O)OC([*])(C)CC,1.46e-05,-4.835647144215563,0,-4.834967513180399
24539,CCC(CNCCCCOC(=O)*)O*,CCC(CNCCCCOC(=O)[*])O[*],[*]CNCCCCOC(=O)OC([*])CC,9.92e-05,-4.0034883278458215,0,-4.120354550689097
24540,CCN(CCCOC(=O)*)CCC(C)(C)O*,CCN(CCCOC(=O)[*])CCC(C)(C)O[*],[*]CCCOC(=O)OC(C)(C)CCN([*])CC,5.05e-05,-4.296708621881338,3,-4.311506367624499
24541,O=C(*)OCCCCCCCCCCN*,O=C([*])OCCCCCCCCCCN[*],[*]NCCCCCCCCCCOC([*])=O,8.38e-05,-4.076755981369724,0,-4.256983041658239
24542,CC(CO*)SC(C)C(C)OC(=O)*,CC(CO[*])SC(C)C(C)OC(=O)[*],[*]COC(=O)OC(C)C(C)SC([*])C,3.87e-05,-4.412289034981089,1,-4.294913805906403
24543,CCN(CCCCCOC(=O)*)C(C)CO*,CCN(CCCCCOC(=O)[*])C(C)CO[*],[*]CCCCCOC(=O)OCC(C)N([*])CC,5.17e-05,-4.286509456906058,1,-4.164016769219682
24544,CC(C)(CCCCC(C)(C)OC(=O)*)O*,CC(C)(CCCCC(C)(C)OC(=O)[*])O[*],[*]CCCCC(C)(C)OC(=O)OC([*])(C)C,2.49e-05,-4.603800652904264,0,-4.606048149128291
24545,CC(CC(C)O*)NC(C)C(C)OC(=O)*,CC(CC(C)O[*])NC(C)C(C)OC(=O)[*],[*]CC(C)OC(=O)OC(C)C(C)NC([*])C,1.57e-05,-4.804100347590766,2,-4.402010491194819
24546,CCC(CO*)NC(C)CCOC(=O)*,CCC(CO[*])NC(C)CCOC(=O)[*],[*]COC(=O)OCCC(C)NC([*])CC,8.85e-05,-4.053056729302175,2,-4.162892772039815
24547,CC(CCN(C)C(C)CO*)OC(=O)*,CC(CCN(C)C(C)CO[*])OC(=O)[*],[*]CCN(C)C(C)COC(=O)OC([*])C,3.23e-05,-4.490797477668897,0,-4.215289154241622
24548,CC(CCOC(=O)*)NCC(O*)C(C)C,CC(CCOC(=O)[*])NCC(O[*])C(C)C,[*]CCOC(=O)OC(CNC([*])C)C(C)C,8.15e-05,-4.088842391260023,1,-4.309198433714174
24549,CCCC(C)NC(C)(CO*)COC(=O)*,CCCC(C)NC(C)(CO[*])COC(=O)[*],[*]COC(=O)OCC([*])(C)NC(C)CCC,1.74e-05,-4.7594507517174005,1,-4.645842027039628
24550,CC(C)(N*)C(C)(C)NC(=O)*,CC(C)(N[*])C(C)(C)NC(=O)[*],[*]NC(=O)NC(C)(C)C([*])(C)C,2.31e-05,-4.636388020107856,2,-4.581984840229261
24551,CC(NCC(C)(C)CO*)C(C)OC(=O)*,CC(NCC(C)(C)CO[*])C(C)OC(=O)[*],[*]NCC(C)(C)COC(=O)OC(C)C([*])C,2.24e-05,-4.649751981665837,0,-4.444378357164369
24552,CCCC(CC(=O)OCCCO*)OC(=O)*,CCCC(CC(=O)OCCCO[*])OC(=O)[*],[*]CC(=O)OCCCOC(=O)OC([*])CCC,4.22e-05,-4.374687549038326,1,-4.224004300940617
24553,CCC(CO*)NC(CC)COC(=O)*,CCC(CO[*])NC(CC)COC(=O)[*],[*]COC(=O)OCC(CC)NC([*])CC,4.48e-05,-4.348721986001856,3,-4.266488800198271
24554,CSCC(CN(C)CC(C)OC(=O)*)O*,CSCC(CN(C)CC(C)OC(=O)[*])O[*],[*]CN(C)CC(C)OC(=O)OC([*])CSC,5.55e-05,-4.255707016877324,2,-4.187557579014203
24555,CCC(CNCC(C)(C)CCO*)OC(=O)*,CCC(CNCC(C)(C)CCO[*])OC(=O)[*],[*]CNCC(C)(C)CCOC(=O)OC([*])CC,6.32e-05,-4.199282921717615,2,-4.338947576180652
24556,CCC(CC)C(CNCCCN*)OC(=O)*,CCC(CC)C(CNCCCN[*])OC(=O)[*],[*]CNCCCNC(=O)OC([*])C(CC)CC,3.51e-05,-4.454692883534176,2,-4.38526797468943
24557,CCC(CC)(CN(C)CCCO*)OC(=O)*,CCC(CC)(CN(C)CCCO[*])OC(=O)[*],[*]CN(C)CCCOC(=O)OC([*])(CC)CC,5.17e-05,-4.286509456906058,2,-4.34626126498915
24558,CC(O*)C(=O)NCCCCCCOC(=O)*,CC(O[*])C(=O)NCCCCCCOC(=O)[*],[*]OC(=O)OCCCCCCNC(=O)C([*])C,7.22e-05,-4.141462802430361,3,-4.147252050512334
24559,CC(C)(C)C(CO*)NCCCOC(=O)*,CC(C)(C)C(CO[*])NCCCOC(=O)[*],[*]COC(=O)OCCCNC([*])C(C)(C)C,0.000105,-3.9788107009300617,0,-4.5038517963102835
24560,CCCC(C)(OC(=O)*)C(=O)OCCO*,CCCC(C)(OC(=O)[*])C(=O)OCCO[*],[*]OC(=O)OCCOC(=O)C([*])(C)CCC,4.81e-05,-4.317854923626168,1,-4.334577857771184
24561,CN(CC(CO*)OC(=O)*)C(C)(C)C,CN(CC(CO[*])OC(=O)[*])C(C)(C)C,[*]COC(=O)OC([*])CN(C)C(C)(C)C,3.31e-05,-4.480172006224281,0,-4.566206008906662
24562,CCC(CN(CCOC(=O)*)C(C)CC)O*,CCC(CN(CCOC(=O)[*])C(C)CC)O[*],[*]CN(CCOC(=O)OC([*])CC)C(C)CC,2.92e-05,-4.534617148551582,1,-4.305458343597528
24563,CCCC(CNC(=O)CC(C)N*)OC(=O)*,CCCC(CNC(=O)CC(C)N[*])OC(=O)[*],[*]CNC(=O)CC(C)NC(=O)OC([*])CCC,5.87e-05,-4.231361898752385,1,-4.321877695309075
24564,CC(C)(CC(=O)NCCCCO*)NC(=O)*,CC(C)(CC(=O)NCCCCO[*])NC(=O)[*],[*]CC(=O)NCCCCOC(=O)NC([*])(C)C,4.94e-05,-4.306273051076353,0,-4.235305593855388
24565,NC(=O)NC(CO*)C(=O)NCCOC(=O)*,NC(=O)NC(CO[*])C(=O)NCCOC(=O)[*],[*]COC(=O)OCCNC(=O)C([*])NC(N)=O,4.88e-05,-4.311580177997289,0,-4.276132183405215
24566,CCCCC(C)NC(C)(CO*)COC(=O)*,CCCCC(C)NC(C)(CO[*])COC(=O)[*],[*]COC(=O)OCC([*])(C)NC(C)CCCC,3.01e-05,-4.521433504406157,0,-4.645044558930749
24567,CCN(CCCOC(=O)*)C(C)C(C)O*,CCN(CCCOC(=O)[*])C(C)C(C)O[*],[*]CCCOC(=O)OC(C)C(C)N([*])CC,4.75e-05,-4.323306390375134,2,-4.2839823442061515
24568,CCC(CNC(C)C(C)(C)OC(=O)*)O*,CCC(CNC(C)C(C)(C)OC(=O)[*])O[*],[*]CNC(C)C(C)(C)OC(=O)OC([*])CC,8.27e-05,-4.082494490447453,1,-4.197304124549171
24569,CC(CCO*)NCC(C)(C)OC(=O)*,CC(CCO[*])NCC(C)(C)OC(=O)[*],[*]CCOC(=O)OC(C)(C)CNC([*])C,3.65e-05,-4.437707135543525,1,-4.251265532229597
24570,CC(NCCCCCCO*)C(C)OC(=O)*,CC(NCCCCCCO[*])C(C)OC(=O)[*],[*]NCCCCCCOC(=O)OC(C)C([*])C,8.83e-05,-4.054039296422431,0,-4.287672988747317
24571,CC(C)(C)CC(OC(=O)*)C(=O)OCCO*,CC(C)(C)CC(OC(=O)[*])C(=O)OCCO[*],[*]OC(=O)OCCOC(=O)C([*])CC(C)(C)C,2.18e-05,-4.661543506395395,3,-4.3796607172472735
24572,CC(CCN(C)C(C)C(C)(C)O*)OC(=O)*,CC(CCN(C)C(C)C(C)(C)O[*])OC(=O)[*],[*]CCN(C)C(C)C(C)(C)OC(=O)OC([*])C,3.07e-05,-4.512861624522814,2,-4.574444018951555
24573,CCC(CNCCCC(C)COC(=O)*)O*,CCC(CNCCCC(C)COC(=O)[*])O[*],[*]CNCCCC(C)COC(=O)OC([*])CC,8.37e-05,-4.07727454200674,3,-4.2614107617462915
24574,CC(CCNCC(O*)C(C)C)OC(=O)*,CC(CCNCC(O[*])C(C)C)OC(=O)[*],[*]CCNCC(OC(=O)OC([*])C)C(C)C,4.86e-05,-4.313363730737707,0,-4.335677440224832
24575,CCC(CCNC(=O)C(C)(C)O*)OC(=O)*,CCC(CCNC(=O)C(C)(C)O[*])OC(=O)[*],[*]CCNC(=O)C(C)(C)OC(=O)OC([*])CC,7.34e-05,-4.13430394008393,1,-4.295319352799313
24576,CCN(CCCCCCOC(=O)*)CCN*,CCN(CCCCCCOC(=O)[*])CCN[*],[*]CCCCCCOC(=O)NCCN([*])CC,0.000114,-3.9430951486635273,3,-4.02363777755689
24577,CCC(C)(CNC(C)CCO*)OC(=O)*,CCC(C)(CNC(C)CCO[*])OC(=O)[*],[*]CNC(C)CCOC(=O)OC([*])(C)CC,5.48e-05,-4.261219441515631,2,-4.394530328020737
24578,CCCN(C)CC(C)(CO*)COC(=O)*,CCCN(C)CC(C)(CO[*])COC(=O)[*],[*]COC(=O)OCC([*])(C)CN(C)CCC,2.64e-05,-4.578396073130169,0,-4.638173941049456
24579,CCC(CCNC(=O)C(C)(C)NC(=O)*)O*,CCC(CCNC(=O)C(C)(C)NC(=O)[*])O[*],[*]CCNC(=O)C(C)(C)NC(=O)OC([*])CC,4.95e-05,-4.305394801066432,3,-4.297377182769289
24580,CCC(CN(CC)CCCOC(=O)*)O*,CCC(CN(CC)CCCOC(=O)[*])O[*],[*]CN(CC)CCCOC(=O)OC([*])CC,8.4e-05,-4.075720713938118,3,-4.244876100476896
24581,CC(C)C(CNC(C)(C)CCOC(=O)*)O*,CC(C)C(CNC(C)(C)CCOC(=O)[*])O[*],[*]CNC(C)(C)CCOC(=O)OC([*])C(C)C,2.91e-05,-4.536107011014093,0,-4.366015524682936
24582,CC(NCCC(C)(C)O*)C(C)OC(=O)*,CC(NCCC(C)(C)O[*])C(C)OC(=O)[*],[*]NCCC(C)(C)OC(=O)OC(C)C([*])C,2.89e-05,-4.539102157243452,2,-4.557791188257705
24583,CC(CNC(CCOC(=O)*)C(C)C)CO*,CC(CNC(CCOC(=O)[*])C(C)C)CO[*],[*]CNC(CCOC(=O)OCC([*])C)C(C)C,6.76e-05,-4.170053304058364,2,-4.422316951392746
24584,CN(CCCOC(=O)*)CCC(C)(C)O*,CN(CCCOC(=O)[*])CCC(C)(C)O[*],[*]CCCOC(=O)OC(C)(C)CCN([*])C,5.12e-05,-4.29073003902417,2,-4.243236990074301
24585,C=CCNC(=O)C(NC(=O)*)C(C)O*,C=CCNC(=O)C(NC(=O)[*])C(C)O[*],[*]NC(=O)OC(C)C([*])C(=O)NCC=C,3.34e-05,-4.476253533188435,2,-4.376238322678951
24586,CC(CNCC(C)(C)CCCOC(=O)*)O*,CC(CNCC(C)(C)CCCOC(=O)[*])O[*],[*]CNCC(C)(C)CCCOC(=O)OC([*])C,5.82e-05,-4.235077015350112,3,-4.505541162126226
24587,CC(COC(=O)*)NC(=O)CCC(C)(C)O*,CC(COC(=O)[*])NC(=O)CCC(C)(C)O[*],[*]COC(=O)OC(C)(C)CCC(=O)NC([*])C,4.12e-05,-4.3851027839668655,1,-4.408390379360747
24588,CC(CNCCC(N)=O)(CO*)COC(=O)*,CC(CNCCC(N)=O)(CO[*])COC(=O)[*],[*]COC(=O)OCC([*])(C)CNCCC(N)=O,6.76e-05,-4.170053304058364,2,-4.106255363966044
24589,CCC(C)(CCO*)NC(=O)C(C)NC(=O)*,CCC(C)(CCO[*])NC(=O)C(C)NC(=O)[*],[*]CCOC(=O)NC(C)C(=O)NC([*])(C)CC,3.43e-05,-4.464705879957229,1,-4.470655236395336
24590,CC(C)C(CN*)CNCCCCNC(=O)*,CC(C)C(CN[*])CNCCCCNC(=O)[*],[*]CNCCCCNC(=O)NCC([*])C(C)C,4.1e-05,-4.3872161432802645,0,-4.289227010550167
24591,CC(CNC(CO*)COC(=O)*)C(C)(C)C,CC(CNC(CO[*])COC(=O)[*])C(C)(C)C,[*]COC(=O)OCC([*])NCC(C)C(C)(C)C,3.48e-05,-4.458420756053419,2,-4.421226134828769
24592,CC(CN(C)CC(OC(=O)*)C(C)C)O*,CC(CN(C)CC(OC(=O)[*])C(C)C)O[*],[*]CN(C)CC(OC(=O)OC([*])C)C(C)C,3.28e-05,-4.484126156288321,0,-4.348588693303252
24593,CCCC(CNC(C)C(C)OC(=O)*)O*,CCCC(CNC(C)C(C)OC(=O)[*])O[*],[*]CNC(C)C(C)OC(=O)OC([*])CCC,4.58e-05,-4.33913452199613,3,-4.3354217671370145
24594,CC(CCNC(CCOC(=O)*)C(C)C)O*,CC(CCNC(CCOC(=O)[*])C(C)C)O[*],[*]CCNC(CCOC(=O)OC([*])C)C(C)C,7.08e-05,-4.149966742310231,1,-4.34318171542418
24595,CC(C)(CNCCCCCCO*)OC(=O)*,CC(C)(CNCCCCCCO[*])OC(=O)[*],[*]CNCCCCCCOC(=O)OC([*])(C)C,5.68e-05,-4.245651664288981,2,-4.116061185726665
24596,CN(CCC(C)(C)C)CC(CO*)OC(=O)*,CN(CCC(C)(C)C)CC(CO[*])OC(=O)[*],[*]COC(=O)OC([*])CN(C)CCC(C)(C)C,2.09e-05,-4.679853713888946,0,-4.487643131291758
24597,CC(OC(=O)*)C(=O)NC(C)(C)C(C)(C)O*,CC(OC(=O)[*])C(=O)NC(C)(C)C(C)(C)O[*],[*]OC(=O)OC(C)(C)C(C)(C)NC(=O)C([*])C,6.8e-05,-4.167491087293763,3,-4.529030824619339
24598,CC(CCNCC(OC(=O)*)C(C)(C)C)O*,CC(CCNCC(OC(=O)[*])C(C)(C)C)O[*],[*]CCNCC(OC(=O)OC([*])C)C(C)(C)C,4.19e-05,-4.377785977033705,3,-4.427352742000548
24599,CCCCCNC(CN*)CNC(=O)*,CCCCCNC(CN[*])CNC(=O)[*],[*]CNC(=O)NCC([*])NCCCCC,5.31e-05,-4.274905478918531,3,-4.175840473859036
24600,CC(CCCCO*)NC(C)CCOC(=O)*,CC(CCCCO[*])NC(C)CCOC(=O)[*],[*]CCCCOC(=O)OCCC(C)NC([*])C,7.16e-05,-4.145086977692144,1,-4.036010227918933
24601,CC(CN*)N(C)CC(C)(C)NC(=O)*,CC(CN[*])N(C)CC(C)(C)NC(=O)[*],[*]CNC(=O)NC(C)(C)CN(C)C([*])C,4.41e-05,-4.355561410532162,3,-4.2897380433877395
24602,CCC(CNC(CCOC(=O)*)C(C)C)O*,CCC(CNC(CCOC(=O)[*])C(C)C)O[*],[*]CNC(CCOC(=O)OC([*])CC)C(C)C,5.99e-05,-4.2225731776106885,2,-4.361479490166803
24603,CC(O*)C(C)N(C)CCCOC(=O)*,CC(O[*])C(C)N(C)CCCOC(=O)[*],[*]OC(=O)OCCCN(C)C(C)C([*])C,7.49e-05,-4.125518182300533,1,-4.17246949976553
24604,CCN(CCNC(=O)*)CC(C)(CC)O*,CCN(CCNC(=O)[*])CC(C)(CC)O[*],[*]CCNC(=O)OC(C)(CC)CN([*])CC,4.85e-05,-4.314258261397736,0,-4.421967724733966
24605,CC(CCO*)NCC(C)(OC(=O)*)C(C)C,CC(CCO[*])NCC(C)(OC(=O)[*])C(C)C,[*]CCOC(=O)OC(C)(CNC([*])C)C(C)C,3.07e-05,-4.512861624522814,3,-4.387339032346847
24606,CC(C)C(CN(C)CCCOC(=O)*)O*,CC(C)C(CN(C)CCCOC(=O)[*])O[*],[*]CN(C)CCCOC(=O)OC([*])C(C)C,7.17e-05,-4.1444808443322,1,-4.336034023597231
24607,CC(C)CC(C)N(CCO*)CCOC(=O)*,CC(C)CC(C)N(CCO[*])CCOC(=O)[*],[*]CCOC(=O)OCCN([*])C(C)CC(C)C,3.33e-05,-4.47755576649368,2,-4.381628649352153
24608,CC(C)C(CNCCC(C)(C)O*)OC(=O)*,CC(C)C(CNCCC(C)(C)O[*])OC(=O)[*],[*]CNCCC(C)(C)OC(=O)OC([*])C(C)C,5.25e-05,-4.279840696594043,2,-4.445111309570084
24609,COCC(C)(CNC(=O)C(C)OC(=O)*)O*,COCC(C)(CNC(=O)C(C)OC(=O)[*])O[*],[*]CNC(=O)C(C)OC(=O)OC([*])(C)COC,5.76e-05,-4.239577516576788,2,-4.216068441906445
24610,CC(C)C(CNC(=O)*)CO*,CC(C)C(CNC(=O)[*])CO[*],[*]CNC(=O)OCC([*])C(C)C,2.23e-05,-4.651695136951839,0,-4.370475734808526
24611,CCC(CCOC(=O)*)NC(=O)C(C)(C)O*,CCC(CCOC(=O)[*])NC(=O)C(C)(C)O[*],[*]CCOC(=O)OC(C)(C)C(=O)NC([*])CC,4.4e-05,-4.356547323513813,3,-4.35677671138548
24612,CC(C)(OC(=O)*)C(=O)OCCCCCO*,CC(C)(OC(=O)[*])C(=O)OCCCCCO[*],[*]OC(=O)OCCCCCOC(=O)C([*])(C)C,7.33e-05,-4.134896025358872,2,-4.180479641131416
24613,CC(C)(C)C(CNC(=O)*)N*,CC(C)(C)C(CNC(=O)[*])N[*],[*]CNC(=O)NC([*])C(C)(C)C,2.42e-05,-4.616184634019569,2,-4.409553044088193
24614,CCN(CC(CO*)OC(=O)*)CC(C)(C)C,CCN(CC(CO[*])OC(=O)[*])CC(C)(C)C,[*]COC(=O)OC([*])CN(CC)CC(C)(C)C,1.6e-05,-4.795880017344075,3,-4.5210204607247215
24615,CC(CCCNC(C)C(C)O*)COC(=O)*,CC(CCCNC(C)C(C)O[*])COC(=O)[*],[*]CCCNC(C)C(C)OC(=O)OCC([*])C,4.36e-05,-4.360513510731414,0,-4.2841886656460915
24616,CC(CNCC(OC(=O)*)C(C)(C)C)CO*,CC(CNCC(OC(=O)[*])C(C)(C)C)CO[*],[*]CNCC(OC(=O)OCC([*])C)C(C)(C)C,3.84e-05,-4.4156687756324695,0,-4.376245325746334
24617,CCC(CO*)NC(=O)CC(C)(C)OC(=O)*,CCC(CO[*])NC(=O)CC(C)(C)OC(=O)[*],[*]COC(=O)OC(C)(C)CC(=O)NC([*])CC,3.81e-05,-4.419075024324381,2,-4.3735266431574615
24618,CCCN(CC)CC(CO*)OC(=O)*,CCCN(CC)CC(CO[*])OC(=O)[*],[*]COC(=O)OC([*])CN(CC)CCC,3.36e-05,-4.473660722610156,3,-4.30535089735097
24619,CC(C)(C)C(CNCCCCOC(=O)*)O*,CC(C)(C)C(CNCCCCOC(=O)[*])O[*],[*]CNCCCCOC(=O)OC([*])C(C)(C)C,5.32e-05,-4.274088367704952,2,-4.3255304081371495
24620,CC(C)C(CN(C)C(C)(C)COC(=O)*)O*,CC(C)C(CN(C)C(C)(C)COC(=O)[*])O[*],[*]CN(C)C(C)(C)COC(=O)OC([*])C(C)C,4.23e-05,-4.373659632624958,1,-4.605992118331611
24621,CCC(CNC(C)CC(C)OC(=O)*)O*,CCC(CNC(C)CC(C)OC(=O)[*])O[*],[*]CNC(C)CC(C)OC(=O)OC([*])CC,7e-05,-4.154901959985743,1,-4.218937334357269
24622,CCCN(CC(C)C)CC(CO*)OC(=O)*,CCCN(CC(C)C)CC(CO[*])OC(=O)[*],[*]COC(=O)OC([*])CN(CCC)CC(C)C,4.45e-05,-4.351639989019068,2,-4.4067549290038395
24623,CCC(CN(CC)CCN*)OC(=O)*,CCC(CN(CC)CCN[*])OC(=O)[*],[*]CN(CC)CCNC(=O)OC([*])CC,9.81e-05,-4.008330992620052,0,-4.18528492220834
24624,CC(C)(CO*)NC(=O)CC(C)(C)OC(=O)*,CC(C)(CO[*])NC(=O)CC(C)(C)OC(=O)[*],[*]COC(=O)OC(C)(C)CC(=O)NC([*])(C)C,6.62e-05,-4.1791420105603,1,-4.392796420202983
24625,CCC(CC)NC(CC)(CO*)COC(=O)*,CCC(CC)NC(CC)(CO[*])COC(=O)[*],[*]COC(=O)OCC([*])(CC)NC(CC)CC,1.06e-05,-4.97469413473523,1,-4.588997543890003
24626,CC#CC(=O)NC(CO*)C(C)OC(=O)*,CC#CC(=O)NC(CO[*])C(C)OC(=O)[*],[*]COC(=O)OC(C)C([*])NC(=O)C#CC,3.42e-05,-4.465973893943865,1,-4.338583874389024
24627,CCC(CC)C(CNCC(C)O*)OC(=O)*,CCC(CC)C(CNCC(C)O[*])OC(=O)[*],[*]CNCC(C)OC(=O)OC([*])C(CC)CC,4.07e-05,-4.39040559077478,1,-4.450083866302025
24628,CCC(CNCC(OC(=O)*)C(C)C)O*,CCC(CNCC(OC(=O)[*])C(C)C)O[*],[*]CNCC(OC(=O)OC([*])CC)C(C)C,5.32e-05,-4.274088367704952,3,-4.283685304779209
24629,CC(C)COC(=O)C(C)(CO*)COC(=O)*,CC(C)COC(=O)C(C)(CO[*])COC(=O)[*],[*]COC(=O)OCC([*])(C)C(=O)OCC(C)C,1.35e-05,-4.869666231504994,0,-4.57894287392626
24630,CCN(CCO*)CC(OC(=O)*)C(C)C,CCN(CCO[*])CC(OC(=O)[*])C(C)C,[*]CCOC(=O)OC(CN([*])CC)C(C)C,4.49e-05,-4.347753658996677,2,-4.196367657498736
24631,CC(CCCNC(C)C(C)O*)OC(=O)*,CC(CCCNC(C)C(C)O[*])OC(=O)[*],[*]CCCNC(C)C(C)OC(=O)OC([*])C,3.47e-05,-4.459670525209126,2,-4.269957883724365
24632,COC(=O)C(CNC(C)(C)CO*)OC(=O)*,COC(=O)C(CNC(C)(C)CO[*])OC(=O)[*],[*]CNC(C)(C)COC(=O)OC([*])C(=O)OC,2.33e-05,-4.632644078973981,3,-4.447609977172838
24633,CC(CN*)N(C)CCCCCCOC(=O)*,CC(CN[*])N(C)CCCCCCOC(=O)[*],[*]CNC(=O)OCCCCCCN(C)C([*])C,6.72e-05,-4.172630726946175,2,-4.106351791592318
24634,CN(CCCOC(=O)*)CC(O*)C(C)(C)C,CN(CCCOC(=O)[*])CC(O[*])C(C)(C)C,[*]CCCOC(=O)OC(CN([*])C)C(C)(C)C,2.68e-05,-4.571865205971212,0,-4.5055323260519
24635,CC(OC(=O)*)C(=O)N(C)CCO*,CC(OC(=O)[*])C(=O)N(C)CCO[*],[*]OC(=O)OCCN(C)C(=O)C([*])C,5.08e-05,-4.294136287716081,1,-4.3358072665194385
24636,CC(C)(CCC(=O)NCCCO*)OC(=O)*,CC(C)(CCC(=O)NCCCO[*])OC(=O)[*],[*]CCC(=O)NCCCOC(=O)OC([*])(C)C,5.01e-05,-4.300162274132754,1,-4.264545758279728
24637,CC(C)CCN(CCO*)CC(C)OC(=O)*,CC(C)CCN(CCO[*])CC(C)OC(=O)[*],[*]CCOC(=O)OC(C)CN([*])CCC(C)C,2.83e-05,-4.548213564475709,2,-4.137112182942625
24638,CC(C)(CCCO*)NC(=O)*,CC(C)(CCCO[*])NC(=O)[*],[*]CCCOC(=O)NC([*])(C)C,4.45e-05,-4.351639989019068,3,-4.457913517854627
24639,CC(C)OCC(NC(=O)*)C(C)(C)O*,CC(C)OCC(NC(=O)[*])C(C)(C)O[*],[*]NC(=O)OC(C)(C)C([*])COC(C)C,4.75e-05,-4.323306390375134,1,-4.430822467101731
24640,CCCCC(C)N(C)CC(COC(=O)*)O*,CCCCC(C)N(C)CC(COC(=O)[*])O[*],[*]COC(=O)OC([*])CN(C)C(C)CCCC,2.52e-05,-4.598599459218456,2,-4.332284321863566
24641,CC(CO*)N(C)C(=O)COC(=O)*,CC(CO[*])N(C)C(=O)COC(=O)[*],[*]COC(=O)OCC(=O)N(C)C([*])C,6.89e-05,-4.161780778092374,0,-4.511618415984138
24642,CCN(CCO*)CC(OC(=O)*)C(C)(C)C,CCN(CCO[*])CC(OC(=O)[*])C(C)(C)C,[*]CCOC(=O)OC(CN([*])CC)C(C)(C)C,2.96e-05,-4.528708288941061,1,-4.430271584900265
24643,CCC(CNC(C)CCCCN*)OC(=O)*,CCC(CNC(C)CCCCN[*])OC(=O)[*],[*]CNC(C)CCCCNC(=O)OC([*])CC,3.29e-05,-4.482804102050026,3,-4.232402971976845
24644,CCCCCN(CCOC(=O)*)CC(C)O*,CCCCCN(CCOC(=O)[*])CC(C)O[*],[*]CCOC(=O)OC(C)CN([*])CCCCC,8.34e-05,-4.078833949362261,1,-4.237731503762966
24645,CC(C)C(CCOC(=O)*)NC(C)C(C)O*,CC(C)C(CCOC(=O)[*])NC(C)C(C)O[*],[*]CCOC(=O)OC(C)C(C)NC([*])C(C)C,2.54e-05,-4.5951662833800615,3,-4.422296961866403
24646,CC(CCSC(C)CO*)OC(=O)*,CC(CCSC(C)CO[*])OC(=O)[*],[*]CCSC(C)COC(=O)OC([*])C,5.91e-05,-4.228412519118745,2,-4.1740636650470515
24647,CSCC(C)(CO*)COC(=O)*,CSCC(C)(CO[*])COC(=O)[*],[*]COC(=O)OCC([*])(C)CSC,2.92e-05,-4.534617148551582,2,-4.427633469993719
24648,O=C(*)NCCCCCCCCCCCO*,O=C([*])NCCCCCCCCCCCO[*],[*]NCCCCCCCCCCCOC([*])=O,6.01e-05,-4.221125527997261,2,-3.990132668614958
24649,CC(C)N(C)CC(C)(CO*)COC(=O)*,CC(C)N(C)CC(C)(CO[*])COC(=O)[*],[*]COC(=O)OCC([*])(C)CN(C)C(C)C,1.51e-05,-4.82102305270683,1,-4.534157369288248
24650,CC(CCO*)NC(=O)CC(C)(C)NC(=O)*,CC(CCO[*])NC(=O)CC(C)(C)NC(=O)[*],[*]CCOC(=O)NC(C)(C)CC(=O)NC([*])C,2.69e-05,-4.570247719997592,3,-4.278906333999504
24651,CC(CN*)N(C)C(=O)CNC(=O)*,CC(CN[*])N(C)C(=O)CNC(=O)[*],[*]CNC(=O)NCC(=O)N(C)C([*])C,3.75e-05,-4.425968732272281,3,-4.344818002718397
24652,CCC(CNCC(OC(=O)*)C(C)(C)C)O*,CCC(CNCC(OC(=O)[*])C(C)(C)C)O[*],[*]CNCC(OC(=O)OC([*])CC)C(C)(C)C,6.6e-05,-4.180456064458132,2,-4.417681425075787
24653,CC(C)C(CN(C)CC(C)(C)OC(=O)*)O*,CC(C)C(CN(C)CC(C)(C)OC(=O)[*])O[*],[*]CN(C)CC(C)(C)OC(=O)OC([*])C(C)C,3.02e-05,-4.519993057042849,0,-4.557478040630179
24654,CCN(CCC(C)OC(=O)*)CC(C)(C)O*,CCN(CCC(C)OC(=O)[*])CC(C)(C)O[*],[*]CCC(C)OC(=O)OC(C)(C)CN([*])CC,1.81e-05,-4.742321425130816,2,-4.293887639198486
24655,CCC(CC)(CNC(=O)*)CO*,CCC(CC)(CNC(=O)[*])CO[*],[*]CNC(=O)OCC([*])(CC)CC,3.44e-05,-4.46344155742847,1,-4.521852625425816
24656,CCC(CO*)NCC(OC(=O)*)C(C)C,CCC(CO[*])NCC(OC(=O)[*])C(C)C,[*]COC(=O)OC(CNC([*])CC)C(C)C,4.44e-05,-4.35261702988538,1,-4.428174916352049
24657,CCC(COC(=O)*)N(CC)CCO*,CCC(COC(=O)[*])N(CC)CCO[*],[*]COC(=O)OCCN(CC)C([*])CC,4.68e-05,-4.329754146925876,3,-4.221628486543614
24658,CCCC(CC)NC(CO*)COC(=O)*,CCCC(CC)NC(CO[*])COC(=O)[*],[*]COC(=O)OCC([*])NC(CC)CCC,3.12e-05,-4.505845405981558,2,-4.563787509464523
24659,CCN(CCCOC(=O)*)CC(C)N*,CCN(CCCOC(=O)[*])CC(C)N[*],[*]CCCOC(=O)NC(C)CN([*])CC,8.58e-05,-4.066512712151295,1,-4.0846325479907675
24660,CC(C)CC(CNC(C)C(C)OC(=O)*)O*,CC(C)CC(CNC(C)C(C)OC(=O)[*])O[*],[*]CNC(C)C(C)OC(=O)OC([*])CC(C)C,3.86e-05,-4.413412695328245,1,-4.405405197870297
24661,COC(CNC(=O)*)C(=O)N(C)CCCO*,COC(CNC(=O)[*])C(=O)N(C)CCCO[*],[*]CNC(=O)OCCCN(C)C(=O)C([*])OC,6.93e-05,-4.159266765388193,1,-4.278903315793994
24662,CCC(NCC(COC(=O)*)O*)C(=O)OC,CCC(NCC(COC(=O)[*])O[*])C(=O)OC,[*]COC(=O)OC([*])CNC(CC)C(=O)OC,4.19e-05,-4.377785977033705,0,-4.291002445993996
24663,CC(C)C(CNCCCCOC(=O)*)O*,CC(C)C(CNCCCCOC(=O)[*])O[*],[*]CNCCCCOC(=O)OC([*])C(C)C,6.01e-05,-4.221125527997261,2,-4.273145511961106
24664,CC(CCCCO*)NC(C)COC(=O)*,CC(CCCCO[*])NC(C)COC(=O)[*],[*]CCCCOC(=O)OCC(C)NC([*])C,6.87e-05,-4.16304326294045,2,-4.204257545281603
24665,CC(NCC(C)(C)CCOC(=O)*)C(C)O*,CC(NCC(C)(C)CCOC(=O)[*])C(C)O[*],[*]NCC(C)(C)CCOC(=O)OC(C)C([*])C,4.98e-05,-4.302770657240282,1,-4.478249019378427
24666,CC(C)(C)C(CCOC(=O)*)NCCO*,CC(C)(C)C(CCOC(=O)[*])NCCO[*],[*]CCOC(=O)OCCNC([*])C(C)(C)C,2.72e-05,-4.565431095965801,1,-4.323092646673627
24667,CC(CN(C)CC(C)(C)OC(=O)*)N*,CC(CN(C)CC(C)(C)OC(=O)[*])N[*],[*]CN(C)CC(C)(C)OC(=O)NC([*])C,4.01e-05,-4.396855627379818,3,-4.3048835155789105
24668,CC(C)(C)C(CCOC(=O)*)NCCCO*,CC(C)(C)C(CCOC(=O)[*])NCCCO[*],[*]CCOC(=O)OCCCNC([*])C(C)(C)C,5.88e-05,-4.230622673923862,2,-4.371930693936049
24669,CCC(CO*)NC(C)CCCCOC(=O)*,CCC(CO[*])NC(C)CCCCOC(=O)[*],[*]COC(=O)OCCCCC(C)NC([*])CC,5.47e-05,-4.262012673666569,0,-4.176483600495824
24670,CC(C)CCN(C)CC(COC(=O)*)O*,CC(C)CCN(C)CC(COC(=O)[*])O[*],[*]COC(=O)OC([*])CN(C)CCC(C)C,8.79e-05,-4.056011124926228,1,-4.181562455657913
24671,CC(CO*)CC(C)COC(=O)*,CC(CO[*])CC(C)COC(=O)[*],[*]COC(=O)OCC(C)CC([*])C,4.26e-05,-4.370590400897281,2,-4.3849315885585645
24672,CCOCC(=O)N(C)CC(CO*)OC(=O)*,CCOCC(=O)N(C)CC(CO[*])OC(=O)[*],[*]COC(=O)OC([*])CN(C)C(=O)COCC,6.63e-05,-4.178486471595227,3,-4.304365275935561
24673,CNC(=O)CCN(C)CC(CO*)OC(=O)*,CNC(=O)CCN(C)CC(CO[*])OC(=O)[*],[*]COC(=O)OC([*])CN(C)CCC(=O)NC,5.89e-05,-4.229884705212898,3,-4.038579467492317
24674,COC(=O)C(CNCCCCO*)OC(=O)*,COC(=O)C(CNCCCCO[*])OC(=O)[*],[*]CNCCCCOC(=O)OC([*])C(=O)OC,9e-05,-4.045757490560675,1,-4.153186323385075
24675,COC(=O)CN(CCCO*)CCOC(=O)*,COC(=O)CN(CCCO[*])CCOC(=O)[*],[*]CCCOC(=O)OCCN([*])CC(=O)OC,0.00011,-3.958607314841775,1,-3.991009345722281
24676,COC(CNC(=O)*)C(=O)NC(C)(C)CN*,COC(CNC(=O)[*])C(=O)NC(C)(C)CN[*],[*]CNC(=O)NCC(C)(C)NC(=O)C([*])OC,6.65e-05,-4.177178354696896,0,-4.401995072937577
24677,C=C(F)C(=O)NCC(COC(=O)*)O*,C=C(F)C(=O)NCC(COC(=O)[*])O[*],[*]COC(=O)OC([*])CNC(=O)C(=C)F,6.01e-05,-4.221125527997261,3,-4.222621451440539
24678,CC(=O)OCC(COC(=O)*)NC(=O)CO*,CC(=O)OCC(COC(=O)[*])NC(=O)CO[*],[*]COC(=O)OCC(=O)NC([*])COC(C)=O,7.39e-05,-4.131355561605174,1,-4.268157654743735
24679,CNCCCC(=O)NCC(CNC(=O)*)O*,CNCCCC(=O)NCC(CNC(=O)[*])O[*],[*]CNC(=O)OC([*])CNC(=O)CCCNC,8e-05,-4.096910013008056,3,-4.105499179058702
24680,COCCCNC(=O)CC(CN*)OC(=O)*,COCCCNC(=O)CC(CN[*])OC(=O)[*],[*]CNC(=O)OC([*])CC(=O)NCCCOC,0.000118,-3.9281179926938745,0,-4.007515636971659
24681,CN(C)CC(CO*)NC(=O)COC(=O)*,CN(C)CC(CO[*])NC(=O)COC(=O)[*],[*]COC(=O)OCC(=O)NC([*])CN(C)C,6.56e-05,-4.18309616062434,1,-4.274433264247793
24682,COC(CN*)C(=O)NCC(C)(C)NC(=O)*,COC(CN[*])C(=O)NCC(C)(C)NC(=O)[*],[*]CNC(=O)NC(C)(C)CNC(=O)C([*])OC,4.5e-05,-4.346787486224656,1,-4.254217887468133
24683,CCC(NC)C(=O)NCC(CO*)OC(=O)*,CCC(NC)C(=O)NCC(CO[*])OC(=O)[*],[*]COC(=O)OC([*])CNC(=O)C(CC)NC,5.78e-05,-4.238072161579471,1,-4.220751637018779
24684,O=C(NCC(F)F)NC(CO*)COC(=O)*,O=C(NCC(F)F)NC(CO[*])COC(=O)[*],[*]COC(=O)OCC([*])NC(=O)NCC(F)F,7.26e-05,-4.139063379299906,1,-4.118317740163424
24685,CC(CNS(=O)(=O)CCN*)OC(=O)*,CC(CNS(=O)(=O)CCN[*])OC(=O)[*],[*]CNS(=O)(=O)CCNC(=O)OC([*])C,2.94e-05,-4.531652669587842,1,-4.283530460686434
24686,COC(=O)C(COC(=O)*)NCC(C)(C)O*,COC(=O)C(COC(=O)[*])NCC(C)(C)O[*],[*]COC(=O)OC(C)(C)CNC([*])C(=O)OC,2.78e-05,-4.555955204081924,3,-4.400444994329728
24687,CCCN(CC(N)=O)CC(COC(=O)*)O*,CCCN(CC(N)=O)CC(COC(=O)[*])O[*],[*]COC(=O)OC([*])CN(CCC)CC(N)=O,8.32e-05,-4.079876673709276,2,-3.947095656065329
24688,CC(=O)NCCN(C)CC(CO*)OC(=O)*,CC(=O)NCCN(C)CC(CO[*])OC(=O)[*],[*]COC(=O)OC([*])CN(C)CCNC(C)=O,6.03e-05,-4.219682687859849,2,-4.028812176777511
24689,CNC(=S)NCC(CO*)OC(=O)*,CNC(=S)NCC(CO[*])OC(=O)[*],[*]COC(=O)OC([*])CNC(=S)NC,5.16e-05,-4.287350298372789,1,-4.381904017875128
24690,COC(=O)CN(C)CC(OC(=O)*)C(C)O*,COC(=O)CN(C)CC(OC(=O)[*])C(C)O[*],[*]OC(=O)OC(C)C([*])CN(C)CC(=O)OC,8.76e-05,-4.057495893831919,2,-4.263754703151056
24691,CC(=O)CN(C)C(=O)CC(CN*)OC(=O)*,CC(=O)CN(C)C(=O)CC(CN[*])OC(=O)[*],[*]CNC(=O)OC([*])CC(=O)N(C)CC(C)=O,5.49e-05,-4.260427655549908,1,-4.212283106655894
24692,CCOCCNC(=O)CC(CNC(=O)*)O*,CCOCCNC(=O)CC(CNC(=O)[*])O[*],[*]CNC(=O)OC([*])CC(=O)NCCOCC,4.74e-05,-4.324221658325915,0,-4.05787902057319
24693,CCC(COC)NC(=O)C(CO*)NC(=O)*,CCC(COC)NC(=O)C(CO[*])NC(=O)[*],[*]COC(=O)NC([*])C(=O)NC(CC)COC,7.87e-05,-4.104025267640935,1,-4.251314949340343
24694,COCC(C)(OC(=O)*)C(=O)NCCCO*,COCC(C)(OC(=O)[*])C(=O)NCCCO[*],[*]OC(=O)OCCCNC(=O)C([*])(C)COC,7.28e-05,-4.137868620686963,2,-4.136367159513931
24695,CCN(CCNC(=O)*)C(=O)C(CN*)OC,CCN(CCNC(=O)[*])C(=O)C(CN[*])OC,[*]CCNC(=O)NCC(OC)C(=O)N([*])CC,6.12e-05,-4.213248577854439,2,-4.316367876457483
24696,O=C(CNCCN*)NCC(CF)OC(=O)*,O=C(CNCCN[*])NCC(CF)OC(=O)[*],[*]CNCCNC(=O)OC(CF)CNC([*])=O,0.000112,-3.9507819773298185,2,-3.939861255199103
24697,COC(C)C(=O)N(C)CC(COC(=O)*)O*,COC(C)C(=O)N(C)CC(COC(=O)[*])O[*],[*]COC(=O)OC([*])CN(C)C(=O)C(C)OC,4.68e-05,-4.329754146925876,2,-4.245238371411639
24698,CC(CN(C)C(=O)COCCNC(=O)*)N*,CC(CN(C)C(=O)COCCNC(=O)[*])N[*],[*]CN(C)C(=O)COCCNC(=O)NC([*])C,7.98e-05,-4.09799710864927,0,-4.176753652849403
24699,C=C(N)C(=O)NCC(COC(=O)*)O*,C=C(N)C(=O)NCC(COC(=O)[*])O[*],[*]COC(=O)OC([*])CNC(=O)C(=C)N,6.51e-05,-4.186419011431808,1,-4.182659058430357
24700,CNC(=O)C(=O)N(C)CC(COC(=O)*)O*,CNC(=O)C(=O)N(C)CC(COC(=O)[*])O[*],[*]COC(=O)OC([*])CN(C)C(=O)C(=O)NC,5.61e-05,-4.251037138743839,0,-4.327685171056705
24701,CCC(CNCC(=O)NCCO*)OC(=O)*,CCC(CNCC(=O)NCCO[*])OC(=O)[*],[*]CNCC(=O)NCCOC(=O)OC([*])CC,0.000122,-3.913640169325252,3,-3.980955858416355
24702,CC(CN(C)C(=O)CN*)NC(=O)*,CC(CN(C)C(=O)CN[*])NC(=O)[*],[*]CN(C)C(=O)CNC(=O)NC([*])C,5.53e-05,-4.257274868695302,2,-4.411665491616484
24703,CC(OC(=O)*)C(CN(C)CCC(N)=O)O*,CC(OC(=O)[*])C(CN(C)CCC(N)=O)O[*],[*]OC(=O)OC(CN(C)CCC(N)=O)C([*])C,0.00012,-3.9208187539523753,0,-4.1110777051394845
24704,COCC(N*)C(=O)N(C)C(C)CNC(=O)*,COCC(N[*])C(=O)N(C)C(C)CNC(=O)[*],[*]NC(=O)NCC(C)N(C)C(=O)C([*])COC,4.2e-05,-4.376750709602099,3,-4.312289862156055
24705,CC(=O)OCC(N*)C(=O)NCCNC(=O)*,CC(=O)OCC(N[*])C(=O)NCCNC(=O)[*],[*]NC(=O)NCCNC(=O)C([*])COC(C)=O,8.79e-05,-4.056011124926228,1,-4.284234632966278
24706,O=C(*)NCCNC(=O)C(N*)C(F)(F)F,O=C([*])NCCNC(=O)C(N[*])C(F)(F)F,[*]NCCNC(=O)C(NC([*])=O)C(F)(F)F,5.77e-05,-4.238824186844268,3,-4.192619637311107
24707,CN(CCN*)C(=O)COCCNC(=O)*,CN(CCN[*])C(=O)COCCNC(=O)[*],[*]CCNC(=O)NCCOCC(=O)N([*])C,9.3e-05,-4.031517051446065,0,-4.017043238101063
24708,CC(C)OCC(=O)NCC(CNC(=O)*)O*,CC(C)OCC(=O)NCC(CNC(=O)[*])O[*],[*]CNC(=O)OC([*])CNC(=O)COC(C)C,5.03e-05,-4.298432014944073,0,-4.190759733728024
24709,CN(C)C(=O)C(CCN*)NC(=O)*,CN(C)C(=O)C(CCN[*])NC(=O)[*],[*]CCNC(=O)NC([*])C(=O)N(C)C,5.32e-05,-4.274088367704952,1,-4.318322445090882
24710,COC(=O)CNC(=O)CC(CN*)OC(=O)*,COC(=O)CNC(=O)CC(CN[*])OC(=O)[*],[*]CNC(=O)OC([*])CC(=O)NCC(=O)OC,4.61e-05,-4.336299074610352,2,-4.122697093902751
24711,CC(CNC(COC(=O)*)CN(C)C)O*,CC(CNC(COC(=O)[*])CN(C)C)O[*],[*]CNC(COC(=O)OC([*])C)CN(C)C,7.17e-05,-4.1444808443322,3,-4.16790908566239
24712,O=C(CO*)NCCCNC(=O)COC(=O)*,O=C(CO[*])NCCCNC(=O)COC(=O)[*],[*]COC(=O)OCC(=O)NCCCNC([*])=O,7.43e-05,-4.129011186239425,2,-4.00616891766732
24713,CNCCNC(=O)C(CN*)NC(=O)*,CNCCNC(=O)C(CN[*])NC(=O)[*],[*]CNC(=O)NC([*])C(=O)NCCNC,5.52e-05,-4.2580609222708015,3,-4.173601490496626
24714,O=C(*)NC(C(=O)NCCO*)C(F)(F)F,O=C([*])NC(C(=O)NCCO[*])C(F)(F)F,[*]NC(C(=O)NCCOC([*])=O)C(F)(F)F,4.83e-05,-4.316052869248487,0,-4.213662273156027
24715,O=C(COC(F)F)NC(CO*)COC(=O)*,O=C(COC(F)F)NC(CO[*])COC(=O)[*],[*]COC(=O)OCC([*])NC(=O)COC(F)F,3.81e-05,-4.419075024324381,3,-4.221321664559707
24716,COCC(O*)C(=O)OCC(C)OC(=O)*,COCC(O[*])C(=O)OCC(C)OC(=O)[*],[*]OC(=O)OC(C)COC(=O)C([*])COC,5.17e-05,-4.286509456906058,2,-4.262129364814381
24717,COCC(C)(OC(=O)*)C(=O)NCCO*,COCC(C)(OC(=O)[*])C(=O)NCCO[*],[*]OC(=O)OCCNC(=O)C([*])(C)COC,6.25e-05,-4.204119982655925,0,-4.1756138016199555
24718,CC(CN(C)C(=O)CNCCN*)NC(=O)*,CC(CN(C)C(=O)CNCCN[*])NC(=O)[*],[*]CN(C)C(=O)CNCCNC(=O)NC([*])C,4.95e-05,-4.305394801066432,3,-4.125058519231528
24719,COCC(O*)C(=O)OCCOC(=O)*,COCC(O[*])C(=O)OCCOC(=O)[*],[*]OC(=O)OCCOC(=O)C([*])COC,6.87e-05,-4.16304326294045,1,-4.18364963480425
24720,COCC(NC(=O)*)C(=O)N(C)CCCN*,COCC(NC(=O)[*])C(=O)N(C)CCCN[*],[*]NC(=O)NCCCN(C)C(=O)C([*])COC,6.36e-05,-4.196542884351586,1,-4.331839230725198
24721,COC(=O)C(NCC(C)O*)C(C)OC(=O)*,COC(=O)C(NCC(C)O[*])C(C)OC(=O)[*],[*]NCC(C)OC(=O)OC(C)C([*])C(=O)OC,3.27e-05,-4.485452247339714,0,-4.4371233472153335
24722,CC(CC(=O)NCC(=O)CCOC(=O)*)O*,CC(CC(=O)NCC(=O)CCOC(=O)[*])O[*],[*]CC(=O)NCC(=O)CCOC(=O)OC([*])C,6.27e-05,-4.202732459169283,3,-4.247485778951258
24723,CN(C)CCNC(=O)C(CCNC(=O)*)N*,CN(C)CCNC(=O)C(CCNC(=O)[*])N[*],[*]CCNC(=O)NC([*])C(=O)NCCN(C)C,5.67e-05,-4.246416941107094,2,-4.117239339119454
24724,CCOC(=O)C(COC(=O)*)NCC(C)O*,CCOC(=O)C(COC(=O)[*])NCC(C)O[*],[*]COC(=O)OC(C)CNC([*])C(=O)OCC,3.5e-05,-4.455931955649724,2,-4.223722579722515
24725,CCN(CCNC(=O)*)C(=O)NCCN*,CCN(CCNC(=O)[*])C(=O)NCCN[*],[*]CCNC(=O)NCCNC(=O)N([*])CC,4.32e-05,-4.364516253185088,1,-4.221466196188886
24726,CNC(=S)NC(CO*)COC(=O)*,CNC(=S)NC(CO[*])COC(=O)[*],[*]COC(=O)OCC([*])NC(=S)NC,4.54e-05,-4.342944147142896,1,-4.415404845645397
24727,CCN(CC(=O)NC)CC(COC(=O)*)O*,CCN(CC(=O)NC)CC(COC(=O)[*])O[*],[*]COC(=O)OC([*])CN(CC)CC(=O)NC,6.11e-05,-4.213958789757446,0,-3.9684951022583626
24728,CNC(=O)CNC(=O)CC(CNC(=O)*)O*,CNC(=O)CNC(=O)CC(CNC(=O)[*])O[*],[*]CNC(=O)OC([*])CC(=O)NCC(=O)NC,9.16e-05,-4.03810452633215,1,-4.227296563498191
24729,CONC(=O)C(O*)C(C)(C)OC(=O)*,CONC(=O)C(O[*])C(C)(C)OC(=O)[*],[*]OC(=O)OC(C)(C)C([*])C(=O)NOC,4.35e-05,-4.361510743045363,0,-4.420763219880786
24730,COCC(CNCC(O*)C(=O)O)OC(=O)*,COCC(CNCC(O[*])C(=O)O)OC(=O)[*],[*]CNCC(OC(=O)OC([*])COC)C(=O)O,6.74e-05,-4.17134010346468,2,-4.201400098766725
24731,COCCCC(=O)NCC(CN*)OC(=O)*,COCCCC(=O)NCC(CN[*])OC(=O)[*],[*]CNC(=O)OC([*])CNC(=O)CCCOC,0.000135,-3.869666231504994,0,-3.9818236772580287
24732,COCC(CCNC(=O)C(C)O*)OC(=O)*,COCC(CCNC(=O)C(C)O[*])OC(=O)[*],[*]CCNC(=O)C(C)OC(=O)OC([*])COC,7.66e-05,-4.115771230367396,2,-4.137734507128213
24733,CC(C)(CNC(=O)CO*)OCCOC(=O)*,CC(C)(CNC(=O)CO[*])OCCOC(=O)[*],[*]CNC(=O)COC(=O)OCCOC([*])(C)C,5.76e-05,-4.239577516576788,2,-4.042097629952686
24734,CCC(COC)NC(=O)C(CNC(=O)*)N*,CCC(COC)NC(=O)C(CNC(=O)[*])N[*],[*]CNC(=O)NC([*])C(=O)NC(CC)COC,7.41e-05,-4.130181792020672,0,-4.231271799310584
24735,COC(=O)C(CNCCC(C)OC(=O)*)O*,COC(=O)C(CNCCC(C)OC(=O)[*])O[*],[*]CNCCC(C)OC(=O)OC([*])C(=O)OC,5.87e-05,-4.231361898752385,3,-4.2648215675002685
24736,COCC(=O)NC(COC(=O)*)C(C)O*,COCC(=O)NC(COC(=O)[*])C(C)O[*],[*]COC(=O)OC(C)C([*])NC(=O)COC,6.79e-05,-4.168130225719499,2,-4.133239247473322
24737,N=CNC(=O)CC(CNC(=O)*)O*,N=CNC(=O)CC(CNC(=O)[*])O[*],[*]CNC(=O)OC([*])CC(=O)NC=N,4.92e-05,-4.308034897232639,0,-4.341130153860764
24738,COC(C)C(=O)NC(COC(=O)*)C(C)O*,COC(C)C(=O)NC(COC(=O)[*])C(C)O[*],[*]COC(=O)OC(C)C([*])NC(=O)C(C)OC,4.11e-05,-4.386158178123931,1,-4.295551171557261
24739,CC(=O)CN(C)C(=O)C(CN*)NC(=O)*,CC(=O)CN(C)C(=O)C(CN[*])NC(=O)[*],[*]CNC(=O)NC([*])C(=O)N(C)CC(C)=O,3.37e-05,-4.4723700991286615,0,-4.253208811378155
24740,CONC(=O)CC(CNC(=O)*)O*,CONC(=O)CC(CNC(=O)[*])O[*],[*]CNC(=O)OC([*])CC(=O)NOC,6.44e-05,-4.191114132640188,2,-4.244284332140713
24741,CNC(=O)C(=O)NC(CO*)COC(=O)*,CNC(=O)C(=O)NC(CO[*])COC(=O)[*],[*]COC(=O)OCC([*])NC(=O)C(=O)NC,5.31e-05,-4.274905478918531,3,-4.330727335102567
24742,COCC(COC(=O)*)NC(=O)CCO*,COCC(COC(=O)[*])NC(=O)CCO[*],[*]COC(=O)OCCC(=O)NC([*])COC,8e-05,-4.096910013008056,2,-4.109214557486001
24743,COCC(COC(=O)*)NC(=O)C(C)(C)O*,COCC(COC(=O)[*])NC(=O)C(C)(C)O[*],[*]COC(=O)OC(C)(C)C(=O)NC([*])COC,4.82e-05,-4.31695296176115,1,-4.241596325261913
24744,COC(=O)C(CCNC(=O)COC(=O)*)O*,COC(=O)C(CCNC(=O)COC(=O)[*])O[*],[*]CCNC(=O)COC(=O)OC([*])C(=O)OC,9.62e-05,-4.016824927962187,1,-4.251646733953169
24745,N=CNC(=O)C(CNC(=O)*)N*,N=CNC(=O)C(CNC(=O)[*])N[*],[*]CNC(=O)NC([*])C(=O)NC=N,6.57e-05,-4.182434630440219,3,-4.368798306694942
24746,CC(NC(=O)*)C(=O)NCC=CCO*,CC(NC(=O)[*])C(=O)NCC=CCO[*],[*]NC(=O)OCC=CCNC(=O)C([*])C,4.49e-05,-4.347753658996677,1,-4.2151281170930215
24747,CNCCNC(=O)C(CCCNC(=O)*)N*,CNCCNC(=O)C(CCCNC(=O)[*])N[*],[*]CCCNC(=O)NC([*])C(=O)NCCNC,7.14e-05,-4.146301788223826,1,-4.085266652683824
24748,CN(CC(N)=O)C(=O)CC(CN*)OC(=O)*,CN(CC(N)=O)C(=O)CC(CN[*])OC(=O)[*],[*]CNC(=O)OC([*])CC(=O)N(C)CC(N)=O,7.41e-05,-4.130181792020672,0,-4.131213981615685
24749,COCC(CNC(=O)CCOC(=O)*)O*,COCC(CNC(=O)CCOC(=O)[*])O[*],[*]CNC(=O)CCOC(=O)OC([*])COC,8.62e-05,-4.064492734175287,3,-4.061867407099604
24750,CCC(CO*)(COC(=O)*)NC(=O)C(N)=O,CCC(CO[*])(COC(=O)[*])NC(=O)C(N)=O,[*]COC(=O)OCC([*])(CC)NC(=O)C(N)=O,5.66e-05,-4.247183568811729,0,-4.377483696242012
24751,CCOCC(=O)NCC(CN*)OC(=O)*,CCOCC(=O)NCC(CN[*])OC(=O)[*],[*]CNC(=O)OC([*])CNC(=O)COCC,6.16e-05,-4.210419287835575,1,-4.074539553581577
24752,CCNC(C)C(=O)NCC(CO*)OC(=O)*,CCNC(C)C(=O)NCC(CO[*])OC(=O)[*],[*]COC(=O)OC([*])CNC(=O)C(C)NCC,6.82e-05,-4.166215625343521,3,-4.37816380309733
24753,NC(=O)CCNC(=O)CC(CN*)OC(=O)*,NC(=O)CCNC(=O)CC(CN[*])OC(=O)[*],[*]CNC(=O)OC([*])CC(=O)NCCC(N)=O,6.03e-05,-4.219682687859849,2,-3.970679126136296
24754,CC(N*)C(=O)N(C)CCOCCNC(=O)*,CC(N[*])C(=O)N(C)CCOCCNC(=O)[*],[*]NC(=O)NCCOCCN(C)C(=O)C([*])C,4.42e-05,-4.354577730650908,3,-4.190581748523512
24755,CN(C)CCNC(=O)CC(CNC(=O)*)O*,CN(C)CCNC(=O)CC(CNC(=O)[*])O[*],[*]CNC(=O)OC([*])CC(=O)NCCN(C)C,5.78e-05,-4.238072161579471,2,-4.080834821719118
24756,CCN(CCC(N)=O)CC(CO*)OC(=O)*,CCN(CCC(N)=O)CC(CO[*])OC(=O)[*],[*]COC(=O)OC([*])CN(CC)CCC(N)=O,9.03e-05,-4.044312249686494,3,-4.022051921934885
24757,CC(CCNC(=O)*)NC(=O)COCCN*,CC(CCNC(=O)[*])NC(=O)COCCN[*],[*]CCNC(=O)NCCOCC(=O)NC([*])C,6.56e-05,-4.18309616062434,0,-4.060031324401137
24758,CN(CCCN*)C(=O)COCCNC(=O)*,CN(CCCN[*])C(=O)COCCNC(=O)[*],[*]CCCNC(=O)NCCOCC(=O)N([*])C,0.000132,-3.87942606879415,2,-3.979706067781178
24759,COCC=CC(=O)NC(CO*)COC(=O)*,COCC=CC(=O)NC(CO[*])COC(=O)[*],[*]COC(=O)OCC([*])NC(=O)C=CCOC,0.000114,-3.9430951486635273,3,-4.176345272130538
24760,COCC(C)(CO*)NC(=O)C(C)NC(=O)*,COCC(C)(CO[*])NC(=O)C(C)NC(=O)[*],[*]COC(=O)NC(C)C(=O)NC([*])(C)COC,6.53e-05,-4.185086818724926,3,-4.333198230673695
24761,COC(C)C(=O)NCC(CN*)OC(=O)*,COC(C)C(=O)NCC(CN[*])OC(=O)[*],[*]CNC(=O)OC([*])CNC(=O)C(C)OC,3.54e-05,-4.450996737974212,2,-4.165042426412549
24762,CC(=O)OCC(NC(=O)*)C(=O)NCCO*,CC(=O)OCC(NC(=O)[*])C(=O)NCCO[*],[*]NC(=O)OCCNC(=O)C([*])COC(C)=O,3.15e-05,-4.501689446210399,2,-4.246091462454772
24763,NC(=O)CCNC(=O)C(CN*)NC(=O)*,NC(=O)CCNC(=O)C(CN[*])NC(=O)[*],[*]CNC(=O)NC([*])C(=O)NCCC(N)=O,6.55e-05,-4.183758700008217,0,-4.081923011256797
24764,CCNC(=O)CN(CCN*)CCOC(=O)*,CCNC(=O)CN(CCN[*])CCOC(=O)[*],[*]CCNC(=O)OCCN([*])CC(=O)NCC,7.84e-05,-4.105683937315562,1,-3.9599511744681815
24765,CC(CN*)CNC(=O)COCCNC(=O)*,CC(CN[*])CNC(=O)COCCNC(=O)[*],[*]CNC(=O)COCCNC(=O)NCC([*])C,7.15e-05,-4.145693958198919,2,-3.968823968458275
24766,O=C(*)NCCC(=O)NCC=CCO*,O=C([*])NCCC(=O)NCC=CCO[*],[*]CCNC(=O)OCC=CCNC([*])=O,7.55e-05,-4.122053048370812,3,-4.187909255991925
24767,CC(N*)C(=O)NC(COC(=O)*)CN(C)C,CC(N[*])C(=O)NC(COC(=O)[*])CN(C)C,[*]NC(=O)OCC(CN(C)C)NC(=O)C([*])C,7.32e-05,-4.135488918941608,3,-4.238419242438384
24768,COCC(C)(CNC(=O)C(C)NC(=O)*)O*,COCC(C)(CNC(=O)C(C)NC(=O)[*])O[*],[*]CNC(=O)C(C)NC(=O)OC([*])(C)COC,4.92e-05,-4.308034897232639,1,-4.281001389978932
24769,O=C(CCOC(=O)*)NCC(CF)O*,O=C(CCOC(=O)[*])NCC(CF)O[*],[*]CCOC(=O)OC(CF)CNC([*])=O,5.85e-05,-4.23284413391782,3,-4.069379152151311
24770,NC(=O)CNC(=O)CC(CNC(=O)*)O*,NC(=O)CNC(=O)CC(CNC(=O)[*])O[*],[*]CNC(=O)OC([*])CC(=O)NCC(N)=O,4.92e-05,-4.308034897232639,1,-4.157699887969053
24771,O=C(NCC(F)F)NCC(COC(=O)*)O*,O=C(NCC(F)F)NCC(COC(=O)[*])O[*],[*]COC(=O)OC([*])CNC(=O)NCC(F)F,0.000106,-3.9746941347352296,2,-3.9782696422986557
24772,COCC(C)NC(=O)CC(CNC(=O)*)O*,COCC(C)NC(=O)CC(CNC(=O)[*])O[*],[*]CNC(=O)OC([*])CC(=O)NC(C)COC,8.34e-05,-4.078833949362261,3,-4.126840246658897
24773,CC(CNCC(O*)C(=O)O)OC(=O)*,CC(CNCC(O[*])C(=O)O)OC(=O)[*],[*]CNCC(OC(=O)OC([*])C)C(=O)O,3.99e-05,-4.399027104313252,2,-4.351953555895102
24774,COC(=O)C(CNC(C)CCOC(=O)*)O*,COC(=O)C(CNC(C)CCOC(=O)[*])O[*],[*]CNC(C)CCOC(=O)OC([*])C(=O)OC,5.04e-05,-4.297569463554475,3,-4.1292304856205035
24775,COC(CN*)C(=O)NCC=CCOC(=O)*,COC(CN[*])C(=O)NCC=CCOC(=O)[*],[*]CNC(=O)OCC=CCNC(=O)C([*])OC,9.81e-05,-4.008330992620052,2,-4.260108340685415
24776,COC(CN(C)CC(CO*)OC(=O)*)OC,COC(CN(C)CC(CO[*])OC(=O)[*])OC,[*]COC(=O)OC([*])CN(C)CC(OC)OC,0.000161,-3.7931741239681513,3,-4.236665837001196
24777,COCCOC(=O)NCC(COC(=O)*)O*,COCCOC(=O)NCC(COC(=O)[*])O[*],[*]COC(=O)OC([*])CNC(=O)OCCOC,5.69e-05,-4.244887733604929,3,-4.053381919660474
24778,CNC(=O)C(=O)NCC(O*)C(C)OC(=O)*,CNC(=O)C(=O)NCC(O[*])C(C)OC(=O)[*],[*]OC(=O)OC(C)C([*])CNC(=O)C(=O)NC,4.94e-05,-4.306273051076353,3,-4.278348985331
24779,COCCCN(C)C(=O)C(CO*)NC(=O)*,COCCCN(C)C(=O)C(CO[*])NC(=O)[*],[*]COC(=O)NC([*])C(=O)N(C)CCCOC,4.48e-05,-4.348721986001856,0,-4.197148153865568
24780,O=C(*)OCCN(CCN*)C(=O)C(=O)O,O=C([*])OCCN(CCN[*])C(=O)C(=O)O,[*]NCCN(CCOC([*])=O)C(=O)C(=O)O,4.92e-05,-4.308034897232639,1,-4.268261309679724
24781,CNC(=O)C(OC(=O)*)C(C)(C)O*,CNC(=O)C(OC(=O)[*])C(C)(C)O[*],[*]OC(=O)OC(C)(C)C([*])C(=O)NC,2.9e-05,-4.537602002101044,0,-4.455565441808269
24782,CC(=O)OCC(=O)NCC(CO*)OC(=O)*,CC(=O)OCC(=O)NCC(CO[*])OC(=O)[*],[*]COC(=O)OC([*])CNC(=O)COC(C)=O,0.000104,-3.98296666070122,0,-4.187430030887596
24783,NC(=O)CNC(=O)C(CCNC(=O)*)N*,NC(=O)CNC(=O)C(CCNC(=O)[*])N[*],[*]CCNC(=O)NC([*])C(=O)NCC(N)=O,6.27e-05,-4.202732459169283,3,-4.174168666771833
24784,COC(=O)C(CNCC(C)O*)OC(=O)*,COC(=O)C(CNCC(C)O[*])OC(=O)[*],[*]CNCC(C)OC(=O)OC([*])C(=O)OC,4.01e-05,-4.396855627379818,0,-4.253375516610931
24785,CCOC(C)C(=O)NC(CO*)COC(=O)*,CCOC(C)C(=O)NC(CO[*])COC(=O)[*],[*]COC(=O)OCC([*])NC(=O)C(C)OCC,9.3e-05,-4.031517051446065,3,-4.3400889035623145
24786,CCC(=O)C(=O)NC(CO*)C(C)OC(=O)*,CCC(=O)C(=O)NC(CO[*])C(C)OC(=O)[*],[*]COC(=O)OC(C)C([*])NC(=O)C(=O)CC,2.53e-05,-4.596879478824183,3,-4.437740023357606
24787,CC(C)(O*)C(=O)NCC(=O)CCOC(=O)*,CC(C)(O[*])C(=O)NCC(=O)CCOC(=O)[*],[*]OC(=O)OCCC(=O)CNC(=O)C([*])(C)C,6.76e-05,-4.170053304058364,2,-4.17765053688804
24788,CCC(CN(CC)C(C)CO*)OC(=O)*,CCC(CN(CC)C(C)CO[*])OC(=O)[*],[*]CN(CC)C(C)COC(=O)OC([*])CC,4.49e-05,-4.347753658996677,0,-4.2570501953042745
24789,COC(=O)C(CC(=O)NCCO*)NC(=O)*,COC(=O)C(CC(=O)NCCO[*])NC(=O)[*],[*]CC(=O)NCCOC(=O)NC([*])C(=O)OC,4.05e-05,-4.392544976785332,1,-4.337180393172988
24790,CC(OC(=O)*)C(=O)NC(CO*)CN(C)C,CC(OC(=O)[*])C(=O)NC(CO[*])CN(C)C,[*]OC(=O)OCC(CN(C)C)NC(=O)C([*])C,0.000117,-3.9318141382538383,3,-4.170286070385474
24791,COCCC(=O)NCC(CNC(=O)*)O*,COCCC(=O)NCC(CNC(=O)[*])O[*],[*]CNC(=O)OC([*])CNC(=O)CCOC,0.00013,-3.886056647693163,1,-4.093699337977902
24792,COCCNC(=O)C(NC(=O)*)C(C)O*,COCCNC(=O)C(NC(=O)[*])C(C)O[*],[*]NC(=O)OC(C)C([*])C(=O)NCCOC,6.52e-05,-4.185752404268079,1,-4.226659539955384
24793,CNCCNC(=O)CC(CNC(=O)*)O*,CNCCNC(=O)CC(CNC(=O)[*])O[*],[*]CNC(=O)OC([*])CC(=O)NCCNC,8.17e-05,-4.087777943467585,2,-4.064356314010691
24794,CCCCN(CC(C)O*)C(C)COC(=O)*,CCCCN(CC(C)O[*])C(C)COC(=O)[*],[*]CC(C)OC(=O)OCC(C)N([*])CCCC,2.06e-05,-4.686132779630847,2,-4.477229003434694
24795,CNC(=S)NC(C)(CO*)COC(=O)*,CNC(=S)NC(C)(CO[*])COC(=O)[*],[*]COC(=O)OCC([*])(C)NC(=S)NC,1.69e-05,-4.772113295386326,2,-4.502981910279261
24796,CCONC(=O)NC(C)(CO*)COC(=O)*,CCONC(=O)NC(C)(CO[*])COC(=O)[*],[*]COC(=O)OCC([*])(C)NC(=O)NOCC,6.45e-05,-4.1904402853647325,3,-4.328364455239209
24797,CCOC(=O)CN(CCNC(=O)*)CCO*,CCOC(=O)CN(CCNC(=O)[*])CCO[*],[*]CCNC(=O)OCCN([*])CC(=O)OCC,0.000114,-3.9430951486635273,1,-4.027459606134268
24798,CCOC(C)C(=O)NCC(CN*)OC(=O)*,CCOC(C)C(=O)NCC(CN[*])OC(=O)[*],[*]CNC(=O)OC([*])CNC(=O)C(C)OCC,0.000112,-3.9507819773298185,3,-4.219818902857855
24799,CNC(=O)CN(C)CC(CO*)OC(=O)*,CNC(=O)CN(C)CC(CO[*])OC(=O)[*],[*]COC(=O)OC([*])CN(C)CC(=O)NC,5.74e-05,-4.241088107602026,3,-4.090347032025011
24800,CC(=O)C(=O)N(C)CC(COC(=O)*)O*,CC(=O)C(=O)N(C)CC(COC(=O)[*])O[*],[*]COC(=O)OC([*])CN(C)C(=O)C(C)=O,4.46e-05,-4.350665141287858,0,-4.38650102514891
24801,CC(CNC(C)CCCCO*)COC(=O)*,CC(CNC(C)CCCCO[*])COC(=O)[*],[*]CNC(C)CCCCOC(=O)OCC([*])C,5.79e-05,-4.237321436272564,3,-4.278470196800085
24802,CC(=O)C(=O)NC(CO*)C(C)OC(=O)*,CC(=O)C(=O)NC(CO[*])C(C)OC(=O)[*],[*]COC(=O)OC(C)C([*])NC(=O)C(C)=O,2.58e-05,-4.58838029403677,2,-4.313296058022568
24803,CC(C)(CNC(=O)*)NC(=O)COCCN*,CC(C)(CNC(=O)[*])NC(=O)COCCN[*],[*]CNC(=O)NCCOCC(=O)NC([*])(C)C,0.0001,-4.0,0,-4.096465136454932
24804,CCC(CNC(CO*)C(=O)NC)OC(=O)*,CCC(CNC(CO[*])C(=O)NC)OC(=O)[*],[*]CNC(COC(=O)OC([*])CC)C(=O)NC,4.15e-05,-4.381951903287908,2,-4.309789681746403
24805,CC(CCOC(=O)*)NC(=O)CNCCN*,CC(CCOC(=O)[*])NC(=O)CNCCN[*],[*]CCOC(=O)NCCNCC(=O)NC([*])C,7.43e-05,-4.129011186239425,3,-4.116139836697884
24806,CC(COC(=O)*)NS(=O)(=O)CCN*,CC(COC(=O)[*])NS(=O)(=O)CCN[*],[*]COC(=O)NCCS(=O)(=O)NC([*])C,3.97e-05,-4.401209493236885,0,-4.391042999169633
24807,COC(CNC(=O)*)C(=O)NCC(C)CN*,COC(CNC(=O)[*])C(=O)NCC(C)CN[*],[*]CNC(=O)NCC(C)CNC(=O)C([*])OC,6.44e-05,-4.191114132640188,3,-4.389429830460901
24808,NC(=O)C(NCC(COC(=O)*)O*)C(N)=O,NC(=O)C(NCC(COC(=O)[*])O[*])C(N)=O,[*]COC(=O)OC([*])CNC(C(N)=O)C(N)=O,5.56e-05,-4.254925208417943,3,-4.163841510198417
24809,O=C(CCO*)CNC(=O)CCOC(=O)*,O=C(CCO[*])CNC(=O)CCOC(=O)[*],[*]CCOC(=O)OCCC(=O)NCC([*])=O,6.9e-05,-4.161150909262744,3,-4.063541949522302
24810,CCCC(CC(=O)NCC(C)O*)OC(=O)*,CCCC(CC(=O)NCC(C)O[*])OC(=O)[*],[*]CC(=O)NCC(C)OC(=O)OC([*])CCC,4.08e-05,-4.38933983691012,2,-4.264512783257848
24811,COCNC(=S)NCC(CO*)OC(=O)*,COCNC(=S)NCC(CO[*])OC(=O)[*],[*]COC(=O)OC([*])CNC(=S)NCOC,5e-05,-4.301029995663981,0,-4.274607592330154
24812,COC(=O)C(CCO*)OCCNC(=O)*,COC(=O)C(CCO[*])OCCNC(=O)[*],[*]CCOC(=O)NCCOC([*])C(=O)OC,4.64e-05,-4.333482019445119,2,-4.1958133570338045
24813,CC(C)(CNC(=O)COCCNC(=O)*)N*,CC(C)(CNC(=O)COCCNC(=O)[*])N[*],[*]CNC(=O)COCCNC(=O)NC([*])(C)C,9.26e-05,-4.033389013318065,0,-4.069482999128664
24814,CC(CN(C)C)NC(=O)C(CNC(=O)*)N*,CC(CN(C)C)NC(=O)C(CNC(=O)[*])N[*],[*]CNC(=O)NC([*])C(=O)NC(C)CN(C)C,8.13e-05,-4.089909454405932,2,-4.11321619014061
24815,CN(C)CC(=O)NCC(CN*)OC(=O)*,CN(C)CC(=O)NCC(CN[*])OC(=O)[*],[*]CNC(=O)OC([*])CNC(=O)CN(C)C,8.25e-05,-4.0835460514500745,0,-4.053931203469981
24816,COC(OC)C(=O)NC(CO*)COC(=O)*,COC(OC)C(=O)NC(CO[*])COC(=O)[*],[*]COC(=O)OCC([*])NC(=O)C(OC)OC,4.66e-05,-4.33161408331,1,-4.194235896590805
24817,CCOC(=O)C(COC(=O)*)NC(=O)CO*,CCOC(=O)C(COC(=O)[*])NC(=O)CO[*],[*]COC(=O)OCC(=O)NC([*])C(=O)OCC,4.47e-05,-4.349692476868063,0,-4.2198559327726946
24818,O=C(O)CCC(O*)C(=O)OCCOC(=O)*,O=C(O)CCC(O[*])C(=O)OCCOC(=O)[*],[*]OC(=O)OCCOC(=O)C([*])CCC(=O)O,5.65e-05,-4.247951552180561,0,-4.488567246021419
24819,CNC(=O)C(CNC(C)C(C)O*)OC(=O)*,CNC(=O)C(CNC(C)C(C)O[*])OC(=O)[*],[*]CNC(C)C(C)OC(=O)OC([*])C(=O)NC,5.64e-05,-4.248720896016658,1,-4.32977260296303
24820,CN(CCO*)C(=O)CNCCCNC(=O)*,CN(CCO[*])C(=O)CNCCCNC(=O)[*],[*]CCOC(=O)NCCCNCC(=O)N([*])C,7.03e-05,-4.153044674980176,3,-4.002043823029923
24821,COCC(NC(=O)*)C(=O)NCC(C)CN*,COCC(NC(=O)[*])C(=O)NCC(C)CN[*],[*]NC(=O)NCC(C)CNC(=O)C([*])COC,4.81e-05,-4.317854923626168,0,-4.277997538946448
24822,CN(C)CC(NC(=O)*)C(=O)N(C)CCN*,CN(C)CC(NC(=O)[*])C(=O)N(C)CCN[*],[*]NC(=O)NCCN(C)C(=O)C([*])CN(C)C,6.56e-05,-4.18309616062434,0,-4.2534378085787266
24823,CC(O*)C(=O)NCCN(C)CCOC(=O)*,CC(O[*])C(=O)NCCN(C)CCOC(=O)[*],[*]OC(=O)OCCN(C)CCNC(=O)C([*])C,7.34e-05,-4.13430394008393,2,-4.068545763101791
24824,COCCCNC(=O)C(CCNC(=O)*)N*,COCCCNC(=O)C(CCNC(=O)[*])N[*],[*]CCNC(=O)NC([*])C(=O)NCCCOC,4.75e-05,-4.323306390375134,3,-4.045131949380197
24825,COC(CN*)CC(=O)NCC(C)NC(=O)*,COC(CN[*])CC(=O)NCC(C)NC(=O)[*],[*]CNC(=O)NC(C)CNC(=O)CC([*])OC,6.68e-05,-4.175223537524454,2,-4.357830651633847
24826,C=C(N)C(=O)NC(COC(=O)*)C(C)O*,C=C(N)C(=O)NC(COC(=O)[*])C(C)O[*],[*]COC(=O)OC(C)C([*])NC(=O)C(=C)N,5.57e-05,-4.254144804826272,1,-4.23620616663083
24827,O=C(CNCCN*)NCCOC(=O)*,O=C(CNCCN[*])NCCOC(=O)[*],[*]CNCCNC(=O)OCCNC([*])=O,9.68e-05,-4.014124642691606,0,-3.8336418360367026
24828,COC(=O)C(COC(=O)*)NCC(C)O*,COC(=O)C(COC(=O)[*])NCC(C)O[*],[*]COC(=O)OC(C)CNC([*])C(=O)OC,4.92e-05,-4.308034897232639,3,-4.2788733091701445
24829,CCC(=O)C(=O)N(C)CC(CO*)OC(=O)*,CCC(=O)C(=O)N(C)CC(CO[*])OC(=O)[*],[*]COC(=O)OC([*])CN(C)C(=O)C(=O)CC,4.84e-05,-4.315154638355588,2,-4.467146181637876
24830,CN(CCOCCN*)C(=O)CNC(=O)*,CN(CCOCCN[*])C(=O)CNC(=O)[*],[*]CCOCCNC(=O)NCC(=O)N([*])C,9.35e-05,-4.029188389127483,1,-4.01358708751782
24831,CC(O*)C(COC(=O)*)NC(=O)C(=O)O,CC(O[*])C(COC(=O)[*])NC(=O)C(=O)O,[*]OC(=O)OCC(NC(=O)C(=O)O)C([*])C,4.28e-05,-4.368556230986828,2,-4.400292438489064
24832,COC(CNC(=O)*)C(=O)N(C)CCCN*,COC(CNC(=O)[*])C(=O)N(C)CCCN[*],[*]CNC(=O)NCCCN(C)C(=O)C([*])OC,3.64e-05,-4.438898616350944,1,-4.291698953761038
24833,COCCC(C)(CNC(=O)COC(=O)*)O*,COCCC(C)(CNC(=O)COC(=O)[*])O[*],[*]CNC(=O)COC(=O)OC([*])(C)CCOC,5.61e-05,-4.251037138743839,1,-4.166573091513019
24834,CNCCC(=O)NC(CO*)C(C)OC(=O)*,CNCCC(=O)NC(CO[*])C(C)OC(=O)[*],[*]COC(=O)OC(C)C([*])NC(=O)CCNC,8.61e-05,-4.064996848546345,0,-4.3608294120938735
24835,NOCCNC(=O)C(CN*)NC(=O)*,NOCCNC(=O)C(CN[*])NC(=O)[*],[*]CNC(=O)NC([*])C(=O)NCCON,0.000125,-3.903089986991944,1,-4.163406236609998
24836,CCCC(CNCC(CF)OC(=O)*)O*,CCCC(CNCC(CF)OC(=O)[*])O[*],[*]CNCC(CF)OC(=O)OC([*])CCC,6.81e-05,-4.166852888087215,0,-4.265478855785768
24837,COCC(C)NC(=O)C(COC(=O)*)N*,COCC(C)NC(=O)C(COC(=O)[*])N[*],[*]COC(=O)NC([*])C(=O)NC(C)COC,6.41e-05,-4.193141970481182,2,-4.245421714162408
24838,CC(N*)C(=O)N(C)CCNC(=O)*,CC(N[*])C(=O)N(C)CCNC(=O)[*],[*]NC(=O)NCCN(C)C(=O)C([*])C,8.65e-05,-4.062983892535186,3,-4.231975718720324
24839,COC(CN*)CC(=O)NC(C)CNC(=O)*,COC(CN[*])CC(=O)NC(C)CNC(=O)[*],[*]CNC(=O)NCC(C)NC(=O)CC([*])OC,3.7e-05,-4.431798275933005,0,-4.135877173758859
24840,CC=CCOC(=O)C(C)(CO*)COC(=O)*,CC=CCOC(=O)C(C)(CO[*])COC(=O)[*],[*]COC(=O)OCC([*])(C)C(=O)OCC=CC,3.89e-05,-4.410050398674293,2,-4.479647221831034
24841,CC(C)(COC(=O)*)ONC(=O)CO*,CC(C)(COC(=O)[*])ONC(=O)CO[*],[*]COC(=O)OCC(=O)NOC([*])(C)C,2.98e-05,-4.525783735923745,3,-4.267355409938084
24842,CCCC(O*)C(COC(=O)*)NC(=O)CC,CCCC(O[*])C(COC(=O)[*])NC(=O)CC,[*]OC(=O)OCC(NC(=O)CC)C([*])CCC,5.82e-05,-4.235077015350112,0,-4.4124515097084265
24843,CCOCCC(=O)NCC(CNC(=O)*)O*,CCOCCC(=O)NCC(CNC(=O)[*])O[*],[*]CNC(=O)OC([*])CNC(=O)CCOCC,0.000105,-3.9788107009300617,3,-4.127738127036425
24844,CC(N*)C(=O)NCCN(C)CCNC(=O)*,CC(N[*])C(=O)NCCN(C)CCNC(=O)[*],[*]NC(=O)NCCN(C)CCNC(=O)C([*])C,6.96e-05,-4.157390760389438,2,-4.218558561992308
24845,CCN(CC(N)=O)CC(COC(=O)*)O*,CCN(CC(N)=O)CC(COC(=O)[*])O[*],[*]COC(=O)OC([*])CN(CC)CC(N)=O,9.4e-05,-4.026872146400302,0,-4.032453233757033
24846,CCCOCCNC(=O)C(CN*)NC(=O)*,CCCOCCNC(=O)C(CN[*])NC(=O)[*],[*]CNC(=O)NC([*])C(=O)NCCOCCC,8.87e-05,-4.052076380168273,0,-4.138650659859955
24847,CCC(=O)CNCC(CO*)OC(=O)*,CCC(=O)CNCC(CO[*])OC(=O)[*],[*]COC(=O)OC([*])CNCC(=O)CC,0.000126,-3.899629454882437,1,-4.267476783306703
24848,COCC(CCNC(=O)COC(=O)*)O*,COCC(CCNC(=O)COC(=O)[*])O[*],[*]CCNC(=O)COC(=O)OC([*])COC,0.000113,-3.946921556516581,3,-4.018581994749257
24849,NC(=O)CN(CCN*)CCOC(=O)*,NC(=O)CN(CCN[*])CCOC(=O)[*],[*]CCNC(=O)OCCN([*])CC(N)=O,0.000121,-3.9172146296835497,0,-4.083702104162502
24850,CC(CCNCC(C)(OC(=O)*)C(F)F)O*,CC(CCNCC(C)(OC(=O)[*])C(F)F)O[*],[*]CCNCC(C)(OC(=O)OC([*])C)C(F)F,7.27e-05,-4.138465589140962,2,-4.208653906615772
24851,COCCC(=O)N(C)CC(CO*)OC(=O)*,COCCC(=O)N(C)CC(CO[*])OC(=O)[*],[*]COC(=O)OC([*])CN(C)C(=O)CCOC,5.81e-05,-4.235823867609669,2,-4.208234707292502
24852,CCN(CCN*)C(=O)C(COC)NC(=O)*,CCN(CCN[*])C(=O)C(COC)NC(=O)[*],[*]CCNC(=O)NC(COC)C(=O)N([*])CC,4.76e-05,-4.3223930472795065,3,-4.267430317183816
24853,COCC(CCO*)NC(=O)CCOC(=O)*,COCC(CCO[*])NC(=O)CCOC(=O)[*],[*]CCOC(=O)OCCC(=O)NC([*])COC,8.7e-05,-4.060480747381382,1,-4.013349479848656
24854,CC(C)OCCNC(=O)C(CNC(=O)*)N*,CC(C)OCCNC(=O)C(CNC(=O)[*])N[*],[*]CNC(=O)NC([*])C(=O)NCCOC(C)C,0.000119,-3.924453038607469,1,-4.168394720215682
24855,CNCCNC(=O)C(CN*)OC(=O)*,CNCCNC(=O)C(CN[*])OC(=O)[*],[*]CNC(=O)OC([*])C(=O)NCCNC,6.94e-05,-4.158640529545145,3,-4.177878851580234
24856,O=C(*)OC(C(=O)NCCN*)C(F)(F)F,O=C([*])OC(C(=O)NCCN[*])C(F)(F)F,[*]NCCNC(=O)C(OC([*])=O)C(F)(F)F,4.47e-05,-4.349692476868063,0,-4.397556247047051
24857,CN(C)C(=O)C(=O)NCC(COC(=O)*)O*,CN(C)C(=O)C(=O)NCC(COC(=O)[*])O[*],[*]COC(=O)OC([*])CNC(=O)C(=O)N(C)C,3.15e-05,-4.501689446210399,0,-4.336831099939932
24858,CC(C(=O)NCC(COC(=O)*)O*)N(C)C,CC(C(=O)NCC(COC(=O)[*])O[*])N(C)C,[*]COC(=O)OC([*])CNC(=O)C(C)N(C)C,6.53e-05,-4.185086818724926,1,-4.229606415652646
24859,COCCNC(=O)CC(CNC(=O)*)O*,COCCNC(=O)CC(CNC(=O)[*])O[*],[*]CNC(=O)OC([*])CC(=O)NCCOC,8.8e-05,-4.055517327849832,3,-4.089817428097409
24860,CC(CCOC(=O)*)NC(CO*)CC(F)F,CC(CCOC(=O)[*])NC(CO[*])CC(F)F,[*]CCOC(=O)OCC(CC(F)F)NC([*])C,4.25e-05,-4.371611069949688,2,-4.130489620673267
24861,COC(=O)C(C)(COC(=O)*)NCCO*,COC(=O)C(C)(COC(=O)[*])NCCO[*],[*]COC(=O)OCCNC([*])(C)C(=O)OC,6.65e-05,-4.177178354696896,1,-4.300431761163168
24862,COC(CNC(=O)*)C(=O)NCCC(C)N*,COC(CNC(=O)[*])C(=O)NCCC(C)N[*],[*]CNC(=O)NC(C)CCNC(=O)C([*])OC,5.88e-05,-4.230622673923862,1,-4.283522862403589
24863,CC(CN(C)C(=O)NCCN*)NC(=O)*,CC(CN(C)C(=O)NCCN[*])NC(=O)[*],[*]CN(C)C(=O)NCCNC(=O)NC([*])C,3.14e-05,-4.503070351926785,3,-4.23413258533724
24864,CN(CCN*)C(=O)CNCCNC(=O)*,CN(CCN[*])C(=O)CNCCNC(=O)[*],[*]CCNC(=O)NCCNCC(=O)N([*])C,7.44e-05,-4.128427064454121,1,-3.9542095873805296
24865,COCCN(C)C(=O)CC(CN*)OC(=O)*,COCCN(C)C(=O)CC(CN[*])OC(=O)[*],[*]CNC(=O)OC([*])CC(=O)N(C)CCOC,0.000109,-3.962573502059376,3,-4.131688796417798
24866,O=C(*)NC(CN*)C(=O)NCS(=O)(=O)O,O=C([*])NC(CN[*])C(=O)NCS(=O)(=O)O,[*]NCC(NC([*])=O)C(=O)NCS(=O)(=O)O,4.99e-05,-4.30189945437661,1,-4.287099062195799
24867,COCCCNC(=O)C(CN*)NC(=O)*,COCCCNC(=O)C(CN[*])NC(=O)[*],[*]CNC(=O)NC([*])C(=O)NCCCOC,0.000107,-3.9706162223147903,2,-4.158985919529407
24868,CN(CCOC(=O)*)CCN(C)C(=O)CN*,CN(CCOC(=O)[*])CCN(C)C(=O)CN[*],[*]CCOC(=O)NCC(=O)N(C)CCN([*])C,7.89e-05,-4.102922996790579,3,-3.9897429648732174
24869,CC(CN(C)C(C)C(C)(C)O*)OC(=O)*,CC(CN(C)C(C)C(C)(C)O[*])OC(=O)[*],[*]CN(C)C(C)C(C)(C)OC(=O)OC([*])C,4.78e-05,-4.320572103387881,0,-4.389350088049143
24870,O=C(*)NCCCNC(=O)CNCCCN*,O=C([*])NCCCNC(=O)CNCCCN[*],[*]CNCCCNC(=O)NCCCNC([*])=O,0.000108,-3.96657624451305,2,-4.078938562172325
24871,O=C(*)OC(CNCCP(=O)(O)O)CO*,O=C([*])OC(CNCCP(=O)(O)O)CO[*],[*]OCC(CNCCP(=O)(O)O)OC([*])=O,0.000126,-3.899629454882437,2,-3.885377290608977
24872,CNC(=S)N(C)CC(COC(=O)*)O*,CNC(=S)N(C)CC(COC(=O)[*])O[*],[*]COC(=O)OC([*])CN(C)C(=S)NC,3.1e-05,-4.508638306165727,3,-4.41945088579888
24873,COCC(C)(CO*)NCCOC(=O)*,COCC(C)(CO[*])NCCOC(=O)[*],[*]COC(=O)OCCNC([*])(C)COC,5.48e-05,-4.261219441515631,1,-4.198719207548989
24874,COCCNC(=O)C(O*)C(C)(C)OC(=O)*,COCCNC(=O)C(O[*])C(C)(C)OC(=O)[*],[*]OC(=O)OC(C)(C)C([*])C(=O)NCCOC,3.5e-05,-4.455931955649724,1,-4.13683907821712
24875,COCC(NC(=O)*)C(=O)NCC(C)(C)N*,COCC(NC(=O)[*])C(=O)NCC(C)(C)N[*],[*]NC(=O)NC(C)(C)CNC(=O)C([*])COC,4.45e-05,-4.351639989019068,1,-4.390281035431452
24876,CNC(CO*)C(=O)NCCCCNC(=O)*,CNC(CO[*])C(=O)NCCCCNC(=O)[*],[*]COC(=O)NCCCCNC(=O)C([*])NC,5.68e-05,-4.245651664288981,0,-4.275854028081936
24877,O=C(*)NC(CN*)C(=O)NCC(F)F,O=C([*])NC(CN[*])C(=O)NCC(F)F,[*]NCC(NC([*])=O)C(=O)NCC(F)F,6.02e-05,-4.220403508742176,2,-4.180681523762241
24878,CC(CN(C)CC(OC(=O)*)C(C)(C)C)N*,CC(CN(C)CC(OC(=O)[*])C(C)(C)C)N[*],[*]CN(C)CC(OC(=O)NC([*])C)C(C)(C)C,7.59e-05,-4.11975822410452,0,-4.330733808990114
24879,CCC(CO*)(COC(=O)*)NC(=O)C(C)=O,CCC(CO[*])(COC(=O)[*])NC(=O)C(C)=O,[*]COC(=O)OCC([*])(CC)NC(=O)C(C)=O,5.14e-05,-4.289036881004725,2,-4.294878115478536
24880,C=CC(=O)NCCNCC(COC(=O)*)O*,C=CC(=O)NCCNCC(COC(=O)[*])O[*],[*]COC(=O)OC([*])CNCCNC(=O)C=C,9.66e-05,-4.015022873584507,0,-4.048868115343329
24881,NOCCNC(=O)C(CCCNC(=O)*)N*,NOCCNC(=O)C(CCCNC(=O)[*])N[*],[*]CCCNC(=O)NC([*])C(=O)NCCON,9.86e-05,-4.006123085058789,0,-4.020719194899444
24882,COCCCN(CCOC(=O)*)C(=O)CO*,COCCCN(CCOC(=O)[*])C(=O)CO[*],[*]CCOC(=O)OCC(=O)N([*])CCCOC,7.84e-05,-4.105683937315562,3,-4.125866587948119
24883,CCC(CC)(CNC(=O)C(C)O*)OC(=O)*,CCC(CC)(CNC(=O)C(C)O[*])OC(=O)[*],[*]CNC(=O)C(C)OC(=O)OC([*])(CC)CC,2.27e-05,-4.6439741428068775,0,-4.401237501944577
24884,CN(CCOC(=O)*)C(=S)NCCN*,CN(CCOC(=O)[*])C(=S)NCCN[*],[*]CCOC(=O)NCCNC(=S)N([*])C,7.62e-05,-4.1180450286604,1,-4.305194239651885
24885,CCNC(=S)NCC(CO*)OC(=O)*,CCNC(=S)NCC(CO[*])OC(=O)[*],[*]COC(=O)OC([*])CNC(=S)NCC,3.26e-05,-4.486782399932061,3,-4.4691353156264935
24886,COC(C)CC(=O)NCC(CO*)OC(=O)*,COC(C)CC(=O)NCC(CO[*])OC(=O)[*],[*]COC(=O)OC([*])CNC(=O)CC(C)OC,6.37e-05,-4.195860567664649,3,-4.198802198939772
24887,CCC(CN(C)C(C)CNC(=O)*)O*,CCC(CN(C)C(C)CNC(=O)[*])O[*],[*]CN(C)C(C)CNC(=O)OC([*])CC,5.5e-05,-4.259637310505756,2,-4.285503290504356
24888,CC(CCO*)NCCCC(C)OC(=O)*,CC(CCO[*])NCCCC(C)OC(=O)[*],[*]CCOC(=O)OC(C)CCCNC([*])C,5.39e-05,-4.268411234813262,0,-4.125596329467431
24889,CC(C)(CONC(=O)COC(=O)*)O*,CC(C)(CONC(=O)COC(=O)[*])O[*],[*]CONC(=O)COC(=O)OC([*])(C)C,5.23e-05,-4.281498311132726,1,-4.253247282462457
24890,O=C(CCF)NC(CO*)COC(=O)*,O=C(CCF)NC(CO[*])COC(=O)[*],[*]COC(=O)OCC([*])NC(=O)CCF,7.62e-05,-4.1180450286604,3,-4.342191046100584
24891,COCC(C)(CNC(=O)CCO*)OC(=O)*,COCC(C)(CNC(=O)CCO[*])OC(=O)[*],[*]CNC(=O)CCOC(=O)OC([*])(C)COC,7.25e-05,-4.139661993429006,0,-4.16227184992709
24892,CCCC(NCC(COC(=O)*)O*)C(N)=O,CCCC(NCC(COC(=O)[*])O[*])C(N)=O,[*]COC(=O)OC([*])CNC(CCC)C(N)=O,3.8e-05,-4.42021640338319,2,-4.195354635290898
24893,CC(CCO*)NC(=O)COC(=O)*,CC(CCO[*])NC(=O)COC(=O)[*],[*]CCOC(=O)OCC(=O)NC([*])C,5.53e-05,-4.257274868695302,2,-4.108413119135828
24894,CCCNCCNC(=O)C(CO*)NC(=O)*,CCCNCCNC(=O)C(CO[*])NC(=O)[*],[*]COC(=O)NC([*])C(=O)NCCNCCC,0.000116,-3.9355420107730814,2,-4.169264662205735
24895,CCCONC(=O)NC(CO*)COC(=O)*,CCCONC(=O)NC(CO[*])COC(=O)[*],[*]COC(=O)OCC([*])NC(=O)NOCCC,3.39e-05,-4.4698003017969175,0,-4.203316272546492
24896,CC(NC(=O)*)C(=O)NCC(=O)CCO*,CC(NC(=O)[*])C(=O)NCC(=O)CCO[*],[*]NC(=O)OCCC(=O)CNC(=O)C([*])C,3.21e-05,-4.493494967595128,1,-4.286457513613702
24897,CCN(C)C(=O)C(CNC(=O)*)N*,CCN(C)C(=O)C(CNC(=O)[*])N[*],[*]CNC(=O)NC([*])C(=O)N(C)CC,7.11e-05,-4.148130399270234,2,-4.308581454461404
24898,CCC(COC(=O)*)NCC(O*)C(C)(C)C,CCC(COC(=O)[*])NCC(O[*])C(C)(C)C,[*]COC(=O)OC(CNC([*])CC)C(C)(C)C,3.1e-05,-4.508638306165727,3,-4.521870283218022
24899,COCC(=O)NCC(C)(CO*)COC(=O)*,COCC(=O)NCC(C)(CO[*])COC(=O)[*],[*]COC(=O)OCC([*])(C)CNC(=O)COC,6.84e-05,-4.164943898279883,0,-4.348987861119037
24900,CNC(=O)CN(C)CC(O*)C(C)OC(=O)*,CNC(=O)CN(C)CC(O[*])C(C)OC(=O)[*],[*]OC(=O)OC(C)C([*])CN(C)CC(=O)NC,4.53e-05,-4.343901797987168,0,-4.256055212126185
24901,C=C(N)C(=O)NC(CC)(CO*)COC(=O)*,C=C(N)C(=O)NC(CC)(CO[*])COC(=O)[*],[*]COC(=O)OCC([*])(CC)NC(=O)C(=C)N,7.01e-05,-4.154281982033341,0,-4.411954034027599
24902,CC(C)(O*)C(=O)NCCNCCOC(=O)*,CC(C)(O[*])C(=O)NCCNCCOC(=O)[*],[*]OC(=O)OCCNCCNC(=O)C([*])(C)C,9.12e-05,-4.040005161671584,1,-4.038843378332774
24903,CSCC(CNC(C)CCO*)OC(=O)*,CSCC(CNC(C)CCO[*])OC(=O)[*],[*]CNC(C)CCOC(=O)OC([*])CSC,6.41e-05,-4.193141970481182,0,-4.1310551150142745
24904,CNCCNC(=O)C(CCNC(=O)*)N*,CNCCNC(=O)C(CCNC(=O)[*])N[*],[*]CCNC(=O)NC([*])C(=O)NCCNC,5.1e-05,-4.292429823902063,0,-4.129068338808451
24905,CC(CNC(=O)*)NCC(CN*)C(C)C,CC(CNC(=O)[*])NCC(CN[*])C(C)C,[*]CNC(=O)NCC(CNC([*])C)C(C)C,4.96e-05,-4.304518323509803,1,-4.36232816329107
24906,CC(=O)CN(C)C(=O)C(CCN*)NC(=O)*,CC(=O)CN(C)C(=O)C(CCN[*])NC(=O)[*],[*]CCNC(=O)NC([*])C(=O)N(C)CC(C)=O,7.71e-05,-4.112945621949043,2,-4.2541472787307795
24907,CCC(CNC(=O)C(CN*)OC)NC(=O)*,CCC(CNC(=O)C(CN[*])OC)NC(=O)[*],[*]CNC(=O)C(CNC(=O)NC([*])CC)OC,4.97e-05,-4.303643611266668,1,-4.244903981137977
24908,COCC(CNCC(=O)CCO*)OC(=O)*,COCC(CNCC(=O)CCO[*])OC(=O)[*],[*]CNCC(=O)CCOC(=O)OC([*])COC,9.63e-05,-4.016373712875465,3,-4.021145253909642
24909,CC(CNCCC(C)(C)CO*)OC(=O)*,CC(CNCCC(C)(C)CO[*])OC(=O)[*],[*]CNCCC(C)(C)COC(=O)OC([*])C,7.47e-05,-4.126679398184601,2,-4.353638234803543
24910,CCCOC(=O)CNCC(COC(=O)*)O*,CCCOC(=O)CNCC(COC(=O)[*])O[*],[*]COC(=O)OC([*])CNCC(=O)OCCC,4.38e-05,-4.3585258894959,0,-4.059882196167998
24911,CN(CCN*)C(=O)CNC(=O)CNC(=O)*,CN(CCN[*])C(=O)CNC(=O)CNC(=O)[*],[*]CCNC(=O)NCC(=O)NCC(=O)N([*])C,4.68e-05,-4.329754146925876,0,-4.158607492270578
24912,O=C(*)NCCNC(=O)NCC=CCO*,O=C([*])NCCNC(=O)NCC=CCO[*],[*]NCC=CCOC(=O)NCCNC([*])=O,7.26e-05,-4.139063379299906,3,-3.9823354102722797
24913,CC(CN*)C(=O)NC(COC(=O)*)C(N)=O,CC(CN[*])C(=O)NC(COC(=O)[*])C(N)=O,[*]CNC(=O)OCC(NC(=O)C([*])C)C(N)=O,7.12e-05,-4.147520006363144,3,-4.067623954844487
24914,N=CNC(=O)C(CCN*)NC(=O)*,N=CNC(=O)C(CCN[*])NC(=O)[*],[*]CCNC(=O)NC([*])C(=O)NC=N,4.42e-05,-4.354577730650908,0,-4.319995813553971
24915,CN(C)C(=O)CN(CCN*)CCOC(=O)*,CN(C)C(=O)CN(CCN[*])CCOC(=O)[*],[*]CCNC(=O)OCCN([*])CC(=O)N(C)C,8.27e-05,-4.082494490447453,2,-3.9062827066917967
24916,CNC(CO*)C(=O)N(C)CCOC(=O)*,CNC(CO[*])C(=O)N(C)CCOC(=O)[*],[*]COC(=O)OCCN(C)C(=O)C([*])NC,5.5e-05,-4.259637310505756,3,-4.246110187430518
24917,CCCCN(CCOC(=O)*)CC(C)(C)N*,CCCCN(CCOC(=O)[*])CC(C)(C)N[*],[*]CCOC(=O)NC(C)(C)CN([*])CCCC,3.87e-05,-4.412289034981089,0,-4.404739154610886
24918,COC(=O)CC(CNC(=O)CO*)OC(=O)*,COC(=O)CC(CNC(=O)CO[*])OC(=O)[*],[*]CNC(=O)COC(=O)OC([*])CC(=O)OC,6.12e-05,-4.213248577854439,0,-4.250990643520247
24919,CCC(CNC(=O)C(COC)N*)NC(=O)*,CCC(CNC(=O)C(COC)N[*])NC(=O)[*],[*]CNC(=O)C(COC)NC(=O)NC([*])CC,5.8e-05,-4.236572006437063,0,-4.2441553483554655
24920,CC(CNC(=O)*)C(=O)NCC(=O)CCO*,CC(CNC(=O)[*])C(=O)NCC(=O)CCO[*],[*]CNC(=O)OCCC(=O)CNC(=O)C([*])C,5.84e-05,-4.2335871528876,1,-4.343656405770811
24921,CCOC(=O)C(C)NC(CN*)CNC(=O)*,CCOC(=O)C(C)NC(CN[*])CNC(=O)[*],[*]CNC(=O)NCC([*])NC(C)C(=O)OCC,6.44e-05,-4.191114132640188,3,-4.175295384655275
24922,NOCCNC(=O)C(CCN*)NC(=O)*,NOCCNC(=O)C(CCN[*])NC(=O)[*],[*]CCNC(=O)NC([*])C(=O)NCCON,0.000105,-3.9788107009300617,1,-4.099955178557593
24923,CNC(=O)CN(CCOC(=O)*)CC(C)O*,CNC(=O)CN(CCOC(=O)[*])CC(C)O[*],[*]CCOC(=O)OC(C)CN([*])CC(=O)NC,9.69e-05,-4.013676222949234,0,-4.146834234164126
24924,CCC(CNS(=O)(=O)CCN*)NC(=O)*,CCC(CNS(=O)(=O)CCN[*])NC(=O)[*],[*]CNS(=O)(=O)CCNC(=O)NC([*])CC,5.61e-05,-4.251037138743839,2,-4.3022229565588175
24925,CC(CNC(=O)*)C(=O)NCCNCCO*,CC(CNC(=O)[*])C(=O)NCCNCCO[*],[*]CNC(=O)OCCNCCNC(=O)C([*])C,0.000101,-3.995678626217357,0,-4.125011174308463
24926,CC(CCCO*)NC(=O)C(C)(C)OC(=O)*,CC(CCCO[*])NC(=O)C(C)(C)OC(=O)[*],[*]CCCOC(=O)OC(C)(C)C(=O)NC([*])C,9.02e-05,-4.044793462458058,3,-4.2423664466272735
24927,CN(CC(CO*)OC(=O)*)C(=O)C(N)=O,CN(CC(CO[*])OC(=O)[*])C(=O)C(N)=O,[*]COC(=O)OC([*])CN(C)C(=O)C(N)=O,8.97e-05,-4.047207556955908,2,-4.319303882352046
24928,COCC(C)(CNC(=O)CO*)OC(=O)*,COCC(C)(CNC(=O)CO[*])OC(=O)[*],[*]CNC(=O)COC(=O)OC([*])(C)COC,6.33e-05,-4.198596289982645,0,-4.1737103047737785
24929,CC(CNCC(=O)CCO*)OC(=O)*,CC(CNCC(=O)CCO[*])OC(=O)[*],[*]CNCC(=O)CCOC(=O)OC([*])C,0.000111,-3.9546770212133424,3,-4.161405042339835
24930,COC(=O)C(C)(CNC(=O)CO*)OC(=O)*,COC(=O)C(C)(CNC(=O)CO[*])OC(=O)[*],[*]CNC(=O)COC(=O)OC([*])(C)C(=O)OC,6.97e-05,-4.15676722190199,3,-4.32888340164521
24931,CCOC(=O)C(CNCC(C)O*)NC(=O)*,CCOC(=O)C(CNCC(C)O[*])NC(=O)[*],[*]CNCC(C)OC(=O)NC([*])C(=O)OCC,5.83e-05,-4.2343314452409855,2,-4.241942923067675
24932,O=C(*)NCC(N*)C(=O)NCC(F)(F)F,O=C([*])NCC(N[*])C(=O)NCC(F)(F)F,[*]NCC(NC([*])=O)C(=O)NCC(F)(F)F,0.000104,-3.98296666070122,1,-4.353086426288099
24933,CCC(C)OC(=O)C(C)(CO*)COC(=O)*,CCC(C)OC(=O)C(C)(CO[*])COC(=O)[*],[*]COC(=O)OCC([*])(C)C(=O)OC(C)CC,2.18e-05,-4.661543506395395,2,-4.588577805511909
24934,CC(N*)C(=O)NCC(CF)OC(=O)*,CC(N[*])C(=O)NCC(CF)OC(=O)[*],[*]NC(=O)OC(CF)CNC(=O)C([*])C,3.25e-05,-4.488116639021126,0,-4.300434277222082
24935,O=C(*)NCCCNCC(=O)NCCN*,O=C([*])NCCCNCC(=O)NCCN[*],[*]CNCCCNC(=O)NCCNC([*])=O,9.59e-05,-4.018181392829336,0,-4.093941990794384
24936,CC=CCNCC(CC(C)(C)O*)OC(=O)*,CC=CCNCC(CC(C)(C)O[*])OC(=O)[*],[*]CC(C)(C)OC(=O)OC([*])CNCC=CC,3.42e-05,-4.465973893943865,1,-4.522038386056855
24937,CCCC(C)NCC(CNC(=O)*)O*,CCCC(C)NCC(CNC(=O)[*])O[*],[*]CNC(=O)OC([*])CNC(C)CCC,4.38e-05,-4.3585258894959,0,-4.349397751601028
24938,CCCC(C)(O*)C(=O)NCC(C)OC(=O)*,CCCC(C)(O[*])C(=O)NCC(C)OC(=O)[*],[*]OC(=O)OC(C)CNC(=O)C([*])(C)CCC,4.46e-05,-4.350665141287858,0,-4.431819035883102
24939,CC(C)C(CN(C)C(C)CCOC(=O)*)O*,CC(C)C(CN(C)C(C)CCOC(=O)[*])O[*],[*]CN(C)C(C)CCOC(=O)OC([*])C(C)C,3.59e-05,-4.444905551421681,0,-4.361854609659974
24940,CC(CN(CC(N)=O)C(C)COC(=O)*)O*,CC(CN(CC(N)=O)C(C)COC(=O)[*])O[*],[*]CN(CC(N)=O)C(C)COC(=O)OC([*])C,6.93e-05,-4.159266765388193,3,-4.0763129873283335
24941,CCOC(=O)CNC(CN*)CNC(=O)*,CCOC(=O)CNC(CN[*])CNC(=O)[*],[*]CNC(=O)NCC([*])NCC(=O)OCC,6.1e-05,-4.214670164989233,2,-4.051624204417487
24942,COC(C)CNC(=O)C(CNC(=O)*)N*,COC(C)CNC(=O)C(CNC(=O)[*])N[*],[*]CNC(=O)NC([*])C(=O)NCC(C)OC,7.53e-05,-4.123205023799299,3,-4.219956626542083
24943,CNCCNC(=O)C(NC(=O)*)C(C)(C)O*,CNCCNC(=O)C(NC(=O)[*])C(C)(C)O[*],[*]NC(=O)OC(C)(C)C([*])C(=O)NCCNC,5.2e-05,-4.2839966563652006,0,-4.314996716752978
24944,CCCC(CC(=O)NCCCOC(=O)*)O*,CCCC(CC(=O)NCCCOC(=O)[*])O[*],[*]CC(=O)NCCCOC(=O)OC([*])CCC,0.000101,-3.995678626217357,3,-4.274542200128659
24945,CCCNC(=O)C(CN*)NC(=O)*,CCCNC(=O)C(CN[*])NC(=O)[*],[*]CNC(=O)NC([*])C(=O)NCCC,5.63e-05,-4.249491605148654,2,-4.304171287141584
24946,O=C(O)CC(OC(=O)*)C(=O)OCCCN*,O=C(O)CC(OC(=O)[*])C(=O)OCCCN[*],[*]OC(=O)NCCCOC(=O)C([*])CC(=O)O,4.52e-05,-4.3448615651886175,1,-4.498753440120254
24947,COC(=O)C(CNCCC(C)NC(=O)*)O*,COC(=O)C(CNCCC(C)NC(=O)[*])O[*],[*]CNCCC(C)NC(=O)OC([*])C(=O)OC,6e-05,-4.221848749616356,1,-4.230240049507632
24948,CC(=O)OCCNCC(COC(=O)*)O*,CC(=O)OCCNCC(COC(=O)[*])O[*],[*]COC(=O)OC([*])CNCCOC(C)=O,0.000111,-3.9546770212133424,3,-4.004228452546474
24949,CC(CCNC(=O)NCCN*)NC(=O)*,CC(CCNC(=O)NCCN[*])NC(=O)[*],[*]CCNC(=O)NCCNC(=O)NC([*])C,9.75e-05,-4.010995384301463,3,-4.120933948817106
24950,CC(CO*)CN(C)CC(C)(C)COC(=O)*,CC(CO[*])CN(C)CC(C)(C)COC(=O)[*],[*]COC(=O)OCC(C)(C)CN(C)CC([*])C,5.45e-05,-4.263603497723357,0,-4.380879791441206
24951,C=C(N)C(=O)N(C)CC(COC(=O)*)O*,C=C(N)C(=O)N(C)CC(COC(=O)[*])O[*],[*]COC(=O)OC([*])CN(C)C(=O)C(=C)N,8e-05,-4.096910013008056,1,-4.267715657323247
24952,COCCC(N*)C(=O)NCC(C)NC(=O)*,COCCC(N[*])C(=O)NCC(C)NC(=O)[*],[*]NC(=O)NC(C)CNC(=O)C([*])CCOC,3.6e-05,-4.443697499232712,0,-4.160704284310412
24953,N=CNCC(CO*)OC(=O)*,N=CNCC(CO[*])OC(=O)[*],[*]COC(=O)OC([*])CNC=N,9.29e-05,-4.031984286006359,3,-4.30888222306455
24954,COC(C)CNC(=O)C(CCNC(=O)*)N*,COC(C)CNC(=O)C(CCNC(=O)[*])N[*],[*]CCNC(=O)NC([*])C(=O)NCC(C)OC,9.6e-05,-4.017728766960432,0,-4.3101765041579485
24955,CC(C)CCC(CNC(C)COC(=O)*)O*,CC(C)CCC(CNC(C)COC(=O)[*])O[*],[*]CNC(C)COC(=O)OC([*])CCC(C)C,5.73e-05,-4.24184537803261,2,-4.242648008050842
24956,CC(NCC(=O)NCCOC(=O)*)C(C)O*,CC(NCC(=O)NCCOC(=O)[*])C(C)O[*],[*]NCC(=O)NCCOC(=O)OC(C)C([*])C,0.000131,-3.882728704344236,3,-4.056840068904278
24957,CCCC(OC(=O)*)C(=O)OCCC(C)O*,CCCC(OC(=O)[*])C(=O)OCCC(C)O[*],[*]OC(=O)OC(C)CCOC(=O)C([*])CCC,4.78e-05,-4.320572103387881,2,-4.374815767621253
24958,CN(CCC(N)=O)CC(CO*)OC(=O)*,CN(CCC(N)=O)CC(CO[*])OC(=O)[*],[*]COC(=O)OC([*])CN(C)CCC(N)=O,6.75e-05,-4.170696227168975,2,-4.018124111838951
24959,COCC(NC(=O)*)C(=O)NC(C)(C)CN*,COCC(NC(=O)[*])C(=O)NC(C)(C)CN[*],[*]NC(=O)NCC(C)(C)NC(=O)C([*])COC,6.04e-05,-4.218963061378868,1,-4.411374355154657
24960,CNCCNC(=O)C(C)(COC(=O)*)N*,CNCCNC(=O)C(C)(COC(=O)[*])N[*],[*]COC(=O)NC([*])(C)C(=O)NCCNC,9.23e-05,-4.034798298974088,1,-4.151739547445206
24961,O=C(*)OCCN(CCCCCF)CCN*,O=C([*])OCCN(CCCCCF)CCN[*],[*]NCCN(CCCCCF)CCOC([*])=O,9.05e-05,-4.043351420794797,1,-3.991877829489913
24962,COC(=O)C(CNCC(CF)O*)OC(=O)*,COC(=O)C(CNCC(CF)O[*])OC(=O)[*],[*]CNCC(CF)OC(=O)OC([*])C(=O)OC,6.98e-05,-4.156144577376839,2,-4.266296275922316
24963,CC(C)(C)C(CNCC(CF)O*)OC(=O)*,CC(C)(C)C(CNCC(CF)O[*])OC(=O)[*],[*]CNCC(CF)OC(=O)OC([*])C(C)(C)C,4.24e-05,-4.372634143407267,1,-4.411830202984609
24964,CC(CN(C)C(COC(=O)*)C(C)(C)C)O*,CC(CN(C)C(COC(=O)[*])C(C)(C)C)O[*],[*]CN(C)C(COC(=O)OC([*])C)C(C)(C)C,2.02e-05,-4.694648630553377,1,-4.4556580768941645
24965,CCC(COC(=O)*)NC(=O)CNCCN*,CCC(COC(=O)[*])NC(=O)CNCCN[*],[*]COC(=O)NCCNCC(=O)NC([*])CC,6.87e-05,-4.16304326294045,0,-4.145929856977513
24966,CC(C(=O)NCC(CN*)OC(=O)*)N(C)C,CC(C(=O)NCC(CN[*])OC(=O)[*])N(C)C,[*]CNC(=O)OC([*])CNC(=O)C(C)N(C)C,6.22e-05,-4.206209615309182,2,-4.206743351523829
24967,O=C(*)NCCNCC(=O)NCCN*,O=C([*])NCCNCC(=O)NCCN[*],[*]CNCCNC(=O)NCCNC([*])=O,8e-05,-4.096910013008056,3,-4.097116920727424
24968,CCCC(CC(=O)OCC(C)OC(=O)*)O*,CCCC(CC(=O)OCC(C)OC(=O)[*])O[*],[*]CC(=O)OCC(C)OC(=O)OC([*])CCC,3.8e-05,-4.42021640338319,2,-4.361830070691414
24969,COC(=O)C(C)(COC(=O)*)NCC(C)O*,COC(=O)C(C)(COC(=O)[*])NCC(C)O[*],[*]COC(=O)OC(C)CNC([*])(C)C(=O)OC,5.39e-05,-4.268411234813262,0,-4.334300657362445
24970,COC(CN*)C(=O)N(C)CCNC(=O)*,COC(CN[*])C(=O)N(C)CCNC(=O)[*],[*]CNC(=O)NCCN(C)C(=O)C([*])OC,4.39e-05,-4.357535479757878,3,-4.188360532364038
24971,CC(CN(CCCCF)CCOC(=O)*)O*,CC(CN(CCCCF)CCOC(=O)[*])O[*],[*]CN(CCCCF)CCOC(=O)OC([*])C,5.31e-05,-4.274905478918531,2,-3.967486550249146
24972,CCOC(=O)CCNC(CN*)CNC(=O)*,CCOC(=O)CCNC(CN[*])CNC(=O)[*],[*]CNC(=O)NCC([*])NCCC(=O)OCC,5.51e-05,-4.258848401148215,1,-4.171040554973576
24973,CC(CC(=O)NCCNCCOC(=O)*)O*,CC(CC(=O)NCCNCCOC(=O)[*])O[*],[*]CC(=O)NCCNCCOC(=O)OC([*])C,0.0001,-4.0,0,-3.9999964966235853
24974,CNOCCNC(=O)C(CNC(=O)*)N*,CNOCCNC(=O)C(CNC(=O)[*])N[*],[*]CNC(=O)NC([*])C(=O)NCCONC,7.47e-05,-4.126679398184601,2,-4.005247859834472
24975,CC(C)(OC(=O)*)C(=O)NCC(O*)C(N)=O,CC(C)(OC(=O)[*])C(=O)NCC(O[*])C(N)=O,[*]OC(=O)OC(CNC(=O)C([*])(C)C)C(N)=O,4.2e-05,-4.376750709602099,2,-4.081546054861053
24976,CC(C)C(CNC(CO*)C(N)=O)OC(=O)*,CC(C)C(CNC(CO[*])C(N)=O)OC(=O)[*],[*]CNC(COC(=O)OC([*])C(C)C)C(N)=O,6.39e-05,-4.1944991418416,2,-4.352612557310861
24977,CC(OC(=O)*)C(CN(C)CC(N)=O)O*,CC(OC(=O)[*])C(CN(C)CC(N)=O)O[*],[*]OC(=O)OC(CN(C)CC(N)=O)C([*])C,7.5e-05,-4.1249387366083,2,-4.162374987426301
24978,CC(CCCOC(=O)*)CNC(C)CCO*,CC(CCCOC(=O)[*])CNC(C)CCO[*],[*]CCCOC(=O)OCCC(C)NCC([*])C,9.1e-05,-4.040958607678906,0,-4.080496214959869
24979,CC(C)(O*)C(=O)OCCCCOC(=O)*,CC(C)(O[*])C(=O)OCCCCOC(=O)[*],[*]OC(=O)OCCCCOC(=O)C([*])(C)C,8.77e-05,-4.05700040663396,3,-4.154928508711883
24980,CC(=O)CN(C)CC(COC(=O)*)O*,CC(=O)CN(C)CC(COC(=O)[*])O[*],[*]COC(=O)OC([*])CN(C)CC(C)=O,7.22e-05,-4.141462802430361,0,-4.119881677300201
24981,CC(C)(CNC(CO*)C(N)=O)OC(=O)*,CC(C)(CNC(CO[*])C(N)=O)OC(=O)[*],[*]CNC(COC(=O)OC([*])(C)C)C(N)=O,6.07e-05,-4.216811308924743,1,-4.340970964771112
24982,O=C(CO*)NC(CCF)COC(=O)*,O=C(CO[*])NC(CCF)COC(=O)[*],[*]COC(=O)OCC(CCF)NC([*])=O,4.37e-05,-4.359518563029578,3,-4.277943292166183
24983,CCC(CN(C)CC(C)(C)CO*)OC(=O)*,CCC(CN(C)CC(C)(C)CO[*])OC(=O)[*],[*]CN(C)CC(C)(C)COC(=O)OC([*])CC,4.26e-05,-4.370590400897281,3,-4.462603124571543
24984,COC(CNC(=O)*)CC(=O)N(C)CCN*,COC(CNC(=O)[*])CC(=O)N(C)CCN[*],[*]CNC(=O)NCCN(C)C(=O)CC([*])OC,9.06e-05,-4.042871802323187,0,-4.241989545710885
24985,CC(CCCN(C)C(C)CO*)OC(=O)*,CC(CCCN(C)C(C)CO[*])OC(=O)[*],[*]CCCN(C)C(C)COC(=O)OC([*])C,6.13e-05,-4.212539525481585,2,-4.281813727970115
24986,CC(CCOC(=O)*)NC(=O)CC(C)(C)O*,CC(CCOC(=O)[*])NC(=O)CC(C)(C)O[*],[*]CCOC(=O)OC(C)(C)CC(=O)NC([*])C,3.28e-05,-4.484126156288321,0,-4.320874681206257
24987,CCCCCC(=O)NCC(CNC(=O)*)O*,CCCCCC(=O)NCC(CNC(=O)[*])O[*],[*]CNC(=O)OC([*])CNC(=O)CCCCC,8.34e-05,-4.078833949362261,1,-4.230593071589081
24988,O=C(*)OCCN(CCCCF)CCO*,O=C([*])OCCN(CCCCF)CCO[*],[*]OCCN(CCCCF)CCOC([*])=O,7.36e-05,-4.133122185662502,2,-3.982052241954786
24989,CC(CN(CCO*)CC(C)(C)C)NC(=O)*,CC(CN(CCO[*])CC(C)(C)C)NC(=O)[*],[*]CN(CCOC(=O)NC([*])C)CC(C)(C)C,2.01e-05,-4.696803942579511,2,-4.367088019097473
24990,CC(C)C(CCN(C)CCCOC(=O)*)O*,CC(C)C(CCN(C)CCCOC(=O)[*])O[*],[*]CCN(C)CCCOC(=O)OC([*])C(C)C,3.82e-05,-4.417936637088292,1,-4.30669968032207
24991,CN(CCCNC(=O)*)C(=O)NCCN*,CN(CCCNC(=O)[*])C(=O)NCCN[*],[*]CCCNC(=O)NCCNC(=O)N([*])C,0.000104,-3.98296666070122,3,-4.286172669094269
24992,COC(CNC(=O)*)C(=O)N(C)CC(C)N*,COC(CNC(=O)[*])C(=O)N(C)CC(C)N[*],[*]CNC(=O)NC(C)CN(C)C(=O)C([*])OC,7.88e-05,-4.103473782510445,3,-4.401323805316099
24993,CSCC(CCO*)NCC(C)OC(=O)*,CSCC(CCO[*])NCC(C)OC(=O)[*],[*]CCOC(=O)OC(C)CNC([*])CSC,7.39e-05,-4.131355561605174,2,-4.183389509705661
24994,CCC(CNC(CC)C(C)O*)OC(=O)*,CCC(CNC(CC)C(C)O[*])OC(=O)[*],[*]CNC(CC)C(C)OC(=O)OC([*])CC,6.26e-05,-4.20342566678957,0,-4.318130647553812
24995,CNC(C(=O)NCCN*)C(C)OC(=O)*,CNC(C(=O)NCCN[*])C(C)OC(=O)[*],[*]C(=O)NCCNC(=O)OC(C)C([*])NC,6.27e-05,-4.202732459169283,0,-4.233997126467771
24996,CC(C)(CC(=O)NCCCCO*)OC(=O)*,CC(C)(CC(=O)NCCCCO[*])OC(=O)[*],[*]CC(=O)NCCCCOC(=O)OC([*])(C)C,8.02e-05,-4.095825631715837,1,-4.286353686805088
24997,COC(=O)C(CNC(C)C(C)OC(=O)*)O*,COC(=O)C(CNC(C)C(C)OC(=O)[*])O[*],[*]CNC(C)C(C)OC(=O)OC([*])C(=O)OC,6.99e-05,-4.155522824254319,0,-4.302923508767504
24998,CCCC(CNC(=O)C(C)(C)O*)OC(=O)*,CCCC(CNC(=O)C(C)(C)O[*])OC(=O)[*],[*]CNC(=O)C(C)(C)OC(=O)OC([*])CCC,8.41e-05,-4.075204004202088,0,-4.332346777533091
24999,CC(CN(C)CC(C)(C)CN*)NC(=O)*,CC(CN(C)CC(C)(C)CN[*])NC(=O)[*],[*]CN(C)CC(C)(C)CNC(=O)NC([*])C,4.18e-05,-4.3788237182249645,3,-4.455761996476256
25000,CC(C)C(C)(CN*)NCCCNC(=O)*,CC(C)C(C)(CN[*])NCCCNC(=O)[*],[*]CNC(=O)NCCCNC([*])(C)C(C)C,5.65e-05,-4.247951552180561,0,-4.4997603285355945
25001,CC(C)C(NCC(CO*)OC(=O)*)C(C)C,CC(C)C(NCC(CO[*])OC(=O)[*])C(C)C,[*]COC(=O)OC([*])CNC(C(C)C)C(C)C,2.63e-05,-4.580044251510242,3,-4.6132937242872565
25002,CCCCCCN(C)CC(COC(=O)*)O*,CCCCCCN(C)CC(COC(=O)[*])O[*],[*]COC(=O)OC([*])CN(C)CCCCCC,5.19e-05,-4.284832642151542,3,-4.317067146290281
25003,CC(C)=CCCN(C)CC(CNC(=O)*)O*,CC(C)=CCCN(C)CC(CNC(=O)[*])O[*],[*]CNC(=O)OC([*])CN(C)CCC=C(C)C,2.84e-05,-4.546681659952962,2,-4.075898081700184
25004,CC(CCCCO*)NCCC(C)OC(=O)*,CC(CCCCO[*])NCCC(C)OC(=O)[*],[*]CCCCOC(=O)OC(C)CCNC([*])C,0.000104,-3.98296666070122,2,-4.157863428065288
25005,CCCC(CCOC(=O)*)NCC(C)O*,CCCC(CCOC(=O)[*])NCC(C)O[*],[*]CCOC(=O)OC(C)CNC([*])CCC,6.25e-05,-4.204119982655925,1,-4.313907047946303
25006,COC(=O)C(C)(COC(=O)*)NCCCO*,COC(=O)C(C)(COC(=O)[*])NCCCO[*],[*]COC(=O)OCCCNC([*])(C)C(=O)OC,4.86e-05,-4.313363730737707,1,-4.2704143892136885
25007,CNCC(CNC(C)C(C)O*)OC(=O)*,CNCC(CNC(C)C(C)O[*])OC(=O)[*],[*]CNC(C)C(C)OC(=O)OC([*])CNC,4.03e-05,-4.394694953858891,0,-4.351583398314401
25008,CCCN(CCOC(=O)*)CC(C)(C)N*,CCCN(CCOC(=O)[*])CC(C)(C)N[*],[*]CCOC(=O)NC(C)(C)CN([*])CCC,2.28e-05,-4.642065152999546,0,-4.330603585599156
25009,CC(CCSCC(C)OC(=O)*)O*,CC(CCSCC(C)OC(=O)[*])O[*],[*]CCSCC(C)OC(=O)OC([*])C,0.000105,-3.9788107009300617,3,-4.17384888106174
25010,COC(=O)CC(NC(=O)*)C(=O)NCCN*,COC(=O)CC(NC(=O)[*])C(=O)NCCN[*],[*]NC(=O)NCCNC(=O)C([*])CC(=O)OC,4.68e-05,-4.329754146925876,2,-4.380675295293652
25011,CC(C)(CCOC(=O)C(C)(C)O*)OC(=O)*,CC(C)(CCOC(=O)C(C)(C)O[*])OC(=O)[*],[*]CCOC(=O)C(C)(C)OC(=O)OC([*])(C)C,2.35e-05,-4.628932137728264,2,-4.403713769526776
25012,CC(CNC(C)(CO*)C(C)C)OC(=O)*,CC(CNC(C)(CO[*])C(C)C)OC(=O)[*],[*]CNC(C)(COC(=O)OC([*])C)C(C)C,2.02e-05,-4.694648630553377,0,-4.420550835666914
25013,CC(CCCOC(=O)C(C)(C)OC(=O)*)O*,CC(CCCOC(=O)C(C)(C)OC(=O)[*])O[*],[*]CCCOC(=O)C(C)(C)OC(=O)OC([*])C,7e-05,-4.154901959985743,0,-4.416612301201979
25014,CC(CNC(CO*)C(C)(C)C)OC(=O)*,CC(CNC(CO[*])C(C)(C)C)OC(=O)[*],[*]CNC(COC(=O)OC([*])C)C(C)(C)C,1.9e-05,-4.721246399047171,3,-4.446106369747653
25015,COCCC(N*)C(=O)NC(C)CNC(=O)*,COCCC(N[*])C(=O)NC(C)CNC(=O)[*],[*]NC(=O)NCC(C)NC(=O)C([*])CCOC,0.000101,-3.995678626217357,1,-4.132555362048088
25016,CCCCCN(CCCO*)CCOC(=O)*,CCCCCN(CCCO[*])CCOC(=O)[*],[*]CCCOC(=O)OCCN([*])CCCCC,6.05e-05,-4.218244625347531,0,-4.126824846875263
25017,COCCSCC(C)(CO*)COC(=O)*,COCCSCC(C)(CO[*])COC(=O)[*],[*]COC(=O)OCC([*])(C)CSCCOC,6.25e-05,-4.204119982655925,2,-4.21418905373044
25018,CC(NC(C)C(C)(C)OC(=O)*)C(C)O*,CC(NC(C)C(C)(C)OC(=O)[*])C(C)O[*],[*]NC(C)C(C)(C)OC(=O)OC(C)C([*])C,2.03e-05,-4.692503962086787,2,-4.396301234362589
25019,CC(CC(C)O*)NC(=O)C(C)(C)OC(=O)*,CC(CC(C)O[*])NC(=O)C(C)(C)OC(=O)[*],[*]CC(C)OC(=O)OC(C)(C)C(=O)NC([*])C,5.48e-05,-4.261219441515631,1,-4.300278905456658
25020,CC(O*)C(COC(=O)*)NC(=O)C(N)=O,CC(O[*])C(COC(=O)[*])NC(=O)C(N)=O,[*]OC(=O)OCC(NC(=O)C(N)=O)C([*])C,4.7e-05,-4.327902142064283,3,-4.310990994193814
25021,C=CC=CCCN(C)CC(CNC(=O)*)O*,C=CC=CCCN(C)CC(CNC(=O)[*])O[*],[*]CNC(=O)OC([*])CN(C)CCC=CC=C,8.46e-05,-4.0726296369609765,0,-4.0449328809269485
25022,CCC(NC(=O)C(C)O*)C(C)(C)OC(=O)*,CCC(NC(=O)C(C)O[*])C(C)(C)OC(=O)[*],[*]NC(=O)C(C)OC(=O)OC(C)(C)C([*])CC,4.6e-05,-4.337242168318426,3,-4.448780320858931
25023,CC(CC(C)(C)OC(=O)*)NC(=O)CCO*,CC(CC(C)(C)OC(=O)[*])NC(=O)CCO[*],[*]CC(C)(C)OC(=O)OCCC(=O)NC([*])C,4.21e-05,-4.375717904164332,2,-4.376009943379683
25024,O=C(*)OCCCN(CC=CCl)CCO*,O=C([*])OCCCN(CC=CCl)CCO[*],[*]OCCCN(CC=CCl)CCOC([*])=O,7.49e-05,-4.125518182300533,3,-4.139993730817704
25025,CN(CCOC(=O)*)CC(O*)C(C)(C)C,CN(CCOC(=O)[*])CC(O[*])C(C)(C)C,[*]CCOC(=O)OC(CN([*])C)C(C)(C)C,3.49e-05,-4.45717457304082,2,-4.477128593901874
25026,CCN(CCCOC(=O)*)CCCC(C)O*,CCN(CCCOC(=O)[*])CCCC(C)O[*],[*]CCCOC(=O)OC(C)CCCN([*])CC,7.01e-05,-4.154281982033341,3,-4.2405357820894505
25027,CC(CNCC(C)(C)C(C)(C)OC(=O)*)O*,CC(CNCC(C)(C)C(C)(C)OC(=O)[*])O[*],[*]CNCC(C)(C)C(C)(C)OC(=O)OC([*])C,2.39e-05,-4.621602099051862,1,-4.527006695609036
25028,CCCC(C)(CO*)NC(=O)C(C)OC(=O)*,CCCC(C)(CO[*])NC(=O)C(C)OC(=O)[*],[*]COC(=O)OC(C)C(=O)NC([*])(C)CCC,4.23e-05,-4.373659632624958,3,-4.3065461837184325
25029,CCC(NC(=O)CCNC(=O)*)C(C)(C)O*,CCC(NC(=O)CCNC(=O)[*])C(C)(C)O[*],[*]NC(=O)CCNC(=O)OC(C)(C)C([*])CC,3.01e-05,-4.521433504406157,1,-4.3017432288726205
25030,CCC(CNCC(OC(=O)*)C(=O)NC)O*,CCC(CNCC(OC(=O)[*])C(=O)NC)O[*],[*]CNCC(OC(=O)OC([*])CC)C(=O)NC,3.8e-05,-4.42021640338319,0,-4.234406411332485
25031,CC(N*)C(=O)NCCOCCCNC(=O)*,CC(N[*])C(=O)NCCOCCCNC(=O)[*],[*]NC(=O)NCCCOCCNC(=O)C([*])C,7.19e-05,-4.1432711096171175,3,-4.152471902969069
25032,CC(CNC(=O)CCC(C)(C)OC(=O)*)O*,CC(CNC(=O)CCC(C)(C)OC(=O)[*])O[*],[*]CNC(=O)CCC(C)(C)OC(=O)OC([*])C,4.03e-05,-4.394694953858891,0,-4.461275299393654
25033,CCC(CC)CNC(CO*)C(C)OC(=O)*,CCC(CC)CNC(CO[*])C(C)OC(=O)[*],[*]COC(=O)OC(C)C([*])NCC(CC)CC,1.69e-05,-4.772113295386326,2,-4.4657125574012
25034,CC(C)(CCNC(=O)C(C)(C)OC(=O)*)O*,CC(C)(CCNC(=O)C(C)(C)OC(=O)[*])O[*],[*]CCNC(=O)C(C)(C)OC(=O)OC([*])(C)C,4.31e-05,-4.3655227298392685,1,-4.355041268279683
25035,CC(CCCCO*)NC(=O)C(C)NC(=O)*,CC(CCCCO[*])NC(=O)C(C)NC(=O)[*],[*]CCCCOC(=O)NC(C)C(=O)NC([*])C,4.35e-05,-4.361510743045363,2,-4.285039677631383
25036,CCC(CNC(=O)CNC(=O)*)N*,CCC(CNC(=O)CNC(=O)[*])N[*],[*]CNC(=O)CNC(=O)NC([*])CC,7.73e-05,-4.111820506081675,1,-4.26204765588065
25037,CC(CNCC(=O)NCCO*)OC(=O)*,CC(CNCC(=O)NCCO[*])OC(=O)[*],[*]CNCC(=O)NCCOC(=O)OC([*])C,0.000113,-3.946921556516581,2,-3.995630829339783
25038,CC(CCO*)NCCC(OC(=O)*)C(F)F,CC(CCO[*])NCCC(OC(=O)[*])C(F)F,[*]CCOC(=O)OC(CCNC([*])C)C(F)F,5.6e-05,-4.251811972993799,1,-4.076256505107325
25039,CCN(CCCC(C)O*)CCOC(=O)*,CCN(CCCC(C)O[*])CCOC(=O)[*],[*]CCCC(C)OC(=O)OCCN([*])CC,5.91e-05,-4.228412519118745,3,-4.145329050602581
25040,CN(CCCF)CC(C)(CO*)COC(=O)*,CN(CCCF)CC(C)(CO[*])COC(=O)[*],[*]COC(=O)OCC([*])(C)CN(C)CCCF,2.75e-05,-4.560667306169737,0,-4.4109656895324925
25041,CNCC(CN(C)C(=O)C(C)N*)OC(=O)*,CNCC(CN(C)C(=O)C(C)N[*])OC(=O)[*],[*]CN(C)C(=O)C(C)NC(=O)OC([*])CNC,4.4e-05,-4.356547323513813,2,-4.395870432482041
25042,CCC(CC)NCC(CN*)OC(=O)*,CCC(CC)NCC(CN[*])OC(=O)[*],[*]CNC(=O)OC([*])CNC(CC)CC,7.75e-05,-4.110698297493689,3,-4.351317087901676
25043,CC(CC(C)NC(=O)*)NCC=CCO*,CC(CC(C)NC(=O)[*])NCC=CCO[*],[*]CC(C)NC(=O)OCC=CCNC([*])C,7.39e-05,-4.131355561605174,2,-4.2101335009868635
25044,CC(CC(C)NC(=O)*)NCC(C)(C)N*,CC(CC(C)NC(=O)[*])NCC(C)(C)N[*],[*]CC(C)NC(=O)NC(C)(C)CNC([*])C,7.21e-05,-4.142064735280571,0,-4.4163715344251
25045,CCCC(C)NC(COC(=O)*)C(C)O*,CCCC(C)NC(COC(=O)[*])C(C)O[*],[*]COC(=O)OC(C)C([*])NC(C)CCC,1.26e-05,-4.8996294548824375,1,-4.481692291777349
25046,CCC(CC)(COC(=O)*)C(=O)OCCO*,CCC(CC)(COC(=O)[*])C(=O)OCCO[*],[*]COC(=O)OCCOC(=O)C([*])(CC)CC,3.02e-05,-4.519993057042849,3,-4.459482774632388
25047,CCC(CO*)N(C)CCC(C)(C)OC(=O)*,CCC(CO[*])N(C)CCC(C)(C)OC(=O)[*],[*]COC(=O)OC(C)(C)CCN(C)C([*])CC,3.89e-05,-4.410050398674293,2,-4.33553196305025
25048,CCN(CC(CO*)OC(=O)*)C(C)C(C)C,CCN(CC(CO[*])OC(=O)[*])C(C)C(C)C,[*]COC(=O)OC([*])CN(CC)C(C)C(C)C,1.39e-05,-4.856985199745905,2,-4.485648503236672
25049,CC(NCC(C)(O*)C(C)C)C(C)OC(=O)*,CC(NCC(C)(O[*])C(C)C)C(C)OC(=O)[*],[*]NCC(C)(OC(=O)OC(C)C([*])C)C(C)C,3.36e-05,-4.473660722610156,3,-4.56778159001298
25050,CC(CCCN(C)CC(C)(C)O*)OC(=O)*,CC(CCCN(C)CC(C)(C)O[*])OC(=O)[*],[*]CCCN(C)CC(C)(C)OC(=O)OC([*])C,5.04e-05,-4.297569463554475,3,-4.383370094961701
25051,CCC(COC(=O)*)N(C)CCC(C)O*,CCC(COC(=O)[*])N(C)CCC(C)O[*],[*]COC(=O)OC(C)CCN(C)C([*])CC,4.79e-05,-4.319664486585437,2,-4.157310193048657
25052,CCC(CO*)N(C)CC(C)(C)OC(=O)*,CCC(CO[*])N(C)CC(C)(C)OC(=O)[*],[*]COC(=O)OC(C)(C)CN(C)C([*])CC,1.08e-05,-4.966576244513051,1,-4.386555900396472
25053,CCCN(CC(F)F)CC(COC(=O)*)O*,CCCN(CC(F)F)CC(COC(=O)[*])O[*],[*]COC(=O)OC([*])CN(CCC)CC(F)F,6.51e-05,-4.186419011431808,3,-4.155316159198727
25054,CCC(CNC(C)(CO*)C(C)C)OC(=O)*,CCC(CNC(C)(CO[*])C(C)C)OC(=O)[*],[*]CNC(C)(COC(=O)OC([*])CC)C(C)C,4.32e-05,-4.364516253185088,2,-4.432205732696065
25055,CC(CCCOC(=O)*)CNC(C)C(C)O*,CC(CCCOC(=O)[*])CNC(C)C(C)O[*],[*]CCCOC(=O)OC(C)C(C)NCC([*])C,3.89e-05,-4.410050398674293,1,-4.345966970808
25056,CC(CCO*)NC(CCF)COC(=O)*,CC(CCO[*])NC(CCF)COC(=O)[*],[*]CCOC(=O)OCC(CCF)NC([*])C,5.58e-05,-4.253365801062421,0,-4.185087381256348
25057,CC(C)CCC(CN(C)CCOC(=O)*)O*,CC(C)CCC(CN(C)CCOC(=O)[*])O[*],[*]CN(C)CCOC(=O)OC([*])CCC(C)C,5.29e-05,-4.276544327964814,2,-4.187805890544635
25058,CC(=O)N(C)CC(CNCCOC(=O)*)O*,CC(=O)N(C)CC(CNCCOC(=O)[*])O[*],[*]CNCCOC(=O)OC([*])CN(C)C(C)=O,6.67e-05,-4.175874166083451,2,-4.095065390080621
25059,CCC(CC)CN(C)CC(CN*)OC(=O)*,CCC(CC)CN(C)CC(CN[*])OC(=O)[*],[*]CNC(=O)OC([*])CN(C)CC(CC)CC,3.31e-05,-4.480172006224281,1,-4.449343960395622
25060,CCC(OC(=O)*)C(=O)OCCCCO*,CCC(OC(=O)[*])C(=O)OCCCCO[*],[*]OC(=O)OCCCCOC(=O)C([*])CC,6.95e-05,-4.158015195409886,1,-4.139413711578702
25061,CC(CNCC(COC(=O)*)C(C)C)O*,CC(CNCC(COC(=O)[*])C(C)C)O[*],[*]CNCC(COC(=O)OC([*])C)C(C)C,4.65e-05,-4.332547047110047,2,-4.4131411281764645
25062,CC(C)(CNCC(C)(OC(=O)*)C(F)F)O*,CC(C)(CNCC(C)(OC(=O)[*])C(F)F)O[*],[*]CNCC(C)(OC(=O)OC([*])(C)C)C(F)F,5.33e-05,-4.273272790973428,3,-4.17232879457161
25063,CCCC(CN(CCOC(=O)*)C(C)C)O*,CCCC(CN(CCOC(=O)[*])C(C)C)O[*],[*]CN(CCOC(=O)OC([*])CCC)C(C)C,3.56e-05,-4.448550002027125,3,-4.4944661880107075
25064,CCCC(C)(O*)C(=O)OCCCOC(=O)*,CCCC(C)(O[*])C(=O)OCCCOC(=O)[*],[*]OC(=O)OCCCOC(=O)C([*])(C)CCC,4.92e-05,-4.308034897232639,3,-4.343082412377471
25065,CNCCCCNC(=O)C(CNC(=O)*)N*,CNCCCCNC(=O)C(CNC(=O)[*])N[*],[*]CNC(=O)NC([*])C(=O)NCCCCNC,6.75e-05,-4.170696227168975,0,-4.089071844486664
25066,CC(C)C(C)N(CCO*)CCOC(=O)*,CC(C)C(C)N(CCO[*])CCOC(=O)[*],[*]CCOC(=O)OCCN([*])C(C)C(C)C,3.11e-05,-4.507239610973163,1,-4.407559816502676
25067,CC(C)(C)CN(CCCO*)CCNC(=O)*,CC(C)(C)CN(CCCO[*])CCNC(=O)[*],[*]CCCOC(=O)NCCN([*])CC(C)(C)C,2.86e-05,-4.543633966870957,1,-4.340855621811819
25068,CC(CCCCO*)NCC(C)(C)OC(=O)*,CC(CCCCO[*])NCC(C)(C)OC(=O)[*],[*]CCCCOC(=O)OC(C)(C)CNC([*])C,4.15e-05,-4.381951903287908,1,-4.342043029833131
25069,CCCCCCNC(CN*)CNC(=O)*,CCCCCCNC(CN[*])CNC(=O)[*],[*]CNC(=O)NCC([*])NCCCCCC,6.72e-05,-4.172630726946175,0,-4.1727827291078965
25070,CC(C)(C)CN(CCNC(=O)*)CCO*,CC(C)(C)CN(CCNC(=O)[*])CCO[*],[*]CCNC(=O)OCCN([*])CC(C)(C)C,4.4e-05,-4.356547323513813,3,-4.298256175860097
25071,O=C(*)NCCCN(CCN*)CC(F)(F)F,O=C([*])NCCCN(CCN[*])CC(F)(F)F,[*]NCCCN(CCNC([*])=O)CC(F)(F)F,8.45e-05,-4.073143291050307,0,-4.013028203481852
25072,CC(OC(=O)*)C(N*)C(=O)N(C)C(C)CC#N,CC(OC(=O)[*])C(N[*])C(=O)N(C)C(C)CC#N,[*]OC(=O)NC(C(=O)N(C)C(C)CC#N)C([*])C,3.49e-05,-4.45717457304082,2,-4.482303685762847
25073,CC(CN(C)CC(CC(F)F)N*)NC(=O)*,CC(CN(C)CC(CC(F)F)N[*])NC(=O)[*],[*]CN(C)CC(CC(F)F)NC(=O)NC([*])C,6.93e-05,-4.159266765388193,1,-4.373076156667177
25074,CCN(CCC(C)(C)OC(=O)*)C(C)CO*,CCN(CCC(C)(C)OC(=O)[*])C(C)CO[*],[*]CCC(C)(C)OC(=O)OCC(C)N([*])CC,3.97e-05,-4.401209493236885,2,-4.332039529445774
25075,CCC(CC)NC(=O)CC(CNC(=O)*)O*,CCC(CC)NC(=O)CC(CNC(=O)[*])O[*],[*]CNC(=O)OC([*])CC(=O)NC(CC)CC,3.71e-05,-4.430626090384954,0,-4.327887692946183
25076,CCC(COC(=O)*)NCC(C)(O*)C(F)F,CCC(COC(=O)[*])NCC(C)(O[*])C(F)F,[*]COC(=O)OC(C)(CNC([*])CC)C(F)F,4.23e-05,-4.373659632624958,2,-4.289666460401323
25077,CCC(C)(OC(=O)*)C(=O)OCCCCO*,CCC(C)(OC(=O)[*])C(=O)OCCCCO[*],[*]OC(=O)OCCCCOC(=O)C([*])(C)CC,5.54e-05,-4.2564902352715706,2,-4.231724605845601
25078,CCC(COC(=O)*)N(C)CC(C)O*,CCC(COC(=O)[*])N(C)CC(C)O[*],[*]COC(=O)OC(C)CN(C)C([*])CC,4.85e-05,-4.314258261397736,1,-4.21433320296087
25079,O=C(*)OCC(CO*)NCCCCCF,O=C([*])OCC(CO[*])NCCCCCF,[*]OCC(COC([*])=O)NCCCCCF,5.62e-05,-4.250263684430939,0,-4.121667622213098
25080,CC(CCOC(=O)*)NCC(O*)C(C)(C)C,CC(CCOC(=O)[*])NCC(O[*])C(C)(C)C,[*]CCOC(=O)OC(CNC([*])C)C(C)(C)C,4.83e-05,-4.316052869248487,0,-4.484186797717196
25081,CCCC(OC(=O)*)C(=O)OCC(C)CO*,CCCC(OC(=O)[*])C(=O)OCC(C)CO[*],[*]OC(=O)OCC(C)COC(=O)C([*])CCC,5.16e-05,-4.287350298372789,0,-4.445685811786932
25082,CC(CCN*)NCC(CNC(=O)*)C(C)C,CC(CCN[*])NCC(CNC(=O)[*])C(C)C,[*]CCNC(=O)NCC(CNC([*])C)C(C)C,3.73e-05,-4.428291168191312,3,-4.366069751670486
25083,CCCC(C)(OC(=O)*)C(=O)NCCCO*,CCCC(C)(OC(=O)[*])C(=O)NCCCO[*],[*]OC(=O)OCCCNC(=O)C([*])(C)CCC,3.12e-05,-4.505845405981558,1,-4.295183372764301
25084,CN(CCCO*)CC(C)(OC(=O)*)C(F)F,CN(CCCO[*])CC(C)(OC(=O)[*])C(F)F,[*]CCCOC(=O)OC(C)(CN([*])C)C(F)F,4.65e-05,-4.332547047110047,2,-4.177382112835986
25085,CC(C)C(CNCC(C)(C)N*)CNC(=O)*,CC(C)C(CNCC(C)(C)N[*])CNC(=O)[*],[*]CNCC(C)(C)NC(=O)NCC([*])C(C)C,4.48e-05,-4.348721986001856,0,-4.4099846717151125
25086,CC(CCOC(=O)*)NCC(C)(O*)C(F)F,CC(CCOC(=O)[*])NCC(C)(O[*])C(F)F,[*]CCOC(=O)OC(C)(CNC([*])C)C(F)F,4.21e-05,-4.375717904164332,1,-4.206697343780902
25087,CCC(CC)(CCNC(=O)COC(=O)*)O*,CCC(CC)(CCNC(=O)COC(=O)[*])O[*],[*]CCNC(=O)COC(=O)OC([*])(CC)CC,2.6e-05,-4.585026652029182,0,-4.410834680928953
25088,CC(CCCCN*)NCCC(C)NC(=O)*,CC(CCCCN[*])NCCC(C)NC(=O)[*],[*]CCCCNC(=O)NC(C)CCNC([*])C,4.83e-05,-4.316052869248487,3,-4.090669925344228
25089,CCC(CC)(CCOC(=O)*)NCC(C)O*,CCC(CC)(CCOC(=O)[*])NCC(C)O[*],[*]CCOC(=O)OC(C)CNC([*])(CC)CC,3.44e-05,-4.46344155742847,2,-4.370628945410311
25090,CCC(CN(C)C(C)CCOC(=O)*)O*,CCC(CN(C)C(C)CCOC(=O)[*])O[*],[*]CN(C)C(C)CCOC(=O)OC([*])CC,8.67e-05,-4.06198090252379,3,-4.202525797582968
25091,CCC(CNCC(C)(C)NC(=O)*)N*,CCC(CNCC(C)(C)NC(=O)[*])N[*],[*]CNCC(C)(C)NC(=O)NC([*])CC,0.00012,-3.9208187539523753,2,-4.1709439650643185
25092,CC(CCOC(=O)*)NC(C)CC(C)(C)O*,CC(CCOC(=O)[*])NC(C)CC(C)(C)O[*],[*]CCOC(=O)OC(C)(C)CC(C)NC([*])C,2.42e-05,-4.616184634019569,2,-4.435104039700475
25093,CCN(CCNC(=O)*)C(=O)CNCCN*,CCN(CCNC(=O)[*])C(=O)CNCCN[*],[*]CCNC(=O)NCCNCC(=O)N([*])CC,6.34e-05,-4.197910742118268,2,-4.116724514516898
25094,CCC(CNC(COC(=O)*)C(C)(C)C)O*,CCC(CNC(COC(=O)[*])C(C)(C)C)O[*],[*]CNC(COC(=O)OC([*])CC)C(C)(C)C,3.87e-05,-4.412289034981089,3,-4.3723500892829135
25095,CC(CSCC(C)(C)OC(=O)*)O*,CC(CSCC(C)(C)OC(=O)[*])O[*],[*]CSCC(C)(C)OC(=O)OC([*])C,6e-05,-4.221848749616356,2,-4.411913814482723
25096,CCCC(C)NC(=O)CC(CNC(=O)*)O*,CCCC(C)NC(=O)CC(CNC(=O)[*])O[*],[*]CNC(=O)OC([*])CC(=O)NC(C)CCC,5.49e-05,-4.260427655549908,1,-4.3729951311472535
25097,CC(CNC(C)C(C)OC(=O)*)CC(C)O*,CC(CNC(C)C(C)OC(=O)[*])CC(C)O[*],[*]CNC(C)C(C)OC(=O)OC(C)CC([*])C,4.92e-05,-4.308034897232639,3,-4.355518008527797
25098,C#CC(COC(=O)*)NCC(CC(F)F)N*,C#CC(COC(=O)[*])NCC(CC(F)F)N[*],[*]COC(=O)NC(CNC([*])C#C)CC(F)F,6.85e-05,-4.164309428507575,3,-4.180516831707216
25099,CCC(CO*)NCC(CSC)OC(=O)*,CCC(CO[*])NCC(CSC)OC(=O)[*],[*]COC(=O)OC(CNC([*])CC)CSC,4.36e-05,-4.360513510731414,0,-4.173332745083366
25100,CC(COC(=O)*)CN(C)C(C)C(C)(C)O*,CC(COC(=O)[*])CN(C)C(C)C(C)(C)O[*],[*]COC(=O)OC(C)(C)C(C)N(C)CC([*])C,2.14e-05,-4.669586226650809,2,-4.428415335847927
25101,CC(C)=CCN(CCCOC(=O)*)CCO*,CC(C)=CCN(CCCOC(=O)[*])CCO[*],[*]CCCOC(=O)OCCN([*])CC=C(C)C,9.7e-05,-4.013228265733755,2,-4.163464448705058
25102,CC=CCC(CO*)NCC(C)OC(=O)*,CC=CCC(CO[*])NCC(C)OC(=O)[*],[*]COC(=O)OC(C)CNC([*])CC=CC,4.25e-05,-4.371611069949688,0,-4.147614319787927
25103,CCCC(CN(C)CC(C)O*)OC(=O)*,CCCC(CN(C)CC(C)O[*])OC(=O)[*],[*]CN(C)CC(C)OC(=O)OC([*])CCC,4.49e-05,-4.347753658996677,1,-4.347506172714692
25104,CSCC(CNCCCCO*)OC(=O)*,CSCC(CNCCCCO[*])OC(=O)[*],[*]CNCCCCOC(=O)OC([*])CSC,0.000146,-3.835647144215563,1,-4.069349689132977
25105,CC(NC(CO*)CC(F)F)C(C)OC(=O)*,CC(NC(CO[*])CC(F)F)C(C)OC(=O)[*],[*]NC(COC(=O)OC(C)C([*])C)CC(F)F,2.82e-05,-4.549750891680639,1,-4.275307318099821
25106,CCC(COC(=O)*)N(C)CCCO*,CCC(COC(=O)[*])N(C)CCCO[*],[*]COC(=O)OCCCN(C)C([*])CC,8.64e-05,-4.063486257521107,3,-4.211998497500448
25107,CC(C)(COC(=O)*)NCC(O*)C(C)(C)C,CC(C)(COC(=O)[*])NCC(O[*])C(C)(C)C,[*]COC(=O)OC(CNC([*])(C)C)C(C)(C)C,2.24e-05,-4.649751981665837,3,-4.414774291901606
25108,CC(O*)C(COC(=O)*)NCC(C)(C)C,CC(O[*])C(COC(=O)[*])NCC(C)(C)C,[*]OC(=O)OCC(NCC(C)(C)C)C([*])C,3.03e-05,-4.518557371497695,0,-4.450851795052569
25109,CCN(CCN*)CC(CNC(=O)*)C(C)C,CCN(CCN[*])CC(CNC(=O)[*])C(C)C,[*]CCNC(=O)NCC(CN([*])CC)C(C)C,7.75e-05,-4.110698297493689,3,-4.276917159339875
25110,CCC=CCCN(CCO*)CCOC(=O)*,CCC=CCCN(CCO[*])CCOC(=O)[*],[*]CCOC(=O)OCCN([*])CCC=CCC,8.85e-05,-4.053056729302175,2,-4.213459014998946
25111,CCN(CCC(C)O*)C(C)COC(=O)*,CCN(CCC(C)O[*])C(C)COC(=O)[*],[*]CCC(C)OC(=O)OCC(C)N([*])CC,3.65e-05,-4.437707135543525,2,-4.271830368810587
25112,CCN(CC(COC(=O)*)O*)C(C)(C)C,CCN(CC(COC(=O)[*])O[*])C(C)(C)C,[*]COC(=O)OC([*])CN(CC)C(C)(C)C,2.26e-05,-4.645891560852599,3,-4.54990648488667
25113,CCC(CNCC(O*)C(C)CC)OC(=O)*,CCC(CNCC(O[*])C(C)CC)OC(=O)[*],[*]CNCC(OC(=O)OC([*])CC)C(C)CC,4.25e-05,-4.371611069949688,0,-4.362497130571143
25114,CCC(C)C(C)N(C)CC(CN*)OC(=O)*,CCC(C)C(C)N(C)CC(CN[*])OC(=O)[*],[*]CNC(=O)OC([*])CN(C)C(C)C(C)CC,4.96e-05,-4.304518323509803,3,-4.434063012051593
25115,CN(CC(C)(C)C#N)C(=O)C(COC(=O)*)N*,CN(CC(C)(C)C#N)C(=O)C(COC(=O)[*])N[*],[*]COC(=O)NC([*])C(=O)N(C)CC(C)(C)C#N,4.28e-05,-4.368556230986828,0,-4.454097509397377
25116,CCC(CNC(C)CC(C)N*)OC(=O)*,CCC(CNC(C)CC(C)N[*])OC(=O)[*],[*]CNC(C)CC(C)NC(=O)OC([*])CC,2.32e-05,-4.634512015109101,1,-4.272773051527565
25117,CCCC(C)(O*)C(=O)OCC(C)OC(=O)*,CCCC(C)(O[*])C(=O)OCC(C)OC(=O)[*],[*]OC(=O)OC(C)COC(=O)C([*])(C)CCC,1.66e-05,-4.779891911959945,0,-4.483409092462262
25118,CON(C)CC(CC(C)(C)OC(=O)*)O*,CON(C)CC(CC(C)(C)OC(=O)[*])O[*],[*]CC(C)(C)OC(=O)OC([*])CN(C)OC,2.59e-05,-4.586700235918748,0,-4.229208883646608
25119,CCCCCN(CCO*)CC(C)NC(=O)*,CCCCCN(CCO[*])CC(C)NC(=O)[*],[*]CCOC(=O)NC(C)CN([*])CCCCC,7.47e-05,-4.126679398184601,3,-4.25643562352067
25120,CCN(CCO*)CC(C)(C)NC(=O)*,CCN(CCO[*])CC(C)(C)NC(=O)[*],[*]CCOC(=O)NC(C)(C)CN([*])CC,5.99e-05,-4.2225731776106885,2,-4.2231482001222505
25121,CCCC(C#N)NC(=O)CC(CN*)OC(=O)*,CCCC(C#N)NC(=O)CC(CN[*])OC(=O)[*],[*]CNC(=O)OC([*])CC(=O)NC(C#N)CCC,6.95e-05,-4.158015195409886,2,-4.254811198817035
25122,CC(CNCCCC(C)(C)CO*)OC(=O)*,CC(CNCCCC(C)(C)CO[*])OC(=O)[*],[*]CNCCCC(C)(C)COC(=O)OC([*])C,4.25e-05,-4.371611069949688,1,-4.3469445814356105
25123,CCC(CO*)N(C)CC(C)(C)COC(=O)*,CCC(CO[*])N(C)CC(C)(C)COC(=O)[*],[*]COC(=O)OCC(C)(C)CN(C)C([*])CC,3.83e-05,-4.416801226031377,0,-4.425631013353161
25124,CCCN(CCCO*)CC(C)(C)OC(=O)*,CCCN(CCCO[*])CC(C)(C)OC(=O)[*],[*]CCCOC(=O)OC(C)(C)CN([*])CCC,3.56e-05,-4.448550002027125,0,-4.457292177715548
25125,CC(C)(CC(=O)NCC(C)(C)OC(=O)*)O*,CC(C)(CC(=O)NCC(C)(C)OC(=O)[*])O[*],[*]CNC(=O)CC(C)(C)OC(=O)OC([*])(C)C,3.38e-05,-4.471083299722345,1,-4.400211408071397
25126,C=CC=CCCN(CCO*)CC(C)OC(=O)*,C=CC=CCCN(CCO[*])CC(C)OC(=O)[*],[*]CCOC(=O)OC(C)CN([*])CCC=CC=C,7.79e-05,-4.108462542327436,0,-4.066758250066943
25127,CN(CCCCCCCN*)CCNC(=O)*,CN(CCCCCCCN[*])CCNC(=O)[*],[*]CCCCCCCNC(=O)NCCN([*])C,0.000139,-3.856985199745905,0,-4.0282637912887775
25128,CCC(C)CN(CCCOC(=O)*)CCO*,CCC(C)CN(CCCOC(=O)[*])CCO[*],[*]CCCOC(=O)OCCN([*])CC(C)CC,5.95e-05,-4.22548303427145,3,-4.139530943416843
25129,CC(C)(C)CCCNC(CN*)CNC(=O)*,CC(C)(C)CCCNC(CN[*])CNC(=O)[*],[*]CNC(=O)NCC([*])NCCCC(C)(C)C,7.9e-05,-4.102372908709558,0,-4.412434531747203
25130,CC(CNC(=O)*)N(C)CC(CC(F)F)N*,CC(CNC(=O)[*])N(C)CC(CC(F)F)N[*],[*]CNC(=O)NC(CC(F)F)CN(C)C([*])C,3.41e-05,-4.467245621007502,0,-4.173989978412995
25131,CC(CCNC(C)CCCCOC(=O)*)N*,CC(CCNC(C)CCCCOC(=O)[*])N[*],[*]CCCCOC(=O)NC(C)CCNC([*])C,6.83e-05,-4.165579296318468,3,-4.2446398150214
25132,CC(CN(C)CC(CC(F)F)N*)OC(=O)*,CC(CN(C)CC(CC(F)F)N[*])OC(=O)[*],[*]CN(C)CC(CC(F)F)NC(=O)OC([*])C,5.67e-05,-4.246416941107094,3,-4.247760915298168
25133,CCCCCC(OC(=O)*)C(=O)NCCO*,CCCCCC(OC(=O)[*])C(=O)NCCO[*],[*]OC(=O)OCCNC(=O)C([*])CCCCC,8.87e-05,-4.052076380168273,3,-4.267888862505392
25134,CC(C)C(CCN(C)CCNC(=O)*)N*,CC(C)C(CCN(C)CCNC(=O)[*])N[*],[*]CCN(C)CCNC(=O)NC([*])C(C)C,5.64e-05,-4.248720896016658,2,-4.317867380618383
25135,CCN(CCOC(=O)*)CC(CC(F)F)N*,CCN(CCOC(=O)[*])CC(CC(F)F)N[*],[*]CCOC(=O)NC(CC(F)F)CN([*])CC,4.7e-05,-4.327902142064283,0,-4.281474340008612
25136,CCC(CCCNC(C)C(C)OC(=O)*)O*,CCC(CCCNC(C)C(C)OC(=O)[*])O[*],[*]CCCNC(C)C(C)OC(=O)OC([*])CC,2.91e-05,-4.536107011014093,2,-4.260163253423253
25137,CCCC(CN(CC)CCO*)OC(=O)*,CCCC(CN(CC)CCO[*])OC(=O)[*],[*]CN(CC)CCOC(=O)OC([*])CCC,5.34e-05,-4.272458742971444,0,-4.1130592893109625
25138,CCC(CO*)N(C)CC(OC(=O)*)C(C)C,CCC(CO[*])N(C)CC(OC(=O)[*])C(C)C,[*]COC(=O)OC(CN(C)C([*])CC)C(C)C,2.77e-05,-4.557520230935552,0,-4.427402743687009
25139,CCC(CNCC(C)CC(C)O*)OC(=O)*,CCC(CNCC(C)CC(C)O[*])OC(=O)[*],[*]CNCC(C)CC(C)OC(=O)OC([*])CC,2.93e-05,-4.533132379645891,3,-4.296548289003081
25140,CCC(CCCNC(=O)CCN*)OC(=O)*,CCC(CCCNC(=O)CCN[*])OC(=O)[*],[*]CCCNC(=O)CCNC(=O)OC([*])CC,4.96e-05,-4.304518323509803,1,-4.18584713339484
25141,CCC(CNCC(C)CCCOC(=O)*)O*,CCC(CNCC(C)CCCOC(=O)[*])O[*],[*]CNCC(C)CCCOC(=O)OC([*])CC,8.66e-05,-4.062482107982653,3,-4.177428700054012
25142,CCCC(C)(O*)C(=O)NC(C)COC(=O)*,CCCC(C)(O[*])C(=O)NC(C)COC(=O)[*],[*]OC(=O)OCC(C)NC(=O)C([*])(C)CCC,4.07e-05,-4.39040559077478,1,-4.407544668706933
25143,CC(C)C(CCN(C)C(C)COC(=O)*)O*,CC(C)C(CCN(C)C(C)COC(=O)[*])O[*],[*]CCN(C)C(C)COC(=O)OC([*])C(C)C,3.56e-05,-4.448550002027125,1,-4.445542697639056
25144,CCC(CCCNC(=O)CCO*)OC(=O)*,CCC(CCCNC(=O)CCO[*])OC(=O)[*],[*]CCCNC(=O)CCOC(=O)OC([*])CC,5.92e-05,-4.22767829327708,1,-4.2032809984777035
25145,CCC(NCC(C)OC(=O)*)C(O*)C(C)C,CCC(NCC(C)OC(=O)[*])C(O[*])C(C)C,[*]NCC(C)OC(=O)OC(C(C)C)C([*])CC,2.24e-05,-4.649751981665837,1,-4.439390927391886
25146,CCC(CNCC(CNC(=O)*)C(C)C)N*,CCC(CNCC(CNC(=O)[*])C(C)C)N[*],[*]CNCC(CNC(=O)NC([*])CC)C(C)C,5.06e-05,-4.295849483160201,1,-4.3180952844109814
25147,CC(C#N)CN(C)C(=O)C(N*)C(C)OC(=O)*,CC(C#N)CN(C)C(=O)C(N[*])C(C)OC(=O)[*],[*]NC(=O)OC(C)C([*])C(=O)N(C)CC(C)C#N,6.04e-05,-4.218963061378868,1,-4.404857615789582
25148,CC(NC(=O)CCCN*)C(C)(C)OC(=O)*,CC(NC(=O)CCCN[*])C(C)(C)OC(=O)[*],[*]NC(=O)CCCNC(=O)OC(C)(C)C([*])C,2.98e-05,-4.525783735923745,1,-4.211854775428516
25149,CCCC(CCOC(=O)*)NC(=O)CCO*,CCCC(CCOC(=O)[*])NC(=O)CCO[*],[*]CCOC(=O)OCCC(=O)NC([*])CCC,6.72e-05,-4.172630726946175,2,-4.282642314965017
25150,CCCC(CN(CC)C(C)COC(=O)*)O*,CCCC(CN(CC)C(C)COC(=O)[*])O[*],[*]CN(CC)C(C)COC(=O)OC([*])CCC,5.67e-05,-4.246416941107094,3,-4.448615793281367
25151,CC(CN(C)CCC(N*)C(C)C)NC(=O)*,CC(CN(C)CCC(N[*])C(C)C)NC(=O)[*],[*]CN(C)CCC(NC(=O)NC([*])C)C(C)C,4.79e-05,-4.319664486585437,3,-4.3729270004974365
25152,CCC(C)CNC(COC(=O)*)C(C)O*,CCC(C)CNC(COC(=O)[*])C(C)O[*],[*]COC(=O)OC(C)C([*])NCC(C)CC,4.35e-05,-4.361510743045363,0,-4.452526704475451
25153,CC(CCCOC(=O)*)CNCC(C)O*,CC(CCCOC(=O)[*])CNCC(C)O[*],[*]CCCOC(=O)OC(C)CNCC([*])C,6.57e-05,-4.182434630440219,2,-4.144357014190066
25154,CCCCCCN(CCNC(=O)*)CCO*,CCCCCCN(CCNC(=O)[*])CCO[*],[*]CCNC(=O)OCCN([*])CCCCCC,7.55e-05,-4.122053048370812,0,-4.133605110294865
25155,CC(CCOC(=O)*)NCCC(C)(C)CO*,CC(CCOC(=O)[*])NCCC(C)(C)CO[*],[*]CCOC(=O)OCC(C)(C)CCNC([*])C,5e-05,-4.301029995663981,3,-4.431697907650117
25156,CC(CCOC(=O)*)NCC(C)(C)CCO*,CC(CCOC(=O)[*])NCC(C)(C)CCO[*],[*]CCOC(=O)OCCC(C)(C)CNC([*])C,4.34e-05,-4.36251027048749,3,-4.333273881087253
25157,CC(C)CCC(CNCC(C)O*)OC(=O)*,CC(C)CCC(CNCC(C)O[*])OC(=O)[*],[*]CNCC(C)OC(=O)OC([*])CCC(C)C,6.5e-05,-4.187086643357144,3,-4.367476714923694
25158,CC(C)CCN(CCN*)CCOC(=O)*,CC(C)CCN(CCN[*])CCOC(=O)[*],[*]CCNC(=O)OCCN([*])CCC(C)C,6.11e-05,-4.213958789757446,1,-4.155702941705017
25159,CC(CNCC(CN*)C(C)C)CNC(=O)*,CC(CNCC(CN[*])C(C)C)CNC(=O)[*],[*]CNCC(CNC(=O)NCC([*])C)C(C)C,6.3e-05,-4.200659450546418,0,-4.337873719678122
25160,CCN(CC(OC(=O)*)C(C)C)C(C)CO*,CCN(CC(OC(=O)[*])C(C)C)C(C)CO[*],[*]CC(OC(=O)OCC(C)N([*])CC)C(C)C,3.26e-05,-4.486782399932061,3,-4.436648295618367
25161,CC(CNCC(C)(C)CC(C)OC(=O)*)O*,CC(CNCC(C)(C)CC(C)OC(=O)[*])O[*],[*]CNCC(C)(C)CC(C)OC(=O)OC([*])C,4.82e-05,-4.31695296176115,0,-4.474401211145422
25162,CC(C)C(CNC(=O)*)CN(C)CCCN*,CC(C)C(CNC(=O)[*])CN(C)CCCN[*],[*]CNC(=O)NCCCN(C)CC([*])C(C)C,4.53e-05,-4.343901797987168,3,-4.1921279970616006
25163,CC(CO*)CN(C)C(C)CCOC(=O)*,CC(CO[*])CN(C)C(C)CCOC(=O)[*],[*]COC(=O)OCCC(C)N(C)CC([*])C,5.94e-05,-4.226213555018807,3,-4.200749734169012
25164,CCC(CC(C)O*)NC(C)CCOC(=O)*,CCC(CC(C)O[*])NC(C)CCOC(=O)[*],[*]CC(C)OC(=O)OCCC(C)NC([*])CC,5.19e-05,-4.284832642151542,0,-4.2895074795098305
25165,CCCC(CCO*)NC(C)CCOC(=O)*,CCCC(CCO[*])NC(C)CCOC(=O)[*],[*]CCOC(=O)OCCC(C)NC([*])CCC,7.42e-05,-4.129596094720973,2,-4.285700759664529
25166,C=CC=CCCN(CCNC(=O)*)CCO*,C=CC=CCCN(CCNC(=O)[*])CCO[*],[*]CCNC(=O)OCCN([*])CCC=CC=C,0.000129,-3.889410289700751,3,-3.8890387380012976
25167,CC(N(C)CCCOC(=O)*)C(C)(C)O*,CC(N(C)CCCOC(=O)[*])C(C)(C)O[*],[*]C(C)C(C)(C)OC(=O)OCCCN([*])C,3.35e-05,-4.474955192963154,1,-4.258807046069423
25168,CC(CCO*)N(C)CCCCOC(=O)*,CC(CCO[*])N(C)CCCCOC(=O)[*],[*]CCOC(=O)OCCCCN(C)C([*])C,0.000113,-3.946921556516581,1,-4.070870353075049
25169,CC(NCCC(C)(C)CO*)C(C)OC(=O)*,CC(NCCC(C)(C)CO[*])C(C)OC(=O)[*],[*]NCCC(C)(C)COC(=O)OC(C)C([*])C,3.16e-05,-4.5003129173815966,0,-4.466431870183271
25170,CC(COC(=O)C(OC(=O)*)C(C)(C)C)O*,CC(COC(=O)C(OC(=O)[*])C(C)(C)C)O[*],[*]COC(=O)C(OC(=O)OC([*])C)C(C)(C)C,3.59e-05,-4.444905551421681,3,-4.460643126663664
25171,CN(CCOC(=O)*)C(CO*)C(C)(C)C,CN(CCOC(=O)[*])C(CO[*])C(C)(C)C,[*]CCOC(=O)OCC(N([*])C)C(C)(C)C,2.91e-05,-4.536107011014093,3,-4.652169346918363
25172,CN(CCCN*)C(COC(=O)*)C(C)(C)C,CN(CCCN[*])C(COC(=O)[*])C(C)(C)C,[*]CCCNC(=O)OCC(N([*])C)C(C)(C)C,1.47e-05,-4.832682665251824,3,-4.49124888864804
25173,CNCC(CN(C)C(=O)CCNC(=O)*)O*,CNCC(CN(C)C(=O)CCNC(=O)[*])O[*],[*]CN(C)C(=O)CCNC(=O)OC([*])CNC,8.58e-05,-4.066512712151295,1,-4.341783795447914
25174,CCCC(CN(C)CC(C)(C)O*)OC(=O)*,CCCC(CN(C)CC(C)(C)O[*])OC(=O)[*],[*]CN(C)CC(C)(C)OC(=O)OC([*])CCC,3.37e-05,-4.4723700991286615,0,-4.3888353940718
25175,CCCC(O*)C(=O)OCCCCOC(=O)*,CCCC(O[*])C(=O)OCCCCOC(=O)[*],[*]OC(=O)OCCCCOC(=O)C([*])CCC,8.87e-05,-4.052076380168273,2,-4.234185289845322
25176,CC(C)C(CNCC(C)(C)N*)NC(=O)*,CC(C)C(CNCC(C)(C)N[*])NC(=O)[*],[*]CNCC(C)(C)NC(=O)NC([*])C(C)C,4.01e-05,-4.396855627379818,1,-4.470885440371825
25177,CC(CCN(C)C(C)CCO*)OC(=O)*,CC(CCN(C)C(C)CCO[*])OC(=O)[*],[*]CCN(C)C(C)CCOC(=O)OC([*])C,3.91e-05,-4.407823242604133,3,-4.3435232101171
25178,CC(C)NCC(CC(C)(C)O*)OC(=O)*,CC(C)NCC(CC(C)(C)O[*])OC(=O)[*],[*]CC(C)(C)OC(=O)OC([*])CNC(C)C,2.58e-05,-4.58838029403677,3,-4.596270151175552
25179,CC(CC(C)(C)OC(=O)*)NC(=O)C(C)O*,CC(CC(C)(C)OC(=O)[*])NC(=O)C(C)O[*],[*]CC(C)(C)OC(=O)OC(C)C(=O)NC([*])C,3.48e-05,-4.458420756053419,2,-4.4840240304622885
25180,CCC(CC(C)CO*)NCC(C)OC(=O)*,CCC(CC(C)CO[*])NCC(C)OC(=O)[*],[*]CC(C)COC(=O)OC(C)CNC([*])CC,4.83e-05,-4.316052869248487,3,-4.392447516091336
25181,CC(C)CC(C)CNC(CN*)CNC(=O)*,CC(C)CC(C)CNC(CN[*])CNC(=O)[*],[*]CNC(=O)NCC([*])NCC(C)CC(C)C,7.5e-05,-4.1249387366083,1,-4.3505591850754834
25182,CCC(CC#N)NC(=O)C(CNC(=O)*)O*,CCC(CC#N)NC(=O)C(CNC(=O)[*])O[*],[*]CNC(=O)OC([*])C(=O)NC(CC)CC#N,3.72e-05,-4.429457060118103,0,-4.130788164800105
25183,CN(CC(C)(C)CNC(=O)*)CC(C)(C)N*,CN(CC(C)(C)CNC(=O)[*])CC(C)(C)N[*],[*]CC(C)(C)CNC(=O)NC(C)(C)CN([*])C,3.85e-05,-4.414539270491499,1,-4.415849860955587
25184,CC(CNCCCCOC(=O)*)(O*)C(F)F,CC(CNCCCCOC(=O)[*])(O[*])C(F)F,[*]CNCCCCOC(=O)OC([*])(C)C(F)F,6.45e-05,-4.1904402853647325,1,-4.190343795530718
25185,CC(CN(C)CCC(OC(=O)*)C(C)C)O*,CC(CN(C)CCC(OC(=O)[*])C(C)C)O[*],[*]CN(C)CCC(OC(=O)OC([*])C)C(C)C,5.32e-05,-4.274088367704952,1,-4.291477821204908
25186,CCCC(C)(CNC(C)CCOC(=O)*)O*,CCCC(C)(CNC(C)CCOC(=O)[*])O[*],[*]CNC(C)CCOC(=O)OC([*])(C)CCC,3.27e-05,-4.485452247339714,0,-4.344983357204797
25187,CCC=CCCNC(CO*)COC(=O)*,CCC=CCCNC(CO[*])COC(=O)[*],[*]COC(=O)OCC([*])NCCC=CCC,8.89e-05,-4.051098239029787,3,-4.24534218495304
25188,CCCCNC(=O)C(OC(=O)*)C(C)(C)O*,CCCCNC(=O)C(OC(=O)[*])C(C)(C)O[*],[*]OC(=O)OC(C)(C)C([*])C(=O)NCCCC,3.21e-05,-4.493494967595128,3,-4.532644852920255
25189,CCCC(CCO*)NC(=O)C(C)NC(=O)*,CCCC(CCO[*])NC(=O)C(C)NC(=O)[*],[*]CCOC(=O)NC(C)C(=O)NC([*])CCC,3.44e-05,-4.46344155742847,2,-4.376670616458937
25190,CC(CC#N)N(C)C(=O)C(CNC(=O)*)O*,CC(CC#N)N(C)C(=O)C(CNC(=O)[*])O[*],[*]CNC(=O)OC([*])C(=O)N(C)C(C)CC#N,6.32e-05,-4.199282921717615,3,-4.408553882628461
25191,CCN(CCCOC(=O)*)CC(C)(C)N*,CCN(CCCOC(=O)[*])CC(C)(C)N[*],[*]CCCOC(=O)NC(C)(C)CN([*])CC,6.68e-05,-4.175223537524454,2,-4.338183101271962
25192,CCC(C)C(C)NCC(OC(=O)*)C(C)O*,CCC(C)C(C)NCC(OC(=O)[*])C(C)O[*],[*]OC(=O)OC(C)C([*])CNC(C)C(C)CC,2e-05,-4.698970004336019,2,-4.521293104954668
25193,CCC(CC)(OC(=O)*)C(C)(C)NCCO*,CCC(CC)(OC(=O)[*])C(C)(C)NCCO[*],[*]OC(=O)OCCNC(C)(C)C([*])(CC)CC,1.81e-05,-4.742321425130816,0,-4.3507664937135075
25194,O=C(*)OCC(=O)OCCCCCCO*,O=C([*])OCC(=O)OCCCCCCO[*],[*]COC(=O)OCCCCCCOC([*])=O,7.55e-05,-4.122053048370812,2,-4.052444060076525
25195,CC(C)(CNC(CCN*)C(F)F)NC(=O)*,CC(C)(CNC(CCN[*])C(F)F)NC(=O)[*],[*]CNC(CCNC(=O)NC([*])(C)C)C(F)F,0.000104,-3.98296666070122,1,-4.27362798956668
25196,CCCC(O*)C(=O)OCC(C)OC(=O)*,CCCC(O[*])C(=O)OCC(C)OC(=O)[*],[*]OC(=O)OC(C)COC(=O)C([*])CCC,2.46e-05,-4.609064892896621,1,-4.3301240435475234
25197,CC(C)CN(CC(C)OC(=O)*)C(C)CO*,CC(C)CN(CC(C)OC(=O)[*])C(C)CO[*],[*]CC(C)OC(=O)OCC(C)N([*])CC(C)C,3.44e-05,-4.46344155742847,0,-4.38133648855746
25198,CC(CNCC(C)OC(=O)*)CC(C)O*,CC(CNCC(C)OC(=O)[*])CC(C)O[*],[*]CNCC(C)OC(=O)OC(C)CC([*])C,3.16e-05,-4.5003129173815966,1,-4.189786226750861
25199,CCC(C)(OC(=O)*)C(=O)OCC(C)CO*,CCC(C)(OC(=O)[*])C(=O)OCC(C)CO[*],[*]OC(=O)OCC(C)COC(=O)C([*])(C)CC,3.47e-05,-4.459670525209126,1,-4.411124275409161
25200,CCCC(CCNCC(CC)OC(=O)*)O*,CCCC(CCNCC(CC)OC(=O)[*])O[*],[*]CCNCC(CC)OC(=O)OC([*])CCC,3.24e-05,-4.489454989793388,3,-4.365492905122524
25201,CCC(C)N(CCOC(=O)*)CCC(C)O*,CCC(C)N(CCOC(=O)[*])CCC(C)O[*],[*]CCOC(=O)OC(C)CCN([*])C(C)CC,4.44e-05,-4.35261702988538,2,-4.2953219198655495
25202,CC(C)CCCN(CCN*)CCOC(=O)*,CC(C)CCCN(CCN[*])CCOC(=O)[*],[*]CCNC(=O)OCCN([*])CCCC(C)C,5.12e-05,-4.29073003902417,2,-4.259093350037784
25203,CC(CCCN*)NCC(C)(C)NC(=O)*,CC(CCCN[*])NCC(C)(C)NC(=O)[*],[*]CCCNC(=O)NC(C)(C)CNC([*])C,6.23e-05,-4.205511953340831,3,-4.18427640439905
25204,CCC(NC(C)CCO*)C(C)(C)OC(=O)*,CCC(NC(C)CCO[*])C(C)(C)OC(=O)[*],[*]NC(C)CCOC(=O)OC(C)(C)C([*])CC,3.79e-05,-4.421360790031928,2,-4.3494435056567085
25205,CC(C)=CCCN(CCO*)CCOC(=O)*,CC(C)=CCCN(CCO[*])CCOC(=O)[*],[*]CCOC(=O)OCCN([*])CCC=C(C)C,9.19e-05,-4.036684488613889,2,-4.064847471873415
25206,CN(CCCNC(=O)*)CC(CC(F)F)N*,CN(CCCNC(=O)[*])CC(CC(F)F)N[*],[*]CCCNC(=O)NC(CC(F)F)CN([*])C,7.71e-05,-4.112945621949043,0,-4.21685264673843
25207,CC(CN(C)C(C)CCOC(=O)*)O*,CC(CN(C)C(C)CCOC(=O)[*])O[*],[*]CN(C)C(C)CCOC(=O)OC([*])C,5.9e-05,-4.229147988357856,0,-4.2460575131102205
25208,CC(CCO*)N(C)CCCOC(=O)*,CC(CCO[*])N(C)CCCOC(=O)[*],[*]CCOC(=O)OCCCN(C)C([*])C,8.89e-05,-4.051098239029787,3,-4.102699193426368
25209,CC(C)(C)CN(CCCNC(=O)*)CCO*,CC(C)(C)CN(CCCNC(=O)[*])CCO[*],[*]CCCNC(=O)OCCN([*])CC(C)(C)C,3.18e-05,-4.497572880015567,3,-4.234743324769079
25210,CCC(CCCNCC(C)OC(=O)*)O*,CCC(CCCNCC(C)OC(=O)[*])O[*],[*]CCCNCC(C)OC(=O)OC([*])CC,3.86e-05,-4.413412695328245,0,-4.157241777666451
25211,CCC(C)NC(=O)C(O*)C(C)(C)OC(=O)*,CCC(C)NC(=O)C(O[*])C(C)(C)OC(=O)[*],[*]OC(=O)OC(C)(C)C([*])C(=O)NC(C)CC,5.16e-05,-4.287350298372789,2,-4.497073013228761
25212,CC(CCO*)CNC(C)CCOC(=O)*,CC(CCO[*])CNC(C)CCOC(=O)[*],[*]CCOC(=O)OCCC(C)NCC([*])C,0.000121,-3.9172146296835497,3,-4.072578829881385
25213,CCCN(CC(C)OC(=O)*)CC(C)(C)O*,CCCN(CC(C)OC(=O)[*])CC(C)(C)O[*],[*]CC(C)OC(=O)OC(C)(C)CN([*])CCC,3.92e-05,-4.406713932979542,0,-4.426482145753267
25214,CCC(C)(CN(C)CC(C)(C)N*)OC(=O)*,CCC(C)(CN(C)CC(C)(C)N[*])OC(=O)[*],[*]CN(C)CC(C)(C)NC(=O)OC([*])(C)CC,5.59e-05,-4.252588192113577,1,-4.405139329738699
25215,CN(CCCNC(=O)*)CC(C)(C)CN*,CN(CCCNC(=O)[*])CC(C)(C)CN[*],[*]CCCNC(=O)NCC(C)(C)CN([*])C,3.25e-05,-4.488116639021126,2,-4.392272826599961
25216,CC(C)C(CCN(C)CCCN*)NC(=O)*,CC(C)C(CCN(C)CCCN[*])NC(=O)[*],[*]CCN(C)CCCNC(=O)NC([*])C(C)C,6.45e-05,-4.1904402853647325,1,-4.442436822285784
25217,CCCC(CCNC(=O)C(C)O*)OC(=O)*,CCCC(CCNC(=O)C(C)O[*])OC(=O)[*],[*]CCNC(=O)C(C)OC(=O)OC([*])CCC,3.33e-05,-4.47755576649368,2,-4.305588502052828
25218,CC(CCCCN*)NCC=CCOC(=O)*,CC(CCCCN[*])NCC=CCOC(=O)[*],[*]CCCCNC(=O)OCC=CCNC([*])C,0.0001,-4.0,0,-4.01618277929764
25219,CCN(CCN*)CC(CC(F)F)NC(=O)*,CCN(CCN[*])CC(CC(F)F)NC(=O)[*],[*]CCNC(=O)NC(CC(F)F)CN([*])CC,6.7e-05,-4.173925197299174,1,-4.031274213785071
25220,CCN(C(=O)CC(CNC(=O)*)O*)C(C)C#N,CCN(C(=O)CC(CNC(=O)[*])O[*])C(C)C#N,[*]CNC(=O)OC([*])CC(=O)N(CC)C(C)C#N,3.88e-05,-4.411168274405793,3,-4.14635431585255
25221,CCC(CNCCCC(CC)OC(=O)*)O*,CCC(CNCCCC(CC)OC(=O)[*])O[*],[*]CCCNCC(CC)OC(=O)OC([*])CC,5.12e-05,-4.29073003902417,2,-4.255289901405238
25222,CC(C)C(CNC(C)C(C)OC(=O)*)CO*,CC(C)C(CNC(C)C(C)OC(=O)[*])CO[*],[*]CNC(C)C(C)OC(=O)OCC([*])C(C)C,1.9e-05,-4.721246399047171,3,-4.326908550286839
25223,CCCC(OC(=O)*)C(=O)OCCCO*,CCCC(OC(=O)[*])C(=O)OCCCO[*],[*]OC(=O)OCCCOC(=O)C([*])CCC,0.000124,-3.906578314837765,0,-4.294142659090013
25224,CCC(CC)(CNC(=O)CCOC(=O)*)O*,CCC(CC)(CNC(=O)CCOC(=O)[*])O[*],[*]CNC(=O)CCOC(=O)OC([*])(CC)CC,2.47e-05,-4.607303046740334,1,-4.34952038905379
25225,CCCC(CCOC(=O)*)NCC(C)(C)O*,CCCC(CCOC(=O)[*])NCC(C)(C)O[*],[*]CCOC(=O)OC(C)(C)CNC([*])CCC,4.21e-05,-4.375717904164332,0,-4.381288803448301
25226,CC(CNC(=O)*)N(C)CCCCCCN*,CC(CNC(=O)[*])N(C)CCCCCCN[*],[*]CNC(=O)NCCCCCCN(C)C([*])C,0.000106,-3.9746941347352296,3,-4.130594209157126
25227,CC(CNC(C)CCOC(=O)*)CC(C)O*,CC(CNC(C)CCOC(=O)[*])CC(C)O[*],[*]CNC(C)CCOC(=O)OC(C)CC([*])C,5.84e-05,-4.2335871528876,1,-4.130068362848423
25228,CCC(CNC(=O)C(C)(CC)OC(=O)*)O*,CCC(CNC(=O)C(C)(CC)OC(=O)[*])O[*],[*]CNC(=O)C(C)(CC)OC(=O)OC([*])CC,5.63e-05,-4.249491605148654,1,-4.334575059682314
25229,CCN(CCO*)CCC(OC(=O)*)C(C)C,CCN(CCO[*])CCC(OC(=O)[*])C(C)C,[*]CCOC(=O)OC(CCN([*])CC)C(C)C,6.86e-05,-4.163675884293248,3,-4.252546458323231
25230,CC(CN(C)CC(CN*)C(C)C)NC(=O)*,CC(CN(C)CC(CN[*])C(C)C)NC(=O)[*],[*]CN(C)CC(CNC(=O)NC([*])C)C(C)C,4.69e-05,-4.328827157284917,2,-4.511194676519028
25231,CC(CNC(CNC(=O)*)C(C)(C)C)N*,CC(CNC(CNC(=O)[*])C(C)(C)C)N[*],[*]CNC(CNC(=O)NC([*])C)C(C)(C)C,6.72e-05,-4.172630726946175,3,-4.405762852383919
25232,CCCC(CN(C)CCC(C)O*)OC(=O)*,CCCC(CN(C)CCC(C)O[*])OC(=O)[*],[*]CN(C)CCC(C)OC(=O)OC([*])CCC,4.81e-05,-4.317854923626168,3,-4.2237858435159135
25233,CC(CCN*)NCC(C)(C)NC(=O)*,CC(CCN[*])NCC(C)(C)NC(=O)[*],[*]CCNC(=O)NC(C)(C)CNC([*])C,9.78e-05,-4.009661145212399,2,-4.170262376523613
25234,CC(CN(C)CCCCCCNC(=O)*)N*,CC(CN(C)CCCCCCNC(=O)[*])N[*],[*]CN(C)CCCCCCNC(=O)NC([*])C,0.000106,-3.9746941347352296,2,-4.0741934249803045
25235,CCC(CNC(C)CC(C)(C)OC(=O)*)O*,CCC(CNC(C)CC(C)(C)OC(=O)[*])O[*],[*]CNC(C)CC(C)(C)OC(=O)OC([*])CC,3.53e-05,-4.452225294612178,0,-4.457295195148993
25236,CN(CCCOC(=O)*)C(CO*)C(C)(C)C,CN(CCCOC(=O)[*])C(CO[*])C(C)(C)C,[*]CCCOC(=O)OCC(N([*])C)C(C)(C)C,3.19e-05,-4.496209316942819,2,-4.555271471643182
25237,CC(CCOC(=O)*)N(C)CCC(C)(C)O*,CC(CCOC(=O)[*])N(C)CCC(C)(C)O[*],[*]CCOC(=O)OC(C)(C)CCN(C)C([*])C,5.76e-05,-4.239577516576788,3,-4.34698441630238
25238,CC(CCN(C)CC(C)(C)NC(=O)*)O*,CC(CCN(C)CC(C)(C)NC(=O)[*])O[*],[*]CCN(C)CC(C)(C)NC(=O)OC([*])C,3.23e-05,-4.490797477668897,0,-4.313562687313994
25239,CCCC(CN(C)CCCOC(=O)*)O*,CCCC(CN(C)CCCOC(=O)[*])O[*],[*]CN(C)CCCOC(=O)OC([*])CCC,9.18e-05,-4.037157318798758,0,-4.214169573702174
25240,O=C(CCO*)NCCCCCCOC(=O)*,O=C(CCO[*])NCCCCCCOC(=O)[*],[*]CCOC(=O)OCCCCCCNC([*])=O,7.89e-05,-4.102922996790579,0,-4.044601738346402
25241,CCC(CCNC(C)CCOC(=O)*)O*,CCC(CCNC(C)CCOC(=O)[*])O[*],[*]CCNC(C)CCOC(=O)OC([*])CC,0.000116,-3.9355420107730814,3,-4.14428532193098
25242,CCC(NC(C)CCOC(=O)*)C(C)O*,CCC(NC(C)CCOC(=O)[*])C(C)O[*],[*]NC(C)CCOC(=O)OC(C)C([*])CC,7.89e-05,-4.102922996790579,1,-4.3005874287376855
25243,CC(NC(COC(=O)*)C(C)(C)C)C(C)O*,CC(NC(COC(=O)[*])C(C)(C)C)C(C)O[*],[*]NC(COC(=O)OC(C)C([*])C)C(C)(C)C,1.14e-05,-4.943095148663527,3,-4.461763542020029
25244,CCC(CC)(CNCC(C)(C)N*)NC(=O)*,CCC(CC)(CNCC(C)(C)N[*])NC(=O)[*],[*]CNCC(C)(C)NC(=O)NC([*])(CC)CC,5.08e-05,-4.294136287716081,0,-4.29334653659121
25245,CC(C)CC(CO*)NC(C)CCOC(=O)*,CC(C)CC(CO[*])NC(C)CCOC(=O)[*],[*]COC(=O)OCCC(C)NC([*])CC(C)C,4.3e-05,-4.366531544420414,2,-4.33498750345012
25246,CC(CNC(CO*)CC(C)(C)C)OC(=O)*,CC(CNC(CO[*])CC(C)(C)C)OC(=O)[*],[*]CNC(COC(=O)OC([*])C)CC(C)(C)C,6.01e-05,-4.221125527997261,0,-4.4765956751903175
25247,CC(C)(CNCCC(C)(C)NC(=O)*)N*,CC(C)(CNCCC(C)(C)NC(=O)[*])N[*],[*]CCNCC(C)(C)NC(=O)NC([*])(C)C,5.72e-05,-4.242603971206976,1,-4.256595872860562
25248,CCCC(CN(CCC)CCOC(=O)*)O*,CCCC(CN(CCC)CCOC(=O)[*])O[*],[*]CN(CCC)CCOC(=O)OC([*])CCC,3.25e-05,-4.488116639021126,1,-4.342241528124249
25249,CC(C)CC(CNC(C)CCOC(=O)*)O*,CC(C)CC(CNC(C)CCOC(=O)[*])O[*],[*]CNC(C)CCOC(=O)OC([*])CC(C)C,4.88e-05,-4.311580177997289,2,-4.227776220006204
25250,CC=CCC(COC(=O)*)NCC(CC)O*,CC=CCC(COC(=O)[*])NCC(CC)O[*],[*]COC(=O)OC(CC)CNC([*])CC=CC,4.18e-05,-4.3788237182249645,1,-4.168074853299024
25251,CCC(CC)CNC(CN*)CNC(=O)*,CCC(CC)CNC(CN[*])CNC(=O)[*],[*]CNC(=O)NCC([*])NCC(CC)CC,3.25e-05,-4.488116639021126,2,-4.262626054168421
25252,CC(C)(C)CCN(CCNC(=O)*)CCO*,CC(C)(C)CCN(CCNC(=O)[*])CCO[*],[*]CCNC(=O)OCCN([*])CCC(C)(C)C,3.87e-05,-4.412289034981089,0,-4.190176763643913
25253,CCC(CC)CN(CCNC(=O)*)CCO*,CCC(CC)CN(CCNC(=O)[*])CCO[*],[*]CCNC(=O)OCCN([*])CC(CC)CC,6.87e-05,-4.16304326294045,2,-4.299588701609043
25254,CC(CCOC(=O)*)NC(CCO*)C(C)C,CC(CCOC(=O)[*])NC(CCO[*])C(C)C,[*]CCOC(=O)OCCC(NC([*])C)C(C)C,6.26e-05,-4.20342566678957,2,-4.288649405296365
25255,CC(CCCCN*)NCC(C)(C)NC(=O)*,CC(CCCCN[*])NCC(C)(C)NC(=O)[*],[*]CCCCNC(=O)NC(C)(C)CNC([*])C,7.2e-05,-4.142667503568732,2,-4.245282029838199
25256,CC(C)=CCCN(CCNC(=O)*)CCO*,CC(C)=CCCN(CCNC(=O)[*])CCO[*],[*]CCNC(=O)OCCN([*])CCC=C(C)C,7.7e-05,-4.113509274827518,2,-4.13123977564551
25257,CCC(CCCNC(C)CCOC(=O)*)O*,CCC(CCCNC(C)CCOC(=O)[*])O[*],[*]CCCNC(C)CCOC(=O)OC([*])CC,4.49e-05,-4.347753658996677,1,-4.090377238203433
26438,O=C(*)OC(CF)CO*,O=C([*])OC(CF)CO[*],[*]OCC(CF)OC([*])=O,6.76e-05,-4.170053304058364,1,-4.4587841028265816
26439,O=C(*)OC(CN*)C(F)(F)F,O=C([*])OC(CN[*])C(F)(F)F,[*]NCC(OC([*])=O)C(F)(F)F,6.22e-05,-4.206209615309182,1,-4.551434372983575
26440,CC(C)(OC(=O)*)C(O*)C(=O)O,CC(C)(OC(=O)[*])C(O[*])C(=O)O,[*]OC(=O)OC(C(=O)O)C([*])(C)C,2.66e-05,-4.575118363368933,2,-4.597498898496793
26441,C#CC(CC)NCC(CC(C)(C)O*)OC(=O)*,C#CC(CC)NCC(CC(C)(C)O[*])OC(=O)[*],[*]CC(C)(C)OC(=O)OC([*])CNC(C#C)CC,2.17e-05,-4.663540266151471,1,-4.516766937554427
26442,CCC(O*)C(NC(=O)*)C(=O)O,CCC(O[*])C(NC(=O)[*])C(=O)O,[*]OC(=O)NC(C(=O)O)C([*])CC,5.49e-05,-4.260427655549908,2,-4.612395564749887
26443,C=CCCCNC(=O)C(CCCN*)NC(=O)*,C=CCCCNC(=O)C(CCCN[*])NC(=O)[*],[*]CCCNC(=O)NC([*])C(=O)NCCCC=C,8.89e-05,-4.051098239029787,1,-4.186951123796321
26444,O=C(*)OCC(O*)C(F)(F)F,O=C([*])OCC(O[*])C(F)(F)F,[*]OCC(OC([*])=O)C(F)(F)F,2.27e-05,-4.6439741428068775,0,-4.513369440402547
26445,CC(CO*)COC(=O)*,CC(CO[*])COC(=O)[*],[*]COC(=O)OCC([*])C,4.85e-05,-4.314258261397736,2,-4.207625203464365
26446,C=CC(C)(CNCC(CC)N*)OC(=O)*,C=CC(C)(CNCC(CC)N[*])OC(=O)[*],[*]CNCC(CC)NC(=O)OC([*])(C)C=C,4.64e-05,-4.333482019445119,1,-4.271218868546484
26447,CCOC(=O)CC(CO*)OC(=O)*,CCOC(=O)CC(CO[*])OC(=O)[*],[*]COC(=O)OC([*])CC(=O)OCC,4.87e-05,-4.3124710387853655,0,-4.313604418023786
26448,CCC(CO*)(NC(=O)*)NC(C)CCCC#N,CCC(CO[*])(NC(=O)[*])NC(C)CCCC#N,[*]COC(=O)NC([*])(CC)NC(C)CCCC#N,4.47e-05,-4.349692476868063,0,-4.283202753851057
26449,C=CC(C)NCC(CC(C)(C)O*)OC(=O)*,C=CC(C)NCC(CC(C)(C)O[*])OC(=O)[*],[*]CC(C)(C)OC(=O)OC([*])CNC(C)C=C,5.81e-05,-4.235823867609669,3,-4.504838404806457
26450,O=C(*)NC(CSCCO*)C(=O)O,O=C([*])NC(CSCCO[*])C(=O)O,[*]NC(CSCCOC([*])=O)C(=O)O,5.51e-05,-4.258848401148215,1,-4.308457260207812
26451,C=CC(CNCC(O*)C(F)(F)F)OC(=O)*,C=CC(CNCC(O[*])C(F)(F)F)OC(=O)[*],[*]CNCC(OC(=O)OC([*])C=C)C(F)(F)F,6.05e-05,-4.218244625347531,2,-4.170100923108054
26452,COCC(C)(CO*)COC(=O)*,COCC(C)(CO[*])COC(=O)[*],[*]COC(=O)OCC([*])(C)COC,5.48e-05,-4.261219441515631,0,-4.470669064740501
26453,CC(CCCN*)(NC(=O)*)C(=O)O,CC(CCCN[*])(NC(=O)[*])C(=O)O,[*]CCCNC(=O)NC([*])(C)C(=O)O,2.92e-05,-4.534617148551582,1,-4.403844369067654
26454,CC(CCOC(=O)*)SCC(CC#N)O*,CC(CCOC(=O)[*])SCC(CC#N)O[*],[*]CCOC(=O)OC(CC#N)CSC([*])C,6.18e-05,-4.209011524911184,3,-4.228664660283596
26455,C=CCCC(CN(C)CCNC(=O)*)O*,C=CCCC(CN(C)CCNC(=O)[*])O[*],[*]CN(C)CCNC(=O)OC([*])CCC=C,0.000113,-3.946921556516581,1,-4.144396914001627
26456,CC(COCC#CC(C)(C)OC(=O)*)O*,CC(COCC#CC(C)(C)OC(=O)[*])O[*],[*]COCC#CC(C)(C)OC(=O)OC([*])C,7.12e-05,-4.147520006363144,1,-4.488692205703668
26457,C=CCN(CCC#N)CC(OC(=O)*)C(C)O*,C=CCN(CCC#N)CC(OC(=O)[*])C(C)O[*],[*]OC(=O)OC(C)C([*])CN(CC=C)CCC#N,0.000131,-3.882728704344236,1,-4.097063955561823
26458,C=C(C)CC(COC(=O)*)NC(C)C(C)O*,C=C(C)CC(COC(=O)[*])NC(C)C(C)O[*],[*]COC(=O)OC(C)C(C)NC([*])CC(=C)C,5.12e-05,-4.29073003902417,1,-4.32972910482831
26459,CCOC(OCC)C(CO*)OC(=O)*,CCOC(OCC)C(CO[*])OC(=O)[*],[*]COC(=O)OC([*])C(OCC)OCC,9.81e-05,-4.008330992620052,3,-4.2819957881217405
26460,C=CC(COC(=O)*)NCC(CCCC)O*,C=CC(COC(=O)[*])NCC(CCCC)O[*],[*]COC(=O)OC(CCCC)CNC([*])C=C,9.88e-05,-4.005243055412372,1,-4.085491339609636
26461,O=C(*)NCCCC(N*)(C(=O)O)C(F)F,O=C([*])NCCCC(N[*])(C(=O)O)C(F)F,[*]NCCCC(NC([*])=O)(C(=O)O)C(F)F,5.54e-05,-4.2564902352715706,2,-4.448441936641861
26462,C=CCCC(CNCC(C)OC(=O)*)O*,C=CCCC(CNCC(C)OC(=O)[*])O[*],[*]CNCC(C)OC(=O)OC([*])CCC=C,5.34e-05,-4.272458742971444,1,-4.226553539869964
26463,CC(CCCC#N)N(CCNC(=O)*)CCO*,CC(CCCC#N)N(CCNC(=O)[*])CCO[*],[*]CCNC(=O)OCCN([*])C(C)CCCC#N,9e-05,-4.045757490560675,3,-4.012110443595681
26464,O=C(*)NC(CCCCN*)C(=O)O,O=C([*])NC(CCCCN[*])C(=O)O,[*]NCCCCC(NC([*])=O)C(=O)O,6.24e-05,-4.204815410317576,1,-4.306041941094163
26465,C=CC(CNC(CCC)COC(=O)*)O*,C=CC(CNC(CCC)COC(=O)[*])O[*],[*]CNC(CCC)COC(=O)OC([*])C=C,5.63e-05,-4.249491605148654,0,-4.241570459685875
26466,C=CCCC(CN(C)CCCN*)OC(=O)*,C=CCCC(CN(C)CCCN[*])OC(=O)[*],[*]CN(C)CCCNC(=O)OC([*])CCC=C,7.08e-05,-4.149966742310231,3,-4.13380067484914
26467,C=CCCC(CNC(CC)COC(=O)*)O*,C=CCCC(CNC(CC)COC(=O)[*])O[*],[*]CNC(CC)COC(=O)OC([*])CCC=C,4.58e-05,-4.33913452199613,2,-4.198419739859921
26468,C#CC(C)(CC)NCC(O*)C(C)(C)OC(=O)*,C#CC(C)(CC)NCC(O[*])C(C)(C)OC(=O)[*],[*]OC(=O)OC(C)(C)C([*])CNC(C)(C#C)CC,3.44e-05,-4.46344155742847,2,-4.669269406217176
26469,C=CCN(CC(CO*)OC(=O)*)C(C)C,C=CCN(CC(CO[*])OC(=O)[*])C(C)C,[*]COC(=O)OC([*])CN(CC=C)C(C)C,0.00011,-3.958607314841775,1,-4.3886867786187365
26470,C=CCC(CNC(C)C(C)O*)COC(=O)*,C=CCC(CNC(C)C(C)O[*])COC(=O)[*],[*]CNC(C)C(C)OC(=O)OCC([*])CC=C,7.04e-05,-4.152427340857888,0,-4.382924104606858
26471,C=CC(C)(CNCCC(C)N*)OC(=O)*,C=CC(C)(CNCCC(C)N[*])OC(=O)[*],[*]CNCCC(C)NC(=O)OC([*])(C)C=C,4.67e-05,-4.330683119433888,2,-4.319019834973115
26472,O=C(*)OCCN(CCO*)CC(F)(F)F,O=C([*])OCCN(CCO[*])CC(F)(F)F,[*]OCCN(CCOC([*])=O)CC(F)(F)F,5.49e-05,-4.260427655549908,2,-3.9956406468903114
26473,C=CCC(CC(C)O*)OC(=O)*,C=CCC(CC(C)O[*])OC(=O)[*],[*]CC(C)OC(=O)OC([*])CC=C,2.91e-05,-4.536107011014093,2,-4.501030104714519
26474,CC(COC(=O)*)C(C)N*,CC(COC(=O)[*])C(C)N[*],[*]COC(=O)NC(C)C([*])C,2.03e-05,-4.692503962086787,0,-4.351490567996422
26475,C#CC(C)NCC(CC(C)(C)OC(=O)*)O*,C#CC(C)NCC(CC(C)(C)OC(=O)[*])O[*],[*]CC(C)(C)OC(=O)OC([*])CNC(C)C#C,1.89e-05,-4.723538195826756,2,-4.376817281723688
26476,C#CCN(CC)CC(CC(C)(C)O*)OC(=O)*,C#CCN(CC)CC(CC(C)(C)O[*])OC(=O)[*],[*]CC(C)(C)OC(=O)OC([*])CN(CC)CC#C,4.09e-05,-4.388276691992658,2,-4.531559515879839
26477,CC(C)OC(=O)C(CO*)NC(=O)*,CC(C)OC(=O)C(CO[*])NC(=O)[*],[*]COC(=O)NC([*])C(=O)OC(C)C,3.26e-05,-4.486782399932061,2,-4.414418742584672
26478,C=CCCC(C)NCC(CN*)OC(=O)*,C=CCCC(C)NCC(CN[*])OC(=O)[*],[*]CNC(=O)OC([*])CNC(C)CCC=C,5.33e-05,-4.273272790973428,1,-4.287746670694081
26479,C=C(C)CN(C)CC(OC(=O)*)C(C)O*,C=C(C)CN(C)CC(OC(=O)[*])C(C)O[*],[*]OC(=O)OC(C)C([*])CN(C)CC(=C)C,4.36e-05,-4.360513510731414,1,-4.340497723900977
26480,C#CCCCN(CC(C)OC(=O)*)C(C)CO*,C#CCCCN(CC(C)OC(=O)[*])C(C)CO[*],[*]CC(C)OC(=O)OCC(C)N([*])CCCC#C,2.26e-05,-4.645891560852599,0,-4.345811629700574
26481,C=C(C)CN(CC)C(=O)C(CCN*)NC(=O)*,C=C(C)CN(CC)C(=O)C(CCN[*])NC(=O)[*],[*]CCNC(=O)NC([*])C(=O)N(CC)CC(=C)C,3.58e-05,-4.446116973356125,0,-4.418371387461864
26482,C=CC(C)(CN(C)CC(CC)NC(=O)*)O*,C=CC(C)(CN(C)CC(CC)NC(=O)[*])O[*],[*]CN(C)CC(CC)NC(=O)OC([*])(C)C=C,3.28e-05,-4.484126156288321,0,-4.355117890766378
26483,N=C(NCCOC(=O)*)C(N)=NCCO*,N=C(NCCOC(=O)[*])C(N)=NCCO[*],[*]NCCOC(=O)OCCN=C(N)C([*])=N,9.33e-05,-4.0301183562535,0,-4.028698429793937
26484,C=CCCC(C)NC(CC)(CO*)NC(=O)*,C=CCCC(C)NC(CC)(CO[*])NC(=O)[*],[*]COC(=O)NC([*])(CC)NC(C)CCC=C,4.22e-05,-4.374687549038326,0,-4.381659208884953
26485,C=CC(C)(CNCC(F)(F)COC(=O)*)O*,C=CC(C)(CNCC(F)(F)COC(=O)[*])O[*],[*]CNCC(F)(F)COC(=O)OC([*])(C)C=C,6.47e-05,-4.189095719331299,0,-4.286471114256773
26486,C=CC(CNC(CCCC)CO*)OC(=O)*,C=CC(CNC(CCCC)CO[*])OC(=O)[*],[*]CNC(CCCC)COC(=O)OC([*])C=C,5.54e-05,-4.2564902352715706,1,-4.248708101953149
26487,CC(CNCC(C)OC(=O)*)O*,CC(CNCC(C)OC(=O)[*])O[*],[*]CNCC(C)OC(=O)OC([*])C,7.95e-05,-4.0996328713435295,1,-4.175185174744568
26488,C=CCCC(C)NC(COC(=O)*)C(C)O*,C=CCCC(C)NC(COC(=O)[*])C(C)O[*],[*]COC(=O)OC(C)C([*])NC(C)CCC=C,2.07e-05,-4.684029654543083,2,-4.451239392643794
26489,CN(C)C(C)(CO*)COC(=O)*,CN(C)C(C)(CO[*])COC(=O)[*],[*]COC(=O)OCC([*])(C)N(C)C,2.72e-05,-4.565431095965801,3,-4.435804059719418
26490,CC(CCO*)OC(=O)*,CC(CCO[*])OC(=O)[*],[*]CCOC(=O)OC([*])C,0.000131,-3.882728704344236,3,-4.118220877265315
26491,CC(C)(CN*)CNC(=O)*,CC(C)(CN[*])CNC(=O)[*],[*]CNC(=O)NCC([*])(C)C,2.87e-05,-4.542118103266008,3,-4.464330378185091
26492,CCC(C#N)(CC)NCC(CO*)OC(=O)*,CCC(C#N)(CC)NCC(CO[*])OC(=O)[*],[*]COC(=O)OC([*])CNC(C#N)(CC)CC,3.69e-05,-4.432973633840939,0,-4.582015219902623
26493,CCC(N*)C(OC(=O)*)C(=O)OC,CCC(N[*])C(OC(=O)[*])C(=O)OC,[*]NC(=O)OC(C(=O)OC)C([*])CC,3.57e-05,-4.447331783887806,2,-4.556907534431251
26494,COCC(CCOC(=O)*)N*,COCC(CCOC(=O)[*])N[*],[*]CCOC(=O)NC([*])COC,3.87e-05,-4.412289034981089,0,-4.2383928278702525
26495,CCCCC(N*)C(OC(=O)*)C(=O)O,CCCCC(N[*])C(OC(=O)[*])C(=O)O,[*]NC(=O)OC(C(=O)O)C([*])CCCC,1.89e-05,-4.723538195826756,1,-4.503714665977406
26496,CC(CCNC(=O)*)O*,CC(CCNC(=O)[*])O[*],[*]CCNC(=O)OC([*])C,4.01e-05,-4.396855627379818,0,-4.260063320012161
26497,C=CCC(C)(COC(=O)*)N*,C=CCC(C)(COC(=O)[*])N[*],[*]COC(=O)NC([*])(C)CC=C,5.24e-05,-4.280668713016273,2,-4.471727387155802
26498,CC(C)(C#CC#CC(C)(C)NC(=O)*)N*,CC(C)(C#CC#CC(C)(C)NC(=O)[*])N[*],[*]C#CC#CC(C)(C)NC(=O)NC([*])(C)C,3.32e-05,-4.478861916295964,3,-4.639143290066359
26499,O=C(*)NCC(F)(F)CN*,O=C([*])NCC(F)(F)CN[*],[*]NCC(F)(F)CNC([*])=O,8.78e-05,-4.056505484093897,1,-4.167015021926991
26500,C=CC(C)(CNCCC(C)OC(=O)*)O*,C=CC(C)(CNCCC(C)OC(=O)[*])O[*],[*]CNCCC(C)OC(=O)OC([*])(C)C=C,7.26e-05,-4.139063379299906,3,-4.320484428106754
26501,CN(C)CC(C)(CNC(=O)*)O*,CN(C)CC(C)(CNC(=O)[*])O[*],[*]CNC(=O)OC([*])(C)CN(C)C,3.82e-05,-4.417936637088292,0,-4.2598752934611115
26502,O=C(*)NCC(O*)C(F)F,O=C([*])NCC(O[*])C(F)F,[*]NCC(OC([*])=O)C(F)F,3.38e-05,-4.471083299722345,1,-4.344731198821313
26503,CC(CNC(=O)*)N*,CC(CNC(=O)[*])N[*],[*]CNC(=O)NC([*])C,3.91e-05,-4.407823242604133,2,-4.196832706000499
26504,CC(C)C(CO*)NC(=O)*,CC(C)C(CO[*])NC(=O)[*],[*]COC(=O)NC([*])C(C)C,4.57e-05,-4.34008379993015,1,-4.457320317379304
26505,CC(CCC#N)CN(CCN*)CCOC(=O)*,CC(CCC#N)CN(CCN[*])CCOC(=O)[*],[*]CCNC(=O)OCCN([*])CC(C)CCC#N,0.000107,-3.9706162223147903,3,-4.023670774379819
26506,C=C(C)CN(CC)CC(O*)C(C)OC(=O)*,C=C(C)CN(CC)CC(O[*])C(C)OC(=O)[*],[*]OC(=O)OC(C)C([*])CN(CC)CC(=C)C,4.84e-05,-4.315154638355588,3,-4.433788635835514
26507,CCN(CC)CC(CNC(=O)*)O*,CCN(CC)CC(CNC(=O)[*])O[*],[*]CNC(=O)OC([*])CN(CC)CC,4.66e-05,-4.33161408331,1,-4.227446499148846
26508,C=CC(C)(CNC(C)CCOC(=O)*)O*,C=CC(C)(CNC(C)CCOC(=O)[*])O[*],[*]CNC(C)CCOC(=O)OC([*])(C)C=C,9.24e-05,-4.0343280287798935,2,-4.2832523402774765
26509,CC(CO*)(COC(=O)*)C(=O)O,CC(CO[*])(COC(=O)[*])C(=O)O,[*]COC(=O)OCC([*])(C)C(=O)O,2.1e-05,-4.6777807052660805,0,-4.685050582141515
26510,C=CC(=O)NC(C)(CO*)COC(=O)*,C=CC(=O)NC(C)(CO[*])COC(=O)[*],[*]COC(=O)OCC([*])(C)NC(=O)C=C,4.66e-05,-4.33161408331,0,-4.4605039391218035
26511,C=C(Cl)C(CO*)OC(=O)*,C=C(Cl)C(CO[*])OC(=O)[*],[*]COC(=O)OC([*])C(=C)Cl,2.97e-05,-4.527243550682788,1,-4.343390803539411
26512,CCC(CCNC(=O)CNC(=O)*)O*,CCC(CCNC(=O)CNC(=O)[*])O[*],[*]CCNC(=O)CNC(=O)OC([*])CC,5.4e-05,-4.267606240177032,1,-4.206599466460351
26513,O=C(*)OCC(F)(F)CO*,O=C([*])OCC(F)(F)CO[*],[*]OCC(F)(F)COC([*])=O,4.28e-05,-4.368556230986828,2,-4.079102724957755
26514,C#CC(C)(CC)NCC(O*)C(C)OC(=O)*,C#CC(C)(CC)NCC(O[*])C(C)OC(=O)[*],[*]OC(=O)OC(C)C([*])CNC(C)(C#C)CC,3.51e-05,-4.454692883534176,1,-4.594618814900307
26515,COCCOC(=O)C(C)(CO*)COC(=O)*,COCCOC(=O)C(C)(CO[*])COC(=O)[*],[*]COC(=O)OCC([*])(C)C(=O)OCCOC,5.75e-05,-4.2403321553103694,1,-4.361486196361653
26516,CCC(CNCC(F)(F)CO*)OC(=O)*,CCC(CNCC(F)(F)CO[*])OC(=O)[*],[*]CNCC(F)(F)COC(=O)OC([*])CC,7.09e-05,-4.149353764816934,1,-4.104933867041812
26517,CC(CN*)(COC(=O)*)CC(=O)O,CC(CN[*])(COC(=O)[*])CC(=O)O,[*]CNC(=O)OCC([*])(C)CC(=O)O,1.99e-05,-4.701146923590294,0,-4.54404457298407
26518,C=CC(C)(CNC(CCC)COC(=O)*)O*,C=CC(C)(CNC(CCC)COC(=O)[*])O[*],[*]CNC(CCC)COC(=O)OC([*])(C)C=C,7.88e-05,-4.103473782510445,3,-4.381125995714336
26519,C=CC(CN(CC)CC(C)(C)O*)OC(=O)*,C=CC(CN(CC)CC(C)(C)O[*])OC(=O)[*],[*]CN(CC)CC(C)(C)OC(=O)OC([*])C=C,4.91e-05,-4.308918507877031,3,-4.454514566342244
26520,CCC(C)CC(=O)NC(CO*)COC(=O)*,CCC(C)CC(=O)NC(CO[*])COC(=O)[*],[*]COC(=O)OCC([*])NC(=O)CC(C)CC,5.37e-05,-4.270025714300444,2,-4.456652395712867
26521,CC(CN*)OC(=O)*,CC(CN[*])OC(=O)[*],[*]CNC(=O)OC([*])C,5.06e-05,-4.295849483160201,1,-4.118118534702527
26522,C=CC(CN(CCCOC(=O)*)C(C)C)O*,C=CC(CN(CCCOC(=O)[*])C(C)C)O[*],[*]CN(CCCOC(=O)OC([*])C=C)C(C)C,4.94e-05,-4.306273051076353,1,-4.268418295097553
26523,CC(CO*)OCC(C)OC(=O)*,CC(CO[*])OCC(C)OC(=O)[*],[*]COC(=O)OC(C)COC([*])C,0.000176,-3.75448733218585,0,-4.1341081168208484
26524,O=C(*)NC(CC[PH](=O)CO*)C(=O)O,O=C([*])NC(CC[PH](=O)CO[*])C(=O)O,[*]NC(CC[PH](=O)COC([*])=O)C(=O)O,3.5e-05,-4.455931955649724,1,-4.391469252403203
26525,CCCCC(CCCC)(COC(=O)*)N*,CCCCC(CCCC)(COC(=O)[*])N[*],[*]COC(=O)NC([*])(CCCC)CCCC,2.04e-05,-4.690369832574101,3,-4.477834328172095
26526,O=C(*)NCCCCNCCCN*,O=C([*])NCCCCNCCCN[*],[*]NCCCCNCCCNC([*])=O,8.61e-05,-4.064996848546345,1,-4.025298521098535
26527,CC(C)(CNC(=O)*)N*,CC(C)(CNC(=O)[*])N[*],[*]CNC(=O)NC([*])(C)C,3.01e-05,-4.521433504406157,1,-4.3523459737131
26528,CC(O*)C(C)(OC(=O)*)C(=O)O,CC(O[*])C(C)(OC(=O)[*])C(=O)O,[*]OC(=O)OC(C)(C(=O)O)C([*])C,2.33e-05,-4.632644078973981,3,-4.515612168509103
26529,CC(CN(CCO*)CC(F)F)OC(=O)*,CC(CN(CCO[*])CC(F)F)OC(=O)[*],[*]CN(CCOC(=O)OC([*])C)CC(F)F,8.29e-05,-4.081445469449727,3,-4.2931554876415285
26530,CCCCCCC(C)(OC(=O)*)C(C)O*,CCCCCCC(C)(OC(=O)[*])C(C)O[*],[*]OC(=O)OC(C)C([*])(C)CCCCCC,1.65e-05,-4.782516055786093,3,-4.665405881071264
26531,CCCC(=O)OCC(CO*)OC(=O)*,CCCC(=O)OCC(CO[*])OC(=O)[*],[*]COC(=O)OC([*])COC(=O)CCC,3.19e-05,-4.496209316942819,2,-4.517245218402375
26532,CCN(CCCN*)CCOC(=O)*,CCN(CCCN[*])CCOC(=O)[*],[*]CCCNC(=O)OCCN([*])CC,7.75e-05,-4.110698297493689,1,-4.017569632567619
26533,CCN(C)CC(COC(=O)*)O*,CCN(C)CC(COC(=O)[*])O[*],[*]COC(=O)OC([*])CN(C)CC,9.3e-05,-4.031517051446065,3,-4.166773531487231
26534,COCC(CCNC(=O)*)O*,COCC(CCNC(=O)[*])O[*],[*]CCNC(=O)OC([*])COC,6.64e-05,-4.177831920631983,1,-4.148123966402356
26535,CC#CCN(C)CC(OC(=O)*)C(C)(C)O*,CC#CCN(C)CC(OC(=O)[*])C(C)(C)O[*],[*]OC(=O)OC(C)(C)C([*])CN(C)CC#CC,2.47e-05,-4.607303046740334,2,-4.4214321264724
26536,CCCCNC(=O)CC(CNC(=O)*)O*,CCCCNC(=O)CC(CNC(=O)[*])O[*],[*]CNC(=O)OC([*])CC(=O)NCCCC,4.41e-05,-4.355561410532162,0,-4.3823725150050095
26537,CC(C)(CCO*)CC(C)(C)COC(=O)*,CC(C)(CCO[*])CC(C)(C)COC(=O)[*],[*]CCOC(=O)OCC(C)(C)CC([*])(C)C,2.7e-05,-4.568636235841013,2,-4.57500420083468
26538,C=CC(CN(C)CC(CC)NC(=O)*)O*,C=CC(CN(C)CC(CC)NC(=O)[*])O[*],[*]CN(C)CC(CC)NC(=O)OC([*])C=C,6.59e-05,-4.18111458540599,0,-4.304191613897412
26539,CC(CNC(=O)*)CO*,CC(CNC(=O)[*])CO[*],[*]CNC(=O)OCC([*])C,3.76e-05,-4.424812155072339,3,-4.241758100342836
26540,CC(C)(C)OC(=O)NC(CN*)CNC(=O)*,CC(C)(C)OC(=O)NC(CN[*])CNC(=O)[*],[*]CNC(=O)NCC([*])NC(=O)OC(C)(C)C,2.94e-05,-4.531652669587842,1,-4.260256009148674
26541,CCN(CC)CC(CO*)OC(=O)*,CCN(CC)CC(CO[*])OC(=O)[*],[*]COC(=O)OC([*])CN(CC)CC,9.95e-05,-4.002176919254275,1,-4.239657134442162
26542,COC(=O)C(O*)C(C)(C)NC(=O)*,COC(=O)C(O[*])C(C)(C)NC(=O)[*],[*]OC(=O)NC(C)(C)C([*])C(=O)OC,5.27e-05,-4.278189384787454,1,-4.450551796619536
26543,CC(C)(CNCC(F)(F)CO*)OC(=O)*,CC(C)(CNCC(F)(F)CO[*])OC(=O)[*],[*]CNCC(F)(F)COC(=O)OC([*])(C)C,4.75e-05,-4.323306390375134,2,-4.317124983591181
26544,CC(C)(CNC(=O)*)CC(C)(C)N*,CC(C)(CNC(=O)[*])CC(C)(C)N[*],[*]CNC(=O)NC(C)(C)CC([*])(C)C,4.59e-05,-4.338187314462739,2,-4.523213622279254
26545,C=C(C)CN(C)CC(OC(=O)*)C(C)(C)O*,C=C(C)CN(C)CC(OC(=O)[*])C(C)(C)O[*],[*]OC(=O)OC(C)(C)C([*])CN(C)CC(=C)C,5.88e-05,-4.230622673923862,3,-4.434741966559873
26546,CC(N*)C(C)C(=O)NCCCOC(=O)*,CC(N[*])C(C)C(=O)NCCCOC(=O)[*],[*]NC(=O)OCCCNC(=O)C(C)C([*])C,2.99e-05,-4.52432881167557,1,-4.29240231285545
26547,C=CC(CNC(COC(=O)*)C(C)C)O*,C=CC(CNC(COC(=O)[*])C(C)C)O[*],[*]CNC(COC(=O)OC([*])C=C)C(C)C,3.54e-05,-4.450996737974212,2,-4.3121837348669905
26548,CC(CC#N)NCC(O*)C(C)(C)OC(=O)*,CC(CC#N)NCC(O[*])C(C)(C)OC(=O)[*],[*]OC(=O)OC(C)(C)C([*])CNC(C)CC#N,8.92e-05,-4.049635145623877,0,-4.242159126699214
26549,CCCC(CNC(=O)CNC(=O)*)O*,CCCC(CNC(=O)CNC(=O)[*])O[*],[*]CNC(=O)CNC(=O)OC([*])CCC,4.3e-05,-4.366531544420414,0,-4.2447063298252905
26550,CCCCCC(OC(=O)*)C(C)O*,CCCCCC(OC(=O)[*])C(C)O[*],[*]OC(=O)OC(C)C([*])CCCCC,1.83e-05,-4.73754891026957,1,-4.6116340819821
26551,CC(CNC(=O)*)CC(C)(C)CCN*,CC(CNC(=O)[*])CC(C)(C)CCN[*],[*]CNC(=O)NCCC(C)(C)CC([*])C,4.34e-05,-4.36251027048749,2,-4.466173911313281
26552,CC(CO*)(COC(=O)*)C(=O)OCCF,CC(CO[*])(COC(=O)[*])C(=O)OCCF,[*]COC(=O)OCC([*])(C)C(=O)OCCF,2.83e-05,-4.548213564475709,1,-4.476107601592551
26553,CN(CCCO*)C(=O)CCNC(=O)*,CN(CCCO[*])C(=O)CCNC(=O)[*],[*]CCCOC(=O)NCCC(=O)N([*])C,7.38e-05,-4.131943638176958,2,-4.111622506728368
26554,CC#CCC(COC(=O)*)NC(C)CCO*,CC#CCC(COC(=O)[*])NC(C)CCO[*],[*]COC(=O)OCCC(C)NC([*])CC#CC,7.53e-05,-4.123205023799299,3,-4.332055588924487
26555,C=CCN(C)CC(CC(C)(C)O*)OC(=O)*,C=CCN(C)CC(CC(C)(C)O[*])OC(=O)[*],[*]CC(C)(C)OC(=O)OC([*])CN(C)CC=C,6.46e-05,-4.189767482004916,1,-4.457579152782315
26556,CCC(C)(O*)C(C)(CC)OC(=O)*,CCC(C)(O[*])C(C)(CC)OC(=O)[*],[*]OC(=O)OC(C)(CC)C([*])(C)CC,1.74e-05,-4.7594507517174005,3,-4.810697123659271
26557,COC(=O)C(CCCNC(=O)*)N*,COC(=O)C(CCCNC(=O)[*])N[*],[*]CCCNC(=O)NC([*])C(=O)OC,4.3e-05,-4.366531544420414,2,-4.222309071940434
26558,C#CCN(C)CC(CC(C)(C)O*)OC(=O)*,C#CCN(C)CC(CC(C)(C)O[*])OC(=O)[*],[*]CC(C)(C)OC(=O)OC([*])CN(C)CC#C,5.23e-05,-4.281498311132726,0,-4.331170400702618
26559,CCN(CCOC(=O)*)C(=O)CCN*,CCN(CCOC(=O)[*])C(=O)CCN[*],[*]CCOC(=O)NCCC(=O)N([*])CC,4.47e-05,-4.349692476868063,0,-4.34513082859667
26560,CCC(COC(=O)*)NCC(C)CO*,CCC(COC(=O)[*])NCC(C)CO[*],[*]COC(=O)OCC(C)CNC([*])CC,5.25e-05,-4.279840696594043,3,-4.3176553577756565
26561,CCC(CC#N)NC(CC)(CO*)NC(=O)*,CCC(CC#N)NC(CC)(CO[*])NC(=O)[*],[*]COC(=O)NC([*])(CC)NC(CC)CC#N,4.14e-05,-4.382999658879101,1,-4.260094770704894
26562,CC=CCC(CO*)NC(=O)COC(=O)*,CC=CCC(CO[*])NC(=O)COC(=O)[*],[*]COC(=O)OCC(=O)NC([*])CC=CC,5.36e-05,-4.27083521030723,2,-4.313279997940597
26563,O=C(*)OC(CCCO*)C(=O)O,O=C([*])OC(CCCO[*])C(=O)O,[*]OCCCC(OC([*])=O)C(=O)O,3.7e-05,-4.431798275933005,3,-4.2272131707852765
26564,O=C(*)OCC(F)(F)CN*,O=C([*])OCC(F)(F)CN[*],[*]NCC(F)(F)COC([*])=O,6.16e-05,-4.210419287835575,2,-4.045130996281062
26565,CN(CC(CO*)OC(=O)*)CC(F)(F)F,CN(CC(CO[*])OC(=O)[*])CC(F)(F)F,[*]COC(=O)OC([*])CN(C)CC(F)(F)F,4.92e-05,-4.308034897232639,2,-4.45465013299308
26566,CC(CC(=O)N(C)CCC(C)OC(=O)*)N*,CC(CC(=O)N(C)CCC(C)OC(=O)[*])N[*],[*]CC(=O)N(C)CCC(C)OC(=O)NC([*])C,3.64e-05,-4.438898616350944,1,-4.431520434168418
26567,CC(C)(CNC(=O)CO*)COC(=O)*,CC(C)(CNC(=O)CO[*])COC(=O)[*],[*]CNC(=O)COC(=O)OCC([*])(C)C,5.01e-05,-4.300162274132754,1,-4.341360254479874
26568,CC(C)CC(OC(=O)*)C(=O)NCCN*,CC(C)CC(OC(=O)[*])C(=O)NCCN[*],[*]OC(=O)NCCNC(=O)C([*])CC(C)C,3.46e-05,-4.460923901207224,3,-4.343060189508151
26569,C=CCN(CC=C)CC(O*)C(C)OC(=O)*,C=CCN(CC=C)CC(O[*])C(C)OC(=O)[*],[*]OC(=O)OC(C)C([*])CN(CC=C)CC=C,5.58e-05,-4.253365801062421,3,-4.3882337412701045
26570,CC(CN*)CNC(=O)*,CC(CN[*])CNC(=O)[*],[*]CNC(=O)NCC([*])C,5.91e-05,-4.228412519118745,0,-4.121116232449289
26571,CCCN(CCO*)CCOC(=O)*,CCCN(CCO[*])CCOC(=O)[*],[*]CCOC(=O)OCCN([*])CCC,0.000159,-3.7986028756795487,2,-4.027581705928469
26572,COCC(CNCCCC(C)OC(=O)*)O*,COCC(CNCCCC(C)OC(=O)[*])O[*],[*]CNCCCC(C)OC(=O)OC([*])COC,7.28e-05,-4.137868620686963,1,-4.045600414393895
26573,CSCC(COC(=O)*)O*,CSCC(COC(=O)[*])O[*],[*]COC(=O)OC([*])CSC,5.62e-05,-4.250263684430939,1,-4.247928532067515
26574,O=C(*)NCC(CF)O*,O=C([*])NCC(CF)O[*],[*]NCC(CF)OC([*])=O,5.53e-05,-4.257274868695302,1,-4.412073518443789
26575,CC(C)(CO*)C(OC(=O)*)C(=O)O,CC(C)(CO[*])C(OC(=O)[*])C(=O)O,[*]COC(=O)OC(C(=O)O)C([*])(C)C,3.34e-05,-4.476253533188435,0,-4.654909385724186
26576,CC(COC(=O)*)O*,CC(COC(=O)[*])O[*],[*]COC(=O)OC([*])C,6.48e-05,-4.188424994129407,3,-4.214312007808675
26577,CCC(CO*)NC(=O)C(C)(C)OC(=O)*,CCC(CO[*])NC(=O)C(C)(C)OC(=O)[*],[*]COC(=O)OC(C)(C)C(=O)NC([*])CC,5.97e-05,-4.224025668870631,1,-4.243553303605547
26578,O=C(*)OCC(CNC(=O)C(F)(F)F)O*,O=C([*])OCC(CNC(=O)C(F)(F)F)O[*],[*]OCC(CNC(=O)C(F)(F)F)OC([*])=O,5.23e-05,-4.281498311132726,2,-4.230192320801919
26579,C#CCCCCCCNC(CO*)COC(=O)*,C#CCCCCCCNC(CO[*])COC(=O)[*],[*]COC(=O)OCC([*])NCCCCCCC#C,4.13e-05,-4.384049948343599,0,-4.216336172848004
26580,O=C(*)NCCCP(=O)(O)CO*,O=C([*])NCCCP(=O)(O)CO[*],[*]NCCCP(=O)(O)COC([*])=O,7.79e-05,-4.108462542327436,0,-3.909478254175623
26581,CC(CO*)C(C)OC(=O)*,CC(CO[*])C(C)OC(=O)[*],[*]COC(=O)OC(C)C([*])C,4.83e-05,-4.316052869248487,3,-4.471983067884991
26582,CC(COC(=O)*)COC(=O)C(C)(C)O*,CC(COC(=O)[*])COC(=O)C(C)(C)O[*],[*]COC(=O)OC(C)(C)C(=O)OCC([*])C,5.74e-05,-4.241088107602026,3,-4.324272975594583
26583,C=CCCC(CNCC(CF)O*)OC(=O)*,C=CCCC(CNCC(CF)O[*])OC(=O)[*],[*]CNCC(CF)OC(=O)OC([*])CCC=C,6.94e-05,-4.158640529545145,3,-4.261658560786052
26584,C=CC(CNC(C)(C)CCO*)OC(=O)*,C=CC(CNC(C)(C)CCO[*])OC(=O)[*],[*]CNC(C)(C)CCOC(=O)OC([*])C=C,6.57e-05,-4.182434630440219,1,-4.2816104707941
26585,CC(C)(C)OC(=O)NCC(COC(=O)*)O*,CC(C)(C)OC(=O)NCC(COC(=O)[*])O[*],[*]COC(=O)OC([*])CNC(=O)OC(C)(C)C,3.64e-05,-4.438898616350944,2,-4.294457856421838
26586,CC(CNC(=O)*)NC(=O)C(C)(C)N*,CC(CNC(=O)[*])NC(=O)C(C)(C)N[*],[*]CNC(=O)NC(C)(C)C(=O)NC([*])C,5.48e-05,-4.261219441515631,3,-4.303903659719527
26587,C=C(C)C(O*)C(OC(=O)*)C(=C)C,C=C(C)C(O[*])C(OC(=O)[*])C(=C)C,[*]OC(=O)OC(C(=C)C)C([*])C(=C)C,1.44e-05,-4.841637507904751,2,-4.438187862948121
26588,CC(CCN*)CNC(=O)*,CC(CCN[*])CNC(=O)[*],[*]CCNC(=O)NCC([*])C,5.65e-05,-4.247951552180561,1,-4.148168895070709
26589,CC(CCCC#N)NC(CO*)COC(=O)*,CC(CCCC#N)NC(CO[*])COC(=O)[*],[*]COC(=O)OCC([*])NC(C)CCCC#N,0.000114,-3.9430951486635273,0,-4.054299368119395
26590,O=C(*)OCCCO*,O=C([*])OCCCO[*],[*]OCCCOC([*])=O,0.00016,-3.795880017344075,2,-3.8687419336432765
26591,CCC(CO*)C(=O)NC(C)COC(=O)*,CCC(CO[*])C(=O)NC(C)COC(=O)[*],[*]COC(=O)OCC(C)NC(=O)C([*])CC,5.93e-05,-4.226945306635737,0,-4.288198371154826
26592,CC(NC(=O)*)C(C)C(=O)NCCCCO*,CC(NC(=O)[*])C(C)C(=O)NCCCCO[*],[*]NC(=O)OCCCCNC(=O)C(C)C([*])C,3.39e-05,-4.4698003017969175,2,-4.211468293382418
26593,CC(CO*)N(C)C(=O)CCCCOC(=O)*,CC(CO[*])N(C)C(=O)CCCCOC(=O)[*],[*]COC(=O)OCCCCC(=O)N(C)C([*])C,3.12e-05,-4.505845405981558,1,-4.402142281018592
26594,CCCCCCCCCC(COC(=O)*)O*,CCCCCCCCCC(COC(=O)[*])O[*],[*]COC(=O)OC([*])CCCCCCCCC,1.06e-05,-4.97469413473523,0,-4.428107896242725
26595,O=C(*)NCCCC(=O)NCCCCO*,O=C([*])NCCCC(=O)NCCCCO[*],[*]CCCNC(=O)OCCCCNC([*])=O,9.08e-05,-4.041914151478915,0,-4.040314586103225
26596,CC(OC(=O)*)C(=O)NCCCCCO*,CC(OC(=O)[*])C(=O)NCCCCCO[*],[*]OC(=O)OCCCCCNC(=O)C([*])C,5.95e-05,-4.22548303427145,1,-4.127311879574114
26597,CC(CCOC(=O)*)NC(=O)C(C)CN*,CC(CCOC(=O)[*])NC(=O)C(C)CN[*],[*]CCOC(=O)NCC(C)C(=O)NC([*])C,4.41e-05,-4.355561410532162,3,-4.301030244093228
26598,CCC(OC(=O)*)C(=O)OCC(C)O*,CCC(OC(=O)[*])C(=O)OCC(C)O[*],[*]OC(=O)OC(C)COC(=O)C([*])CC,6.29e-05,-4.201349354554731,0,-4.305559401238422
26599,CC(CO*)OC(C)COC(=O)*,CC(CO[*])OC(C)COC(=O)[*],[*]COC(=O)OCC(C)OC([*])C,0.000128,-3.892790030352132,0,-4.203575864408585
26600,C=CCOCC(CC)(CO*)COC(=O)*,C=CCOCC(CC)(CO[*])COC(=O)[*],[*]COC(=O)OCC([*])(CC)COCC=C,1.64e-05,-4.785156151952302,0,-4.567420735568503
26601,CC#CCCNCC(CC(C)(C)O*)OC(=O)*,CC#CCCNCC(CC(C)(C)O[*])OC(=O)[*],[*]CC(C)(C)OC(=O)OC([*])CNCCC#CC,2.73e-05,-4.563837352959244,2,-4.434540577494244
26602,CC(=O)SCC(CN*)CNC(=O)*,CC(=O)SCC(CN[*])CNC(=O)[*],[*]CNC(=O)NCC([*])CSC(C)=O,6.17e-05,-4.209714835966758,3,-4.103342953481051
26603,O=C(*)OCC(N*)C(F)(F)F,O=C([*])OCC(N[*])C(F)(F)F,[*]NC(COC([*])=O)C(F)(F)F,5.04e-05,-4.297569463554475,1,-4.549239861390478
26604,CC(C)(CNC(=O)CCN*)NC(=O)*,CC(C)(CNC(=O)CCN[*])NC(=O)[*],[*]CNC(=O)CCNC(=O)NC([*])(C)C,4.12e-05,-4.3851027839668655,1,-4.222143333699329
26605,C=CC(C)(CNCC(C)(C)CO*)OC(=O)*,C=CC(C)(CNCC(C)(C)CO[*])OC(=O)[*],[*]CNCC(C)(C)COC(=O)OC([*])(C)C=C,4.81e-05,-4.317854923626168,2,-4.452980578126067
26606,O=C(*)NC(CCCCCN*)C(=O)O,O=C([*])NC(CCCCCN[*])C(=O)O,[*]NCCCCCC(NC([*])=O)C(=O)O,8.98e-05,-4.046723663332696,0,-4.384419279136521
26607,C=CC(C)(CNC(CC)CO*)OC(=O)*,C=CC(C)(CNC(CC)CO[*])OC(=O)[*],[*]CNC(CC)COC(=O)OC([*])(C)C=C,4.41e-05,-4.355561410532162,3,-4.343110013866233
26608,C=C(C)CNCC(CC(C)(C)O*)OC(=O)*,C=C(C)CNCC(CC(C)(C)O[*])OC(=O)[*],[*]CC(C)(C)OC(=O)OC([*])CNCC(=C)C,4.41e-05,-4.355561410532162,0,-4.547831622979207
26609,CC(CCN(C)C(=O)CCCNC(=O)*)O*,CC(CCN(C)C(=O)CCCNC(=O)[*])O[*],[*]CCN(C)C(=O)CCCNC(=O)OC([*])C,4.57e-05,-4.34008379993015,3,-4.2944246420693855
26610,CC(C)CS(=O)(=O)CC(COC(=O)*)O*,CC(C)CS(=O)(=O)CC(COC(=O)[*])O[*],[*]COC(=O)OC([*])CS(=O)(=O)CC(C)C,3.86e-05,-4.413412695328245,3,-4.2994158980424
26611,C=CCCC(CNCCC(C)O*)OC(=O)*,C=CCCC(CNCCC(C)O[*])OC(=O)[*],[*]CNCCC(C)OC(=O)OC([*])CCC=C,6.62e-05,-4.1791420105603,1,-4.168967252453015
26612,CN(CCCOC(=O)*)C(=O)CCCCO*,CN(CCCOC(=O)[*])C(=O)CCCCO[*],[*]CCCOC(=O)OCCCCC(=O)N([*])C,0.000119,-3.924453038607469,0,-4.308833043796563
26613,CC(COC(=O)*)CN(C)C(C)CO*,CC(COC(=O)[*])CN(C)C(C)CO[*],[*]COC(=O)OCC(C)N(C)CC([*])C,4.97e-05,-4.303643611266668,2,-4.2743797859464365
26614,CC#CCN(C)CC(CC(C)(C)OC(=O)*)O*,CC#CCN(C)CC(CC(C)(C)OC(=O)[*])O[*],[*]CC(C)(C)OC(=O)OC([*])CN(C)CC#CC,2.94e-05,-4.531652669587842,3,-4.542542585854251
26615,CCC(CNCCC(COC)O*)OC(=O)*,CCC(CNCCC(COC)O[*])OC(=O)[*],[*]CNCCC(COC)OC(=O)OC([*])CC,7.39e-05,-4.131355561605174,2,-3.932347554180821
26616,O=C(*)OCCCCO*,O=C([*])OCCCCO[*],[*]OCCCCOC([*])=O,0.000185,-3.7328282715969854,3,-3.8352987257323794
26617,O=C(*)NC(CF)CO*,O=C([*])NC(CF)CO[*],[*]NC(CF)COC([*])=O,4.31e-05,-4.3655227298392685,3,-4.36017967315449
26618,CC(CNCC(OC(=O)*)C(C)C)O*,CC(CNCC(OC(=O)[*])C(C)C)O[*],[*]CNCC(OC(=O)OC([*])C)C(C)C,2.62e-05,-4.581698708680254,0,-4.377481564459971
26619,C=CCCCCCN(CCN*)CCNC(=O)*,C=CCCCCCN(CCN[*])CCNC(=O)[*],[*]CCNC(=O)NCCN([*])CCCCCC=C,0.000211,-3.6757175447023074,1,-4.044958873203823
26620,C=CC(C)(CNC(C)(C)CCO*)OC(=O)*,C=CC(C)(CNC(C)(C)CCO[*])OC(=O)[*],[*]CNC(C)(C)CCOC(=O)OC([*])(C)C=C,3.36e-05,-4.473660722610156,2,-4.468319513023032
26621,CC(C)(CNC(=O)*)C(O*)C(=O)O,CC(C)(CNC(=O)[*])C(O[*])C(=O)O,[*]CNC(=O)OC(C(=O)O)C([*])(C)C,4.02e-05,-4.39577394691553,1,-4.528780490039942
26622,CC(C)COCCNC(CO*)COC(=O)*,CC(C)COCCNC(CO[*])COC(=O)[*],[*]COC(=O)OCC([*])NCCOCC(C)C,5.24e-05,-4.280668713016273,3,-4.082524272498077
26623,CC(C)(C)OCCNC(CO*)COC(=O)*,CC(C)(C)OCCNC(CO[*])COC(=O)[*],[*]COC(=O)OCC([*])NCCOC(C)(C)C,4.47e-05,-4.349692476868063,0,-4.293945044561739
26624,CC(C)(COC(=O)*)N*,CC(C)(COC(=O)[*])N[*],[*]COC(=O)NC([*])(C)C,6.22e-05,-4.206209615309182,0,-4.434382819704891
26625,CC(C)CC(=O)NC(CO*)C(C)OC(=O)*,CC(C)CC(=O)NC(CO[*])C(C)OC(=O)[*],[*]COC(=O)OC(C)C([*])NC(=O)CC(C)C,6.67e-05,-4.175874166083451,3,-4.340338544757565
26626,C=CCN(C)CC(OC(=O)*)C(C)(C)O*,C=CCN(C)CC(OC(=O)[*])C(C)(C)O[*],[*]OC(=O)OC(C)(C)C([*])CN(C)CC=C,3.39e-05,-4.4698003017969175,0,-4.235137172743834
26627,CC(COCC(C)OC(=O)*)O*,CC(COCC(C)OC(=O)[*])O[*],[*]COCC(C)OC(=O)OC([*])C,9.65e-05,-4.015472686656207,2,-4.220548161718513
26628,CC(CCO*)COC(=O)*,CC(CCO[*])COC(=O)[*],[*]CCOC(=O)OCC([*])C,7.77e-05,-4.1095789811990855,2,-4.215310143403409
26629,CCCCCCCCC(COC(=O)*)N*,CCCCCCCCC(COC(=O)[*])N[*],[*]COC(=O)NC([*])CCCCCCCC,2.93e-05,-4.533132379645891,1,-4.356860449970432
26630,C=CCCC(CNCCCOC(=O)*)O*,C=CCCC(CNCCCOC(=O)[*])O[*],[*]CNCCCOC(=O)OC([*])CCC=C,0.000113,-3.946921556516581,3,-4.028109572032181
26631,CCN(CCO*)C(C)COC(=O)*,CCN(CCO[*])C(C)COC(=O)[*],[*]CCOC(=O)OCC(C)N([*])CC,6.31e-05,-4.199970640755866,1,-4.09330846575328
26632,CC(=CCOC(=O)*)C(O*)C(C)(C)C,CC(=CCOC(=O)[*])C(O[*])C(C)(C)C,[*]=CCOC(=O)OC(C(=[*])C)C(C)(C)C,1.93e-05,-4.714442690992226,3,-4.619969295861281
26633,CC(OC(=O)*)C(=O)N(C)CCCCCO*,CC(OC(=O)[*])C(=O)N(C)CCCCCO[*],[*]OC(=O)OCCCCCN(C)C(=O)C([*])C,3.09e-05,-4.510041520575165,0,-4.271937309912814
26634,CC(C)(OC(=O)*)C(=O)NCCCO*,CC(C)(OC(=O)[*])C(=O)NCCCO[*],[*]OC(=O)OCCCNC(=O)C([*])(C)C,6.18e-05,-4.209011524911184,2,-4.18591487971683
26635,CC(CCO*)NC(=O)C(C)(C)NC(=O)*,CC(CCO[*])NC(=O)C(C)(C)NC(=O)[*],[*]CCOC(=O)NC(C)(C)C(=O)NC([*])C,5.81e-05,-4.235823867609669,2,-4.25499314016187
26636,CC(C)(CO*)NC(=O)CCNC(=O)*,CC(C)(CO[*])NC(=O)CCNC(=O)[*],[*]COC(=O)NCCC(=O)NC([*])(C)C,4.44e-05,-4.35261702988538,1,-4.274017905475764
26637,CC(F)(CO*)COC(=O)*,CC(F)(CO[*])COC(=O)[*],[*]COC(=O)OCC([*])(C)F,9.49e-05,-4.022733787572707,1,-4.541566448528643
26638,COCC(C)(O*)C(=O)OCCCOC(=O)*,COCC(C)(O[*])C(=O)OCCCOC(=O)[*],[*]OC(=O)OCCCOC(=O)C([*])(C)COC,5.25e-05,-4.279840696594043,1,-4.231360809763223
26639,CC(C)(C)OC(=O)NC(CO*)COC(=O)*,CC(C)(C)OC(=O)NC(CO[*])COC(=O)[*],[*]COC(=O)OCC([*])NC(=O)OC(C)(C)C,3.85e-05,-4.414539270491499,2,-4.3734028663685764
26640,CCCC(OC(=O)*)C(C)(C)CO*,CCCC(OC(=O)[*])C(C)(C)CO[*],[*]OC(=O)OCC(C)(C)C([*])CCC,7.67e-06,-5.115204636051019,2,-4.654037516627663
26641,CC(C)(C)OC(=O)NCC(CNC(=O)*)O*,CC(C)(C)OC(=O)NCC(CNC(=O)[*])O[*],[*]CNC(=O)OC([*])CNC(=O)OC(C)(C)C,4.76e-05,-4.3223930472795065,1,-4.321509143205886
26642,CCCC(C)(C#N)NCC(COC(=O)*)O*,CCCC(C)(C#N)NCC(COC(=O)[*])O[*],[*]COC(=O)OC([*])CNC(C)(C#N)CCC,6.77e-05,-4.169411331314856,1,-4.44865992996378
26643,CCOC(=O)CC(C)(CN*)OC(=O)*,CCOC(=O)CC(C)(CN[*])OC(=O)[*],[*]CNC(=O)OC([*])(C)CC(=O)OCC,3.86e-05,-4.413412695328245,0,-4.400158691330057
26644,COC(=O)N(C)CC(CO*)OC(=O)*,COC(=O)N(C)CC(CO[*])OC(=O)[*],[*]COC(=O)OC([*])CN(C)C(=O)OC,4.14e-05,-4.382999658879101,1,-4.331693579521545
26645,COCC(C)(O*)C(=O)OCC(C)OC(=O)*,COCC(C)(O[*])C(=O)OCC(C)OC(=O)[*],[*]OC(=O)OC(C)COC(=O)C([*])(C)COC,5e-05,-4.301029995663981,3,-4.387924943226656
26646,O=C(*)NCCC(F)CN*,O=C([*])NCCC(F)CN[*],[*]NCCC(F)CNC([*])=O,6.66e-05,-4.176525770829699,1,-4.248256655080061
26647,CCC(CNC(=O)C(OC(=O)*)C(C)C)O*,CCC(CNC(=O)C(OC(=O)[*])C(C)C)O[*],[*]CNC(=O)C(OC(=O)OC([*])CC)C(C)C,5.72e-05,-4.242603971206976,0,-4.437411199975993
26648,C=CCCCC(N*)C(=O)NCC(C)NC(=O)*,C=CCCCC(N[*])C(=O)NCC(C)NC(=O)[*],[*]NC(=O)NC(C)CNC(=O)C([*])CCCC=C,4.78e-05,-4.320572103387881,2,-4.260893691282708
26649,CC(CC(C)(C)C(C)(C)N*)OC(=O)*,CC(CC(C)(C)C(C)(C)N[*])OC(=O)[*],[*]CC(C)(C)C(C)(C)NC(=O)OC([*])C,2.2e-05,-4.657577319177793,1,-4.445688201089246
26650,CC(NC(=O)*)C(=O)NC(C)(C)CN*,CC(NC(=O)[*])C(=O)NC(C)(C)CN[*],[*]NC(=O)NCC(C)(C)NC(=O)C([*])C,4.02e-05,-4.39577394691553,2,-4.403258959411587
26651,C=CC(C)(CNC(CO*)C(C)C)OC(=O)*,C=CC(C)(CNC(CO[*])C(C)C)OC(=O)[*],[*]CNC(COC(=O)OC([*])(C)C=C)C(C)C,4.71e-05,-4.326979092871104,0,-4.466233856201571
26652,C=CCCNCC(CC(C)(C)OC(=O)*)O*,C=CCCNCC(CC(C)(C)OC(=O)[*])O[*],[*]CC(C)(C)OC(=O)OC([*])CNCCC=C,2.28e-05,-4.642065152999546,3,-4.327141330973463
26653,C=CCNCC(CC(C)(C)OC(=O)*)O*,C=CCNCC(CC(C)(C)OC(=O)[*])O[*],[*]CC(C)(C)OC(=O)OC([*])CNCC=C,2.39e-05,-4.621602099051862,0,-4.32310378719462
26654,CC(CO*)NC(=O)C(C)(C)OC(=O)*,CC(CO[*])NC(=O)C(C)(C)OC(=O)[*],[*]COC(=O)OC(C)(C)C(=O)NC([*])C,4.72e-05,-4.3260580013659125,3,-4.203942095462784
26655,CC(CCCNC(=O)C(C)O*)COC(=O)*,CC(CCCNC(=O)C(C)O[*])COC(=O)[*],[*]CCCNC(=O)C(C)OC(=O)OCC([*])C,4.1e-05,-4.3872161432802645,2,-4.259625603902304
26656,C=CC(CNC(COC(=O)*)C(C)(C)C)O*,C=CC(CNC(COC(=O)[*])C(C)(C)C)O[*],[*]CNC(COC(=O)OC([*])C=C)C(C)(C)C,4.27e-05,-4.369572124974976,0,-4.366353885261673
26657,CCC(CO*)(COC(=O)*)NC(=O)C(F)F,CCC(CO[*])(COC(=O)[*])NC(=O)C(F)F,[*]COC(=O)OCC([*])(CC)NC(=O)C(F)F,2.73e-05,-4.563837352959244,3,-4.366954946950061
26658,C#CCCCNCC(CC(C)(C)O*)OC(=O)*,C#CCCCNCC(CC(C)(C)O[*])OC(=O)[*],[*]CC(C)(C)OC(=O)OC([*])CNCCCC#C,3.29e-05,-4.482804102050026,0,-4.400634768913987
26659,CC(C)N(C)CC(CO*)OC(=O)*,CC(C)N(C)CC(CO[*])OC(=O)[*],[*]COC(=O)OC([*])CN(C)C(C)C,8.44e-05,-4.073657553374345,3,-4.3477476737692475
26660,CC(CNC(=O)C(OC(=O)*)C(C)C)O*,CC(CNC(=O)C(OC(=O)[*])C(C)C)O[*],[*]CNC(=O)C(OC(=O)OC([*])C)C(C)C,5.04e-05,-4.297569463554475,1,-4.458333931849227
26661,CC(COC(=O)*)NC(=O)C(O*)C(C)C,CC(COC(=O)[*])NC(=O)C(O[*])C(C)C,[*]COC(=O)OC(C(=O)NC([*])C)C(C)C,3.04e-05,-4.517126416391246,3,-4.399739429222719
26662,COC(=O)C(CSCCCOC(=O)*)N*,COC(=O)C(CSCCCOC(=O)[*])N[*],[*]CSCCCOC(=O)NC([*])C(=O)OC,3.67e-05,-4.435333935747911,1,-4.12375332574431
26663,CCCCC(N*)C(CCC)CNC(=O)*,CCCCC(N[*])C(CCC)CNC(=O)[*],[*]NC(=O)NCC(CCC)C([*])CCCC,5.9e-05,-4.229147988357856,3,-4.370766839909554
26664,CC(C)CN(CCO*)CCOC(=O)*,CC(C)CN(CCO[*])CCOC(=O)[*],[*]CCOC(=O)OCCN([*])CC(C)C,6.88e-05,-4.162411561764489,3,-4.207272547058637
26665,CCC(C)CCC(OC(=O)*)C(C)CO*,CCC(C)CCC(OC(=O)[*])C(C)CO[*],[*]OC(=O)OCC(C)C([*])CCC(C)CC,2.7e-05,-4.568636235841013,3,-4.738522045699761
26666,C=CC(C)(CNCCC(C)CO*)OC(=O)*,C=CC(C)(CNCCC(C)CO[*])OC(=O)[*],[*]CNCCC(C)COC(=O)OC([*])(C)C=C,5.95e-05,-4.22548303427145,0,-4.382794478473515
26667,CC(C)CC(CNC(=O)CCN*)OC(=O)*,CC(C)CC(CNC(=O)CCN[*])OC(=O)[*],[*]CNC(=O)CCNC(=O)OC([*])CC(C)C,4.78e-05,-4.320572103387881,1,-4.399302855641204
26668,O=C(*)NCCCCO*,O=C([*])NCCCCO[*],[*]NCCCCOC([*])=O,7.17e-05,-4.1444808443322,3,-3.9527516644565033
26669,CCC(CNCC(CN(C)C)O*)OC(=O)*,CCC(CNCC(CN(C)C)O[*])OC(=O)[*],[*]CNCC(CN(C)C)OC(=O)OC([*])CC,0.000104,-3.98296666070122,3,-4.064773788665891
26670,CCC(C)(COC(=O)*)NC(=O)C(C)O*,CCC(C)(COC(=O)[*])NC(=O)C(C)O[*],[*]COC(=O)OC(C)C(=O)NC([*])(C)CC,5.7e-05,-4.2441251443275085,2,-4.515612025684333
26671,O=C(*)NCCCCN*,O=C([*])NCCCCN[*],[*]NCCCCNC([*])=O,6.65e-05,-4.177178354696896,0,-4.0289013455557035
26672,O=C(CCCCCOC(=O)*)NCCO*,O=C(CCCCCOC(=O)[*])NCCO[*],[*]CCCCCOC(=O)OCCNC([*])=O,0.000168,-3.774690718274137,3,-4.068826387773624
26673,CC(CNC(=O)C(C)(C)OC(=O)*)CO*,CC(CNC(=O)C(C)(C)OC(=O)[*])CO[*],[*]CNC(=O)C(C)(C)OC(=O)OCC([*])C,8.15e-05,-4.088842391260023,2,-4.29568863152656
26674,C=CCCCN(C)CC(COC(=O)*)O*,C=CCCCN(C)CC(COC(=O)[*])O[*],[*]COC(=O)OC([*])CN(C)CCCC=C,5.91e-05,-4.228412519118745,3,-4.193055749720467
26675,C=CCCCC(NC(=O)*)C(=O)NC(C)CN*,C=CCCCC(NC(=O)[*])C(=O)NC(C)CN[*],[*]NC(=O)NCC(C)NC(=O)C([*])CCCC=C,6.2e-05,-4.207608310501746,2,-4.277472476759123
26676,C#CC(C)N(C)CC(OC(=O)*)C(C)(C)O*,C#CC(C)N(C)CC(OC(=O)[*])C(C)(C)O[*],[*]OC(=O)OC(C)(C)C([*])CN(C)C(C)C#C,4.88e-05,-4.311580177997289,3,-4.46646731899472
26677,CC#CCNCC(CC(C)(C)OC(=O)*)O*,CC#CCNCC(CC(C)(C)OC(=O)[*])O[*],[*]CC(C)(C)OC(=O)OC([*])CNCC#CC,4.05e-05,-4.392544976785332,0,-4.41554884024753
26678,CC(C)(O*)C(NC(=O)*)C(=O)O,CC(C)(O[*])C(NC(=O)[*])C(=O)O,[*]OC(=O)NC(C(=O)O)C([*])(C)C,2.86e-05,-4.543633966870957,0,-4.5566138883780365
26679,CC(CCN(C)C(=O)C(C)(C)OC(=O)*)O*,CC(CCN(C)C(=O)C(C)(C)OC(=O)[*])O[*],[*]CCN(C)C(=O)C(C)(C)OC(=O)OC([*])C,8.24e-05,-4.084072788302884,0,-4.4982250570243245
26680,C=CCCC(C)N(C)CC(COC(=O)*)O*,C=CCCC(C)N(C)CC(COC(=O)[*])O[*],[*]COC(=O)OC([*])CN(C)C(C)CCC=C,5.54e-05,-4.2564902352715706,0,-4.252047454395775
26681,C=CC(CNCCCCCCOC(=O)*)O*,C=CC(CNCCCCCCOC(=O)[*])O[*],[*]CNCCCCCCOC(=O)OC([*])C=C,0.000108,-3.96657624451305,0,-3.9989155452896954
26682,CC(C)(C)OC(=O)C(CN*)OC(=O)*,CC(C)(C)OC(=O)C(CN[*])OC(=O)[*],[*]CNC(=O)OC([*])C(=O)OC(C)(C)C,4.71e-05,-4.326979092871104,1,-4.36172540836634
26683,C=CC(CNCCC(C)COC(=O)*)O*,C=CC(CNCCC(C)COC(=O)[*])O[*],[*]CNCCC(C)COC(=O)OC([*])C=C,7.49e-05,-4.125518182300533,0,-4.150004058922919
26684,CC(C)C(NC(=O)*)C(O*)C(=O)O,CC(C)C(NC(=O)[*])C(O[*])C(=O)O,[*]NC(=O)OC(C(=O)O)C([*])C(C)C,1.84e-05,-4.735182176990463,3,-4.485276283759156
26685,C=CC(CNCC(C)(C)COC(=O)*)O*,C=CC(CNCC(C)(C)COC(=O)[*])O[*],[*]CNCC(C)(C)COC(=O)OC([*])C=C,5.96e-05,-4.224753740259764,0,-4.2778512945990395
26686,C#CCN(CC(CO*)OC(=O)*)C(C)(C)C,C#CCN(CC(CO[*])OC(=O)[*])C(C)(C)C,[*]COC(=O)OC([*])CN(CC#C)C(C)(C)C,2.56e-05,-4.591760034688151,3,-4.434994526333133
26687,CC(NC(=O)*)C(=O)NCC(C)(C)N*,CC(NC(=O)[*])C(=O)NCC(C)(C)N[*],[*]NC(=O)NC(C)(C)CNC(=O)C([*])C,3.78e-05,-4.422508200162775,0,-4.431938679091239
26688,CCCCC(N*)C(OC(=O)*)C(F)(F)F,CCCCC(N[*])C(OC(=O)[*])C(F)(F)F,[*]NC(=O)OC(C([*])CCCC)C(F)(F)F,3.86e-05,-4.413412695328245,3,-4.460162146322363
26689,CC(C)C(O*)C(NC(=O)*)C(=O)O,CC(C)C(O[*])C(NC(=O)[*])C(=O)O,[*]OC(=O)NC(C(=O)O)C([*])C(C)C,3.41e-05,-4.467245621007502,2,-4.5584513289929856
26690,C=C(C)C(CO*)NC(CC)COC(=O)*,C=C(C)C(CO[*])NC(CC)COC(=O)[*],[*]COC(=O)OCC(CC)NC([*])C(=C)C,3.37e-05,-4.4723700991286615,2,-4.35763573401191
26691,CCN(CCO*)C(=O)C(C)(C)NC(=O)*,CCN(CCO[*])C(=O)C(C)(C)NC(=O)[*],[*]CCOC(=O)NC(C)(C)C(=O)N([*])CC,3.67e-05,-4.435333935747911,3,-4.4681906586892675
26692,CCC(CO*)OC(=O)*,CCC(CO[*])OC(=O)[*],[*]COC(=O)OC([*])CC,7.72e-05,-4.112382699664264,3,-4.2072803458501165
26693,C=CCCCCN(CCN*)CCNC(=O)*,C=CCCCCN(CCN[*])CCNC(=O)[*],[*]CCNC(=O)NCCN([*])CCCCC=C,7.48e-05,-4.126098402135539,1,-4.100710272810435
26694,C=C(C)CC(COC(=O)*)NC(C)CCO*,C=C(C)CC(COC(=O)[*])NC(C)CCO[*],[*]COC(=O)OCCC(C)NC([*])CC(=C)C,5.65e-05,-4.247951552180561,0,-4.260333149168302
26695,C=CCCC(CNCCC(C)NC(=O)*)O*,C=CCCC(CNCCC(C)NC(=O)[*])O[*],[*]CNCCC(C)NC(=O)OC([*])CCC=C,5.02e-05,-4.29929628285498,0,-4.138834383826427
26696,C#CCC(COC(=O)*)(N*)C(=O)O,C#CCC(COC(=O)[*])(N[*])C(=O)O,[*]COC(=O)NC([*])(CC#C)C(=O)O,3.44e-05,-4.46344155742847,3,-4.486353453711517
26697,COCC(C)(CN*)NC(=O)*,COCC(C)(CN[*])NC(=O)[*],[*]CNC(=O)NC([*])(C)COC,4.96e-05,-4.304518323509803,3,-4.214583195885015
26698,CC(C)(CCO*)NC(=O)COC(=O)*,CC(C)(CCO[*])NC(=O)COC(=O)[*],[*]CCOC(=O)OCC(=O)NC([*])(C)C,4.21e-05,-4.375717904164332,3,-4.301266874583431
26699,C=CCC(CO*)COC(=O)*,C=CCC(CO[*])COC(=O)[*],[*]COC(=O)OCC([*])CC=C,6.83e-05,-4.165579296318468,3,-4.165791482960873
26700,C=CCCC(CNCC(C)CO*)OC(=O)*,C=CCCC(CNCC(C)CO[*])OC(=O)[*],[*]CNCC(C)COC(=O)OC([*])CCC=C,3.98e-05,-4.400116927926312,0,-4.166133386381248
26701,CC(CN*)C(=O)NCC(F)(F)COC(=O)*,CC(CN[*])C(=O)NCC(F)(F)COC(=O)[*],[*]CNC(=O)OCC(F)(F)CNC(=O)C([*])C,6.09e-05,-4.215382707367125,0,-4.274708718885429
26702,CC(CNCC(C)(CN(C)C)OC(=O)*)O*,CC(CNCC(C)(CN(C)C)OC(=O)[*])O[*],[*]CNCC(C)(CN(C)C)OC(=O)OC([*])C,6.79e-05,-4.168130225719499,1,-4.223739007002277
26703,CC(C)C(N*)C(=O)NCCOC(=O)*,CC(C)C(N[*])C(=O)NCCOC(=O)[*],[*]NC(=O)OCCNC(=O)C([*])C(C)C,3.93e-05,-4.405607449624573,1,-4.264954485102384
26704,CC(C)NC(CO*)COC(=O)*,CC(C)NC(CO[*])COC(=O)[*],[*]COC(=O)OCC([*])NC(C)C,3.98e-05,-4.400116927926312,1,-4.351197998072826
26705,C=CCCC(CNCCCCO*)OC(=O)*,C=CCCC(CNCCCCO[*])OC(=O)[*],[*]CNCCCCOC(=O)OC([*])CCC=C,6.61e-05,-4.179798540514359,3,-4.010846137272511
26706,C#CCCNCC(CC(C)(C)OC(=O)*)O*,C#CCCNCC(CC(C)(C)OC(=O)[*])O[*],[*]CC(C)(C)OC(=O)OC([*])CNCCC#C,6.66e-05,-4.176525770829699,1,-4.317089732272882
26707,CC(CN(C)CC(C)OC(=O)*)O*,CC(CN(C)CC(C)OC(=O)[*])O[*],[*]CN(C)CC(C)OC(=O)OC([*])C,4.04e-05,-4.393618634889395,1,-4.164099138051295
26708,O=C(O)CCC(CNC(=O)*)N*,O=C(O)CCC(CNC(=O)[*])N[*],[*]CNC(=O)NC([*])CCC(=O)O,6.3e-05,-4.200659450546418,2,-4.416301897573048
26709,CC(C)(CO*)COC(=O)*,CC(C)(CO[*])COC(=O)[*],[*]COC(=O)OCC([*])(C)C,3.81e-05,-4.419075024324381,3,-4.506506209952199
26710,O=C(*)NCCN(CCO*)CC(F)(F)F,O=C([*])NCCN(CCO[*])CC(F)(F)F,[*]NCCN(CCOC([*])=O)CC(F)(F)F,8.86e-05,-4.052566278112949,3,-4.069906273068664
26711,C#CC(C)(C)N(C)CC(OC(=O)*)C(C)O*,C#CC(C)(C)N(C)CC(OC(=O)[*])C(C)O[*],[*]OC(=O)OC(C)C([*])CN(C)C(C)(C)C#C,3.33e-05,-4.47755576649368,0,-4.499870251449242
26712,O=C(NCCCO*)NCCCOC(=O)*,O=C(NCCCO[*])NCCCOC(=O)[*],[*]NCCCOC(=O)OCCCNC([*])=O,8.45e-05,-4.073143291050307,1,-3.8831681290976223
26713,C=C(Cl)CC(COC(=O)*)O*,C=C(Cl)CC(COC(=O)[*])O[*],[*]COC(=O)OC([*])CC(=C)Cl,4.19e-05,-4.377785977033705,0,-4.34643504365526
26714,C=CC(CNCC(F)C(C)(C)O*)OC(=O)*,C=CC(CNCC(F)C(C)(C)O[*])OC(=O)[*],[*]CNCC(F)C(C)(C)OC(=O)OC([*])C=C,3.97e-05,-4.401209493236885,1,-4.35309558182265
26715,CC(=O)N(CC(C)OC(=O)*)C(C)CO*,CC(=O)N(CC(C)OC(=O)[*])C(C)CO[*],[*]CC(C)OC(=O)OCC(C)N([*])C(C)=O,4.32e-05,-4.364516253185088,2,-4.424399433948828
26716,CC(C)(C=CC(C)(C)OC(=O)*)O*,CC(C)(C=CC(C)(C)OC(=O)[*])O[*],[*]C=CC(C)(C)OC(=O)OC([*])(C)C,4.34e-05,-4.36251027048749,3,-4.461367427724898
26717,CCCC(CNC(=O)C(C)O*)OC(=O)*,CCCC(CNC(=O)C(C)O[*])OC(=O)[*],[*]CNC(=O)C(C)OC(=O)OC([*])CCC,5.95e-05,-4.22548303427145,2,-4.266848586270719
26718,CCOC(=O)NC(CC)(CO*)COC(=O)*,CCOC(=O)NC(CC)(CO[*])COC(=O)[*],[*]COC(=O)OCC([*])(CC)NC(=O)OCC,2.28e-05,-4.642065152999546,2,-4.453639472503455
26719,N=C(N)NN=CCC(CO*)OC(=O)*,N=C(N)NN=CCC(CO[*])OC(=O)[*],[*]COC(=O)OC([*])CC=NNC(=N)N,6.63e-05,-4.178486471595227,2,-4.103207248584627
26720,COC(=O)NC(CO*)C(C)OC(=O)*,COC(=O)NC(CO[*])C(C)OC(=O)[*],[*]COC(=O)OC(C)C([*])NC(=O)OC,5.66e-05,-4.247183568811729,0,-4.390857308005539
26721,C=CCCC(CNCC(C)(C)O*)OC(=O)*,C=CCCC(CNCC(C)(C)O[*])OC(=O)[*],[*]CNCC(C)(C)OC(=O)OC([*])CCC=C,4.18e-05,-4.3788237182249645,2,-4.294990380932611
26722,CCOCC(COC(=O)*)O*,CCOCC(COC(=O)[*])O[*],[*]COC(=O)OC([*])COCC,6.14e-05,-4.211831628858833,0,-4.1836317821020055
26723,O=C(*)NCCCCCC(=O)NCCO*,O=C([*])NCCCCCC(=O)NCCO[*],[*]CCCCCNC(=O)OCCNC([*])=O,4.91e-05,-4.308918507877031,0,-4.0710566209726
26724,C#CCN(CC(OC(=O)*)C(C)(C)O*)C(C)C,C#CCN(CC(OC(=O)[*])C(C)(C)O[*])C(C)C,[*]OC(=O)OC(C)(C)C([*])CN(CC#C)C(C)C,2.65e-05,-4.576754126063192,0,-4.495959877708763
26725,CC(C)(CNC(=O)*)NCCO*,CC(C)(CNC(=O)[*])NCCO[*],[*]CNC(=O)OCCNC([*])(C)C,5.71e-05,-4.243363891754152,1,-4.233508878274601
26726,CC(C)(COC(=O)*)O*,CC(C)(COC(=O)[*])O[*],[*]COC(=O)OC([*])(C)C,5.07e-05,-4.294992040666664,0,-4.524425040190681
26727,O=C(*)NCCC(CCN*)C(=O)O,O=C([*])NCCC(CCN[*])C(=O)O,[*]NCCC(CCNC([*])=O)C(=O)O,4.31e-05,-4.3655227298392685,0,-4.308588724323178
26728,COC(=O)C(CCCCN*)NC(=O)*,COC(=O)C(CCCCN[*])NC(=O)[*],[*]CCCCNC(=O)NC([*])C(=O)OC,5.93e-05,-4.226945306635737,1,-4.285402323687624
26729,CC(C)C(CNC(=O)*)O*,CC(C)C(CNC(=O)[*])O[*],[*]CNC(=O)OC([*])C(C)C,4.79e-05,-4.319664486585437,3,-4.443557321137095
26730,CC(N*)C(C)NC(=O)*,CC(N[*])C(C)NC(=O)[*],[*]NC(=O)NC(C)C([*])C,5.65e-05,-4.247951552180561,2,-4.342993284968556
26731,C=CC(C)(CNCCC(C)(C)OC(=O)*)O*,C=CC(C)(CNCCC(C)(C)OC(=O)[*])O[*],[*]CNCCC(C)(C)OC(=O)OC([*])(C)C=C,6.06e-05,-4.217527375833714,0,-4.3315769285957915
26732,CC(CCNC(=O)C(C)(C)N*)NC(=O)*,CC(CCNC(=O)C(C)(C)N[*])NC(=O)[*],[*]CCNC(=O)C(C)(C)NC(=O)NC([*])C,6.17e-05,-4.209714835966758,0,-4.3243600921516165
26733,COCCC(C)(CN*)OC(=O)*,COCCC(C)(CN[*])OC(=O)[*],[*]CNC(=O)OC([*])(C)CCOC,6.7e-05,-4.173925197299174,1,-4.358645006507267
26734,C=CC(C)(CNC(C)(C)COC(=O)*)O*,C=CC(C)(CNC(C)(C)COC(=O)[*])O[*],[*]CNC(C)(C)COC(=O)OC([*])(C)C=C,1.67e-05,-4.777283528852417,1,-4.506922389006676
26735,C=C(CCCCCC(=C)COC(=O)*)CO*,C=C(CCCCCC(=C)COC(=O)[*])CO[*],[*]CCCCCC(=C)COC(=O)OCC([*])=C,9.5e-05,-4.022276394711152,3,-4.302414884499153
26736,CC(C)C(N*)C(=O)NCCCOC(=O)*,CC(C)C(N[*])C(=O)NCCCOC(=O)[*],[*]NC(=O)OCCCNC(=O)C([*])C(C)C,4.91e-05,-4.308918507877031,2,-4.245326694379966
26737,CC(C)C(OC(=O)*)C(=O)NCCO*,CC(C)C(OC(=O)[*])C(=O)NCCO[*],[*]OC(=O)OCCNC(=O)C([*])C(C)C,4.63e-05,-4.334419008982047,2,-4.34612866675087
26738,COCC(C)(CO*)NC(=O)*,COCC(C)(CO[*])NC(=O)[*],[*]COC(=O)NC([*])(C)COC,4.18e-05,-4.3788237182249645,1,-4.374148492537836
26739,C=CC(CNC(COC(=O)*)CC(C)C)O*,C=CC(CNC(COC(=O)[*])CC(C)C)O[*],[*]CNC(COC(=O)OC([*])C=C)CC(C)C,4.39e-05,-4.357535479757878,3,-4.326977066002854
26740,O=C(*)OCCN(CCCO*)CC(F)F,O=C([*])OCCN(CCCO[*])CC(F)F,[*]OCCCN(CCOC([*])=O)CC(F)F,0.000158,-3.801342913045578,3,-4.030855626175991
26741,C=CCCN(C)CC(O*)C(C)OC(=O)*,C=CCCN(C)CC(O[*])C(C)OC(=O)[*],[*]OC(=O)OC(C)C([*])CN(C)CCC=C,6.17e-05,-4.209714835966758,2,-4.344961759695809
26742,C#CCN(CC)CC(O*)C(C)(C)OC(=O)*,C#CCN(CC)CC(O[*])C(C)(C)OC(=O)[*],[*]OC(=O)OC(C)(C)C([*])CN(CC)CC#C,3.18e-05,-4.497572880015567,1,-4.312344083154092
26743,CC(C)(COC(=O)*)C(=O)OCCCO*,CC(C)(COC(=O)[*])C(=O)OCCCO[*],[*]COC(=O)OCCCOC(=O)C([*])(C)C,3.48e-05,-4.458420756053419,1,-4.310666667046129
26744,C=CCN(CC(OC(=O)*)C(C)O*)C(C)C,C=CCN(CC(OC(=O)[*])C(C)O[*])C(C)C,[*]OC(=O)OC(C)C([*])CN(CC=C)C(C)C,3.01e-05,-4.521433504406157,0,-4.462161838564672
26745,C=CC(CNC(CCC)CCOC(=O)*)O*,C=CC(CNC(CCC)CCOC(=O)[*])O[*],[*]CNC(CCC)CCOC(=O)OC([*])C=C,6.06e-05,-4.217527375833714,3,-4.3018292860055185
26746,CCCCC(CC)(CCCN*)CNC(=O)*,CCCCC(CC)(CCCN[*])CNC(=O)[*],[*]CCCNC(=O)NCC([*])(CC)CCCC,3.2e-05,-4.494850021680094,2,-4.331809789841089
26747,CC(C)(CNC(=O)*)CO*,CC(C)(CNC(=O)[*])CO[*],[*]CNC(=O)OCC([*])(C)C,1.93e-05,-4.714442690992226,1,-4.351140953179861
26748,O=C(CCO*)CCOC(=O)*,O=C(CCO[*])CCOC(=O)[*],[*]CCOC(=O)OCCC([*])=O,0.000121,-3.9172146296835497,2,-4.067905116785145
26749,CCOC(=O)C(C)(CNC(=O)*)O*,CCOC(=O)C(C)(CNC(=O)[*])O[*],[*]CNC(=O)OC([*])(C)C(=O)OCC,3.88e-05,-4.411168274405793,1,-4.391594726685513
26750,CC(CO*)NCC(C)OC(=O)*,CC(CO[*])NCC(C)OC(=O)[*],[*]COC(=O)OC(C)CNC([*])C,6.63e-05,-4.178486471595227,2,-4.130197925033429
26751,CC(C)(C)OC(=O)C(COC(=O)*)N*,CC(C)(C)OC(=O)C(COC(=O)[*])N[*],[*]COC(=O)NC([*])C(=O)OC(C)(C)C,4.51e-05,-4.345823458122039,0,-4.407503162210044
26752,C#CC(C)N(C)CC(CC(C)(C)O*)OC(=O)*,C#CC(C)N(C)CC(CC(C)(C)O[*])OC(=O)[*],[*]CC(C)(C)OC(=O)OC([*])CN(C)C(C)C#C,3.08e-05,-4.511449283499556,1,-4.500994226368794
26753,C=CC(CNCCCCCO*)OC(=O)*,C=CC(CNCCCCCO[*])OC(=O)[*],[*]CNCCCCCOC(=O)OC([*])C=C,6.28e-05,-4.202040356262804,3,-3.9454705009509974
26754,CC(C)NCC(COC(=O)*)O*,CC(C)NCC(COC(=O)[*])O[*],[*]COC(=O)OC([*])CNC(C)C,5.67e-05,-4.246416941107094,1,-4.383390618411678
26755,O=C(*)OC(CNCCC(F)(F)F)CO*,O=C([*])OC(CNCCC(F)(F)F)CO[*],[*]OCC(CNCCC(F)(F)F)OC([*])=O,4.72e-05,-4.3260580013659125,2,-4.176065544101724
26756,COCC(C)(CN*)OC(=O)*,COCC(C)(CN[*])OC(=O)[*],[*]CNC(=O)OC([*])(C)COC,2.65e-05,-4.576754126063192,0,-4.311204789998118
26757,CC(=O)NCC(C)(CO*)COC(=O)*,CC(=O)NCC(C)(CO[*])COC(=O)[*],[*]COC(=O)OCC([*])(C)CNC(C)=O,3.6e-05,-4.443697499232712,1,-4.368963840710352
26758,C=CCCCN(CC)CC(COC(=O)*)O*,C=CCCCN(CC)CC(COC(=O)[*])O[*],[*]COC(=O)OC([*])CN(CC)CCCC=C,4.78e-05,-4.320572103387881,1,-4.168248001450868
26759,CN(CCCO*)C(=O)CCCNC(=O)*,CN(CCCO[*])C(=O)CCCNC(=O)[*],[*]CCCOC(=O)NCCCC(=O)N([*])C,5.12e-05,-4.29073003902417,2,-4.089114303392502
26760,C=CC(C)(CNCCCCCOC(=O)*)O*,C=CC(C)(CNCCCCCOC(=O)[*])O[*],[*]CNCCCCCOC(=O)OC([*])(C)C=C,4.94e-05,-4.306273051076353,2,-4.159306317889326
26761,CCC(CO*)COC(=O)*,CCC(CO[*])COC(=O)[*],[*]COC(=O)OCC([*])CC,6.59e-05,-4.18111458540599,0,-4.271015872554542
26762,CC(C)OCC(CNC(=O)*)O*,CC(C)OCC(CNC(=O)[*])O[*],[*]CNC(=O)OC([*])COC(C)C,4.37e-05,-4.359518563029578,3,-4.178983638934209
26763,CCC(COC(=O)*)C(=O)NCCCO*,CCC(COC(=O)[*])C(=O)NCCCO[*],[*]COC(=O)OCCCNC(=O)C([*])CC,5.15e-05,-4.288192770958809,1,-4.284238563218466
26764,C=C(O)C(CCCCNC(=O)*)N*,C=C(O)C(CCCCNC(=O)[*])N[*],[*]CCCCNC(=O)NC([*])C(=C)O,8.24e-05,-4.084072788302884,3,-4.354840109662039
26765,CC(C)N(CCO*)CCOC(=O)*,CC(C)N(CCO[*])CCOC(=O)[*],[*]CCOC(=O)OCCN([*])C(C)C,5.94e-05,-4.226213555018807,2,-4.101666514434501
26766,O=C(O)CCCCNC(CO*)COC(=O)*,O=C(O)CCCCNC(CO[*])COC(=O)[*],[*]COC(=O)OCC([*])NCCCCC(=O)O,2.75e-05,-4.560667306169737,3,-4.330070872103255
26767,CCOCC(CNC(=O)*)O*,CCOCC(CNC(=O)[*])O[*],[*]CNC(=O)OC([*])COCC,9.81e-05,-4.008330992620052,3,-4.255280403651023
26768,C=CCCC(CNC(C)COC(=O)*)O*,C=CCCC(CNC(C)COC(=O)[*])O[*],[*]CNC(C)COC(=O)OC([*])CCC=C,7.71e-05,-4.112945621949043,3,-4.198994911107161
26769,C=CCCN(C)CC(OC(=O)*)C(C)(C)O*,C=CCCN(C)CC(OC(=O)[*])C(C)(C)O[*],[*]OC(=O)OC(C)(C)C([*])CN(C)CCC=C,3.64e-05,-4.438898616350944,3,-4.317719012624579
26770,CC(CCNC(=O)C(NC(=O)*)C(C)C)O*,CC(CCNC(=O)C(NC(=O)[*])C(C)C)O[*],[*]CCNC(=O)C(NC(=O)OC([*])C)C(C)C,2.38e-05,-4.623423042943488,1,-4.469696056147115
26771,C=CCCC(COC(=O)*)NC(C)CCO*,C=CCCC(COC(=O)[*])NC(C)CCO[*],[*]COC(=O)OCCC(C)NC([*])CCC=C,7.77e-05,-4.1095789811990855,1,-4.017600948100415
26772,CC(CC(C)(C)C(C)NC(=O)*)O*,CC(CC(C)(C)C(C)NC(=O)[*])O[*],[*]CC(C)(C)C(C)NC(=O)OC([*])C,1.82e-05,-4.739928612014925,1,-4.5774292333063995
26773,CCC(C)NC(CO*)COC(=O)*,CCC(C)NC(CO[*])COC(=O)[*],[*]COC(=O)OCC([*])NC(C)CC,2.24e-05,-4.649751981665837,2,-4.393633572090474
26774,COCCN(C)CC(C)(CO*)COC(=O)*,COCCN(C)CC(C)(CO[*])COC(=O)[*],[*]COC(=O)OCC([*])(C)CN(C)CCOC,7.2e-05,-4.142667503568732,2,-4.184473097600427
26775,COCC(C)(CCOC(=O)*)N*,COCC(C)(CCOC(=O)[*])N[*],[*]CCOC(=O)NC([*])(C)COC,5e-05,-4.301029995663981,1,-4.3176269302850105
26776,CC(O*)C(C)C(C)OC(=O)*,CC(O[*])C(C)C(C)OC(=O)[*],[*]OC(=O)OC(C)C(C)C([*])C,2e-05,-4.698970004336019,2,-4.541284271475501
26777,CC(C)(COC(=O)*)NCCO*,CC(C)(COC(=O)[*])NCCO[*],[*]COC(=O)OCCNC([*])(C)C,5.26e-05,-4.279014255846261,0,-4.229957340643607
26778,CC(CO*)SCC(CC(=O)O)OC(=O)*,CC(CO[*])SCC(CC(=O)O)OC(=O)[*],[*]COC(=O)OC(CSC([*])C)CC(=O)O,4.87e-05,-4.3124710387853655,0,-4.327193954784842
26779,CC(C)C(N*)C(=O)OCCOC(=O)*,CC(C)C(N[*])C(=O)OCCOC(=O)[*],[*]NC(=O)OCCOC(=O)C([*])C(C)C,2.3e-05,-4.638272163982407,3,-4.2531807207851795
26780,O=CC(O*)C(O)=C(O)COC(=O)*,O=CC(O[*])C(O)=C(O)COC(=O)[*],[*]OC(=O)OCC(O)=C(O)C([*])C=O,7.34e-05,-4.13430394008393,3,-4.392689522677108
26781,CC(C)CC(N*)C(=O)NC(C)CNC(=O)*,CC(C)CC(N[*])C(=O)NC(C)CNC(=O)[*],[*]NC(=O)NCC(C)NC(=O)C([*])CC(C)C,3.87e-05,-4.412289034981089,0,-4.341236294844879
26782,CC(C)(NC(=O)*)C(=O)NCCCO*,CC(C)(NC(=O)[*])C(=O)NCCCO[*],[*]NC(=O)OCCCNC(=O)C([*])(C)C,5.86e-05,-4.23210238398191,3,-4.159983305813138
26783,CC(C)C(O*)C(=O)NCC(C)(C)OC(=O)*,CC(C)C(O[*])C(=O)NCC(C)(C)OC(=O)[*],[*]OC(=O)OC(C)(C)CNC(=O)C([*])C(C)C,6.3e-05,-4.200659450546418,3,-4.357466812859103
26784,CN(CCCN*)C(=O)C(C)(C)NC(=O)*,CN(CCCN[*])C(=O)C(C)(C)NC(=O)[*],[*]CCCNC(=O)NC(C)(C)C(=O)N([*])C,5.34e-05,-4.272458742971444,2,-4.3603258202912505
26785,CCC(NC(=O)C(C)O*)C(C)OC(=O)*,CCC(NC(=O)C(C)O[*])C(C)OC(=O)[*],[*]NC(=O)C(C)OC(=O)OC(C)C([*])CC,3.04e-05,-4.517126416391246,3,-4.450680693913156
26786,CC(CCO*)NC(=O)CCCNC(=O)*,CC(CCO[*])NC(=O)CCCNC(=O)[*],[*]CCOC(=O)NCCCC(=O)NC([*])C,5.93e-05,-4.226945306635737,3,-4.140314112688992
26787,COCC(CNC(C)CC(C)O*)OC(=O)*,COCC(CNC(C)CC(C)O[*])OC(=O)[*],[*]CNC(C)CC(C)OC(=O)OC([*])COC,8.77e-05,-4.05700040663396,1,-4.160135226454034
26788,CCC(CO*)(COC(=O)*)NC(=O)OC,CCC(CO[*])(COC(=O)[*])NC(=O)OC,[*]COC(=O)OCC([*])(CC)NC(=O)OC,1.96e-05,-4.707743928643524,1,-4.437914834780411
26789,O=C(*)NCCCC(CCCN*)C(F)(F)F,O=C([*])NCCCC(CCCN[*])C(F)(F)F,[*]NCCCC(CCCNC([*])=O)C(F)(F)F,4.52e-05,-4.3448615651886175,1,-4.278919605100282
26790,CC(NC(=O)*)C(C)O*,CC(NC(=O)[*])C(C)O[*],[*]NC(=O)OC(C)C([*])C,2.79e-05,-4.554395796726403,2,-4.40014176540357
26791,C=CC(CNC(C)(C)C(C)(C)OC(=O)*)O*,C=CC(CNC(C)(C)C(C)(C)OC(=O)[*])O[*],[*]CNC(C)(C)C(C)(C)OC(=O)OC([*])C=C,9.97e-05,-4.001304841688344,3,-4.493823895241883
26792,CCC(=O)NC(CC)(CO*)COC(=O)*,CCC(=O)NC(CC)(CO[*])COC(=O)[*],[*]COC(=O)OCC([*])(CC)NC(=O)CC,3.22e-05,-4.492144128304169,2,-4.403711951293834
26793,CC(CCOC(=O)*)NC(=O)C(N*)C(C)C,CC(CCOC(=O)[*])NC(=O)C(N[*])C(C)C,[*]CCOC(=O)NC(C(=O)NC([*])C)C(C)C,4.2e-05,-4.376750709602099,0,-4.359610349047465
26794,O=C(*)NCCCNCCCN*,O=C([*])NCCCNCCCN[*],[*]NCCCNCCCNC([*])=O,7.25e-05,-4.139661993429006,2,-4.003289844574326
26795,COCC(CCNC(C)C(C)O*)OC(=O)*,COCC(CCNC(C)C(C)O[*])OC(=O)[*],[*]CCNC(C)C(C)OC(=O)OC([*])COC,8.84e-05,-4.053547734986927,0,-4.229783262164215
26796,CC(C)C(CNC(=O)*)N*,CC(C)C(CNC(=O)[*])N[*],[*]CNC(=O)NC([*])C(C)C,3.32e-05,-4.478861916295964,0,-4.325594959991366
26797,CC(O*)C(=O)OCCCCOC(=O)*,CC(O[*])C(=O)OCCCCOC(=O)[*],[*]OC(=O)OCCCCOC(=O)C([*])C,9.94e-05,-4.002613615602686,0,-4.249380123076088
26798,C=CCCCCC(CNC(=O)*)O*,C=CCCCCC(CNC(=O)[*])O[*],[*]CNC(=O)OC([*])CCCCC=C,6.97e-05,-4.15676722190199,0,-4.20597918550982
26799,CC(O*)C(=O)OCCCOC(=O)*,CC(O[*])C(=O)OCCCOC(=O)[*],[*]OC(=O)OCCCOC(=O)C([*])C,6.54e-05,-4.184422251675732,1,-4.223753083750598
26800,CC(C)(C#CC#CC(C)(C)OC(=O)*)O*,CC(C)(C#CC#CC(C)(C)OC(=O)[*])O[*],[*]C#CC#CC(C)(C)OC(=O)OC([*])(C)C,1.02e-05,-4.991399828238082,0,-4.645806765605073
26801,CCNC(=O)NC(CC)(CO*)COC(=O)*,CCNC(=O)NC(CC)(CO[*])COC(=O)[*],[*]COC(=O)OCC([*])(CC)NC(=O)NCC,5.39e-05,-4.268411234813262,0,-4.445161681065393
26802,CC(CC(=O)NC(C)(C)CNC(=O)*)N*,CC(CC(=O)NC(C)(C)CNC(=O)[*])N[*],[*]CC(=O)NC(C)(C)CNC(=O)NC([*])C,1.79e-05,-4.747146969020107,2,-4.3208316521003205
26803,CCN(CCOC(=O)*)C(=O)C(N*)C(C)C,CCN(CCOC(=O)[*])C(=O)C(N[*])C(C)C,[*]CCOC(=O)NC(C(=O)N([*])CC)C(C)C,2.63e-05,-4.580044251510242,3,-4.46983130706025
26804,CC(C)(CNC(=O)*)C(=O)NCCCCN*,CC(C)(CNC(=O)[*])C(=O)NCCCCN[*],[*]CNC(=O)NCCCCNC(=O)C([*])(C)C,4.85e-05,-4.314258261397736,2,-4.20129139002955
26805,CC(COC(=O)*)CSCCCCO*,CC(COC(=O)[*])CSCCCCO[*],[*]COC(=O)OCCCCSCC([*])C,0.000148,-3.8297382846050425,0,-4.028559210975984
26806,CCC(CCNCC(COC)OC(=O)*)O*,CCC(CCNCC(COC)OC(=O)[*])O[*],[*]CCNCC(COC)OC(=O)OC([*])CC,8.76e-05,-4.057495893831919,2,-4.08273026299708
26807,CC(C)(COC(=O)*)NC(=O)C(C)(C)N*,CC(C)(COC(=O)[*])NC(=O)C(C)(C)N[*],[*]COC(=O)NC(C)(C)C(=O)NC([*])(C)C,5.31e-05,-4.274905478918531,3,-4.279789616083789
26808,CCCC(O*)C(C)C(CC)OC(=O)*,CCCC(O[*])C(C)C(CC)OC(=O)[*],[*]OC(=O)OC(CC)C(C)C([*])CCC,2.28e-05,-4.642065152999546,0,-4.6588243756586625
26809,CC(C)C(NC(=O)*)C(=O)NCC(C)(C)N*,CC(C)C(NC(=O)[*])C(=O)NCC(C)(C)N[*],[*]NC(=O)NC(C)(C)CNC(=O)C([*])C(C)C,4.67e-05,-4.330683119433888,3,-4.562446721003973
26810,CCCCC(O*)C(CCC)COC(=O)*,CCCCC(O[*])C(CCC)COC(=O)[*],[*]OC(=O)OCC(CCC)C([*])CCCC,1.47e-05,-4.832682665251824,1,-4.540087828497219
26811,CN(CCO*)C(=O)C(C)(C)NC(=O)*,CN(CCO[*])C(=O)C(C)(C)NC(=O)[*],[*]CCOC(=O)NC(C)(C)C(=O)N([*])C,1.84e-05,-4.735182176990463,1,-4.432243545979884
26812,CC(C)(CNC(=O)*)O*,CC(C)(CNC(=O)[*])O[*],[*]CNC(=O)OC([*])(C)C,4.11e-05,-4.386158178123931,3,-4.4478196664504
26813,CC(C)(C#CC(C)(C)OC(=O)*)O*,CC(C)(C#CC(C)(C)OC(=O)[*])O[*],[*]C#CC(C)(C)OC(=O)OC([*])(C)C,3.32e-05,-4.478861916295964,2,-4.5204813779726365
26814,CC(C)(C)C(CNCCO*)OC(=O)*,CC(C)(C)C(CNCCO[*])OC(=O)[*],[*]CNCCOC(=O)OC([*])C(C)(C)C,4.64e-05,-4.333482019445119,2,-4.277278269499414
26815,CCCCC(F)(F)C(CO*)OC(=O)*,CCCCC(F)(F)C(CO[*])OC(=O)[*],[*]COC(=O)OC([*])C(F)(F)CCCC,2.64e-05,-4.578396073130169,3,-4.511659453404155
26816,CC(C)N(C(=O)C(CNC(=O)*)N*)C(C)C,CC(C)N(C(=O)C(CNC(=O)[*])N[*])C(C)C,[*]CNC(=O)NC([*])C(=O)N(C(C)C)C(C)C,3.14e-05,-4.503070351926785,1,-4.606633482814292
26817,CC(C)=CCNC(CO*)COC(=O)*,CC(C)=CCNC(CO[*])COC(=O)[*],[*]COC(=O)OCC([*])NCC=C(C)C,6.45e-05,-4.1904402853647325,1,-4.384314929567921
26818,CC(C)(CN*)C(=O)NCCCOC(=O)*,CC(C)(CN[*])C(=O)NCCCOC(=O)[*],[*]CNC(=O)OCCCNC(=O)C([*])(C)C,4.72e-05,-4.3260580013659125,3,-4.218124907686788
26819,C=CCC(CO*)CC(COC)OC(=O)*,C=CCC(CO[*])CC(COC)OC(=O)[*],[*]COC(=O)OC(COC)CC([*])CC=C,6.65e-05,-4.177178354696896,1,-4.101950467857192
26820,CC(NC(=O)*)C(=O)N(C)CCCO*,CC(NC(=O)[*])C(=O)N(C)CCCO[*],[*]NC(=O)OCCCN(C)C(=O)C([*])C,3.77e-05,-4.423658649794207,0,-4.376273389317302
26821,CC(CCN(C)C(=O)C(C)N*)OC(=O)*,CC(CCN(C)C(=O)C(C)N[*])OC(=O)[*],[*]CCN(C)C(=O)C(C)NC(=O)OC([*])C,1.7e-05,-4.769551078621726,3,-4.404874154176199
26822,O=C(COC(=O)*)NCC(O*)C(F)(F)F,O=C(COC(=O)[*])NCC(O[*])C(F)(F)F,[*]COC(=O)OC(CNC([*])=O)C(F)(F)F,5.28e-05,-4.277366077466188,2,-4.213319963625188
26823,CC(C)(OC(=O)*)C(=O)NCC(F)(F)CO*,CC(C)(OC(=O)[*])C(=O)NCC(F)(F)CO[*],[*]OC(=O)OCC(F)(F)CNC(=O)C([*])(C)C,3.62e-05,-4.441291429466834,3,-4.307963123322578
26824,CC(CNC(=O)*)NC(=O)CC(C)(C)N*,CC(CNC(=O)[*])NC(=O)CC(C)(C)N[*],[*]CNC(=O)NC(C)(C)CC(=O)NC([*])C,6.99e-05,-4.155522824254319,0,-4.289553603794158
26825,C=CCCC(CNC(C)CCO*)OC(=O)*,C=CCCC(CNC(C)CCO[*])OC(=O)[*],[*]CNC(C)CCOC(=O)OC([*])CCC=C,0.00012,-3.9208187539523753,0,-4.046065036462507
26826,CC(C)CC(C)(CN*)NC(=O)CNC(=O)*,CC(C)CC(C)(CN[*])NC(=O)CNC(=O)[*],[*]CNC(=O)NCC(=O)NC([*])(C)CC(C)C,3.44e-05,-4.46344155742847,3,-4.423686588808909
26827,CC(CCO*)NC(=O)C(C)C(C)NC(=O)*,CC(CCO[*])NC(=O)C(C)C(C)NC(=O)[*],[*]CCOC(=O)NC(C)C(C)C(=O)NC([*])C,3.16e-05,-4.5003129173815966,2,-4.447030730901526
26828,CC(CNC(=O)C(C)OC(=O)*)CO*,CC(CNC(=O)C(C)OC(=O)[*])CO[*],[*]CNC(=O)C(C)OC(=O)OCC([*])C,6.2e-05,-4.207608310501746,0,-4.266491973159865
26829,C=CCC(C)(CO*)COC(=O)*,C=CCC(C)(CO[*])COC(=O)[*],[*]COC(=O)OCC([*])(C)CC=C,2.8e-05,-4.552841968657781,0,-4.579535232211167
26830,CCCNC(=O)C(CCCNC(=O)*)N*,CCCNC(=O)C(CCCNC(=O)[*])N[*],[*]CCCNC(=O)NC([*])C(=O)NCCC,5.1e-05,-4.292429823902063,3,-4.250118671682153
26831,CC(CO*)C(OC(=O)*)C(C)(C)C,CC(CO[*])C(OC(=O)[*])C(C)(C)C,[*]COC(=O)OC(C([*])C)C(C)(C)C,2.03e-05,-4.692503962086787,1,-4.750219806801178
26832,COCC(CNC(C)CCO*)OC(=O)*,COCC(CNC(C)CCO[*])OC(=O)[*],[*]CNC(C)CCOC(=O)OC([*])COC,0.000129,-3.889410289700751,2,-4.0561704960186304
26833,COC(C)CN(CCO*)CCOC(=O)*,COC(C)CN(CCO[*])CCOC(=O)[*],[*]CCOC(=O)OCCN([*])CC(C)OC,8.16e-05,-4.088309841246139,2,-3.949763680633799
26834,CC(C)(CNC(=O)C(C)(C)NC(=O)*)N*,CC(C)(CNC(=O)C(C)(C)NC(=O)[*])N[*],[*]CNC(=O)C(C)(C)NC(=O)NC([*])(C)C,5.83e-05,-4.2343314452409855,2,-4.284866489328331
26835,NC(=S)NN=CC(CO*)OC(=O)*,NC(=S)NN=CC(CO[*])OC(=O)[*],[*]COC(=O)OC([*])C=NNC(N)=S,7.25e-05,-4.139661993429006,2,-4.3832602939730405
26836,CC(CCN(C)CCOC(=O)*)O*,CC(CCN(C)CCOC(=O)[*])O[*],[*]CCN(C)CCOC(=O)OC([*])C,5.16e-05,-4.287350298372789,2,-4.161485042992499
26837,CN(C)CCC(C)(CNC(=O)*)O*,CN(C)CCC(C)(CNC(=O)[*])O[*],[*]CNC(=O)OC([*])(C)CCN(C)C,4.9e-05,-4.309803919971486,2,-4.219210382657045
26838,COCC(CCNCC(C)OC(=O)*)O*,COCC(CCNCC(C)OC(=O)[*])O[*],[*]CCNCC(C)OC(=O)OC([*])COC,0.000121,-3.9172146296835497,0,-4.045810829816508
26839,CCC(N*)C(=O)N(C)CCCOC(=O)*,CCC(N[*])C(=O)N(C)CCCOC(=O)[*],[*]NC(=O)OCCCN(C)C(=O)C([*])CC,5.09e-05,-4.293282217663242,1,-4.401326190280201
26840,CC(CN*)CNC(=O)C(NC(=O)*)C(C)C,CC(CN[*])CNC(=O)C(NC(=O)[*])C(C)C,[*]CNC(=O)NC(C(=O)NCC([*])C)C(C)C,3.8e-05,-4.42021640338319,0,-4.284920832861234
26841,COCCN(CC(CO*)OC(=O)*)C(C)C,COCCN(CC(CO[*])OC(=O)[*])C(C)C,[*]COC(=O)OC([*])CN(CCOC)C(C)C,8.6e-05,-4.0655015487564325,1,-4.2140805055636195
26842,CCC(=O)NC(CO*)C(C)OC(=O)*,CCC(=O)NC(CO[*])C(C)OC(=O)[*],[*]COC(=O)OC(C)C([*])NC(=O)CC,8.04e-05,-4.094743951251549,1,-4.2742286746298825
26843,CCCCC(CC)(CO*)NC(=O)*,CCCCC(CC)(CO[*])NC(=O)[*],[*]COC(=O)NC([*])(CC)CCCC,3.92e-05,-4.406713932979542,0,-4.699516496112178
26844,COCCC(CO*)NCC(C)OC(=O)*,COCCC(CO[*])NCC(C)OC(=O)[*],[*]COC(=O)OC(C)CNC([*])CCOC,6.45e-05,-4.1904402853647325,2,-4.0767154815864926
26845,CCCC(C)(C#CC(C)(CCC)OC(=O)*)O*,CCCC(C)(C#CC(C)(CCC)OC(=O)[*])O[*],[*]C#CC(C)(CCC)OC(=O)OC([*])(C)CCC,3.59e-05,-4.444905551421681,3,-4.765810364290934
26846,COC(=O)C(N*)C(C)(C)NC(=O)*,COC(=O)C(N[*])C(C)(C)NC(=O)[*],[*]NC(=O)NC(C)(C)C([*])C(=O)OC,5.09e-05,-4.293282217663242,1,-4.325007366002683
26847,CCCCOC(=O)NC(CO*)COC(=O)*,CCCCOC(=O)NC(CO[*])COC(=O)[*],[*]COC(=O)OCC([*])NC(=O)OCCCC,3.08e-05,-4.511449283499556,2,-4.419653066471028
26848,CC(CCO*)NC(=O)C(C)(C)CNC(=O)*,CC(CCO[*])NC(=O)C(C)(C)CNC(=O)[*],[*]CCOC(=O)NCC(C)(C)C(=O)NC([*])C,5.25e-05,-4.279840696594043,1,-4.385603325406089
26849,CC(C)(C)CC(CNC(=O)CNC(=O)*)O*,CC(C)(C)CC(CNC(=O)CNC(=O)[*])O[*],[*]CNC(=O)CNC(=O)OC([*])CC(C)(C)C,3.3e-05,-4.481486060122113,2,-4.3619878655987305
26850,CC(C)C(CCO*)NC(=O)CCNC(=O)*,CC(C)C(CCO[*])NC(=O)CCNC(=O)[*],[*]CCOC(=O)NCCC(=O)NC([*])C(C)C,5.42e-05,-4.266000713461613,3,-4.349851429478957
26851,COCC(CCO*)NC(C)C(C)OC(=O)*,COCC(CCO[*])NC(C)C(C)OC(=O)[*],[*]CCOC(=O)OC(C)C(C)NC([*])COC,6.54e-05,-4.184422251675732,0,-4.257173420677195
26852,CCC(NC(=O)*)C(=O)N(C)CCC(C)O*,CCC(NC(=O)[*])C(=O)N(C)CCC(C)O[*],[*]NC(=O)OC(C)CCN(C)C(=O)C([*])CC,5.58e-05,-4.253365801062421,1,-4.314452122835579
26853,CC(CCO*)CNC(=O)*,CC(CCO[*])CNC(=O)[*],[*]CCOC(=O)NCC([*])C,6.08e-05,-4.216096420727265,1,-4.211522963782992
26854,CCCC(OC(=O)*)C(C)C(C)O*,CCCC(OC(=O)[*])C(C)C(C)O[*],[*]OC(=O)OC(C)C(C)C([*])CCC,6.92e-06,-5.1598939055432425,3,-4.61268354953504
26855,CCCC(CCO*)CNC(=O)CNC(=O)*,CCCC(CCO[*])CNC(=O)CNC(=O)[*],[*]CCOC(=O)NCC(=O)NCC([*])CCC,5.02e-05,-4.29929628285498,2,-4.272350158678202
26856,CCC(CCO*)NC(=O)COC(=O)*,CCC(CCO[*])NC(=O)COC(=O)[*],[*]CCOC(=O)OCC(=O)NC([*])CC,5.42e-05,-4.266000713461613,3,-4.208036287044627
26857,CC(CC(=O)NCC(F)(F)CN*)NC(=O)*,CC(CC(=O)NCC(F)(F)CN[*])NC(=O)[*],[*]CC(=O)NCC(F)(F)CNC(=O)NC([*])C,4.46e-05,-4.350665141287858,3,-4.337040713533788
26858,CCN(CCOC)CC(COC(=O)*)O*,CCN(CCOC)CC(COC(=O)[*])O[*],[*]COC(=O)OC([*])CN(CC)CCOC,0.0001,-4.0,3,-3.9811162113086827
26859,CC(CN(C)C(=O)C(C)OC(=O)*)O*,CC(CN(C)C(=O)C(C)OC(=O)[*])O[*],[*]CN(C)C(=O)C(C)OC(=O)OC([*])C,4.82e-05,-4.31695296176115,3,-4.395066198547398
26860,CC(C)(CNC(=O)C(C)(C)OC(=O)*)O*,CC(C)(CNC(=O)C(C)(C)OC(=O)[*])O[*],[*]CNC(=O)C(C)(C)OC(=O)OC([*])(C)C,4.56e-05,-4.341035157335565,1,-4.296784863131839
26861,CC(CCCN*)NC(=O)CNC(=O)*,CC(CCCN[*])NC(=O)CNC(=O)[*],[*]CCCNC(=O)NCC(=O)NC([*])C,7.08e-05,-4.149966742310231,3,-4.108803329550374
26862,COCC(CO*)NC(C)C(C)OC(=O)*,COCC(CO[*])NC(C)C(C)OC(=O)[*],[*]COC(=O)OC(C)C(C)NC([*])COC,5.6e-05,-4.251811972993799,0,-4.2357002694783565
26863,CC(O*)C(=O)NCC(COC(=O)*)C(C)C,CC(O[*])C(=O)NCC(COC(=O)[*])C(C)C,[*]OC(=O)OCC(CNC(=O)C([*])C)C(C)C,4.59e-05,-4.338187314462739,1,-4.40076637055971
26864,CCCCCCCCC(CO*)COC(=O)*,CCCCCCCCC(CO[*])COC(=O)[*],[*]COC(=O)OCC([*])CCCCCCCC,3.17e-05,-4.498940737782249,2,-4.514898540977849
26865,CCCCCCCCC(CNC(=O)*)O*,CCCCCCCCC(CNC(=O)[*])O[*],[*]CNC(=O)OC([*])CCCCCCCC,3.91e-05,-4.407823242604133,1,-4.405401545194848
26866,C#CC(C)(O*)C(CC)OC(=O)*,C#CC(C)(O[*])C(CC)OC(=O)[*],[*]OC(=O)OC(CC)C([*])(C)C#C,6.09e-05,-4.215382707367125,0,-4.584566410421316
26867,CCN(CC)C(=O)C(CCCN*)NC(=O)*,CCN(CC)C(=O)C(CCCN[*])NC(=O)[*],[*]CCCNC(=O)NC([*])C(=O)N(CC)CC,2.85e-05,-4.54515513999149,3,-4.287600714911923
26868,CC(CCO*)NC(C)COC(=O)*,CC(CCO[*])NC(C)COC(=O)[*],[*]CCOC(=O)OCC(C)NC([*])C,9.7e-05,-4.013228265733755,1,-4.125351690348797
26869,CCCC(CNC(=O)CCN*)OC(=O)*,CCCC(CNC(=O)CCN[*])OC(=O)[*],[*]CNC(=O)CCNC(=O)OC([*])CCC,6.28e-05,-4.202040356262804,3,-4.314697024035971
26870,CC(=O)COC(=O)C(C)(CO*)COC(=O)*,CC(=O)COC(=O)C(C)(CO[*])COC(=O)[*],[*]COC(=O)OCC([*])(C)C(=O)OCC(C)=O,5.9e-05,-4.229147988357856,3,-4.4726780951122445
26871,CCC(N*)C(=O)N(C)CCCNC(=O)*,CCC(N[*])C(=O)N(C)CCCNC(=O)[*],[*]NC(=O)NCCCN(C)C(=O)C([*])CC,4.77e-05,-4.321481620959886,0,-4.383017607479833
26872,CCCC(CCC)(CO*)COC(=O)*,CCCC(CCC)(CO[*])COC(=O)[*],[*]COC(=O)OCC([*])(CCC)CCC,1.42e-05,-4.847711655616943,3,-4.7125443010415315
26873,O=C(*)OC(CN*)COC(F)(F)C(F)F,O=C([*])OC(CN[*])COC(F)(F)C(F)F,[*]NCC(COC(F)(F)C(F)F)OC([*])=O,5.31e-05,-4.274905478918531,0,-4.288947040163894
26874,CC(C)(CCNC(=O)CO*)OC(=O)*,CC(C)(CCNC(=O)CO[*])OC(=O)[*],[*]CCNC(=O)COC(=O)OC([*])(C)C,3.34e-05,-4.476253533188435,0,-4.338726880939782
26875,COCC(C)(C)NCC(CO*)OC(=O)*,COCC(C)(C)NCC(CO[*])OC(=O)[*],[*]COC(=O)OC([*])CNC(C)(C)COC,5.97e-05,-4.224025668870631,0,-4.232365786318585
26876,C#CCN(CC(OC(=O)*)C(C)O*)C(C)C,C#CCN(CC(OC(=O)[*])C(C)O[*])C(C)C,[*]OC(=O)OC(C)C([*])CN(CC#C)C(C)C,5.25e-05,-4.279840696594043,3,-4.477869188986882
26877,CCCN(CCO*)C(=O)C(C)OC(=O)*,CCCN(CCO[*])C(=O)C(C)OC(=O)[*],[*]CCOC(=O)OC(C)C(=O)N([*])CCC,6.16e-05,-4.210419287835575,1,-4.435865310822462
26878,CC(C)CC(CNC(=O)C(C)NC(=O)*)O*,CC(C)CC(CNC(=O)C(C)NC(=O)[*])O[*],[*]CNC(=O)C(C)NC(=O)OC([*])CC(C)C,4.67e-05,-4.330683119433888,2,-4.442336897665045
26879,COC(C)(C)CNCC(COC(=O)*)O*,COC(C)(C)CNCC(COC(=O)[*])O[*],[*]COC(=O)OC([*])CNCC(C)(C)OC,9.19e-05,-4.036684488613889,2,-4.1961068833810655
26880,CC(F)(F)C(=O)NC(CO*)COC(=O)*,CC(F)(F)C(=O)NC(CO[*])COC(=O)[*],[*]COC(=O)OCC([*])NC(=O)C(C)(F)F,6.63e-05,-4.178486471595227,1,-4.205677749092468
26881,CC(C)COCC(CNCCNC(=O)*)O*,CC(C)COCC(CNCCNC(=O)[*])O[*],[*]CNCCNC(=O)OC([*])COCC(C)C,0.000124,-3.906578314837765,3,-4.0948150883234335
26882,CC(OC(=O)*)C(=O)NCCC(C)(C)O*,CC(OC(=O)[*])C(=O)NCCC(C)(C)O[*],[*]OC(=O)OC(C)(C)CCNC(=O)C([*])C,5.59e-05,-4.252588192113577,1,-4.350608993729962
26883,CC(C)(CCC(=O)NCCOC(=O)*)O*,CC(C)(CCC(=O)NCCOC(=O)[*])O[*],[*]CCC(=O)NCCOC(=O)OC([*])(C)C,7.15e-05,-4.145693958198919,0,-4.244041583288579
26884,CCC(N*)C(=O)NCC(C)CNC(=O)*,CCC(N[*])C(=O)NCC(C)CNC(=O)[*],[*]NC(=O)NCC(C)CNC(=O)C([*])CC,6.12e-05,-4.213248577854439,3,-4.383074223475813
26885,CC(CCN(C)C(=O)C(C)(C)NC(=O)*)O*,CC(CCN(C)C(=O)C(C)(C)NC(=O)[*])O[*],[*]CCN(C)C(=O)C(C)(C)NC(=O)OC([*])C,3.79e-05,-4.421360790031928,2,-4.359190021218222
26886,CC(N*)C(=O)NC(C)(C)C(C)(C)OC(=O)*,CC(N[*])C(=O)NC(C)(C)C(C)(C)OC(=O)[*],[*]NC(=O)OC(C)(C)C(C)(C)NC(=O)C([*])C,2.9e-05,-4.537602002101044,3,-4.4288051133165265
26887,CC(N*)C(C)C(=O)N(C)CCCOC(=O)*,CC(N[*])C(C)C(=O)N(C)CCCOC(=O)[*],[*]NC(=O)OCCCN(C)C(=O)C(C)C([*])C,2.53e-05,-4.596879478824183,1,-4.408606417168419
26888,CCOC(=O)C(CCCCN*)NC(=O)*,CCOC(=O)C(CCCCN[*])NC(=O)[*],[*]CCCCNC(=O)NC([*])C(=O)OCC,5.43e-05,-4.265200170411153,0,-4.194631197806234
26889,CSCSCC(CO*)NC(=O)*,CSCSCC(CO[*])NC(=O)[*],[*]COC(=O)NC([*])CSCSC,9.01e-05,-4.045275209020937,0,-4.261430837753255
26890,CCCCC(CC)(COC(=O)*)O*,CCCCC(CC)(COC(=O)[*])O[*],[*]COC(=O)OC([*])(CC)CCCC,2.8e-05,-4.552841968657781,1,-4.573078132750007
26891,CC(C)C(OC(=O)*)C(=O)NCCN*,CC(C)C(OC(=O)[*])C(=O)NCCN[*],[*]OC(=O)NCCNC(=O)C([*])C(C)C,4.03e-05,-4.394694953858891,2,-4.31118743255736
26892,CC(O*)C(C)SCCC(C)(C)OC(=O)*,CC(O[*])C(C)SCCC(C)(C)OC(=O)[*],[*]OC(=O)OC(C)(C)CCSC(C)C([*])C,2.28e-05,-4.642065152999546,1,-4.47613486285426
26893,CN(CC(COC(=O)*)O*)C(=O)C(C)(C)F,CN(CC(COC(=O)[*])O[*])C(=O)C(C)(C)F,[*]COC(=O)OC([*])CN(C)C(=O)C(C)(C)F,4.51e-05,-4.345823458122039,2,-4.390284477293201
26894,CC(C)C(NC(=O)*)C(=O)NC(C)(C)CO*,CC(C)C(NC(=O)[*])C(=O)NC(C)(C)CO[*],[*]NC(=O)OCC(C)(C)NC(=O)C([*])C(C)C,2.76e-05,-4.559090917934783,0,-4.519405847524021
26895,CC(C)CC(CNC(=O)CNC(=O)*)O*,CC(C)CC(CNC(=O)CNC(=O)[*])O[*],[*]CNC(=O)CNC(=O)OC([*])CC(C)C,4.12e-05,-4.3851027839668655,3,-4.39811016080288
26896,CCC(C)(C)NC(=O)C(NC(=O)*)C(C)O*,CCC(C)(C)NC(=O)C(NC(=O)[*])C(C)O[*],[*]NC(=O)OC(C)C([*])C(=O)NC(C)(C)CC,1.88e-05,-4.72584215073632,0,-4.504503254799259
26897,CCCC(C)(OC(=O)*)C(=O)N(C)CCO*,CCCC(C)(OC(=O)[*])C(=O)N(C)CCO[*],[*]OC(=O)OCCN(C)C(=O)C([*])(C)CCC,5.63e-05,-4.249491605148654,2,-4.487153288907781
26898,CN(CCO*)C(C)(C)COC(=O)*,CN(CCO[*])C(C)(C)COC(=O)[*],[*]CCOC(=O)OCC(C)(C)N([*])C,4.86e-05,-4.313363730737707,2,-4.345000699679128
26899,CC(=CCl)CSCC(COC(=O)*)O*,CC(=CCl)CSCC(COC(=O)[*])O[*],[*]COC(=O)OC([*])CSCC(C)=CCl,5.3e-05,-4.275724130399211,1,-4.214523743332242
26900,CC(CNC(=O)*)C(=O)N(C)CCCO*,CC(CNC(=O)[*])C(=O)N(C)CCCO[*],[*]CNC(=O)OCCCN(C)C(=O)C([*])C,5.49e-05,-4.260427655549908,0,-4.389607824295234
26901,CCCC(=O)NCC(C)(CO*)COC(=O)*,CCCC(=O)NCC(C)(CO[*])COC(=O)[*],[*]COC(=O)OCC([*])(C)CNC(=O)CCC,3.75e-05,-4.425968732272281,2,-4.625890681537596
26902,O=C(O)CC(CCCCCOC(=O)*)O*,O=C(O)CC(CCCCCOC(=O)[*])O[*],[*]CCCCCOC(=O)OC([*])CC(=O)O,2.14e-05,-4.669586226650809,2,-4.259576035784106
26903,CC(CN*)C(=O)NCCCCOC(=O)*,CC(CN[*])C(=O)NCCCCOC(=O)[*],[*]CNC(=O)OCCCCNC(=O)C([*])C,6.93e-05,-4.159266765388193,3,-4.1253634959744705
26904,COCC(CN(C)CCC(C)OC(=O)*)O*,COCC(CN(C)CCC(C)OC(=O)[*])O[*],[*]CN(C)CCC(C)OC(=O)OC([*])COC,7.73e-05,-4.111820506081675,0,-4.076637342578428
26905,CCCN(C)CC(CO*)OC(=O)*,CCCN(C)CC(CO[*])OC(=O)[*],[*]COC(=O)OC([*])CN(C)CCC,3.45e-05,-4.462180904926726,1,-4.310939081248933
26906,CCC(CCC(CC)OC(=O)*)O*,CCC(CCC(CC)OC(=O)[*])O[*],[*]CCC(CC)OC(=O)OC([*])CC,7.19e-05,-4.1432711096171175,0,-4.510004465547369
26907,CC(CCN*)NC(=O)C(C)C(C)NC(=O)*,CC(CCN[*])NC(=O)C(C)C(C)NC(=O)[*],[*]CCNC(=O)NC(C)C(C)C(=O)NC([*])C,4.74e-05,-4.324221658325915,0,-4.517747101394932
26908,CCC(N*)C(=O)NC(C)CCNC(=O)*,CCC(N[*])C(=O)NC(C)CCNC(=O)[*],[*]NC(=O)NCCC(C)NC(=O)C([*])CC,5.3e-05,-4.275724130399211,0,-4.269546313056006
26909,CC(C)C(CNC(=O)COC(=O)*)O*,CC(C)C(CNC(=O)COC(=O)[*])O[*],[*]CNC(=O)COC(=O)OC([*])C(C)C,6.6e-05,-4.180456064458132,1,-4.348926962282886
26910,CCN(CCCO*)C(=O)C(C)(C)OC(=O)*,CCN(CCCO[*])C(=O)C(C)(C)OC(=O)[*],[*]CCCOC(=O)OC(C)(C)C(=O)N([*])CC,3.79e-05,-4.421360790031928,2,-4.44155472115671
26911,CCCCCCC(COC(=O)*)O*,CCCCCCC(COC(=O)[*])O[*],[*]COC(=O)OC([*])CCCCCC,3.23e-05,-4.490797477668897,3,-4.41565752185605
26912,CC(C)C(C#CC(OC(=O)*)C(C)C)O*,CC(C)C(C#CC(OC(=O)[*])C(C)C)O[*],[*]C#CC(OC(=O)OC([*])C(C)C)C(C)C,2.06e-05,-4.686132779630847,0,-4.503659657854286
26913,CCC(CC)(CN*)C(=O)NCCNC(=O)*,CCC(CC)(CN[*])C(=O)NCCNC(=O)[*],[*]CNC(=O)NCCNC(=O)C([*])(CC)CC,2.56e-05,-4.591760034688151,3,-4.380928298472258
26914,CC(CNC(=O)C(C)(C)NC(=O)*)N*,CC(CNC(=O)C(C)(C)NC(=O)[*])N[*],[*]CNC(=O)C(C)(C)NC(=O)NC([*])C,4.46e-05,-4.350665141287858,1,-4.2484732838729204
26915,CC(NC(=O)*)C(=O)NCCCCO*,CC(NC(=O)[*])C(=O)NCCCCO[*],[*]NC(=O)OCCCCNC(=O)C([*])C,4.9e-05,-4.309803919971486,3,-4.290869138317878
26916,CN(CCF)CC(C)(CO*)COC(=O)*,CN(CCF)CC(C)(CO[*])COC(=O)[*],[*]COC(=O)OCC([*])(C)CN(C)CCF,2.84e-05,-4.546681659952962,1,-4.466529344400008
26917,COCCC(C)N(CCO*)CCOC(=O)*,COCCC(C)N(CCO[*])CCOC(=O)[*],[*]CCOC(=O)OCCN([*])C(C)CCOC,0.000119,-3.924453038607469,3,-4.063512336341401
26918,CC(C)(CCNC(=O)NCCO*)OC(=O)*,CC(C)(CCNC(=O)NCCO[*])OC(=O)[*],[*]CCNC(=O)NCCOC(=O)OC([*])(C)C,5.24e-05,-4.280668713016273,3,-4.234992576495202
26919,CCCCCCC(NC(=O)*)C(C)O*,CCCCCCC(NC(=O)[*])C(C)O[*],[*]NC(=O)OC(C)C([*])CCCCCC,4.06e-05,-4.391473966422806,0,-4.547500920538884
26920,CN(CCCO*)C(=O)CC(C)(C)OC(=O)*,CN(CCCO[*])C(=O)CC(C)(C)OC(=O)[*],[*]CCCOC(=O)OC(C)(C)CC(=O)N([*])C,2.31e-05,-4.636388020107856,1,-4.41137222421163
26921,CCC(NC(=O)*)C(=O)NCCCCO*,CCC(NC(=O)[*])C(=O)NCCCCO[*],[*]NC(=O)OCCCCNC(=O)C([*])CC,4.44e-05,-4.35261702988538,0,-4.149203388142347
26922,CC(C)(CC(=O)NCCOC(=O)*)O*,CC(C)(CC(=O)NCCOC(=O)[*])O[*],[*]CC(=O)NCCOC(=O)OC([*])(C)C,5.16e-05,-4.287350298372789,2,-4.204591694321925
26923,COCCC(C)(CNCC(C)OC(=O)*)O*,COCCC(C)(CNCC(C)OC(=O)[*])O[*],[*]CNCC(C)OC(=O)OC([*])(C)CCOC,7.53e-05,-4.123205023799299,1,-4.280659341701484
26924,CN(CCOC(=O)*)C(=O)C(CC(F)F)N*,CN(CCOC(=O)[*])C(=O)C(CC(F)F)N[*],[*]CCOC(=O)NC(CC(F)F)C(=O)N([*])C,3.89e-05,-4.410050398674293,2,-4.388209918037804
26925,COCC(C)(C)CNCC(CO*)OC(=O)*,COCC(C)(C)CNCC(CO[*])OC(=O)[*],[*]COC(=O)OC([*])CNCC(C)(C)COC,8.44e-05,-4.073657553374345,0,-4.260928567977884
26926,CC(CC(=O)N(C)C(C)CNC(=O)*)N*,CC(CC(=O)N(C)C(C)CNC(=O)[*])N[*],[*]CC(=O)N(C)C(C)CNC(=O)NC([*])C,4.64e-05,-4.333482019445119,3,-4.44168044422663
26927,CC(CO*)(COC(=O)*)C(=O)OCCCF,CC(CO[*])(COC(=O)[*])C(=O)OCCCF,[*]COC(=O)OCC([*])(C)C(=O)OCCCF,1.99e-05,-4.701146923590294,3,-4.444439607054467
26928,CCC(CCNC(=O)C(C)CN*)OC(=O)*,CCC(CCNC(=O)C(C)CN[*])OC(=O)[*],[*]CCNC(=O)C(C)CNC(=O)OC([*])CC,2.87e-05,-4.542118103266008,3,-4.24108456110783
26929,CC(CC(=O)NCCC(C)NC(=O)*)N*,CC(CC(=O)NCCC(C)NC(=O)[*])N[*],[*]CCNC(=O)CC(C)NC(=O)NC([*])C,5.15e-05,-4.288192770958809,0,-4.305203843032982
26930,CC(OC(=O)*)C(C)S(=O)(=O)CCO*,CC(OC(=O)[*])C(C)S(=O)(=O)CCO[*],[*]OC(=O)OCCS(=O)(=O)C(C)C([*])C,5.2e-05,-4.2839966563652006,2,-4.304099944734597
26931,CC(C)N(C)C(=O)C(CO*)NC(=O)*,CC(C)N(C)C(=O)C(CO[*])NC(=O)[*],[*]COC(=O)NC([*])C(=O)N(C)C(C)C,3.72e-05,-4.429457060118103,3,-4.505364592801261
26932,CCC(CCOC(=O)*)NC(=O)C(C)O*,CCC(CCOC(=O)[*])NC(=O)C(C)O[*],[*]CCOC(=O)OC(C)C(=O)NC([*])CC,5.8e-05,-4.236572006437063,3,-4.336580629246132
26933,CC(C)(C)CC(C)(COC(=O)*)O*,CC(C)(C)CC(C)(COC(=O)[*])O[*],[*]COC(=O)OC([*])(C)CC(C)(C)C,1.28e-05,-4.892790030352131,2,-4.543157444137128
26934,C=CCCC(CN(C)C(C)CNC(=O)*)O*,C=CCCC(CN(C)C(C)CNC(=O)[*])O[*],[*]CN(C)C(C)CNC(=O)OC([*])CCC=C,4.31e-05,-4.3655227298392685,3,-4.243415262774146
26935,CC(C)C(O*)C(=O)N(C)CCCOC(=O)*,CC(C)C(O[*])C(=O)N(C)CCCOC(=O)[*],[*]OC(=O)OCCCN(C)C(=O)C([*])C(C)C,4.76e-05,-4.3223930472795065,1,-4.389630366310043
26936,CN(CCCCN*)CCNC(=O)*,CN(CCCCN[*])CCNC(=O)[*],[*]CCCCNC(=O)NCCN([*])C,8.3e-05,-4.080921907623926,2,-3.9182046942230477
26937,CC(C)CN(C)C(=O)C(COC(=O)*)N*,CC(C)CN(C)C(=O)C(COC(=O)[*])N[*],[*]COC(=O)NC([*])C(=O)N(C)CC(C)C,3.56e-05,-4.448550002027125,1,-4.534484217653112
26938,O=C(*)OCC(Cl)(Cl)CO*,O=C([*])OCC(Cl)(Cl)CO[*],[*]OCC(Cl)(Cl)COC([*])=O,3.52e-05,-4.453457336521869,3,-4.270337925812521
26939,CC(CCN(C)C(=O)C(C)CNC(=O)*)O*,CC(CCN(C)C(=O)C(C)CNC(=O)[*])O[*],[*]CCN(C)C(=O)C(C)CNC(=O)OC([*])C,2.71e-05,-4.567030709125595,0,-4.432298705781466
26940,CCC(CC)C(CNC(=O)CN*)OC(=O)*,CCC(CC)C(CNC(=O)CN[*])OC(=O)[*],[*]CNC(=O)CNC(=O)OC([*])C(CC)CC,5.88e-05,-4.230622673923862,1,-4.475268457145477
26941,CC(CNC(=O)CO*)CC(C)OC(=O)*,CC(CNC(=O)CO[*])CC(C)OC(=O)[*],[*]CNC(=O)COC(=O)OC(C)CC([*])C,4.98e-05,-4.302770657240282,3,-4.267523052807094
26942,CCCN(CCOC(=O)*)C(=O)C(C)(C)O*,CCCN(CCOC(=O)[*])C(=O)C(C)(C)O[*],[*]CCOC(=O)OC(C)(C)C(=O)N([*])CCC,3.65e-05,-4.437707135543525,3,-4.407070584006281
26943,CC(CCCNC(=O)CO*)OC(=O)*,CC(CCCNC(=O)CO[*])OC(=O)[*],[*]CCCNC(=O)COC(=O)OC([*])C,9.05e-05,-4.043351420794797,2,-4.2606307861199015
26944,N=C(NCCNC(=O)*)C(N)=NCCN*,N=C(NCCNC(=O)[*])C(N)=NCCN[*],[*]NCCNC(=O)NCCN=C(N)C([*])=N,5.44e-05,-4.2644011003018205,1,-4.064691812274723
26945,CCC(CCC(F)(F)F)(CN*)OC(=O)*,CCC(CCC(F)(F)F)(CN[*])OC(=O)[*],[*]CNC(=O)OC([*])(CC)CCC(F)(F)F,3.3e-05,-4.481486060122113,3,-4.574702450997225
26946,CCC(O*)C(=O)OCCCOC(=O)*,CCC(O[*])C(=O)OCCCOC(=O)[*],[*]OC(=O)OCCCOC(=O)C([*])CC,7.8e-05,-4.107905397309519,1,-4.316223165160835
26947,C#CCOC(=O)C(NC(=O)*)C(C)O*,C#CCOC(=O)C(NC(=O)[*])C(C)O[*],[*]NC(=O)OC(C)C([*])C(=O)OCC#C,2.98e-05,-4.525783735923745,3,-4.395402170407343
26948,CC(C)(NC(=O)COC(=O)*)C(C)(C)O*,CC(C)(NC(=O)COC(=O)[*])C(C)(C)O[*],[*]NC(=O)COC(=O)OC(C)(C)C([*])(C)C,6.72e-05,-4.172630726946175,0,-4.4396774531876035
26949,CC(C)C(=O)NCC(CNC(=O)*)O*,CC(C)C(=O)NCC(CNC(=O)[*])O[*],[*]CNC(=O)OC([*])CNC(=O)C(C)C,8.63e-05,-4.06398920428479,1,-4.403732214546707
26950,CCCOC(=O)NC(C)(CO*)COC(=O)*,CCCOC(=O)NC(C)(CO[*])COC(=O)[*],[*]COC(=O)OCC([*])(C)NC(=O)OCCC,2.41e-05,-4.617982957425132,3,-4.425501222865554
26951,CC(C)(OC(=O)*)C(CCC(F)(F)F)N*,CC(C)(OC(=O)[*])C(CCC(F)(F)F)N[*],[*]OC(=O)NC(CCC(F)(F)F)C([*])(C)C,2.65e-05,-4.576754126063192,3,-4.515253640009489
26952,CC(C)C(O*)C(=O)N(C)C(C)COC(=O)*,CC(C)C(O[*])C(=O)N(C)C(C)COC(=O)[*],[*]OC(=O)OCC(C)N(C)C(=O)C([*])C(C)C,3.39e-05,-4.4698003017969175,1,-4.510849891163888
26953,CCCN(C)C(=O)C(CO*)NC(=O)*,CCCN(C)C(=O)C(CO[*])NC(=O)[*],[*]COC(=O)NC([*])C(=O)N(C)CCC,3.45e-05,-4.462180904926726,0,-4.486191289539812
26954,COCCC(COC(=O)*)NC(C)CCO*,COCCC(COC(=O)[*])NC(C)CCO[*],[*]COC(=O)OCCC(C)NC([*])CCOC,9.68e-05,-4.014124642691606,3,-3.972769510057676
26955,CC(CN*)CNC(=O)CCNC(=O)*,CC(CN[*])CNC(=O)CCNC(=O)[*],[*]CNC(=O)CCNC(=O)NCC([*])C,4.27e-05,-4.369572124974976,2,-4.154455758972087
26956,CCC(C)C(CNC(=O)COC(=O)*)O*,CCC(C)C(CNC(=O)COC(=O)[*])O[*],[*]CNC(=O)COC(=O)OC([*])C(C)CC,3.82e-05,-4.417936637088292,2,-4.376633297630542
26957,O=C(*)NCC(CN*)C(F)(F)F,O=C([*])NCC(CN[*])C(F)(F)F,[*]NCC(CNC([*])=O)C(F)(F)F,7.23e-05,-4.140861702705469,3,-4.403730217368679
26958,CC(OC(=O)*)C(=O)NCCCCO*,CC(OC(=O)[*])C(=O)NCCCCO[*],[*]OC(=O)OCCCCNC(=O)C([*])C,3.65e-05,-4.437707135543525,0,-4.229870838998684
26959,CC(OC(=O)*)C(=O)N(CCO*)CC(F)F,CC(OC(=O)[*])C(=O)N(CCO[*])CC(F)F,[*]OC(=O)OCCN(CC(F)F)C(=O)C([*])C,6.17e-05,-4.209714835966758,1,-4.243172725705118
26960,CCC(CNC(CCOC)COC(=O)*)O*,CCC(CNC(CCOC)COC(=O)[*])O[*],[*]CNC(CCOC)COC(=O)OC([*])CC,6.29e-05,-4.201349354554731,2,-4.165523483900979
26961,CCC(CNC(COC)CO*)OC(=O)*,CCC(CNC(COC)CO[*])OC(=O)[*],[*]CNC(COC)COC(=O)OC([*])CC,9.09e-05,-4.041436116778033,3,-4.071033294954229
26962,CCCC(C)(O*)C(=O)NOCCOC(=O)*,CCCC(C)(O[*])C(=O)NOCCOC(=O)[*],[*]OC(=O)OCCONC(=O)C([*])(C)CCC,4.18e-05,-4.3788237182249645,1,-4.3651245476252125
26963,CCOCC(CNCC(CC)OC(=O)*)O*,CCOCC(CNCC(CC)OC(=O)[*])O[*],[*]CNCC(CC)OC(=O)OC([*])COCC,7.42e-05,-4.129596094720973,1,-4.072938084580135
26964,CC(CN*)C(=O)NC(C)(C)CNC(=O)*,CC(CN[*])C(=O)NC(C)(C)CNC(=O)[*],[*]CNC(=O)NCC(C)(C)NC(=O)C([*])C,3.77e-05,-4.423658649794207,2,-4.312051651944853
26965,CC(CCOC(=O)*)CNC(=O)C(C)O*,CC(CCOC(=O)[*])CNC(=O)C(C)O[*],[*]CCOC(=O)OC(C)C(=O)NCC([*])C,3.41e-05,-4.467245621007502,2,-4.298194601567623
26966,CC(CN*)NC(=O)CCCCCNC(=O)*,CC(CN[*])NC(=O)CCCCCNC(=O)[*],[*]CNC(=O)NCCCCCC(=O)NC([*])C,6.3e-05,-4.200659450546418,1,-4.162829839702997
26967,CC(COC(=O)*)NC(=O)C(O*)C(C)(C)C,CC(COC(=O)[*])NC(=O)C(O[*])C(C)(C)C,[*]COC(=O)OC(C(=O)NC([*])C)C(C)(C)C,7.49e-05,-4.125518182300533,2,-4.595992536746223
26968,CCN(CCCOC(=O)*)C(=O)C(C)O*,CCN(CCCOC(=O)[*])C(=O)C(C)O[*],[*]CCCOC(=O)OC(C)C(=O)N([*])CC,3.63e-05,-4.440093374963888,2,-4.2880883304790665
26969,CCC(CO*)N(C)CCOC(=O)*,CCC(CO[*])N(C)CCOC(=O)[*],[*]COC(=O)OCCN(C)C([*])CC,7.08e-05,-4.149966742310231,2,-4.165922790100089
26970,CC(N*)C(=O)NC(C)C(C)(C)OC(=O)*,CC(N[*])C(=O)NC(C)C(C)(C)OC(=O)[*],[*]NC(=O)OC(C)(C)C(C)NC(=O)C([*])C,3.93e-05,-4.405607449624573,0,-4.504703185469201
26971,O=C(*)NC(CO*)CC(F)(F)F,O=C([*])NC(CO[*])CC(F)(F)F,[*]NC(COC([*])=O)CC(F)(F)F,6.73e-05,-4.171984935776023,2,-4.50029414537574
26972,CSCC(CN(C)CCOC(=O)*)O*,CSCC(CN(C)CCOC(=O)[*])O[*],[*]CN(C)CCOC(=O)OC([*])CSC,7.31e-05,-4.13608262304214,0,-4.0532031371088255
26973,CN(CCCCCOC(=O)*)C(=O)CO*,CN(CCCCCOC(=O)[*])C(=O)CO[*],[*]CCCCCOC(=O)OCC(=O)N([*])C,0.00012,-3.9208187539523753,3,-4.307579240490124
26974,CN(CC(C)(C)OC(=O)*)C(=O)C(C)(C)O*,CN(CC(C)(C)OC(=O)[*])C(=O)C(C)(C)O[*],[*]CC(C)(C)OC(=O)OC(C)(C)C(=O)N([*])C,5.38e-05,-4.269217724333611,1,-4.5223920407538385
26975,CC(CN(C)C(=O)C(O*)C(C)C)OC(=O)*,CC(CN(C)C(=O)C(O[*])C(C)C)OC(=O)[*],[*]CN(C)C(=O)C(OC(=O)OC([*])C)C(C)C,1.59e-05,-4.798602875679548,3,-4.536542085258648
26976,CCC(CSC(C)CCO*)OC(=O)*,CCC(CSC(C)CCO[*])OC(=O)[*],[*]CSC(C)CCOC(=O)OC([*])CC,8.17e-05,-4.087777943467585,0,-4.102230675692296
26977,CC(C)(CN*)NC(=O)CCCNC(=O)*,CC(C)(CN[*])NC(=O)CCCNC(=O)[*],[*]CNC(=O)NCCCC(=O)NC([*])(C)C,6.53e-05,-4.185086818724926,3,-4.310499235918989
26978,CCC(NC(=O)*)C(=O)NCCC(C)N*,CCC(NC(=O)[*])C(=O)NCCC(C)N[*],[*]NC(=O)NC(C)CCNC(=O)C([*])CC,5.26e-05,-4.279014255846261,0,-4.276695703631108
26979,CC(CSCCO*)OC(=O)*,CC(CSCCO[*])OC(=O)[*],[*]CSCCOC(=O)OC([*])C,8.35e-05,-4.078313524516398,3,-3.929448627236919
26980,CCC(CC)(CCOC(=O)*)CN*,CCC(CC)(CCOC(=O)[*])CN[*],[*]CCOC(=O)NCC([*])(CC)CC,1.58e-05,-4.801342913045577,2,-4.526713163353363
26981,CC(C)=C(CO*)COC(=O)*,CC(C)=C(CO[*])COC(=O)[*],[*]COC(=O)OCC([*])=C(C)C,9.53e-05,-4.020907099361674,3,-4.359160951793573
26982,CC(CCCCNC(=O)*)NC(=O)CN*,CC(CCCCNC(=O)[*])NC(=O)CN[*],[*]CCCCNC(=O)NCC(=O)NC([*])C,7.98e-05,-4.09799710864927,1,-4.144884048417632
26983,CCC(C)C(NC(=O)*)C(=O)NC(C)CN*,CCC(C)C(NC(=O)[*])C(=O)NC(C)CN[*],[*]NC(=O)NCC(C)NC(=O)C([*])C(C)CC,2.1e-05,-4.6777807052660805,1,-4.387581739561148
26984,CN(C(=O)C(CO*)NC(=O)*)C(C)(C)C,CN(C(=O)C(CO[*])NC(=O)[*])C(C)(C)C,[*]COC(=O)NC([*])C(=O)N(C)C(C)(C)C,2.28e-05,-4.642065152999546,3,-4.614465277934324
26985,O=C(*)NCCSC(=O)SCCN*,O=C([*])NCCSC(=O)SCCN[*],[*]NCCSC(=O)SCCNC([*])=O,4.24e-05,-4.372634143407267,3,-4.220663740768861
26986,CC(CCSC(C)CCOC(=O)*)O*,CC(CCSC(C)CCOC(=O)[*])O[*],[*]CCSC(C)CCOC(=O)OC([*])C,8.16e-05,-4.088309841246139,2,-4.1539619318681185
26987,CC(CSCC(C)OC(=O)*)O*,CC(CSCC(C)OC(=O)[*])O[*],[*]CSCC(C)OC(=O)OC([*])C,6.39e-05,-4.1944991418416,3,-4.25824490222627
26988,CCC(OC(=O)*)C(C)CO*,CCC(OC(=O)[*])C(C)CO[*],[*]OC(=O)OCC(C)C([*])CC,3.04e-05,-4.517126416391246,3,-4.5267517241954955
26989,CCC(COC(=O)*)NC(=O)C(C)O*,CCC(COC(=O)[*])NC(=O)C(C)O[*],[*]COC(=O)OC(C)C(=O)NC([*])CC,3.63e-05,-4.440093374963888,1,-4.309100995241903
26990,CCC(CC)C(O*)C(C)C(C)OC(=O)*,CCC(CC)C(O[*])C(C)C(C)OC(=O)[*],[*]OC(=O)OC(C)C(C)C([*])C(CC)CC,2.35e-05,-4.628932137728264,2,-4.747565819470491
26991,CC(COC(=O)*)S(=O)(=O)CCCO*,CC(COC(=O)[*])S(=O)(=O)CCCO[*],[*]COC(=O)OCCCS(=O)(=O)C([*])C,6.69e-05,-4.174573882232177,0,-4.164101842773721
26992,CCCCCCCC(CO*)COC(=O)*,CCCCCCCC(CO[*])COC(=O)[*],[*]COC(=O)OCC([*])CCCCCCC,4e-05,-4.3979400086720375,2,-4.417957528386936
26993,CCCC(O*)C(CC)COC(=O)*,CCCC(O[*])C(CC)COC(=O)[*],[*]OC(=O)OCC(CC)C([*])CCC,1.83e-05,-4.73754891026957,0,-4.633783554977776
26994,CC(COC(=O)*)NC(=O)C(C)(O*)C(C)C,CC(COC(=O)[*])NC(=O)C(C)(O[*])C(C)C,[*]COC(=O)OC(C)(C(=O)NC([*])C)C(C)C,4.81e-05,-4.317854923626168,2,-4.562647660547677
26995,CC(CNC(=O)*)N(C)C(=O)CC(C)(C)N*,CC(CNC(=O)[*])N(C)C(=O)CC(C)(C)N[*],[*]CNC(=O)NC(C)(C)CC(=O)N(C)C([*])C,2.88e-05,-4.540607512240769,1,-4.4452628260279
26996,CCC(CO*)C(=O)N(CC)CCOC(=O)*,CCC(CO[*])C(=O)N(CC)CCOC(=O)[*],[*]COC(=O)OCCN(CC)C(=O)C([*])CC,3.62e-05,-4.441291429466834,0,-4.378828355004463
26997,O=C(*)NCC(CCC(F)(F)F)O*,O=C([*])NCC(CCC(F)(F)F)O[*],[*]NCC(CCC(F)(F)F)OC([*])=O,2.64e-05,-4.578396073130169,2,-4.2848230230408
26998,CCC(CC)(O*)C(NC(=O)*)C(C)C,CCC(CC)(O[*])C(NC(=O)[*])C(C)C,[*]OC(=O)NC(C(C)C)C([*])(CC)CC,3.16e-05,-4.5003129173815966,1,-4.804945039985259
26999,CCC(CC)(CNC(=O)*)NC(=O)C(C)N*,CCC(CC)(CNC(=O)[*])NC(=O)C(C)N[*],[*]CNC(=O)NC(C)C(=O)NC([*])(CC)CC,3.5e-05,-4.455931955649724,1,-4.522491222110446
27000,CC(CNC(=O)C(C)(C)COC(=O)*)CO*,CC(CNC(=O)C(C)(C)COC(=O)[*])CO[*],[*]CNC(=O)C(C)(C)COC(=O)OCC([*])C,5.17e-05,-4.286509456906058,0,-4.326100835652698
27001,CCC(C)C(CNC(=O)CN*)OC(=O)*,CCC(C)C(CNC(=O)CN[*])OC(=O)[*],[*]CNC(=O)CNC(=O)OC([*])C(C)CC,2.73e-05,-4.563837352959244,2,-4.428900437969734
27002,CCC(C(=O)NCCCOC(=O)*)C(C)O*,CCC(C(=O)NCCCOC(=O)[*])C(C)O[*],[*]C(=O)NCCCOC(=O)OC(C)C([*])CC,5.35e-05,-4.271646217978772,0,-4.363572487259784
27003,CC(O*)C(=O)NCC(C)(C)COC(=O)*,CC(O[*])C(=O)NCC(C)(C)COC(=O)[*],[*]OC(=O)OCC(C)(C)CNC(=O)C([*])C,4.94e-05,-4.306273051076353,3,-4.428607247575521
27004,CCCCCN(CCO*)CCOC(=O)*,CCCCCN(CCO[*])CCOC(=O)[*],[*]CCOC(=O)OCCN([*])CCCCC,5.08e-05,-4.294136287716081,2,-4.113439149584039
27005,CC(CN(CCF)CCO*)OC(=O)*,CC(CN(CCF)CCO[*])OC(=O)[*],[*]CN(CCF)CCOC(=O)OC([*])C,0.000103,-3.987162775294828,0,-4.023853407763934
27006,CC(C)(CO*)C(=O)NCCCOC(=O)*,CC(C)(CO[*])C(=O)NCCCOC(=O)[*],[*]COC(=O)OCCCNC(=O)C([*])(C)C,5.07e-05,-4.294992040666664,3,-4.233217302433411
27007,CC(C)C(CSCCCO*)OC(=O)*,CC(C)C(CSCCCO[*])OC(=O)[*],[*]CSCCCOC(=O)OC([*])C(C)C,6.34e-05,-4.197910742118268,2,-4.278234887075576
27008,CCC(C)C(CNC(=O)C(C)OC(=O)*)O*,CCC(C)C(CNC(=O)C(C)OC(=O)[*])O[*],[*]CNC(=O)C(C)OC(=O)OC([*])C(C)CC,5.51e-05,-4.258848401148215,1,-4.421994038521646
27009,CCCCN(CCOC(=O)*)C(=O)C(C)O*,CCCCN(CCOC(=O)[*])C(=O)C(C)O[*],[*]CCOC(=O)OC(C)C(=O)N([*])CCCC,3.98e-05,-4.400116927926312,0,-4.473503251287333
27010,CC(CCSC(C)C(C)O*)OC(=O)*,CC(CCSC(C)C(C)O[*])OC(=O)[*],[*]CCSC(C)C(C)OC(=O)OC([*])C,5.07e-05,-4.294992040666664,2,-4.266691967252186
27011,CC(C)CC(CNC(=O)*)NC(=O)CN*,CC(C)CC(CNC(=O)[*])NC(=O)CN[*],[*]CNC(=O)NCC(=O)NC([*])CC(C)C,3.41e-05,-4.467245621007502,2,-4.272068184232916
27012,CCC(CO*)SC(C)CCOC(=O)*,CCC(CO[*])SC(C)CCOC(=O)[*],[*]COC(=O)OCCC(C)SC([*])CC,9.6e-05,-4.017728766960432,0,-4.100561401181013
27013,CC(CCNC(=O)C(NC(=O)*)C(C)C)N*,CC(CCNC(=O)C(NC(=O)[*])C(C)C)N[*],[*]CCNC(=O)C(NC(=O)NC([*])C)C(C)C,4.53e-05,-4.343901797987168,0,-4.305852611460747
27014,CC(COC(=O)*)SCC(O*)C(C)C,CC(COC(=O)[*])SCC(O[*])C(C)C,[*]COC(=O)OC(CSC([*])C)C(C)C,4.58e-05,-4.33913452199613,2,-4.310237771277206
27015,O=C(*)OCCCCCCCCN*,O=C([*])OCCCCCCCCN[*],[*]NCCCCCCCCOC([*])=O,7.18e-05,-4.1438755557577,1,-4.127674691987454
27016,CC(OC(=O)*)C(=O)NCC(C)(C)CCO*,CC(OC(=O)[*])C(=O)NCC(C)(C)CCO[*],[*]OC(=O)OCCC(C)(C)CNC(=O)C([*])C,4.42e-05,-4.354577730650908,1,-4.31041863335943
27017,CC(CO*)CC(C)OC(=O)*,CC(CO[*])CC(C)OC(=O)[*],[*]COC(=O)OC(C)CC([*])C,4.07e-05,-4.39040559077478,3,-4.497193302700464
27018,CC(C)CC(NC(=O)*)C(C)(C)O*,CC(C)CC(NC(=O)[*])C(C)(C)O[*],[*]NC(=O)OC(C)(C)C([*])CC(C)C,2.32e-05,-4.634512015109101,3,-4.622055475495262
27019,CC(C)CSCC(C)(CO*)COC(=O)*,CC(C)CSCC(C)(CO[*])COC(=O)[*],[*]COC(=O)OCC([*])(C)CSCC(C)C,4.11e-05,-4.386158178123931,1,-4.565845635049771
27020,CC(CCCSCC(C)OC(=O)*)O*,CC(CCCSCC(C)OC(=O)[*])O[*],[*]CCCSCC(C)OC(=O)OC([*])C,9.14e-05,-4.039053804266168,2,-4.0714588197674635
27021,CC(C)OC(CCOC(=O)*)CO*,CC(C)OC(CCOC(=O)[*])CO[*],[*]CCOC(=O)OCC([*])OC(C)C,0.000111,-3.9546770212133424,0,-4.2271172616334205
27022,CC(N*)C(OC(=O)*)C(C)(C)C,CC(N[*])C(OC(=O)[*])C(C)(C)C,[*]NC(=O)OC(C([*])C)C(C)(C)C,3.11e-05,-4.507239610973163,0,-4.668225192045264
27023,CC(C)(OC(=O)*)C(F)CN*,CC(C)(OC(=O)[*])C(F)CN[*],[*]OC(=O)NCC(F)C([*])(C)C,2.96e-05,-4.528708288941061,0,-4.4397019887425175
27024,CC(CC(=O)NC(CO*)C(C)C)OC(=O)*,CC(CC(=O)NC(CO[*])C(C)C)OC(=O)[*],[*]CC(=O)NC(COC(=O)OC([*])C)C(C)C,3.47e-05,-4.459670525209126,3,-4.349154202346657
27025,CC(CC(C)O*)NC(=O)COC(=O)*,CC(CC(C)O[*])NC(=O)COC(=O)[*],[*]CC(C)OC(=O)OCC(=O)NC([*])C,6.37e-05,-4.195860567664649,1,-4.3829232107735026
27026,CC(COC(=O)*)SCCC(O*)C(C)C,CC(COC(=O)[*])SCCC(O[*])C(C)C,[*]COC(=O)OC(CCSC([*])C)C(C)C,3.93e-05,-4.405607449624573,3,-4.261882074498209
27027,CC(CCCCNC(=O)*)NC(=O)C(C)N*,CC(CCCCNC(=O)[*])NC(=O)C(C)N[*],[*]CCCCNC(=O)NC(C)C(=O)NC([*])C,5.47e-05,-4.262012673666569,1,-4.2594703478052836
27028,CC(O*)C(C)SC(C)C(C)OC(=O)*,CC(O[*])C(C)SC(C)C(C)OC(=O)[*],[*]OC(=O)OC(C)C(C)SC(C)C([*])C,4.26e-05,-4.370590400897281,3,-4.375182249883351
27029,CC(C)COCC(COC(=O)*)O*,CC(C)COCC(COC(=O)[*])O[*],[*]COC(=O)OC([*])COCC(C)C,3.39e-05,-4.4698003017969175,1,-4.4038660666299965
27030,CC(CC(=O)N(C)CCCO*)NC(=O)*,CC(CC(=O)N(C)CCCO[*])NC(=O)[*],[*]CC(=O)N(C)CCCOC(=O)NC([*])C,4.03e-05,-4.394694953858891,0,-4.3018536449979266
27031,CCC(NC(=O)*)C(=O)NCC(C)(C)N*,CCC(NC(=O)[*])C(=O)NCC(C)(C)N[*],[*]NC(=O)NC(C)(C)CNC(=O)C([*])CC,3.76e-05,-4.424812155072339,0,-4.398605346903778
27032,CC(CNC(=O)*)C(=O)NCC(N*)C(C)C,CC(CNC(=O)[*])C(=O)NCC(N[*])C(C)C,[*]CNC(=O)NC(CNC(=O)C([*])C)C(C)C,5.66e-05,-4.247183568811729,3,-4.433062079741918
27033,CC(CCSCCC(C)(C)O*)OC(=O)*,CC(CCSCCC(C)(C)O[*])OC(=O)[*],[*]CCSCCC(C)(C)OC(=O)OC([*])C,3.14e-05,-4.503070351926785,3,-4.392965427497477
27034,CCN(CC(COC)OC(=O)*)C(C)CO*,CCN(CC(COC)OC(=O)[*])C(C)CO[*],[*]CC(COC)OC(=O)OCC(C)N([*])CC,0.00012,-3.9208187539523753,3,-4.232880097484278
27035,CC(CCNC(=O)*)C(C)N*,CC(CCNC(=O)[*])C(C)N[*],[*]CCNC(=O)NC(C)C([*])C,3.01e-05,-4.521433504406157,1,-4.308422748494266
27036,CC(COC(=O)*)CN(C)CCCO*,CC(COC(=O)[*])CN(C)CCCO[*],[*]COC(=O)OCCCN(C)CC([*])C,9.03e-05,-4.044312249686494,0,-4.0940039756548625
27037,CC(COCC(C)OCC(C)OC(=O)*)O*,CC(COCC(C)OCC(C)OC(=O)[*])O[*],[*]COCC(C)OC(=O)OC(C)COC([*])C,9.68e-05,-4.014124642691606,3,-4.132518638454467
27038,COCC(O*)C(=O)OCCCCOC(=O)*,COCC(O[*])C(=O)OCCCCOC(=O)[*],[*]OC(=O)OCCCCOC(=O)C([*])COC,8.19e-05,-4.086716098239582,2,-4.148828245178292
27039,CCCCC(CNC(=O)*)O*,CCCCC(CNC(=O)[*])O[*],[*]CNC(=O)OC([*])CCCC,3.42e-05,-4.465973893943865,2,-4.3184627987863955
27040,CC(CNC(=O)C(C)O*)CC(C)OC(=O)*,CC(CNC(=O)C(C)O[*])CC(C)OC(=O)[*],[*]CNC(=O)C(C)OC(=O)OC(C)CC([*])C,3.42e-05,-4.465973893943865,2,-4.306769182920156
27041,CC(CCCSC(C)CCO*)OC(=O)*,CC(CCCSC(C)CCO[*])OC(=O)[*],[*]CCCSC(C)CCOC(=O)OC([*])C,8.31e-05,-4.080398976215889,3,-4.092787564799777
27042,CC(CNC(=O)CC(C)(C)O*)COC(=O)*,CC(CNC(=O)CC(C)(C)O[*])COC(=O)[*],[*]CNC(=O)CC(C)(C)OC(=O)OCC([*])C,3.47e-05,-4.459670525209126,0,-4.345394524856738
27043,CCCC(=O)N(C)CC(CO*)OC(=O)*,CCCC(=O)N(C)CC(CO[*])OC(=O)[*],[*]COC(=O)OC([*])CN(C)C(=O)CCC,3.91e-05,-4.407823242604133,2,-4.633666600956351
27044,CC(C)C(NC(=O)*)C(C)O*,CC(C)C(NC(=O)[*])C(C)O[*],[*]NC(=O)OC(C)C([*])C(C)C,2.93e-05,-4.533132379645891,0,-4.534961105647094
27045,CC(C)=CC(=O)N(C)CC(COC(=O)*)O*,CC(C)=CC(=O)N(C)CC(COC(=O)[*])O[*],[*]COC(=O)OC([*])CN(C)C(=O)C=C(C)C,3.68e-05,-4.434152181326482,3,-4.344166993849264
27046,CCN(C)CC(CN(C)CCOC(=O)*)O*,CCN(C)CC(CN(C)CCOC(=O)[*])O[*],[*]CN(C)CCOC(=O)OC([*])CN(C)CC,0.000101,-3.995678626217357,0,-3.9824670778459508
27047,CCC(CO*)NC(=O)C(OC(=O)*)C(C)C,CCC(CO[*])NC(=O)C(OC(=O)[*])C(C)C,[*]COC(=O)OC(C(=O)NC([*])CC)C(C)C,2.53e-05,-4.596879478824183,1,-4.496981461961938
27048,CC(CCNC(=O)CCN*)NC(=O)*,CC(CCNC(=O)CCN[*])NC(=O)[*],[*]CCNC(=O)CCNC(=O)NC([*])C,7.08e-05,-4.149966742310231,1,-4.257577417868024
27049,CC=C(CC)C(=O)NC(CO*)COC(=O)*,CC=C(CC)C(=O)NC(CO[*])COC(=O)[*],[*]COC(=O)OCC([*])NC(=O)C(=CC)CC,2.82e-05,-4.549750891680639,0,-4.30678520604898
27050,CC(C)C(CN(C)CCO*)OC(=O)*,CC(C)C(CN(C)CCO[*])OC(=O)[*],[*]CN(C)CCOC(=O)OC([*])C(C)C,6.53e-05,-4.185086818724926,2,-4.250955761544606
27051,CCC(CC)C(NC(=O)*)C(C)(C)O*,CCC(CC)C(NC(=O)[*])C(C)(C)O[*],[*]NC(=O)OC(C)(C)C([*])C(CC)CC,2.52e-05,-4.598599459218456,2,-4.689143389049864
27052,CC(OC(=O)*)C(C)SCC(C)(C)O*,CC(OC(=O)[*])C(C)SCC(C)(C)O[*],[*]OC(=O)OC(C)(C)CSC(C)C([*])C,3.71e-05,-4.430626090384954,1,-4.369537875420835
27053,CCC(C)C(C)(CO*)COC(=O)*,CCC(C)C(C)(CO[*])COC(=O)[*],[*]COC(=O)OCC([*])(C)C(C)CC,8.21e-06,-5.085656842880559,3,-4.7147268227081085
27054,CC(C)C(CSC(C)C(C)O*)OC(=O)*,CC(C)C(CSC(C)C(C)O[*])OC(=O)[*],[*]CSC(C)C(C)OC(=O)OC([*])C(C)C,5.13e-05,-4.289882634888183,1,-4.51628422214848
27055,CC(CN*)NC(=O)C(C)CNC(=O)*,CC(CN[*])NC(=O)C(C)CNC(=O)[*],[*]CNC(=O)NCC(C)C(=O)NC([*])C,3.63e-05,-4.440093374963888,2,-4.414279994119184
27056,CC(C)(CCO*)C(C)(C)OC(=O)*,CC(C)(CCO[*])C(C)(C)OC(=O)[*],[*]CCOC(=O)OC(C)(C)C([*])(C)C,2.65e-05,-4.576754126063192,0,-4.629061037559346
27057,CC(CCCC(C)(C)O*)CCOC(=O)*,CC(CCCC(C)(C)O[*])CCOC(=O)[*],[*]CCCC(C)(C)OC(=O)OCCC([*])C,3.63e-05,-4.440093374963888,2,-4.624344886753183
27058,CC(CCO*)SC(C)C(C)OC(=O)*,CC(CCO[*])SC(C)C(C)OC(=O)[*],[*]CCOC(=O)OC(C)C(C)SC([*])C,4.16e-05,-4.380906669373258,2,-4.313449828939896
27059,CC(CN*)CNC(=O)C(C)(C)CNC(=O)*,CC(CN[*])CNC(=O)C(C)(C)CNC(=O)[*],[*]CNC(=O)NCC(C)(C)C(=O)NCC([*])C,3.06e-05,-4.51427857351842,0,-4.3816817486468596
27060,CCN(CCO*)C(=O)C(OC(=O)*)C(C)C,CCN(CCO[*])C(=O)C(OC(=O)[*])C(C)C,[*]CCOC(=O)OC(C(=O)N([*])CC)C(C)C,3.22e-05,-4.492144128304169,2,-4.482528414041424
27061,CSCCC(CN*)OC(=O)*,CSCCC(CN[*])OC(=O)[*],[*]CNC(=O)OC([*])CCSC,4.7e-05,-4.327902142064283,0,-4.203185773834786
27062,CC(C)(C)C(C#CC(OC(=O)*)C(C)(C)C)O*,CC(C)(C)C(C#CC(OC(=O)[*])C(C)(C)C)O[*],[*]C#CC(OC(=O)OC([*])C(C)(C)C)C(C)(C)C,1.01e-05,-4.995678626217358,3,-4.659297488265559
27063,C[Si](C)(CCCO*)CCCOC(=O)*,C[Si](C)(CCCO[*])CCCOC(=O)[*],[*]CCCOC(=O)OCCC[Si]([*])(C)C,7.6e-05,-4.119186407719209,3,-4.384855337123557
27064,CC(O*)C(C)SCCCCCOC(=O)*,CC(O[*])C(C)SCCCCCOC(=O)[*],[*]OC(=O)OCCCCCSC(C)C([*])C,5.69e-05,-4.244887733604929,0,-4.293368693152118
27065,CC(CN*)NC(=O)CCC(C)(C)NC(=O)*,CC(CN[*])NC(=O)CCC(C)(C)NC(=O)[*],[*]CNC(=O)NC(C)(C)CCC(=O)NC([*])C,4.88e-05,-4.311580177997289,2,-4.328311801483654
27066,O=C(*)OCCC(F)(F)CCO*,O=C([*])OCCC(F)(F)CCO[*],[*]OCCC(F)(F)CCOC([*])=O,5.42e-05,-4.266000713461613,0,-4.350054922725472
27067,CC(C)(CCN*)CCNC(=O)*,CC(C)(CCN[*])CCNC(=O)[*],[*]CCNC(=O)NCCC([*])(C)C,4.22e-05,-4.374687549038326,0,-4.3705041298148295
27068,CCCC(CSCC(C)CO*)OC(=O)*,CCCC(CSCC(C)CO[*])OC(=O)[*],[*]CSCC(C)COC(=O)OC([*])CCC,5.37e-05,-4.270025714300444,1,-4.248322431621493
27069,CCCC(CSC(C)CCOC(=O)*)O*,CCCC(CSC(C)CCOC(=O)[*])O[*],[*]CSC(C)CCOC(=O)OC([*])CCC,5.22e-05,-4.282329496997738,1,-4.192404151625327
27070,CC(C)C(CCC(OC(=O)*)C(C)C)O*,CC(C)C(CCC(OC(=O)[*])C(C)C)O[*],[*]CCC(OC(=O)OC([*])C(C)C)C(C)C,3.47e-05,-4.459670525209126,2,-4.63012456864308
27071,CCCC(CC)SCC(CO*)OC(=O)*,CCCC(CC)SCC(CO[*])OC(=O)[*],[*]COC(=O)OC([*])CSC(CC)CCC,2.32e-05,-4.634512015109101,2,-4.495846198195978
27072,CCCC(CC)NC(CC)(COC(=O)*)N*,CCCC(CC)NC(CC)(COC(=O)[*])N[*],[*]COC(=O)NC([*])(CC)NC(CC)CCC,3.8e-05,-4.42021640338319,1,-4.551388415771238
27073,CC(C)C(C(CN*)COC(=O)*)N(C)C,CC(C)C(C(CN[*])COC(=O)[*])N(C)C,[*]CNC(=O)OCC([*])C(C(C)C)N(C)C,1.51e-05,-4.82102305270683,2,-4.309767819511666
27074,CC(C)(CO*)CSCCCOC(=O)*,CC(C)(CO[*])CSCCCOC(=O)[*],[*]COC(=O)OCCCSCC([*])(C)C,7.66e-05,-4.115771230367396,3,-4.201650744844223
27075,CC(CCCSC(C)CO*)OC(=O)*,CC(CCCSC(C)CO[*])OC(=O)[*],[*]CCCSC(C)COC(=O)OC([*])C,7.35e-05,-4.133712660915805,1,-4.215108200997615
27076,CCC(COC(=O)*)C(=O)N(C)CC(C)O*,CCC(COC(=O)[*])C(=O)N(C)CC(C)O[*],[*]COC(=O)OC(C)CN(C)C(=O)C([*])CC,3.5e-05,-4.455931955649724,0,-4.450983761576314
27077,CC(C)CC(CC(C)(C)OC(=O)*)O*,CC(C)CC(CC(C)(C)OC(=O)[*])O[*],[*]CC(C)(C)OC(=O)OC([*])CC(C)C,9.7e-06,-5.013228265733755,3,-4.590383436706838
27078,CC(C)CC(N*)C(CC(=O)O)OC(=O)*,CC(C)CC(N[*])C(CC(=O)O)OC(=O)[*],[*]NC(=O)OC(CC(=O)O)C([*])CC(C)C,1.53e-05,-4.815308569182402,0,-4.5014929888100665
27079,CC(CC(C)(C)NC(=O)C(C)O*)OC(=O)*,CC(CC(C)(C)NC(=O)C(C)O[*])OC(=O)[*],[*]CC(C)(C)NC(=O)C(C)OC(=O)OC([*])C,5.72e-05,-4.242603971206976,3,-4.3628537957493
27080,CCCCC(CC)(CO*)COC(=O)*,CCCCC(CC)(CO[*])COC(=O)[*],[*]COC(=O)OCC([*])(CC)CCCC,2.22e-05,-4.653647025549361,2,-4.668686621975495
27081,CC(CCCSC(C)C(C)OC(=O)*)O*,CC(CCCSC(C)C(C)OC(=O)[*])O[*],[*]CCCSC(C)C(C)OC(=O)OC([*])C,6.67e-05,-4.175874166083451,0,-4.224479213565304
27082,CCC(OC(=O)*)C(C)N*,CCC(OC(=O)[*])C(C)N[*],[*]OC(=O)NC(C)C([*])CC,2.81e-05,-4.55129368009492,1,-4.581186576940223
27083,CCC(CC)(O*)C(C)(C)NC(=O)*,CCC(CC)(O[*])C(C)(C)NC(=O)[*],[*]OC(=O)NC(C)(C)C([*])(CC)CC,4.73e-05,-4.325138859262188,3,-4.643895980948867
27084,CCC(=O)N(CC(C)O*)C(C)COC(=O)*,CCC(=O)N(CC(C)O[*])C(C)COC(=O)[*],[*]CC(C)OC(=O)OCC(C)N([*])C(=O)CC,5.04e-05,-4.297569463554475,3,-4.589689930727834
27085,CCC(C)C(CN*)NC(=O)*,CCC(C)C(CN[*])NC(=O)[*],[*]CNC(=O)NC([*])C(C)CC,4.36e-05,-4.360513510731414,3,-4.5735973631743585
27086,CC(C)=CCSCC(COC(=O)*)O*,CC(C)=CCSCC(COC(=O)[*])O[*],[*]COC(=O)OC([*])CSCC=C(C)C,2.47e-05,-4.607303046740334,0,-4.432446057054023
27087,CCC(O*)C(C)(C)NC(=O)*,CCC(O[*])C(C)(C)NC(=O)[*],[*]OC(=O)NC(C)(C)C([*])CC,2.07e-05,-4.684029654543083,2,-4.447125710193104
27088,CC(CO*)CSCCCC(C)OC(=O)*,CC(CO[*])CSCCCC(C)OC(=O)[*],[*]COC(=O)OC(C)CCCSCC([*])C,0.000112,-3.9507819773298185,0,-4.154947715410613
27089,CC(CCOC(=O)*)SCCC(C)(C)O*,CC(CCOC(=O)[*])SCCC(C)(C)O[*],[*]CCOC(=O)OC(C)(C)CCSC([*])C,2.54e-05,-4.5951662833800615,2,-4.292551175492493
27090,CC(C)(CSCCC(C)(C)OC(=O)*)O*,CC(C)(CSCCC(C)(C)OC(=O)[*])O[*],[*]CCSCC(C)(C)OC(=O)OC([*])(C)C,4.34e-05,-4.36251027048749,0,-4.418318358119004
27091,CC(CCCO*)CCOC(=O)*,CC(CCCO[*])CCOC(=O)[*],[*]CCCOC(=O)OCCC([*])C,9.62e-05,-4.016824927962187,3,-4.185528616277555
27092,CCN(CC)CCC(CNC(=O)*)O*,CCN(CC)CCC(CNC(=O)[*])O[*],[*]CNC(=O)OC([*])CCN(CC)CC,8.4e-05,-4.075720713938118,3,-4.071789063550357
27093,CCOC(=O)C(CNC(=O)*)C(C)(CC)N*,CCOC(=O)C(CNC(=O)[*])C(C)(CC)N[*],[*]CNC(=O)NC(C)(CC)C([*])C(=O)OCC,2.63e-05,-4.580044251510242,0,-4.401318884850743
27094,CC(C)(C)C(NC(=O)*)C(C)(C)O*,CC(C)(C)C(NC(=O)[*])C(C)(C)O[*],[*]NC(=O)OC(C)(C)C([*])C(C)(C)C,1.84e-05,-4.735182176990463,0,-4.636815857188983
27095,CCCCSCC(CO*)NC(=O)*,CCCCSCC(CO[*])NC(=O)[*],[*]COC(=O)NC([*])CSCCCC,5.84e-05,-4.2335871528876,3,-4.148426669039719
27096,CC(C)CC(NC(=O)*)C(O*)C(F)(F)F,CC(C)CC(NC(=O)[*])C(O[*])C(F)(F)F,[*]NC(=O)OC(C([*])CC(C)C)C(F)(F)F,2.66e-05,-4.575118363368933,2,-4.641517092645825
27097,CC(C)C(C)(CNC(=O)*)NCCN*,CC(C)C(C)(CNC(=O)[*])NCCN[*],[*]CNC(=O)NCCNC([*])(C)C(C)C,5.88e-05,-4.230622673923862,2,-4.392574393918302
27098,CCCCOCC(CNC(=O)*)O*,CCCCOCC(CNC(=O)[*])O[*],[*]CNC(=O)OC([*])COCCCC,0.000128,-3.892790030352132,1,-4.270202652741869
27099,CCC(CC)SCC(COC(=O)*)O*,CCC(CC)SCC(COC(=O)[*])O[*],[*]COC(=O)OC([*])CSC(CC)CC,4.36e-05,-4.360513510731414,0,-4.316402646384435
27100,CC(CCCC(C)OC(=O)*)O*,CC(CCCC(C)OC(=O)[*])O[*],[*]CCCC(C)OC(=O)OC([*])C,6.6e-05,-4.180456064458132,3,-4.3546886959507916
27101,CC(C)C(C)SCC(COC(=O)*)O*,CC(C)C(C)SCC(COC(=O)[*])O[*],[*]COC(=O)OC([*])CSC(C)C(C)C,2.68e-05,-4.571865205971212,0,-4.412449655871132
27102,CC(C)=CCCC(CO*)OC(=O)*,CC(C)=CCCC(CO[*])OC(=O)[*],[*]COC(=O)OC([*])CCC=C(C)C,2.38e-05,-4.623423042943488,0,-4.292734986236678
27103,CC(CCSCC(C)(C)O*)OC(=O)*,CC(CCSCC(C)(C)O[*])OC(=O)[*],[*]CCSCC(C)(C)OC(=O)OC([*])C,3.99e-05,-4.399027104313252,1,-4.372287825022943
27104,CC(C)(COCOCC(C)(C)NC(=O)*)N*,CC(C)(COCOCC(C)(C)NC(=O)[*])N[*],[*]COCOCC(C)(C)NC(=O)NC([*])(C)C,8.36e-05,-4.077793722560983,2,-4.363790511393403
27105,CC(NC(C)C(C)OC(=O)*)C(C)O*,CC(NC(C)C(C)OC(=O)[*])C(C)O[*],[*]NC(C)C(C)OC(=O)OC(C)C([*])C,3.7e-05,-4.431798275933005,3,-4.385570611306617
27106,CC(C)CCCSCC(COC(=O)*)O*,CC(C)CCCSCC(COC(=O)[*])O[*],[*]COC(=O)OC([*])CSCCCC(C)C,5.7e-05,-4.2441251443275085,0,-4.350490763330436
27107,CCCC(CSC(C)C(C)O*)OC(=O)*,CCCC(CSC(C)C(C)O[*])OC(=O)[*],[*]CSC(C)C(C)OC(=O)OC([*])CCC,2.95e-05,-4.530177984021837,3,-4.228039884903558
27108,CC(CCOC(=O)*)SCC(C)(C)CO*,CC(CCOC(=O)[*])SCC(C)(C)CO[*],[*]CCOC(=O)OCC(C)(C)CSC([*])C,4.55e-05,-4.341988603342887,0,-4.368641259419585
27109,CC(CCO*)SCCCCOC(=O)*,CC(CCO[*])SCCCCOC(=O)[*],[*]CCOC(=O)OCCCCSC([*])C,0.000137,-3.863279432843593,0,-4.032033192450761
27110,CCCC(CSCCCO*)OC(=O)*,CCCC(CSCCCO[*])OC(=O)[*],[*]CSCCCOC(=O)OC([*])CCC,8.44e-05,-4.073657553374345,3,-4.092204660072979
27111,CC(C)C(CCSCCCOC(=O)*)O*,CC(C)C(CCSCCCOC(=O)[*])O[*],[*]CCSCCCOC(=O)OC([*])C(C)C,2.39e-05,-4.621602099051862,1,-4.231533241359036
27112,CC(CSCCC(C)(C)O*)OC(=O)*,CC(CSCCC(C)(C)O[*])OC(=O)[*],[*]CSCCC(C)(C)OC(=O)OC([*])C,4.02e-05,-4.39577394691553,1,-4.392706722272863
27113,CCC(CC)(OC(=O)*)C(N*)C(C)(C)C,CCC(CC)(OC(=O)[*])C(N[*])C(C)(C)C,[*]OC(=O)NC(C(C)(C)C)C([*])(CC)CC,1.46e-05,-4.835647144215563,3,-4.782421984266938
27114,CCCCCCOCC(COC(=O)*)O*,CCCCCCOCC(COC(=O)[*])O[*],[*]COC(=O)OC([*])COCCCCCC,3.79e-05,-4.421360790031928,1,-4.226650728407997
27115,CC(C)(CC(C)(C)NC(=O)*)N*,CC(C)(CC(C)(C)NC(=O)[*])N[*],[*]CC(C)(C)NC(=O)NC([*])(C)C,2.41e-05,-4.617982957425132,2,-4.314531620849542
27116,CCC(CSCCC(C)(C)OC(=O)*)O*,CCC(CSCCC(C)(C)OC(=O)[*])O[*],[*]CSCCC(C)(C)OC(=O)OC([*])CC,2.92e-05,-4.534617148551582,2,-4.280202277025688
27117,CC(C)(C)CCC(COC(=O)*)N*,CC(C)(C)CCC(COC(=O)[*])N[*],[*]COC(=O)NC([*])CCC(C)(C)C,2.91e-05,-4.536107011014093,1,-4.479899659746627
27118,C=CCCCCCCC(CN*)OC(=O)*,C=CCCCCCCC(CN[*])OC(=O)[*],[*]CNC(=O)OC([*])CCCCCCC=C,7.02e-05,-4.153662887870195,1,-4.396933181843827
27119,CC(C)(C)C(C)(CO*)COC(=O)*,CC(C)(C)C(C)(CO[*])COC(=O)[*],[*]COC(=O)OCC([*])(C)C(C)(C)C,2.06e-05,-4.686132779630847,0,-4.7588789009301165
27120,CC(C)C(C)(O*)C(C)(OC(=O)*)C(C)C,CC(C)C(C)(O[*])C(C)(OC(=O)[*])C(C)C,[*]OC(=O)OC(C)(C(C)C)C([*])(C)C(C)C,2.17e-05,-4.663540266151471,1,-4.883131757951703
27121,O=C(*)NCCCCCCCCN*,O=C([*])NCCCCCCCCN[*],[*]NCCCCCCCCNC([*])=O,6.59e-05,-4.18111458540599,0,-4.112812336841261
27122,CC(CO*)CSCCC(C)OC(=O)*,CC(CO[*])CSCCC(C)OC(=O)[*],[*]COC(=O)OC(C)CCSCC([*])C,6.1e-05,-4.214670164989233,0,-4.099074517341479
27123,CC(COC(=O)*)SCC(C)(C)CO*,CC(COC(=O)[*])SCC(C)(C)CO[*],[*]COC(=O)OCC(C)(C)CSC([*])C,4.02e-05,-4.39577394691553,1,-4.440582367332245
27124,CC(C)(C)CC(NC(=O)*)C(C)(C)O*,CC(C)(C)CC(NC(=O)[*])C(C)(C)O[*],[*]NC(=O)OC(C)(C)C([*])CC(C)(C)C,1.59e-05,-4.798602875679548,0,-4.614575994186246
27125,CC(C)C(C)(CN*)NC(=O)CCNC(=O)*,CC(C)C(C)(CN[*])NC(=O)CCNC(=O)[*],[*]CNC(=O)NCCC(=O)NC([*])(C)C(C)C,3.11e-05,-4.507239610973163,2,-4.416493390158911
27126,CC(C)(CCSCCCCO*)OC(=O)*,CC(C)(CCSCCCCO[*])OC(=O)[*],[*]CCSCCCCOC(=O)OC([*])(C)C,5.27e-05,-4.278189384787454,0,-4.219159219358719
27127,CCCCCCC(CO*)COC(=O)*,CCCCCCC(CO[*])COC(=O)[*],[*]COC(=O)OCC([*])CCCCCC,2.22e-05,-4.653647025549361,3,-4.44268692651086
27128,CCCCC(CCOC(=O)*)O*,CCCCC(CCOC(=O)[*])O[*],[*]CCOC(=O)OC([*])CCCC,5.33e-05,-4.273272790973428,3,-4.434560701371938
27129,CCC(CC)(CCO*)OC(=O)*,CCC(CC)(CCO[*])OC(=O)[*],[*]CCOC(=O)OC([*])(CC)CC,2.39e-05,-4.621602099051862,3,-4.606173299131522
27130,CC(CCSCCC(C)OC(=O)*)O*,CC(CCSCCC(C)OC(=O)[*])O[*],[*]CCSCCC(C)OC(=O)OC([*])C,6.1e-05,-4.214670164989233,0,-4.151116332446148
27131,CCCCC(CN*)CNC(=O)*,CCCCC(CN[*])CNC(=O)[*],[*]CNC(=O)NCC([*])CCCC,6.3e-05,-4.200659450546418,1,-4.208547956803358
27132,CCC(C)(C(CNC(=O)*)CO*)N(C)C,CCC(C)(C(CNC(=O)[*])CO[*])N(C)C,[*]CNC(=O)OCC([*])C(C)(CC)N(C)C,3.03e-05,-4.518557371497695,2,-4.366158353575134
27133,CC(CCN*)C(C)(C)NC(=O)*,CC(CCN[*])C(C)(C)NC(=O)[*],[*]CCNC(=O)NC(C)(C)C([*])C,3.8e-05,-4.42021640338319,0,-4.366432599717392
27134,CCCN(CCCC(C)N*)CCOC(=O)*,CCCN(CCCC(C)N[*])CCOC(=O)[*],[*]CCCC(C)NC(=O)OCCN([*])CCC,4.38e-05,-4.3585258894959,0,-4.235411413784871
27135,CC(C)(CCNCCC(C)(C)NC(=O)*)N*,CC(C)(CCNCCC(C)(C)NC(=O)[*])N[*],[*]CCNCCC(C)(C)NC(=O)NC([*])(C)C,9.03e-05,-4.044312249686494,2,-4.342603213467662
27136,CC(CCOC(=O)*)C(C)N*,CC(CCOC(=O)[*])C(C)N[*],[*]CCOC(=O)NC(C)C([*])C,2.39e-05,-4.621602099051862,3,-4.369413731124118
27137,CCCC(CSC(C)COC(=O)*)O*,CCCC(CSC(C)COC(=O)[*])O[*],[*]CSC(C)COC(=O)OC([*])CCC,6.61e-05,-4.179798540514359,3,-4.186382580599182
27138,CC(C)(CNCC(C)(C)NC(=O)*)N*,CC(C)(CNCC(C)(C)NC(=O)[*])N[*],[*]CNCC(C)(C)NC(=O)NC([*])(C)C,7e-05,-4.154901959985743,3,-4.271986704686494
27139,O=C(*)NCCCCCCCCCN*,O=C([*])NCCCCCCCCCN[*],[*]NCCCCCCCCCNC([*])=O,0.000109,-3.962573502059376,1,-4.047545082174744
27140,CCC(CC)(OC(=O)*)C(C)(C)CN*,CCC(CC)(OC(=O)[*])C(C)(C)CN[*],[*]OC(=O)NCC(C)(C)C([*])(CC)CC,2.81e-05,-4.55129368009492,3,-4.741219469613515
27141,CC(C)(F)CNC(=O)C(COC(=O)*)N*,CC(C)(F)CNC(=O)C(COC(=O)[*])N[*],[*]COC(=O)NC([*])C(=O)NCC(C)(C)F,3.52e-05,-4.453457336521869,3,-4.4522398924598585
27142,CC=CC(O*)C(=O)NCCOC(=O)*,CC=CC(O[*])C(=O)NCCOC(=O)[*],[*]OC(=O)OCCNC(=O)C([*])C=CC,5.04e-05,-4.297569463554475,1,-4.32692552377519
27143,CCC(CCCNC(=O)COC(=O)*)O*,CCC(CCCNC(=O)COC(=O)[*])O[*],[*]CCCNC(=O)COC(=O)OC([*])CC,9.03e-05,-4.044312249686494,1,-4.201634400238667
27144,CC(C)C(CO*)ONC(=O)CCOC(=O)*,CC(C)C(CO[*])ONC(=O)CCOC(=O)[*],[*]COC(=O)OCCC(=O)NOC([*])C(C)C,5.52e-05,-4.2580609222708015,2,-4.255119005282835
27145,CC(CCCOC(=O)*)CNC(=O)CCO*,CC(CCCOC(=O)[*])CNC(=O)CCO[*],[*]CCCOC(=O)OCCC(=O)NCC([*])C,0.00011,-3.958607314841775,2,-4.249472728093523
27146,O=C(CC(F)F)NCC(CO*)OC(=O)*,O=C(CC(F)F)NCC(CO[*])OC(=O)[*],[*]COC(=O)OC([*])CNC(=O)CC(F)F,6.6e-05,-4.180456064458132,2,-4.3058553003113325
27147,CC(C)(COC(=O)*)ONC(=O)CCO*,CC(C)(COC(=O)[*])ONC(=O)CCO[*],[*]COC(=O)OCCC(=O)NOC([*])(C)C,6.65e-05,-4.177178354696896,0,-4.245642560429786
27148,CC(C)(O*)C(=O)NCC(CF)OC(=O)*,CC(C)(O[*])C(=O)NCC(CF)OC(=O)[*],[*]OC(=O)OC(CF)CNC(=O)C([*])(C)C,6.58e-05,-4.181774106386045,3,-4.387147843164387
27149,COCCCN(C)CC(OC(=O)*)C(C)O*,COCCCN(C)CC(OC(=O)[*])C(C)O[*],[*]OC(=O)OC(C)C([*])CN(C)CCCOC,8.56e-05,-4.067526235322847,2,-4.078045320631352
27150,COC(=O)C(CCO*)OCC(C)NC(=O)*,COC(=O)C(CCO[*])OCC(C)NC(=O)[*],[*]CCOC(=O)NC(C)COC([*])C(=O)OC,4.55e-05,-4.341988603342887,0,-4.38857367356849
27151,CCON(CC)CC(COC(=O)*)O*,CCON(CC)CC(COC(=O)[*])O[*],[*]COC(=O)OC([*])CN(CC)OCC,5.65e-05,-4.247951552180561,0,-4.3404810575333705
27152,CC(C)C(CCO*)NC(=O)CCOC(=O)*,CC(C)C(CCO[*])NC(=O)CCOC(=O)[*],[*]CCOC(=O)OCCC(=O)NC([*])C(C)C,5e-05,-4.301029995663981,2,-4.362978130256283
27153,C=C(F)C(=O)NC(CO*)C(C)OC(=O)*,C=C(F)C(=O)NC(CO[*])C(C)OC(=O)[*],[*]COC(=O)OC(C)C([*])NC(=O)C(=C)F,5.02e-05,-4.29929628285498,0,-4.360482532936482
27154,CCC(C)(O*)C(=O)NOCCOC(=O)*,CCC(C)(O[*])C(=O)NOCCOC(=O)[*],[*]OC(=O)OCCONC(=O)C([*])(C)CC,6.03e-05,-4.219682687859849,1,-4.2786888467519
27155,CC(CN(C)C(=O)C(C)(C)CNC(=O)*)N*,CC(CN(C)C(=O)C(C)(C)CNC(=O)[*])N[*],[*]CN(C)C(=O)C(C)(C)CNC(=O)NC([*])C,4.3e-05,-4.366531544420414,2,-4.424626155746548
27156,CC(C)C(CNC(=O)CCOC(=O)*)CO*,CC(C)C(CNC(=O)CCOC(=O)[*])CO[*],[*]CNC(=O)CCOC(=O)OCC([*])C(C)C,4.15e-05,-4.381951903287908,1,-4.326848027293364
27157,CCC(C)(OC(=O)*)C(=O)OCCO*,CCC(C)(OC(=O)[*])C(=O)OCCO[*],[*]OC(=O)OCCOC(=O)C([*])(C)CC,7.32e-05,-4.135488918941608,2,-4.332877572846506
27158,CCC(CS(=O)(=O)CC(C)OC(=O)*)O*,CCC(CS(=O)(=O)CC(C)OC(=O)[*])O[*],[*]CS(=O)(=O)CC(C)OC(=O)OC([*])CC,6.57e-05,-4.182434630440219,0,-4.401216875321988
27159,CCN(C)C(=O)C(CCCNC(=O)*)N*,CCN(C)C(=O)C(CCCNC(=O)[*])N[*],[*]CCCNC(=O)NC([*])C(=O)N(C)CC,3.68e-05,-4.434152181326482,1,-4.365182509242486
27160,CSCCCNC(=O)C(CO*)NC(=O)*,CSCCCNC(=O)C(CO[*])NC(=O)[*],[*]COC(=O)NC([*])C(=O)NCCCSC,6.14e-05,-4.211831628858833,0,-4.311222746937318
27161,CC=C(NC=N)NC(CCCN*)NC(=O)*,CC=C(NC=N)NC(CCCN[*])NC(=O)[*],[*]CCCNC(=O)NC([*])NC(=CC)NC=N,3.56e-05,-4.448550002027125,1,-4.177237862174156
27162,CC(O*)C(CN(C)CC(F)F)OC(=O)*,CC(O[*])C(CN(C)CC(F)F)OC(=O)[*],[*]OC(=O)OC(CN(C)CC(F)F)C([*])C,5.8e-05,-4.236572006437063,2,-4.220292856012999
27163,COC(=O)C(CCOC(=O)*)OCC(C)O*,COC(=O)C(CCOC(=O)[*])OCC(C)O[*],[*]CCOC(=O)OC(C)COC([*])C(=O)OC,5.46e-05,-4.262807357295263,2,-4.182672475621526
27164,CN(CC(COC(=O)*)O*)C(=O)CC(F)F,CN(CC(COC(=O)[*])O[*])C(=O)CC(F)F,[*]COC(=O)OC([*])CN(C)C(=O)CC(F)F,7.59e-05,-4.11975822410452,3,-4.2814737358384045
27165,CC(CC(=O)N(C)CCOC(=O)*)O*,CC(CC(=O)N(C)CCOC(=O)[*])O[*],[*]CC(=O)N(C)CCOC(=O)OC([*])C,7.14e-05,-4.146301788223826,0,-4.259964626504641
27166,CC(C)CC(C)(NC(=O)*)C(=O)NCCO*,CC(C)CC(C)(NC(=O)[*])C(=O)NCCO[*],[*]NC(=O)OCCNC(=O)C([*])(C)CC(C)C,6.1e-05,-4.214670164989233,0,-4.439525451125905
27167,CCC(F)C(=O)NCC(CN*)OC(=O)*,CCC(F)C(=O)NCC(CN[*])OC(=O)[*],[*]CNC(=O)OC([*])CNC(=O)C(F)CC,5.8e-05,-4.236572006437063,3,-4.27445740878008
27168,CC(NC(=O)CO*)C(C)(C)OC(=O)*,CC(NC(=O)CO[*])C(C)(C)OC(=O)[*],[*]NC(=O)COC(=O)OC(C)(C)C([*])C,7.97e-05,-4.098541678603888,0,-4.430812387670687
27169,CON(C)C(=O)C(N*)C(C)(C)OC(=O)*,CON(C)C(=O)C(N[*])C(C)(C)OC(=O)[*],[*]NC(=O)OC(C)(C)C([*])C(=O)N(C)OC,5.99e-05,-4.2225731776106885,2,-4.385615799065941
27170,CC(OC(=O)*)C(=O)OCC(C)(C)O*,CC(OC(=O)[*])C(=O)OCC(C)(C)O[*],[*]OC(=O)OC(C)(C)COC(=O)C([*])C,2.3e-05,-4.638272163982407,1,-4.444378451024584
27171,CC(Cl)=CC(=O)NC(CO*)COC(=O)*,CC(Cl)=CC(=O)NC(CO[*])COC(=O)[*],[*]COC(=O)OCC([*])NC(=O)C=C(C)Cl,6.09e-05,-4.215382707367125,0,-4.267066421059898
27172,CC(CO*)COC(=O)COC(=O)*,CC(CO[*])COC(=O)COC(=O)[*],[*]COC(=O)COC(=O)OCC([*])C,5.29e-05,-4.276544327964814,3,-4.171415039311169
27173,CC(C)C(CNCC(=O)CCOC(=O)*)O*,CC(C)C(CNCC(=O)CCOC(=O)[*])O[*],[*]CNCC(=O)CCOC(=O)OC([*])C(C)C,7.43e-05,-4.129011186239425,2,-4.256495836414189
27174,CN(CC(COC(=O)*)O*)C(=O)OCCF,CN(CC(COC(=O)[*])O[*])C(=O)OCCF,[*]COC(=O)OC([*])CN(C)C(=O)OCCF,3.32e-05,-4.478861916295964,2,-4.113695546891258
27175,C=C(F)C(=O)NC(CC)(CO*)COC(=O)*,C=C(F)C(=O)NC(CC)(CO[*])COC(=O)[*],[*]COC(=O)OCC([*])(CC)NC(=O)C(=C)F,5.67e-05,-4.246416941107094,1,-4.348132448609149
27176,CC(CNC(=O)CCO*)CC(C)OC(=O)*,CC(CNC(=O)CCO[*])CC(C)OC(=O)[*],[*]CNC(=O)CCOC(=O)OC(C)CC([*])C,7.26e-05,-4.139063379299906,3,-4.287946881563927
27177,O=C(*)NCCC(N*)C(=O)NCC(F)(F)F,O=C([*])NCCC(N[*])C(=O)NCC(F)(F)F,[*]NCCC(NC([*])=O)C(=O)NCC(F)(F)F,7.64e-05,-4.11690664142431,2,-4.238463198912288
27178,CCCC(C)NC(=O)C(CO*)NC(=O)*,CCCC(C)NC(=O)C(CO[*])NC(=O)[*],[*]COC(=O)NC([*])C(=O)NC(C)CCC,3.05e-05,-4.515700160653214,2,-4.425285773372211
27179,O=C(CCOC(=O)*)NCC(F)(F)CO*,O=C(CCOC(=O)[*])NCC(F)(F)CO[*],[*]CCOC(=O)OCC(F)(F)CNC([*])=O,6.97e-05,-4.15676722190199,2,-4.060920060847497
27180,CC(OC(=O)*)C(=O)NOC(CO*)C(C)C,CC(OC(=O)[*])C(=O)NOC(CO[*])C(C)C,[*]OC(=O)OCC(ONC(=O)C([*])C)C(C)C,2.92e-05,-4.534617148551582,2,-4.403139145342771
27181,CCCC(C)(CNC(=O)COC(=O)*)O*,CCCC(C)(CNC(=O)COC(=O)[*])O[*],[*]CNC(=O)COC(=O)OC([*])(C)CCC,5.49e-05,-4.260427655549908,3,-4.312010880236225
27182,CCCC(CCNC(=O)CN*)OC(=O)*,CCCC(CCNC(=O)CN[*])OC(=O)[*],[*]CCNC(=O)CNC(=O)OC([*])CCC,4.06e-05,-4.391473966422806,1,-4.2784749917987215
27183,CC(CCN(C)C(=O)CCOC(=O)*)O*,CC(CCN(C)C(=O)CCOC(=O)[*])O[*],[*]CCN(C)C(=O)CCOC(=O)OC([*])C,4.98e-05,-4.302770657240282,0,-4.372895071995282
27184,O=C(*)OC(C(=O)NCCO*)C(F)(F)F,O=C([*])OC(C(=O)NCCO[*])C(F)(F)F,[*]OCCNC(=O)C(OC([*])=O)C(F)(F)F,6.12e-05,-4.213248577854439,0,-4.241004060371926
27185,CC(C)=C(C)C(=O)NCC(COC(=O)*)O*,CC(C)=C(C)C(=O)NCC(COC(=O)[*])O[*],[*]COC(=O)OC([*])CNC(=O)C(C)=C(C)C,2.67e-05,-4.573488738635425,1,-4.488567863645697
27186,CCCC(O*)C(=O)NOCCOC(=O)*,CCCC(O[*])C(=O)NOCCOC(=O)[*],[*]OC(=O)OCCONC(=O)C([*])CCC,5.96e-05,-4.224753740259764,3,-4.123852695103214
27187,CCC(C)(CNC(=O)CCOC(=O)*)O*,CCC(C)(CNC(=O)CCOC(=O)[*])O[*],[*]CNC(=O)CCOC(=O)OC([*])(C)CC,5.08e-05,-4.294136287716081,0,-4.317182812917289
27188,O=C(CCCF)NCC(CN*)OC(=O)*,O=C(CCCF)NCC(CN[*])OC(=O)[*],[*]CNC(=O)OC([*])CNC(=O)CCCF,0.000114,-3.9430951486635273,2,-4.198410344625959
27189,CC(C)(F)CNC(=O)CC(CN*)OC(=O)*,CC(C)(F)CNC(=O)CC(CN[*])OC(=O)[*],[*]CNC(=O)OC([*])CC(=O)NCC(C)(C)F,6.98e-05,-4.156144577376839,2,-4.435888067330925
27190,CCC(CO*)(COC(=O)*)NC(=S)NC,CCC(CO[*])(COC(=O)[*])NC(=S)NC,[*]COC(=O)OCC([*])(CC)NC(=S)NC,1.33e-05,-4.876148359032914,3,-4.633959690278919
27191,CCCC(O*)C(=O)NCC(C)OC(=O)*,CCCC(O[*])C(=O)NCC(C)OC(=O)[*],[*]OC(=O)OC(C)CNC(=O)C([*])CCC,7.66e-05,-4.115771230367396,1,-4.2716678153953325
27192,CC(CONC(=O)C(N*)C(C)C)NC(=O)*,CC(CONC(=O)C(N[*])C(C)C)NC(=O)[*],[*]CONC(=O)C(NC(=O)NC([*])C)C(C)C,7.22e-05,-4.141462802430361,2,-4.397998577677141
27193,O=C(*)OCC(=O)OCCCCCO*,O=C([*])OCC(=O)OCCCCCO[*],[*]COC(=O)OCCCCCOC([*])=O,0.000156,-3.8068754016455375,1,-4.0218228755061265
27194,CCC(OC(=O)*)C(C)C(=O)NC(C)CO*,CCC(OC(=O)[*])C(C)C(=O)NC(C)CO[*],[*]OC(=O)OCC(C)NC(=O)C(C)C([*])CC,3.2e-05,-4.494850021680094,2,-4.349673889640495
27195,CCC(C)OC(=O)NCC(CO*)OC(=O)*,CCC(C)OC(=O)NCC(CO[*])OC(=O)[*],[*]COC(=O)OC([*])CNC(=O)OC(C)CC,1.61e-05,-4.79317412396815,0,-4.300304052466103
27196,CC(CO*)(COC(=O)*)NC(=O)OCCF,CC(CO[*])(COC(=O)[*])NC(=O)OCCF,[*]COC(=O)OCC([*])(C)NC(=O)OCCF,4.15e-05,-4.381951903287908,1,-4.430959983940666
27197,CC(CN(C)C(=O)CCOC(=O)*)O*,CC(CN(C)C(=O)CCOC(=O)[*])O[*],[*]CN(C)C(=O)CCOC(=O)OC([*])C,3.79e-05,-4.421360790031928,2,-4.224338638198932
27198,CNC(=S)NC(CCO*)CCOC(=O)*,CNC(=S)NC(CCO[*])CCOC(=O)[*],[*]CCOC(=O)OCCC([*])NC(=S)NC,4.52e-05,-4.3448615651886175,2,-4.337128892010162
27199,CCC(CCO*)NC(=O)CCOC(=O)*,CCC(CCO[*])NC(=O)CCOC(=O)[*],[*]CCOC(=O)OCCC(=O)NC([*])CC,8.93e-05,-4.049148541111453,3,-4.160621571258514
27200,CCC(OC(=O)*)C(C)C(=O)NOCCO*,CCC(OC(=O)[*])C(C)C(=O)NOCCO[*],[*]OC(=O)OCCONC(=O)C(C)C([*])CC,4.29e-05,-4.367542707815276,0,-4.337940564910088
27201,O=C(*)NCC(=O)N(CCN*)CC(F)(F)F,O=C([*])NCC(=O)N(CCN[*])CC(F)(F)F,[*]NCCN(CC(F)(F)F)C(=O)CNC([*])=O,0.000104,-3.98296666070122,1,-4.2809415270601106
27202,CN(CCCCCOC(=O)*)C(=O)CCO*,CN(CCCCCOC(=O)[*])C(=O)CCO[*],[*]CCCCCOC(=O)OCCC(=O)N([*])C,6.34e-05,-4.197910742118268,1,-4.191851211276224
27203,CCC(O*)C(C)C(=O)N(C)CCOC(=O)*,CCC(O[*])C(C)C(=O)N(C)CCOC(=O)[*],[*]OC(=O)OCCN(C)C(=O)C(C)C([*])CC,5.05e-05,-4.296708621881338,3,-4.451827846219637
27204,CC(CCCOC(=O)*)CNC(=O)CO*,CC(CCCOC(=O)[*])CNC(=O)CO[*],[*]CCCOC(=O)OCC(=O)NCC([*])C,6.48e-05,-4.188424994129407,1,-4.209497844819865
27205,CC(C)CC(CNC(=O)CO*)OC(=O)*,CC(C)CC(CNC(=O)CO[*])OC(=O)[*],[*]CNC(=O)COC(=O)OC([*])CC(C)C,8.22e-05,-4.0851281824599495,1,-4.433382418834297
27206,CCCC(CNC(=O)CCO*)OC(=O)*,CCCC(CNC(=O)CCO[*])OC(=O)[*],[*]CNC(=O)CCOC(=O)OC([*])CCC,5.22e-05,-4.282329496997738,2,-4.211807859668249
27207,CC(C)C(COC(=O)COC(=O)*)O*,CC(C)C(COC(=O)COC(=O)[*])O[*],[*]COC(=O)COC(=O)OC([*])C(C)C,3.84e-05,-4.4156687756324695,2,-4.295731641135384
27208,CON(C)CC(O*)C(C)OC(=O)*,CON(C)CC(O[*])C(C)OC(=O)[*],[*]OC(=O)OC(C)C([*])CN(C)OC,5.27e-05,-4.278189384787454,1,-4.262652331121114
27209,CC(C)OC(=O)N(C)CC(COC(=O)*)O*,CC(C)OC(=O)N(C)CC(COC(=O)[*])O[*],[*]COC(=O)OC([*])CN(C)C(=O)OC(C)C,3.2e-05,-4.494850021680094,3,-4.361918228168555
27210,COCCNCC(CC(C)(C)OC(=O)*)O*,COCCNCC(CC(C)(C)OC(=O)[*])O[*],[*]CC(C)(C)OC(=O)OC([*])CNCCOC,7.86e-05,-4.104577453960592,1,-4.243959554338145
27211,CC(CCC(=O)N(C)CC(C)NC(=O)*)N*,CC(CCC(=O)N(C)CC(C)NC(=O)[*])N[*],[*]CCC(=O)N(C)CC(C)NC(=O)NC([*])C,2.55e-05,-4.5934598195660445,2,-4.381246647104204
27212,CCN(CC)C(=O)C(O*)C(C)(C)OC(=O)*,CCN(CC)C(=O)C(O[*])C(C)(C)OC(=O)[*],[*]OC(=O)OC(C)(C)C([*])C(=O)N(CC)CC,2.74e-05,-4.562249437179612,3,-4.546964575837251
27213,CCNC(=S)NC(C)(CO*)COC(=O)*,CCNC(=S)NC(C)(CO[*])COC(=O)[*],[*]COC(=O)OCC([*])(C)NC(=S)NCC,1.34e-05,-4.872895201635193,1,-4.507227221038116
27214,CC(C)N(C)C(=O)C(CN*)NC(=O)*,CC(C)N(C)C(=O)C(CN[*])NC(=O)[*],[*]CNC(=O)NC([*])C(=O)N(C)C(C)C,2.76e-05,-4.559090917934783,3,-4.434775883914552
27215,CC(C)(F)CCNC(=O)C(COC(=O)*)N*,CC(C)(F)CCNC(=O)C(COC(=O)[*])N[*],[*]COC(=O)NC([*])C(=O)NCCC(C)(C)F,4.58e-05,-4.33913452199613,0,-4.4485981615986745
27216,CN(CCO*)CC(CC(F)F)NC(=O)*,CN(CCO[*])CC(CC(F)F)NC(=O)[*],[*]CCOC(=O)NC(CC(F)F)CN([*])C,4.3e-05,-4.366531544420414,2,-4.232260489145804
27217,CCC(CCNC(=O)CCO*)OC(=O)*,CCC(CCNC(=O)CCO[*])OC(=O)[*],[*]CCNC(=O)CCOC(=O)OC([*])CC,8.67e-05,-4.06198090252379,2,-4.212674554847636
27218,CCCC(O*)C(=O)NCCCOC(=O)*,CCCC(O[*])C(=O)NCCCOC(=O)[*],[*]OC(=O)OCCCNC(=O)C([*])CCC,6.31e-05,-4.199970640755866,1,-4.2360348106856796
27219,CC(C)(O*)C(F)CNC(=O)CCOC(=O)*,CC(C)(O[*])C(F)CNC(=O)CCOC(=O)[*],[*]OC(=O)OCCC(=O)NCC(F)C([*])(C)C,4.99e-05,-4.30189945437661,3,-4.249065290147119
27220,CCCNC(=S)NCC(CO*)OC(=O)*,CCCNC(=S)NCC(CO[*])OC(=O)[*],[*]COC(=O)OC([*])CNC(=S)NCCC,4.96e-05,-4.304518323509803,2,-4.508513998359885
27221,O=C(*)OCC(CO*)NC(=O)OCCF,O=C([*])OCC(CO[*])NC(=O)OCCF,[*]COC(=O)OCC([*])NC(=O)OCCF,3.18e-05,-4.497572880015567,3,-4.2760352199121225
27222,CC=C(C)C(=O)NCC(CO*)OC(=O)*,CC=C(C)C(=O)NCC(CO[*])OC(=O)[*],[*]COC(=O)OC([*])CNC(=O)C(C)=CC,4.21e-05,-4.375717904164332,3,-4.345534641747507
27223,CCC(F)C(=O)NCC(OC(=O)*)C(C)O*,CCC(F)C(=O)NCC(OC(=O)[*])C(C)O[*],[*]OC(=O)OC(C)C([*])CNC(=O)C(F)CC,5.41e-05,-4.266802734893431,3,-4.371354677583237
27224,CCNC(=S)N(C)CC(CO*)OC(=O)*,CCNC(=S)N(C)CC(CO[*])OC(=O)[*],[*]COC(=O)OC([*])CN(C)C(=S)NCC,2.93e-05,-4.533132379645891,0,-4.55265285534643
27225,CCC=C(F)C(=O)NCC(COC(=O)*)O*,CCC=C(F)C(=O)NCC(COC(=O)[*])O[*],[*]COC(=O)OC([*])CNC(=O)C(F)=CCC,2.82e-05,-4.549750891680639,0,-4.390515950420455
27226,CC(F)(F)CNC(=O)C(CNC(=O)*)N*,CC(F)(F)CNC(=O)C(CNC(=O)[*])N[*],[*]CNC(=O)NC([*])C(=O)NCC(C)(F)F,5.28e-05,-4.277366077466188,1,-4.209111926603509
27227,CN(CC(F)(F)F)C(=O)C(CN*)NC(=O)*,CN(CC(F)(F)F)C(=O)C(CN[*])NC(=O)[*],[*]CNC(=O)NC([*])C(=O)N(C)CC(F)(F)F,3.15e-05,-4.501689446210399,2,-4.3352481854578215
27228,CSCC(CCO*)NC(=O)COC(=O)*,CSCC(CCO[*])NC(=O)COC(=O)[*],[*]CCOC(=O)OCC(=O)NC([*])CSC,7.56e-05,-4.121478204498794,3,-4.148073661660867
27229,COC(C)CN(C)CC(OC(=O)*)C(C)O*,COC(C)CN(C)CC(OC(=O)[*])C(C)O[*],[*]OC(=O)OC(C)C([*])CN(C)CC(C)OC,8.49e-05,-4.071092309756048,0,-4.232626134968202
27230,CC(CCNC(=O)CCO*)CCOC(=O)*,CC(CCNC(=O)CCO[*])CCOC(=O)[*],[*]CCNC(=O)CCOC(=O)OCCC([*])C,6.72e-05,-4.172630726946175,1,-4.191778023733368
27231,O=C(*)NCCCCNC(=O)CCO*,O=C([*])NCCCCNC(=O)CCO[*],[*]CCOC(=O)NCCCCNC([*])=O,6.53e-05,-4.185086818724926,1,-4.035913750889975
27232,CC(O*)C(COC(=O)*)NC(=O)CC(F)F,CC(O[*])C(COC(=O)[*])NC(=O)CC(F)F,[*]OC(=O)OCC(NC(=O)CC(F)F)C([*])C,6.81e-05,-4.166852888087215,3,-4.173687404321115
27233,CC(N*)C(=O)NC(=N)SCCNC(=O)*,CC(N[*])C(=O)NC(=N)SCCNC(=O)[*],[*]NC(=O)NCCSC(=N)NC(=O)C([*])C,3.58e-05,-4.446116973356125,3,-4.315303611218686
27234,CSC=CC(=O)NCC(CNC(=O)*)O*,CSC=CC(=O)NCC(CNC(=O)[*])O[*],[*]CNC(=O)OC([*])CNC(=O)C=CSC,4.01e-05,-4.396855627379818,1,-4.114580750235069
27235,O=C(*)NC(CCCN*)C(=O)NCC(F)F,O=C([*])NC(CCCN[*])C(=O)NCC(F)F,[*]NCCCC(NC([*])=O)C(=O)NCC(F)F,6.44e-05,-4.191114132640188,3,-4.166007884100313
27236,O=C(CCC(F)F)NCC(CO*)OC(=O)*,O=C(CCC(F)F)NCC(CO[*])OC(=O)[*],[*]COC(=O)OC([*])CNC(=O)CCC(F)F,0.000118,-3.9281179926938745,3,-4.209739123100045
27237,CC(COC(=O)*)COC(=O)CC(C)O*,CC(COC(=O)[*])COC(=O)CC(C)O[*],[*]COC(=O)CC(C)OC(=O)OCC([*])C,3.81e-05,-4.419075024324381,1,-4.310464168268186
27238,CCONC(=O)C(NC(=O)*)C(C)(C)O*,CCONC(=O)C(NC(=O)[*])C(C)(C)O[*],[*]NC(=O)OC(C)(C)C([*])C(=O)NOCC,3.21e-05,-4.493494967595128,1,-4.308487710320003
27239,CCC(C)OC(=O)NC(CO*)COC(=O)*,CCC(C)OC(=O)NC(CO[*])COC(=O)[*],[*]COC(=O)OCC([*])NC(=O)OC(C)CC,4.95e-05,-4.305394801066432,3,-4.448188986150122
27240,CCOCCC(C)NCC(CO*)OC(=O)*,CCOCCC(C)NCC(CO[*])OC(=O)[*],[*]COC(=O)OC([*])CNC(C)CCOCC,9.25e-05,-4.033858267260968,3,-4.1633890297471705
27241,CC(C)(CCNC(=O)CCO*)COC(=O)*,CC(C)(CCNC(=O)CCO[*])COC(=O)[*],[*]CCNC(=O)CCOC(=O)OCC([*])(C)C,4.1e-05,-4.3872161432802645,0,-4.2894478353645304
27242,CCCC(OC(=O)*)C(=O)N(C)CCN*,CCCC(OC(=O)[*])C(=O)N(C)CCN[*],[*]OC(=O)NCCN(C)C(=O)C([*])CCC,3.85e-05,-4.414539270491499,0,-4.273258540037825
27243,CCC(CCNC(=O)COC(=O)*)O*,CCC(CCNC(=O)COC(=O)[*])O[*],[*]CCNC(=O)COC(=O)OC([*])CC,7.17e-05,-4.1444808443322,0,-4.207683702523389
27244,CCC(F)C(=O)N(C)CC(CO*)OC(=O)*,CCC(F)C(=O)N(C)CC(CO[*])OC(=O)[*],[*]COC(=O)OC([*])CN(C)C(=O)C(F)CC,2.24e-05,-4.649751981665837,3,-4.29298482716826
27245,CSCC(CN(C)CCNC(=O)*)O*,CSCC(CN(C)CCNC(=O)[*])O[*],[*]CN(C)CCNC(=O)OC([*])CSC,6.87e-05,-4.16304326294045,2,-4.100372483745272
27246,CC(F)(F)CNC(=O)C(CCNC(=O)*)N*,CC(F)(F)CNC(=O)C(CCNC(=O)[*])N[*],[*]CCNC(=O)NC([*])C(=O)NCC(C)(F)F,5.45e-05,-4.263603497723357,2,-4.296007389600904
27247,CCC(CCOC(=O)*)CNC(=O)CCO*,CCC(CCOC(=O)[*])CNC(=O)CCO[*],[*]CCOC(=O)OCCC(=O)NCC([*])CC,7.06e-05,-4.151195298948196,2,-4.292562772688565
27248,CN(CC(C)(C)CO*)C(=O)COC(=O)*,CN(CC(C)(C)CO[*])C(=O)COC(=O)[*],[*]CC(C)(C)COC(=O)OCC(=O)N([*])C,2.84e-05,-4.546681659952962,0,-4.476030299326914
27249,N=CNC(=O)C(CCCCNC(=O)*)N*,N=CNC(=O)C(CCCCNC(=O)[*])N[*],[*]CCCCNC(=O)NC([*])C(=O)NC=N,6.27e-05,-4.202732459169283,1,-4.274494959210195
27250,CC(CC(C)O*)NC(=O)CCOC(=O)*,CC(CC(C)O[*])NC(=O)CCOC(=O)[*],[*]CC(C)OC(=O)OCCC(=O)NC([*])C,5.69e-05,-4.244887733604929,3,-4.330259262416212
27251,CCC=CNC(=O)C(CNC(=O)*)N*,CCC=CNC(=O)C(CNC(=O)[*])N[*],[*]CNC(=O)NC([*])C(=O)NC=CCC,9.99e-05,-4.000434511774018,0,-4.399125495865183
27252,CC(CC(=O)OCCCO*)OC(=O)*,CC(CC(=O)OCCCO[*])OC(=O)[*],[*]CC(=O)OCCCOC(=O)OC([*])C,6.91e-05,-4.1605219526258015,3,-4.18551416104965
27253,CCCC(OC(=O)*)C(=O)N(C)C(C)CO*,CCCC(OC(=O)[*])C(=O)N(C)C(C)CO[*],[*]OC(=O)OCC(C)N(C)C(=O)C([*])CCC,6.79e-05,-4.168130225719499,1,-4.452077947960868
27254,CCN(CC(C)C)C(=O)C(CO*)NC(=O)*,CCN(CC(C)C)C(=O)C(CO[*])NC(=O)[*],[*]COC(=O)NC([*])C(=O)N(CC)CC(C)C,2.11e-05,-4.675717544702307,2,-4.396574725676187
27255,CC(=CC=CN)NCC(CO*)OC(=O)*,CC(=CC=CN)NCC(CO[*])OC(=O)[*],[*]COC(=O)OC([*])CNC(C)=CC=CN,4.65e-05,-4.332547047110047,3,-4.151945612610736
27256,CC(CCNC(=S)NCCNC(=O)*)N*,CC(CCNC(=S)NCCNC(=O)[*])N[*],[*]CCNC(=S)NCCNC(=O)NC([*])C,4.52e-05,-4.3448615651886175,1,-4.356488599425917
27257,CC(Cl)=CC(=O)NCC(CO*)OC(=O)*,CC(Cl)=CC(=O)NCC(CO[*])OC(=O)[*],[*]COC(=O)OC([*])CNC(=O)C=C(C)Cl,3.28e-05,-4.484126156288321,3,-4.1797157721488984
27258,CC(OC(=O)*)C(C)(C)CNC(=O)CO*,CC(OC(=O)[*])C(C)(C)CNC(=O)CO[*],[*]OC(=O)OCC(=O)NCC(C)(C)C([*])C,4.04e-05,-4.393618634889395,1,-4.3838403840367794
27259,CC(F)(F)CNC(=O)C(COC(=O)*)N*,CC(F)(F)CNC(=O)C(COC(=O)[*])N[*],[*]COC(=O)NC([*])C(=O)NCC(C)(F)F,9.59e-05,-4.018181392829336,2,-4.3661480998333095
27260,O=C(CCOC(=O)*)NC(CO*)CC(F)F,O=C(CCOC(=O)[*])NC(CO[*])CC(F)F,[*]CCOC(=O)OCC(CC(F)F)NC([*])=O,5.7e-05,-4.2441251443275085,3,-4.147443159761543
27261,CSCC(CN(C)C(C)CN*)OC(=O)*,CSCC(CN(C)C(C)CN[*])OC(=O)[*],[*]CN(C)C(C)CNC(=O)OC([*])CSC,7.15e-05,-4.145693958198919,1,-4.246102494309291
27262,CC(C)(OC(=O)*)C(=O)NCC=CCO*,CC(C)(OC(=O)[*])C(=O)NCC=CCO[*],[*]OC(=O)OCC=CCNC(=O)C([*])(C)C,4.73e-05,-4.325138859262188,3,-4.236870609907782
27263,CC(O*)C(=O)N(C)CC(C)(C)COC(=O)*,CC(O[*])C(=O)N(C)CC(C)(C)COC(=O)[*],[*]OC(=O)OCC(C)(C)CN(C)C(=O)C([*])C,3.02e-05,-4.519993057042849,0,-4.622369827117748
27264,CC(CN(C)C(=O)CCN*)NC(=O)*,CC(CN(C)C(=O)CCN[*])NC(=O)[*],[*]CN(C)C(=O)CCNC(=O)NC([*])C,4.38e-05,-4.3585258894959,3,-4.307077871975722
27265,O=C(*)OCCS(=O)(=O)CCO*,O=C([*])OCCS(=O)(=O)CCO[*],[*]OCCS(=O)(=O)CCOC([*])=O,6.47e-05,-4.189095719331299,2,-4.104210278388829
27266,CC(C)(CCNC(=O)CCOC(=O)*)O*,CC(C)(CCNC(=O)CCOC(=O)[*])O[*],[*]CCNC(=O)CCOC(=O)OC([*])(C)C,6.46e-05,-4.189767482004916,0,-4.266460617349187
27267,CC(CONC(=O)CCCNC(=O)*)N*,CC(CONC(=O)CCCNC(=O)[*])N[*],[*]CONC(=O)CCCNC(=O)NC([*])C,8.43e-05,-4.074172425375258,1,-4.177171934566577
27268,CCCC(OC(=O)*)C(=O)NCCN*,CCCC(OC(=O)[*])C(=O)NCCN[*],[*]OC(=O)NCCNC(=O)C([*])CCC,5.51e-05,-4.258848401148215,1,-4.20075702124891
27269,CCCC(O*)C(=O)NC(C)COC(=O)*,CCCC(O[*])C(=O)NC(C)COC(=O)[*],[*]OC(=O)OCC(C)NC(=O)C([*])CCC,4.82e-05,-4.31695296176115,1,-4.284042833091346
27270,O=C(*)NC(CCN*)C(=O)NCC(F)F,O=C([*])NC(CCN[*])C(=O)NCC(F)F,[*]NCCC(NC([*])=O)C(=O)NCC(F)F,5.15e-05,-4.288192770958809,3,-4.2772797054564755
27271,CC(C)(CNC(=O)CCO*)COC(=O)*,CC(C)(CNC(=O)CCO[*])COC(=O)[*],[*]CNC(=O)CCOC(=O)OCC([*])(C)C,5.35e-05,-4.271646217978772,0,-4.231197975228707
27272,CC(C)(CONC(=O)CCOC(=O)*)O*,CC(C)(CONC(=O)CCOC(=O)[*])O[*],[*]CONC(=O)CCOC(=O)OC([*])(C)C,5.93e-05,-4.226945306635737,2,-4.1912567859684655
27273,CCCNC(=O)C(CCNC(=O)*)N*,CCCNC(=O)C(CCNC(=O)[*])N[*],[*]CCNC(=O)NC([*])C(=O)NCCC,3.06e-05,-4.51427857351842,0,-4.299837221898646
27274,CCC(COC(=O)*)NC(=O)CCO*,CCC(COC(=O)[*])NC(=O)CCO[*],[*]COC(=O)OCCC(=O)NC([*])CC,6.39e-05,-4.1944991418416,1,-4.199433673943668
27275,CSC(C)C(=O)NCC(CN*)OC(=O)*,CSC(C)C(=O)NCC(CN[*])OC(=O)[*],[*]CNC(=O)OC([*])CNC(=O)C(C)SC,8.76e-05,-4.057495893831919,2,-4.268932364761874
27276,CCCC(O*)C(=O)NCCOC(=O)*,CCCC(O[*])C(=O)NCCOC(=O)[*],[*]OC(=O)OCCNC(=O)C([*])CCC,5.66e-05,-4.247183568811729,2,-4.278886462090564
27277,CC(C)(CCONC(=N)CO*)OC(=O)*,CC(C)(CCONC(=N)CO[*])OC(=O)[*],[*]CCONC(=N)COC(=O)OC([*])(C)C,5.39e-05,-4.268411234813262,2,-4.273620243026806
27278,CC(CC(=O)NCCCCN*)OC(=O)*,CC(CC(=O)NCCCCN[*])OC(=O)[*],[*]CC(=O)NCCCCNC(=O)OC([*])C,6.53e-05,-4.185086818724926,2,-4.145575221538742
27279,CCC(C)(O*)C(=O)NCCOC(=O)*,CCC(C)(O[*])C(=O)NCCOC(=O)[*],[*]OC(=O)OCCNC(=O)C([*])(C)CC,5.17e-05,-4.286509456906058,1,-4.258267289210578
27280,CC(C)NC(=S)NC(CO*)COC(=O)*,CC(C)NC(=S)NC(CO[*])COC(=O)[*],[*]COC(=O)OCC([*])NC(=S)NC(C)C,3.77e-05,-4.423658649794207,2,-4.542802589283601
27281,CSCC(C)NC(=O)C(COC(=O)*)N*,CSCC(C)NC(=O)C(COC(=O)[*])N[*],[*]COC(=O)NC([*])C(=O)NC(C)CSC,4.52e-05,-4.3448615651886175,0,-4.385344483589552
27282,C=CC=CCCNC(CN*)CNC(=O)*,C=CC=CCCNC(CN[*])CNC(=O)[*],[*]CNC(=O)NCC([*])NCCC=CC=C,6.89e-05,-4.161780778092374,3,-4.040614540963659
27283,CC(C)C=CC(=O)NCC(CO*)OC(=O)*,CC(C)C=CC(=O)NCC(CO[*])OC(=O)[*],[*]COC(=O)OC([*])CNC(=O)C=CC(C)C,6.16e-05,-4.210419287835575,1,-4.338574055642969
27284,CCN(C)C(=O)C(CCNC(=O)*)N*,CCN(C)C(=O)C(CCNC(=O)[*])N[*],[*]CCNC(=O)NC([*])C(=O)N(C)CC,4.32e-05,-4.364516253185088,3,-4.392786442642709
27285,CCOCCC(C)NCC(CN*)OC(=O)*,CCOCCC(C)NCC(CN[*])OC(=O)[*],[*]CNC(=O)OC([*])CNC(C)CCOCC,0.000114,-3.9430951486635273,1,-4.163240940803575
27286,CC(NC(=O)*)C(=O)NCC(F)C(C)(C)O*,CC(NC(=O)[*])C(=O)NCC(F)C(C)(C)O[*],[*]NC(=O)OC(C)(C)C(F)CNC(=O)C([*])C,2.67e-05,-4.573488738635425,3,-4.521805456306152
27287,CCN(CC(F)F)C(=O)C(CO*)NC(=O)*,CCN(CC(F)F)C(=O)C(CO[*])NC(=O)[*],[*]COC(=O)NC([*])C(=O)N(CC)CC(F)F,2.69e-05,-4.570247719997592,3,-4.36245885826214
27288,CCN(CCOC(=O)*)C(=O)C(C)(CC)O*,CCN(CCOC(=O)[*])C(=O)C(C)(CC)O[*],[*]CCOC(=O)OC(C)(CC)C(=O)N([*])CC,4.94e-05,-4.306273051076353,0,-4.480488928252694
27289,CCCN(C)C(=O)C(CN*)NC(=O)*,CCCN(C)C(=O)C(CN[*])NC(=O)[*],[*]CNC(=O)NC([*])C(=O)N(C)CCC,5.31e-05,-4.274905478918531,1,-4.425938070274884
27290,CCC(CNCC(=O)CCOC(=O)*)O*,CCC(CNCC(=O)CCOC(=O)[*])O[*],[*]CNCC(=O)CCOC(=O)OC([*])CC,0.000106,-3.9746941347352296,3,-4.102086025161676
27291,CCCN(CC)C(=O)C(CO*)NC(=O)*,CCCN(CC)C(=O)C(CO[*])NC(=O)[*],[*]COC(=O)NC([*])C(=O)N(CC)CCC,3.93e-05,-4.405607449624573,2,-4.509217784278039
27292,CC(C)COCCNC(CN*)CNC(=O)*,CC(C)COCCNC(CN[*])CNC(=O)[*],[*]CNC(=O)NCC([*])NCCOCC(C)C,0.000139,-3.856985199745905,1,-4.12204541726509
27293,CC=CCC(COC(=O)*)NC(=O)CCO*,CC=CCC(COC(=O)[*])NC(=O)CCO[*],[*]COC(=O)OCCC(=O)NC([*])CC=CC,4.93e-05,-4.30715308072277,1,-4.25483372496059
27294,CCC(OC(=O)*)C(C)C(=O)NCC(C)O*,CCC(OC(=O)[*])C(C)C(=O)NCC(C)O[*],[*]OC(=O)OC(C)CNC(=O)C(C)C([*])CC,4.8e-05,-4.318758762624412,0,-4.426409771031413
27295,CC(CN(C)C(=S)NCCNC(=O)*)N*,CC(CN(C)C(=S)NCCNC(=O)[*])N[*],[*]CN(C)C(=S)NCCNC(=O)NC([*])C,8.21e-05,-4.085656842880559,0,-4.30903989540329
27296,CC(CC(=O)NCCC(C)(C)NC(=O)*)N*,CC(CC(=O)NCCC(C)(C)NC(=O)[*])N[*],[*]CC(=O)NCCC(C)(C)NC(=O)NC([*])C,4.85e-05,-4.314258261397736,3,-4.458293465570013
27297,O=C(*)OCC(N*)C(=O)O,O=C([*])OCC(N[*])C(=O)O,[*]NC(COC([*])=O)C(=O)O,4.64e-05,-4.333482019445119,1,-4.457403743479406
27298,CCOCCN(C)CC(OC(=O)*)C(C)O*,CCOCCN(C)CC(OC(=O)[*])C(C)O[*],[*]OC(=O)OC(C)C([*])CN(C)CCOCC,0.000151,-3.821023052706831,3,-4.221731150473337
27299,CC(CNC(=O)CC(N*)C(F)F)NC(=O)*,CC(CNC(=O)CC(N[*])C(F)F)NC(=O)[*],[*]CNC(=O)CC(NC(=O)NC([*])C)C(F)F,9.6e-05,-4.017728766960432,1,-4.29791103054245
27300,CCOCCC(CN(C)CCNC(=O)*)O*,CCOCCC(CN(C)CCNC(=O)[*])O[*],[*]CN(C)CCNC(=O)OC([*])CCOCC,8.28e-05,-4.08196966321512,2,-3.9803611116799584
27301,CC(CC(=O)NCC(CF)O*)OC(=O)*,CC(CC(=O)NCC(CF)O[*])OC(=O)[*],[*]CC(=O)NCC(CF)OC(=O)OC([*])C,7.22e-05,-4.141462802430361,1,-4.36629255279778
27302,CCOC=CC(=O)NCC(COC(=O)*)O*,CCOC=CC(=O)NCC(COC(=O)[*])O[*],[*]COC(=O)OC([*])CNC(=O)C=COCC,5.95e-05,-4.22548303427145,3,-4.219676493462233
27303,CC(CCNC(=O)CO*)CCOC(=O)*,CC(CCNC(=O)CO[*])CCOC(=O)[*],[*]CCNC(=O)COC(=O)OCCC([*])C,6.59e-05,-4.18111458540599,0,-4.065254914072974
27304,O=C(*)OC(CNC(=O)OCCF)CO*,O=C([*])OC(CNC(=O)OCCF)CO[*],[*]COC(=O)OC([*])CNC(=O)OCCF,5.2e-05,-4.2839966563652006,2,-4.2587473920599335
27305,CCCNC(=S)NC(CO*)COC(=O)*,CCCNC(=S)NC(CO[*])COC(=O)[*],[*]COC(=O)OCC([*])NC(=S)NCCC,8.34e-05,-4.078833949362261,1,-4.54028295789212
27306,CC(OC(=O)*)C(=O)NCCO*,CC(OC(=O)[*])C(=O)NCCO[*],[*]OC(=O)OCCNC(=O)C([*])C,5.66e-05,-4.247183568811729,1,-4.175191314138455
27307,CCC(C(=O)NOCCO*)C(C)OC(=O)*,CCC(C(=O)NOCCO[*])C(C)OC(=O)[*],[*]C(=O)NOCCOC(=O)OC(C)C([*])CC,7.06e-05,-4.151195298948196,2,-4.280610075608419
27308,CC(O*)C(=O)NCC=CCOC(=O)*,CC(O[*])C(=O)NCC=CCOC(=O)[*],[*]OC(=O)OCC=CCNC(=O)C([*])C,7.36e-05,-4.133122185662502,3,-4.149946477118696
27309,CCC(F)C(=O)NC(COC(=O)*)C(C)O*,CCC(F)C(=O)NC(COC(=O)[*])C(C)O[*],[*]COC(=O)OC(C)C([*])NC(=O)C(F)CC,6.01e-05,-4.221125527997261,3,-4.308246503012763
27310,CC(CONC(=O)CC(C)NC(=O)*)N*,CC(CONC(=O)CC(C)NC(=O)[*])N[*],[*]CONC(=O)CC(C)NC(=O)NC([*])C,5.79e-05,-4.237321436272564,2,-4.355633313465207
27311,CCCC=CC(OC(=O)*)C(=O)NCCO*,CCCC=CC(OC(=O)[*])C(=O)NCCO[*],[*]OC(=O)OCCNC(=O)C([*])C=CCCC,6.09e-05,-4.215382707367125,2,-4.384416950414443
27312,O=C(*)NC(CO*)C(=O)NCC=CCl,O=C([*])NC(CO[*])C(=O)NCC=CCl,[*]NC(COC([*])=O)C(=O)NCC=CCl,3.74e-05,-4.42712839779952,0,-4.348480449514264
27313,CCCC(OC(=O)*)C(=O)NOCC(C)N*,CCCC(OC(=O)[*])C(=O)NOCC(C)N[*],[*]OC(=O)NC(C)CONC(=O)C([*])CCC,6.25e-05,-4.204119982655925,1,-4.354004556222267
27314,CSC(C)CNC(=O)C(COC(=O)*)N*,CSC(C)CNC(=O)C(COC(=O)[*])N[*],[*]COC(=O)NC([*])C(=O)NCC(C)SC,2.96e-05,-4.528708288941061,1,-4.356508282144145
27315,CCCC(C)N(C)C(=O)C(COC(=O)*)N*,CCCC(C)N(C)C(=O)C(COC(=O)[*])N[*],[*]COC(=O)NC([*])C(=O)N(C)C(C)CCC,5.92e-05,-4.22767829327708,3,-4.556585348747304
27316,CN(C(=O)C(CN*)NC(=O)*)C(C)(C)C,CN(C(=O)C(CN[*])NC(=O)[*])C(C)(C)C,[*]CNC(=O)NC([*])C(=O)N(C)C(C)(C)C,5.14e-05,-4.289036881004725,0,-4.700790236262275
27317,O=C(*)NCC(CN*)NCC=CCl,O=C([*])NCC(CN[*])NCC=CCl,[*]NCC(CNC([*])=O)NCC=CCl,7.44e-05,-4.128427064454121,2,-4.075320447264938
27318,O=C(*)NC(CO*)C(=O)NCCCC(F)F,O=C([*])NC(CO[*])C(=O)NCCCC(F)F,[*]NC(COC([*])=O)C(=O)NCCCC(F)F,5.67e-05,-4.246416941107094,2,-4.272254309005812
27319,CCC(C)NC(=O)C(NC(=O)*)C(C)(C)O*,CCC(C)NC(=O)C(NC(=O)[*])C(C)(C)O[*],[*]NC(=O)OC(C)(C)C([*])C(=O)NC(C)CC,2.73e-05,-4.563837352959244,2,-4.484670376942602
27320,CC(CN*)NC(=O)CC(C)(C)CNC(=O)*,CC(CN[*])NC(=O)CC(C)(C)CNC(=O)[*],[*]CNC(=O)NCC(C)(C)CC(=O)NC([*])C,4.35e-05,-4.361510743045363,3,-4.3482078978502345
27321,O=C(O)CN(CCO*)CCOC(=O)*,O=C(O)CN(CCO[*])CCOC(=O)[*],[*]CCOC(=O)OCCN([*])CC(=O)O,6.59e-05,-4.18111458540599,0,-4.148369282633636
27322,CCN(CCOC)CC(O*)C(C)OC(=O)*,CCN(CCOC)CC(O[*])C(C)OC(=O)[*],[*]OC(=O)OC(C)C([*])CN(CC)CCOC,0.000107,-3.9706162223147903,2,-4.044366118759398
27323,O=C(CCCF)NCC(COC(=O)*)O*,O=C(CCCF)NCC(COC(=O)[*])O[*],[*]COC(=O)OC([*])CNC(=O)CCCF,0.000178,-3.749579997691106,0,-4.231372888491598
27324,C=C(F)C(=O)N(C)CC(CO*)OC(=O)*,C=C(F)C(=O)N(C)CC(CO[*])OC(=O)[*],[*]COC(=O)OC([*])CN(C)C(=O)C(=C)F,8.24e-05,-4.084072788302884,3,-4.228860087790521
27325,O=C(CCOC(=O)*)NCCCCO*,O=C(CCOC(=O)[*])NCCCCO[*],[*]CCOC(=O)OCCCCNC([*])=O,9.1e-05,-4.040958607678906,3,-3.9585953638090916
27326,CCC=CNC(=O)CC(CN*)OC(=O)*,CCC=CNC(=O)CC(CN[*])OC(=O)[*],[*]CNC(=O)OC([*])CC(=O)NC=CCC,2.83e-05,-4.548213564475709,1,-4.310142565545913
27327,CCC(C)(CC(=O)N(C)CCOC(=O)*)O*,CCC(C)(CC(=O)N(C)CCOC(=O)[*])O[*],[*]CC(=O)N(C)CCOC(=O)OC([*])(C)CC,3.96e-05,-4.402304814074488,0,-4.266076478728267
27328,CC(C)CC(COC(=O)*)NC(=O)CCO*,CC(C)CC(COC(=O)[*])NC(=O)CCO[*],[*]COC(=O)OCCC(=O)NC([*])CC(C)C,4.94e-05,-4.306273051076353,0,-4.244887518422966
27329,O=C(CCO*)NCCCCCOC(=O)*,O=C(CCO[*])NCCCCCOC(=O)[*],[*]CCOC(=O)OCCCCCNC([*])=O,0.000137,-3.863279432843593,3,-3.9857892368833094
27330,CC(CCCNC(=O)COC(=O)*)CO*,CC(CCCNC(=O)COC(=O)[*])CO[*],[*]CCCNC(=O)COC(=O)OCC([*])C,6.7e-05,-4.173925197299174,3,-4.188641410550289
27331,O=C(CCNC(=O)*)CN*,O=C(CCNC(=O)[*])CN[*],[*]CCNC(=O)NCC([*])=O,8.53e-05,-4.069050968832477,3,-4.267207342967064
27332,CCOCC(CNCCC(C)N*)OC(=O)*,CCOCC(CNCCC(C)N[*])OC(=O)[*],[*]CNCCC(C)NC(=O)OC([*])COCC,0.000108,-3.96657624451305,1,-4.062138628287509
27333,CC(C)(C)C(CO*)NC(=O)CCOC(=O)*,CC(C)(C)C(CO[*])NC(=O)CCOC(=O)[*],[*]COC(=O)OCCC(=O)NC([*])C(C)(C)C,3.23e-05,-4.490797477668897,3,-4.429735432064553
27334,CN(CCCCO*)C(=O)CCOC(=O)*,CN(CCCCO[*])C(=O)CCOC(=O)[*],[*]CCCCOC(=O)OCCC(=O)N([*])C,8.96e-05,-4.047691990337875,1,-4.18618862467374
27335,CC(CCCOC(=O)*)CNC(=O)C(C)O*,CC(CCCOC(=O)[*])CNC(=O)C(C)O[*],[*]CCCOC(=O)OC(C)C(=O)NCC([*])C,7.06e-05,-4.151195298948196,1,-4.279111800625238
27336,CCC(O*)C(=O)OCCCNC(=O)*,CCC(O[*])C(=O)OCCCNC(=O)[*],[*]OC(=O)NCCCOC(=O)C([*])CC,5.69e-05,-4.244887733604929,2,-4.324870741817004
27337,CC(N*)C(=O)NOC(COC(=O)*)C(C)C,CC(N[*])C(=O)NOC(COC(=O)[*])C(C)C,[*]NC(=O)OCC(ONC(=O)C([*])C)C(C)C,4.15e-05,-4.381951903287908,1,-4.320873171768242
27338,CC(C)NC(=O)N(C)CC(COC(=O)*)O*,CC(C)NC(=O)N(C)CC(COC(=O)[*])O[*],[*]COC(=O)OC([*])CN(C)C(=O)NC(C)C,3.1e-05,-4.508638306165727,2,-4.304860585551188
27339,CC(NC(=O)C(CO*)NC(=O)*)C(C)(C)C,CC(NC(=O)C(CO[*])NC(=O)[*])C(C)(C)C,[*]COC(=O)NC([*])C(=O)NC(C)C(C)(C)C,2.32e-05,-4.634512015109101,1,-4.61687886690469
27340,CCCN(C)C(=O)C(CCN*)NC(=O)*,CCCN(C)C(=O)C(CCN[*])NC(=O)[*],[*]CCNC(=O)NC([*])C(=O)N(C)CCC,6e-05,-4.221848749616356,3,-4.357051814923404
27341,CCOCC(CNCC(CC)NC(=O)*)O*,CCOCC(CNCC(CC)NC(=O)[*])O[*],[*]CNCC(CC)NC(=O)OC([*])COCC,8.74e-05,-4.058488567365597,1,-4.036372883572688
27342,CC(NC(=O)*)C(=O)NCCC(C)(C)N*,CC(NC(=O)[*])C(=O)NCCC(C)(C)N[*],[*]NC(=O)NC(C)(C)CCNC(=O)C([*])C,6.01e-05,-4.221125527997261,3,-4.468143504447283
27343,CCOCCC(C)NC(CO*)COC(=O)*,CCOCCC(C)NC(CO[*])COC(=O)[*],[*]COC(=O)OCC([*])NC(C)CCOCC,5.33e-05,-4.273272790973428,1,-4.176819093701601
27344,CCC(C)(CC(=O)NCCO*)OC(=O)*,CCC(C)(CC(=O)NCCO[*])OC(=O)[*],[*]CC(=O)NCCOC(=O)OC([*])(C)CC,5.27e-05,-4.278189384787454,3,-4.30872089005929
27345,CC(C)CC(O*)C(=O)N(C)CCOC(=O)*,CC(C)CC(O[*])C(=O)N(C)CCOC(=O)[*],[*]OC(=O)OCCN(C)C(=O)C([*])CC(C)C,2.42e-05,-4.616184634019569,0,-4.3586575668320995
27346,CC(C)(C)C(=O)CNCC(CO*)OC(=O)*,CC(C)(C)C(=O)CNCC(CO[*])OC(=O)[*],[*]COC(=O)OC([*])CNCC(=O)C(C)(C)C,4.54e-05,-4.342944147142896,0,-4.399624842052594
27347,CCC(CNC(=S)NCCN*)NC(=O)*,CCC(CNC(=S)NCCN[*])NC(=O)[*],[*]CNC(=S)NCCNC(=O)NC([*])CC,4.22e-05,-4.374687549038326,0,-4.209537254359523
27348,CCC(C)(C)NC(=O)C(CO*)NC(=O)*,CCC(C)(C)NC(=O)C(CO[*])NC(=O)[*],[*]COC(=O)NC([*])C(=O)NC(C)(C)CC,3.8e-05,-4.42021640338319,3,-4.483906597332578
27349,CC(CN*)C(=O)NCC(CF)OC(=O)*,CC(CN[*])C(=O)NCC(CF)OC(=O)[*],[*]CNC(=O)OC(CF)CNC(=O)C([*])C,6.49e-05,-4.187755303199631,2,-4.146117762896856
27350,CC(OC(=O)*)C(C)(C)CNC(=O)CN*,CC(OC(=O)[*])C(C)(C)CNC(=O)CN[*],[*]OC(=O)NCC(=O)NCC(C)(C)C([*])C,5.89e-05,-4.229884705212898,0,-4.245151063500194
27351,CC=C(NC=N)NC(CC)(COC(=O)*)N*,CC=C(NC=N)NC(CC)(COC(=O)[*])N[*],[*]COC(=O)NC([*])(CC)NC(=CC)NC=N,2.87e-05,-4.542118103266008,2,-4.631627868918514
27352,CCNC(=O)C(N*)C(C)(C)OC(=O)*,CCNC(=O)C(N[*])C(C)(C)OC(=O)[*],[*]NC(=O)OC(C)(C)C([*])C(=O)NCC,4.14e-05,-4.382999658879101,0,-4.538879970802304
27353,COCC(C)=CCNC(CO*)COC(=O)*,COCC(C)=CCNC(CO[*])COC(=O)[*],[*]COC(=O)OCC([*])NCC=C(C)COC,6.71e-05,-4.173277479831008,0,-4.079704318171273
27354,COCC(CNCCC(C)NC(=O)*)O*,COCC(CNCCC(C)NC(=O)[*])O[*],[*]CNCCC(C)NC(=O)OC([*])COC,6.5e-05,-4.187086643357144,2,-4.016823907463788
27355,CCC(C)C(COC(=O)*)NC(=O)C(C)N*,CCC(C)C(COC(=O)[*])NC(=O)C(C)N[*],[*]COC(=O)NC(C)C(=O)NC([*])C(C)CC,2.5e-05,-4.6020599913279625,1,-4.501513847590088
27356,CCN(C(=O)C(CO*)NC(=O)*)C(C)C,CCN(C(=O)C(CO[*])NC(=O)[*])C(C)C,[*]COC(=O)NC([*])C(=O)N(CC)C(C)C,4.87e-05,-4.3124710387853655,1,-4.689606197332289
27357,CC(CCCN*)NC(=O)CCNC(=O)*,CC(CCCN[*])NC(=O)CCNC(=O)[*],[*]CCCNC(=O)NCCC(=O)NC([*])C,7.1e-05,-4.1487416512809245,3,-4.160362605132523
27358,CC(C)NC(=O)C(O*)C(C)(C)OC(=O)*,CC(C)NC(=O)C(O[*])C(C)(C)OC(=O)[*],[*]OC(=O)OC(C)(C)C([*])C(=O)NC(C)C,5.93e-05,-4.226945306635737,0,-4.497408515217637
27359,CC(CCCO*)NC(=O)COC(=O)*,CC(CCCO[*])NC(=O)COC(=O)[*],[*]CCCOC(=O)OCC(=O)NC([*])C,0.000113,-3.946921556516581,3,-4.171205280908381
27360,CC(OC(=O)*)C(=O)NCC(C)(C)C(C)O*,CC(OC(=O)[*])C(=O)NCC(C)(C)C(C)O[*],[*]OC(=O)OC(C)C(C)(C)CNC(=O)C([*])C,3.01e-05,-4.521433504406157,1,-4.520821524967434
27361,CCCOCC(CN(C)CCO*)OC(=O)*,CCCOCC(CN(C)CCO[*])OC(=O)[*],[*]CN(C)CCOC(=O)OC([*])COCCC,7.92e-05,-4.101274818410507,1,-3.9409757607375058
27362,CC=C(NC=N)N(CCN*)CCOC(=O)*,CC=C(NC=N)N(CCN[*])CCOC(=O)[*],[*]CCNC(=O)OCCN([*])C(=CC)NC=N,2.82e-05,-4.549750891680639,1,-4.288117183861259
27363,CCC(C)(CC(=O)NCCN*)OC(=O)*,CCC(C)(CC(=O)NCCN[*])OC(=O)[*],[*]CC(=O)NCCNC(=O)OC([*])(C)CC,4.4e-05,-4.356547323513813,2,-4.346519930924904
27364,CC(C)C(C)NC(=O)C(CN*)NC(=O)*,CC(C)C(C)NC(=O)C(CN[*])NC(=O)[*],[*]CNC(=O)NC([*])C(=O)NC(C)C(C)C,2.63e-05,-4.580044251510242,1,-4.406748250406142
27365,CN(CCF)CC(COC(=O)*)O*,CN(CCF)CC(COC(=O)[*])O[*],[*]COC(=O)OC([*])CN(C)CCF,4.86e-05,-4.313363730737707,1,-4.2247623632643325
27366,COCCN(C)CC(OC(=O)*)C(C)(C)O*,COCCN(C)CC(OC(=O)[*])C(C)(C)O[*],[*]OC(=O)OC(C)(C)C([*])CN(C)CCOC,9.34e-05,-4.029653123769907,3,-4.151686800433125
27367,CCC(C)C(COC(=O)*)NC(=O)CCO*,CCC(C)C(COC(=O)[*])NC(=O)CCO[*],[*]COC(=O)OCCC(=O)NC([*])C(C)CC,2.68e-05,-4.571865205971212,0,-4.4385966842156614
27368,CC(=O)CC(C)(C)NCC(COC(=O)*)O*,CC(=O)CC(C)(C)NCC(COC(=O)[*])O[*],[*]COC(=O)OC([*])CNC(C)(C)CC(C)=O,0.000123,-3.910094888560602,1,-4.482891468371111
27369,CCCC(OC(=O)*)C(=O)N(C)CCO*,CCCC(OC(=O)[*])C(=O)N(C)CCO[*],[*]OC(=O)OCCN(C)C(=O)C([*])CCC,2.84e-05,-4.546681659952962,3,-4.353275565576628
27370,CCC(COC(=O)*)C(=O)NCCN*,CCC(COC(=O)[*])C(=O)NCCN[*],[*]COC(=O)NCCNC(=O)C([*])CC,7.45e-05,-4.127843727251707,3,-4.249270528662335
27371,CCC(C)(O*)C(=O)NCCCOC(=O)*,CCC(C)(O[*])C(=O)NCCCOC(=O)[*],[*]OC(=O)OCCCNC(=O)C([*])(C)CC,4.25e-05,-4.371611069949688,2,-4.23720632677084
27372,CC(C)(CC(=O)NCC=CCOC(=O)*)O*,CC(C)(CC(=O)NCC=CCOC(=O)[*])O[*],[*]CC(=O)NCC=CCOC(=O)OC([*])(C)C,5.5e-05,-4.259637310505756,2,-4.1713025005396425
27373,CC(CNCC(CC(F)F)NC(=O)*)O*,CC(CNCC(CC(F)F)NC(=O)[*])O[*],[*]CNCC(CC(F)F)NC(=O)OC([*])C,6.97e-05,-4.15676722190199,3,-4.2106062707445915
27374,CCC(C)(O*)C(=O)N(C)CCCOC(=O)*,CCC(C)(O[*])C(=O)N(C)CCCOC(=O)[*],[*]OC(=O)OCCCN(C)C(=O)C([*])(C)CC,4.42e-05,-4.354577730650908,3,-4.364237419055034
27375,CC(O*)C(NC(=O)*)C(=O)NCC(C)(C)F,CC(O[*])C(NC(=O)[*])C(=O)NCC(C)(C)F,[*]OC(=O)NC(C(=O)NCC(C)(C)F)C([*])C,2.41e-05,-4.617982957425132,2,-4.5926997434083905
27376,CC(OC(=O)*)C(C)(C)CNC(=O)CCN*,CC(OC(=O)[*])C(C)(C)CNC(=O)CCN[*],[*]OC(=O)NCCC(=O)NCC(C)(C)C([*])C,3.17e-05,-4.498940737782249,3,-4.294112604358922
27377,CC(CCCNC(=O)*)NC(=O)C(C)CN*,CC(CCCNC(=O)[*])NC(=O)C(C)CN[*],[*]CCCNC(=O)NCC(C)C(=O)NC([*])C,6.54e-05,-4.184422251675732,2,-4.393040649646736
27378,CC(C)(OC(=O)*)C(=O)NCCCCN*,CC(C)(OC(=O)[*])C(=O)NCCCCN[*],[*]OC(=O)NCCCCNC(=O)C([*])(C)C,5.78e-05,-4.238072161579471,2,-4.246105522621714
27379,CC(C)CC(C)(O*)C(=O)NCCNC(=O)*,CC(C)CC(C)(O[*])C(=O)NCCNC(=O)[*],[*]OC(=O)NCCNC(=O)C([*])(C)CC(C)C,4.84e-05,-4.315154638355588,1,-4.413071689468982
27380,CCC(CNCC(COC)O*)NC(=O)*,CCC(CNCC(COC)O[*])NC(=O)[*],[*]CNCC(COC)OC(=O)NC([*])CC,5.09e-05,-4.293282217663242,2,-4.093740091021811
27381,CCC(C)N(CC)C(=O)C(CO*)NC(=O)*,CCC(C)N(CC)C(=O)C(CO[*])NC(=O)[*],[*]COC(=O)NC([*])C(=O)N(CC)C(C)CC,4.57e-05,-4.34008379993015,0,-4.596498723879696
27382,CCN(C)C(=O)C(CCCCNC(=O)*)N*,CCN(C)C(=O)C(CCCCNC(=O)[*])N[*],[*]CCCCNC(=O)NC([*])C(=O)N(C)CC,3.98e-05,-4.400116927926312,2,-4.309589000958251
27383,CC(NCCN(C)CCOC(=O)*)C(C)O*,CC(NCCN(C)CCOC(=O)[*])C(C)O[*],[*]NCCN(C)CCOC(=O)OC(C)C([*])C,0.000187,-3.728158393463501,3,-3.9672405667141435
27384,CCCN(CCC)C(=O)C(CN*)NC(=O)*,CCCN(CCC)C(=O)C(CN[*])NC(=O)[*],[*]CNC(=O)NC([*])C(=O)N(CCC)CCC,2.35e-05,-4.628932137728264,0,-4.372383347455613
27385,CCNC(=O)N(C)CC(COC(=O)*)O*,CCNC(=O)N(C)CC(COC(=O)[*])O[*],[*]COC(=O)OC([*])CN(C)C(=O)NCC,6.9e-05,-4.161150909262744,0,-4.388544924620552
27386,CCCN(CCOC)CC(COC(=O)*)O*,CCCN(CCOC)CC(COC(=O)[*])O[*],[*]COC(=O)OC([*])CN(CCC)CCOC,6.67e-05,-4.175874166083451,0,-3.9990635977741995
27387,CC(CCNCC(C)O*)NC(=O)*,CC(CCNCC(C)O[*])NC(=O)[*],[*]CCNCC(C)OC(=O)NC([*])C,5.68e-05,-4.245651664288981,3,-4.178545250933177
27388,CCC(C)=CC(=O)NCC(COC(=O)*)O*,CCC(C)=CC(=O)NCC(COC(=O)[*])O[*],[*]COC(=O)OC([*])CNC(=O)C=C(C)CC,4.87e-05,-4.3124710387853655,3,-4.403501087955554
27389,CCN(CC(C)(C)OC(=O)*)C(=O)CCO*,CCN(CC(C)(C)OC(=O)[*])C(=O)CCO[*],[*]CC(C)(C)OC(=O)OCCC(=O)N([*])CC,2.93e-05,-4.533132379645891,1,-4.309846917211626
27390,CCNC(=O)NC(CCO*)CCOC(=O)*,CCNC(=O)NC(CCO[*])CCOC(=O)[*],[*]CCOC(=O)OCCC([*])NC(=O)NCC,4.47e-05,-4.349692476868063,0,-4.069903403814644
27391,CCC(C)C(C)NC(=O)C(COC(=O)*)N*,CCC(C)C(C)NC(=O)C(COC(=O)[*])N[*],[*]COC(=O)NC([*])C(=O)NC(C)C(C)CC,5.04e-05,-4.297569463554475,2,-4.580328679342143
27392,CCCCN(CCCOC(=O)*)C(=O)CN*,CCCCN(CCCOC(=O)[*])C(=O)CN[*],[*]CCCOC(=O)NCC(=O)N([*])CCCC,4.9e-05,-4.309803919971486,0,-4.287675504933479
27393,CC(=O)C(C)(CN(C)CCCO*)OC(=O)*,CC(=O)C(C)(CN(C)CCCO[*])OC(=O)[*],[*]CN(C)CCCOC(=O)OC([*])(C)C(C)=O,0.000117,-3.9318141382538383,0,-4.268070335101266
27394,CCCC(CO*)NCC(COC)OC(=O)*,CCCC(CO[*])NCC(COC)OC(=O)[*],[*]COC(=O)OC(CNC([*])CCC)COC,7.24e-05,-4.140261433802853,3,-4.128036861297614
27395,CCC(CC)CNC(=O)C(CN*)NC(=O)*,CCC(CC)CNC(=O)C(CN[*])NC(=O)[*],[*]CNC(=O)NC([*])C(=O)NCC(CC)CC,3.47e-05,-4.459670525209126,2,-4.40995774463212
27396,CCC(C)C(CC(=O)NCCN*)NC(=O)*,CCC(C)C(CC(=O)NCCN[*])NC(=O)[*],[*]CC(=O)NCCNC(=O)NC([*])C(C)CC,4.97e-05,-4.303643611266668,0,-4.286505568125753
27397,CC(CCO*)CNC(=O)CCOC(=O)*,CC(CCO[*])CNC(=O)CCOC(=O)[*],[*]CCOC(=O)OCCC(=O)NCC([*])C,7.38e-05,-4.131943638176958,1,-4.186060278598575
27398,CCCC=CC(=O)NCC(COC(=O)*)O*,CCCC=CC(=O)NCC(COC(=O)[*])O[*],[*]COC(=O)OC([*])CNC(=O)C=CCCC,4.97e-05,-4.303643611266668,3,-4.302874335491008
27399,CC(=CC=CN)N(CCN*)CCOC(=O)*,CC(=CC=CN)N(CCN[*])CCOC(=O)[*],[*]CCNC(=O)OCCN([*])C(C)=CC=CN,7.12e-05,-4.147520006363144,2,-4.07437273248069
27400,CC(=CC=CN)NC(CO*)C(C)OC(=O)*,CC(=CC=CN)NC(CO[*])C(C)OC(=O)[*],[*]COC(=O)OC(C)C([*])NC(C)=CC=CN,4.35e-05,-4.361510743045363,2,-4.252791431287428
27401,CC(C)(CCNC(=O)C(C)(C)NC(=O)*)N*,CC(C)(CCNC(=O)C(C)(C)NC(=O)[*])N[*],[*]CCNC(=O)C(C)(C)NC(=O)NC([*])(C)C,4.77e-05,-4.321481620959886,2,-4.3220294500622405
27402,CC(CNC(=O)*)NCC(C)(C)N*,CC(CNC(=O)[*])NCC(C)(C)N[*],[*]CNC(=O)NC(C)(C)CNC([*])C,8.35e-05,-4.078313524516398,3,-4.3008109588541314
27403,CCC(NC(=O)*)C(=O)NCCC(C)(C)N*,CCC(NC(=O)[*])C(=O)NCCC(C)(C)N[*],[*]NC(=O)NC(C)(C)CCNC(=O)C([*])CC,4.79e-05,-4.319664486585437,0,-4.398121275566699
27404,CCCC(O*)C(=O)N(C)CC(C)NC(=O)*,CCCC(O[*])C(=O)N(C)CC(C)NC(=O)[*],[*]OC(=O)NC(C)CN(C)C(=O)C([*])CCC,6.28e-05,-4.202040356262804,0,-4.474899513736631
27405,CN(CCCOC(=O)*)CC(C)(O*)C(=O)O,CN(CCCOC(=O)[*])CC(C)(O[*])C(=O)O,[*]CCCOC(=O)OC(C)(CN([*])C)C(=O)O,3.57e-05,-4.447331783887806,1,-4.50272868855215
27406,CCC(CNC(CCOC(=O)*)COC)O*,CCC(CNC(CCOC(=O)[*])COC)O[*],[*]CNC(CCOC(=O)OC([*])CC)COC,5.95e-05,-4.22548303427145,0,-4.1277076403245605
27407,CC(NCC(F)(F)COC(=O)*)C(C)O*,CC(NCC(F)(F)COC(=O)[*])C(C)O[*],[*]NCC(F)(F)COC(=O)OC(C)C([*])C,6.67e-05,-4.175874166083451,0,-4.347623591310137
27408,CC(CNC(=O)CC(C)(C)OC(=O)*)O*,CC(CNC(=O)CC(C)(C)OC(=O)[*])O[*],[*]CNC(=O)CC(C)(C)OC(=O)OC([*])C,6.21e-05,-4.20690839982342,0,-4.456184089087794
27409,CC(COC(=O)*)NCC(O*)C(C)C,CC(COC(=O)[*])NCC(O[*])C(C)C,[*]COC(=O)OC(CNC([*])C)C(C)C,6.73e-05,-4.171984935776023,0,-4.31586981264797
27410,CC(NC(=O)*)C(=O)N(C)C(C)CN*,CC(NC(=O)[*])C(=O)N(C)C(C)CN[*],[*]NC(=O)NCC(C)N(C)C(=O)C([*])C,4.26e-05,-4.370590400897281,1,-4.4530544609911775
27411,COCCC(COC(=O)*)NC(C)C(C)O*,COCCC(COC(=O)[*])NC(C)C(C)O[*],[*]COC(=O)OC(C)C(C)NC([*])CCOC,8.36e-05,-4.077793722560983,3,-4.057310374633881
27412,O=C(*)OC(CO*)(C(F)(F)F)C(F)(F)F,O=C([*])OC(CO[*])(C(F)(F)F)C(F)(F)F,[*]OCC(OC([*])=O)(C(F)(F)F)C(F)(F)F,1.35e-05,-4.869666231504994,1,-4.7039695583177465
27413,CCC(COC(=O)*)C(=O)NOCCO*,CCC(COC(=O)[*])C(=O)NOCCO[*],[*]COC(=O)OCCONC(=O)C([*])CC,6.19e-05,-4.208309350979882,1,-4.1872209057144
27414,CN(CCCO*)C(=O)C(C)(C)NC(=O)*,CN(CCCO[*])C(=O)C(C)(C)NC(=O)[*],[*]CCCOC(=O)NC(C)(C)C(=O)N([*])C,6.34e-05,-4.197910742118268,1,-4.357524961808425
27415,C[Si](C)(CCCOC(=O)*)CO*,C[Si](C)(CCCOC(=O)[*])CO[*],[*]CCCOC(=O)OC[Si]([*])(C)C,8.46e-05,-4.0726296369609765,1,-4.687116952081395
27416,CCC(CO*)C(=O)NCC(C)OC(=O)*,CCC(CO[*])C(=O)NCC(C)OC(=O)[*],[*]COC(=O)OC(C)CNC(=O)C([*])CC,4.85e-05,-4.314258261397736,3,-4.2523991627559505
27417,CCCC=CC(=O)NC(CO*)COC(=O)*,CCCC=CC(=O)NC(CO[*])COC(=O)[*],[*]COC(=O)OCC([*])NC(=O)C=CCCC,5.53e-05,-4.257274868695302,0,-4.31815628534684
27418,CCC(COC(=O)*)SC(C)C(C)O*,CCC(COC(=O)[*])SC(C)C(C)O[*],[*]COC(=O)OC(C)C(C)SC([*])CC,2.79e-05,-4.554395796726403,3,-4.344247802805083
27419,CC(CCOC(=O)*)SCC(O*)C(C)C,CC(CCOC(=O)[*])SCC(O[*])C(C)C,[*]CCOC(=O)OC(CSC([*])C)C(C)C,6.86e-05,-4.163675884293248,2,-4.32244166976786
27420,CCCC(CC(=O)NOCCOC(=O)*)O*,CCCC(CC(=O)NOCCOC(=O)[*])O[*],[*]CC(=O)NOCCOC(=O)OC([*])CCC,9.53e-05,-4.020907099361674,1,-4.150729470468369
27421,CC=CC(=O)N(C)CC(COC(=O)*)O*,CC=CC(=O)N(C)CC(COC(=O)[*])O[*],[*]COC(=O)OC([*])CN(C)C(=O)C=CC,4.7e-05,-4.327902142064283,0,-4.3687656700554935
27422,CCC(COC(=O)*)C(=O)NC(C)(C)CO*,CCC(COC(=O)[*])C(=O)NC(C)(C)CO[*],[*]COC(=O)OCC(C)(C)NC(=O)C([*])CC,5.99e-05,-4.2225731776106885,0,-4.438566093783372
27423,CC(CCOC(=O)CC(C)OC(=O)*)O*,CC(CCOC(=O)CC(C)OC(=O)[*])O[*],[*]CCOC(=O)CC(C)OC(=O)OC([*])C,4.26e-05,-4.370590400897281,3,-4.322185500094849
27424,CC=C(C)C(=O)NC(CO*)COC(=O)*,CC=C(C)C(=O)NC(CO[*])COC(=O)[*],[*]COC(=O)OCC([*])NC(=O)C(C)=CC,3.56e-05,-4.448550002027125,1,-4.366766877380805
27425,C#CCOCC(COC(=O)*)O*,C#CCOCC(COC(=O)[*])O[*],[*]COC(=O)OC([*])COCC#C,5.1e-05,-4.292429823902063,3,-4.144873227480648
27426,CC(CSCCC(O*)C(C)C)OC(=O)*,CC(CSCCC(O[*])C(C)C)OC(=O)[*],[*]CSCCC(OC(=O)OC([*])C)C(C)C,2.76e-05,-4.559090917934783,3,-4.382597125295306
27427,CCCCCC(CO*)COC(=O)*,CCCCCC(CO[*])COC(=O)[*],[*]COC(=O)OCC([*])CCCCC,3.32e-05,-4.478861916295964,2,-4.315909795161453
27428,CC(CN*)CNC(=O)C(C)NC(=O)*,CC(CN[*])CNC(=O)C(C)NC(=O)[*],[*]CNC(=O)NC(C)C(=O)NCC([*])C,6.93e-05,-4.159266765388193,0,-4.200904542945684
27429,CC(CCNC(=O)C(C)(C)O*)OC(=O)*,CC(CCNC(=O)C(C)(C)O[*])OC(=O)[*],[*]CCNC(=O)C(C)(C)OC(=O)OC([*])C,2.86e-05,-4.543633966870957,2,-4.318117518730432
27430,CC(CCO*)SCCCCCOC(=O)*,CC(CCO[*])SCCCCCOC(=O)[*],[*]CCOC(=O)OCCCCCSC([*])C,0.00011,-3.958607314841775,2,-3.993458135687104
27431,CCOCC(CN(C)CCCO*)OC(=O)*,CCOCC(CN(C)CCCO[*])OC(=O)[*],[*]CN(C)CCCOC(=O)OC([*])COCC,0.000121,-3.9172146296835497,0,-3.9962437699850417
27432,CC(O*)C(=O)NC(COC(=O)*)C(C)C,CC(O[*])C(=O)NC(COC(=O)[*])C(C)C,[*]OC(=O)OCC(NC(=O)C([*])C)C(C)C,5.92e-05,-4.22767829327708,3,-4.358638162972037
27433,CC(C)CCN(C)C(=O)C(COC(=O)*)N*,CC(C)CCN(C)C(=O)C(COC(=O)[*])N[*],[*]COC(=O)NC([*])C(=O)N(C)CCC(C)C,1.55e-05,-4.809668301829708,2,-4.402099177543325
27434,CCCOC(=O)N(CCO*)CCOC(=O)*,CCCOC(=O)N(CCO[*])CCOC(=O)[*],[*]CCOC(=O)OCCN([*])C(=O)OCCC,3.21e-05,-4.493494967595128,0,-4.216861442528751
27435,CC(CS(=O)(=O)C(C)C(C)OC(=O)*)O*,CC(CS(=O)(=O)C(C)C(C)OC(=O)[*])O[*],[*]CS(=O)(=O)C(C)C(C)OC(=O)OC([*])C,2.78e-05,-4.555955204081924,3,-4.412060604413621
27436,O=C(*)OCCC(O*)C(F)(F)F,O=C([*])OCCC(O[*])C(F)(F)F,[*]OCCC(OC([*])=O)C(F)(F)F,5.58e-05,-4.253365801062421,1,-4.483901336498006
27437,CCCCOCC(CNCCO*)OC(=O)*,CCCCOCC(CNCCO[*])OC(=O)[*],[*]CNCCOC(=O)OC([*])COCCCC,9.38e-05,-4.027797161620936,0,-4.0096795157655105
27438,CC(C)C(C)(C#CC(C)(OC(=O)*)C(C)C)O*,CC(C)C(C)(C#CC(C)(OC(=O)[*])C(C)C)O[*],[*]C#CC(C)(OC(=O)OC([*])(C)C(C)C)C(C)C,1.15e-05,-4.939302159646388,1,-4.67501563733449
27439,CC(=O)CN(CCO*)CC(C)OC(=O)*,CC(=O)CN(CCO[*])CC(C)OC(=O)[*],[*]CCOC(=O)OC(C)CN([*])CC(C)=O,9.52e-05,-4.021363051615526,3,-4.171763082217646
27440,CC(C)C(NC(=O)*)C(=O)NCCCCO*,CC(C)C(NC(=O)[*])C(=O)NCCCCO[*],[*]NC(=O)OCCCCNC(=O)C([*])C(C)C,5.7e-05,-4.2441251443275085,2,-4.33332365479786
27441,CC(OC(=O)*)C(=O)N(C)C(C)CO*,CC(OC(=O)[*])C(=O)N(C)C(C)CO[*],[*]OC(=O)OCC(C)N(C)C(=O)C([*])C,2.47e-05,-4.607303046740334,2,-4.481752744300247
27442,CC(OC(=O)*)C(=O)NC(CO*)C(C)(C)C,CC(OC(=O)[*])C(=O)NC(CO[*])C(C)(C)C,[*]OC(=O)OCC(NC(=O)C([*])C)C(C)(C)C,2.75e-05,-4.560667306169737,1,-4.539585060054881
27443,CC(C)(CCCC(C)(O*)C(=O)O)OC(=O)*,CC(C)(CCCC(C)(O[*])C(=O)O)OC(=O)[*],[*]CCCC(C)(OC(=O)OC([*])(C)C)C(=O)O,2.29e-05,-4.640164517660112,0,-4.577866702811564
27444,CC(C)C(CNC(=O)CCCN*)NC(=O)*,CC(C)C(CNC(=O)CCCN[*])NC(=O)[*],[*]CNC(=O)CCCNC(=O)NC([*])C(C)C,8.11e-05,-4.090979145788844,3,-4.2438045048361825
27445,CC(C)C(C)(OC(=O)*)C(=O)NCCCO*,CC(C)C(C)(OC(=O)[*])C(=O)NCCCO[*],[*]OC(=O)OCCCNC(=O)C([*])(C)C(C)C,4.78e-05,-4.320572103387881,1,-4.357240198521806
27446,CC(NC(=O)*)C(=O)N(C)CC(C)(C)CN*,CC(NC(=O)[*])C(=O)N(C)CC(C)(C)CN[*],[*]NC(=O)NCC(C)(C)CN(C)C(=O)C([*])C,2.77e-05,-4.557520230935552,0,-4.527254442268171
27447,CC(C)(OC(=O)*)C(F)CCO*,CC(C)(OC(=O)[*])C(F)CCO[*],[*]OC(=O)OCCC(F)C([*])(C)C,1.31e-05,-4.882728704344236,2,-4.529279368687435
27448,O=CC(=O)C=CC(COC(=O)*)O*,O=CC(=O)C=CC(COC(=O)[*])O[*],[*]COC(=O)OC([*])C=CC(=O)C=O,6.06e-05,-4.217527375833714,3,-4.2442084862786595
27449,CC(O*)C(C=O)OC(=O)*,CC(O[*])C(C=O)OC(=O)[*],[*]OC(=O)OC(C=O)C([*])C,3.61e-05,-4.442492798094342,3,-4.212590591605292
27450,CC(C)C(N*)C(=O)N(C)CCCOC(=O)*,CC(C)C(N[*])C(=O)N(C)CCCOC(=O)[*],[*]NC(=O)OCCCN(C)C(=O)C([*])C(C)C,2.79e-05,-4.554395796726403,2,-4.309162876791284
27451,CC(C)C(OC(=O)*)C(C)N*,CC(C)C(OC(=O)[*])C(C)N[*],[*]OC(=O)NC(C)C([*])C(C)C,6.07e-05,-4.216811308924743,3,-4.571480618816882
27452,CC(CNC(=O)*)NC(=O)C(N*)C(C)(C)C,CC(CNC(=O)[*])NC(=O)C(N[*])C(C)(C)C,[*]CNC(=O)NC(C(=O)NC([*])C)C(C)(C)C,5.51e-05,-4.258848401148215,1,-4.499885060206088
27453,CC(C)OCCNC(CN*)CNC(=O)*,CC(C)OCCNC(CN[*])CNC(=O)[*],[*]CNC(=O)NCC([*])NCCOC(C)C,0.000105,-3.9788107009300617,0,-4.055415177535889
27454,CCCN(CC(C)O*)CC(C)OC(=O)*,CCCN(CC(C)O[*])CC(C)OC(=O)[*],[*]CC(C)OC(=O)OC(C)CN([*])CCC,6.24e-05,-4.204815410317576,3,-4.359082687648292
27455,O=C(*)NCCC(CCN*)C(F)(F)F,O=C([*])NCCC(CCN[*])C(F)(F)F,[*]NCCC(CCNC([*])=O)C(F)(F)F,5.73e-05,-4.24184537803261,3,-4.301715625652984
27456,CC(OC(=O)*)C(C)SCCCCO*,CC(OC(=O)[*])C(C)SCCCCO[*],[*]OC(=O)OCCCCSC(C)C([*])C,9.01e-05,-4.045275209020937,2,-4.217026895805129
27457,CC(C=CC(C)OC(=O)*)O*,CC(C=CC(C)OC(=O)[*])O[*],[*]C=CC(C)OC(=O)OC([*])C,4.61e-05,-4.336299074610352,1,-4.4041600326561445
27458,CC(O*)C(NC(=O)*)C(=O)OC(C)(C)C,CC(O[*])C(NC(=O)[*])C(=O)OC(C)(C)C,[*]OC(=O)NC(C(=O)OC(C)(C)C)C([*])C,1.52e-05,-4.818156412055227,0,-4.537278277636478
27459,O=C(*)NCCC(CCO*)C(F)(F)F,O=C([*])NCCC(CCO[*])C(F)(F)F,[*]NCCC(CCOC([*])=O)C(F)(F)F,5.14e-05,-4.289036881004725,3,-4.34911307263012
27460,CCC(CC)C(CNC(=O)*)N*,CCC(CC)C(CNC(=O)[*])N[*],[*]CNC(=O)NC([*])C(CC)CC,4.25e-05,-4.371611069949688,0,-4.542581349162884
27461,CCC(CO*)CC(CC)COC(=O)*,CCC(CO[*])CC(CC)COC(=O)[*],[*]COC(=O)OCC(CC)CC([*])CC,4.16e-05,-4.380906669373258,1,-4.508684910364361
27462,CC=CC(O*)C(C)(OC(=O)*)C(C)=O,CC=CC(O[*])C(C)(OC(=O)[*])C(C)=O,[*]OC(=O)OC(C)(C(C)=O)C([*])C=CC,3.64e-05,-4.438898616350944,2,-4.409416600684268
27463,CC(CN*)NC(=O)C(NC(=O)*)C(C)C,CC(CN[*])NC(=O)C(NC(=O)[*])C(C)C,[*]CNC(=O)NC(C(=O)NC([*])C)C(C)C,4.21e-05,-4.375717904164332,2,-4.416719232243809
27464,CC(C)C(CO*)C(NC(=O)*)C(C)C,CC(C)C(CO[*])C(NC(=O)[*])C(C)C,[*]COC(=O)NC(C(C)C)C([*])C(C)C,2.54e-05,-4.5951662833800615,1,-4.724811146219764
27465,COC(C)(C)OC(CCOC(=O)*)CO*,COC(C)(C)OC(CCOC(=O)[*])CO[*],[*]CCOC(=O)OCC([*])OC(C)(C)OC,7.25e-05,-4.139661993429006,3,-4.309916714978502
27466,CCC(C)C(CN*)COC(=O)*,CCC(C)C(CN[*])COC(=O)[*],[*]CNC(=O)OCC([*])C(C)CC,2.09e-05,-4.679853713888946,1,-4.621030005497066
27467,CC(CNC(=O)C(O*)C(C)C)COC(=O)*,CC(CNC(=O)C(O[*])C(C)C)COC(=O)[*],[*]CNC(=O)C(OC(=O)OCC([*])C)C(C)C,2.55e-05,-4.5934598195660445,0,-4.376458569827165
27468,CCCCN(CC(C)O*)CC(C)OC(=O)*,CCCCN(CC(C)O[*])CC(C)OC(=O)[*],[*]CC(C)OC(=O)OC(C)CN([*])CCCC,5.83e-05,-4.2343314452409855,1,-4.396317686966506
27469,CCCCCC(CCO*)OC(=O)*,CCCCCC(CCO[*])OC(=O)[*],[*]CCOC(=O)OC([*])CCCCC,7.18e-05,-4.1438755557577,0,-4.394075282169095
27470,CC(CCN*)CC(C)(C)CNC(=O)*,CC(CCN[*])CC(C)(C)CNC(=O)[*],[*]CCNC(=O)NCC(C)(C)CC([*])C,4.09e-05,-4.388276691992658,1,-4.405790185878689
27471,CC(C)(C)OCC(CN*)OC(=O)*,CC(C)(C)OCC(CN[*])OC(=O)[*],[*]CNC(=O)OC([*])COC(C)(C)C,6.73e-05,-4.171984935776023,0,-4.481987629794382
27472,O=C(*)NCCC(CN*)C(F)(F)F,O=C([*])NCCC(CN[*])C(F)(F)F,[*]NCCC(CNC([*])=O)C(F)(F)F,5.24e-05,-4.280668713016273,1,-4.323169850771221
27473,CC(CCO*)SCC(C)(C)OC(=O)*,CC(CCO[*])SCC(C)(C)OC(=O)[*],[*]CCOC(=O)OC(C)(C)CSC([*])C,4.04e-05,-4.393618634889395,3,-4.264023266198909
27474,CCCC(OC(=O)*)C(CC)N*,CCCC(OC(=O)[*])C(CC)N[*],[*]OC(=O)NC(CC)C([*])CCC,2.48e-05,-4.605548319173784,0,-4.681038864386335
27475,O=C(*)OC(CCP(=O)(O)O)CO*,O=C([*])OC(CCP(=O)(O)O)CO[*],[*]OCC(CCP(=O)(O)O)OC([*])=O,5.52e-05,-4.2580609222708015,3,-4.258574209000288
27476,O=C(*)NCCCCCCCCCCCN*,O=C([*])NCCCCCCCCCCCN[*],[*]NCCCCCCCCCCCNC([*])=O,9.43e-05,-4.025488307262672,2,-4.0890415599816885
27477,O=C(*)NCCNC(=O)C(CC(F)F)N*,O=C([*])NCCNC(=O)C(CC(F)F)N[*],[*]NCCNC(=O)C(CC(F)F)NC([*])=O,7.29e-05,-4.137272471682025,2,-4.3411179282188135
27478,O=C(*)OC(F)(C(F)(F)F)C(F)(F)O*,O=C([*])OC(F)(C(F)(F)F)C(F)(F)O[*],[*]OC(F)(F)C(F)(OC([*])=O)C(F)(F)F,5.29e-05,-4.276544327964814,1,-5.070605039414403
27479,O=C(*)OCCN(CCCF)CCN*,O=C([*])OCCN(CCCF)CCN[*],[*]NCCN(CCCF)CCOC([*])=O,9.98e-05,-4.000869458712629,2,-4.003723148454445
27480,O=C(*)NCCN*,O=C([*])NCCN[*],[*]NCCNC([*])=O,7.49e-05,-4.125518182300533,2,-4.001803005601948
27481,O=C(*)NCCCNC(=O)NCC=CCO*,O=C([*])NCCCNC(=O)NCC=CCO[*],[*]NCC=CCOC(=O)NCCCNC([*])=O,7.47e-05,-4.126679398184601,1,-3.957789780583128
27482,O=C(*)OC(C(O*)C(=O)O)C(F)(F)F,O=C([*])OC(C(O[*])C(=O)O)C(F)(F)F,[*]OC(C(=O)O)C(OC([*])=O)C(F)(F)F,2.86e-05,-4.543633966870957,0,-4.455049929917934
27483,O=C(*)OCC(CO*)NCCOCC(F)F,O=C([*])OCC(CO[*])NCCOCC(F)F,[*]OCC(COC([*])=O)NCCOCC(F)F,0.000139,-3.856985199745905,2,-4.008284167800332
27484,O=C(*)NC(CCC(N*)C(=O)O)C(=O)O,O=C([*])NC(CCC(N[*])C(=O)O)C(=O)O,[*]NC(CCC(NC([*])=O)C(=O)O)C(=O)O,5.92e-05,-4.22767829327708,1,-4.3407299346187775
27485,O=C(*)NCCNC(=O)NCCCCCO*,O=C([*])NCCNC(=O)NCCCCCO[*],[*]NCCCCCOC(=O)NCCNC([*])=O,6.29e-05,-4.201349354554731,0,-3.8800277224844812
27486,O=C(*)NCC=CCCN*,O=C([*])NCC=CCCN[*],[*]NCC=CCCNC([*])=O,7.22e-05,-4.141462802430361,0,-4.0010002827285716
27487,O=C(*)NCCC(=O)NCCCO*,O=C([*])NCCC(=O)NCCCO[*],[*]CCNC(=O)OCCCNC([*])=O,0.000129,-3.889410289700751,1,-4.177466817877604
27488,O=C(*)NCCCN*,O=C([*])NCCCN[*],[*]NCCCNC([*])=O,9.22e-05,-4.035269078946371,1,-4.085777731912962
27489,O=C(*)NCCCO*,O=C([*])NCCCO[*],[*]NCCCOC([*])=O,8.43e-05,-4.074172425375258,0,-3.9343771832965535
27492,O=C(*)NCCS(=O)(=S)OCCN*,O=C([*])NCCS(=O)(=S)OCCN[*],[*]NCCOS(=O)(=S)CCNC([*])=O,8.68e-05,-4.061480274823508,0,-4.335382656971481
27493,C#CCOCC(CNCCO*)OC(=O)*,C#CCOCC(CNCCO[*])OC(=O)[*],[*]CNCCOC(=O)OC([*])COCC#C,7.11e-05,-4.148130399270234,1,-3.8424687784558125
27494,CNCC(C)NC(=O)CC(CNC(=O)*)O*,CNCC(C)NC(=O)CC(CNC(=O)[*])O[*],[*]CNC(=O)OC([*])CC(=O)NC(C)CNC,5.06e-05,-4.295849483160201,2,-4.201731397345479
27495,CC(OC(=O)*)C(=O)OCC(C)(C)CO*,CC(OC(=O)[*])C(=O)OCC(C)(C)CO[*],[*]OC(=O)OCC(C)(C)COC(=O)C([*])C,3.72e-05,-4.429457060118103,1,-4.38692326543248
27496,CC(C)(NC(=O)*)C(=O)NCCN*,CC(C)(NC(=O)[*])C(=O)NCCN[*],[*]NC(=O)NCCNC(=O)C([*])(C)C,5.09e-05,-4.293282217663242,1,-4.21092331718636
27497,COC(=O)C(CCN*)CCNC(=O)*,COC(=O)C(CCN[*])CCNC(=O)[*],[*]CCNC(=O)NCCC([*])C(=O)OC,5.01e-05,-4.300162274132754,3,-4.194870082474112
27498,CCC(CO*)C(=O)N(C)CCOC(=O)*,CCC(CO[*])C(=O)N(C)CCOC(=O)[*],[*]COC(=O)OCCN(C)C(=O)C([*])CC,6.9e-05,-4.161150909262744,3,-4.307465799686246
27499,C=CCC(CNCC(C)OC(=O)*)CO*,C=CCC(CNCC(C)OC(=O)[*])CO[*],[*]CNCC(C)OC(=O)OCC([*])CC=C,6.34e-05,-4.197910742118268,2,-4.193250226836003
27500,CC=C(NC=N)NCC(CO*)OC(=O)*,CC=C(NC=N)NCC(CO[*])OC(=O)[*],[*]COC(=O)OC([*])CNC(=CC)NC=N,4.14e-05,-4.382999658879101,3,-4.437430122692441
27501,CCC(C)NC(=O)C(CCN*)NC(=O)*,CCC(C)NC(=O)C(CCN[*])NC(=O)[*],[*]CCNC(=O)NC([*])C(=O)NC(C)CC,3.26e-05,-4.486782399932061,1,-4.270638935298964
27502,CCC(C)C(COC(=O)*)NCC(C)(C)O*,CCC(C)C(COC(=O)[*])NCC(C)(C)O[*],[*]COC(=O)OC(C)(C)CNC([*])C(C)CC,3.44e-05,-4.46344155742847,2,-4.489996036376887
27503,C=CC(CNCCCCO*)OC(=O)*,C=CC(CNCCCCO[*])OC(=O)[*],[*]CNCCCCOC(=O)OC([*])C=C,0.000119,-3.924453038607469,0,-4.072311971155265
27504,CC(C)C(C)(CN*)NCCOC(=O)*,CC(C)C(C)(CN[*])NCCOC(=O)[*],[*]CNC(=O)OCCNC([*])(C)C(C)C,3.5e-05,-4.455931955649724,2,-4.414944115128401
27505,CC(C)C(CNC(=O)CN*)NC(=O)*,CC(C)C(CNC(=O)CN[*])NC(=O)[*],[*]CNC(=O)CNC(=O)NC([*])C(C)C,4.51e-05,-4.345823458122039,2,-4.3654656546126125
27506,CNCC(CN(C)C(=O)CNC(=O)*)O*,CNCC(CN(C)C(=O)CNC(=O)[*])O[*],[*]CN(C)C(=O)CNC(=O)OC([*])CNC,5.01e-05,-4.300162274132754,2,-4.184296652938384
27507,CC(C)(CNCCCC(C)(C)OC(=O)*)O*,CC(C)(CNCCCC(C)(C)OC(=O)[*])O[*],[*]CCCNCC(C)(C)OC(=O)OC([*])(C)C,3.43e-05,-4.464705879957229,2,-4.411410029279178
27508,CC(NCCCCOC(=O)*)C(C)O*,CC(NCCCCOC(=O)[*])C(C)O[*],[*]NCCCCOC(=O)OC(C)C([*])C,6.59e-05,-4.18111458540599,0,-4.36296602716498
27509,CCC(CC)C(COC(=O)*)N*,CCC(CC)C(COC(=O)[*])N[*],[*]COC(=O)NC([*])C(CC)CC,2.5e-05,-4.6020599913279625,3,-4.566163892691421
27510,CCC(O*)C(C)C(CC)OC(=O)*,CCC(O[*])C(C)C(CC)OC(=O)[*],[*]OC(=O)OC(CC)C(C)C([*])CC,1.63e-05,-4.787812395596042,3,-4.683621105363525
27511,CN(CCO*)CC(C)(C)NC(=O)*,CN(CCO[*])CC(C)(C)NC(=O)[*],[*]CCOC(=O)NC(C)(C)CN([*])C,6.07e-05,-4.216811308924743,0,-4.237457380041017
27512,CC(CSCCO*)(OC(=O)*)C(F)F,CC(CSCCO[*])(OC(=O)[*])C(F)F,[*]CSCCOC(=O)OC([*])(C)C(F)F,7.45e-05,-4.127843727251707,2,-4.104066051952544
27513,O=C(*)OCCOCCOCCCN*,O=C([*])OCCOCCOCCCN[*],[*]NCCCOCCOCCOC([*])=O,0.000169,-3.772113295386327,3,-3.4834869517574973
27514,C=C(C)CN(C)CC(CO*)OC(=O)*,C=C(C)CN(C)CC(CO[*])OC(=O)[*],[*]COC(=O)OC([*])CN(C)CC(=C)C,9.36e-05,-4.028724151261895,0,-4.300717795592979
27515,COC(=O)C(C)NC(=O)C(CN*)OC(=O)*,COC(=O)C(C)NC(=O)C(CN[*])OC(=O)[*],[*]CNC(=O)OC([*])C(=O)NC(C)C(=O)OC,5.14e-05,-4.289036881004725,0,-4.280246153986304
27516,NC(N)=NN=CC(CO*)OC(=O)*,NC(N)=NN=CC(CO[*])OC(=O)[*],[*]COC(=O)OC([*])C=NN=C(N)N,6.45e-05,-4.1904402853647325,1,-4.375783494120076
27517,CC(CONC(=O)CC(C)(C)NC(=O)*)N*,CC(CONC(=O)CC(C)(C)NC(=O)[*])N[*],[*]CONC(=O)CC(C)(C)NC(=O)NC([*])C,3.03e-05,-4.518557371497695,0,-4.297412087236429
27518,CCNCC(=O)NCC(CN*)OC(=O)*,CCNCC(=O)NCC(CN[*])OC(=O)[*],[*]CNC(=O)OC([*])CNC(=O)CNCC,0.000102,-3.9913998282380825,2,-4.164904621232468
27519,CCNC(=S)NC(COC(=O)*)C(C)O*,CCNC(=S)NC(COC(=O)[*])C(C)O[*],[*]COC(=O)OC(C)C([*])NC(=S)NCC,1.97e-05,-4.705533773838407,0,-4.359459726496745
27520,CCCCCC(CNCC(C)OC(=O)*)O*,CCCCCC(CNCC(C)OC(=O)[*])O[*],[*]CNCC(C)OC(=O)OC([*])CCCCC,5.62e-05,-4.250263684430939,2,-4.215437093657266
27521,CCC(C)(C#N)NC(=O)C(N*)C(C)OC(=O)*,CCC(C)(C#N)NC(=O)C(N[*])C(C)OC(=O)[*],[*]NC(=O)OC(C)C([*])C(=O)NC(C)(C#N)CC,4.36e-05,-4.360513510731414,3,-4.264247919096765
27522,CC(F)(F)CNCC(COC(=O)*)O*,CC(F)(F)CNCC(COC(=O)[*])O[*],[*]COC(=O)OC([*])CNCC(C)(F)F,7.46e-05,-4.127261172527331,0,-4.020123945268545
27523,CC(C)CC(CO*)NC(=O)C(C)NC(=O)*,CC(C)CC(CO[*])NC(=O)C(C)NC(=O)[*],[*]COC(=O)NC(C)C(=O)NC([*])CC(C)C,4.37e-05,-4.359518563029578,2,-4.472035343250182
27524,CCOC(=O)CN(CCN*)CCNC(=O)*,CCOC(=O)CN(CCN[*])CCNC(=O)[*],[*]CCNC(=O)NCCN([*])CC(=O)OCC,5.98e-05,-4.223298816011589,1,-4.1330854582150165
27525,CCCCC(C)NCC(CNC(=O)*)O*,CCCCC(C)NCC(CNC(=O)[*])O[*],[*]CNC(=O)OC([*])CNC(C)CCCC,5.02e-05,-4.29929628285498,2,-4.362925526997372
27526,CCC(CN(C)CC(COC)OC(=O)*)N*,CCC(CN(C)CC(COC)OC(=O)[*])N[*],[*]CN(C)CC(COC)OC(=O)NC([*])CC,4.19e-05,-4.377785977033705,3,-4.212574880224671
27527,CC(C)OC(=O)C(OC(=O)*)C(O*)C(=O)O,CC(C)OC(=O)C(OC(=O)[*])C(O[*])C(=O)O,[*]OC(=O)OC(C(=O)O)C([*])C(=O)OC(C)C,1.74e-05,-4.7594507517174005,0,-4.518753322374515
27528,C=CC(OC(=O)*)C(=O)N(C)C(C)CCO*,C=CC(OC(=O)[*])C(=O)N(C)C(C)CCO[*],[*]OC(=O)OCCC(C)N(C)C(=O)C([*])C=C,6.32e-05,-4.199282921717615,1,-4.455924292027399
27529,C=C(COC(=O)*)C(=O)NC(CO*)C(C)C,C=C(COC(=O)[*])C(=O)NC(CO[*])C(C)C,[*]COC(=O)OCC(NC(=O)C([*])=C)C(C)C,4.11e-05,-4.386158178123931,1,-4.3886067450483734
27530,CC(CCCO*)NC(=O)CCOC(=O)*,CC(CCCO[*])NC(=O)CCOC(=O)[*],[*]CCCOC(=O)OCCC(=O)NC([*])C,6.5e-05,-4.187086643357144,2,-4.137385355556409
27531,CCOCC(=O)NC(CO*)C(C)OC(=O)*,CCOCC(=O)NC(CO[*])C(C)OC(=O)[*],[*]COC(=O)OC(C)C([*])NC(=O)COCC,7.61e-05,-4.118615343229427,3,-4.153033725554746
27532,C=CC(CO*)NCC(C)OC(=O)*,C=CC(CO[*])NCC(C)OC(=O)[*],[*]COC(=O)OC(C)CNC([*])C=C,4.66e-05,-4.33161408331,3,-4.158614956757873
27533,CC(=CCNC(CO*)COC(=O)*)C(=O)O,CC(=CCNC(CO[*])COC(=O)[*])C(=O)O,[*]COC(=O)OCC([*])NCC=C(C)C(=O)O,4.84e-05,-4.315154638355588,2,-4.251387314818701
27534,O=C(*)NC(CCN*)C(=O)NCCCS,O=C([*])NC(CCN[*])C(=O)NCCCS,[*]NCCC(NC([*])=O)C(=O)NCCCS,6.03e-05,-4.219682687859849,1,-4.1976824316310655
27535,O=C(*)OCCNC(=O)C(CC(F)F)N*,O=C([*])OCCNC(=O)C(CC(F)F)N[*],[*]NC(CC(F)F)C(=O)NCCOC([*])=O,4.73e-05,-4.325138859262188,0,-4.27434281261989
27536,CC(COC(=O)*)CSC(C)C(C)O*,CC(COC(=O)[*])CSC(C)C(C)O[*],[*]COC(=O)OC(C)C(C)SCC([*])C,5.15e-05,-4.288192770958809,0,-4.3247052528999115
27537,CC(CC#N)NCC(CO*)OC(=O)*,CC(CC#N)NCC(CO[*])OC(=O)[*],[*]COC(=O)OC([*])CNC(C)CC#N,0.000119,-3.924453038607469,2,-4.071584938439925
27538,CC(C)(N*)C(=O)NCCCCNC(=O)*,CC(C)(N[*])C(=O)NCCCCNC(=O)[*],[*]NC(=O)NCCCCNC(=O)C([*])(C)C,7.48e-05,-4.126098402135539,2,-4.35342318216735
27539,CN(CCOC(=O)*)CC(C)(O*)C(F)F,CN(CCOC(=O)[*])CC(C)(O[*])C(F)F,[*]CCOC(=O)OC(C)(CN([*])C)C(F)F,0.000102,-3.9913998282380825,2,-4.353448706053319
27540,C=CC(C)(O*)C(=O)NCCOC(=O)*,C=CC(C)(O[*])C(=O)NCCOC(=O)[*],[*]OC(=O)OCCNC(=O)C([*])(C)C=C,3.56e-05,-4.448550002027125,0,-4.170913460095318
27541,CC(CNC(=O)*)(N*)C(F)(F)F,CC(CNC(=O)[*])(N[*])C(F)(F)F,[*]CNC(=O)NC([*])(C)C(F)(F)F,3.7e-05,-4.431798275933005,1,-4.488293909825244
27542,O=C(*)OCCCCCCSCCCO*,O=C([*])OCCCCCCSCCCO[*],[*]OCCCCCCSCCCOC([*])=O,0.000209,-3.6798537138889458,0,-4.021910264164029
27543,CC(CO*)NC(=O)*,CC(CO[*])NC(=O)[*],[*]COC(=O)NC([*])C,2.12e-05,-4.673664139071248,1,-4.2562715179313955
27544,CC(=O)CNCC(COC(=O)*)O*,CC(=O)CNCC(COC(=O)[*])O[*],[*]COC(=O)OC([*])CNCC(C)=O,7.62e-05,-4.1180450286604,1,-4.146810567916634
27545,CC(NC(=O)*)C(=O)NC(CO*)CC(F)F,CC(NC(=O)[*])C(=O)NC(CO[*])CC(F)F,[*]NC(=O)OCC(CC(F)F)NC(=O)C([*])C,3.19e-05,-4.496209316942819,2,-4.274247410607639
27546,O=C(*)OCC(O)=C(O)C(O)=C(O)CO*,O=C([*])OCC(O)=C(O)C(O)=C(O)CO[*],[*]OCC(O)=C(O)C(O)=C(O)COC([*])=O,6.75e-05,-4.170696227168975,3,-4.823849502890585
27547,CCCCNCC(CC(C)(C)OC(=O)*)O*,CCCCNCC(CC(C)(C)OC(=O)[*])O[*],[*]CC(C)(C)OC(=O)OC([*])CNCCCC,6.43e-05,-4.191789027075778,3,-4.365776747445262
27548,CC(C)(C)C(O*)C(=O)OCCCOC(=O)*,CC(C)(C)C(O[*])C(=O)OCCCOC(=O)[*],[*]OC(=O)OCCCOC(=O)C([*])C(C)(C)C,4.66e-05,-4.33161408331,0,-4.4875089470920075
27549,CCN(CCO*)C(=O)C(C)NC(=O)*,CCN(CCO[*])C(=O)C(C)NC(=O)[*],[*]CCOC(=O)NC(C)C(=O)N([*])CC,6.45e-05,-4.1904402853647325,3,-4.456910946072317
27550,CC(CNC(=O)*)C(=O)N(C)CCN*,CC(CNC(=O)[*])C(=O)N(C)CCN[*],[*]CNC(=O)NCCN(C)C(=O)C([*])C,3.57e-05,-4.447331783887806,2,-4.386019874586068
27551,CCN(CCOC(=O)*)C(=O)C(C)(C)O*,CCN(CCOC(=O)[*])C(=O)C(C)(C)O[*],[*]CCOC(=O)OC(C)(C)C(=O)N([*])CC,4.37e-05,-4.359518563029578,2,-4.3994026566774025
27552,CCCC(C)(CNC(C)C(C)O*)OC(=O)*,CCCC(C)(CNC(C)C(C)O[*])OC(=O)[*],[*]CNC(C)C(C)OC(=O)OC([*])(C)CCC,4.25e-05,-4.371611069949688,3,-4.409058993889903
27553,C[Si](C)(C)CNC(=O)C(CN*)NC(=O)*,C[Si](C)(C)CNC(=O)C(CN[*])NC(=O)[*],[*]CNC(=O)NC([*])C(=O)NC[Si](C)(C)C,5.05e-05,-4.296708621881338,3,-4.3237675959263555
27554,CC(CONC(=O)C(C)CNC(=O)*)N*,CC(CONC(=O)C(C)CNC(=O)[*])N[*],[*]CONC(=O)C(C)CNC(=O)NC([*])C,5.11e-05,-4.291579099865287,3,-4.217145546006961
27555,O=C(*)NCCC(O*)C(=O)O,O=C([*])NCCC(O[*])C(=O)O,[*]NCCC(OC([*])=O)C(=O)O,4.79e-05,-4.319664486585437,0,-4.371798556325094
27556,C#CCNC(=O)C(N*)C(C)(C)OC(=O)*,C#CCNC(=O)C(N[*])C(C)(C)OC(=O)[*],[*]NC(=O)OC(C)(C)C([*])C(=O)NCC#C,2.26e-05,-4.645891560852599,1,-4.247758228233981
27557,CCCN(CCOCCO*)CCOC(=O)*,CCCN(CCOCCO[*])CCOC(=O)[*],[*]CCOCCOC(=O)OCCN([*])CCC,0.000132,-3.87942606879415,0,-3.6159577314846576
27558,COC(=O)C(C)(C)NCC(CO*)OC(=O)*,COC(=O)C(C)(C)NCC(CO[*])OC(=O)[*],[*]COC(=O)OC([*])CNC(C)(C)C(=O)OC,5.02e-05,-4.29929628285498,3,-4.34335641055922
27559,CCCC(CC(=O)OCCOC(=O)*)O*,CCCC(CC(=O)OCCOC(=O)[*])O[*],[*]CC(=O)OCCOC(=O)OC([*])CCC,5.42e-05,-4.266000713461613,0,-4.273226132273473
27560,CC(C)OCC(N*)C(=O)NCCNC(=O)*,CC(C)OCC(N[*])C(=O)NCCNC(=O)[*],[*]NC(=O)NCCNC(=O)C([*])COC(C)C,0.000132,-3.87942606879415,2,-4.149740497291398
27561,CC(CN(N)CC(C)OC(=O)*)O*,CC(CN(N)CC(C)OC(=O)[*])O[*],[*]CN(N)CC(C)OC(=O)OC([*])C,0.000121,-3.9172146296835497,1,-4.192901549342217
27562,C=CC(=O)N(C)CC(C)(CO*)COC(=O)*,C=CC(=O)N(C)CC(C)(CO[*])COC(=O)[*],[*]COC(=O)OCC([*])(C)CN(C)C(=O)C=C,4.87e-05,-4.3124710387853655,2,-4.539163676446469
27563,CCC(CC)(COC(=O)*)N*,CCC(CC)(COC(=O)[*])N[*],[*]COC(=O)NC([*])(CC)CC,4.28e-05,-4.368556230986828,2,-4.651765108675357
27564,CSCC(CN(C)CCCN*)OC(=O)*,CSCC(CN(C)CCCN[*])OC(=O)[*],[*]CN(C)CCCNC(=O)OC([*])CSC,5.61e-05,-4.251037138743839,0,-4.24569673905705
27565,O=C(*)OCCCCCCCCCO*,O=C([*])OCCCCCCCCCO[*],[*]OCCCCCCCCCOC([*])=O,0.000121,-3.9172146296835497,2,-3.9813348582073935
27566,CCC(CCNC(=O)C(CC)N*)OC(=O)*,CCC(CCNC(=O)C(CC)N[*])OC(=O)[*],[*]CCNC(=O)C(CC)NC(=O)OC([*])CC,3.12e-05,-4.505845405981558,3,-4.264931918943098
27567,CNCCCN(C)C(=O)C(CO*)NC(=O)*,CNCCCN(C)C(=O)C(CO[*])NC(=O)[*],[*]COC(=O)NC([*])C(=O)N(C)CCCNC,5.18e-05,-4.285670240254767,3,-4.348006901452256
27568,CN(CCOCCOC(=O)*)CC(C)(C)N*,CN(CCOCCOC(=O)[*])CC(C)(C)N[*],[*]CCOCCOC(=O)NC(C)(C)CN([*])C,0.000157,-3.8041003475907664,2,-4.101537459916157
27569,C=CCCC(CN*)OC(=O)*,C=CCCC(CN[*])OC(=O)[*],[*]CNC(=O)OC([*])CCC=C,5.78e-05,-4.238072161579471,3,-4.225023989474496
27570,CC(CF)NCC(CC(C)(C)O*)OC(=O)*,CC(CF)NCC(CC(C)(C)O[*])OC(=O)[*],[*]CC(C)(C)OC(=O)OC([*])CNC(C)CF,5.74e-05,-4.241088107602026,2,-4.491389879620148
27571,CCC(C)N(CCN*)CCOC(=O)*,CCC(C)N(CCN[*])CCOC(=O)[*],[*]CCNC(=O)OCCN([*])C(C)CC,9.26e-05,-4.033389013318065,3,-4.219543244970026
27572,CCC(CNC(=O)CCOC(=O)*)O*,CCC(CNC(=O)CCOC(=O)[*])O[*],[*]CNC(=O)CCOC(=O)OC([*])CC,5.49e-05,-4.260427655549908,1,-4.152759542440487
27573,CCCC(CC(=O)NCCOC(=O)*)O*,CCCC(CC(=O)NCCOC(=O)[*])O[*],[*]CC(=O)NCCOC(=O)OC([*])CCC,7.62e-05,-4.1180450286604,2,-4.281182166018938
27574,CC(CCCNC(=O)CCOC(=O)*)CO*,CC(CCCNC(=O)CCOC(=O)[*])CO[*],[*]CCCNC(=O)CCOC(=O)OCC([*])C,6.65e-05,-4.177178354696896,0,-4.1683096658714165
27575,CC(CCOC(=O)*)NC(C)C(C)(C)CO*,CC(CCOC(=O)[*])NC(C)C(C)(C)CO[*],[*]CCOC(=O)OCC(C)(C)C(C)NC([*])C,2.78e-05,-4.555955204081924,1,-4.433391551550127
27576,CC(CC(=O)NC(C)CCO*)NC(=O)*,CC(CC(=O)NC(C)CCO[*])NC(=O)[*],[*]CCOC(=O)NC(C)CC(=O)NC([*])C,6.66e-05,-4.176525770829699,0,-4.237080705510104
27577,CCCCN(CCCNC(=O)*)CCO*,CCCCN(CCCNC(=O)[*])CCO[*],[*]CCCNC(=O)OCCN([*])CCCC,7.69e-05,-4.114073660198569,0,-3.9728933694263535
27578,CC(CCO*)N(C)CCCCCOC(=O)*,CC(CCO[*])N(C)CCCCCOC(=O)[*],[*]CCOC(=O)OCCCCCN(C)C([*])C,9.56e-05,-4.0195421077239,2,-3.9660680536467963
27579,CCC(CC)(CNC(=O)CCNC(=O)*)N*,CCC(CC)(CNC(=O)CCNC(=O)[*])N[*],[*]CNC(=O)CCNC(=O)NC([*])(CC)CC,5.29e-05,-4.276544327964814,1,-4.401454431190587
27580,C=CC(C)(CNCC(C)CO*)OC(=O)*,C=CC(C)(CNCC(C)CO[*])OC(=O)[*],[*]CNCC(C)COC(=O)OC([*])(C)C=C,4.68e-05,-4.329754146925876,1,-4.282762256252026
27581,COCCC(COC(=O)*)N*,COCCC(COC(=O)[*])N[*],[*]COC(=O)NC([*])CCOC,6.35e-05,-4.197226274708024,2,-4.198768634199344
27582,CCCCN(C)C(=O)C(COC(=O)*)N*,CCCCN(C)C(=O)C(COC(=O)[*])N[*],[*]COC(=O)NC([*])C(=O)N(C)CCCC,4.58e-05,-4.33913452199613,3,-4.493422348605288
27583,CC(C)CC(CNC(=O)CCO*)OC(=O)*,CC(C)CC(CNC(=O)CCO[*])OC(=O)[*],[*]CNC(=O)CCOC(=O)OC([*])CC(C)C,4.73e-05,-4.325138859262188,0,-4.3030339807344005
27584,CC(CNC(=O)*)C(=O)NCCC(C)(C)N*,CC(CNC(=O)[*])C(=O)NCCC(C)(C)N[*],[*]CNC(=O)NC(C)(C)CCNC(=O)C([*])C,2.57e-05,-4.590066876668706,3,-4.45109989039857
27585,C=CC(CO*)NCC(OC(=O)*)C(C)(C)C,C=CC(CO[*])NCC(OC(=O)[*])C(C)(C)C,[*]COC(=O)OC(CNC([*])C=C)C(C)(C)C,3.87e-05,-4.412289034981089,3,-4.392013094933698
27586,CC(CN(C)CCCNC(=O)*)N*,CC(CN(C)CCCNC(=O)[*])N[*],[*]CN(C)CCCNC(=O)NC([*])C,9.46e-05,-4.024108863598207,2,-4.150192400083994
27587,*[Si](CCC1OC(=O)OC1)(CCC1OC(=O)OC1)CCC*,[*][Si](CCC1OC(=O)OC1)(CCC1OC(=O)OC1)CCC[*],[*]CCC[Si]([*])(CCC1COC(=O)O1)CCC1COC(=O)O1,1.02e-05,-4.991399828238082,2,-4.421967948787511
27588,COC(=O)C(C)NC(=O)C(CN*)OC(=O)*,COC(=O)C(C)NC(=O)C(CN[*])OC(=O)[*],[*]CNC(=O)OC([*])C(=O)NC(C)C(=O)OC,2.04e-05,-4.690369832574101,0,-4.280246153986304
27589,NC(N)=NN=CC(CO*)OC(=O)*,NC(N)=NN=CC(CO[*])OC(=O)[*],[*]COC(=O)OC([*])C=NN=C(N)N,1.85e-05,-4.732828271596986,1,-4.375783494120076
27590,CC(NC(=O)*)C(=O)NC(CO*)CC(F)F,CC(NC(=O)[*])C(=O)NC(CO[*])CC(F)F,[*]NC(=O)OCC(CC(F)F)NC(=O)C([*])C,1.24e-05,-4.906578314837765,2,-4.274247410607639
27591,CCNC(=S)NC(COC(=O)*)C(C)O*,CCNC(=S)NC(COC(=O)[*])C(C)O[*],[*]COC(=O)OC(C)C([*])NC(=S)NCC,1.09e-05,-4.962573502059376,0,-4.359459726496745
27592,CCOCC(=O)NC(CO*)C(C)OC(=O)*,CCOCC(=O)NC(CO[*])C(C)OC(=O)[*],[*]COC(=O)OC(C)C([*])NC(=O)COCC,2.75e-05,-4.560667306169737,3,-4.153033725554746
27593,CC(F)(F)CNCC(COC(=O)*)O*,CC(F)(F)CNCC(COC(=O)[*])O[*],[*]COC(=O)OC([*])CNCC(C)(F)F,1.77e-05,-4.752026733638194,0,-4.020123945268545
27594,CN(CCOC(=O)*)CC(C)(O*)C(F)F,CN(CCOC(=O)[*])CC(C)(O[*])C(F)F,[*]CCOC(=O)OC(C)(CN([*])C)C(F)F,1.49e-05,-4.826813731587726,2,-4.353448706053319
27595,*OC(=O)OCCOCC*,[*]OC(=O)OCCOCC[*],[*]OCCOCCOC([*])=O,0.000107,-3.9706162223147903,1,-4.001850200042505
27596,COC(=O)C(C)(C)NCC(CO*)OC(=O)*,COC(=O)C(C)(C)NCC(CO[*])OC(=O)[*],[*]COC(=O)OC([*])CNC(C)(C)C(=O)OC,2.29e-05,-4.640164517660112,3,-4.34335641055922
27597,CC(=O)CNCC(COC(=O)*)O*,CC(=O)CNCC(COC(=O)[*])O[*],[*]COC(=O)OC([*])CNCC(C)=O,2.95e-05,-4.530177984021837,1,-4.146810567916634
27598,*OC(=O)OCCCC*,[*]OC(=O)OCCCC[*],[*]OCCCCOC([*])=O,7.03e-05,-4.153044674980176,3,-4.034797761936819
27599,C=CC(C)(O*)C(=O)NCCOC(=O)*,C=CC(C)(O[*])C(=O)NCCOC(=O)[*],[*]OC(=O)OCCNC(=O)C([*])(C)C=C,1.92e-05,-4.716698771296451,0,-4.170913460095318
27600,*OC(=O)OC(CC1=CC=CC=C1)C*,[*]OC(=O)OC(CC1=CC=CC=C1)C[*],[*]OCC(Cc1ccccc1)OC([*])=O,9.01e-06,-5.045275209020937,0,-4.78675790067084
27601,*C1N(C(=O)C)C(=O)N(C(=O)C)C1*,[*]C1N(C(=O)C)C(=O)N(C(=O)C)C1[*],[*]C1C([*])N(C(C)=O)C(=O)N1C(C)=O,7.75e-06,-5.110698297493689,0,-4.6515954453531805
27602,O=C(*)OCC(O)=C(O)C(O)=C(O)CO*,O=C([*])OCC(O)=C(O)C(O)=C(O)CO[*],[*]OCC(O)=C(O)C(O)=C(O)COC([*])=O,1.85e-05,-4.732828271596986,3,-4.823849502890585
27603,*OC(=O)OCCOCCOCCOCC*,[*]OC(=O)OCCOCCOCCOCC[*],[*]OCCOCCOCCOCCOC([*])=O,0.000176,-3.75448733218585,3,-3.525014250685655
27604,CCC(C)(C#N)NC(=O)C(N*)C(C)OC(=O)*,CCC(C)(C#N)NC(=O)C(N[*])C(C)OC(=O)[*],[*]NC(=O)OC(C)C([*])C(=O)NC(C)(C#N)CC,1.42e-05,-4.847711655616943,3,-4.264247919096765
27605,CNCC(C)NC(=O)CC(CNC(=O)*)O*,CNCC(C)NC(=O)CC(CNC(=O)[*])O[*],[*]CNC(=O)OC([*])CC(=O)NC(C)CNC,2.98e-05,-4.525783735923745,2,-4.201731397345479
27606,C=CC(C)(CNCC(C)CO*)OC(=O)*,C=CC(C)(CNCC(C)CO[*])OC(=O)[*],[*]CNCC(C)COC(=O)OC([*])(C)C=C,1.41e-05,-4.85078088734462,1,-4.282762256252026
27607,CC(OC(=O)*)C(=O)OCC(C)(C)CO*,CC(OC(=O)[*])C(=O)OCC(C)(C)CO[*],[*]OC(=O)OCC(C)(C)COC(=O)C([*])C,7.29e-06,-5.137272471682025,1,-4.38692326543248
27608,C[Si](C)(C)CNC(=O)C(CN*)NC(=O)*,C[Si](C)(C)CNC(=O)C(CN[*])NC(=O)[*],[*]CNC(=O)NC([*])C(=O)NC[Si](C)(C)C,1.39e-05,-4.856985199745905,3,-4.3237675959263555
27609,CCCC(CC(=O)OCCOC(=O)*)O*,CCCC(CC(=O)OCCOC(=O)[*])O[*],[*]CC(=O)OCCOC(=O)OC([*])CCC,1.58e-05,-4.801342913045577,0,-4.273226132273473
27610,*OC(=O)OCCCCCCCC*,[*]OC(=O)OCCCCCCCC[*],[*]OCCCCCCCCOC([*])=O,5.15e-05,-4.288192770958809,1,-4.134731562853308
27611,CC(CN(N)CC(C)OC(=O)*)O*,CC(CN(N)CC(C)OC(=O)[*])O[*],[*]CN(N)CC(C)OC(=O)OC([*])C,6.06e-05,-4.217527375833714,1,-4.192901549342217
27612,C#CCOCC(CNCCO*)OC(=O)*,C#CCOCC(CNCCO[*])OC(=O)[*],[*]CNCCOC(=O)OC([*])COCC#C,3.99e-05,-4.399027104313252,1,-3.8424687784558125
27613,CCC(CCNC(=O)C(CC)N*)OC(=O)*,CCC(CCNC(=O)C(CC)N[*])OC(=O)[*],[*]CCNC(=O)C(CC)NC(=O)OC([*])CC,1.26e-05,-4.8996294548824375,3,-4.264931918943098
27614,CC(CNC(=O)*)(N*)C(F)(F)F,CC(CNC(=O)[*])(N[*])C(F)(F)F,[*]CNC(=O)NC([*])(C)C(F)(F)F,2.16e-05,-4.665546248849069,1,-4.488293909825244
27615,CC(=CCNC(CO*)COC(=O)*)C(=O)O,CC(=CCNC(CO[*])COC(=O)[*])C(=O)O,[*]COC(=O)OCC([*])NCC=C(C)C(=O)O,1.09e-05,-4.962573502059376,2,-4.251387314818701
27616,O=C(*)NCCS(=O)(=S)OCCN*,O=C([*])NCCS(=O)(=S)OCCN[*],[*]NCCOS(=O)(=S)CCNC([*])=O,1.66e-05,-4.779891911959945,0,-4.335382656971481
27617,*[Si](C)(CCC1OC(=O)OC1)CCC*,[*][Si](C)(CCC1OC(=O)OC1)CCC[*],[*]CCC[Si]([*])(C)CCC1COC(=O)O1,3.8e-05,-4.42021640338319,1,-4.938832230056993
27618,CCCC(CC(=O)NCCOC(=O)*)O*,CCCC(CC(=O)NCCOC(=O)[*])O[*],[*]CC(=O)NCCOC(=O)OC([*])CCC,2.03e-05,-4.692503962086787,2,-4.281182166018938
27619,CC(CSCCO*)(OC(=O)*)C(F)F,CC(CSCCO[*])(OC(=O)[*])C(F)F,[*]CSCCOC(=O)OC([*])(C)C(F)F,3.39e-05,-4.4698003017969175,2,-4.104066051952544
27620,CCC(CC)C(COC(=O)*)N*,CCC(CC)C(COC(=O)[*])N[*],[*]COC(=O)NC([*])C(CC)CC,1.06e-05,-4.97469413473523,3,-4.566163892691421
27621,CC(C)C(C)(CN*)NCCOC(=O)*,CC(C)C(C)(CN[*])NCCOC(=O)[*],[*]CNC(=O)OCCNC([*])(C)C(C)C,1.08e-05,-4.966576244513051,2,-4.414944115128401
27622,*OC(C1=O)=C(C1=O)OC1=C(OCC)C=C(C(OCC)=C1)*,[*]OC(C1=O)=C(C1=O)OC1=C(OCC)C=C(C(OCC)=C1)[*],[*]Oc1c(Oc2cc(OCC)c([*])cc2OCC)c(=O)c1=O,2.48e-06,-5.605548319173784,2,-4.95190063121081
27623,CCNCC(=O)NCC(CN*)OC(=O)*,CCNCC(=O)NCC(CN[*])OC(=O)[*],[*]CNC(=O)OC([*])CNC(=O)CNCC,2.6e-05,-4.585026652029182,2,-4.164904621232468
27624,*OCC*,[*]OCC[*],[*]COC[*],0.00108,-2.96657624451305,1,-3.780330556934787
27625,CC(COC(=O)*)CSC(C)C(C)O*,CC(COC(=O)[*])CSC(C)C(C)O[*],[*]COC(=O)OC(C)C(C)SCC([*])C,1.82e-05,-4.739928612014925,0,-4.3247052528999115
27626,O=C(*)OCCNC(=O)C(CC(F)F)N*,O=C([*])OCCNC(=O)C(CC(F)F)N[*],[*]NC(CC(F)F)C(=O)NCCOC([*])=O,1.21e-05,-4.91721462968355,0,-4.27434281261989
27627,CCC(C)N(CCN*)CCOC(=O)*,CCC(C)N(CCN[*])CCOC(=O)[*],[*]CCNC(=O)OCCN([*])C(C)CC,2.39e-05,-4.621602099051862,3,-4.219543244970026
27628,*CCOCCOCCOCCOCC*,[*]CCOCCOCCOCCOCC[*],[*]CCOCCOCCOCCOCC[*],0.000807,-3.09312646527793,3,-3.2409219320178932
27629,*OC(=O)OCCOCCOCC*,[*]OC(=O)OCCOCCOCC[*],[*]OCCOCCOCCOC([*])=O,8.86e-05,-4.052566278112949,2,-3.6816190344443944
27630,C#CCNC(=O)C(N*)C(C)(C)OC(=O)*,C#CCNC(=O)C(N[*])C(C)(C)OC(=O)[*],[*]NC(=O)OC(C)(C)C([*])C(=O)NCC#C,1.18e-05,-4.928117992693875,1,-4.247758228233981
27631,CC(CO*)NC(=O)*,CC(CO[*])NC(=O)[*],[*]COC(=O)NC([*])C,9.84e-06,-5.007004901568658,1,-4.2562715179313955
27632,C=CC(=O)N(C)CC(C)(CO*)COC(=O)*,C=CC(=O)N(C)CC(C)(CO[*])COC(=O)[*],[*]COC(=O)OCC([*])(C)CN(C)C(=O)C=C,8.78e-06,-5.056505484093897,2,-4.539163676446469
27633,O=C(*)NCCC(O*)C(=O)O,O=C([*])NCCC(O[*])C(=O)O,[*]NCCC(OC([*])=O)C(=O)O,1.39e-05,-4.856985199745905,0,-4.371798556325094
27634,*CC(C)O*,[*]CC(C)O[*],[*]CC(C)O[*],0.000295,-3.530177984021837,1,-4.1425830088253965
27635,CC(CC#N)NCC(CO*)OC(=O)*,CC(CC#N)NCC(CO[*])OC(=O)[*],[*]COC(=O)OC([*])CNC(C)CC#N,4.35e-05,-4.361510743045363,2,-4.071584938439925
27636,*OC(=O)OCC(OC)(OC)C*,[*]OC(=O)OCC(OC)(OC)C[*],[*]COC(=O)OCC([*])(OC)OC,1.7e-05,-4.769551078621726,2,-4.580520663708423
27637,CC(C)CC(CO*)NC(=O)C(C)NC(=O)*,CC(C)CC(CO[*])NC(=O)C(C)NC(=O)[*],[*]COC(=O)NC(C)C(=O)NC([*])CC(C)C,1.3e-05,-4.886056647693163,2,-4.472035343250182
27638,*OS(=O)OCCCC*,[*]OS(=O)OCCCC[*],[*]OCCCCOS([*])=O,0.000156,-3.8068754016455375,0,-4.029338449583555
27639,CCC(COC(=O)*)C(=O)NCC(CF)O*,CCC(COC(=O)[*])C(=O)NCC(CF)O[*],[*]COC(=O)OC(CF)CNC(=O)C([*])CC,1.47e-05,-4.832682665251824,1,-4.295682912976599
27640,CCCCCC(CNCC(C)OC(=O)*)O*,CCCCCC(CNCC(C)OC(=O)[*])O[*],[*]CNCC(C)OC(=O)OC([*])CCCCC,2.17e-05,-4.663540266151471,2,-4.215437093657266
27641,*OC(=O)OCCC*,[*]OC(=O)OCCC[*],[*]OCCCOC([*])=O,4.65e-05,-4.332547047110047,2,-3.6478252401449347
27642,CCC(O*)C(C)C(CC)OC(=O)*,CCC(O[*])C(C)C(CC)OC(=O)[*],[*]OC(=O)OC(CC)C(C)C([*])CC,1.49e-05,-4.826813731587726,3,-4.683621105363525
27643,CC(C)(C)C(O*)C(=O)OCCCOC(=O)*,CC(C)(C)C(O[*])C(=O)OCCCOC(=O)[*],[*]OC(=O)OCCCOC(=O)C([*])C(C)(C)C,1.16e-05,-4.935542010773082,0,-4.4875089470920075
27644,CCC(CO*)C(=O)N(C)CCOC(=O)*,CCC(CO[*])C(=O)N(C)CCOC(=O)[*],[*]COC(=O)OCCN(C)C(=O)C([*])CC,1.08e-05,-4.966576244513051,3,-4.307465799686246
27645,*OC(=O)OC(C)C*,[*]OC(=O)OC(C)C[*],[*]COC(=O)OC([*])C,1.38e-05,-4.860120913598763,3,-4.12363536301093
27646,CC(CCCO*)NC(=O)CCOC(=O)*,CC(CCCO[*])NC(=O)CCOC(=O)[*],[*]CCCOC(=O)OCCC(=O)NC([*])C,1.71e-05,-4.767003889607846,2,-4.137385355556409
27647,*OC(=O)OCCOCC*,[*]OC(=O)OCCOCC[*],[*]OCCOCCOC([*])=O,0.000124,-3.906578314837765,1,-4.001850200042505
27648,O=C(*)NC(CCN*)C(=O)NCCCS,O=C([*])NC(CCN[*])C(=O)NCCCS,[*]NCCC(NC([*])=O)C(=O)NCCCS,1.81e-05,-4.742321425130816,1,-4.1976824316310655
27649,CCCN(CCOCCO*)CCOC(=O)*,CCCN(CCOCCO[*])CCOC(=O)[*],[*]CCOCCOC(=O)OCCN([*])CCC,7.2e-05,-4.142667503568732,0,-3.6159577314846576
27650,C=C(C)C(=O)OCC(COC(=O)*)O*,C=C(C)C(=O)OCC(COC(=O)[*])O[*],[*]COC(=O)OC([*])COC(=O)C(=C)C,6.87e-06,-5.16304326294045,1,-4.377199669280753
27651,*OC(=O)OC(CC)C*,[*]OC(=O)OC(CC)C[*],[*]COC(=O)OC([*])CC,1.85e-05,-4.732828271596986,3,-4.386911212589261
27652,*CCCCOCCOCCOCCOCC*,[*]CCCCOCCOCCOCCOCC[*],[*]CCCOCCOCCOCCOCCC[*],0.00037,-3.431798275933005,2,-3.1900646481114077
27653,CNCC(CN(C)C(=O)CNC(=O)*)O*,CNCC(CN(C)C(=O)CNC(=O)[*])O[*],[*]CN(C)C(=O)CNC(=O)OC([*])CNC,9.74e-06,-5.011441043121384,2,-4.184296652938384
27654,C=C(COC(=O)*)C(=O)NC(CO*)C(C)C,C=C(COC(=O)[*])C(=O)NC(CO[*])C(C)C,[*]COC(=O)OCC(NC(=O)C([*])=C)C(C)C,1.58e-05,-4.801342913045577,1,-4.3886067450483734
27655,CCN(CCOC(=O)*)C(=O)C(C)(C)O*,CCN(CCOC(=O)[*])C(=O)C(C)(C)O[*],[*]CCOC(=O)OC(C)(C)C(=O)N([*])CC,5.71e-06,-5.243363891754152,2,-4.3994026566774025
27656,CC(CONC(=O)C(C)CNC(=O)*)N*,CC(CONC(=O)C(C)CNC(=O)[*])N[*],[*]CONC(=O)C(C)CNC(=O)NC([*])C,1.74e-05,-4.7594507517174005,3,-4.217145546006961
27657,*C(=O)COCC(=O)OC(C)CO*,[*]C(=O)COCC(=O)OC(C)CO[*],[*]COC(=O)COCC(=O)OC([*])C,2.9e-05,-4.537602002101044,0,-3.9610172926703955
27658,CC(CCCNC(=O)CCOC(=O)*)CO*,CC(CCCNC(=O)CCOC(=O)[*])CO[*],[*]CCCNC(=O)CCOC(=O)OCC([*])C,2.43e-05,-4.614393726401688,0,-4.1683096658714165
27659,C=CC(OC(=O)*)C(=O)N(C)C(C)CCO*,C=CC(OC(=O)[*])C(=O)N(C)C(C)CCO[*],[*]OC(=O)OCCC(C)N(C)C(=O)C([*])C=C,6.01e-06,-5.221125527997261,1,-4.455924292027399
27660,C=CC(CO*)NCC(C)OC(=O)*,C=CC(CO[*])NCC(C)OC(=O)[*],[*]COC(=O)OC(C)CNC([*])C=C,3.38e-05,-4.471083299722345,3,-4.158614956757873
27661,*CCCCCCOCCOCCOCCOCCOCC*,[*]CCCCCCOCCOCCOCCOCCOCC[*],[*]CCCCOCCOCCOCCOCCOCCCC[*],0.000543,-3.2652001704111533,1,-3.1491574987144544
27662,*C(=O)CCCC(=O)OC(C)CO*,[*]C(=O)CCCC(=O)OC(C)CO[*],[*]COC(=O)CCCC(=O)OC([*])C,2.73e-05,-4.563837352959244,2,-3.997346053704179
27663,O=C(*)OCCOCCOCCCN*,O=C([*])OCCOCCOCCCN[*],[*]NCCCOCCOCCOC([*])=O,0.000173,-3.761953896871205,3,-3.4834869517574973
27664,CC(CNC(=O)*)C(=O)N(C)CCN*,CC(CNC(=O)[*])C(=O)N(C)CCN[*],[*]CNC(=O)NCCN(C)C(=O)C([*])C,1.38e-05,-4.860120913598763,2,-4.386019874586068
27665,CC=C(NC=N)NCC(CO*)OC(=O)*,CC=C(NC=N)NCC(CO[*])OC(=O)[*],[*]COC(=O)OC([*])CNC(=CC)NC=N,1.03e-05,-4.987162775294828,3,-4.437430122692441
27666,CCC(CNC(=O)CCOC(=O)*)O*,CCC(CNC(=O)CCOC(=O)[*])O[*],[*]CNC(=O)CCOC(=O)OC([*])CC,1.9e-05,-4.721246399047171,1,-4.152759542440487
27667,CC(C)C(CNC(=O)CN*)NC(=O)*,CC(C)C(CNC(=O)CN[*])NC(=O)[*],[*]CNC(=O)CNC(=O)NC([*])C(C)C,1.37e-05,-4.863279432843593,2,-4.3654656546126125
27668,CNCCCN(C)C(=O)C(CO*)NC(=O)*,CNCCCN(C)C(=O)C(CO[*])NC(=O)[*],[*]COC(=O)NC([*])C(=O)N(C)CCCNC,1.6e-05,-4.795880017344075,3,-4.348006901452256
27669,CSCC(CN(C)CCCN*)OC(=O)*,CSCC(CN(C)CCCN[*])OC(=O)[*],[*]CN(C)CCCNC(=O)OC([*])CSC,2.19e-05,-4.6595558851598815,0,-4.24569673905705
27670,*OCOCCOCC*,[*]OCOCCOCC[*],[*]COCCOCOC[*],0.00103,-2.9871627752948275,1,-3.4401335284880816
27671,COC(=O)C(CCN*)CCNC(=O)*,COC(=O)C(CCN[*])CCNC(=O)[*],[*]CCNC(=O)NCCC([*])C(=O)OC,2.28e-05,-4.642065152999546,3,-4.194870082474112
27672,C=CCC(CNCC(C)OC(=O)*)CO*,C=CCC(CNCC(C)OC(=O)[*])CO[*],[*]CNCC(C)OC(=O)OCC([*])CC=C,3.47e-05,-4.459670525209126,2,-4.193250226836003
27673,*OC(=O)OC(CCC)C*,[*]OC(=O)OC(CCC)C[*],[*]COC(=O)OC([*])CCC,1.2e-05,-4.920818753952375,3,-4.439857797020813
27674,CC(CC(=O)NC(C)CCO*)NC(=O)*,CC(CC(=O)NC(C)CCO[*])NC(=O)[*],[*]CCOC(=O)NC(C)CC(=O)NC([*])C,1.09e-05,-4.962573502059376,0,-4.237080705510104
27675,COCC(C)(O*)C(=O)N(C)CCOC(=O)*,COCC(C)(O[*])C(=O)N(C)CCOC(=O)[*],[*]OC(=O)OCCN(C)C(=O)C([*])(C)COC,1.3e-05,-4.886056647693163,2,-4.269199603255063
27676,CC(CF)NCC(CC(C)(C)O*)OC(=O)*,CC(CF)NCC(CC(C)(C)O[*])OC(=O)[*],[*]CC(C)(C)OC(=O)OC([*])CNC(C)CF,8.67e-06,-5.06198090252379,2,-4.491389879620148
27677,CC(CNC(=O)*)C(=O)NCCC(C)(C)N*,CC(CNC(=O)[*])C(=O)NCCC(C)(C)N[*],[*]CNC(=O)NC(C)(C)CCNC(=O)C([*])C,1.22e-05,-4.913640169325252,3,-4.45109989039857
27678,CC(C)(N*)C(=O)NCCCCNC(=O)*,CC(C)(N[*])C(=O)NCCCCNC(=O)[*],[*]NC(=O)NCCCCNC(=O)C([*])(C)C,2.16e-05,-4.665546248849069,2,-4.35342318216735
27679,*OC(=O)OCCOCCOCCOCCOCCOCC*,[*]OC(=O)OCCOCCOCCOCCOCCOCC[*],[*]OCCOCCOCCOCCOCCOCCOC([*])=O,0.000261,-3.583359492661719,0,-3.970895202248503
27680,CCN(CCO*)C(=O)C(C)NC(=O)*,CCN(CCO[*])C(=O)C(C)NC(=O)[*],[*]CCOC(=O)NC(C)C(=O)N([*])CC,1.18e-05,-4.928117992693875,3,-4.456910946072317
27681,C=C(C)CN(C)CC(CO*)OC(=O)*,C=C(C)CN(C)CC(CO[*])OC(=O)[*],[*]COC(=O)OC([*])CN(C)CC(=C)C,2.37e-05,-4.6252516539898965,0,-4.300717795592979
27682,*OC(=O)OCCCCCC*,[*]OC(=O)OCCCCCC[*],[*]OCCCCCCOC([*])=O,6.2e-05,-4.207608310501746,3,-4.0832499764000465
27683,*OC(=O)OCCCCC*,[*]OC(=O)OCCCCC[*],[*]OCCCCCOC([*])=O,5.94e-05,-4.226213555018807,1,-3.9647711151835683
27684,CC(CCOC(=O)*)NC(C)C(C)(C)CO*,CC(CCOC(=O)[*])NC(C)C(C)(C)CO[*],[*]CCOC(=O)OCC(C)(C)C(C)NC([*])C,1.18e-05,-4.928117992693875,1,-4.433391551550127
27685,O=C(*)OCCCCCCSCCCO*,O=C([*])OCCCCCCSCCCO[*],[*]OCCCCCCSCCCOC([*])=O,4.14e-05,-4.382999658879101,0,-4.021910264164029
27686,CC(C)(NC(=O)*)C(=O)NCCN*,CC(C)(NC(=O)[*])C(=O)NCCN[*],[*]NC(=O)NCCNC(=O)C([*])(C)C,1.75e-05,-4.756961951313706,1,-4.21092331718636
27687,CCCCNCC(CC(C)(C)OC(=O)*)O*,CCCCNCC(CC(C)(C)OC(=O)[*])O[*],[*]CC(C)(C)OC(=O)OC([*])CNCCCC,1.97e-05,-4.705533773838407,3,-4.365776747445262
27688,*OC(CCCCC*)=O,[*]OC(CCCCC[*])=O,[*]CCCCCOC([*])=O,3.64e-05,-4.438898616350944,1,-3.999520214280828
27689,CC(CONC(=O)CC(C)(C)NC(=O)*)N*,CC(CONC(=O)CC(C)(C)NC(=O)[*])N[*],[*]CONC(=O)CC(C)(C)NC(=O)NC([*])C,8.24e-06,-5.084072788302884,0,-4.297412087236429
27690,C=CC(CNCCCCO*)OC(=O)*,C=CC(CNCCCCO[*])OC(=O)[*],[*]CNCCCCOC(=O)OC([*])C=C,4.11e-05,-4.386158178123931,0,-4.072311971155265
27691,CCC(C)NC(=O)C(CCN*)NC(=O)*,CCC(C)NC(=O)C(CCN[*])NC(=O)[*],[*]CCNC(=O)NC([*])C(=O)NC(C)CC,1.15e-05,-4.939302159646388,1,-4.270638935298964
27692,CC(CCO*)N(C)CCCCCOC(=O)*,CC(CCO[*])N(C)CCCCCOC(=O)[*],[*]CCOC(=O)OCCCCCN(C)C([*])C,3.81e-05,-4.419075024324381,2,-3.9660680536467963
27693,COCCC(COC(=O)*)N*,COCCC(COC(=O)[*])N[*],[*]COC(=O)NC([*])CCOC,2.54e-05,-4.5951662833800615,2,-4.198768634199344
27694,CCOC(=O)CN(CCN*)CCNC(=O)*,CCOC(=O)CN(CCN[*])CCNC(=O)[*],[*]CCNC(=O)NCCN([*])CC(=O)OCC,2.66e-05,-4.575118363368933,1,-4.1330854582150165
27695,CC(C)OCC(N*)C(=O)NCCNC(=O)*,CC(C)OCC(N[*])C(=O)NCCNC(=O)[*],[*]NC(=O)NCCNC(=O)C([*])COC(C)C,2.44e-05,-4.61261017366127,2,-4.149740497291398
27696,*OC(=O)OCCCCCCCCCC*,[*]OC(=O)OCCCCCCCCCC[*],[*]OCCCCCCCCCCOC([*])=O,3.37e-05,-4.4723700991286615,2,-4.198331707226546
27697,*OC(=O)OCC(CC)(COCC=C)C*,[*]OC(=O)OCC(CC)(COCC=C)C[*],[*]COC(=O)OCC([*])(CC)COCC=C,1.01e-05,-4.995678626217358,0,-4.453713565913108
27698,CN(CCOCCOC(=O)*)CC(C)(C)N*,CN(CCOCCOC(=O)[*])CC(C)(C)N[*],[*]CCOCCOC(=O)NC(C)(C)CN([*])C,3.88e-05,-4.411168274405793,2,-4.101537459916157
27699,CCC(CC)(CNC(=O)CCNC(=O)*)N*,CCC(CC)(CNC(=O)CCNC(=O)[*])N[*],[*]CNC(=O)CCNC(=O)NC([*])(CC)CC,1.29e-05,-4.889410289700751,1,-4.401454431190587
27700,CCCCN(C)C(=O)C(COC(=O)*)N*,CCCCN(C)C(=O)C(COC(=O)[*])N[*],[*]COC(=O)NC([*])C(=O)N(C)CCCC,1.01e-05,-4.995678626217358,3,-4.493422348605288
27701,*OC(=O)OCCCCCCC*,[*]OC(=O)OCCCCCCC[*],[*]OCCCCCCCOC([*])=O,3.67e-05,-4.435333935747911,3,-4.015156948608728
27702,CC(C)CC(CNC(=O)CCO*)OC(=O)*,CC(C)CC(CNC(=O)CCO[*])OC(=O)[*],[*]CNC(=O)CCOC(=O)OC([*])CC(C)C,2.07e-05,-4.684029654543083,0,-4.3030339807344005
27703,CC(NCCCCOC(=O)*)C(C)O*,CC(NCCCCOC(=O)[*])C(C)O[*],[*]NCCCCOC(=O)OC(C)C([*])C,2.45e-05,-4.610833915635467,0,-4.36296602716498
27704,C=CC(CO*)NCC(OC(=O)*)C(C)(C)C,C=CC(CO[*])NCC(OC(=O)[*])C(C)(C)C,[*]COC(=O)OC(CNC([*])C=C)C(C)(C)C,1.17e-05,-4.931814138253839,3,-4.392013094933698
27705,CCC(CC)(COC(=O)*)N*,CCC(CC)(COC(=O)[*])N[*],[*]COC(=O)NC([*])(CC)CC,8.78e-06,-5.056505484093897,2,-4.651765108675357
27706,O=C(*)OCCCCCCCCCO*,O=C([*])OCCCCCCCCCO[*],[*]OCCCCCCCCCOC([*])=O,4.67e-05,-4.330683119433888,2,-3.9813348582073935
27707,CCCCC(CNCC(C)OC(=O)*)O*,CCCCC(CNCC(C)OC(=O)[*])O[*],[*]CNCC(C)OC(=O)OC([*])CCCC,2e-05,-4.698970004336019,2,-4.170031721985335
27708,CCCCN(CCCNC(=O)*)CCO*,CCCCN(CCCNC(=O)[*])CCO[*],[*]CCCNC(=O)OCCN([*])CCCC,2.66e-05,-4.575118363368933,0,-3.9728933694263535
27709,*CCCCOCCOCCOCCOCCOCC*,[*]CCCCOCCOCCOCCOCCOCC[*],[*]CCCOCCOCCOCCOCCOCCC[*],0.000633,-3.198596289982645,0,-3.2839337258012273
27710,*CCOCCOCCOCCOCCOCC*,[*]CCOCCOCCOCCOCCOCC[*],[*]CCOCCOCCOCCOCCOCC[*],0.000776,-3.1101382787418115,2,-2.9990552444741003
27711,CC(CN(C)CCCNC(=O)*)N*,CC(CN(C)CCCNC(=O)[*])N[*],[*]CN(C)CCCNC(=O)NC([*])C,1.92e-05,-4.716698771296451,2,-4.150192400083994
27712,CCC(CN(C)CC(COC)OC(=O)*)N*,CCC(CN(C)CC(COC)OC(=O)[*])N[*],[*]CN(C)CC(COC)OC(=O)NC([*])CC,3.12e-05,-4.505845405981558,3,-4.212574880224671
27713,*OC(=O)OCCCCCCCCC*,[*]OC(=O)OCCCCCCCCC[*],[*]OCCCCCCCCCOC([*])=O,5.09e-05,-4.293282217663242,2,-4.110355935256065
27714,CN(CCO*)CC(C)(C)NC(=O)*,CN(CCO[*])CC(C)(C)NC(=O)[*],[*]CCOC(=O)NC(C)(C)CN([*])C,2e-05,-4.698970004336019,0,-4.237457380041017
27715,CC(C)(CNCCCC(C)(C)OC(=O)*)O*,CC(C)(CNCCCC(C)(C)OC(=O)[*])O[*],[*]CCCNCC(C)(C)OC(=O)OC([*])(C)C,1.64e-05,-4.785156151952302,2,-4.411410029279178
27716,CCCC(C)(CNC(C)C(C)O*)OC(=O)*,CCCC(C)(CNC(C)C(C)O[*])OC(=O)[*],[*]CNC(C)C(C)OC(=O)OC([*])(C)CCC,8.69e-06,-5.060980223551334,3,-4.409058993889903
27718,O=C(*)NCCCSCC(N*)C(=O)O,O=C([*])NCCCSCC(N[*])C(=O)O,[*]NCCCSCC(NC([*])=O)C(=O)O,7.78e-05,-4.109020403010312,1,-4.335973415016971
27719,CCCN(CCO*)CC(OC(=O)*)C(C)C,CCCN(CCO[*])CC(OC(=O)[*])C(C)C,[*]CCOC(=O)OC(CN([*])CCC)C(C)C,4.43e-05,-4.3535962737769305,3,-4.433451126525232
27723,*CCCCCCOCCOCCOCCOCC*,[*]CCCCCCOCCOCCOCCOCC[*],[*]CCCCOCCOCCOCCOCCCC[*],0.000352,-3.453457336521869,0,-3.2844624631277086
27724,*NCC*,[*]NCC[*],[*]CNC[*],0.000195,-3.709965388637482,0,-3.5055539574235612
27725,CCC(C)C(COC(=O)*)NCC(C)(C)O*,CCC(C)C(COC(=O)[*])NCC(C)(C)O[*],[*]COC(=O)OC(C)(C)CNC([*])C(C)CC,8.55e-06,-5.068033885271827,2,-4.489996036376887
27726,CC(OC(=O)*)C(=O)OCCO*,CC(OC(=O)[*])C(=O)OCCO[*],[*]OC(=O)OCCOC(=O)C([*])C,5e-05,-4.301029995663981,1,-4.207839834014955
27727,O=C(CO*)NC(COC(=O)*)C(=O)O,O=C(CO[*])NC(COC(=O)[*])C(=O)O,[*]COC(=O)OCC(NC([*])=O)C(=O)O,5.27e-05,-4.278189384787454,0,-4.397218124623983
27728,COC(=O)CNC(=O)C(CN*)NC(=O)*,COC(=O)CNC(=O)C(CN[*])NC(=O)[*],[*]CNC(=O)NC([*])C(=O)NCC(=O)OC,7.05e-05,-4.151810883008602,1,-4.2953584883177065
27729,C=CCNC(=S)NCC(COC(=O)*)O*,C=CCNC(=S)NCC(COC(=O)[*])O[*],[*]COC(=O)OC([*])CNC(=S)NCC=C,6.65e-05,-4.177178354696896,1,-4.534906885224007
27730,O=C(*)OCCCCC#CC#CCCCCO*,O=C([*])OCCCCC#CC#CCCCCO[*],[*]OCCCCC#CC#CCCCCOC([*])=O,7.05e-05,-4.151810883008602,0,-4.08962639118816
27731,CC(NC(=O)*)C(=O)NCCN*,CC(NC(=O)[*])C(=O)NCCN[*],[*]NC(=O)NCCNC(=O)C([*])C,6.26e-05,-4.20342566678957,1,-4.1765513094495
27732,O=C(O)CCN(CCO*)CCOC(=O)*,O=C(O)CCN(CCO[*])CCOC(=O)[*],[*]CCOC(=O)OCCN([*])CCC(=O)O,3.63e-05,-4.440093374963888,2,-4.114088952461566
27733,CC(C)(C#CC=CC(C)(C)OC(=O)*)O*,CC(C)(C#CC=CC(C)(C)OC(=O)[*])O[*],[*]C#CC=CC(C)(C)OC(=O)OC([*])(C)C,2.29e-05,-4.640164517660112,2,-4.353843903016141
27734,CCOCC(=O)NC(CO*)COC(=O)*,CCOCC(=O)NC(CO[*])COC(=O)[*],[*]COC(=O)OCC([*])NC(=O)COCC,8.76e-05,-4.057495893831919,1,-4.134680992650939
27735,CNC(=O)CN(CCO*)CCOC(=O)*,CNC(=O)CN(CCO[*])CCOC(=O)[*],[*]CCOC(=O)OCCN([*])CC(=O)NC,0.000111,-3.9546770212133424,3,-3.9650320558492744
27736,O=C(*)NCCCCNC(=O)CN*,O=C([*])NCCCCNC(=O)CN[*],[*]CNC(=O)NCCCCNC([*])=O,7.59e-05,-4.11975822410452,3,-4.140733679672817
27737,CN(CCO*)CC(C)(OC(=O)*)C(=O)O,CN(CCO[*])CC(C)(OC(=O)[*])C(=O)O,[*]CCOC(=O)OC(C)(CN([*])C)C(=O)O,4.88e-05,-4.311580177997289,2,-4.452950425920768
27738,CCOC(=O)CNCC(CO*)OC(=O)*,CCOC(=O)CNCC(CO[*])OC(=O)[*],[*]COC(=O)OC([*])CNCC(=O)OCC,3.2e-05,-4.494850021680094,3,-4.152600269848695
27739,O=C(O)CCC(=O)NCC(COC(=O)*)O*,O=C(O)CCC(=O)NCC(COC(=O)[*])O[*],[*]COC(=O)OC([*])CNC(=O)CCC(=O)O,5.92e-05,-4.22767829327708,0,-4.259936173957727
27740,C=CC(OC(=O)*)C(=O)NC(CO*)C(=O)O,C=CC(OC(=O)[*])C(=O)NC(CO[*])C(=O)O,[*]OC(=O)OCC(NC(=O)C([*])C=C)C(=O)O,8.93e-05,-4.049148541111453,0,-4.4730273493414785
27741,CCN(CCO*)C(=O)COC(=O)*,CCN(CCO[*])C(=O)COC(=O)[*],[*]CCOC(=O)OCC(=O)N([*])CC,5.3e-05,-4.275724130399211,2,-4.1912987880903385
27742,CC(NCC(COC(=O)*)O*)C(N)=O,CC(NCC(COC(=O)[*])O[*])C(N)=O,[*]COC(=O)OC([*])CNC(C)C(N)=O,5.42e-05,-4.266000713461613,0,-4.160926121670137
27743,CN(C)C(=O)CCNCC(CO*)OC(=O)*,CN(C)C(=O)CCNCC(CO[*])OC(=O)[*],[*]COC(=O)OC([*])CNCCC(=O)N(C)C,6.72e-05,-4.172630726946175,0,-4.054143755874999
27744,CCC(CO*)(COC(=O)*)NC(=O)C(=O)O,CCC(CO[*])(COC(=O)[*])NC(=O)C(=O)O,[*]COC(=O)OCC([*])(CC)NC(=O)C(=O)O,1.74e-05,-4.7594507517174005,1,-4.39824563226015
27745,C=C(COC(=O)*)C(=O)NCCO*,C=C(COC(=O)[*])C(=O)NCCO[*],[*]COC(=O)OCCNC(=O)C([*])=C,9.89e-05,-4.004803708402821,3,-4.145324734947289
27746,O=C(O)CCNC(CO*)COC(=O)*,O=C(O)CCNC(CO[*])COC(=O)[*],[*]COC(=O)OCC([*])NCCC(=O)O,5.59e-05,-4.252588192113577,0,-4.322686951811546
27747,CON=CC(=O)NC(C)(CO*)COC(=O)*,CON=CC(=O)NC(C)(CO[*])COC(=O)[*],[*]COC(=O)OCC([*])(C)NC(=O)C=NOC,3.79e-05,-4.421360790031928,1,-4.329252043152045
27748,CC(C#N)CNC(=O)C(CN*)OC(=O)*,CC(C#N)CNC(=O)C(CN[*])OC(=O)[*],[*]CNC(=O)OC([*])C(=O)NCC(C)C#N,6.69e-05,-4.174573882232177,1,-4.250035830933656
27749,COC(=O)C(C)NCC(CO*)OC(=O)*,COC(=O)C(C)NCC(CO[*])OC(=O)[*],[*]COC(=O)OC([*])CNC(C)C(=O)OC,5.64e-05,-4.248720896016658,3,-4.250068716096483
27750,CCOCCC(=O)NC(CO*)COC(=O)*,CCOCCC(=O)NC(CO[*])COC(=O)[*],[*]COC(=O)OCC([*])NC(=O)CCOCC,8.3e-05,-4.080921907623926,2,-4.182555152160374
27751,C=CCC(CC=C)(O*)C(C)NC(=O)*,C=CCC(CC=C)(O[*])C(C)NC(=O)[*],[*]OC(=O)NC(C)C([*])(CC=C)CC=C,2.74e-05,-4.562249437179612,0,-4.512905596769746
27752,CNC(=O)CNC(CO*)COC(=O)*,CNC(=O)CNC(CO[*])COC(=O)[*],[*]COC(=O)OCC([*])NCC(=O)NC,6.46e-05,-4.189767482004916,3,-4.190233596645121
27753,COCC(=O)NC(CO*)COC(=O)*,COCC(=O)NC(CO[*])COC(=O)[*],[*]COC(=O)OCC([*])NC(=O)COC,8.26e-05,-4.083019952679618,0,-4.135462883035489
27754,C=C(CO*)C(=O)NCC#CCOC(=O)*,C=C(CO[*])C(=O)NCC#CCOC(=O)[*],[*]COC(=O)OCC#CCNC(=O)C([*])=C,5.58e-05,-4.253365801062421,2,-4.229744215546232
27755,CNC(=O)CNCC(COC(=O)*)O*,CNC(=O)CNCC(COC(=O)[*])O[*],[*]COC(=O)OC([*])CNCC(=O)NC,9.32e-05,-4.030584087646019,3,-4.156929220750791
27756,CCOC(=O)CN(CCO*)CCOC(=O)*,CCOC(=O)CN(CCO[*])CCOC(=O)[*],[*]CCOC(=O)OCCN([*])CC(=O)OCC,0.000182,-3.739928612014925,0,-4.004501344149317
27757,CC(CC(=O)NCCNC(=O)*)O*,CC(CC(=O)NCCNC(=O)[*])O[*],[*]CC(=O)NCCNC(=O)OC([*])C,8.03e-05,-4.095284454721319,0,-4.252267511945465
27758,COCC(CNC(=O)C(C)NC(=O)*)O*,COCC(CNC(=O)C(C)NC(=O)[*])O[*],[*]CNC(=O)C(C)NC(=O)OC([*])COC,5.01e-05,-4.300162274132754,0,-4.243876035520779
27759,COC(=O)CCN(CCO*)CCOC(=O)*,COC(=O)CCN(CCO[*])CCOC(=O)[*],[*]CCOC(=O)OCCN([*])CCC(=O)OC,8.85e-05,-4.053056729302175,3,-3.9242363621208156
27760,NC(=O)CNC(=O)C(CNC(=O)*)N*,NC(=O)CNC(=O)C(CNC(=O)[*])N[*],[*]CNC(=O)NC([*])C(=O)NCC(N)=O,6.92e-05,-4.1598939055432425,1,-4.189715363589903
27761,CC(CO*)(COC(=O)*)C(=O)OCC(=O)O,CC(CO[*])(COC(=O)[*])C(=O)OCC(=O)O,[*]COC(=O)OCC([*])(C)C(=O)OCC(=O)O,2.61e-05,-4.583359492661719,1,-4.463410379948326
27762,CN(C)C(=O)CNCC(CO*)OC(=O)*,CN(C)C(=O)CNCC(CO[*])OC(=O)[*],[*]COC(=O)OC([*])CNCC(=O)N(C)C,5.52e-05,-4.2580609222708015,3,-4.115607943596463
27763,CCC(C)(C#CC#CC(C)(CC)OC(=O)*)O*,CCC(C)(C#CC#CC(C)(CC)OC(=O)[*])O[*],[*]C#CC#CC(C)(CC)OC(=O)OC([*])(C)CC,1.32e-05,-4.87942606879415,0,-4.602366747465781
27764,O=C(*)NCCNC(=O)CCCN*,O=C([*])NCCNC(=O)CCCN[*],[*]CCCNC(=O)NCCNC([*])=O,7.31e-05,-4.13608262304214,0,-4.014399472247856
27765,C#CCNC(=O)C(CO*)NC(=O)*,C#CCNC(=O)C(CO[*])NC(=O)[*],[*]COC(=O)NC([*])C(=O)NCC#C,5.76e-05,-4.239577516576788,1,-4.381108338819852
27766,CN(CCC(=O)O)CC(COC(=O)*)O*,CN(CCC(=O)O)CC(COC(=O)[*])O[*],[*]COC(=O)OC([*])CN(C)CCC(=O)O,3.89e-05,-4.410050398674293,0,-4.346787466363274
27767,CC(CC(=O)NC(C#N)CO*)NC(=O)*,CC(CC(=O)NC(C#N)CO[*])NC(=O)[*],[*]CC(=O)NC(C#N)COC(=O)NC([*])C,5.04e-05,-4.297569463554475,1,-4.278728253421949
27768,CCNC(CO*)COC(=O)*,CCNC(CO[*])COC(=O)[*],[*]COC(=O)OCC([*])NCC,6.93e-05,-4.159266765388193,1,-4.3224003497596275
27769,CC(C)(OC(=O)*)C(O*)C(=O)NCC#N,CC(C)(OC(=O)[*])C(O[*])C(=O)NCC#N,[*]OC(=O)OC(C(=O)NCC#N)C([*])(C)C,5.48e-05,-4.261219441515631,0,-4.3572739968519
27770,C=C(COC(=O)*)C(=O)NCC(COC)O*,C=C(COC(=O)[*])C(=O)NCC(COC)O[*],[*]COC(=O)OC(CNC(=O)C([*])=C)COC,0.000115,-3.939302159646388,2,-4.126800145300432
27771,C=C(COC(=O)*)C(=O)NC(CO*)C(=O)O,C=C(COC(=O)[*])C(=O)NC(CO[*])C(=O)O,[*]COC(=O)OCC(NC(=O)C([*])=C)C(=O)O,3.9e-05,-4.4089353929735005,2,-4.37288733332708
27772,C#CC(C)(CCC=C(C)COC(=O)*)O*,C#CC(C)(CCC=C(C)COC(=O)[*])O[*],[*]CCC=C(C)COC(=O)OC([*])(C)C#C,5.82e-05,-4.235077015350112,3,-4.511278058020829
27773,COC(=O)CNC(CO*)COC(=O)*,COC(=O)CNC(CO[*])COC(=O)[*],[*]COC(=O)OCC([*])NCC(=O)OC,7.24e-05,-4.140261433802853,0,-4.160819456828448
27774,CC(COC(=O)C(CC(=O)O)O*)OC(=O)*,CC(COC(=O)C(CC(=O)O)O[*])OC(=O)[*],[*]COC(=O)C(CC(=O)O)OC(=O)OC([*])C,3.54e-05,-4.450996737974212,0,-4.530029645247611
27775,CON=CC(=O)NCC(COC(=O)*)O*,CON=CC(=O)NCC(COC(=O)[*])O[*],[*]COC(=O)OC([*])CNC(=O)C=NOC,4.97e-05,-4.303643611266668,0,-4.12558051003017
27776,CN(C)C(=O)CNC(CO*)COC(=O)*,CN(C)C(=O)CNC(CO[*])COC(=O)[*],[*]COC(=O)OCC([*])NCC(=O)N(C)C,7.47e-05,-4.126679398184601,0,-4.134048990150815
27777,C=CC(C)CCC(O*)C(C)(C)OC(=O)*,C=CC(C)CCC(O[*])C(C)(C)OC(=O)[*],[*]OC(=O)OC(C)(C)C([*])CCC(C)C=C,3.05e-05,-4.515700160653214,2,-4.601310980364794
27778,COC(=O)CNC(=O)C(CNC(=O)*)O*,COC(=O)CNC(=O)C(CNC(=O)[*])O[*],[*]CNC(=O)OC([*])C(=O)NCC(=O)OC,5.35e-05,-4.271646217978772,0,-4.195078776128793
27779,N#CNCC(COC(=O)*)O*,N#CNCC(COC(=O)[*])O[*],[*]COC(=O)OC([*])CNC#N,3.72e-05,-4.429457060118103,2,-4.226680769577278
27780,O=C(O)CCC(=O)NC(CO*)COC(=O)*,O=C(O)CCC(=O)NC(CO[*])COC(=O)[*],[*]COC(=O)OCC([*])NC(=O)CCC(=O)O,3.84e-05,-4.4156687756324695,2,-4.363636399539856
27781,CCC(CNCC(CC)OC(=O)*)O*,CCC(CNCC(CC)OC(=O)[*])O[*],[*]CNCC(CC)OC(=O)OC([*])CC,7.09e-05,-4.149353764816934,1,-4.172689905259129
27782,CCCCN(C)CC(CNC(=O)*)O*,CCCCN(C)CC(CNC(=O)[*])O[*],[*]CNC(=O)OC([*])CN(C)CCCC,7.77e-05,-4.1095789811990855,3,-4.202944059747993
27783,COCC(CNC(=O)CC(C)N*)OC(=O)*,COCC(CNC(=O)CC(C)N[*])OC(=O)[*],[*]CNC(=O)CC(C)NC(=O)OC([*])COC,6.34e-05,-4.197910742118268,3,-4.17474509128019
27784,O=C(*)NCC(N*)C(=O)NCCCS,O=C([*])NCC(N[*])C(=O)NCCCS,[*]NCC(NC([*])=O)C(=O)NCCCS,8.77e-05,-4.05700040663396,3,-4.467595625832501
27785,COCC(CNC(=O)CNC(=O)*)O*,COCC(CNC(=O)CNC(=O)[*])O[*],[*]CNC(=O)CNC(=O)OC([*])COC,7.9e-05,-4.102372908709558,1,-4.066199113207839
27786,CC(CN(CCCOC(=O)*)C(C)C)O*,CC(CN(CCCOC(=O)[*])C(C)C)O[*],[*]CN(CCCOC(=O)OC([*])C)C(C)C,6.7e-05,-4.173925197299174,3,-4.291392297217528
27787,CCN(CCOC(=O)*)CC(C)(C)O*,CCN(CCOC(=O)[*])CC(C)(C)O[*],[*]CCOC(=O)OC(C)(C)CN([*])CC,3.83e-05,-4.416801226031377,3,-4.320965667357379
27788,C=CCN(C)C(=O)C(COC(=O)*)N*,C=CCN(C)C(=O)C(COC(=O)[*])N[*],[*]COC(=O)NC([*])C(=O)N(C)CC=C,5.82e-05,-4.235077015350112,3,-4.363416947378519
27789,CN(C)C(=O)CCNC(CO*)COC(=O)*,CN(C)C(=O)CCNC(CO[*])COC(=O)[*],[*]COC(=O)OCC([*])NCCC(=O)N(C)C,9.73e-05,-4.011887159731648,3,-4.1733987679125235
27790,NS(=O)(=O)NCC(CO*)OC(=O)*,NS(=O)(=O)NCC(CO[*])OC(=O)[*],[*]COC(=O)OC([*])CNS(N)(=O)=O,4.81e-05,-4.317854923626168,0,-4.478645284030016
27791,CCCCC(NC(=O)*)C(=O)NC(C)CO*,CCCCC(NC(=O)[*])C(=O)NC(C)CO[*],[*]NC(=O)OCC(C)NC(=O)C([*])CCCC,3.65e-05,-4.437707135543525,1,-4.376078586437283
27792,O=C(*)OCCN(CCO*)C(=O)C(=O)O,O=C([*])OCCN(CCO[*])C(=O)C(=O)O,[*]OCCN(CCOC([*])=O)C(=O)C(=O)O,4.85e-05,-4.314258261397736,3,-4.352851345763996
27793,C=C(CO*)C(=O)NC(C#N)COC(=O)*,C=C(CO[*])C(=O)NC(C#N)COC(=O)[*],[*]COC(=O)OCC(C#N)NC(=O)C([*])=C,6.13e-05,-4.212539525481585,3,-4.231344827291891
27794,CC(C)N(CCCO*)CC(C)(C)OC(=O)*,CC(C)N(CCCO[*])CC(C)(C)OC(=O)[*],[*]CCCOC(=O)OC(C)(C)CN([*])C(C)C,4.48e-05,-4.348721986001856,1,-4.353885892601513
27795,CS(=O)(=O)CCNCC(COC(=O)*)O*,CS(=O)(=O)CCNCC(COC(=O)[*])O[*],[*]COC(=O)OC([*])CNCCS(C)(=O)=O,0.000129,-3.889410289700751,0,-4.313674391908707
27796,CCCN(CCO*)CC(C)OC(=O)*,CCCN(CCO[*])CC(C)OC(=O)[*],[*]CCOC(=O)OC(C)CN([*])CCC,4.3e-05,-4.366531544420414,3,-4.211187241276223
27797,CCC(C)(C)N(C)CC(O*)C(C)OC(=O)*,CCC(C)(C)N(C)CC(O[*])C(C)OC(=O)[*],[*]OC(=O)OC(C)C([*])CN(C)C(C)(C)CC,1.53e-05,-4.815308569182402,1,-4.421883177241661
27798,C=C(CC(O*)C(C)C)C(C)OC(=O)*,C=C(CC(O[*])C(C)C)C(C)OC(=O)[*],[*]CC(OC(=O)OC(C)C([*])=C)C(C)C,2.62e-05,-4.581698708680254,2,-4.649685617050179
27799,CN(CCO*)C(=O)COC(=O)*,CN(CCO[*])C(=O)COC(=O)[*],[*]CCOC(=O)OCC(=O)N([*])C,6.52e-05,-4.185752404268079,0,-4.148708594388412
27800,CCCC(NC(=O)*)C(=O)NC(CC)CO*,CCCC(NC(=O)[*])C(=O)NC(CC)CO[*],[*]NC(=O)OCC(CC)NC(=O)C([*])CCC,3.18e-05,-4.497572880015567,2,-4.367224432881583
27801,CCNC(=O)CN(CCO*)CCOC(=O)*,CCNC(=O)CN(CCO[*])CCOC(=O)[*],[*]CCOC(=O)OCCN([*])CC(=O)NCC,8.82e-05,-4.054531414868181,0,-3.963533407348125
27802,CCCCN(C)CC(CO*)OC(=O)*,CCCCN(C)CC(CO[*])OC(=O)[*],[*]COC(=O)OC([*])CN(C)CCCC,2.87e-05,-4.542118103266008,1,-4.356276100757469
27803,C=CC(C)(CC=CC(C)(C)OC(=O)*)O*,C=CC(C)(CC=CC(C)(C)OC(=O)[*])O[*],[*]CC=CC(C)(C)OC(=O)OC([*])(C)C=C,4.9e-05,-4.309803919971486,1,-4.502882037300234
27804,CCOC(=O)CNC(=O)C(CN*)OC(=O)*,CCOC(=O)CNC(=O)C(CN[*])OC(=O)[*],[*]CNC(=O)OC([*])C(=O)NCC(=O)OCC,9.08e-05,-4.041914151478915,2,-4.116534254242212
27805,CCNC(=O)NC(CO*)COC(=O)*,CCNC(=O)NC(CO[*])COC(=O)[*],[*]COC(=O)OCC([*])NC(=O)NCC,4.85e-05,-4.314258261397736,3,-4.30571536446408
27806,O=C(COC(=O)*)NCCCCO*,O=C(COC(=O)[*])NCCCCO[*],[*]COC(=O)OCCCCNC([*])=O,0.00012,-3.9208187539523753,3,-4.033966055217508
27807,CNC(=O)CCCNC(CO*)COC(=O)*,CNC(=O)CCCNC(CO[*])COC(=O)[*],[*]COC(=O)OCC([*])NCCCC(=O)NC,8.54e-05,-4.068542129310995,2,-4.176152015800642
27808,CCCC(C)N(C)CC(OC(=O)*)C(C)O*,CCCC(C)N(C)CC(OC(=O)[*])C(C)O[*],[*]OC(=O)OC(C)C([*])CN(C)C(C)CCC,4.24e-05,-4.372634143407267,3,-4.585684860209667
27809,CCC(C)N(CCO*)CCOC(=O)*,CCC(C)N(CCO[*])CCOC(=O)[*],[*]CCOC(=O)OCCN([*])C(C)CC,7.74e-05,-4.111259039317107,0,-4.321184655406599
27810,CCC(CNCC(CC(F)F)NC(=O)*)N*,CCC(CNCC(CC(F)F)NC(=O)[*])N[*],[*]CNCC(CC(F)F)NC(=O)NC([*])CC,7.81e-05,-4.1073489661227,3,-4.100864637893824
27811,CNC(=O)C(C)NCC(CO*)OC(=O)*,CNC(=O)C(C)NCC(CO[*])OC(=O)[*],[*]COC(=O)OC([*])CNC(C)C(=O)NC,4.74e-05,-4.324221658325915,3,-4.156333878799403
27812,CCC(CN(CC)CCO*)OC(=O)*,CCC(CN(CC)CCO[*])OC(=O)[*],[*]CN(CC)CCOC(=O)OC([*])CC,9.92e-05,-4.0034883278458215,2,-4.117209491569941
27813,CC(=O)NCC(=O)NC(CO*)COC(=O)*,CC(=O)NCC(=O)NC(CO[*])COC(=O)[*],[*]COC(=O)OCC([*])NC(=O)CNC(C)=O,9.79e-05,-4.009217308196862,1,-4.270082962251878
27814,CCCCCNCC(COC(=O)*)O*,CCCCCNCC(COC(=O)[*])O[*],[*]COC(=O)OC([*])CNCCCCC,6.17e-05,-4.209714835966758,1,-4.20692872085173
27815,CCCC(O*)C(=O)NCCC(C)NC(=O)*,CCCC(O[*])C(=O)NCCC(C)NC(=O)[*],[*]OC(=O)NC(C)CCNC(=O)C([*])CCC,6.54e-05,-4.184422251675732,1,-4.331829161537231
27816,CC(CO*)(COC(=O)*)NC(=O)C(=O)O,CC(CO[*])(COC(=O)[*])NC(=O)C(=O)O,[*]COC(=O)OCC([*])(C)NC(=O)C(=O)O,2.41e-05,-4.617982957425132,3,-4.391294519845639
27817,CCOC(=O)CCNCC(CO*)OC(=O)*,CCOC(=O)CCNCC(CO[*])OC(=O)[*],[*]COC(=O)OC([*])CNCCC(=O)OCC,3.2e-05,-4.494850021680094,1,-4.153305633679393
27818,CON(CC(COC(=O)*)O*)CC(C)(C)C,CON(CC(COC(=O)[*])O[*])CC(C)(C)C,[*]COC(=O)OC([*])CN(CC(C)(C)C)OC,1.7e-05,-4.769551078621726,2,-4.476133611740755
27819,CCCCN(CC)CC(OC(=O)*)C(C)O*,CCCCN(CC)CC(OC(=O)[*])C(C)O[*],[*]OC(=O)OC(C)C([*])CN(CC)CCCC,3.3e-05,-4.481486060122113,3,-4.4831799987016465
27820,CCC(C)(O*)C(=O)OCCC(C)OC(=O)*,CCC(C)(O[*])C(=O)OCCC(C)OC(=O)[*],[*]OC(=O)OC(C)CCOC(=O)C([*])(C)CC,4.79e-05,-4.319664486585437,3,-4.352273097291473
27821,CCC(C)(C#CC(C)(CC)OC(=O)*)O*,CCC(C)(C#CC(C)(CC)OC(=O)[*])O[*],[*]C#CC(C)(CC)OC(=O)OC([*])(C)CC,3.04e-05,-4.517126416391246,1,-4.59406076908977
27822,C#CCNCC(=O)NCC(CNC(=O)*)O*,C#CCNCC(=O)NCC(CNC(=O)[*])O[*],[*]CNC(=O)OC([*])CNC(=O)CNCC#C,5.35e-05,-4.271646217978772,3,-4.134694422951184
27823,C#CCNC(CO*)(COC(=O)*)C(F)(F)F,C#CCNC(CO[*])(COC(=O)[*])C(F)(F)F,[*]COC(=O)OCC([*])(NCC#C)C(F)(F)F,1.21e-05,-4.91721462968355,1,-4.280207264561423
27824,CC(CN(C)CC(C)(C)N*)NC(=O)*,CC(CN(C)CC(C)(C)N[*])NC(=O)[*],[*]CN(C)CC(C)(C)NC(=O)NC([*])C,0.000107,-3.9706162223147903,2,-4.310526335771441
27825,CCCC(O*)C(=O)NCC(C)(C)OC(=O)*,CCCC(O[*])C(=O)NCC(C)(C)OC(=O)[*],[*]OC(=O)OC(C)(C)CNC(=O)C([*])CCC,4.42e-05,-4.354577730650908,3,-4.244218302391837
27826,CCCCC(NC(=O)*)C(=O)NCC(C)O*,CCCCC(NC(=O)[*])C(=O)NCC(C)O[*],[*]NC(=O)OC(C)CNC(=O)C([*])CCCC,9.2e-05,-4.036212172654444,2,-4.476736663273023
27827,CC(CN(C)CCCCCO*)OC(=O)*,CC(CN(C)CCCCCO[*])OC(=O)[*],[*]CN(C)CCCCCOC(=O)OC([*])C,5.56e-05,-4.254925208417943,2,-3.984225634687453
27828,CC(C)OC(=O)CNC(CO*)COC(=O)*,CC(C)OC(=O)CNC(CO[*])COC(=O)[*],[*]COC(=O)OCC([*])NCC(=O)OC(C)C,4.26e-05,-4.370590400897281,2,-4.210121680790625
27829,COC(=O)CCCNC(CO*)COC(=O)*,COC(=O)CCCNC(CO[*])COC(=O)[*],[*]COC(=O)OCC([*])NCCCC(=O)OC,5.51e-05,-4.258848401148215,0,-4.228469226006832
27830,CC(C)CCN(CCO*)CCOC(=O)*,CC(C)CCN(CCO[*])CCOC(=O)[*],[*]CCOC(=O)OCCN([*])CCC(C)C,8.46e-05,-4.0726296369609765,0,-4.098723593390349
27831,C#CCC(CO*)NC(=O)COC(=O)*,C#CCC(CO[*])NC(=O)COC(=O)[*],[*]COC(=O)OCC(=O)NC([*])CC#C,5.64e-05,-4.248720896016658,1,-4.195270182083956
27832,CCC(CO*)NC(=O)COC(=O)*,CCC(CO[*])NC(=O)COC(=O)[*],[*]COC(=O)OCC(=O)NC([*])CC,4.75e-05,-4.323306390375134,0,-4.218153894243336
27833,CCC(CC(C)C)NCC(CNC(=O)*)O*,CCC(CC(C)C)NCC(CNC(=O)[*])O[*],[*]CNC(=O)OC([*])CNC(CC)CC(C)C,4.08e-05,-4.38933983691012,0,-4.29330465537386
27834,COC(=O)CNCC(CO*)OC(=O)*,COC(=O)CNCC(CO[*])OC(=O)[*],[*]COC(=O)OC([*])CNCC(=O)OC,4.97e-05,-4.303643611266668,3,-4.12218680239959
27835,CCC(=O)NC(CO*)COC(=O)*,CCC(=O)NC(CO[*])COC(=O)[*],[*]COC(=O)OCC([*])NC(=O)CC,9.34e-05,-4.029653123769907,3,-4.29649162354938
27836,COCC(CNC(=O)C(C)CNC(=O)*)O*,COCC(CNC(=O)C(C)CNC(=O)[*])O[*],[*]CNC(=O)C(C)CNC(=O)OC([*])COC,4.34e-05,-4.36251027048749,0,-4.204578356723061
27837,N#CC(CO*)NC(=O)COC(=O)*,N#CC(CO[*])NC(=O)COC(=O)[*],[*]COC(=O)OCC(=O)NC([*])C#N,7.38e-05,-4.131943638176958,2,-4.270223276391942
27838,CCCN(CCO*)CC(CC)OC(=O)*,CCCN(CCO[*])CC(CC)OC(=O)[*],[*]CCOC(=O)OC(CC)CN([*])CCC,5.15e-05,-4.288192770958809,1,-4.261089663583074
27839,CC(C)N(CCCCOC(=O)*)CCO*,CC(C)N(CCCCOC(=O)[*])CCO[*],[*]CCCCOC(=O)OCCN([*])C(C)C,5.04e-05,-4.297569463554475,3,-4.116738890262825
27840,CCC(CN(CCCOC(=O)*)C(C)C)O*,CCC(CN(CCCOC(=O)[*])C(C)C)O[*],[*]CN(CCCOC(=O)OC([*])CC)C(C)C,7.27e-05,-4.138465589140962,3,-4.360931495170485
27841,CC(O*)C(NC(=O)*)C(=O)N(CC#N)CC#N,CC(O[*])C(NC(=O)[*])C(=O)N(CC#N)CC#N,[*]OC(=O)NC(C(=O)N(CC#N)CC#N)C([*])C,7.32e-05,-4.135488918941608,1,-4.307442397021632
27842,COCCNC(=O)C(CO*)NC(=O)*,COCCNC(=O)C(CO[*])NC(=O)[*],[*]COC(=O)NC([*])C(=O)NCCOC,8.85e-05,-4.053056729302175,0,-4.144184048041002
27843,NC(=O)CNCC(CO*)OC(=O)*,NC(=O)CNCC(CO[*])OC(=O)[*],[*]COC(=O)OC([*])CNCC(N)=O,8.14e-05,-4.089375595110798,2,-4.114147000770104
27844,COCC(CNCC(COC)OC(=O)*)O*,COCC(CNCC(COC)OC(=O)[*])O[*],[*]CNCC(COC)OC(=O)OC([*])COC,9.63e-05,-4.016373712875465,3,-4.020857560578349
27845,CSCC(C)(C)NCC(COC(=O)*)O*,CSCC(C)(C)NCC(COC(=O)[*])O[*],[*]COC(=O)OC([*])CNC(C)(C)CSC,9.63e-05,-4.016373712875465,1,-4.36114214620772
27846,CCC(CC(C)C)NC(CO*)COC(=O)*,CCC(CC(C)C)NC(CO[*])COC(=O)[*],[*]COC(=O)OCC([*])NC(CC)CC(C)C,2.72e-05,-4.565431095965801,3,-4.4093778054277255
27847,CCNC(=O)NCC(CO*)OC(=O)*,CCNC(=O)NCC(CO[*])OC(=O)[*],[*]COC(=O)OC([*])CNC(=O)NCC,7.9e-05,-4.102372908709558,3,-4.284000848402287
27848,CCCN(CCCNC(=O)*)CCO*,CCCN(CCCNC(=O)[*])CCO[*],[*]CCCNC(=O)OCCN([*])CCC,7.61e-05,-4.118615343229427,1,-4.078946000887526
27849,COCC#CC(=O)NC(CO*)COC(=O)*,COCC#CC(=O)NC(CO[*])COC(=O)[*],[*]COC(=O)OCC([*])NC(=O)C#CCOC,4.96e-05,-4.304518323509803,2,-4.2092856468123285
27850,COCCCNCC(CO*)OC(=O)*,COCCCNCC(CO[*])OC(=O)[*],[*]COC(=O)OC([*])CNCCCOC,0.000103,-3.987162775294828,0,-3.9166030389723834
27851,CC(CC#N)NC(=O)C(CNC(=O)*)O*,CC(CC#N)NC(=O)C(CNC(=O)[*])O[*],[*]CNC(=O)OC([*])C(=O)NC(C)CC#N,5.34e-05,-4.272458742971444,1,-4.190125431058876
27852,C=C(CO*)C(=O)NOCCOC(=O)*,C=C(CO[*])C(=O)NOCCOC(=O)[*],[*]COC(=O)OCCONC(=O)C([*])=C,9.3e-05,-4.031517051446065,1,-4.102557001018372
27853,CCCC(OC(=O)*)C(=O)NC(C)CCO*,CCCC(OC(=O)[*])C(=O)NC(C)CCO[*],[*]OC(=O)OCCC(C)NC(=O)C([*])CCC,4.61e-05,-4.336299074610352,0,-4.322609102083321
27854,CCC(C)(O*)C(=O)NCC#CCOC(=O)*,CCC(C)(O[*])C(=O)NCC#CCOC(=O)[*],[*]OC(=O)OCC#CCNC(=O)C([*])(C)CC,5.63e-05,-4.249491605148654,0,-4.269229252227228
27855,C=CCCCCC(CO*)OC(=O)*,C=CCCCCC(CO[*])OC(=O)[*],[*]COC(=O)OC([*])CCCCC=C,4.06e-05,-4.391473966422806,1,-4.30166044111095
27856,CNC(=O)CCNCC(CO*)OC(=O)*,CNC(=O)CCNCC(CO[*])OC(=O)[*],[*]COC(=O)OC([*])CNCCC(=O)NC,5.83e-05,-4.2343314452409855,0,-4.084687167645596
27857,COCCC(=O)NC(CO*)COC(=O)*,COCCC(=O)NC(CO[*])COC(=O)[*],[*]COC(=O)OCC([*])NC(=O)CCOC,5.64e-05,-4.248720896016658,0,-4.102784121952259
27858,CN(CC(F)F)CC(O*)C(C)(C)OC(=O)*,CN(CC(F)F)CC(O[*])C(C)(C)OC(=O)[*],[*]OC(=O)OC(C)(C)C([*])CN(C)CC(F)F,7.53e-05,-4.123205023799299,1,-4.258145500421107
27859,COC(=O)CCNC(=O)C(CNC(=O)*)O*,COC(=O)CCNC(=O)C(CNC(=O)[*])O[*],[*]CNC(=O)OC([*])C(=O)NCCC(=O)OC,6.62e-05,-4.1791420105603,1,-4.2904924162580675
27860,CCCC(C)CN(C)CC(COC(=O)*)O*,CCCC(C)CN(C)CC(COC(=O)[*])O[*],[*]COC(=O)OC([*])CN(C)CC(C)CCC,5.83e-05,-4.2343314452409855,1,-4.320827279047315
27861,CC(C#N)NC(=O)C(NC(=O)*)C(C)O*,CC(C#N)NC(=O)C(NC(=O)[*])C(C)O[*],[*]NC(=O)OC(C)C([*])C(=O)NC(C)C#N,5.78e-05,-4.238072161579471,2,-4.308759190421054
27862,CCCC(C)CN(CCN*)CCNC(=O)*,CCCC(C)CN(CCN[*])CCNC(=O)[*],[*]CCNC(=O)NCCN([*])CC(C)CCC,0.000124,-3.906578314837765,0,-4.273791741082886
27863,CCCNC(=O)CNC(CO*)COC(=O)*,CCCNC(=O)CNC(CO[*])COC(=O)[*],[*]COC(=O)OCC([*])NCC(=O)NCCC,7.55e-05,-4.122053048370812,3,-4.218610930456279
27864,CCC(CN(C)CCCCCO*)NC(=O)*,CCC(CN(C)CCCCCO[*])NC(=O)[*],[*]CN(C)CCCCCOC(=O)NC([*])CC,5.91e-05,-4.228412519118745,1,-4.18987447858553
27865,CCN(CC(C)N*)CC(C)(C)OC(=O)*,CCN(CC(C)N[*])CC(C)(C)OC(=O)[*],[*]CC(C)NC(=O)OC(C)(C)CN([*])CC,5.23e-05,-4.281498311132726,1,-4.30372568030754
27866,CCCN(C)CC(O*)C(C)OC(=O)*,CCCN(C)CC(O[*])C(C)OC(=O)[*],[*]OC(=O)OC(C)C([*])CN(C)CCC,3.96e-05,-4.402304814074488,1,-4.432948643302862
27867,CCNCC(COC(=O)*)O*,CCNCC(COC(=O)[*])O[*],[*]COC(=O)OC([*])CNCC,4.86e-05,-4.313363730737707,2,-4.096634042676299
27868,CCC(CC)N(CC)CC(COC(=O)*)O*,CCC(CC)N(CC)CC(COC(=O)[*])O[*],[*]COC(=O)OC([*])CN(CC)C(CC)CC,2.46e-05,-4.609064892896621,0,-4.473659493913386
27869,CC(CN(C)C(C)(C)COC(=O)*)O*,CC(CN(C)C(C)(C)COC(=O)[*])O[*],[*]CN(C)C(C)(C)COC(=O)OC([*])C,2.89e-05,-4.539102157243452,2,-4.398369017716126
27870,CC(CC(=O)NCCN*)NC(=O)*,CC(CC(=O)NCCN[*])NC(=O)[*],[*]CC(=O)NCCNC(=O)NC([*])C,6.75e-05,-4.170696227168975,3,-4.327170701140248
27871,C#CCN(CC#C)CC(O*)C(C)OC(=O)*,C#CCN(CC#C)CC(O[*])C(C)OC(=O)[*],[*]OC(=O)OC(C)C([*])CN(CC#C)CC#C,4.15e-05,-4.381951903287908,0,-4.205796618829609
27872,CC(C)CCCNCC(CO*)OC(=O)*,CC(C)CCCNCC(CO[*])OC(=O)[*],[*]COC(=O)OC([*])CNCCCC(C)C,7.14e-05,-4.146301788223826,2,-4.371170507415013
27873,C=CC(O*)C(=O)NCC(OC(=O)*)C(N)=O,C=CC(O[*])C(=O)NCC(OC(=O)[*])C(N)=O,[*]OC(=O)OC(CNC(=O)C([*])C=C)C(N)=O,4.08e-05,-4.38933983691012,3,-4.198608500119672
27874,CCOC(=O)C(C)NCC(COC(=O)*)O*,CCOC(=O)C(C)NCC(COC(=O)[*])O[*],[*]COC(=O)OC([*])CNC(C)C(=O)OCC,3.21e-05,-4.493494967595128,2,-4.240971817852129
27875,NC(=O)CCC(=O)NCC(CO*)OC(=O)*,NC(=O)CCC(=O)NCC(CO[*])OC(=O)[*],[*]COC(=O)OC([*])CNC(=O)CCC(N)=O,0.000131,-3.882728704344236,2,-4.268201503106907
27876,NC(=O)CCNCC(COC(=O)*)O*,NC(=O)CCNCC(COC(=O)[*])O[*],[*]COC(=O)OC([*])CNCCC(N)=O,0.000102,-3.9913998282380825,3,-4.08816115161027
27877,CCC(CO*)N(CC)CCCOC(=O)*,CCC(CO[*])N(CC)CCCOC(=O)[*],[*]COC(=O)OCCCN(CC)C([*])CC,5.23e-05,-4.281498311132726,1,-4.262139748802897
27878,CC(=O)NCC(CO*)OC(=O)*,CC(=O)NCC(CO[*])OC(=O)[*],[*]COC(=O)OC([*])CNC(C)=O,6.32e-05,-4.199282921717615,2,-4.1221499865449
27879,CCCC(OC(=O)*)C(=O)NCCCCO*,CCCC(OC(=O)[*])C(=O)NCCCCO[*],[*]OC(=O)OCCCCNC(=O)C([*])CCC,8.13e-05,-4.089909454405932,3,-4.191244411042781
27880,CCCCN(CCCO*)CCCOC(=O)*,CCCCN(CCCO[*])CCCOC(=O)[*],[*]CCCOC(=O)OCCCN([*])CCCC,8.99e-05,-4.046240308266771,2,-4.184485056251581
27881,CCC(OC(=O)*)C(=O)OCC(C)(C)O*,CCC(OC(=O)[*])C(=O)OCC(C)(C)O[*],[*]OC(=O)OC(C)(C)COC(=O)C([*])CC,6.81e-05,-4.166852888087215,2,-4.398398373880657
27882,CCC(OC(=O)*)C(C)C(=O)NCC#CCO*,CCC(OC(=O)[*])C(C)C(=O)NCC#CCO[*],[*]OC(=O)OCC#CCNC(=O)C(C)C([*])CC,4.8e-05,-4.318758762624412,1,-4.479172096428774
27883,CCC(CN(C)CC(CC)NC(=O)*)N*,CCC(CN(C)CC(CC)NC(=O)[*])N[*],[*]CN(C)CC(CC)NC(=O)NC([*])CC,6.93e-05,-4.159266765388193,1,-4.381886389267099
27884,CC(CC(=O)OCC(C)(C)COC(=O)*)O*,CC(CC(=O)OCC(C)(C)COC(=O)[*])O[*],[*]CC(=O)OCC(C)(C)COC(=O)OC([*])C,2.5e-05,-4.6020599913279625,2,-4.53551810845929
27885,C#CC(C)(C)C(=O)N(C)CC(COC(=O)*)O*,C#CC(C)(C)C(=O)N(C)CC(COC(=O)[*])O[*],[*]COC(=O)OC([*])CN(C)C(=O)C(C)(C)C#C,3.64e-05,-4.438898616350944,1,-4.4117318160691745
27886,C=CC(=NCC(CO*)OC(=O)*)NCOC,C=CC(=NCC(CO[*])OC(=O)[*])NCOC,[*]COC(=O)OC([*])CN=C(C=C)NCOC,0.000118,-3.9281179926938745,3,-4.052239969908724
27887,CC(C)(C#N)CNC(=O)C(CNC(=O)*)O*,CC(C)(C#N)CNC(=O)C(CNC(=O)[*])O[*],[*]CNC(=O)OC([*])C(=O)NCC(C)(C)C#N,5.31e-05,-4.274905478918531,0,-4.325347970753907
27888,C=CC(C)(CNC(COC(=O)*)C(N)=O)O*,C=CC(C)(CNC(COC(=O)[*])C(N)=O)O[*],[*]CNC(COC(=O)OC([*])(C)C=C)C(N)=O,0.000126,-3.899629454882437,1,-4.351965880924291
27889,CCC(CO*)NCCCCCOC(=O)*,CCC(CO[*])NCCCCCOC(=O)[*],[*]COC(=O)OCCCCCNC([*])CC,8.61e-05,-4.064996848546345,2,-4.097716282438664
27890,CCCCC(CNCC(CF)O*)OC(=O)*,CCCCC(CNCC(CF)O[*])OC(=O)[*],[*]CNCC(CF)OC(=O)OC([*])CCCC,4.69e-05,-4.328827157284917,0,-4.3051596285063365
27891,C=C(COC(=O)*)C(=O)NCCC(C)(C)O*,C=C(COC(=O)[*])C(=O)NCCC(C)(C)O[*],[*]COC(=O)OC(C)(C)CCNC(=O)C([*])=C,4.56e-05,-4.341035157335565,3,-4.280025731325312
27892,CCC(CNC(C)C(C)(C)COC(=O)*)O*,CCC(CNC(C)C(C)(C)COC(=O)[*])O[*],[*]CNC(C)C(C)(C)COC(=O)OC([*])CC,3.85e-05,-4.414539270491499,0,-4.466762402779689
27893,N#CC(NC(=O)C(CN*)NC(=O)*)C(N)=O,N#CC(NC(=O)C(CN[*])NC(=O)[*])C(N)=O,[*]CNC(=O)NC([*])C(=O)NC(C#N)C(N)=O,4.6e-05,-4.337242168318426,1,-4.26696666481792
27894,O=C(*)OC(CNCCCS)CO*,O=C([*])OC(CNCCCS)CO[*],[*]OCC(CNCCCS)OC([*])=O,5.38e-05,-4.269217724333611,1,-4.191764679857005
27895,CCCCC(CNC(CC)COC(=O)*)O*,CCCCC(CNC(CC)COC(=O)[*])O[*],[*]CNC(CC)COC(=O)OC([*])CCCC,5.86e-05,-4.23210238398191,1,-4.389792834200303
27896,CN(C)CCNC(=O)C(CO*)NC(=O)*,CN(C)CCNC(=O)C(CO[*])NC(=O)[*],[*]COC(=O)NC([*])C(=O)NCCN(C)C,8.7e-05,-4.060480747381382,0,-4.227235269699881
27897,C=CC(CNC(COC(=O)*)C(=O)OC)O*,C=CC(CNC(COC(=O)[*])C(=O)OC)O[*],[*]CNC(COC(=O)OC([*])C=C)C(=O)OC,6.01e-05,-4.221125527997261,2,-4.320095407237746
27898,CC(C)C#CC(=O)NCC(OC(=O)*)C(C)O*,CC(C)C#CC(=O)NCC(OC(=O)[*])C(C)O[*],[*]OC(=O)OC(C)C([*])CNC(=O)C#CC(C)C,3.43e-05,-4.464705879957229,0,-4.408055724469234
27899,CC(C)N(CCCCCO*)CCNC(=O)*,CC(C)N(CCCCCO[*])CCNC(=O)[*],[*]CCCCCOC(=O)NCCN([*])C(C)C,7.33e-05,-4.134896025358872,0,-4.199443116721373
27900,CN(C)C(=O)CN(CCO*)CCOC(=O)*,CN(C)C(=O)CN(CCO[*])CCOC(=O)[*],[*]CCOC(=O)OCCN([*])CC(=O)N(C)C,9.93e-05,-4.0030507515046185,2,-3.8657892533788534
27901,CC(C#N)CN(C)C(=O)C(CN*)OC(=O)*,CC(C#N)CN(C)C(=O)C(CN[*])OC(=O)[*],[*]CNC(=O)OC([*])C(=O)N(C)CC(C)C#N,4.88e-05,-4.311580177997289,3,-4.327086107742597
27902,COCCCNC(CO*)COC(=O)*,COCCCNC(CO[*])COC(=O)[*],[*]COC(=O)OCC([*])NCCCOC,7.61e-05,-4.118615343229427,1,-3.9927032246054273
27903,CCC(CN(C)CC(C)OC(=O)*)O*,CCC(CN(C)CC(C)OC(=O)[*])O[*],[*]CN(C)CC(C)OC(=O)OC([*])CC,5.51e-05,-4.258848401148215,3,-4.253377167427531
27904,CC(C)C(N*)C(=O)NC(C#N)COC(=O)*,CC(C)C(N[*])C(=O)NC(C#N)COC(=O)[*],[*]NC(=O)OCC(C#N)NC(=O)C([*])C(C)C,3.13e-05,-4.504455662453552,3,-4.368400235722583
27905,C=C(C)CCC(=O)NC(CO*)COC(=O)*,C=C(C)CCC(=O)NC(CO[*])COC(=O)[*],[*]COC(=O)OCC([*])NC(=O)CCC(=C)C,7.29e-05,-4.137272471682025,1,-4.298803088387116
27906,CCCCC(C)NCC(CO*)OC(=O)*,CCCCC(C)NCC(CO[*])OC(=O)[*],[*]COC(=O)OC([*])CNC(C)CCCC,4.06e-05,-4.391473966422806,1,-4.429199542496016
27907,CC(OC(=O)*)C(=O)NCCCO*,CC(OC(=O)[*])C(=O)NCCCO[*],[*]OC(=O)OCCCNC(=O)C([*])C,7.27e-05,-4.138465589140962,3,-4.216280487390578
27908,NC(=O)CCNC(=O)C(COC(=O)*)N*,NC(=O)CCNC(=O)C(COC(=O)[*])N[*],[*]COC(=O)NC([*])C(=O)NCCC(N)=O,9.32e-05,-4.030584087646019,3,-4.120603158642987
27909,CCC(CN(C)CCCO*)NC(=O)*,CCC(CN(C)CCCO[*])NC(=O)[*],[*]CN(C)CCCOC(=O)NC([*])CC,7.48e-05,-4.126098402135539,3,-4.1435352280289255
27910,C=C(C)C(CO*)N(C)CCOC(=O)*,C=C(C)C(CO[*])N(C)CCOC(=O)[*],[*]COC(=O)OCCN(C)C([*])C(=C)C,6e-05,-4.221848749616356,0,-4.248403965900865
27911,COCC(CN(C)CCN*)OC(=O)*,COCC(CN(C)CCN[*])OC(=O)[*],[*]CN(C)CCNC(=O)OC([*])COC,6.42e-05,-4.192464971931146,0,-4.0513275698999225
27912,CCC(CO*)N(C)CC(CC#N)OC(=O)*,CCC(CO[*])N(C)CC(CC#N)OC(=O)[*],[*]COC(=O)OC(CC#N)CN(C)C([*])CC,3.09e-05,-4.510041520575165,0,-4.305528657604771
27913,CC(C)N(CCCO*)CCOC(=O)*,CC(C)N(CCCO[*])CCOC(=O)[*],[*]CCCOC(=O)OCCN([*])C(C)C,8.74e-05,-4.058488567365597,3,-4.210177203982652
27914,C=C(CC(OC(=O)*)C(C)C)C(C)CO*,C=C(CC(OC(=O)[*])C(C)C)C(C)CO[*],[*]CC(OC(=O)OCC(C)C([*])=C)C(C)C,2.04e-05,-4.690369832574101,3,-4.534236569017158
27915,C=CCC(C)C(=O)NCC(CO*)OC(=O)*,C=CCC(C)C(=O)NCC(CO[*])OC(=O)[*],[*]COC(=O)OC([*])CNC(=O)C(C)CC=C,4.38e-05,-4.3585258894959,2,-4.320080014640705
27916,CCCCC(CN(C)CC(C)NC(=O)*)O*,CCCCC(CN(C)CC(C)NC(=O)[*])O[*],[*]CN(C)CC(C)NC(=O)OC([*])CCCC,5.62e-05,-4.250263684430939,0,-4.400687460496321
27917,C=CCC(CC=C)(O*)C(NC(=O)*)C(C)C,C=CCC(CC=C)(O[*])C(NC(=O)[*])C(C)C,[*]OC(=O)NC(C(C)C)C([*])(CC=C)CC=C,3.35e-05,-4.474955192963154,0,-4.620716017694159
27918,CCCCC(CNCC(CC)NC(=O)*)O*,CCCCC(CNCC(CC)NC(=O)[*])O[*],[*]CNCC(CC)NC(=O)OC([*])CCCC,3.3e-05,-4.481486060122113,1,-4.31064279257926
27919,CN(CCCNC(=O)*)C(=O)CN*,CN(CCCNC(=O)[*])C(=O)CN[*],[*]CCCNC(=O)NCC(=O)N([*])C,5.47e-05,-4.262012673666569,1,-4.245326492991489
27920,CC(O*)C(CN(C)CCCF)OC(=O)*,CC(O[*])C(CN(C)CCCF)OC(=O)[*],[*]OC(=O)OC(CN(C)CCCF)C([*])C,2.4e-05,-4.619788758288394,1,-4.193945000725577
27921,CC(=O)N(C)CC(COC(=O)*)O*,CC(=O)N(C)CC(COC(=O)[*])O[*],[*]COC(=O)OC([*])CN(C)C(C)=O,5.17e-05,-4.286509456906058,2,-4.258551067588473
27922,C#CCOCC(CNC(C)COC(=O)*)O*,C#CCOCC(CNC(C)COC(=O)[*])O[*],[*]CNC(C)COC(=O)OC([*])COCC#C,0.000123,-3.910094888560602,2,-4.004617163059788
27923,CC(=O)CN(CCO*)CCOC(=O)*,CC(=O)CN(CCO[*])CCOC(=O)[*],[*]CCOC(=O)OCCN([*])CC(C)=O,0.000181,-3.742321425130816,2,-4.01852101842093
27924,C#CCC(CO*)NC(=O)C(C)(CC)OC(=O)*,C#CCC(CO[*])NC(=O)C(C)(CC)OC(=O)[*],[*]COC(=O)OC(C)(CC)C(=O)NC([*])CC#C,3.87e-05,-4.412289034981089,0,-4.218604474506024
27925,CON=CC(=O)N(C)CC(CO*)OC(=O)*,CON=CC(=O)N(C)CC(CO[*])OC(=O)[*],[*]COC(=O)OC([*])CN(C)C(=O)C=NOC,3.75e-05,-4.425968732272281,0,-4.179663131523569
27926,C=CC(COC(=O)*)NC(=O)CC(C)O*,C=CC(COC(=O)[*])NC(=O)CC(C)O[*],[*]COC(=O)OC(C)CC(=O)NC([*])C=C,6e-05,-4.221848749616356,1,-4.205397644319509
27927,C=CC(CNC(CO*)C(N)=O)OC(=O)*,C=CC(CNC(CO[*])C(N)=O)OC(=O)[*],[*]CNC(COC(=O)OC([*])C=C)C(N)=O,4.2e-05,-4.376750709602099,1,-4.294997041935129
27928,C#CC(C)(NC(=O)*)C(=O)NCC(CF)O*,C#CC(C)(NC(=O)[*])C(=O)NCC(CF)O[*],[*]NC(=O)OC(CF)CNC(=O)C([*])(C)C#C,3.02e-05,-4.519993057042849,1,-4.3326192442949845
27929,CC(C)(C)CCN(CCO*)CCOC(=O)*,CC(C)(C)CCN(CCO[*])CCOC(=O)[*],[*]CCOC(=O)OCCN([*])CCC(C)(C)C,4.44e-05,-4.35261702988538,3,-4.318215130256557
27930,CC(C#N)CNC(=O)C(COC(=O)*)N*,CC(C#N)CNC(=O)C(COC(=O)[*])N[*],[*]COC(=O)NC([*])C(=O)NCC(C)C#N,6.79e-05,-4.168130225719499,3,-4.318518287319525
27931,CCCCC(CNC(C)CCO*)OC(=O)*,CCCCC(CNC(C)CCO[*])OC(=O)[*],[*]CNC(C)CCOC(=O)OC([*])CCCC,6.08e-05,-4.216096420727265,1,-4.164032858505265
27932,CCN(CC#N)C(=O)C(CO*)NC(=O)*,CCN(CC#N)C(=O)C(CO[*])NC(=O)[*],[*]COC(=O)NC([*])C(=O)N(CC)CC#N,6.42e-05,-4.192464971931146,3,-4.307003978720846
27933,CC(C)N(CCCCCO*)CCOC(=O)*,CC(C)N(CCCCCO[*])CCOC(=O)[*],[*]CCCCCOC(=O)OCCN([*])C(C)C,6.5e-05,-4.187086643357144,2,-4.082368030165976
27934,O=C(*)NCCNC(=O)CNC(=O)CN*,O=C([*])NCCNC(=O)CNC(=O)CN[*],[*]CNC(=O)CNC(=O)NCCNC([*])=O,5.83e-05,-4.2343314452409855,3,-4.139982986381476
27935,C=CC(CNCC(C)(C)O*)OC(=O)*,C=CC(CNCC(C)(C)O[*])OC(=O)[*],[*]CNCC(C)(C)OC(=O)OC([*])C=C,3.16e-05,-4.5003129173815966,2,-4.2894827379860825
27936,C=CC(CNCC(=O)CCOC(=O)*)O*,C=CC(CNCC(=O)CCOC(=O)[*])O[*],[*]CNCC(=O)CCOC(=O)OC([*])C=C,0.000158,-3.801342913045578,0,-3.9617177357551623
27937,CC(O*)C(CN(C)CCC#N)OC(=O)*,CC(O[*])C(CN(C)CCC#N)OC(=O)[*],[*]OC(=O)OC(CN(C)CCC#N)C([*])C,0.000112,-3.9507819773298185,3,-4.228045990273432
27938,CCC(COC(=O)*)SCCCO*,CCC(COC(=O)[*])SCCCO[*],[*]COC(=O)OCCCSC([*])CC,0.000106,-3.9746941347352296,0,-4.1430856051455835
27939,CCCCCN(C)CC(CN*)OC(=O)*,CCCCCN(C)CC(CN[*])OC(=O)[*],[*]CNC(=O)OC([*])CN(C)CCCCC,5.13e-05,-4.289882634888183,3,-4.310614602683054
27940,C=CCNC(=O)N(C)CC(COC(=O)*)O*,C=CCNC(=O)N(C)CC(COC(=O)[*])O[*],[*]COC(=O)OC([*])CN(C)C(=O)NCC=C,2.47e-05,-4.607303046740334,2,-4.248223234645138
27941,CCOCCNC(CO*)COC(=O)*,CCOCCNC(CO[*])COC(=O)[*],[*]COC(=O)OCC([*])NCCOCC,0.00012,-3.9208187539523753,2,-4.035956534793957
27942,CCC(C)(OC(=O)*)C(=O)NCCCCO*,CCC(C)(OC(=O)[*])C(=O)NCCCCO[*],[*]OC(=O)OCCCCNC(=O)C([*])(C)CC,6.27e-05,-4.202732459169283,2,-4.1651620485571
27943,C=CC(CNC(C)(C)COC(=O)*)O*,C=CC(CNC(C)(C)COC(=O)[*])O[*],[*]CNC(C)(C)COC(=O)OC([*])C=C,4.03e-05,-4.394694953858891,0,-4.259524597758348
27944,CC(CCOC(=O)*)N(C)CC(CC#N)O*,CC(CCOC(=O)[*])N(C)CC(CC#N)O[*],[*]CCOC(=O)OC(CC#N)CN(C)C([*])C,3.45e-05,-4.462180904926726,1,-4.199486270199417
27945,C#CC(C)NC(=O)C(CCCCN*)NC(=O)*,C#CC(C)NC(=O)C(CCCCN[*])NC(=O)[*],[*]CCCCNC(=O)NC([*])C(=O)NC(C)C#C,3.77e-05,-4.423658649794207,1,-4.231419247282408
27946,CCCCN(CCCOC(=O)*)CCO*,CCCCN(CCCOC(=O)[*])CCO[*],[*]CCCOC(=O)OCCN([*])CCCC,9.86e-05,-4.006123085058789,0,-3.9629959681340208
27947,CC(CNCC(C)(C)C(C)OC(=O)*)O*,CC(CNCC(C)(C)C(C)OC(=O)[*])O[*],[*]CNCC(C)(C)C(C)OC(=O)OC([*])C,2.45e-05,-4.610833915635467,0,-4.555346730436494
27948,C=CC(CNC(C)CO*)OC(=O)*,C=CC(CNC(C)CO[*])OC(=O)[*],[*]CNC(C)COC(=O)OC([*])C=C,0.000118,-3.9281179926938745,2,-4.1229080109297636
27949,C=CCOCC(=O)NCC(CO*)OC(=O)*,C=CCOCC(=O)NCC(CO[*])OC(=O)[*],[*]COC(=O)OC([*])CNC(=O)COCC=C,8.75e-05,-4.057991946977687,0,-4.101705172028746
27950,CC(CNC(=O)*)C(=O)NCCO*,CC(CNC(=O)[*])C(=O)NCCO[*],[*]CNC(=O)OCCNC(=O)C([*])C,5.76e-05,-4.239577516576788,1,-4.272525544283137
27951,CCC(N*)C(=O)NCCNC(=O)*,CCC(N[*])C(=O)NCCNC(=O)[*],[*]NC(=O)NCCNC(=O)C([*])CC,6.49e-05,-4.187755303199631,0,-4.209072250767278
27952,C=CC(O*)C(=O)NC(COC(=O)*)C(N)=O,C=CC(O[*])C(=O)NC(COC(=O)[*])C(N)=O,[*]OC(=O)OCC(NC(=O)C([*])C=C)C(N)=O,7.99e-05,-4.097453220686009,2,-4.08733790361998
27953,COCC(CNC(=O)C(C)(C)NC(=O)*)O*,COCC(CNC(=O)C(C)(C)NC(=O)[*])O[*],[*]CNC(=O)C(C)(C)NC(=O)OC([*])COC,4.24e-05,-4.372634143407267,1,-4.129252220414749
27954,CC#CCN(C)CC(COC(=O)*)O*,CC#CCN(C)CC(COC(=O)[*])O[*],[*]COC(=O)OC([*])CN(C)CC#CC,5.62e-05,-4.250263684430939,1,-4.303104160630289
27955,C#CC(C)(C)N(C)CC(CO*)OC(=O)*,C#CC(C)(C)N(C)CC(CO[*])OC(=O)[*],[*]COC(=O)OC([*])CN(C)C(C)(C)C#C,2.57e-05,-4.590066876668706,1,-4.2863219887730315
27956,C=CCONC(=O)NC(CO*)COC(=O)*,C=CCONC(=O)NC(CO[*])COC(=O)[*],[*]COC(=O)OCC([*])NC(=O)NOCC=C,6.77e-05,-4.169411331314856,3,-4.26303267927857
27957,C=CC(CNCCCOC(=O)*)O*,C=CC(CNCCCOC(=O)[*])O[*],[*]CNCCCOC(=O)OC([*])C=C,8.62e-05,-4.064492734175287,1,-4.030477678530613
27958,CC(C)N(CCCCOC(=O)*)CCCO*,CC(C)N(CCCCOC(=O)[*])CCCO[*],[*]CCCCOC(=O)OCCCN([*])C(C)C,5.74e-05,-4.241088107602026,1,-4.121907358890943
27959,CCCC(OC(=O)*)C(=O)NCCC(C)O*,CCCC(OC(=O)[*])C(=O)NCCC(C)O[*],[*]OC(=O)OC(C)CCNC(=O)C([*])CCC,5.85e-05,-4.23284413391782,2,-4.295385068128649
27960,CCC(CN(CCO*)C(C)C)OC(=O)*,CCC(CN(CCO[*])C(C)C)OC(=O)[*],[*]CN(CCOC(=O)OC([*])CC)C(C)C,4.66e-05,-4.33161408331,2,-4.354064520534457
27961,CCOCC(CNCCOC(=O)*)O*,CCOCC(CNCCOC(=O)[*])O[*],[*]CNCCOC(=O)OC([*])COCC,5.26e-05,-4.279014255846261,3,-3.938581252207441
27962,CCCN(CCCCO*)CCOC(=O)*,CCCN(CCCCO[*])CCOC(=O)[*],[*]CCCCOC(=O)OCCN([*])CCC,7.1e-05,-4.1487416512809245,1,-4.060583400961283
27963,C=CC(C)(C)NC(=O)C(CO*)NC(=O)*,C=CC(C)(C)NC(=O)C(CO[*])NC(=O)[*],[*]COC(=O)NC([*])C(=O)NC(C)(C)C=C,6.48e-05,-4.188424994129407,1,-4.401171863173986
27964,C=CC(CO*)NC(=O)CCOC(=O)*,C=CC(CO[*])NC(=O)CCOC(=O)[*],[*]COC(=O)OCCC(=O)NC([*])C=C,5.63e-05,-4.249491605148654,2,-4.100964452205307
27965,C=C(CO*)C(=O)NCC(OC(=O)*)C(=O)O,C=C(CO[*])C(=O)NCC(OC(=O)[*])C(=O)O,[*]COC(=O)OC(CNC(=O)C([*])=C)C(=O)O,4.46e-05,-4.350665141287858,1,-4.3291496448634845
27966,CC(CCCC(=O)OCCCOC(=O)*)O*,CC(CCCC(=O)OCCCOC(=O)[*])O[*],[*]CCCC(=O)OCCCOC(=O)OC([*])C,7.63e-05,-4.117475462045119,2,-4.198490860136695
27967,CCN(C(=O)C(CO*)NC(=O)*)C(C)C#N,CCN(C(=O)C(CO[*])NC(=O)[*])C(C)C#N,[*]COC(=O)NC([*])C(=O)N(CC)C(C)C#N,2.41e-05,-4.617982957425132,0,-4.392106786335771
27968,COCC(CNCC(C)O*)OC(=O)*,COCC(CNCC(C)O[*])OC(=O)[*],[*]CNCC(C)OC(=O)OC([*])COC,6.59e-05,-4.18111458540599,0,-4.040552651779476
27969,C=C(COC(=O)*)C(=O)NCC(O*)C(N)=O,C=C(COC(=O)[*])C(=O)NCC(O[*])C(N)=O,[*]COC(=O)OC(CNC(=O)C([*])=C)C(N)=O,5.71e-05,-4.243363891754152,3,-4.1373404501471445
27970,CCON(CC)CC(OC(=O)*)C(C)O*,CCON(CC)CC(OC(=O)[*])C(C)O[*],[*]OC(=O)OC(C)C([*])CN(CC)OCC,4.43e-05,-4.3535962737769305,0,-4.4264404674305355
27971,CCCCC(CNCCCCO*)OC(=O)*,CCCCC(CNCCCCO[*])OC(=O)[*],[*]CNCCCCOC(=O)OC([*])CCCC,5.24e-05,-4.280668713016273,1,-4.098291578704477
27972,CC(C)(NCC(CO*)OC(=O)*)C(N)=O,CC(C)(NCC(CO[*])OC(=O)[*])C(N)=O,[*]COC(=O)OC([*])CNC(C)(C)C(N)=O,0.000102,-3.9913998282380825,0,-4.298757131109806
27973,CC(C)(COC(=O)*)C(=O)NC(C#N)CO*,CC(C)(COC(=O)[*])C(=O)NC(C#N)CO[*],[*]COC(=O)OCC(C#N)NC(=O)C([*])(C)C,3.31e-05,-4.480172006224281,3,-4.39796035613975
27974,CC(C)=CCN(CCO*)CCOC(=O)*,CC(C)=CCN(CCO[*])CCOC(=O)[*],[*]CCOC(=O)OCCN([*])CC=C(C)C,5.26e-05,-4.279014255846261,1,-4.100713831653919
27975,CCC(C)NC(CCO*)CCOC(=O)*,CCC(C)NC(CCO[*])CCOC(=O)[*],[*]CCOC(=O)OCCC([*])NC(C)CC,5.29e-05,-4.276544327964814,0,-4.325396314172072
27976,C=C(COC(=O)*)C(=O)NC(C)C(C)(C)O*,C=C(COC(=O)[*])C(=O)NC(C)C(C)(C)O[*],[*]COC(=O)OC(C)(C)C(C)NC(=O)C([*])=C,3.31e-05,-4.480172006224281,3,-4.361266057399897
27977,CCC(CC#N)NC(=O)C(CNC(=O)*)N*,CCC(CC#N)NC(=O)C(CNC(=O)[*])N[*],[*]CNC(=O)NC([*])C(=O)NC(CC)CC#N,5.67e-05,-4.246416941107094,2,-4.10676788759632
27978,CCC(C(=O)NCC#CCOC(=O)*)C(C)O*,CCC(C(=O)NCC#CCOC(=O)[*])C(C)O[*],[*]C(=O)NCC#CCOC(=O)OC(C)C([*])CC,3.2e-05,-4.494850021680094,2,-4.34984742541931
27979,C#CCN(CC#N)CC(OC(=O)*)C(C)(C)O*,C#CCN(CC#N)CC(OC(=O)[*])C(C)(C)O[*],[*]OC(=O)OC(C)(C)C([*])CN(CC#C)CC#N,5.53e-05,-4.257274868695302,3,-4.339611931848936
27980,N#CCC(NC(=O)*)C(=O)NCCCCCO*,N#CCC(NC(=O)[*])C(=O)NCCCCCO[*],[*]NC(=O)OCCCCCNC(=O)C([*])CC#N,6.18e-05,-4.209011524911184,0,-4.209309009416367
27981,C#CC(C)(N*)C(=O)NC(C=C)COC(=O)*,C#CC(C)(N[*])C(=O)NC(C=C)COC(=O)[*],[*]NC(=O)OCC(C=C)NC(=O)C([*])(C)C#C,6.99e-05,-4.155522824254319,2,-4.28404614325637
27982,C[Si](C)(C)C#CNCC(COC(=O)*)O*,C[Si](C)(C)C#CNCC(COC(=O)[*])O[*],[*]COC(=O)OC([*])CNC#C[Si](C)(C)C,3.51e-05,-4.454692883534176,0,-4.3341349166838326
27983,N#CCCCCNC(=O)C(CNC(=O)*)N*,N#CCCCCNC(=O)C(CNC(=O)[*])N[*],[*]CNC(=O)NC([*])C(=O)NCCCCC#N,6.18e-05,-4.209011524911184,3,-4.207905479521225
27984,C=CCOCC(CNC(C)COC(=O)*)O*,C=CCOCC(CNC(C)COC(=O)[*])O[*],[*]CNC(C)COC(=O)OC([*])COCC=C,7.2e-05,-4.142667503568732,0,-4.020155320778743
27985,CCCCC(C)N(CCO*)CCOC(=O)*,CCCCC(C)N(CCO[*])CCOC(=O)[*],[*]CCOC(=O)OCCN([*])C(C)CCCC,3.86e-05,-4.413412695328245,0,-4.174991311194192
27986,CC(O*)C(CN(C)CC(C)(C)C)OC(=O)*,CC(O[*])C(CN(C)CC(C)(C)C)OC(=O)[*],[*]OC(=O)OC(CN(C)CC(C)(C)C)C([*])C,4.57e-05,-4.34008379993015,3,-4.568339839723723
27987,CCCCC(CNCCCO*)OC(=O)*,CCCCC(CNCCCO[*])OC(=O)[*],[*]CNCCCOC(=O)OC([*])CCCC,9.53e-05,-4.020907099361674,0,-4.0962489433950235
27988,C#CCOCC(CN(C)CCO*)OC(=O)*,C#CCOCC(CN(C)CCO[*])OC(=O)[*],[*]CN(C)CCOC(=O)OC([*])COCC#C,7.35e-05,-4.133712660915805,1,-3.8838704516084497
27989,CC(C)C(C)N(C)CC(OC(=O)*)C(C)O*,CC(C)C(C)N(C)CC(OC(=O)[*])C(C)O[*],[*]OC(=O)OC(C)C([*])CN(C)C(C)C(C)C,2.37e-05,-4.6252516539898965,1,-4.441031783876245
27990,C=C(Cl)CC(N*)C(=O)NCCNC(=O)*,C=C(Cl)CC(N[*])C(=O)NCCNC(=O)[*],[*]NC(=O)NCCNC(=O)C([*])CC(=C)Cl,4.97e-05,-4.303643611266668,0,-4.368715845258963
27991,C=CC(C)(OC(=O)*)C(=O)NCCCCN*,C=CC(C)(OC(=O)[*])C(=O)NCCCCN[*],[*]OC(=O)NCCCCNC(=O)C([*])(C)C=C,5.95e-05,-4.22548303427145,1,-4.190078652079281
27992,C=CC(CNCC(CC)OC(=O)*)O*,C=CC(CNCC(CC)OC(=O)[*])O[*],[*]CNCC(CC)OC(=O)OC([*])C=C,8.34e-05,-4.078833949362261,3,-4.157971887832968
27993,O=C(*)NC(CNCCCCN*)CC(F)F,O=C([*])NC(CNCCCCN[*])CC(F)F,[*]NCCCCNCC(CC(F)F)NC([*])=O,9.74e-05,-4.011441043121384,2,-4.05905743687312
27994,C=CC(C)(C)CNC(=O)C(CO*)NC(=O)*,C=CC(C)(C)CNC(=O)C(CO[*])NC(=O)[*],[*]COC(=O)NC([*])C(=O)NCC(C)(C)C=C,5.82e-05,-4.235077015350112,0,-4.402411794430911
27995,C=CC(C)NC(=O)C(NC(=O)*)C(C)(C)O*,C=CC(C)NC(=O)C(NC(=O)[*])C(C)(C)O[*],[*]NC(=O)OC(C)(C)C([*])C(=O)NC(C)C=C,5.93e-05,-4.226945306635737,3,-4.382968102769985
27996,COCCCNC(=O)C(CO*)NC(=O)*,COCCCNC(=O)C(CO[*])NC(=O)[*],[*]COC(=O)NC([*])C(=O)NCCCOC,9.69e-05,-4.013676222949234,2,-4.1055913542731775
27997,CCC(CO*)C(=O)NC(C#N)COC(=O)*,CCC(CO[*])C(=O)NC(C#N)COC(=O)[*],[*]COC(=O)OCC(C#N)NC(=O)C([*])CC,6.34e-05,-4.197910742118268,0,-4.307062212189377
27998,C=CC(COC(=O)*)NCC(CC#N)O*,C=CC(COC(=O)[*])NCC(CC#N)O[*],[*]COC(=O)OC(CC#N)CNC([*])C=C,6.6e-05,-4.180456064458132,2,-4.057359837931139
27999,CCC(CO*)NCCCCOC(=O)*,CCC(CO[*])NCCCCOC(=O)[*],[*]COC(=O)OCCCCNC([*])CC,9.35e-05,-4.029188389127483,3,-4.140978579017577
28000,C=CC(C)(OC(=O)*)C(=O)NCC(C)N*,C=CC(C)(OC(=O)[*])C(=O)NCC(C)N[*],[*]OC(=O)NC(C)CNC(=O)C([*])(C)C=C,5.09e-05,-4.293282217663242,0,-4.407981061877208
28001,CCCC(CN(C)CC(CC)NC(=O)*)O*,CCCC(CN(C)CC(CC)NC(=O)[*])O[*],[*]CN(C)CC(CC)NC(=O)OC([*])CCC,6.03e-05,-4.219682687859849,3,-4.432837324728295
28002,CN(CC(CC#N)OC(=O)*)CC(C)(C)O*,CN(CC(CC#N)OC(=O)[*])CC(C)(C)O[*],[*]CC(CC#N)OC(=O)OC(C)(C)CN([*])C,4.02e-05,-4.39577394691553,2,-4.3733191762807415
28003,CCCCCC(CN(C)CCO*)OC(=O)*,CCCCCC(CN(C)CCO[*])OC(=O)[*],[*]CN(C)CCOC(=O)OC([*])CCCCC,7.76e-05,-4.110138278741812,2,-4.148548478318791
28004,C=CCCC(COC(=O)*)NC(=O)CO*,C=CCCC(COC(=O)[*])NC(=O)CO[*],[*]COC(=O)OCC(=O)NC([*])CCC=C,8.44e-05,-4.073657553374345,3,-4.13449719454695
28005,C=CC(COC(=O)*)NCC(C=C)O*,C=CC(COC(=O)[*])NCC(C=C)O[*],[*]COC(=O)OC(C=C)CNC([*])C=C,0.0001,-4.0,3,-4.249972883499626
28006,CCCC(OC(=O)*)C(=O)NC(CC)CO*,CCCC(OC(=O)[*])C(=O)NC(CC)CO[*],[*]OC(=O)OCC(CC)NC(=O)C([*])CCC,3.26e-05,-4.486782399932061,0,-4.364343765869491
28007,C=CC(CNCC(C)CO*)OC(=O)*,C=CC(CNCC(C)CO[*])OC(=O)[*],[*]CNCC(C)COC(=O)OC([*])C=C,5.33e-05,-4.273272790973428,3,-4.179194092134369
28008,C=CCOC(=O)N(C)CC(COC(=O)*)O*,C=CCOC(=O)N(C)CC(COC(=O)[*])O[*],[*]COC(=O)OC([*])CN(C)C(=O)OCC=C,3.46e-05,-4.460923901207224,0,-4.366116479020232
28009,CCCCC(CO*)NCC(C)(C)OC(=O)*,CCCCC(CO[*])NCC(C)(C)OC(=O)[*],[*]COC(=O)OC(C)(C)CNC([*])CCCC,3.47e-05,-4.459670525209126,2,-4.386465797575163
28010,CCCN(CC(O*)C(C)OC(=O)*)C(C)C,CCCN(CC(O[*])C(C)OC(=O)[*])C(C)C,[*]OC(=O)OC(C)C([*])CN(CCC)C(C)C,1.83e-05,-4.73754891026957,1,-4.660838802387845
28011,CCCCC(CNCC(CC)O*)OC(=O)*,CCCCC(CNCC(CC)O[*])OC(=O)[*],[*]CNCC(CC)OC(=O)OC([*])CCCC,8.51e-05,-4.070070439915412,2,-4.2728561215125165
28012,CC(C)N(CCCCN*)CCCOC(=O)*,CC(C)N(CCCCN[*])CCCOC(=O)[*],[*]CCCCNC(=O)OCCCN([*])C(C)C,5.55e-05,-4.255707016877324,2,-4.022732716870666
28013,CCCC#CC(=O)N(C)CC(COC(=O)*)O*,CCCC#CC(=O)N(C)CC(COC(=O)[*])O[*],[*]COC(=O)OC([*])CN(C)C(=O)C#CCCC,5.96e-05,-4.224753740259764,3,-4.381137847829675
28014,COCC(CNC(C)CO*)OC(=O)*,COCC(CNC(C)CO[*])OC(=O)[*],[*]CNC(C)COC(=O)OC([*])COC,0.000106,-3.9746941347352296,0,-4.078490486636038
28015,C=CCOCC(CNCC(C)OC(=O)*)O*,C=CCOCC(CNCC(C)OC(=O)[*])O[*],[*]CNCC(C)OC(=O)OC([*])COCC=C,8.04e-05,-4.094743951251549,1,-3.9713959562779273
28016,C#CCN(CC#CC)CC(OC(=O)*)C(C)O*,C#CCN(CC#CC)CC(OC(=O)[*])C(C)O[*],[*]OC(=O)OC(C)C([*])CN(CC#C)CC#CC,8.9e-05,-4.050609993355088,1,-4.4384170766452
28017,CC(CNCC(F)C(C)(C)OC(=O)*)O*,CC(CNCC(F)C(C)(C)OC(=O)[*])O[*],[*]CNCC(F)C(C)(C)OC(=O)OC([*])C,2.57e-05,-4.590066876668706,3,-4.353887283744975
28018,CC(CN(C)CC(C)(C)OC(=O)*)O*,CC(CN(C)CC(C)(C)OC(=O)[*])O[*],[*]CN(C)CC(C)(C)OC(=O)OC([*])C,4.49e-05,-4.347753658996677,1,-4.302331751720419
28019,CC(C)CC(COC(=O)*)NCC(C)O*,CC(C)CC(COC(=O)[*])NCC(C)O[*],[*]COC(=O)OC(C)CNC([*])CC(C)C,6.77e-05,-4.169411331314856,3,-4.361476100497744
28020,CC(OC(=O)*)C(CN(C)CC#N)O*,CC(OC(=O)[*])C(CN(C)CC#N)O[*],[*]OC(=O)OC(CN(C)CC#N)C([*])C,4.96e-05,-4.304518323509803,0,-4.0933255258456915
28021,CC(C)(CC#N)CNC(=O)C(COC(=O)*)N*,CC(C)(CC#N)CNC(=O)C(COC(=O)[*])N[*],[*]COC(=O)NC([*])C(=O)NCC(C)(C)CC#N,4.36e-05,-4.360513510731414,2,-4.261158832133331
28022,C=CC(C)(O*)C(=O)NCC(C)(C)NC(=O)*,C=CC(C)(O[*])C(=O)NCC(C)(C)NC(=O)[*],[*]OC(=O)NC(C)(C)CNC(=O)C([*])(C)C=C,4.31e-05,-4.3655227298392685,2,-4.289000195707957
28023,CCC(CC)N(CCN*)CCOC(=O)*,CCC(CC)N(CCN[*])CCOC(=O)[*],[*]CCNC(=O)OCCN([*])C(CC)CC,5.84e-05,-4.2335871528876,0,-4.273023510792584
28024,CCC(C)C(C)NCC(CO*)OC(=O)*,CCC(C)C(C)NCC(CO[*])OC(=O)[*],[*]COC(=O)OC([*])CNC(C)C(C)CC,3.3e-05,-4.481486060122113,3,-4.522082387256752
28025,CCCC(COC(=O)*)NCC(CC)O*,CCCC(COC(=O)[*])NCC(CC)O[*],[*]COC(=O)OC(CC)CNC([*])CCC,4.81e-05,-4.317854923626168,2,-4.319124233632466
28026,CCCC#CC(=O)NCC(COC(=O)*)O*,CCCC#CC(=O)NCC(COC(=O)[*])O[*],[*]COC(=O)OC([*])CNC(=O)C#CCCC,3.77e-05,-4.423658649794207,2,-4.37552798777109
28027,C=CCNC(=O)C(O*)C(C)(C)OC(=O)*,C=CCNC(=O)C(O[*])C(C)(C)OC(=O)[*],[*]OC(=O)OC(C)(C)C([*])C(=O)NCC=C,5.73e-05,-4.24184537803261,3,-4.414191416917191
28028,CCCC(CNCCC(C)NC(=O)*)O*,CCCC(CNCCC(C)NC(=O)[*])O[*],[*]CNCCC(C)NC(=O)OC([*])CCC,2.91e-05,-4.536107011014093,2,-4.194426634153482
28029,CC(O*)C(COC(=O)*)NC(=O)CCS,CC(O[*])C(COC(=O)[*])NC(=O)CCS,[*]OC(=O)OCC(NC(=O)CCS)C([*])C,5.83e-05,-4.2343314452409855,1,-4.286755856535138
28030,CC(NCC=CCO*)C(C)(C)COC(=O)*,CC(NCC=CCO[*])C(C)(C)COC(=O)[*],[*]NCC=CCOC(=O)OCC(C)(C)C([*])C,3.72e-05,-4.429457060118103,3,-4.348237671332415
28031,CC(C)CC(C#N)NC(=O)C(COC(=O)*)N*,CC(C)CC(C#N)NC(=O)C(COC(=O)[*])N[*],[*]COC(=O)NC([*])C(=O)NC(C#N)CC(C)C,3.31e-05,-4.480172006224281,3,-4.369498957840709
28032,CCC(COC(=O)*)N(CC)CC(C)(C)O*,CCC(COC(=O)[*])N(CC)CC(C)(C)O[*],[*]COC(=O)OC(C)(C)CN(CC)C([*])CC,2.78e-05,-4.555955204081924,2,-4.502715830551964
28033,CC(C)(C)C#CC(=O)NC(CO*)COC(=O)*,CC(C)(C)C#CC(=O)NC(CO[*])COC(=O)[*],[*]COC(=O)OCC([*])NC(=O)C#CC(C)(C)C,3.28e-05,-4.484126156288321,1,-4.425238757519331
28034,C#CCOCC(CNC(C=C)COC(=O)*)O*,C#CCOCC(CNC(C=C)COC(=O)[*])O[*],[*]CNC(C=C)COC(=O)OC([*])COCC#C,9.37e-05,-4.028260409112222,2,-4.058001335614079
28035,C=C(CC)C(=O)N(C)CC(CO*)OC(=O)*,C=C(CC)C(=O)N(C)CC(CO[*])OC(=O)[*],[*]COC(=O)OC([*])CN(C)C(=O)C(=C)CC,6.1e-05,-4.214670164989233,2,-4.397375525789191
28036,C=C(C)CC(NC(=O)*)C(=O)NCC=CCO*,C=C(C)CC(NC(=O)[*])C(=O)NCC=CCO[*],[*]NC(=O)OCC=CCNC(=O)C([*])CC(=C)C,2.78e-05,-4.555955204081924,3,-4.339689740824867
28037,CC#CCCCC(=O)NCC(COC(=O)*)O*,CC#CCCCC(=O)NCC(COC(=O)[*])O[*],[*]COC(=O)OC([*])CNC(=O)CCCC#CC,7.39e-05,-4.131355561605174,3,-4.250930211774908
28038,C#CCCCNC(=O)C(CCN*)NC(=O)*,C#CCCCNC(=O)C(CCN[*])NC(=O)[*],[*]CCNC(=O)NC([*])C(=O)NCCCC#C,5.31e-05,-4.274905478918531,1,-4.29296269790621
28039,CSCCC(COC(=O)*)NCC(C)O*,CSCCC(COC(=O)[*])NCC(C)O[*],[*]COC(=O)OC(C)CNC([*])CCSC,6.93e-05,-4.159266765388193,3,-4.0327890670194835
28040,C=C(Cl)CNC(=O)C(CO*)NC(=O)*,C=C(Cl)CNC(=O)C(CO[*])NC(=O)[*],[*]COC(=O)NC([*])C(=O)NCC(=C)Cl,6.4e-05,-4.1938200260161125,2,-4.296369905178317
28041,CCN(CCSC)CC(CO*)OC(=O)*,CCN(CCSC)CC(CO[*])OC(=O)[*],[*]COC(=O)OC([*])CN(CC)CCSC,6.34e-05,-4.197910742118268,3,-3.9989207947564807
28042,CCC(C)CN(CCO*)CCOC(=O)*,CCC(C)CN(CCO[*])CCOC(=O)[*],[*]CCOC(=O)OCCN([*])CC(C)CC,6.91e-05,-4.1605219526258015,1,-4.372434563445475
28043,C#CC(CO*)NC(C)CCOC(=O)*,C#CC(CO[*])NC(C)CCOC(=O)[*],[*]COC(=O)OCCC(C)NC([*])C#C,8.78e-05,-4.056505484093897,2,-4.178210490631066
28044,C=C(C)C(=O)NC(CO*)C(C)OC(=O)*,C=C(C)C(=O)NC(CO[*])C(C)OC(=O)[*],[*]COC(=O)OC(C)C([*])NC(=O)C(=C)C,6.39e-05,-4.1944991418416,0,-4.322119333207
28045,CC(CN(C)CC(C)(C)COC(=O)*)O*,CC(CN(C)CC(C)(C)COC(=O)[*])O[*],[*]CN(C)CC(C)(C)COC(=O)OC([*])C,3.85e-05,-4.414539270491499,0,-4.419934869098834
28046,CCC(CC)CN(C)CC(CO*)OC(=O)*,CCC(CC)CN(C)CC(CO[*])OC(=O)[*],[*]COC(=O)OC([*])CN(C)CC(CC)CC,2.52e-05,-4.598599459218456,2,-4.426745871226713
28047,CN(CCCCN*)CCCCNC(=O)*,CN(CCCCN[*])CCCCNC(=O)[*],[*]CCCCNC(=O)NCCCCN([*])C,6.38e-05,-4.195179321278838,0,-3.982626345744933
28048,CCSCC(C)NC(CO*)COC(=O)*,CCSCC(C)NC(CO[*])COC(=O)[*],[*]COC(=O)OCC([*])NC(C)CSCC,6.63e-05,-4.178486471595227,0,-4.350410572803473
28049,CCC(CNC(C)(C)CO*)OC(=O)*,CCC(CNC(C)(C)CO[*])OC(=O)[*],[*]CNC(C)(C)COC(=O)OC([*])CC,4.61e-05,-4.336299074610352,1,-4.314809871484025
28050,CCC(CC(C)C)NCC(COC(=O)*)O*,CCC(CC(C)C)NCC(COC(=O)[*])O[*],[*]COC(=O)OC([*])CNC(CC)CC(C)C,3.91e-05,-4.407823242604133,0,-4.364373914065055
28051,CCC(CC)NCC(COC(=O)*)O*,CCC(CC)NCC(COC(=O)[*])O[*],[*]COC(=O)OC([*])CNC(CC)CC,4.62e-05,-4.335358024443875,2,-4.419285817074414
28052,CN(CC#N)C(=O)C(CCCN*)NC(=O)*,CN(CC#N)C(=O)C(CCCN[*])NC(=O)[*],[*]CCCNC(=O)NC([*])C(=O)N(C)CC#N,4.58e-05,-4.33913452199613,1,-4.285033961321897
28053,CC(CNCC#CCO*)(OC(=O)*)C(F)F,CC(CNCC#CCO[*])(OC(=O)[*])C(F)F,[*]CNCC#CCOC(=O)OC([*])(C)C(F)F,8.61e-05,-4.064996848546345,0,-4.396110434723809
28054,C#CC(C)(C)C(=O)NCC(CO*)OC(=O)*,C#CC(C)(C)C(=O)NCC(CO[*])OC(=O)[*],[*]COC(=O)OC([*])CNC(=O)C(C)(C)C#C,4.59e-05,-4.338187314462739,3,-4.284997028268741
28055,CCCC(C)NCC(CO*)OC(=O)*,CCCC(C)NCC(CO[*])OC(=O)[*],[*]COC(=O)OC([*])CNC(C)CCC,4.66e-05,-4.33161408331,3,-4.500348214587337
28056,CCCCN(C)CC(O*)C(C)OC(=O)*,CCCCN(C)CC(O[*])C(C)OC(=O)[*],[*]OC(=O)OC(C)C([*])CN(C)CCCC,3.05e-05,-4.515700160653214,2,-4.480618423212203
28057,CCC(C)(C)NCC(CO*)OC(=O)*,CCC(C)(C)NCC(CO[*])OC(=O)[*],[*]COC(=O)OC([*])CNC(C)(C)CC,4.16e-05,-4.380906669373258,1,-4.5180870264160715
28058,C#CC(COC(=O)*)NC(=O)CCO*,C#CC(COC(=O)[*])NC(=O)CCO[*],[*]COC(=O)OCCC(=O)NC([*])C#C,4.43e-05,-4.3535962737769305,1,-4.169641759072349
28059,CN(CC(CC#N)O*)C(C)(C)COC(=O)*,CN(CC(CC#N)O[*])C(C)(C)COC(=O)[*],[*]CC(CC#N)OC(=O)OCC(C)(C)N([*])C,4.8e-05,-4.318758762624412,3,-4.478709524203435
28060,CCC(C)(C#N)NCC(CO*)OC(=O)*,CCC(C)(C#N)NCC(CO[*])OC(=O)[*],[*]COC(=O)OC([*])CNC(C)(C#N)CC,3.44e-05,-4.46344155742847,1,-4.403043195783148
28061,CCC(CC#N)N(C)CC(CO*)OC(=O)*,CCC(CC#N)N(C)CC(CO[*])OC(=O)[*],[*]COC(=O)OC([*])CN(C)C(CC)CC#N,6.73e-05,-4.171984935776023,2,-4.2698954212194975
28062,CCC(CN(C)CC(C)O*)NC(=O)*,CCC(CN(C)CC(C)O[*])NC(=O)[*],[*]CN(C)CC(C)OC(=O)NC([*])CC,4.92e-05,-4.308034897232639,2,-4.166535333260976
28063,CCC(CN(C)CC(CC)O*)NC(=O)*,CCC(CN(C)CC(CC)O[*])NC(=O)[*],[*]CN(C)CC(CC)OC(=O)NC([*])CC,2.83e-05,-4.548213564475709,2,-4.289884732580654
28064,CC(CN(CCN*)CC(F)(F)F)NC(=O)*,CC(CN(CCN[*])CC(F)(F)F)NC(=O)[*],[*]CN(CCNC(=O)NC([*])C)CC(F)(F)F,6.85e-05,-4.164309428507575,0,-4.377986040538364
28065,CCC(C)CN(C)CC(O*)C(C)OC(=O)*,CCC(C)CN(C)CC(O[*])C(C)OC(=O)[*],[*]OC(=O)OC(C)C([*])CN(C)CC(C)CC,2.97e-05,-4.527243550682788,3,-4.472137740653737
28066,CCCC(CN(C)CC(C)NC(=O)*)O*,CCCC(CN(C)CC(C)NC(=O)[*])O[*],[*]CN(C)CC(C)NC(=O)OC([*])CCC,6.66e-05,-4.176525770829699,3,-4.380848200171149
28067,C#CCOCC(CNCC(C)O*)OC(=O)*,C#CCOCC(CNCC(C)O[*])OC(=O)[*],[*]CNCC(C)OC(=O)OC([*])COCC#C,6.87e-05,-4.16304326294045,0,-4.05071749795178
28068,CC(C)(CNCC(F)C(C)(C)O*)OC(=O)*,CC(C)(CNCC(F)C(C)(C)O[*])OC(=O)[*],[*]CNCC(F)C(C)(C)OC(=O)OC([*])(C)C,4e-05,-4.3979400086720375,0,-4.454484148498602
28069,O=C(*)OCCCS(=O)(=O)CCO*,O=C([*])OCCCS(=O)(=O)CCO[*],[*]OCCCS(=O)(=O)CCOC([*])=O,7.48e-05,-4.126098402135539,0,-4.120969393103558
28070,CC(NCCCCO*)C(C)(C)COC(=O)*,CC(NCCCCO[*])C(C)(C)COC(=O)[*],[*]NCCCCOC(=O)OCC(C)(C)C([*])C,3.15e-05,-4.501689446210399,1,-4.380307095092184
28071,CC(C)CCN(C)CC(CNC(=O)*)O*,CC(C)CCN(C)CC(CNC(=O)[*])O[*],[*]CNC(=O)OC([*])CN(C)CCC(C)C,4.98e-05,-4.302770657240282,2,-4.121477552991567
28072,CCCCN(CCC)CC(COC(=O)*)O*,CCCCN(CCC)CC(COC(=O)[*])O[*],[*]COC(=O)OC([*])CN(CCC)CCCC,5.23e-05,-4.281498311132726,3,-4.352244200740053
28073,CCCC#CC(=O)NC(COC(=O)*)C(C)O*,CCCC#CC(=O)NC(COC(=O)[*])C(C)O[*],[*]COC(=O)OC(C)C([*])NC(=O)C#CCCC,7.09e-05,-4.149353764816934,0,-4.373416074779272
28074,CC(CCO*)NC(C)CCOC(=O)*,CC(CCO[*])NC(C)CCOC(=O)[*],[*]CCOC(=O)OCCC(C)NC([*])C,7.65e-05,-4.116338564846382,0,-4.06528730794531
28075,CC(C)N(CCCCO*)CCNC(=O)*,CC(C)N(CCCCO[*])CCNC(=O)[*],[*]CCCCOC(=O)NCCN([*])C(C)C,8.1e-05,-4.091514981121351,1,-4.148248876725493
28076,CCC(C)(O*)C(=O)NC(C#N)COC(=O)*,CCC(C)(O[*])C(=O)NC(C#N)COC(=O)[*],[*]OC(=O)OCC(C#N)NC(=O)C([*])(C)CC,5.6e-05,-4.251811972993799,3,-4.350596896469636
28077,CC(CNCCCCCO*)OC(=O)*,CC(CNCCCCCO[*])OC(=O)[*],[*]CNCCCCCOC(=O)OC([*])C,0.000149,-3.826813731587726,0,-4.031271731602315
28078,CCC(CNCCC(C)COC(=O)*)O*,CCC(CNCCC(C)COC(=O)[*])O[*],[*]CNCCC(C)COC(=O)OC([*])CC,6.97e-05,-4.15676722190199,3,-4.1500666670183515
28079,C=C(COC(=O)*)C(=O)NC(C)CN*,C=C(COC(=O)[*])C(=O)NC(C)CN[*],[*]COC(=O)NCC(C)NC(=O)C([*])=C,3.43e-05,-4.464705879957229,2,-4.27163311009837
28080,C=CC(C)(CC(=O)NOCCO*)OC(=O)*,C=CC(C)(CC(=O)NOCCO[*])OC(=O)[*],[*]CC(=O)NOCCOC(=O)OC([*])(C)C=C,6.61e-05,-4.179798540514359,0,-4.0812758760237635
28081,CC(C)C(CO*)NCC(CC#N)OC(=O)*,CC(C)C(CO[*])NCC(CC#N)OC(=O)[*],[*]COC(=O)OC(CC#N)CNC([*])C(C)C,3.57e-05,-4.447331783887806,1,-4.3512196993143055
28082,C#CCC(CO*)NC(=O)C(CCC)OC(=O)*,C#CCC(CO[*])NC(=O)C(CCC)OC(=O)[*],[*]COC(=O)OC(CCC)C(=O)NC([*])CC#C,7.52e-05,-4.123782159408358,2,-4.283987750870148
28083,CC(C)N(CCCO*)CCCOC(=O)*,CC(C)N(CCCO[*])CCCOC(=O)[*],[*]CCCOC(=O)OCCCN([*])C(C)C,0.000104,-3.98296666070122,1,-4.145491760338702
28084,CCC(COC(=O)*)NC(=O)C(C)(CC)O*,CCC(COC(=O)[*])NC(=O)C(C)(CC)O[*],[*]COC(=O)OC(C)(CC)C(=O)NC([*])CC,4.25e-05,-4.371611069949688,1,-4.362575533925509
28085,CCC(CNC(C)(CNC(=O)*)C(C)C)O*,CCC(CNC(C)(CNC(=O)[*])C(C)C)O[*],[*]CNC(C)(CNC(=O)OC([*])CC)C(C)C,2.41e-05,-4.617982957425132,3,-4.354038722658732
28086,O=C(*)NCCCNCCCCCCN*,O=C([*])NCCCNCCCCCCN[*],[*]NCCCCCCNCCCNC([*])=O,9.11e-05,-4.040481623027001,2,-4.016574484143806
28087,CC(C)CN(C)CC(OC(=O)*)C(C)O*,CC(C)CN(C)CC(OC(=O)[*])C(C)O[*],[*]OC(=O)OC(C)C([*])CN(C)CC(C)C,5.68e-05,-4.245651664288981,3,-4.421415444134116
28088,CCC(COC(=O)*)(N*)NC(C)=CC=CN,CCC(COC(=O)[*])(N[*])NC(C)=CC=CN,[*]COC(=O)NC([*])(CC)NC(C)=CC=CN,5.45e-05,-4.263603497723357,0,-4.429734903968713
28089,CC(CNC(C)(CN*)C(C)C)OC(=O)*,CC(CNC(C)(CN[*])C(C)C)OC(=O)[*],[*]CNC(C)(CNC(=O)OC([*])C)C(C)C,1.37e-05,-4.863279432843593,1,-4.306469145463734
28090,CCCCN(CC#N)C(=O)C(CNC(=O)*)N*,CCCCN(CC#N)C(=O)C(CNC(=O)[*])N[*],[*]CNC(=O)NC([*])C(=O)N(CC#N)CCCC,6.99e-05,-4.155522824254319,0,-4.319227295154759
28091,CCCCCCNCC(COC(=O)*)O*,CCCCCCNCC(COC(=O)[*])O[*],[*]COC(=O)OC([*])CNCCCCCC,7.8e-05,-4.107905397309519,3,-4.2344309214024385
28092,C=C(COC(=O)*)C(=O)NCC=CCO*,C=C(COC(=O)[*])C(=O)NCC=CCO[*],[*]COC(=O)OCC=CCNC(=O)C([*])=C,9.28e-05,-4.032452023781138,2,-4.236335194539579
28093,CCCCCC(C)NCC(CO*)OC(=O)*,CCCCCC(C)NCC(CO[*])OC(=O)[*],[*]COC(=O)OC([*])CNC(C)CCCCC,6.14e-05,-4.211831628858833,2,-4.513672351628662
28094,CCC(CN(C)CCCCCN*)NC(=O)*,CCC(CN(C)CCCCCN[*])NC(=O)[*],[*]CN(C)CCCCCNC(=O)NC([*])CC,6.31e-05,-4.199970640755866,0,-4.141187495081813
28095,CCC(C)(O*)C(=O)NCC(C)(C)OC(=O)*,CCC(C)(O[*])C(=O)NCC(C)(C)OC(=O)[*],[*]OC(=O)OC(C)(C)CNC(=O)C([*])(C)CC,4.08e-05,-4.38933983691012,2,-4.2879591194400195
28096,CCN(CCCCN*)CCNC(=O)*,CCN(CCCCN[*])CCNC(=O)[*],[*]CCCCNC(=O)NCCN([*])CC,0.000106,-3.9746941347352296,3,-3.9583907305289263
28097,CC(NC(=O)*)C(=O)NCCCC(C)(C)O*,CC(NC(=O)[*])C(=O)NCCCC(C)(C)O[*],[*]NC(=O)OC(C)(C)CCCNC(=O)C([*])C,7.03e-05,-4.153044674980176,3,-4.5462623674085005
28098,CCCN(CCCOC(=O)*)CCO*,CCCN(CCCOC(=O)[*])CCO[*],[*]CCCOC(=O)OCCN([*])CCC,0.000155,-3.8096683018297086,0,-4.008064239447041
28099,CC(C#N)CN(C)CC(OC(=O)*)C(C)O*,CC(C#N)CN(C)CC(OC(=O)[*])C(C)O[*],[*]OC(=O)OC(C)C([*])CN(C)CC(C)C#N,8.04e-05,-4.094743951251549,1,-4.1891906255219835
28100,C=CC(C)(OC(=O)*)C(=O)NC(C)C(C)N*,C=CC(C)(OC(=O)[*])C(=O)NC(C)C(C)N[*],[*]OC(=O)NC(C)C(C)NC(=O)C([*])(C)C=C,2.88e-05,-4.540607512240769,0,-4.539297910350311
28101,CCCCC(CNC(C)(C)CO*)OC(=O)*,CCCCC(CNC(C)(C)CO[*])OC(=O)[*],[*]CNC(C)(C)COC(=O)OC([*])CCCC,2.95e-05,-4.530177984021837,2,-4.295996267208535
28102,C=C(C)CCC(=O)NCC(CO*)OC(=O)*,C=C(C)CCC(=O)NCC(CO[*])OC(=O)[*],[*]COC(=O)OC([*])CNC(=O)CCC(=C)C,5.22e-05,-4.282329496997738,2,-4.2117253292459305
28103,CCN(CCCOC(=O)*)CC(CC#N)O*,CCN(CCCOC(=O)[*])CC(CC#N)O[*],[*]CCCOC(=O)OC(CC#N)CN([*])CC,0.0001,-4.0,0,-4.177084593465773
28104,C#CC(C)(N*)C(=O)NCCCCCOC(=O)*,C#CC(C)(N[*])C(=O)NCCCCCOC(=O)[*],[*]NC(=O)OCCCCCNC(=O)C([*])(C)C#C,6.01e-05,-4.221125527997261,2,-4.251810049413354
28105,CCCC(CNCC(CC)N*)OC(=O)*,CCCC(CNCC(CC)N[*])OC(=O)[*],[*]CNCC(CC)NC(=O)OC([*])CCC,6.08e-05,-4.216096420727265,3,-4.281754728531954
28106,CCC(COC(=O)*)NCC(C)(C)O*,CCC(COC(=O)[*])NCC(C)(C)O[*],[*]COC(=O)OC(C)(C)CNC([*])CC,3.19e-05,-4.496209316942819,3,-4.350444969560353
28107,CCSCC(C)NCC(CN*)OC(=O)*,CCSCC(C)NCC(CN[*])OC(=O)[*],[*]CNC(=O)OC([*])CNC(C)CSCC,6.66e-05,-4.176525770829699,1,-4.095626088322662
28108,C=CCCONC(=O)C(NC(=O)*)C(C)O*,C=CCCONC(=O)C(NC(=O)[*])C(C)O[*],[*]NC(=O)OC(C)C([*])C(=O)NOCCC=C,7.95e-05,-4.0996328713435295,2,-4.368053789994975
28109,CCCC(CNC(CO*)C(C)C)OC(=O)*,CCCC(CNC(CO[*])C(C)C)OC(=O)[*],[*]CNC(COC(=O)OC([*])CCC)C(C)C,2.04e-05,-4.690369832574101,0,-4.396333791829452
28110,CC(CN*)NC(=O)C(CCCC#N)NC(=O)*,CC(CN[*])NC(=O)C(CCCC#N)NC(=O)[*],[*]CNC(=O)NC(CCCC#N)C(=O)NC([*])C,6.29e-05,-4.201349354554731,0,-4.0690185383095425
28111,CC(CC(C)NC(=O)*)NCCC(C)(C)N*,CC(CC(C)NC(=O)[*])NCCC(C)(C)N[*],[*]CC(C)NC(=O)NC(C)(C)CCNC([*])C,6.26e-05,-4.20342566678957,3,-4.34843883368511
28112,CCN(CC(C)C)CC(O*)C(C)OC(=O)*,CCN(CC(C)C)CC(O[*])C(C)OC(=O)[*],[*]OC(=O)OC(C)C([*])CN(CC)CC(C)C,4.3e-05,-4.366531544420414,2,-4.288169526295824
28113,C=CC(C)(CC(=O)NC(C#N)CO*)OC(=O)*,C=CC(C)(CC(=O)NC(C#N)CO[*])OC(=O)[*],[*]CC(=O)NC(C#N)COC(=O)OC([*])(C)C=C,3.76e-05,-4.424812155072339,2,-4.114448282089147
28114,C=CC(C)(CNCCCO*)OC(=O)*,C=CC(C)(CNCCCO[*])OC(=O)[*],[*]CNCCCOC(=O)OC([*])(C)C=C,6.52e-05,-4.185752404268079,0,-4.213702006391361
28115,CCCCC(COC(=O)*)NCC(C)O*,CCCCC(COC(=O)[*])NCC(C)O[*],[*]COC(=O)OC(C)CNC([*])CCCC,4.35e-05,-4.361510743045363,0,-4.261659033563205
28116,CC(CN(C)CC(C)(C)CN*)OC(=O)*,CC(CN(C)CC(C)(C)CN[*])OC(=O)[*],[*]CN(C)CC(C)(C)CNC(=O)OC([*])C,5.34e-05,-4.272458742971444,2,-4.512260337601717
28117,CC(CN*)C(=O)NCCNC(=O)*,CC(CN[*])C(=O)NCCNC(=O)[*],[*]CNC(=O)NCCNC(=O)C([*])C,9.13e-05,-4.039529222465701,0,-4.126623977668209
28118,C=CC(C)(O*)C(=O)N(C)CCCNC(=O)*,C=CC(C)(O[*])C(=O)N(C)CCCNC(=O)[*],[*]OC(=O)NCCCN(C)C(=O)C([*])(C)C=C,5.12e-05,-4.29073003902417,0,-4.33216733157586
28119,COCC(CNC(=O)CCN*)OC(=O)*,COCC(CNC(=O)CCN[*])OC(=O)[*],[*]CNC(=O)CCNC(=O)OC([*])COC,0.000123,-3.910094888560602,0,-4.154598310253871
28120,CCC(CN(C)CC(C)N*)NC(=O)*,CCC(CN(C)CC(C)N[*])NC(=O)[*],[*]CN(C)CC(C)NC(=O)NC([*])CC,8.81e-05,-4.055024091587952,1,-4.240831536536352
28121,C=CC(C)(CNCC(CF)OC(=O)*)O*,C=CC(C)(CNCC(CF)OC(=O)[*])O[*],[*]CNCC(CF)OC(=O)OC([*])(C)C=C,9.12e-05,-4.040005161671584,3,-4.316189798355608
28122,CCN(CCO*)CC(CC#N)OC(=O)*,CCN(CCO[*])CC(CC#N)OC(=O)[*],[*]CCOC(=O)OC(CC#N)CN([*])CC,5.27e-05,-4.278189384787454,1,-4.0691624339413215
28123,CN(CC#N)CC(CC(C)(C)O*)OC(=O)*,CN(CC#N)CC(CC(C)(C)O[*])OC(=O)[*],[*]CC(C)(C)OC(=O)OC([*])CN(C)CC#N,5.92e-05,-4.22767829327708,1,-4.408290870206756
28124,CC(C)CC(C#N)NC(=O)C(CNC(=O)*)N*,CC(C)CC(C#N)NC(=O)C(CNC(=O)[*])N[*],[*]CNC(=O)NC([*])C(=O)NC(C#N)CC(C)C,4.25e-05,-4.371611069949688,2,-4.31847523420555
28125,C#CC(=O)N(CC(CO*)OC(=O)*)C(C)(C)C,C#CC(=O)N(CC(CO[*])OC(=O)[*])C(C)(C)C,[*]COC(=O)OC([*])CN(C(=O)C#C)C(C)(C)C,4.05e-05,-4.392544976785332,3,-4.546139307150043
28126,CC(C)(CCCNC(=O)CCO*)OC(=O)*,CC(C)(CCCNC(=O)CCO[*])OC(=O)[*],[*]CCCNC(=O)CCOC(=O)OC([*])(C)C,6.18e-05,-4.209011524911184,3,-4.251407247325376
28127,CC(CCNCC(O*)C(C)C)NC(=O)*,CC(CCNCC(O[*])C(C)C)NC(=O)[*],[*]CCNCC(OC(=O)NC([*])C)C(C)C,3.14e-05,-4.503070351926785,3,-4.409036814379493
28128,CC(C)(C#N)NCC(CO*)OC(=O)*,CC(C)(C#N)NCC(CO[*])OC(=O)[*],[*]COC(=O)OC([*])CNC(C)(C)C#N,3.32e-05,-4.478861916295964,3,-4.148261266040696
28129,CC(CSC(C)COC(=O)*)O*,CC(CSC(C)COC(=O)[*])O[*],[*]CSC(C)COC(=O)OC([*])C,4.79e-05,-4.319664486585437,0,-4.305047460846839
28130,CCCCCCN(CCN*)CCNC(=O)*,CCCCCCN(CCN[*])CCNC(=O)[*],[*]CCNC(=O)NCCN([*])CCCCCC,7.09e-05,-4.149353764816934,2,-4.106351631483625
28131,CC(CC(=O)NCCCCCOC(=O)*)O*,CC(CC(=O)NCCCCCOC(=O)[*])O[*],[*]CC(=O)NCCCCCOC(=O)OC([*])C,5.27e-05,-4.278189384787454,1,-4.1187225988909875
28132,CCCC(OC(=O)*)C(=O)NC(C)(C)CO*,CCCC(OC(=O)[*])C(=O)NC(C)(C)CO[*],[*]OC(=O)OCC(C)(C)NC(=O)C([*])CCC,5.78e-05,-4.238072161579471,0,-4.440677455712374
28133,CCCCN(CCO*)CC(CC)OC(=O)*,CCCCN(CCO[*])CC(CC)OC(=O)[*],[*]CCOC(=O)OC(CC)CN([*])CCCC,5.13e-05,-4.289882634888183,2,-4.295437828830723
28134,CCN(CC(CC#N)O*)C(C)COC(=O)*,CCN(CC(CC#N)O[*])C(C)COC(=O)[*],[*]CC(CC#N)OC(=O)OCC(C)N([*])CC,2.62e-05,-4.581698708680254,0,-4.2135785031082875
28135,N#CCC(NC(=O)*)C(=O)NCCCCN*,N#CCC(NC(=O)[*])C(=O)NCCCCN[*],[*]NC(=O)NCCCCNC(=O)C([*])CC#N,5.87e-05,-4.231361898752385,2,-4.236194525628917
28136,C=CC(C)(OC(=O)*)C(=O)NOCC(C)N*,C=CC(C)(OC(=O)[*])C(=O)NOCC(C)N[*],[*]OC(=O)NC(C)CONC(=O)C([*])(C)C=C,4.91e-05,-4.308918507877031,1,-4.312949117864768
28137,C#CC(=O)N(CC(C)O*)C(C)COC(=O)*,C#CC(=O)N(CC(C)O[*])C(C)COC(=O)[*],[*]CC(C)OC(=O)OCC(C)N([*])C(=O)C#C,3.74e-05,-4.42712839779952,2,-4.540912271677937
28138,C#CCCCC(=O)NCC(OC(=O)*)C(C)O*,C#CCCCC(=O)NCC(OC(=O)[*])C(C)O[*],[*]OC(=O)OC(C)C([*])CNC(=O)CCCC#C,5.9e-05,-4.229147988357856,0,-4.311557038880456
28139,CC(O*)C(CN(C)C(C)CC#N)OC(=O)*,CC(O[*])C(CN(C)C(C)CC#N)OC(=O)[*],[*]OC(=O)OC(CN(C)C(C)CC#N)C([*])C,8.32e-05,-4.079876673709276,3,-4.393291536011068
28140,CCC(C)(CNCC(C)O*)OC(=O)*,CCC(C)(CNCC(C)O[*])OC(=O)[*],[*]CNCC(C)OC(=O)OC([*])(C)CC,4.7e-05,-4.327902142064283,0,-4.383868711291725
28141,CN(CC(CO*)OC(=O)*)C(=O)CCC#N,CN(CC(CO[*])OC(=O)[*])C(=O)CCC#N,[*]COC(=O)OC([*])CN(C)C(=O)CCC#N,6.72e-05,-4.172630726946175,3,-4.07474309826922
28142,CC#CC(=O)NC(COC(=O)*)C(CCC)O*,CC#CC(=O)NC(COC(=O)[*])C(CCC)O[*],[*]COC(=O)OC(CCC)C([*])NC(=O)C#CC,3.75e-05,-4.425968732272281,1,-4.3531596767708525
28143,CCCC(O*)C(=O)NCC#CCOC(=O)*,CCCC(O[*])C(=O)NCC#CCOC(=O)[*],[*]OC(=O)OCC#CCNC(=O)C([*])CCC,3.86e-05,-4.413412695328245,3,-4.245878993530527
28144,CCC(CNCC(OC(=O)*)C(C)(C)C)N*,CCC(CNCC(OC(=O)[*])C(C)(C)C)N[*],[*]CNCC(OC(=O)NC([*])CC)C(C)(C)C,9.26e-05,-4.033389013318065,1,-4.354705982680384
28145,C=CCC(CNC(=O)C(=C)COC(=O)*)CO*,C=CCC(CNC(=O)C(=C)COC(=O)[*])CO[*],[*]CNC(=O)C(=C)COC(=O)OCC([*])CC=C,6.88e-05,-4.162411561764489,0,-4.116042909173821
28146,C=C(C)CNC(=O)C(CCNC(=O)*)N*,C=C(C)CNC(=O)C(CCNC(=O)[*])N[*],[*]CCNC(=O)NC([*])C(=O)NCC(=C)C,4.97e-05,-4.303643611266668,3,-4.3647584284036
28147,CC(O*)C(COC(=O)*)NC(=O)CCC#N,CC(O[*])C(COC(=O)[*])NC(=O)CCC#N,[*]OC(=O)OCC(NC(=O)CCC#N)C([*])C,7.47e-05,-4.126679398184601,1,-4.130796019913792
28148,CC(C)(C)C(N*)C(=O)NC(C#N)COC(=O)*,CC(C)(C)C(N[*])C(=O)NC(C#N)COC(=O)[*],[*]NC(=O)OCC(C#N)NC(=O)C([*])C(C)(C)C,4.09e-05,-4.388276691992658,1,-4.457738667265149
28149,CC(CN(CCCOC(=O)*)C(C)C)N*,CC(CN(CCCOC(=O)[*])C(C)C)N[*],[*]CN(CCCOC(=O)NC([*])C)C(C)C,4.95e-05,-4.305394801066432,2,-4.134681430588243
28150,CC(=O)C=C(C)NCC(CO*)OC(=O)*,CC(=O)C=C(C)NCC(CO[*])OC(=O)[*],[*]COC(=O)OC([*])CNC(C)=CC(C)=O,4.84e-05,-4.315154638355588,2,-4.367570544021826
28151,CC(CN(C)CC(CC#N)OC(=O)*)O*,CC(CN(C)CC(CC#N)OC(=O)[*])O[*],[*]CN(C)CC(CC#N)OC(=O)OC([*])C,3.7e-05,-4.431798275933005,1,-4.156467439334742
28152,C=CC(C)(OC(=O)*)C(=O)NCC(C)CN*,C=CC(C)(OC(=O)[*])C(=O)NCC(C)CN[*],[*]OC(=O)NCC(C)CNC(=O)C([*])(C)C=C,4.39e-05,-4.357535479757878,1,-4.33593649323082
28153,CCCC(OC(=O)*)C(=O)NCC(C)(C)N*,CCCC(OC(=O)[*])C(=O)NCC(C)(C)N[*],[*]OC(=O)NC(C)(C)CNC(=O)C([*])CCC,3.22e-05,-4.492144128304169,3,-4.408189769909033
28154,O=C(*)NCC(CC(=O)NCCCS)O*,O=C([*])NCC(CC(=O)NCCCS)O[*],[*]CNC(=O)OC([*])CC(=O)NCCCS,3.31e-05,-4.480172006224281,1,-4.186604240558811
28155,C=CC(CNCCC(C)OC(=O)*)O*,C=CC(CNCCC(C)OC(=O)[*])O[*],[*]CNCCC(C)OC(=O)OC([*])C=C,7.2e-05,-4.142667503568732,0,-4.084751436202371
28156,C=CCCC(CO*)NC(=O)CCOC(=O)*,C=CCCC(CO[*])NC(=O)CCOC(=O)[*],[*]COC(=O)OCCC(=O)NC([*])CCC=C,0.000108,-3.96657624451305,0,-4.086005635714178
28157,C=C(CO*)C(=O)NCCCC(C)OC(=O)*,C=C(CO[*])C(=O)NCCCC(C)OC(=O)[*],[*]COC(=O)OC(C)CCCNC(=O)C([*])=C,9.79e-05,-4.009217308196862,1,-4.161797002556904
28158,CCC(CNC(CNC(=O)*)C(C)(C)C)O*,CCC(CNC(CNC(=O)[*])C(C)(C)C)O[*],[*]CNC(CNC(=O)OC([*])CC)C(C)(C)C,5.81e-05,-4.235823867609669,1,-4.515153369895163
28159,N#CCCCC(=O)NCC(COC(=O)*)O*,N#CCCCC(=O)NCC(COC(=O)[*])O[*],[*]COC(=O)OC([*])CNC(=O)CCCC#N,8.74e-05,-4.058488567365597,2,-4.2435422003314205
28160,C=CCCN(C)CC(COC(=O)*)O*,C=CCCN(C)CC(COC(=O)[*])O[*],[*]COC(=O)OC([*])CN(C)CCC=C,7.69e-05,-4.114073660198569,3,-4.176430986323354
28161,CC#CCN(C)CC(OC(=O)*)C(C)O*,CC#CCN(C)CC(OC(=O)[*])C(C)O[*],[*]OC(=O)OC(C)C([*])CN(C)CC#CC,4.66e-05,-4.33161408331,2,-4.409289864772115
28162,CCCC(COC(=O)*)NCC(C)O*,CCCC(COC(=O)[*])NCC(C)O[*],[*]COC(=O)OC(C)CNC([*])CCC,8.45e-05,-4.073143291050307,2,-4.251782137187373
28163,C#CC(C)N(C)CC(O*)C(C)OC(=O)*,C#CC(C)N(C)CC(O[*])C(C)OC(=O)[*],[*]OC(=O)OC(C)C([*])CN(C)C(C)C#C,5.03e-05,-4.298432014944073,2,-4.446832531002378
28164,CCCNCC(CC(C)(C)O*)OC(=O)*,CCCNCC(CC(C)(C)O[*])OC(=O)[*],[*]CC(C)(C)OC(=O)OC([*])CNCCC,2.67e-05,-4.573488738635425,2,-4.299451256078729
28165,C=CC(CN(C)CCOC(=O)*)O*,C=CC(CN(C)CCOC(=O)[*])O[*],[*]CN(C)CCOC(=O)OC([*])C=C,9.32e-05,-4.030584087646019,1,-4.048506558425804
28166,C=CC(C)(O*)C(=O)NCC(CC)NC(=O)*,C=CC(C)(O[*])C(=O)NCC(CC)NC(=O)[*],[*]OC(=O)NC(CC)CNC(=O)C([*])(C)C=C,3.12e-05,-4.505845405981558,2,-4.267726800767237
28167,C=CC(OC(=O)*)C(=O)NC(CC#CC)CO*,C=CC(OC(=O)[*])C(=O)NC(CC#CC)CO[*],[*]OC(=O)OCC(CC#CC)NC(=O)C([*])C=C,5.76e-05,-4.239577516576788,2,-4.320466756602082
28168,CC(C)CCC(CN(C)CCN*)OC(=O)*,CC(C)CCC(CN(C)CCN[*])OC(=O)[*],[*]CN(C)CCNC(=O)OC([*])CCC(C)C,4.29e-05,-4.367542707815276,0,-4.2394543141841
28169,N#CCCC(C#N)CNC(CO*)COC(=O)*,N#CCCC(C#N)CNC(CO[*])COC(=O)[*],[*]COC(=O)OCC([*])NCC(C#N)CCC#N,7.52e-05,-4.123782159408358,1,-4.222209209419494
28170,O=C(*)NCC(CN*)NCC=C(Cl)Cl,O=C([*])NCC(CN[*])NCC=C(Cl)Cl,[*]NCC(CNC([*])=O)NCC=C(Cl)Cl,7.37e-05,-4.132532512140949,2,-4.037750548151061
28171,CCC(CNCC(C)(C)OC(=O)*)N*,CCC(CNCC(C)(C)OC(=O)[*])N[*],[*]CNCC(C)(C)OC(=O)NC([*])CC,6.69e-05,-4.174573882232177,1,-4.178025437220307
28172,CC(CN(CCN*)C(C)C)NC(=O)*,CC(CN(CCN[*])C(C)C)NC(=O)[*],[*]CN(CCNC(=O)NC([*])C)C(C)C,7.61e-05,-4.118615343229427,1,-4.168549736499468
28173,CC(CN(C)CCCCN*)NC(=O)*,CC(CN(C)CCCCN[*])NC(=O)[*],[*]CN(C)CCCCNC(=O)NC([*])C,9.73e-05,-4.011887159731648,0,-4.1530982199058295
28174,CCCCC(COC(=O)*)NCC(CC)O*,CCCCC(COC(=O)[*])NCC(CC)O[*],[*]COC(=O)OC(CC)CNC([*])CCCC,3.56e-05,-4.448550002027125,1,-4.328566068252819
28175,CCN(CC(O*)C(C)OC(=O)*)C(C)C#N,CCN(CC(O[*])C(C)OC(=O)[*])C(C)C#N,[*]OC(=O)OC(C)C([*])CN(CC)C(C)C#N,6.82e-05,-4.166215625343521,1,-4.3058834776769395
28176,C=CC(C)(OC(=O)*)C(=O)NCCC(C)N*,C=CC(C)(OC(=O)[*])C(=O)NCCC(C)N[*],[*]OC(=O)NC(C)CCNC(=O)C([*])(C)C=C,3.48e-05,-4.458420756053419,2,-4.362604962670352
28177,C#CC(C)(C)C(=O)NC(COC(=O)*)C(C)O*,C#CC(C)(C)C(=O)NC(COC(=O)[*])C(C)O[*],[*]COC(=O)OC(C)C([*])NC(=O)C(C)(C)C#C,5.11e-05,-4.291579099865287,1,-4.433230931755056
28178,CN(CCCO*)CC(CC#N)OC(=O)*,CN(CCCO[*])CC(CC#N)OC(=O)[*],[*]CCCOC(=O)OC(CC#N)CN([*])C,5.25e-05,-4.279840696594043,0,-4.190389331251459
28179,C=CCCCC(=O)NCC(COC(=O)*)O*,C=CCCCC(=O)NCC(COC(=O)[*])O[*],[*]COC(=O)OC([*])CNC(=O)CCCC=C,7.25e-05,-4.139661993429006,1,-4.28029861392889
28180,C#CCN(CC)CC(O*)C(C)OC(=O)*,C#CCN(CC)CC(O[*])C(C)OC(=O)[*],[*]OC(=O)OC(C)C([*])CN(CC)CC#C,5.1e-05,-4.292429823902063,1,-4.266232913533078
28181,C=CCN(CC=C)C(=O)C(CO*)NC(=O)*,C=CCN(CC=C)C(=O)C(CO[*])NC(=O)[*],[*]COC(=O)NC([*])C(=O)N(CC=C)CC=C,3.56e-05,-4.448550002027125,3,-4.425392031470981
28182,CC(CNCCCC(C)(C)OC(=O)*)O*,CC(CNCCCC(C)(C)OC(=O)[*])O[*],[*]CNCCCC(C)(C)OC(=O)OC([*])C,5.09e-05,-4.293282217663242,1,-4.398529185683661
28183,CC(C)(S)CNCC(CO*)OC(=O)*,CC(C)(S)CNCC(CO[*])OC(=O)[*],[*]COC(=O)OC([*])CNCC(C)(C)S,5e-05,-4.301029995663981,2,-4.423260537643046
28184,CCC(CO*)NC(CCOC(=O)*)C(C)C,CCC(CO[*])NC(CCOC(=O)[*])C(C)C,[*]COC(=O)OCCC(NC([*])CC)C(C)C,4.11e-05,-4.386158178123931,2,-4.435279679436149
28185,CCC(O*)C(=O)OCC(C)(C)COC(=O)*,CCC(O[*])C(=O)OCC(C)(C)COC(=O)[*],[*]OC(=O)OCC(C)(C)COC(=O)C([*])CC,1.52e-05,-4.818156412055227,3,-4.401949830092574
28186,CCC(CNCC(F)C(C)(C)O*)OC(=O)*,CCC(CNCC(F)C(C)(C)O[*])OC(=O)[*],[*]CNCC(F)C(C)(C)OC(=O)OC([*])CC,6.9e-05,-4.161150909262744,2,-4.308797826470362
28187,CCC(CO*)NCC(CC#N)OC(=O)*,CCC(CO[*])NCC(CC#N)OC(=O)[*],[*]COC(=O)OC(CC#N)CNC([*])CC,5.43e-05,-4.265200170411153,2,-4.1586851677291765
28188,C=CCC(C)NC(=O)C(COC(=O)*)N*,C=CCC(C)NC(=O)C(COC(=O)[*])N[*],[*]COC(=O)NC([*])C(=O)NC(C)CC=C,2.67e-05,-4.573488738635425,1,-4.299175483635783
28189,CN(CC(CO*)OC(=O)*)CC(C)(C)C#N,CN(CC(CO[*])OC(=O)[*])CC(C)(C)C#N,[*]COC(=O)OC([*])CN(C)CC(C)(C)C#N,6.69e-05,-4.174573882232177,1,-4.444695430440801
28190,C=C(C)CC(CO*)NC(=O)C(=C)COC(=O)*,C=C(C)CC(CO[*])NC(=O)C(=C)COC(=O)[*],[*]COC(=O)OCC(=C)C(=O)NC([*])CC(=C)C,6.91e-05,-4.1605219526258015,0,-4.312067975731726
28191,C=CCN(CC=C)C(=O)C(NC(=O)*)C(C)O*,C=CCN(CC=C)C(=O)C(NC(=O)[*])C(C)O[*],[*]NC(=O)OC(C)C([*])C(=O)N(CC=C)CC=C,5.03e-05,-4.298432014944073,3,-4.510048260740963
28192,N#CC(CO*)NC(=O)CCCCOC(=O)*,N#CC(CO[*])NC(=O)CCCCOC(=O)[*],[*]COC(=O)OCCCCC(=O)NC([*])C#N,5.1e-05,-4.292429823902063,3,-4.132434311915319
28193,C=C(COC(=O)*)C(=O)NCC(C)CCO*,C=C(COC(=O)[*])C(=O)NCC(C)CCO[*],[*]COC(=O)OCCC(C)CNC(=O)C([*])=C,9.68e-05,-4.014124642691606,0,-4.210034711665812
28194,CCC=CCCN(CCN*)CCNC(=O)*,CCC=CCCN(CCN[*])CCNC(=O)[*],[*]CCNC(=O)NCCN([*])CCC=CCC,0.000141,-3.85078088734462,2,-4.159267187605269
28195,N#CCCCCNC(=O)C(CCNC(=O)*)N*,N#CCCCCNC(=O)C(CCNC(=O)[*])N[*],[*]CCNC(=O)NC([*])C(=O)NCCCCC#N,9.88e-05,-4.005243055412372,1,-4.279718299144814
28196,CC(CCNCC(C)(C)O*)COC(=O)*,CC(CCNCC(C)(C)O[*])COC(=O)[*],[*]CCNCC(C)(C)OC(=O)OCC([*])C,2.18e-05,-4.661543506395395,2,-4.383125464469306
28197,CC(C)(C)C#CC(=O)NCC(CNC(=O)*)O*,CC(C)(C)C#CC(=O)NCC(CNC(=O)[*])O[*],[*]CNC(=O)OC([*])CNC(=O)C#CC(C)(C)C,0.000109,-3.962573502059376,3,-4.3788380053284595
28198,CCCCC(CNCCC(C)N*)OC(=O)*,CCCCC(CNCCC(C)N[*])OC(=O)[*],[*]CNCCC(C)NC(=O)OC([*])CCCC,0.000109,-3.962573502059376,3,-4.272200843800385
28199,CCCC(CN(C)CCO*)OC(=O)*,CCCC(CN(C)CCO[*])OC(=O)[*],[*]CN(C)CCOC(=O)OC([*])CCC,0.000138,-3.860120913598764,0,-4.103841589705008
28200,CC(O*)C(CN(C)C(C)(C)C)OC(=O)*,CC(O[*])C(CN(C)C(C)(C)C)OC(=O)[*],[*]OC(=O)OC(CN(C)C(C)(C)C)C([*])C,3.13e-05,-4.504455662453552,2,-4.644981396112638
28201,CCN(CC(CO*)OC(=O)*)C(C)C#N,CCN(CC(CO[*])OC(=O)[*])C(C)C#N,[*]COC(=O)OC([*])CN(CC)C(C)C#N,0.000104,-3.98296666070122,1,-4.234330250012998
28202,C#CC(NC(=O)C(CO*)NC(=O)*)C(C)(C)C,C#CC(NC(=O)C(CO[*])NC(=O)[*])C(C)(C)C,[*]COC(=O)NC([*])C(=O)NC(C#C)C(C)(C)C,1.01e-05,-4.995678626217358,2,-4.467671274971151
28203,C=CC(CNCC(CF)O*)OC(=O)*,C=CC(CNCC(CF)O[*])OC(=O)[*],[*]CNCC(CF)OC(=O)OC([*])C=C,6.82e-05,-4.166215625343521,2,-4.159158789806112
28204,CCCC(C)NC(CCO*)CCOC(=O)*,CCCC(C)NC(CCO[*])CCOC(=O)[*],[*]CCOC(=O)OCCC([*])NC(C)CCC,6.75e-05,-4.170696227168975,3,-4.499392168712265
28205,CCN(CCC#N)CC(O*)C(C)OC(=O)*,CCN(CCC#N)CC(O[*])C(C)OC(=O)[*],[*]OC(=O)OC(C)C([*])CN(CC)CCC#N,0.000116,-3.9355420107730814,1,-4.0295929308355225
28206,C#CCN(CC#CC)CC(CO*)OC(=O)*,C#CCN(CC#CC)CC(CO[*])OC(=O)[*],[*]COC(=O)OC([*])CN(CC#C)CC#CC,3.83e-05,-4.416801226031377,3,-4.162782230301238
28207,CC(C#N)N(C)C(=O)CC(CNC(=O)*)O*,CC(C#N)N(C)C(=O)CC(CNC(=O)[*])O[*],[*]CNC(=O)OC([*])CC(=O)N(C)C(C)C#N,3.44e-05,-4.46344155742847,3,-4.386234870172584
28208,CCCCN(CC#N)CC(COC(=O)*)O*,CCCCN(CC#N)CC(COC(=O)[*])O[*],[*]COC(=O)OC([*])CN(CC#N)CCCC,7.44e-05,-4.128427064454121,1,-4.1609753980699065
28209,C=C(CC)C(=O)NCC(OC(=O)*)C(C)O*,C=C(CC)C(=O)NCC(OC(=O)[*])C(C)O[*],[*]OC(=O)OC(C)C([*])CNC(=O)C(=C)CC,8.49e-05,-4.071092309756048,0,-4.315172931575836
28210,CCC(C)N(CC)CC(OC(=O)*)C(C)O*,CCC(C)N(CC)CC(OC(=O)[*])C(C)O[*],[*]OC(=O)OC(C)C([*])CN(CC)C(C)CC,3.64e-05,-4.438898616350944,1,-4.415152945685797
28211,CC(CC#N)N(C)C(=O)C(CO*)NC(=O)*,CC(CC#N)N(C)C(=O)C(CO[*])NC(=O)[*],[*]COC(=O)NC([*])C(=O)N(C)C(C)CC#N,4.99e-05,-4.30189945437661,2,-4.413140613840902
28212,C=CC(CNCC(CC)N*)OC(=O)*,C=CC(CNCC(CC)N[*])OC(=O)[*],[*]CNCC(CC)NC(=O)OC([*])C=C,4.81e-05,-4.317854923626168,2,-4.297139009998303
28213,C#CCC(C)(C)C(=O)NCC(CO*)OC(=O)*,C#CCC(C)(C)C(=O)NCC(CO[*])OC(=O)[*],[*]COC(=O)OC([*])CNC(=O)C(C)(C)CC#C,3.95e-05,-4.403402904373539,0,-4.226624463742428
28214,C=CCN(CCC#N)CC(CO*)OC(=O)*,C=CCN(CCC#N)CC(CO[*])OC(=O)[*],[*]COC(=O)OC([*])CN(CC=C)CCC#N,0.000134,-3.872895201635192,2,-3.939355870499862
28215,C=CC(C)(OC(=O)*)C(=O)N(C)CCN*,C=CC(C)(OC(=O)[*])C(=O)N(C)CCN[*],[*]OC(=O)NCCN(C)C(=O)C([*])(C)C=C,4.78e-05,-4.320572103387881,3,-4.366292200063056
28216,CCC(C)CN(C)CC(CN*)OC(=O)*,CCC(C)CN(C)CC(CN[*])OC(=O)[*],[*]CNC(=O)OC([*])CN(C)CC(C)CC,3.13e-05,-4.504455662453552,3,-4.364343588510203
28217,CC(C)N(CCCCNC(=O)*)CCN*,CC(C)N(CCCCNC(=O)[*])CCN[*],[*]CCCCNC(=O)NCCN([*])C(C)C,9.35e-05,-4.029188389127483,2,-4.184031434586484
28218,C=CCNC(=O)C(N*)C(C)(C)OC(=O)*,C=CCNC(=O)C(N[*])C(C)(C)OC(=O)[*],[*]NC(=O)OC(C)(C)C([*])C(=O)NCC=C,3.02e-05,-4.519993057042849,1,-4.271215308737603
28219,CCC(CN(C)CC(C)(C)O*)NC(=O)*,CCC(CN(C)CC(C)(C)O[*])NC(=O)[*],[*]CN(C)CC(C)(C)OC(=O)NC([*])CC,2.59e-05,-4.586700235918748,0,-4.3042716904862095
28220,CC(CO*)NC(C)C(C)(C)COC(=O)*,CC(CO[*])NC(C)C(C)(C)COC(=O)[*],[*]COC(=O)OCC(C)(C)C(C)NC([*])C,2.1e-05,-4.6777807052660805,3,-4.430817888901124
28221,CN(CCOC(=O)*)CC(CC#N)O*,CN(CCOC(=O)[*])CC(CC#N)O[*],[*]CCOC(=O)OC(CC#N)CN([*])C,7.51e-05,-4.124360062995832,3,-4.325635285251955
28222,CN(CC(CO*)OC(=O)*)C(=O)CCS,CN(CC(CO[*])OC(=O)[*])C(=O)CCS,[*]COC(=O)OC([*])CN(C)C(=O)CCS,4.83e-05,-4.316052869248487,3,-4.34478132489831
28223,CC(CCNCC(C)(C)O*)NC(=O)*,CC(CCNCC(C)(C)O[*])NC(=O)[*],[*]CCNCC(C)(C)OC(=O)NC([*])C,3.22e-05,-4.492144128304169,0,-4.2956928738695135
28224,C#CCCCCNC(=O)C(NC(=O)*)C(C)O*,C#CCCCCNC(=O)C(NC(=O)[*])C(C)O[*],[*]NC(=O)OC(C)C([*])C(=O)NCCCCC#C,2.48e-05,-4.605548319173784,3,-4.222548997854766
28225,C=C(CC)C(=O)NC(C)(CO*)COC(=O)*,C=C(CC)C(=O)NC(C)(CO[*])COC(=O)[*],[*]COC(=O)OCC([*])(C)NC(=O)C(=C)CC,5.36e-05,-4.27083521030723,1,-4.323953171173067
28226,C=C(CC)C(=O)NC(COC(=O)*)C(C)O*,C=C(CC)C(=O)NC(COC(=O)[*])C(C)O[*],[*]COC(=O)OC(C)C([*])NC(=O)C(=C)CC,3.6e-05,-4.443697499232712,2,-4.325350006601208
28227,C#CCCC(CNC(=O)CCO*)OC(=O)*,C#CCCC(CNC(=O)CCO[*])OC(=O)[*],[*]CNC(=O)CCOC(=O)OC([*])CCC#C,7.46e-05,-4.127261172527331,2,-4.210048429609369
28228,C#CCCCN(C)CC(COC(=O)*)O*,C#CCCCN(C)CC(COC(=O)[*])O[*],[*]COC(=O)OC([*])CN(C)CCCC#C,3.46e-05,-4.460923901207224,2,-4.1686746093278275
28229,C=CC(CN(C)CC(C)NC(=O)*)O*,C=CC(CN(C)CC(C)NC(=O)[*])O[*],[*]CN(C)CC(C)NC(=O)OC([*])C=C,7.28e-05,-4.137868620686963,1,-4.219602700378387
28230,CC(COC(=O)*)N(C)CC(CC#N)O*,CC(COC(=O)[*])N(C)CC(CC#N)O[*],[*]COC(=O)OC(CC#N)CN(C)C([*])C,4.66e-05,-4.33161408331,3,-4.340092647691002
28231,C=C(CC)CNC(=O)C(NC(=O)*)C(C)O*,C=C(CC)CNC(=O)C(NC(=O)[*])C(C)O[*],[*]NC(=O)OC(C)C([*])C(=O)NCC(=C)CC,2.88e-05,-4.540607512240769,0,-4.371085723110744
28232,C#CCNC(=O)CC(CCCCN*)NC(=O)*,C#CCNC(=O)CC(CCCCN[*])NC(=O)[*],[*]CCCCNC(=O)NC([*])CC(=O)NCC#C,3.59e-05,-4.444905551421681,2,-4.175554692614696
28233,C=C(CC)C(=O)NCC(CO*)OC(=O)*,C=C(CC)C(=O)NCC(CO[*])OC(=O)[*],[*]COC(=O)OC([*])CNC(=O)C(=C)CC,3.48e-05,-4.458420756053419,1,-4.203215507995117
28234,C=C(COC(=O)*)C(=O)NC(CC)CCO*,C=C(COC(=O)[*])C(=O)NC(CC)CCO[*],[*]COC(=O)OCCC(CC)NC(=O)C([*])=C,6.48e-05,-4.188424994129407,1,-4.2517089913596715
28235,CC(C)(CC(=O)NC(C#N)COC(=O)*)O*,CC(C)(CC(=O)NC(C#N)COC(=O)[*])O[*],[*]CC(=O)NC(C#N)COC(=O)OC([*])(C)C,2.94e-05,-4.531652669587842,1,-4.167993710994199
28236,C#CCN(C)CC(OC(=O)*)C(C)O*,C#CCN(C)CC(OC(=O)[*])C(C)O[*],[*]OC(=O)OC(C)C([*])CN(C)CC#C,6.85e-05,-4.164309428507575,0,-4.255614665553712
28237,C#CC(C)NC(=O)C(CCCN*)NC(=O)*,C#CC(C)NC(=O)C(CCCN[*])NC(=O)[*],[*]CCCNC(=O)NC([*])C(=O)NC(C)C#C,4.19e-05,-4.377785977033705,1,-4.239013810244938
28238,CC(C)CC(N*)C(=O)NC(C#N)COC(=O)*,CC(C)CC(N[*])C(=O)NC(C#N)COC(=O)[*],[*]NC(=O)OCC(C#N)NC(=O)C([*])CC(C)C,2.45e-05,-4.610833915635467,0,-4.336721081294592
28239,C=CC(CNCC(F)(F)CO*)OC(=O)*,C=CC(CNCC(F)(F)CO[*])OC(=O)[*],[*]CNCC(F)(F)COC(=O)OC([*])C=C,8.71e-05,-4.059981844992337,0,-4.09431988343857
28240,C=C(COC(=O)*)C(=O)NC(CCF)CO*,C=C(COC(=O)[*])C(=O)NC(CCF)CO[*],[*]COC(=O)OCC(CCF)NC(=O)C([*])=C,6.15e-05,-4.211124884224583,2,-4.350226786217537
28241,C=CC(C)(O*)C(=O)N(CC)CCNC(=O)*,C=CC(C)(O[*])C(=O)N(CC)CCNC(=O)[*],[*]OC(=O)NCCN(CC)C(=O)C([*])(C)C=C,4.5e-05,-4.346787486224656,3,-4.394656675326262
28242,C=CCCCC(=O)NCC(CN*)OC(=O)*,C=CCCCC(=O)NCC(CN[*])OC(=O)[*],[*]CNC(=O)OC([*])CNC(=O)CCCC=C,8.28e-05,-4.08196966321512,1,-4.2103523555787215
28243,C=CCC(CO*)NC(=O)C(=C)COC(=O)*,C=CCC(CO[*])NC(=O)C(=C)COC(=O)[*],[*]COC(=O)OCC(=C)C(=O)NC([*])CC=C,7.05e-05,-4.151810883008602,2,-4.163447299979531
28244,C=C(CO*)C(=O)NC(CC)C(C)OC(=O)*,C=C(CO[*])C(=O)NC(CC)C(C)OC(=O)[*],[*]COC(=O)OC(C)C(CC)NC(=O)C([*])=C,4.88e-05,-4.311580177997289,1,-4.37106769638144
28245,CCC(CC#N)N(CCNC(=O)*)CCO*,CCC(CC#N)N(CCNC(=O)[*])CCO[*],[*]CCNC(=O)OCCN([*])C(CC)CC#N,0.000105,-3.9788107009300617,1,-4.166985550007485
28246,CCCN(CCC)CC(OC(=O)*)C(C)O*,CCCN(CCC)CC(OC(=O)[*])C(C)O[*],[*]OC(=O)OC(C)C([*])CN(CCC)CCC,2.53e-05,-4.596879478824183,2,-4.530961693538996
28247,CC(C)C(CNCC(F)(F)COC(=O)*)O*,CC(C)C(CNCC(F)(F)COC(=O)[*])O[*],[*]CNCC(F)(F)COC(=O)OC([*])C(C)C,8.35e-05,-4.078313524516398,3,-4.299179651235008
28248,CC(C)(OC(=O)*)C(O*)C(=O)NCC(N)=O,CC(C)(OC(=O)[*])C(O[*])C(=O)NCC(N)=O,[*]OC(=O)OC(C(=O)NCC(N)=O)C([*])(C)C,5.99e-05,-4.2225731776106885,2,-4.13931019003378
28249,COCC(CCOC(=O)*)NC(=O)CO*,COCC(CCOC(=O)[*])NC(=O)CO[*],[*]CCOC(=O)OCC(=O)NC([*])COC,0.000115,-3.939302159646388,2,-4.08083139686985
28250,CC(O*)C(CNC(=O)CC(N)=O)OC(=O)*,CC(O[*])C(CNC(=O)CC(N)=O)OC(=O)[*],[*]OC(=O)OC(CNC(=O)CC(N)=O)C([*])C,0.00011,-3.958607314841775,1,-4.277768842372593
28251,O=C(CCF)NCC(CO*)OC(=O)*,O=C(CCF)NCC(CO[*])OC(=O)[*],[*]COC(=O)OC([*])CNC(=O)CCF,6.03e-05,-4.219682687859849,0,-4.311105303429233
28252,COC(C)CC(=O)NCC(CN*)OC(=O)*,COC(C)CC(=O)NCC(CN[*])OC(=O)[*],[*]CNC(=O)OC([*])CNC(=O)CC(C)OC,4.05e-05,-4.392544976785332,1,-4.092900806187733
28253,CC(C)NCC(=O)NCC(CNC(=O)*)O*,CC(C)NCC(=O)NCC(CNC(=O)[*])O[*],[*]CNC(=O)OC([*])CNC(=O)CNC(C)C,9.06e-05,-4.042871802323187,1,-4.300022578727037
28254,CC(NC(CO*)C(=O)O)C(C)OC(=O)*,CC(NC(CO[*])C(=O)O)C(C)OC(=O)[*],[*]NC(COC(=O)OC(C)C([*])C)C(=O)O,3.44e-05,-4.46344155742847,0,-4.3771271022093305
28255,COCCC(C)NC(=O)C(COC(=O)*)N*,COCCC(C)NC(=O)C(COC(=O)[*])N[*],[*]COC(=O)NC([*])C(=O)NC(C)CCOC,7.66e-05,-4.115771230367396,3,-4.250934671225434
28256,CC(O*)C(=O)NC(C)(COC(=O)*)C(=O)O,CC(O[*])C(=O)NC(C)(COC(=O)[*])C(=O)O,[*]OC(=O)OCC(C)(NC(=O)C([*])C)C(=O)O,5.97e-05,-4.224025668870631,1,-4.41289940905549
28257,CNC(=O)CNC(=O)C(N*)C(C)OC(=O)*,CNC(=O)CNC(=O)C(N[*])C(C)OC(=O)[*],[*]NC(=O)OC(C)C([*])C(=O)NCC(=O)NC,5.64e-05,-4.248720896016658,1,-4.327863267440845
28258,COC(C)C(C)NC(=O)C(COC(=O)*)N*,COC(C)C(C)NC(=O)C(COC(=O)[*])N[*],[*]COC(=O)NC([*])C(=O)NC(C)C(C)OC,3.98e-05,-4.400116927926312,3,-4.324113996850818
28259,CC(O*)C(=O)NCC(C)(OC(=O)*)C(=O)O,CC(O[*])C(=O)NCC(C)(OC(=O)[*])C(=O)O,[*]OC(=O)OC(C)(CNC(=O)C([*])C)C(=O)O,3.78e-05,-4.422508200162775,2,-4.439594976904725
28260,NC(=O)CCCNC(=O)C(CN*)OC(=O)*,NC(=O)CCCNC(=O)C(CN[*])OC(=O)[*],[*]CNC(=O)OC([*])C(=O)NCCCC(N)=O,9.33e-05,-4.0301183562535,3,-4.050087816234058
28261,CC(O*)C(=O)NCCC(OC(=O)*)C(=O)O,CC(O[*])C(=O)NCCC(OC(=O)[*])C(=O)O,[*]OC(=O)OC(CCNC(=O)C([*])C)C(=O)O,3.78e-05,-4.422508200162775,0,-4.365296297390049
28262,CC(NC(=O)C(N*)C(C)OC(=O)*)C(N)=O,CC(NC(=O)C(N[*])C(C)OC(=O)[*])C(N)=O,[*]NC(=O)OC(C)C([*])C(=O)NC(C)C(N)=O,4.28e-05,-4.368556230986828,3,-4.187021727464487
28263,CCC(=O)CNC(=O)C(CN*)OC(=O)*,CCC(=O)CNC(=O)C(CN[*])OC(=O)[*],[*]CNC(=O)OC([*])C(=O)NCC(=O)CC,7.56e-05,-4.121478204498794,3,-4.205149452844125
28264,COCC(CNC(COC(=O)*)C(=O)O)O*,COCC(CNC(COC(=O)[*])C(=O)O)O[*],[*]CNC(COC(=O)OC([*])COC)C(=O)O,5.12e-05,-4.29073003902417,2,-4.2583384329588725
28265,CC(C(=O)O)N(C)C(=O)C(COC(=O)*)N*,CC(C(=O)O)N(C)C(=O)C(COC(=O)[*])N[*],[*]COC(=O)NC([*])C(=O)N(C)C(C)C(=O)O,4.32e-05,-4.364516253185088,0,-4.531185332093447
28266,CN(C)C(=O)CNC(=O)C(CNC(=O)*)O*,CN(C)C(=O)CNC(=O)C(CNC(=O)[*])O[*],[*]CNC(=O)OC([*])C(=O)NCC(=O)N(C)C,4.34e-05,-4.36251027048749,0,-4.203894418228158
28267,CC(OC(=O)*)C(CO*)NCCC(N)=O,CC(OC(=O)[*])C(CO[*])NCCC(N)=O,[*]OC(=O)OCC(NCCC(N)=O)C([*])C,7.43e-05,-4.129011186239425,0,-3.9822799705780616
28268,CCC(=O)CNC(=O)CC(CNC(=O)*)O*,CCC(=O)CNC(=O)CC(CNC(=O)[*])O[*],[*]CNC(=O)OC([*])CC(=O)NCC(=O)CC,0.000101,-3.995678626217357,3,-4.205291333040265
28269,CC(O*)C(=O)NC(C#N)COC(=O)*,CC(O[*])C(=O)NC(C#N)COC(=O)[*],[*]OC(=O)OCC(C#N)NC(=O)C([*])C,4.02e-05,-4.39577394691553,0,-4.309985268234403
28270,CCC(NC(=O)C(CN*)OC(=O)*)C(N)=O,CCC(NC(=O)C(CN[*])OC(=O)[*])C(N)=O,[*]CNC(=O)OC([*])C(=O)NC(CC)C(N)=O,9.27e-05,-4.032920265855503,3,-4.2904189228599865
28271,CC(OC(=O)*)C(N*)C(=O)N(C)CC(N)=O,CC(OC(=O)[*])C(N[*])C(=O)N(C)CC(N)=O,[*]OC(=O)NC(C(=O)N(C)CC(N)=O)C([*])C,6.45e-05,-4.1904402853647325,2,-4.279415084847928
28272,CC(C)(OC(=O)*)C(=O)NCC(O*)C(=O)O,CC(C)(OC(=O)[*])C(=O)NCC(O[*])C(=O)O,[*]OC(=O)OC(CNC(=O)C([*])(C)C)C(=O)O,6.5e-05,-4.187086643357144,3,-4.319346872949496
28273,CC(CNC(=O)C(=O)O)(CO*)COC(=O)*,CC(CNC(=O)C(=O)O)(CO[*])COC(=O)[*],[*]COC(=O)OCC([*])(C)CNC(=O)C(=O)O,3.5e-05,-4.455931955649724,2,-4.561681103505736
28274,C=CC(C)(OC(=O)*)C(=O)NC(C#N)CO*,C=CC(C)(OC(=O)[*])C(=O)NC(C#N)CO[*],[*]OC(=O)OCC(C#N)NC(=O)C([*])(C)C=C,3.12e-05,-4.505845405981558,2,-4.231101921772948
28275,CC(OC(=O)*)C(N*)C(=O)NCCC(N)=O,CC(OC(=O)[*])C(N[*])C(=O)NCCC(N)=O,[*]OC(=O)NC(C(=O)NCCC(N)=O)C([*])C,7.96e-05,-4.099086932262331,1,-4.012844580929558
28276,COCC(CNC(=O)NCCN*)OC(=O)*,COCC(CNC(=O)NCCN[*])OC(=O)[*],[*]CNC(=O)NCCNC(=O)OC([*])COC,5.4e-05,-4.267606240177032,3,-4.1454045588197355
28277,CNC(=O)CNC(=O)C(CN*)OC(=O)*,CNC(=O)CNC(=O)C(CN[*])OC(=O)[*],[*]CNC(=O)OC([*])C(=O)NCC(=O)NC,3.65e-05,-4.437707135543525,1,-4.248230796158336
28278,C=CC(CO*)NC(=O)CNC(=O)*,C=CC(CO[*])NC(=O)CNC(=O)[*],[*]COC(=O)NCC(=O)NC([*])C=C,8.08e-05,-4.092588639225414,3,-4.21376448927577
28279,CC(NC(=O)*)C(=O)NCC(=O)NCCO*,CC(NC(=O)[*])C(=O)NCC(=O)NCCO[*],[*]NC(=O)OCCNC(=O)CNC(=O)C([*])C,7.17e-05,-4.1444808443322,2,-4.314376059281637
28280,CNC(C)CCNC(=O)C(CO*)NC(=O)*,CNC(C)CCNC(=O)C(CO[*])NC(=O)[*],[*]COC(=O)NC([*])C(=O)NCCC(C)NC,8.57e-05,-4.0670191780768015,2,-4.311852201180561
28281,CSCCC(CO*)NC(=O)*,CSCCC(CO[*])NC(=O)[*],[*]COC(=O)NC([*])CCSC,5.85e-05,-4.23284413391782,3,-4.214283973367807
28282,CNCC(C)C(=O)NCC(CN*)OC(=O)*,CNCC(C)C(=O)NCC(CN[*])OC(=O)[*],[*]CNC(=O)OC([*])CNC(=O)C(C)CNC,7.09e-05,-4.149353764816934,1,-4.15281288893163
28283,CC(O*)C(NC(=O)*)C(=O)N=S(C)(C)=O,CC(O[*])C(NC(=O)[*])C(=O)N=S(C)(C)=O,[*]OC(=O)NC(C(=O)N=S(C)(C)=O)C([*])C,5.73e-05,-4.24184537803261,3,-4.329582951624762
28284,CCOCCNC(=O)C(NC(=O)*)C(C)O*,CCOCCNC(=O)C(NC(=O)[*])C(C)O[*],[*]NC(=O)OC(C)C([*])C(=O)NCCOCC,6.27e-05,-4.202732459169283,2,-4.200175504952139
28285,CC(CONC(=O)CN*)NC(=O)*,CC(CONC(=O)CN[*])NC(=O)[*],[*]CONC(=O)CNC(=O)NC([*])C,5.07e-05,-4.294992040666664,0,-4.290598617935283
28286,CC(CNC(=O)*)N(C)C(=O)CNCCN*,CC(CNC(=O)[*])N(C)C(=O)CNCCN[*],[*]CNC(=O)NCCNCC(=O)N(C)C([*])C,6.46e-05,-4.189767482004916,0,-4.219255093867292
28287,CC(CN*)NC(=O)C(CC(=O)O)NC(=O)*,CC(CN[*])NC(=O)C(CC(=O)O)NC(=O)[*],[*]CNC(=O)NC(CC(=O)O)C(=O)NC([*])C,4.42e-05,-4.354577730650908,2,-4.471517530732657
28288,CCC(=O)CNC(=O)C(CO*)NC(=O)*,CCC(=O)CNC(=O)C(CO[*])NC(=O)[*],[*]COC(=O)NC([*])C(=O)NCC(=O)CC,5.22e-05,-4.282329496997738,0,-4.1729604836915755
28289,C#CCC(COC(=O)*)NC(=O)CCO*,C#CCC(COC(=O)[*])NC(=O)CCO[*],[*]COC(=O)OCCC(=O)NC([*])CC#C,4.19e-05,-4.377785977033705,2,-4.170231295915537
28290,CN(CC(N)=O)CC(OC(=O)*)C(C)(C)O*,CN(CC(N)=O)CC(OC(=O)[*])C(C)(C)O[*],[*]OC(=O)OC(C)(C)C([*])CN(C)CC(N)=O,0.000119,-3.924453038607469,3,-4.22342185460103
28291,CC(CC(C)(C)OC(=O)*)O*,CC(CC(C)(C)OC(=O)[*])O[*],[*]CC(C)(C)OC(=O)OC([*])C,4.07e-05,-4.39040559077478,0,-4.569491203071135
28292,CC(N*)C(C)NC(=O)CNCCNC(=O)*,CC(N[*])C(C)NC(=O)CNCCNC(=O)[*],[*]NC(=O)CNCCNC(=O)NC(C)C([*])C,8.71e-05,-4.059981844992337,3,-4.224753226595269
28293,O=C(*)OCC(F)(F)C(F)(F)CO*,O=C([*])OCC(F)(F)C(F)(F)CO[*],[*]OCC(F)(F)C(F)(F)COC([*])=O,2.59e-05,-4.586700235918748,2,-4.020123495641072
28294,CCS(C)(=O)=NC(=O)C(CN*)OC(=O)*,CCS(C)(=O)=NC(=O)C(CN[*])OC(=O)[*],[*]CNC(=O)OC([*])C(=O)N=S(C)(=O)CC,4.03e-05,-4.394694953858891,0,-4.059296884843088
28295,CN(CCCNC(=O)*)C(=O)CNCCN*,CN(CCCNC(=O)[*])C(=O)CNCCN[*],[*]CCCNC(=O)NCCNCC(=O)N([*])C,9.81e-05,-4.008330992620052,1,-4.0585485915000845
28296,CN(CC#N)C(=O)C(CNC(=O)*)N*,CN(CC#N)C(=O)C(CNC(=O)[*])N[*],[*]CNC(=O)NC([*])C(=O)N(C)CC#N,4.9e-05,-4.309803919971486,3,-4.147285436515243
28297,C=CC(CO*)NCC(C)(OC(=O)*)C(=O)O,C=CC(CO[*])NCC(C)(OC(=O)[*])C(=O)O,[*]COC(=O)OC(C)(CNC([*])C=C)C(=O)O,4.17e-05,-4.379863945026242,2,-4.413697843796197
28298,CC=CC(O*)C(C=CC)OC(=O)*,CC=CC(O[*])C(C=CC)OC(=O)[*],[*]OC(=O)OC(C=CC)C([*])C=CC,1.63e-05,-4.787812395596042,3,-4.495735508881482
28299,COC(=O)CN(C)C(=O)C(CNC(=O)*)O*,COC(=O)CN(C)C(=O)C(CNC(=O)[*])O[*],[*]CNC(=O)OC([*])C(=O)N(C)CC(=O)OC,6.24e-05,-4.204815410317576,0,-4.361725362424418
28300,O=C(*)OC(CO*)COC(=O)CS,O=C([*])OC(CO[*])COC(=O)CS,[*]COC(=O)OC([*])COC(=O)CS,4.69e-05,-4.328827157284917,3,-4.451882803305856
28301,C#CC(C)NC(=O)CC(CNC(=O)*)O*,C#CC(C)NC(=O)CC(CNC(=O)[*])O[*],[*]CNC(=O)OC([*])CC(=O)NC(C)C#C,3.47e-05,-4.459670525209126,2,-4.236702241482068
28302,O=C(CNC(=O)COC(=O)*)NCCO*,O=C(CNC(=O)COC(=O)[*])NCCO[*],[*]CNC(=O)COC(=O)OCCNC([*])=O,6.74e-05,-4.17134010346468,3,-3.9913486927322896
28303,C#CCNC(=O)C(OC(=O)*)C(C)(C)O*,C#CCNC(=O)C(OC(=O)[*])C(C)(C)O[*],[*]OC(=O)OC(C)(C)C([*])C(=O)NCC#C,3.12e-05,-4.505845405981558,2,-4.412526934695652
28304,CN(CC(N)=O)C(=O)C(CNC(=O)*)O*,CN(CC(N)=O)C(=O)C(CNC(=O)[*])O[*],[*]CNC(=O)OC([*])C(=O)N(C)CC(N)=O,6.86e-05,-4.163675884293248,2,-4.122984407061774
28305,C#CC(C)NC(=O)NC(CO*)COC(=O)*,C#CC(C)NC(=O)NC(CO[*])COC(=O)[*],[*]COC(=O)OCC([*])NC(=O)NC(C)C#C,6.27e-05,-4.202732459169283,0,-4.310200349311964
28306,CCC(CC)(CO*)COC(=O)*,CCC(CC)(CO[*])COC(=O)[*],[*]COC(=O)OCC([*])(CC)CC,2.13e-05,-4.671620396561262,3,-4.543188545923592
28307,CNC(=O)CCNC(=O)C(CO*)NC(=O)*,CNC(=O)CCNC(=O)C(CO[*])NC(=O)[*],[*]COC(=O)NC([*])C(=O)NCCC(=O)NC,9.4e-05,-4.026872146400302,0,-4.246149294492713
28308,CCS(C)(=O)=NC(=O)C(CO*)NC(=O)*,CCS(C)(=O)=NC(=O)C(CO[*])NC(=O)[*],[*]COC(=O)NC([*])C(=O)N=S(C)(=O)CC,0.00011,-3.958607314841775,1,-4.34731342459998
28309,CN(C)C(=O)CNC(=O)C(CO*)NC(=O)*,CN(C)C(=O)CNC(=O)C(CO[*])NC(=O)[*],[*]COC(=O)NC([*])C(=O)NCC(=O)N(C)C,5.99e-05,-4.2225731776106885,1,-4.320863260172552
28310,CNCC(O*)C(C)C(=O)NCCNC(=O)*,CNCC(O[*])C(C)C(=O)NCCNC(=O)[*],[*]OC(=O)NCCNC(=O)C(C)C([*])CNC,5.89e-05,-4.229884705212898,0,-4.337292100269645
28311,CC(C)(C)N(CCO*)CCOC(=O)*,CC(C)(C)N(CCO[*])CCOC(=O)[*],[*]CCOC(=O)OCCN([*])C(C)(C)C,4.13e-05,-4.384049948343599,0,-4.1638829171145035
28312,CN(CCOC(=O)*)C(=O)NCC#CCO*,CN(CCOC(=O)[*])C(=O)NCC#CCO[*],[*]CCOC(=O)OCC#CCNC(=O)N([*])C,4.72e-05,-4.3260580013659125,0,-4.0730309624412175
28313,CC(OC(=O)*)C(=O)NCC#CCO*,CC(OC(=O)[*])C(=O)NCC#CCO[*],[*]OC(=O)OCC#CCNC(=O)C([*])C,3.97e-05,-4.401209493236885,3,-4.204183889259221
28314,CCCCCCN(CCO*)CCOC(=O)*,CCCCCCN(CCO[*])CCOC(=O)[*],[*]CCOC(=O)OCCN([*])CCCCCC,0.000107,-3.9706162223147903,1,-4.242407565057328
28315,CC(=O)N(CCNCCO*)CCOC(=O)*,CC(=O)N(CCNCCO[*])CCOC(=O)[*],[*]CCNCCOC(=O)OCCN([*])C(C)=O,9.18e-05,-4.037157318798758,1,-3.822846632334208
28316,C#CCNC(=O)C(CCNC(=O)*)N*,C#CCNC(=O)C(CCNC(=O)[*])N[*],[*]CCNC(=O)NC([*])C(=O)NCC#C,5.5e-05,-4.259637310505756,2,-4.287964175619398
28317,O=C(CN*)NC(COC(=O)*)C(F)(F)F,O=C(CN[*])NC(COC(=O)[*])C(F)(F)F,[*]CNC(=O)OCC(NC([*])=O)C(F)(F)F,8.48e-05,-4.071604147743286,2,-4.360578147898201
28318,COC(=O)C(C)(COC(=O)*)NC(=O)CN*,COC(=O)C(C)(COC(=O)[*])NC(=O)CN[*],[*]COC(=O)NCC(=O)NC([*])(C)C(=O)OC,4.21e-05,-4.375717904164332,1,-4.384114175929263
28319,CCCCN(CCO*)CCOC(=O)*,CCCCN(CCO[*])CCOC(=O)[*],[*]CCOC(=O)OCCN([*])CCCC,0.000105,-3.9788107009300617,3,-4.153967819251259
28320,CNCCCNC(=O)CC(CN*)OC(=O)*,CNCCCNC(=O)CC(CN[*])OC(=O)[*],[*]CNC(=O)OC([*])CC(=O)NCCCNC,7.55e-05,-4.122053048370812,2,-4.15018608812948
28321,O=C(*)OCC(N*)C(=O)NCCOCCF,O=C([*])OCC(N[*])C(=O)NCCOCCF,[*]NC(COC([*])=O)C(=O)NCCOCCF,0.000194,-3.712198270069774,3,-4.1919118853050765
28322,CC(C)(C)OCC(COC(=O)*)O*,CC(C)(C)OCC(COC(=O)[*])O[*],[*]COC(=O)OC([*])COC(C)(C)C,2.1e-05,-4.6777807052660805,0,-4.409853889053529
28323,CC(=O)NCC(CNCCO*)OC(=O)*,CC(=O)NCC(CNCCO[*])OC(=O)[*],[*]CNCCOC(=O)OC([*])CNC(C)=O,7.67e-05,-4.115204636051019,1,-4.038796792726939
28324,CCCC(CO*)COC(=O)*,CCCC(CO[*])COC(=O)[*],[*]COC(=O)OCC([*])CCC,2.56e-05,-4.591760034688151,0,-4.436855633488112
28325,COC(=O)CN(C)C(=O)C(CO*)NC(=O)*,COC(=O)CN(C)C(=O)C(CO[*])NC(=O)[*],[*]COC(=O)NC([*])C(=O)N(C)CC(=O)OC,3.66e-05,-4.436518914605589,1,-4.378830470446645
28326,CC(CO*)NC(=O)CCOC(=O)*,CC(CO[*])NC(=O)CCOC(=O)[*],[*]COC(=O)OCCC(=O)NC([*])C,9.44e-05,-4.025028005701931,0,-4.148911734860671
28327,COC(=O)C(C)(COC(=O)*)NC(=O)CO*,COC(=O)C(C)(COC(=O)[*])NC(=O)CO[*],[*]COC(=O)OCC(=O)NC([*])(C)C(=O)OC,5.13e-05,-4.289882634888183,2,-4.359377812582509
28328,CC(CC(C)OC(=O)*)O*,CC(CC(C)OC(=O)[*])O[*],[*]CC(C)OC(=O)OC([*])C,5.16e-05,-4.287350298372789,0,-4.307269551257841
28329,COCCN(C)C(=O)C(CO*)NC(=O)*,COCCN(C)C(=O)C(CO[*])NC(=O)[*],[*]COC(=O)NC([*])C(=O)N(C)CCOC,5.02e-05,-4.29929628285498,1,-4.231907484283837
28330,N#CC(NC(=O)C(CCN*)NC(=O)*)C(N)=O,N#CC(NC(=O)C(CCN[*])NC(=O)[*])C(N)=O,[*]CCNC(=O)NC([*])C(=O)NC(C#N)C(N)=O,4.56e-05,-4.341035157335565,2,-4.189773298615847
28331,CC(CNC(=O)C(CO*)NC(=O)*)N(C)C,CC(CNC(=O)C(CO[*])NC(=O)[*])N(C)C,[*]COC(=O)NC([*])C(=O)NCC(C)N(C)C,8.22e-05,-4.0851281824599495,3,-4.4374822730624714
28332,N#CCNC(=O)CC(CNC(=O)*)O*,N#CCNC(=O)CC(CNC(=O)[*])O[*],[*]CNC(=O)OC([*])CC(=O)NCC#N,6.02e-05,-4.220403508742176,3,-4.330426181539554
28333,CC(CONC(=O)CCNC(=O)*)N*,CC(CONC(=O)CCNC(=O)[*])N[*],[*]CONC(=O)CCNC(=O)NC([*])C,5.64e-05,-4.248720896016658,3,-4.205753837611318
28334,CCC(CC)(CNC(=O)*)O*,CCC(CC)(CNC(=O)[*])O[*],[*]CNC(=O)OC([*])(CC)CC,2.81e-05,-4.55129368009492,0,-4.553296526688873
28335,N#CCC(N*)C(=O)NCCNC(=O)*,N#CCC(N[*])C(=O)NCCNC(=O)[*],[*]NC(=O)NCCNC(=O)C([*])CC#N,5.32e-05,-4.274088367704952,2,-4.266385309081511
28336,C=CC(OC(=O)*)C(=O)N(C)CCO*,C=CC(OC(=O)[*])C(=O)N(C)CCO[*],[*]OC(=O)OCCN(C)C(=O)C([*])C=C,3.94e-05,-4.404503778174426,2,-4.283301442558973
28337,CC(CCCC(C)(C)O*)NCCOC(=O)*,CC(CCCC(C)(C)O[*])NCCOC(=O)[*],[*]CCCC(C)(C)OC(=O)OCCNC([*])C,3.1e-05,-4.508638306165727,3,-4.424665984580446
28338,O=C(*)NCCCCCN*,O=C([*])NCCCCCN[*],[*]NCCCCCNC([*])=O,8.01e-05,-4.096367483915762,1,-4.069320231278254
28339,CC(OC(=O)*)C(=O)NC(C(=O)O)C(C)O*,CC(OC(=O)[*])C(=O)NC(C(=O)O)C(C)O[*],[*]OC(=O)OC(C)C(NC(=O)C([*])C)C(=O)O,4.87e-05,-4.3124710387853655,1,-4.523446151710212
28340,CS(C)(=O)=NC(=O)C(CO*)NC(=O)*,CS(C)(=O)=NC(=O)C(CO[*])NC(=O)[*],[*]COC(=O)NC([*])C(=O)N=S(C)(C)=O,6.57e-05,-4.182434630440219,2,-4.142610572461261
28341,C=CC(O*)C(=O)NCCOC(=O)*,C=CC(O[*])C(=O)NCCOC(=O)[*],[*]OC(=O)OCCNC(=O)C([*])C=C,4.47e-05,-4.349692476868063,0,-4.167325852480551
28342,CCC(CC(C)O*)OC(=O)*,CCC(CC(C)O[*])OC(=O)[*],[*]CC(C)OC(=O)OC([*])CC,5.93e-05,-4.226945306635737,3,-4.41192276119352
28343,CC(CSC(C)CCOC(=O)*)O*,CC(CSC(C)CCOC(=O)[*])O[*],[*]CSC(C)CCOC(=O)OC([*])C,0.000106,-3.9746941347352296,2,-4.290472344138894
28344,COCC(C)CNC(=O)C(COC(=O)*)N*,COCC(C)CNC(=O)C(COC(=O)[*])N[*],[*]COC(=O)NC([*])C(=O)NCC(C)COC,5.39e-05,-4.268411234813262,1,-4.218653744433851
28345,CC(O*)C(C)(C)OC(=O)*,CC(O[*])C(C)(C)OC(=O)[*],[*]OC(=O)OC(C)(C)C([*])C,4.73e-05,-4.325138859262188,2,-4.576907005098003
28346,CC(CNC(C)C(C)(C)OC(=O)*)O*,CC(CNC(C)C(C)(C)OC(=O)[*])O[*],[*]CNC(C)C(C)(C)OC(=O)OC([*])C,5.63e-05,-4.249491605148654,3,-4.415978916443959
28347,CC(CNC(=O)CO*)(OC(=O)*)C(=O)O,CC(CNC(=O)CO[*])(OC(=O)[*])C(=O)O,[*]CNC(=O)COC(=O)OC([*])(C)C(=O)O,5.3e-05,-4.275724130399211,2,-4.5356811586321335
28348,CCCC(CCOC(=O)*)N*,CCCC(CCOC(=O)[*])N[*],[*]CCOC(=O)NC([*])CCC,2.07e-05,-4.684029654543083,1,-4.395296775216933
28349,NC(=O)C(CNC(=O)COC(=O)*)O*,NC(=O)C(CNC(=O)COC(=O)[*])O[*],[*]CNC(=O)COC(=O)OC([*])C(N)=O,6.18e-05,-4.209011524911184,2,-4.148412306333486
28350,CCC(C)(OC(=O)*)C(=O)OCC(C)O*,CCC(C)(OC(=O)[*])C(=O)OCC(C)O[*],[*]OC(=O)OC(C)COC(=O)C([*])(C)CC,4.9e-05,-4.309803919971486,3,-4.4508519276169745
28351,COCC#CCNC(CO*)COC(=O)*,COCC#CCNC(CO[*])COC(=O)[*],[*]COC(=O)OCC([*])NCC#CCOC,5.8e-05,-4.236572006437063,3,-3.9469326571232295
28352,COCC(C)(C)NC(=O)C(CO*)NC(=O)*,COCC(C)(C)NC(=O)C(CO[*])NC(=O)[*],[*]COC(=O)NC([*])C(=O)NC(C)(C)COC,6.74e-05,-4.17134010346468,1,-4.303063959145475
28353,CCNCCCNC(=O)C(CO*)NC(=O)*,CCNCCCNC(=O)C(CO[*])NC(=O)[*],[*]COC(=O)NC([*])C(=O)NCCCNCC,5.07e-05,-4.294992040666664,1,-4.174307841970782
28354,CCC(OC)C(=O)NCC(CNC(=O)*)O*,CCC(OC)C(=O)NCC(CNC(=O)[*])O[*],[*]CNC(=O)OC([*])CNC(=O)C(CC)OC,4.83e-05,-4.316052869248487,0,-4.176468116411012
28355,CC(C)(CNC(=O)CNCCNC(=O)*)N*,CC(C)(CNC(=O)CNCCNC(=O)[*])N[*],[*]CNC(=O)CNCCNC(=O)NC([*])(C)C,5.32e-05,-4.274088367704952,2,-4.073869737618237
28356,CC(OC(=O)*)C(N*)C(=O)NCC(N)=O,CC(OC(=O)[*])C(N[*])C(=O)NCC(N)=O,[*]OC(=O)NC(C(=O)NCC(N)=O)C([*])C,6.26e-05,-4.20342566678957,0,-4.090251875352255
28357,O=C(*)NCCCCCCCN*,O=C([*])NCCCCCCCN[*],[*]NCCCCCCCNC([*])=O,5.1e-05,-4.292429823902063,2,-4.137816213625522
28358,CC(C)CCC(C)NCC(COC(=O)*)O*,CC(C)CCC(C)NCC(COC(=O)[*])O[*],[*]COC(=O)OC([*])CNC(C)CCC(C)C,1.88e-05,-4.72584215073632,1,-4.402421975557706
28359,C#CCNC(=O)C(CNC(=O)*)N*,C#CCNC(=O)C(CNC(=O)[*])N[*],[*]CNC(=O)NC([*])C(=O)NCC#C,7.37e-05,-4.132532512140949,0,-4.301242403409274
28360,CC(CCNC(=O)CNCCN*)NC(=O)*,CC(CCNC(=O)CNCCN[*])NC(=O)[*],[*]CCNC(=O)CNCCNC(=O)NC([*])C,8.18e-05,-4.087246696328677,2,-4.0705283294435075
28361,CC(O*)C(C)(C)COC(=O)*,CC(O[*])C(C)(C)COC(=O)[*],[*]OC(=O)OCC(C)(C)C([*])C,1.86e-05,-4.730487055782084,3,-4.556157586234907
28362,CNC(=O)CCNC(=O)C(CN*)OC(=O)*,CNC(=O)CCNC(=O)C(CN[*])OC(=O)[*],[*]CNC(=O)OC([*])C(=O)NCCC(=O)NC,9.75e-05,-4.010995384301463,1,-4.1897728484610886
28363,O=C(*)NCCCCCO*,O=C([*])NCCCCCO[*],[*]NCCCCCOC([*])=O,7.44e-05,-4.128427064454121,2,-3.803343637869786
28364,CC(C)(C)C(COC(=O)*)O*,CC(C)(C)C(COC(=O)[*])O[*],[*]COC(=O)OC([*])C(C)(C)C,1.6e-05,-4.795880017344075,2,-4.563095060526043
28365,CC(CCN*)NC(=O)CNCCNC(=O)*,CC(CCN[*])NC(=O)CNCCNC(=O)[*],[*]CCNC(=O)NCCNCC(=O)NC([*])C,9.41e-05,-4.026410376572743,2,-3.969105578294942
28366,COCCNC(=O)C(NC(=O)*)C(C)(C)O*,COCCNC(=O)C(NC(=O)[*])C(C)(C)O[*],[*]NC(=O)OC(C)(C)C([*])C(=O)NCCOC,7.63e-05,-4.117475462045119,2,-4.257847953922697
28367,O=C(*)NC(CO*)C(=O)NCC(F)F,O=C([*])NC(CO[*])C(=O)NCC(F)F,[*]NC(COC([*])=O)C(=O)NCC(F)F,8.31e-05,-4.080398976215889,0,-4.285154536921768
28368,CN(CCNC(=O)*)C(=O)C(CC(=O)O)N*,CN(CCNC(=O)[*])C(=O)C(CC(=O)O)N[*],[*]CCNC(=O)NC(CC(=O)O)C(=O)N([*])C,5.03e-05,-4.298432014944073,0,-4.574476164360236
28369,O=C(*)NCCCCCCN*,O=C([*])NCCCCCCN[*],[*]NCCCCCCNC([*])=O,0.000106,-3.9746941347352296,1,-4.149422363930177
28370,CC(C)C(COC(=O)*)NCC(C)(C)O*,CC(C)C(COC(=O)[*])NCC(C)(C)O[*],[*]COC(=O)OC(C)(C)CNC([*])C(C)C,3.23e-05,-4.490797477668897,0,-4.439692712545491
28371,CCCC(CCC)NCC(CO*)OC(=O)*,CCCC(CCC)NCC(CO[*])OC(=O)[*],[*]COC(=O)OC([*])CNC(CCC)CCC,6.56e-05,-4.18309616062434,2,-4.596463440533415
28372,CCCC(C)(CO*)COC(=O)*,CCCC(C)(CO[*])COC(=O)[*],[*]COC(=O)OCC([*])(C)CCC,1e-05,-5.0,3,-4.561370988387866
28373,CCCC(CCCOC(=O)*)O*,CCCC(CCCOC(=O)[*])O[*],[*]CCCOC(=O)OC([*])CCC,5.36e-05,-4.27083521030723,3,-4.46039713290938
28374,CC(C)(NC(=O)C(CN*)OC(=O)*)C(N)=O,CC(C)(NC(=O)C(CN[*])OC(=O)[*])C(N)=O,[*]CNC(=O)OC([*])C(=O)NC(C)(C)C(N)=O,0.000113,-3.946921556516581,2,-4.186963759923063
28375,CCC(CNCC(C)(CC)O*)OC(=O)*,CCC(CNCC(C)(CC)O[*])OC(=O)[*],[*]CNCC(C)(CC)OC(=O)OC([*])CC,5.02e-05,-4.29929628285498,2,-4.426750229292824
28376,CC(C)(CC(=O)CC(C)(C)OC(=O)*)O*,CC(C)(CC(=O)CC(C)(C)OC(=O)[*])O[*],[*]CC(=O)CC(C)(C)OC(=O)OC([*])(C)C,2.37e-05,-4.6252516539898965,2,-4.495003606202431
28377,CC(=O)NCC(COC(=O)*)NCCO*,CC(=O)NCC(COC(=O)[*])NCCO[*],[*]COC(=O)OCCNC([*])CNC(C)=O,8.26e-05,-4.083019952679618,1,-4.052929373455278
28378,CCCCC(CC)NCC(CO*)OC(=O)*,CCCCC(CC)NCC(CO[*])OC(=O)[*],[*]COC(=O)OC([*])CNC(CC)CCCC,2.16e-05,-4.665546248849069,1,-4.442025878977055
28379,CCCCCC(C)NC(CO*)COC(=O)*,CCCCCC(C)NC(CO[*])COC(=O)[*],[*]COC(=O)OCC([*])NC(C)CCCCC,2.77e-05,-4.557520230935552,2,-4.443405819845395
28380,CC(C)(CNCC(C)(C)O*)COC(=O)*,CC(C)(CNCC(C)(C)O[*])COC(=O)[*],[*]CNCC(C)(C)OC(=O)OCC([*])(C)C,2.99e-05,-4.52432881167557,0,-4.36043215436155
28381,CCCCCCNC(CO*)COC(=O)*,CCCCCCNC(CO[*])COC(=O)[*],[*]COC(=O)OCC([*])NCCCCCC,3.68e-05,-4.434152181326482,3,-4.303945978988405
28382,CC(C)(O*)C(OC(=O)*)C(=O)NCC(=O)O,CC(C)(O[*])C(OC(=O)[*])C(=O)NCC(=O)O,[*]OC(=O)OC(C(=O)NCC(=O)O)C([*])(C)C,5.27e-05,-4.278189384787454,1,-4.479238561175597
28383,CN(CCCOC(=O)*)C(=O)CNCCN*,CN(CCCOC(=O)[*])C(=O)CNCCN[*],[*]CCCOC(=O)NCCNCC(=O)N([*])C,9.19e-05,-4.036684488613889,0,-4.100519609632653
28384,CCN(CC(=O)O)C(=O)C(COC(=O)*)N*,CCN(CC(=O)O)C(=O)C(COC(=O)[*])N[*],[*]COC(=O)NC([*])C(=O)N(CC)CC(=O)O,2.24e-05,-4.649751981665837,1,-4.4582782692648735
28385,CC(=O)NCC(CNCCCO*)OC(=O)*,CC(=O)NCC(CNCCCO[*])OC(=O)[*],[*]CNCCCOC(=O)OC([*])CNC(C)=O,4.9e-05,-4.309803919971486,2,-4.139890981650838
28386,CNC(=O)C(=O)N(CCN*)CCOC(=O)*,CNC(=O)C(=O)N(CCN[*])CCOC(=O)[*],[*]CCNC(=O)OCCN([*])C(=O)C(=O)NC,4.22e-05,-4.374687549038326,2,-4.186076954184829
28387,CS(C)(=O)=NC(=O)C(CNC(=O)*)O*,CS(C)(=O)=NC(=O)C(CNC(=O)[*])O[*],[*]CNC(=O)OC([*])C(=O)N=S(C)(C)=O,0.000105,-3.9788107009300617,3,-4.2728697836654845
28388,CC(C)(C)C#CC(=O)NCC(CO*)OC(=O)*,CC(C)(C)C#CC(=O)NCC(CO[*])OC(=O)[*],[*]COC(=O)OC([*])CNC(=O)C#CC(C)(C)C,5.11e-05,-4.291579099865287,0,-4.3361391680725765
28389,CC(C)C#CC(=O)NCC(COC(=O)*)O*,CC(C)C#CC(=O)NCC(COC(=O)[*])O[*],[*]COC(=O)OC([*])CNC(=O)C#CC(C)C,7.96e-05,-4.099086932262331,1,-4.273042245971659
28390,CN(CCCOC(=O)*)CC(C)(C)O*,CN(CCCOC(=O)[*])CC(C)(C)O[*],[*]CCCOC(=O)OC(C)(C)CN([*])C,4.02e-05,-4.39577394691553,0,-4.268881225573668
28391,COCCC(N*)C(=O)N(C)CCNC(=O)*,COCCC(N[*])C(=O)N(C)CCNC(=O)[*],[*]NC(=O)NCCN(C)C(=O)C([*])CCOC,5.9e-05,-4.229147988357856,1,-4.192079751260161
28392,CC(CONC(=O)C(C)NC(=O)*)N*,CC(CONC(=O)C(C)NC(=O)[*])N[*],[*]CONC(=O)C(C)NC(=O)NC([*])C,6.24e-05,-4.204815410317576,2,-4.346490663896877
28393,O=C(O)CSCC(COC(=O)*)O*,O=C(O)CSCC(COC(=O)[*])O[*],[*]COC(=O)OC([*])CSCC(=O)O,2.58e-05,-4.58838029403677,1,-4.248412197608749
28394,CC(C#N)CNC(=O)CC(CN*)OC(=O)*,CC(C#N)CNC(=O)CC(CN[*])OC(=O)[*],[*]CNC(=O)OC([*])CC(=O)NCC(C)C#N,2.95e-05,-4.530177984021837,0,-4.226766242282784
28395,O=CC(COC(=O)*)O*,O=CC(COC(=O)[*])O[*],[*]COC(=O)OC([*])C=O,5.26e-05,-4.279014255846261,3,-4.243399447267873
28396,C#CC(C)NC(=O)C(CN*)NC(=O)*,C#CC(C)NC(=O)C(CN[*])NC(=O)[*],[*]CNC(=O)NC([*])C(=O)NC(C)C#C,2.34e-05,-4.6307841425898575,1,-4.2580188982168865
28397,CC(OC(=O)*)C(CNC(=O)C(=O)O)O*,CC(OC(=O)[*])C(CNC(=O)C(=O)O)O[*],[*]OC(=O)OC(CNC(=O)C(=O)O)C([*])C,5e-05,-4.301029995663981,2,-4.467070644517726
28398,CN(CCO*)CCC(C)(C)OC(=O)*,CN(CCO[*])CCC(C)(C)OC(=O)[*],[*]CCOC(=O)OC(C)(C)CCN([*])C,3.7e-05,-4.431798275933005,2,-4.297690975422167
28399,CC(CN(C)CCCCOC(=O)*)N*,CC(CN(C)CCCCOC(=O)[*])N[*],[*]CN(C)CCCCOC(=O)NC([*])C,4.84e-05,-4.315154638355588,0,-4.274753066255523
28400,CCC(CNC(CO*)C(=O)O)OC(=O)*,CCC(CNC(CO[*])C(=O)O)OC(=O)[*],[*]CNC(COC(=O)OC([*])CC)C(=O)O,2.53e-05,-4.596879478824183,0,-4.405717738576667
28401,CCC(CN(CC)CC(C)(C)O*)OC(=O)*,CCC(CN(CC)CC(C)(C)O[*])OC(=O)[*],[*]CN(CC)CC(C)(C)OC(=O)OC([*])CC,3.36e-05,-4.473660722610156,1,-4.389095397741172
28402,CCN(CCCC(C)N*)CCOC(=O)*,CCN(CCCC(C)N[*])CCOC(=O)[*],[*]CCCC(C)NC(=O)OCCN([*])CC,6.16e-05,-4.210419287835575,2,-4.12464771211737
28403,CC(C)CCC(C)NC(CO*)COC(=O)*,CC(C)CCC(C)NC(CO[*])COC(=O)[*],[*]COC(=O)OCC([*])NC(C)CCC(C)C,4.93e-05,-4.30715308072277,1,-4.366030048409185
28404,CONC(=O)C(NC(=O)*)C(C)(C)O*,CONC(=O)C(NC(=O)[*])C(C)(C)O[*],[*]NC(=O)OC(C)(C)C([*])C(=O)NOC,2.32e-05,-4.634512015109101,3,-4.3987590978868
28405,CC(CNC(C)(CO*)C(=O)O)OC(=O)*,CC(CNC(C)(CO[*])C(=O)O)OC(=O)[*],[*]CNC(C)(COC(=O)OC([*])C)C(=O)O,2.34e-05,-4.6307841425898575,3,-4.376241538205199
28406,N#CCCC(=O)NCC(COC(=O)*)O*,N#CCCC(=O)NCC(COC(=O)[*])O[*],[*]COC(=O)OC([*])CNC(=O)CCC#N,7.75e-05,-4.110698297493689,1,-4.189517125925641
28407,O=C(*)OC(CS)C(CS)O*,O=C([*])OC(CS)C(CS)O[*],[*]OC(CS)C(CS)OC([*])=O,5.56e-05,-4.254925208417943,3,-4.437526625606305
28408,C=CC(O*)C(=O)NOCCOC(=O)*,C=CC(O[*])C(=O)NOCCOC(=O)[*],[*]OC(=O)OCCONC(=O)C([*])C=C,6.88e-05,-4.162411561764489,2,-4.065828649402353
28409,CC(C)C(CO*)COC(=O)*,CC(C)C(CO[*])COC(=O)[*],[*]COC(=O)OCC([*])C(C)C,2.31e-05,-4.636388020107856,0,-4.362829427541568
28410,C=CC(C)(OC(=O)*)C(=O)NOCCO*,C=CC(C)(OC(=O)[*])C(=O)NOCCO[*],[*]OC(=O)OCCONC(=O)C([*])(C)C=C,7.11e-05,-4.148130399270234,2,-4.237180966824171
28411,CCC(CC)(CNCC(C)O*)OC(=O)*,CCC(CC)(CNCC(C)O[*])OC(=O)[*],[*]CNCC(C)OC(=O)OC([*])(CC)CC,4.34e-05,-4.36251027048749,0,-4.337732512701793
28412,CNC(=O)C(C)NC(=O)C(CO*)NC(=O)*,CNC(=O)C(C)NC(=O)C(CO[*])NC(=O)[*],[*]COC(=O)NC([*])C(=O)NC(C)C(=O)NC,6.84e-05,-4.164943898279883,0,-4.315395656344488
28413,CCC(NC(=O)C(CO*)NC(=O)*)C(N)=O,CCC(NC(=O)C(CO[*])NC(=O)[*])C(N)=O,[*]COC(=O)NC([*])C(=O)NC(CC)C(N)=O,7.54e-05,-4.122628654130226,3,-4.301464652093902
28414,CCC(CCOC(=O)*)CNC(C)C(C)O*,CCC(CCOC(=O)[*])CNC(C)C(C)O[*],[*]CCOC(=O)OC(C)C(C)NCC([*])CC,3.22e-05,-4.492144128304169,1,-4.380110328804454
28415,COC(C)CNC(=O)C(CO*)NC(=O)*,COC(C)CNC(=O)C(CO[*])NC(=O)[*],[*]COC(=O)NC([*])C(=O)NCC(C)OC,4.46e-05,-4.350665141287858,1,-4.170679351535275
28416,CCC(CCO*)CNCC(C)OC(=O)*,CCC(CCO[*])CNCC(C)OC(=O)[*],[*]CCOC(=O)OC(C)CNCC([*])CC,4.89e-05,-4.31069114087638,3,-4.226091862000552
28417,CCC(=O)CNC(=O)C(N*)C(C)OC(=O)*,CCC(=O)CNC(=O)C(N[*])C(C)OC(=O)[*],[*]NC(=O)OC(C)C([*])C(=O)NCC(=O)CC,7.81e-05,-4.1073489661227,1,-4.427624170091305
28418,C#CCNC(=O)C(CCCN*)NC(=O)*,C#CCNC(=O)C(CCCN[*])NC(=O)[*],[*]CCCNC(=O)NC([*])C(=O)NCC#C,5.14e-05,-4.289036881004725,2,-4.244010365659012
28419,O=C(NCC#CCO*)NCCCOC(=O)*,O=C(NCC#CCO[*])NCCCOC(=O)[*],[*]NCC#CCOC(=O)OCCCNC([*])=O,5.87e-05,-4.231361898752385,2,-3.96411775481639
28420,CC(OC(=O)*)C(=O)NCC(O*)C(=O)O,CC(OC(=O)[*])C(=O)NCC(O[*])C(=O)O,[*]OC(=O)OC(CNC(=O)C([*])C)C(=O)O,4.41e-05,-4.355561410532162,0,-4.341591309934503
28421,CC(C)(CN*)NC(=O)CNCCNC(=O)*,CC(C)(CN[*])NC(=O)CNCCNC(=O)[*],[*]CNC(=O)NCCNCC(=O)NC([*])(C)C,3.55e-05,-4.449771646944906,3,-4.069086913011539
28422,C#CCNC(=O)CC(CN*)OC(=O)*,C#CCNC(=O)CC(CN[*])OC(=O)[*],[*]CNC(=O)OC([*])CC(=O)NCC#C,6.74e-05,-4.17134010346468,3,-4.396441551390837
28423,C=CC(CO*)NC(=O)NCC#CCOC(=O)*,C=CC(CO[*])NC(=O)NCC#CCOC(=O)[*],[*]COC(=O)OCC#CCNC(=O)NC([*])C=C,9.24e-05,-4.0343280287798935,2,-4.104299988476357
28424,N#CC(CO*)NC(=O)*,N#CC(CO[*])NC(=O)[*],[*]COC(=O)NC([*])C#N,3.78e-05,-4.422508200162775,2,-4.274934968804775
28425,CCC(CN(C)CC(C)(C)CNC(=O)*)O*,CCC(CN(C)CC(C)(C)CNC(=O)[*])O[*],[*]CN(C)CC(C)(C)CNC(=O)OC([*])CC,2.89e-05,-4.539102157243452,1,-4.413772906689642
28426,CC(C)(C)CCN(CCN*)CCNC(=O)*,CC(C)(C)CCN(CCN[*])CCNC(=O)[*],[*]CCNC(=O)NCCN([*])CCC(C)(C)C,5.22e-05,-4.282329496997738,0,-4.391779747489939
28427,CC(CCCOC(=O)*)NC(=O)C(C)(C)N*,CC(CCCOC(=O)[*])NC(=O)C(C)(C)N[*],[*]CCCOC(=O)NC(C)(C)C(=O)NC([*])C,0.000111,-3.9546770212133424,1,-4.295885393119248
28428,CNCCN(C)C(=O)C(COC(=O)*)N*,CNCCN(C)C(=O)C(COC(=O)[*])N[*],[*]COC(=O)NC([*])C(=O)N(C)CCNC,9.43e-05,-4.025488307262672,0,-4.273341214195384
28429,C#CC(C)(NC(=O)*)C(=O)NCC(=O)CCO*,C#CC(C)(NC(=O)[*])C(=O)NCC(=O)CCO[*],[*]NC(=O)OCCC(=O)CNC(=O)C([*])(C)C#C,2.51e-05,-4.600326278518962,0,-4.282418546875594
28430,O=C(*)OCCCCCO*,O=C([*])OCCCCCO[*],[*]OCCCCCOC([*])=O,0.00019,-3.721246399047171,1,-3.8396096355927622
28431,CCCC(C)(CN*)OC(=O)*,CCCC(C)(CN[*])OC(=O)[*],[*]CNC(=O)OC([*])(C)CCC,2.7e-05,-4.568636235841013,0,-4.616864579475333
28432,O=C(*)OCC(N*)C(O)=NO,O=C([*])OCC(N[*])C(O)=NO,[*]NC(COC([*])=O)C(O)=NO,3.75e-05,-4.425968732272281,0,-4.2069763578859565
28433,COC(=O)CCCNC(CN*)CNC(=O)*,COC(=O)CCCNC(CN[*])CNC(=O)[*],[*]CNC(=O)NCC([*])NCCCC(=O)OC,8.09e-05,-4.092051478387727,1,-4.25235191176915
28434,CON=CC(=O)NCC(OC(=O)*)C(C)O*,CON=CC(=O)NCC(OC(=O)[*])C(C)O[*],[*]OC(=O)OC(C)C([*])CNC(=O)C=NOC,6.06e-05,-4.217527375833714,0,-4.297415493041999
28435,CC(=O)NCC(COC(=O)*)NCC(C)O*,CC(=O)NCC(COC(=O)[*])NCC(C)O[*],[*]COC(=O)OC(C)CNC([*])CNC(C)=O,6.4e-05,-4.1938200260161125,1,-4.166768276616745
28436,O=C(*)NCCCC(=O)NCCCO*,O=C([*])NCCCC(=O)NCCCO[*],[*]CCCNC(=O)OCCCNC([*])=O,0.000103,-3.987162775294828,2,-4.110706368933572
28437,CCC(C)(CO*)COC(=O)*,CCC(C)(CO[*])COC(=O)[*],[*]COC(=O)OCC([*])(C)CC,3.99e-05,-4.399027104313252,2,-4.552714197190874
28438,CNC(=O)C(C)NC(=O)C(CN*)OC(=O)*,CNC(=O)C(C)NC(=O)C(CN[*])OC(=O)[*],[*]CNC(=O)OC([*])C(=O)NC(C)C(=O)NC,6.75e-05,-4.170696227168975,2,-4.271192636802844
28439,CN(CCC(N)=O)C(=O)C(CN*)OC(=O)*,CN(CCC(N)=O)C(=O)C(CN[*])OC(=O)[*],[*]CNC(=O)OC([*])C(=O)N(C)CCC(N)=O,5.76e-05,-4.239577516576788,0,-4.050645479036164
28440,CC(COC(=O)*)CSCC(C)O*,CC(COC(=O)[*])CSCC(C)O[*],[*]COC(=O)OC(C)CSCC([*])C,9.35e-05,-4.029188389127483,2,-4.237958122052931
28441,O=C(*)NCCCCCC(=O)NCCN*,O=C([*])NCCCCCC(=O)NCCN[*],[*]CCCCCNC(=O)NCCNC([*])=O,9.5e-05,-4.022276394711152,2,-4.103758223191958
28442,O=C(COC(=O)*)NCCC(O*)C(=O)O,O=C(COC(=O)[*])NCCC(O[*])C(=O)O,[*]COC(=O)OC(CCNC([*])=O)C(=O)O,5.09e-05,-4.293282217663242,2,-4.251693829010326
28443,CC(CN(C)CCOC(=O)*)O*,CC(CN(C)CCOC(=O)[*])O[*],[*]CN(C)CCOC(=O)OC([*])C,9.06e-05,-4.042871802323187,1,-4.054423850375757
28444,C#CC(C)(N*)C(=O)NC(COC(=O)*)C(N)=O,C#CC(C)(N[*])C(=O)NC(COC(=O)[*])C(N)=O,[*]NC(=O)OCC(NC(=O)C([*])(C)C#C)C(N)=O,6.49e-05,-4.187755303199631,0,-4.177061068144515
28445,CC(C)(C)C(=O)NCC(CN*)OC(=O)*,CC(C)(C)C(=O)NCC(CN[*])OC(=O)[*],[*]CNC(=O)OC([*])CNC(=O)C(C)(C)C,5.78e-05,-4.238072161579471,3,-4.3992838890091575
28446,CC(CCN(C)C(C)(C)CO*)OC(=O)*,CC(CCN(C)C(C)(C)CO[*])OC(=O)[*],[*]CCN(C)C(C)(C)COC(=O)OC([*])C,5.44e-05,-4.2644011003018205,1,-4.531206461037653
28447,CC(CNC(=O)C(CC(=O)O)NC(=O)*)N*,CC(CNC(=O)C(CC(=O)O)NC(=O)[*])N[*],[*]CNC(=O)C(CC(=O)O)NC(=O)NC([*])C,3.67e-05,-4.435333935747911,1,-4.481131806808935
28448,CC(=O)NCC(CNCC(C)O*)OC(=O)*,CC(=O)NCC(CNCC(C)O[*])OC(=O)[*],[*]CNCC(C)OC(=O)OC([*])CNC(C)=O,9.12e-05,-4.040005161671584,2,-4.12923625688039
28449,CCC(C)C(NC(=O)*)C(=O)NCCN*,CCC(C)C(NC(=O)[*])C(=O)NCCN[*],[*]NC(=O)NCCNC(=O)C([*])C(C)CC,5.09e-05,-4.293282217663242,3,-4.3932533780151415
28450,CC(COC(=O)*)NC(=O)NCC#CCO*,CC(COC(=O)[*])NC(=O)NCC#CCO[*],[*]COC(=O)OCC#CCNC(=O)NC([*])C,5.95e-05,-4.22548303427145,0,-4.208483508655915
28451,CC(NCC(C)(C)O*)C(C)(C)OC(=O)*,CC(NCC(C)(C)O[*])C(C)(C)OC(=O)[*],[*]NCC(C)(C)OC(=O)OC(C)(C)C([*])C,4.67e-05,-4.330683119433888,2,-4.515265487297762
28452,CN(CC(CO*)OC(=O)*)C(=O)CC(=O)O,CN(CC(CO[*])OC(=O)[*])C(=O)CC(=O)O,[*]COC(=O)OC([*])CN(C)C(=O)CC(=O)O,4.59e-05,-4.338187314462739,1,-4.350574210200355
28453,CCCC(CNC(=O)*)O*,CCCC(CNC(=O)[*])O[*],[*]CNC(=O)OC([*])CCC,4.8e-05,-4.318758762624412,2,-4.321838877290369
28454,CCC(NC)C(=O)NCC(CN*)OC(=O)*,CCC(NC)C(=O)NCC(CN[*])OC(=O)[*],[*]CNC(=O)OC([*])CNC(=O)C(CC)NC,7.48e-05,-4.126098402135539,1,-4.236243114095261
28455,CC#CCC(CO*)NC(=O)COC(=O)*,CC#CCC(CO[*])NC(=O)COC(=O)[*],[*]COC(=O)OCC(=O)NC([*])CC#CC,4.47e-05,-4.349692476868063,3,-4.308148373041237
28456,CC(CCO*)CNC(C)C(C)OC(=O)*,CC(CCO[*])CNC(C)C(C)OC(=O)[*],[*]CCOC(=O)OC(C)C(C)NCC([*])C,5.06e-05,-4.295849483160201,2,-4.281716028511672
28457,CCCCC(CO*)NC(=O)*,CCCCC(CO[*])NC(=O)[*],[*]COC(=O)NC([*])CCCC,7.08e-05,-4.149966742310231,1,-4.379897055235658
28458,CC(CC#N)C(=O)NCC(CO*)OC(=O)*,CC(CC#N)C(=O)NCC(CO[*])OC(=O)[*],[*]COC(=O)OC([*])CNC(=O)C(C)CC#N,4.77e-05,-4.321481620959886,2,-4.2058700722463875
28459,CCC(C)C(CO*)NC(=O)*,CCC(C)C(CO[*])NC(=O)[*],[*]COC(=O)NC([*])C(C)CC,1.86e-05,-4.730487055782084,2,-4.5079240842389865
28460,CCCCN(CCCO*)CCNC(=O)*,CCCCN(CCCO[*])CCNC(=O)[*],[*]CCCOC(=O)NCCN([*])CCCC,7.12e-05,-4.147520006363144,3,-4.09008774675888
28461,CC(C)(O*)C(=O)NCC#CCOC(=O)*,CC(C)(O[*])C(=O)NCC#CCOC(=O)[*],[*]OC(=O)OCC#CCNC(=O)C([*])(C)C,3.95e-05,-4.403402904373539,3,-4.211385056074025
28462,CCN(CCO*)CC(COC)OC(=O)*,CCN(CCO[*])CC(COC)OC(=O)[*],[*]CCOC(=O)OC(COC)CN([*])CC,0.000132,-3.87942606879415,2,-4.0414492620836135
28463,C=CC(CO*)NCC(OC(=O)*)C(=O)OC,C=CC(CO[*])NCC(OC(=O)[*])C(=O)OC,[*]COC(=O)OC(CNC([*])C=C)C(=O)OC,5.17e-05,-4.286509456906058,1,-4.366042548752087
28464,CC(C)OCC(CNCC(C)O*)OC(=O)*,CC(C)OCC(CNCC(C)O[*])OC(=O)[*],[*]CNCC(C)OC(=O)OC([*])COC(C)C,7.19e-05,-4.1432711096171175,0,-4.106201238099487
28465,CCCN(CCCCCO*)CCOC(=O)*,CCCN(CCCCCO[*])CCOC(=O)[*],[*]CCCCCOC(=O)OCCN([*])CCC,6.69e-05,-4.174573882232177,2,-4.08468356457759
28466,COC(C)CCNC(=O)C(CO*)NC(=O)*,COC(C)CCNC(=O)C(CO[*])NC(=O)[*],[*]COC(=O)NC([*])C(=O)NCCC(C)OC,7.38e-05,-4.131943638176958,0,-4.258419030649032
28467,CC(OC(=O)*)C(=O)NCC(CC(=O)O)O*,CC(OC(=O)[*])C(=O)NCC(CC(=O)O)O[*],[*]OC(=O)OC(CNC(=O)C([*])C)CC(=O)O,3.68e-05,-4.434152181326482,1,-4.407334169728635
28468,CC(CNC(=O)*)CNC(=O)CNCCN*,CC(CNC(=O)[*])CNC(=O)CNCCN[*],[*]CNC(=O)CNCCNC(=O)NCC([*])C,7.88e-05,-4.103473782510445,1,-4.092697406051866
28469,CC(CO*)CSCCOC(=O)*,CC(CO[*])CSCCOC(=O)[*],[*]COC(=O)OCCSCC([*])C,9.32e-05,-4.030584087646019,0,-4.035172446270213
28470,CC(COC(C)COC(C)COC(=O)*)O*,CC(COC(C)COC(C)COC(=O)[*])O[*],[*]COC(=O)OC(C)COC(C)COC([*])C,0.000125,-3.903089986991944,3,-3.9926399376513158
28471,CC(CN(C)CCOC(=O)*)N*,CC(CN(C)CCOC(=O)[*])N[*],[*]CN(C)CCOC(=O)NC([*])C,6.5e-05,-4.187086643357144,1,-4.1804528162877075
28472,CCC(CO*)NC(=O)C(C)NC(=O)*,CCC(CO[*])NC(=O)C(C)NC(=O)[*],[*]COC(=O)NC(C)C(=O)NC([*])CC,4.81e-05,-4.317854923626168,3,-4.319171120523248
28473,CCCC(O*)C(C)(C)NC(=O)*,CCCC(O[*])C(C)(C)NC(=O)[*],[*]OC(=O)NC(C)(C)C([*])CCC,3.11e-05,-4.507239610973163,2,-4.478120320731419
28474,O=C(*)NCCCCNC(=O)CCCN*,O=C([*])NCCCCNC(=O)CCCN[*],[*]CCCNC(=O)NCCCCNC([*])=O,6.9e-05,-4.161150909262744,2,-4.055884652891541
28475,O=C(*)OCC(N*)C(=O)NO,O=C([*])OCC(N[*])C(=O)NO,[*]NC(COC([*])=O)C(=O)NO,5.62e-05,-4.250263684430939,1,-4.361520731417949
28476,CC(C)C(=O)NC(CO*)COC(=O)*,CC(C)C(=O)NC(CO[*])COC(=O)[*],[*]COC(=O)OCC([*])NC(=O)C(C)C,3.5e-05,-4.455931955649724,2,-4.302020531878838
28477,COCC(N*)C(=O)N(C)CCNC(=O)*,COCC(N[*])C(=O)N(C)CCNC(=O)[*],[*]NC(=O)NCCN(C)C(=O)C([*])COC,6.25e-05,-4.204119982655925,3,-4.203002304735531
28478,CCCC(N*)C(=O)N(C)CCOC(=O)*,CCCC(N[*])C(=O)N(C)CCOC(=O)[*],[*]NC(=O)OCCN(C)C(=O)C([*])CCC,4.45e-05,-4.351639989019068,2,-4.377014053957384
28479,COCC(CNCC(C)(C)O*)OC(=O)*,COCC(CNCC(C)(C)O[*])OC(=O)[*],[*]CNCC(C)(C)OC(=O)OC([*])COC,7.29e-05,-4.137272471682025,1,-4.221449421728993
28480,CC(C)(C)CCNC(=O)C(COC(=O)*)N*,CC(C)(C)CCNC(=O)C(COC(=O)[*])N[*],[*]COC(=O)NC([*])C(=O)NCCC(C)(C)C,2.92e-05,-4.534617148551582,2,-4.409092260201425
28481,CC(C)OCC(CNCCCOC(=O)*)O*,CC(C)OCC(CNCCCOC(=O)[*])O[*],[*]CNCCCOC(=O)OC([*])COC(C)C,8.03e-05,-4.095284454721319,3,-4.044068503844727
28482,C=C(CO*)C(=O)NC(CC=CC)COC(=O)*,C=C(CO[*])C(=O)NC(CC=CC)COC(=O)[*],[*]COC(=O)OCC(CC=CC)NC(=O)C([*])=C,7.14e-05,-4.146301788223826,0,-4.25620303803645
28483,CN(CCNC(=O)*)CC(C)(C)O*,CN(CCNC(=O)[*])CC(C)(C)O[*],[*]CCNC(=O)OC(C)(C)CN([*])C,3.57e-05,-4.447331783887806,1,-4.281697174308153
28484,CC(N*)C(=O)NCCCCNC(=O)*,CC(N[*])C(=O)NCCCCNC(=O)[*],[*]NC(=O)NCCCCNC(=O)C([*])C,3.45e-05,-4.462180904926726,3,-4.223045636700298
28485,O=C(*)NCCCCCNCCCN*,O=C([*])NCCCCCNCCCN[*],[*]NCCCCCNCCCNC([*])=O,9.54e-05,-4.020451625295905,3,-3.9548536152142617
28486,C#CCCCNC(=O)C(CN*)NC(=O)*,C#CCCCNC(=O)C(CN[*])NC(=O)[*],[*]CNC(=O)NC([*])C(=O)NCCCC#C,7.53e-05,-4.123205023799299,3,-4.304082906198739
28487,CCNCCNC(=O)C(COC(=O)*)N*,CCNCCNC(=O)C(COC(=O)[*])N[*],[*]COC(=O)NC([*])C(=O)NCCNCC,7.86e-05,-4.104577453960592,1,-4.1494750918615795
28488,CN(CCO*)CC(C)(C)COC(=O)*,CN(CCO[*])CC(C)(C)COC(=O)[*],[*]CCOC(=O)OCC(C)(C)CN([*])C,6.1e-05,-4.214670164989233,3,-4.331948556653832
28489,CC(CCCOC(=O)*)N*,CC(CCCOC(=O)[*])N[*],[*]CCCOC(=O)NC([*])C,4.63e-05,-4.334419008982047,0,-4.293854482285772
28490,COCCCN(C)CC(CN*)OC(=O)*,COCCCN(C)CC(CN[*])OC(=O)[*],[*]CNC(=O)OC([*])CN(C)CCCOC,0.000122,-3.913640169325252,0,-4.018658740820152
28491,CN(CCO*)CC(OC(=O)*)C(F)(F)F,CN(CCO[*])CC(OC(=O)[*])C(F)(F)F,[*]CCOC(=O)OC(CN([*])C)C(F)(F)F,3.77e-05,-4.423658649794207,0,-4.249112524265698
28492,CC(C)C(N*)C(=O)NCCCCNC(=O)*,CC(C)C(N[*])C(=O)NCCCCNC(=O)[*],[*]NC(=O)NCCCCNC(=O)C([*])C(C)C,4.12e-05,-4.3851027839668655,3,-4.234117553297978
28493,CCC(C)NCC(COC(=O)*)O*,CCC(C)NCC(COC(=O)[*])O[*],[*]COC(=O)OC([*])CNC(C)CC,3.89e-05,-4.410050398674293,1,-4.288548346105694
28494,CN(CCCCCO*)CC(C)(C)OC(=O)*,CN(CCCCCO[*])CC(C)(C)OC(=O)[*],[*]CCCCCOC(=O)OC(C)(C)CN([*])C,4.25e-05,-4.371611069949688,0,-4.330337824482581
28495,CCC(=O)NCC(CO*)NCCOC(=O)*,CCC(=O)NCC(CO[*])NCCOC(=O)[*],[*]COC(=O)OCCNC([*])CNC(=O)CC,5.36e-05,-4.27083521030723,2,-4.174278083522084
28496,CCN(CCCCOC(=O)*)CC(C)(C)O*,CCN(CCCCOC(=O)[*])CC(C)(C)O[*],[*]CCCCOC(=O)OC(C)(C)CN([*])CC,8.27e-05,-4.082494490447453,2,-4.19114135234449
28497,C=CC(C)(OC(=O)*)C(=O)NCCN*,C=CC(C)(OC(=O)[*])C(=O)NCCN[*],[*]OC(=O)NCCNC(=O)C([*])(C)C=C,4.81e-05,-4.317854923626168,0,-4.282870350576267
28498,O=C(*)OCC(CO*)NC(=O)C(F)(F)F,O=C([*])OCC(CO[*])NC(=O)C(F)(F)F,[*]OCC(COC([*])=O)NC(=O)C(F)(F)F,2.66e-05,-4.575118363368933,3,-4.1475233389525705
28499,CCC(NC(=O)*)C(C)O*,CCC(NC(=O)[*])C(C)O[*],[*]NC(=O)OC(C)C([*])CC,2.42e-05,-4.616184634019569,2,-4.485896650809207
28500,CC(CNCCCCO*)OC(=O)*,CC(CNCCCCO[*])OC(=O)[*],[*]CNCCCCOC(=O)OC([*])C,0.00012,-3.9208187539523753,3,-4.036957473674515
28501,C#CC(C)(NC(=O)*)C(=O)NCCO*,C#CC(C)(NC(=O)[*])C(=O)NCCO[*],[*]NC(=O)OCCNC(=O)C([*])(C)C#C,2.97e-05,-4.527243550682788,0,-4.276249854357415
28502,O=C(*)NCCN(CCN*)[N+]([O-])=NO,O=C([*])NCCN(CCN[*])[N+]([O-])=NO,[*]NCCN(CCNC([*])=O)[N+]([O-])=NO,9.19e-05,-4.036684488613889,2,-4.100230559823585
28503,CC(C)CCNC(CO*)COC(=O)*,CC(C)CCNC(CO[*])COC(=O)[*],[*]COC(=O)OCC([*])NCCC(C)C,3.11e-05,-4.507239610973163,2,-4.327853322463142
28504,C#CCC(COC(=O)*)NC(=O)C(C)O*,C#CCC(COC(=O)[*])NC(=O)C(C)O[*],[*]COC(=O)OC(C)C(=O)NC([*])CC#C,4.55e-05,-4.341988603342887,1,-4.306293670333018
28505,CCC(CO*)NC(C)C(C)OC(=O)*,CCC(CO[*])NC(C)C(C)OC(=O)[*],[*]COC(=O)OC(C)C(C)NC([*])CC,6.63e-05,-4.178486471595227,0,-4.332908794787361
28506,CCCN(CCO*)C(=O)CCNC(=O)*,CCCN(CCO[*])C(=O)CCNC(=O)[*],[*]CCOC(=O)NCCC(=O)N([*])CCC,5.56e-05,-4.254925208417943,2,-4.344109855127465
28507,C#CCN(CC#C)CC(O*)C(C)(C)OC(=O)*,C#CCN(CC#C)CC(O[*])C(C)(C)OC(=O)[*],[*]OC(=O)OC(C)(C)C([*])CN(CC#C)CC#C,5.84e-05,-4.2335871528876,3,-4.388930005914542
28508,CC(C)(CCCN*)COC(=O)*,CC(C)(CCCN[*])COC(=O)[*],[*]CCCNC(=O)OCC([*])(C)C,2.45e-05,-4.610833915635467,0,-4.443054010373548
28509,CCC(CCO*)CNC(=O)*,CCC(CCO[*])CNC(=O)[*],[*]CCOC(=O)NCC([*])CC,4.65e-05,-4.332547047110047,2,-4.22546942370189
28510,CCC(COC(=O)*)NCCC(C)(C)O*,CCC(COC(=O)[*])NCCC(C)(C)O[*],[*]COC(=O)OC(C)(C)CCNC([*])CC,2.92e-05,-4.534617148551582,3,-4.3279523197776175
28511,CC(C)(C)C(CO*)COC(=O)*,CC(C)(C)C(CO[*])COC(=O)[*],[*]COC(=O)OCC([*])C(C)(C)C,2.02e-05,-4.694648630553377,0,-4.60348382707789
28512,CN(CCCCO*)CC(C)(C)OC(=O)*,CN(CCCCO[*])CC(C)(C)OC(=O)[*],[*]CCCCOC(=O)OC(C)(C)CN([*])C,5.06e-05,-4.295849483160201,2,-4.305962897045523
28513,CCOCC(CNCCCOC(=O)*)O*,CCOCC(CNCCCOC(=O)[*])O[*],[*]CNCCCOC(=O)OC([*])COCC,0.000121,-3.9172146296835497,0,-3.9555715262195665
28514,CCN(CC)CCNCC(CO*)OC(=O)*,CCN(CC)CCNCC(CO[*])OC(=O)[*],[*]COC(=O)OC([*])CNCCN(CC)CC,0.000131,-3.882728704344236,2,-4.056529824624054
28515,CCCN(C)CC(CNC(=O)*)O*,CCCN(C)CC(CNC(=O)[*])O[*],[*]CNC(=O)OC([*])CN(C)CCC,4.02e-05,-4.39577394691553,3,-4.212540945969442
28516,CC(CSCCCO*)OC(=O)*,CC(CSCCCO[*])OC(=O)[*],[*]CSCCCOC(=O)OC([*])C,0.000108,-3.96657624451305,0,-4.109603504594316
28517,C=C(CO*)C(=O)N(CCC)CCOC(=O)*,C=C(CO[*])C(=O)N(CCC)CCOC(=O)[*],[*]COC(=O)OCCN(CCC)C(=O)C([*])=C,7.36e-05,-4.133122185662502,1,-4.310509896318586
28518,CCC(CC)(CNC(C)C(C)O*)OC(=O)*,CCC(CC)(CNC(C)C(C)O[*])OC(=O)[*],[*]CNC(C)C(C)OC(=O)OC([*])(CC)CC,2.49e-05,-4.603800652904264,3,-4.374131637405266
28519,CN(CC(C)(C)C#N)C(=O)C(CN*)OC(=O)*,CN(CC(C)(C)C#N)C(=O)C(CN[*])OC(=O)[*],[*]CNC(=O)OC([*])C(=O)N(C)CC(C)(C)C#N,6.69e-05,-4.174573882232177,1,-4.367827846409654
28520,CC(CCCOC(=O)*)O*,CC(CCCOC(=O)[*])O[*],[*]CCCOC(=O)OC([*])C,6.87e-05,-4.16304326294045,1,-4.282285154593043
28521,CCC(CC)(CC)NCC(CO*)OC(=O)*,CCC(CC)(CC)NCC(CO[*])OC(=O)[*],[*]COC(=O)OC([*])CNC(CC)(CC)CC,2.82e-05,-4.549750891680639,1,-4.584608523133198
28522,CCOCC(CNCC(C)O*)OC(=O)*,CCOCC(CNCC(C)O[*])OC(=O)[*],[*]CNCC(C)OC(=O)OC([*])COCC,9.88e-05,-4.005243055412372,3,-4.105871816446465
28523,CCOCC(CNCC(C)(C)O*)OC(=O)*,CCOCC(CNCC(C)(C)O[*])OC(=O)[*],[*]CNCC(C)(C)OC(=O)OC([*])COCC,7.17e-05,-4.1444808443322,0,-4.230510382503054
28524,CCCCC(CNCCOC(=O)*)O*,CCCCC(CNCCOC(=O)[*])O[*],[*]CNCCOC(=O)OC([*])CCCC,9.05e-05,-4.043351420794797,2,-4.028826181757957
28525,CCC(CN(C)CCO*)NC(=O)*,CCC(CN(C)CCO[*])NC(=O)[*],[*]CN(C)CCOC(=O)NC([*])CC,7.18e-05,-4.1438755557577,3,-4.096821545424715
28526,CC(CCN(C)CCCOC(=O)*)O*,CC(CCN(C)CCCOC(=O)[*])O[*],[*]CCN(C)CCCOC(=O)OC([*])C,8.65e-05,-4.062983892535186,0,-4.155188954748377
28527,CC(CO*)CSCCCOC(=O)*,CC(CO[*])CSCCCOC(=O)[*],[*]COC(=O)OCCCSCC([*])C,8.58e-05,-4.066512712151295,1,-3.9880794754411344
28528,COCC(C)N(C)CC(CN*)OC(=O)*,COCC(C)N(C)CC(CN[*])OC(=O)[*],[*]CNC(=O)OC([*])CN(C)C(C)COC,8.11e-05,-4.090979145788844,3,-4.154738874618603
28529,CCCCC(CC)NC(CO*)COC(=O)*,CCCCC(CC)NC(CO[*])COC(=O)[*],[*]COC(=O)OCC([*])NC(CC)CCCC,4.45e-05,-4.351639989019068,3,-4.387819745814853
28530,CCCOC(=O)C(C)(CO*)COC(=O)*,CCCOC(=O)C(C)(CO[*])COC(=O)[*],[*]COC(=O)OCC([*])(C)C(=O)OCCC,1.69e-05,-4.772113295386326,1,-4.604267611990074
28531,CCCCNC(CO*)COC(=O)*,CCCCNC(CO[*])COC(=O)[*],[*]COC(=O)OCC([*])NCCCC,7.43e-05,-4.129011186239425,0,-4.415669741594176
28532,C#CCC(COC(=O)*)NCC(COC)O*,C#CCC(COC(=O)[*])NCC(COC)O[*],[*]COC(=O)OC(CNC([*])CC#C)COC,8.73e-05,-4.058985756294431,2,-4.1935701108904455
28533,CCOCC(CN(C)CCO*)OC(=O)*,CCOCC(CN(C)CCO[*])OC(=O)[*],[*]CN(C)CCOC(=O)OC([*])COCC,0.000127,-3.896196279044043,1,-3.9575122226497252
28534,CC(=O)C=C(C)NC(=O)C(CNC(=O)*)N*,CC(=O)C=C(C)NC(=O)C(CNC(=O)[*])N[*],[*]CNC(=O)NC([*])C(=O)NC(C)=CC(C)=O,2.97e-05,-4.527243550682788,3,-4.396108333660896
28535,CCN(CCCOC(=O)*)CC(C)(C)O*,CCN(CCCOC(=O)[*])CC(C)(C)O[*],[*]CCCOC(=O)OC(C)(C)CN([*])CC,6.63e-05,-4.178486471595227,3,-4.292357477839233
28536,CC(C)C(CNC(=O)*)C(=O)NCCN*,CC(C)C(CNC(=O)[*])C(=O)NCCN[*],[*]CNC(=O)NCCNC(=O)C([*])C(C)C,6.52e-05,-4.185752404268079,0,-4.399956781602259
28537,CC(C)CNCC(COC(=O)*)O*,CC(C)CNCC(COC(=O)[*])O[*],[*]COC(=O)OC([*])CNCC(C)C,5.47e-05,-4.262012673666569,2,-4.303992258177813
28538,O=C(O)CCN(CCCO*)CCOC(=O)*,O=C(O)CCN(CCCO[*])CCOC(=O)[*],[*]CCCOC(=O)OCCN([*])CCC(=O)O,5.45e-05,-4.263603497723357,3,-4.215167908749469
28539,CCC(C)CC(C)NCC(CO*)OC(=O)*,CCC(C)CC(C)NCC(CO[*])OC(=O)[*],[*]COC(=O)OC([*])CNC(C)CC(C)CC,3.53e-05,-4.452225294612178,0,-4.518584501106343
28540,CCCNCC(CO*)OC(=O)*,CCCNCC(CO[*])OC(=O)[*],[*]COC(=O)OC([*])CNCCC,3.52e-05,-4.453457336521869,1,-4.191758832409523
28541,CCOCC(CN(CC)CCOC(=O)*)O*,CCOCC(CN(CC)CCOC(=O)[*])O[*],[*]CN(CC)CCOC(=O)OC([*])COCC,9.97e-05,-4.001304841688344,3,-4.200219970477665
28542,CC(C)(C)C(COC(=O)*)N*,CC(C)(C)C(COC(=O)[*])N[*],[*]COC(=O)NC([*])C(C)(C)C,3.3e-05,-4.481486060122113,0,-4.588503516881025
28543,CC(C)(CNCCCCOC(=O)*)O*,CC(C)(CNCCCCOC(=O)[*])O[*],[*]CNCCCCOC(=O)OC([*])(C)C,5.39e-05,-4.268411234813262,2,-4.182400742263049
28544,CCC(CNCC(CC)(CC)OC(=O)*)O*,CCC(CNCC(CC)(CC)OC(=O)[*])O[*],[*]CNCC(CC)(CC)OC(=O)OC([*])CC,2.79e-05,-4.554395796726403,1,-4.469202341168708
28545,CCC(CCO*)CNCC(CC)OC(=O)*,CCC(CCO[*])CNCC(CC)OC(=O)[*],[*]CCOC(=O)OC(CC)CNCC([*])CC,6.01e-05,-4.221125527997261,0,-4.328662198095039
28546,CC(CNC(C)C(C)OC(=O)*)O*,CC(CNC(C)C(C)OC(=O)[*])O[*],[*]CNC(C)C(C)OC(=O)OC([*])C,6.76e-05,-4.170053304058364,2,-4.348124982020625
28547,CCC(CNCC(C)(C)O*)OC(=O)*,CCC(CNCC(C)(C)O[*])OC(=O)[*],[*]CNCC(C)(C)OC(=O)OC([*])CC,5.52e-05,-4.2580609222708015,0,-4.252533791373307
28548,CC(C)(CCSCCOC(=O)*)O*,CC(C)(CCSCCOC(=O)[*])O[*],[*]CCSCCOC(=O)OC([*])(C)C,9.26e-05,-4.033389013318065,2,-4.210339101020634
28549,CC(C)CC(CO*)NC(=O)*,CC(C)CC(CO[*])NC(=O)[*],[*]COC(=O)NC([*])CC(C)C,3.15e-05,-4.501689446210399,0,-4.4539612031496505
28550,CCC(CO*)NC(=O)CCCCOC(=O)*,CCC(CO[*])NC(=O)CCCCOC(=O)[*],[*]COC(=O)OCCCCC(=O)NC([*])CC,8.22e-05,-4.0851281824599495,0,-4.227995729301572
28551,CCCCC(CO*)OC(=O)*,CCCCC(CO[*])OC(=O)[*],[*]COC(=O)OC([*])CCCC,3.18e-05,-4.497572880015567,2,-4.313062775795328
28552,CC(CN(C)CC(C)OC(=O)*)N*,CC(CN(C)CC(C)OC(=O)[*])N[*],[*]CN(C)CC(C)OC(=O)NC([*])C,7.64e-05,-4.11690664142431,0,-4.2773082717747855
28553,C#CCCCC(=O)NCC(CO*)OC(=O)*,C#CCCCC(=O)NCC(CO[*])OC(=O)[*],[*]COC(=O)OC([*])CNC(=O)CCCC#C,4.58e-05,-4.33913452199613,3,-4.201120750602724
28554,CN(CCCOC(=O)*)C(C)(C)CO*,CN(CCCOC(=O)[*])C(C)(C)CO[*],[*]CCCOC(=O)OCC(C)(C)N([*])C,6.75e-05,-4.170696227168975,3,-4.435471483521692
28555,CCC(CN(C)CC(C)(C)OC(=O)*)O*,CCC(CN(C)CC(C)(C)OC(=O)[*])O[*],[*]CN(C)CC(C)(C)OC(=O)OC([*])CC,3.85e-05,-4.414539270491499,2,-4.309821979874568
28556,CC(C)N(CCN*)CCOC(=O)*,CC(C)N(CCN[*])CCOC(=O)[*],[*]CCNC(=O)OCCN([*])C(C)C,0.000104,-3.98296666070122,0,-4.155588881752946
28557,CCCC(C)NC(CO*)COC(=O)*,CCCC(C)NC(CO[*])COC(=O)[*],[*]COC(=O)OCC([*])NC(C)CCC,2.87e-05,-4.542118103266008,3,-4.5791559388050915
28558,CC(C)(C)C(=O)NC(CO*)COC(=O)*,CC(C)(C)C(=O)NC(CO[*])COC(=O)[*],[*]COC(=O)OCC([*])NC(=O)C(C)(C)C,4.76e-05,-4.3223930472795065,3,-4.492298891106055
28559,CC(C#CC#CC(C)OC(=O)*)O*,CC(C#CC#CC(C)OC(=O)[*])O[*],[*]C#CC#CC(C)OC(=O)OC([*])C,3.51e-05,-4.454692883534176,1,-4.628057285881751
28560,CSCCC(N*)C(=O)NCCNC(=O)*,CSCCC(N[*])C(=O)NCCNC(=O)[*],[*]NC(=O)NCCNC(=O)C([*])CCSC,8.8e-05,-4.055517327849832,3,-4.287887176181647
28561,CCOC(C)OC(CCO*)COC(=O)*,CCOC(C)OC(CCO[*])COC(=O)[*],[*]CCOC(=O)OCC([*])OC(C)OCC,9.09e-05,-4.041436116778033,0,-4.174409440230104
28562,CC(C)(C)CN(CCO*)CCOC(=O)*,CC(C)(C)CN(CCO[*])CCOC(=O)[*],[*]CCOC(=O)OCCN([*])CC(C)(C)C,3.4e-05,-4.468521082957745,1,-4.362250009928472
28563,CC(=O)C(C)SCC(COC(=O)*)O*,CC(=O)C(C)SCC(COC(=O)[*])O[*],[*]COC(=O)OC([*])CSC(C)C(C)=O,9.88e-05,-4.005243055412372,3,-4.320823406033606
28564,CN(CCOC(=O)*)C(=O)C(CC#N)N*,CN(CCOC(=O)[*])C(=O)C(CC#N)N[*],[*]CCOC(=O)NC(CC#N)C(=O)N([*])C,4.83e-05,-4.316052869248487,1,-4.351690394948304
28565,CCC(=O)N(C)CC(C)(CO*)COC(=O)*,CCC(=O)N(C)CC(C)(CO[*])COC(=O)[*],[*]COC(=O)OCC([*])(C)CN(C)C(=O)CC,2.97e-05,-4.527243550682788,0,-4.565114005507307
28566,COCC(CN(C)CCCNC(=O)*)O*,COCC(CN(C)CCCNC(=O)[*])O[*],[*]CN(C)CCCNC(=O)OC([*])COC,0.000105,-3.9788107009300617,2,-3.996909624749402
28567,O=C(*)NCCNC(=O)CCCCCCN*,O=C([*])NCCNC(=O)CCCCCCN[*],[*]CCCCCCNC(=O)NCCNC([*])=O,6.95e-05,-4.158015195409886,0,-4.113349456284335
28568,COCC(CN(CCOC(=O)*)C(C)C)O*,COCC(CN(CCOC(=O)[*])C(C)C)O[*],[*]CN(CCOC(=O)OC([*])COC)C(C)C,4.65e-05,-4.332547047110047,0,-4.169416197426428
28569,CC(C)OCCNCC(CO*)OC(=O)*,CC(C)OCCNCC(CO[*])OC(=O)[*],[*]COC(=O)OC([*])CNCCOC(C)C,0.000108,-3.96657624451305,0,-4.120553073319796
28570,CCSCCNC(CO*)COC(=O)*,CCSCCNC(CO[*])COC(=O)[*],[*]COC(=O)OCC([*])NCCSCC,9.63e-05,-4.016373712875465,2,-4.122167066516697
28571,C=C(CO*)C(=O)NOC(C)(C)COC(=O)*,C=C(CO[*])C(=O)NOC(C)(C)COC(=O)[*],[*]COC(=O)OCC(C)(C)ONC(=O)C([*])=C,8.16e-05,-4.088309841246139,2,-4.264099197215913
28572,CCC(NC(=O)*)C(O*)C(C)C,CCC(NC(=O)[*])C(O[*])C(C)C,[*]NC(=O)OC(C(C)C)C([*])CC,2.07e-05,-4.684029654543083,0,-4.686882762286903
28573,O=C(*)OCC(CO*)=NO,O=C([*])OCC(CO[*])=NO,[*]OCC(COC([*])=O)=NO,6.65e-05,-4.177178354696896,1,-4.4321466381332835
28574,O=C(CCCCCO*)NCC#CCOC(=O)*,O=C(CCCCCO[*])NCC#CCOC(=O)[*],[*]CCCCCOC(=O)OCC#CCNC([*])=O,9.05e-05,-4.043351420794797,2,-4.245246607477463
28575,CNC(=O)CN(CCN*)CCOC(=O)*,CNC(=O)CN(CCN[*])CCOC(=O)[*],[*]CCNC(=O)OCCN([*])CC(=O)NC,9.28e-05,-4.032452023781138,0,-3.9040343110206055
28576,CCN(CCCCN*)CC(C)(C)OC(=O)*,CCN(CCCCN[*])CC(C)(C)OC(=O)[*],[*]CCCCNC(=O)OC(C)(C)CN([*])CC,4.15e-05,-4.381951903287908,3,-4.16536617430341
28577,CC(CCO*)CCOC(=O)*,CC(CCO[*])CCOC(=O)[*],[*]CCOC(=O)OCCC([*])C,0.000118,-3.9281179926938745,3,-4.130116338763434
28578,CC(C)N(C)CC(CNC(=O)*)O*,CC(C)N(C)CC(CNC(=O)[*])O[*],[*]CNC(=O)OC([*])CN(C)C(C)C,6.13e-05,-4.212539525481585,2,-4.303028531648162
28579,CC(C#N)(CO*)NC(=O)*,CC(C#N)(CO[*])NC(=O)[*],[*]COC(=O)NC([*])(C)C#N,3.36e-05,-4.473660722610156,1,-4.522524632539044
28580,CC(COC(=O)*)NCC(O*)C(F)(F)F,CC(COC(=O)[*])NCC(O[*])C(F)(F)F,[*]COC(=O)OC(CNC([*])C)C(F)(F)F,5.53e-05,-4.257274868695302,1,-4.295191223356002
28581,O=C(*)NCCN(CCN*)CC(F)(F)F,O=C([*])NCCN(CCN[*])CC(F)(F)F,[*]NCCN(CCNC([*])=O)CC(F)(F)F,9.28e-05,-4.032452023781138,3,-4.025852285161819
28582,COCC#CC(=O)NCC(CO*)OC(=O)*,COCC#CC(=O)NCC(CO[*])OC(=O)[*],[*]COC(=O)OC([*])CNC(=O)C#CCOC,7.96e-05,-4.099086932262331,0,-4.176116117653282
28583,CCCC(CO*)OC(=O)*,CCCC(CO[*])OC(=O)[*],[*]COC(=O)OC([*])CCC,4.29e-05,-4.367542707815276,3,-4.337429091186494
28584,CCC(CNCC(C)CCOC(=O)*)O*,CCC(CNCC(C)CCOC(=O)[*])O[*],[*]CNCC(C)CCOC(=O)OC([*])CC,7.42e-05,-4.129596094720973,1,-4.107980213696315
28585,CC(C)C(CNCCCCCOC(=O)*)O*,CC(C)C(CNCCCCCOC(=O)[*])O[*],[*]CNCCCCCOC(=O)OC([*])C(C)C,5.16e-05,-4.287350298372789,2,-4.1863609565749424
28586,CN(CCC(C)(C)OC(=O)*)CC(C)(C)O*,CN(CCC(C)(C)OC(=O)[*])CC(C)(C)O[*],[*]CCC(C)(C)OC(=O)OC(C)(C)CN([*])C,6.5e-05,-4.187086643357144,0,-4.46148720655512
28587,CN(CCCNC(=O)*)CC(C)(C)O*,CN(CCCNC(=O)[*])CC(C)(C)O[*],[*]CCCNC(=O)OC(C)(C)CN([*])C,8.51e-05,-4.070070439915412,0,-4.296842522950811
28588,O=C(*)NC(CC#CCN*)C(=O)O,O=C([*])NC(CC#CCN[*])C(=O)O,[*]NCC#CCC(NC([*])=O)C(=O)O,8.09e-05,-4.092051478387727,2,-4.425178982561054
28589,C#CC(C)(NC(=O)*)C(=O)NCCNCCO*,C#CC(C)(NC(=O)[*])C(=O)NCCNCCO[*],[*]NC(=O)OCCNCCNC(=O)C([*])(C)C#C,6.76e-05,-4.170053304058364,3,-4.056721441196381
28590,NOC(=O)C(O*)C(OC(=O)*)C(=O)ON,NOC(=O)C(O[*])C(OC(=O)[*])C(=O)ON,[*]OC(=O)OC(C(=O)ON)C([*])C(=O)ON,9.48e-05,-4.023191662661934,3,-4.591160459275644
28591,CCC(C)NCC(CN*)OC(=O)*,CCC(C)NCC(CN[*])OC(=O)[*],[*]CNC(=O)OC([*])CNC(C)CC,3.67e-05,-4.435333935747911,2,-4.317797021842089
28592,CCC(CCN*)NC(=O)*,CCC(CCN[*])NC(=O)[*],[*]CCNC(=O)NC([*])CC,4.71e-05,-4.326979092871104,1,-4.201793739956456
28593,CC(CCCOC(=O)*)NC(=O)CCCN*,CC(CCCOC(=O)[*])NC(=O)CCCN[*],[*]CCCOC(=O)NCCCC(=O)NC([*])C,5.17e-05,-4.286509456906058,2,-4.1619761356768485
28594,C=C(CO*)COC(=O)*,C=C(CO[*])COC(=O)[*],[*]COC(=O)OCC([*])=C,0.000193,-3.714442690992226,1,-4.161588743950838
28595,CC(C)CNC(CO*)COC(=O)*,CC(C)CNC(CO[*])COC(=O)[*],[*]COC(=O)OCC([*])NCC(C)C,2.55e-05,-4.5934598195660445,1,-4.354644871442563
28596,C=CCOCC(CO*)OC(=O)*,C=CCOCC(CO[*])OC(=O)[*],[*]COC(=O)OC([*])COCC=C,3.68e-05,-4.434152181326482,3,-4.09971058096875
28597,CN(CCOC(=O)*)CC(C)(C)O*,CN(CCOC(=O)[*])CC(C)(C)O[*],[*]CCOC(=O)OC(C)(C)CN([*])C,8.17e-05,-4.087777943467585,2,-4.311946933632108
28598,COCC(CNCC(C)CCO*)OC(=O)*,COCC(CNCC(C)CCO[*])OC(=O)[*],[*]CNCC(C)CCOC(=O)OC([*])COC,9.1e-05,-4.040958607678906,2,-4.096887052141833
28599,CCC(COC)NCC(COC(=O)*)O*,CCC(COC)NCC(COC(=O)[*])O[*],[*]COC(=O)OC([*])CNC(CC)COC,7.98e-05,-4.09799710864927,1,-4.176551716457167
28600,O=C(*)OCCCNCC(O*)C(F)(F)F,O=C([*])OCCCNCC(O[*])C(F)(F)F,[*]OCCCNCC(OC([*])=O)C(F)(F)F,4.13e-05,-4.384049948343599,1,-4.232776833793782
28601,CC(CC(OC(=O)*)C(C)C)O*,CC(CC(OC(=O)[*])C(C)C)O[*],[*]CC(OC(=O)OC([*])C)C(C)C,2.15e-05,-4.667561540084395,1,-4.397508553722272
28602,CC(N(C)CCO*)C(C)(C)OC(=O)*,CC(N(C)CCO[*])C(C)(C)OC(=O)[*],[*]C(C)C(C)(C)OC(=O)OCCN([*])C,3.18e-05,-4.497572880015567,1,-4.254158627408097
28603,CC(C)(CCOC(=O)*)O*,CC(C)(CCOC(=O)[*])O[*],[*]CCOC(=O)OC([*])(C)C,3e-05,-4.522878745280337,3,-4.455195117971458
28604,CC(C)(C)C(NC(=O)*)C(=O)NCCCO*,CC(C)(C)C(NC(=O)[*])C(=O)NCCCO[*],[*]NC(=O)OCCCNC(=O)C([*])C(C)(C)C,3.01e-05,-4.521433504406157,3,-4.395496354311118
28605,O=C(*)OC(CS)CO*,O=C([*])OC(CS)CO[*],[*]OCC(CS)OC([*])=O,3.7e-05,-4.431798275933005,2,-4.312613472503083
28606,CC(NCC(C)(C)OC(=O)*)C(C)O*,CC(NCC(C)(C)OC(=O)[*])C(C)O[*],[*]NCC(C)(C)OC(=O)OC(C)C([*])C,3.22e-05,-4.492144128304169,0,-4.444262394494243
28607,O=C(*)OCC(=O)OCCCCO*,O=C([*])OCC(=O)OCCCCO[*],[*]COC(=O)OCCCCOC([*])=O,8.25e-05,-4.0835460514500745,1,-4.108902219342305
28608,CCN(CCOC(=O)*)C(=O)C(C)CN*,CCN(CCOC(=O)[*])C(=O)C(C)CN[*],[*]CCOC(=O)NCC(C)C(=O)N([*])CC,7.48e-05,-4.126098402135539,3,-4.374642030361743
28609,CCC(C)(CN*)OC(=O)*,CCC(C)(CN[*])OC(=O)[*],[*]CNC(=O)OC([*])(C)CC,2.01e-05,-4.696803942579511,1,-4.587176929732909
28610,CC(OC(=O)*)C(=O)NC(C)(C)CO*,CC(OC(=O)[*])C(=O)NC(C)(C)CO[*],[*]OC(=O)OCC(C)(C)NC(=O)C([*])C,6.76e-05,-4.170053304058364,3,-4.4064246535400935
28611,CCCCC(NC(=O)*)C(=O)NCCO*,CCCCC(NC(=O)[*])C(=O)NCCO[*],[*]NC(=O)OCCNC(=O)C([*])CCCC,8.33e-05,-4.079354998593212,0,-4.297918451177869
28612,CCC(C)(CNC(C)C(C)OC(=O)*)O*,CCC(C)(CNC(C)C(C)OC(=O)[*])O[*],[*]CNC(C)C(C)OC(=O)OC([*])(C)CC,3.72e-05,-4.429457060118103,3,-4.396573836992298
28613,CCCCCC(CNCCOC(=O)*)O*,CCCCCC(CNCCOC(=O)[*])O[*],[*]CNCCOC(=O)OC([*])CCCCC,0.000131,-3.882728704344236,1,-4.113451548765446
28614,CC(C)NC(=O)CC(CN*)OC(=O)*,CC(C)NC(=O)CC(CN[*])OC(=O)[*],[*]CNC(=O)OC([*])CC(=O)NC(C)C,4.89e-05,-4.31069114087638,2,-4.291197640354312
28615,O=C(*)OCC(CNCC(F)(F)F)O*,O=C([*])OCC(CNCC(F)(F)F)O[*],[*]OCC(CNCC(F)(F)F)OC([*])=O,4.24e-05,-4.372634143407267,3,-4.124458480312748
28616,C=CC(CO*)NC(=O)C(C)NC(=O)*,C=CC(CO[*])NC(=O)C(C)NC(=O)[*],[*]COC(=O)NC(C)C(=O)NC([*])C=C,5.33e-05,-4.273272790973428,1,-4.2494371191425735
28617,CC(C)(CNC(=O)*)NC(=O)CCN*,CC(C)(CNC(=O)[*])NC(=O)CCN[*],[*]CNC(=O)NCCC(=O)NC([*])(C)C,7.38e-05,-4.131943638176958,1,-4.272276522540619
28618,CCN(CC(C)OC(=O)*)CC(C)(C)O*,CCN(CC(C)OC(=O)[*])CC(C)(C)O[*],[*]CC(C)OC(=O)OC(C)(C)CN([*])CC,3.72e-05,-4.429457060118103,0,-4.415279056157925
28619,CC(OC(=O)*)C(N*)C(=O)N(C)CCC#N,CC(OC(=O)[*])C(N[*])C(=O)N(C)CCC#N,[*]OC(=O)NC(C(=O)N(C)CCC#N)C([*])C,5.86e-05,-4.23210238398191,3,-4.269316762429594
28620,CC(C)CCNCC(CO*)OC(=O)*,CC(C)CCNCC(CO[*])OC(=O)[*],[*]COC(=O)OC([*])CNCCC(C)C,2.51e-05,-4.600326278518962,1,-4.290198058430982
28621,CC(C)(O*)C(=O)OCCOC(=O)*,CC(C)(O[*])C(=O)OCCOC(=O)[*],[*]OC(=O)OCCOC(=O)C([*])(C)C,6.73e-05,-4.171984935776023,3,-4.179038055071649
28622,CC(C#CC(C)OC(=O)*)O*,CC(C#CC(C)OC(=O)[*])O[*],[*]C#CC(C)OC(=O)OC([*])C,4.41e-05,-4.355561410532162,3,-4.342572759818646
28623,CCC(CCO*)OC(=O)*,CCC(CCO[*])OC(=O)[*],[*]CCOC(=O)OC([*])CC,0.000123,-3.910094888560602,0,-4.243613266628227
28624,C#CCN(C)CC(OC(=O)*)C(C)(C)O*,C#CCN(C)CC(OC(=O)[*])C(C)(C)O[*],[*]OC(=O)OC(C)(C)C([*])CN(C)CC#C,6.23e-05,-4.205511953340831,1,-4.310482876064814
28625,CN(CCCN*)CCNC(=O)*,CN(CCCN[*])CCNC(=O)[*],[*]CCCNC(=O)NCCN([*])C,8.13e-05,-4.089909454405932,1,-3.918919058693098
28626,CC(O*)C(C)N(C)CC(C)(C)OC(=O)*,CC(O[*])C(C)N(C)CC(C)(C)OC(=O)[*],[*]OC(=O)OC(C)(C)CN(C)C(C)C([*])C,1.98e-05,-4.703334809738469,0,-4.460905458331085
28627,COCC(CNC(C)(C)CO*)OC(=O)*,COCC(CNC(C)(C)CO[*])OC(=O)[*],[*]CNC(C)(C)COC(=O)OC([*])COC,4.13e-05,-4.384049948343599,1,-4.259901472042908
28628,CCC(CC)(CNCC(C)OC(=O)*)CO*,CCC(CC)(CNCC(C)OC(=O)[*])CO[*],[*]CNCC(C)OC(=O)OCC([*])(CC)CC,2.5e-05,-4.6020599913279625,3,-4.376013050611581
28629,CCC(CNCCCCCO*)OC(=O)*,CCC(CNCCCCCO[*])OC(=O)[*],[*]CNCCCCCOC(=O)OC([*])CC,7.66e-05,-4.115771230367396,3,-4.0050442463190645
28630,CC(C)CC(COC(=O)*)NC(C)C(C)O*,CC(C)CC(COC(=O)[*])NC(C)C(C)O[*],[*]COC(=O)OC(C)C(C)NC([*])CC(C)C,3.27e-05,-4.485452247339714,2,-4.344987299732698
28631,CC(CO*)NCC(COC(C)C)OC(=O)*,CC(CO[*])NCC(COC(C)C)OC(=O)[*],[*]COC(=O)OC(CNC([*])C)COC(C)C,0.000115,-3.939302159646388,0,-4.148779466025221
28632,CCC(CO*)NC(=O)CCNC(=O)*,CCC(CO[*])NC(=O)CCNC(=O)[*],[*]COC(=O)NCCC(=O)NC([*])CC,5.85e-05,-4.23284413391782,3,-4.36929861931137
28633,C=C(CCOC(=O)*)CO*,C=C(CCOC(=O)[*])CO[*],[*]CCOC(=O)OCC([*])=C,9.98e-05,-4.000869458712629,1,-4.222433160713518
28634,CC(C)(C)CNCC(CO*)OC(=O)*,CC(C)(C)CNCC(CO[*])OC(=O)[*],[*]COC(=O)OC([*])CNCC(C)(C)C,4.37e-05,-4.359518563029578,1,-4.47963683243052
28635,CCN(CCCO*)CCC(C)OC(=O)*,CCN(CCCO[*])CCC(C)OC(=O)[*],[*]CCCOC(=O)OC(C)CCN([*])CC,0.000107,-3.9706162223147903,0,-4.115428833497832
28636,CCC(CNC(C)CCCO*)OC(=O)*,CCC(CNC(C)CCCO[*])OC(=O)[*],[*]CNC(C)CCCOC(=O)OC([*])CC,7.03e-05,-4.153044674980176,0,-4.208379205867336
28637,CC(OC(=O)*)C(N*)C(=O)NCC(C)(C)C#N,CC(OC(=O)[*])C(N[*])C(=O)NCC(C)(C)C#N,[*]OC(=O)NC(C(=O)NCC(C)(C)C#N)C([*])C,4.11e-05,-4.386158178123931,3,-4.31714360173079
28638,CCC(C)CNCC(CO*)OC(=O)*,CCC(C)CNCC(CO[*])OC(=O)[*],[*]COC(=O)OC([*])CNCC(C)CC,2.7e-05,-4.568636235841013,3,-4.377828559784605
28639,CCC(N*)C(=O)NC(C)CCCOC(=O)*,CCC(N[*])C(=O)NC(C)CCCOC(=O)[*],[*]NC(=O)OCCCC(C)NC(=O)C([*])CC,3.12e-05,-4.505845405981558,1,-4.3729062628361595
28640,CC(C)=CC(=O)NC(CO*)COC(=O)*,CC(C)=CC(=O)NC(CO[*])COC(=O)[*],[*]COC(=O)OCC([*])NC(=O)C=C(C)C,3.94e-05,-4.404503778174426,2,-4.348412265510368
28641,CCCCCN(C)CC(COC(=O)*)O*,CCCCCN(C)CC(COC(=O)[*])O[*],[*]COC(=O)OC([*])CN(C)CCCCC,5.81e-05,-4.235823867609669,0,-4.367759681970162
28642,CC(C)OCC(CNCCOC(=O)*)O*,CC(C)OCC(CNCCOC(=O)[*])O[*],[*]CNCCOC(=O)OC([*])COC(C)C,0.000144,-3.8416375079047502,0,-4.086844545942199
28643,CCC(C)N(CC)CC(CO*)OC(=O)*,CCC(C)N(CC)CC(CO[*])OC(=O)[*],[*]COC(=O)OC([*])CN(CC)C(C)CC,3.35e-05,-4.474955192963154,0,-4.389314714653763
28644,CC=CC(=O)NC(CO*)COC(=O)*,CC=CC(=O)NC(CO[*])COC(=O)[*],[*]COC(=O)OCC([*])NC(=O)C=CC,3.72e-05,-4.429457060118103,1,-4.2863598501795614
28645,CCC(CNC(=O)*)C(=O)NCCC(C)O*,CCC(CNC(=O)[*])C(=O)NCCC(C)O[*],[*]CNC(=O)OC(C)CCNC(=O)C([*])CC,3.3e-05,-4.481486060122113,2,-4.294136567271397
28646,O=C(*)NCCC(=O)NCCCCN*,O=C([*])NCCC(=O)NCCCCN[*],[*]CCNC(=O)NCCCCNC([*])=O,6.76e-05,-4.170053304058364,2,-4.182668088018132
28647,CCOCC(CNC(CC)CO*)OC(=O)*,CCOCC(CNC(CC)CO[*])OC(=O)[*],[*]CNC(CC)COC(=O)OC([*])COCC,0.000112,-3.9507819773298185,2,-4.253164743717513
28648,O=C(CCCCOC(=O)*)NCCO*,O=C(CCCCOC(=O)[*])NCCO[*],[*]CCCCOC(=O)OCCNC([*])=O,7.01e-05,-4.154281982033341,2,-3.9896404397806147
28649,CCN(CCC#N)C(=O)C(CNC(=O)*)O*,CCN(CCC#N)C(=O)C(CNC(=O)[*])O[*],[*]CNC(=O)OC([*])C(=O)N(CC)CCC#N,7.71e-05,-4.112945621949043,2,-4.14193813038057
28650,CCCCNCC(COC(=O)*)O*,CCCCNCC(COC(=O)[*])O[*],[*]COC(=O)OC([*])CNCCCC,9.44e-05,-4.025028005701931,0,-4.234731826624166
28651,CCN(CCOC(=O)*)CCC(C)(C)O*,CCN(CCOC(=O)[*])CCC(C)(C)O[*],[*]CCOC(=O)OC(C)(C)CCN([*])CC,5.93e-05,-4.226945306635737,0,-4.337795930256112
28652,CC(C)C(COC(=O)*)NC(C)C(C)O*,CC(C)C(COC(=O)[*])NC(C)C(C)O[*],[*]COC(=O)OC(C)C(C)NC([*])C(C)C,2.73e-05,-4.563837352959244,3,-4.368165197420262
28653,C#CCOC(=O)C(C)(CO*)COC(=O)*,C#CCOC(=O)C(C)(CO[*])COC(=O)[*],[*]COC(=O)OCC([*])(C)C(=O)OCC#C,2.31e-05,-4.636388020107856,1,-4.536902328446872
28654,CC(CN(C)C(C)C(C)OC(=O)*)O*,CC(CN(C)C(C)C(C)OC(=O)[*])O[*],[*]CN(C)C(C)C(C)OC(=O)OC([*])C,6.01e-05,-4.221125527997261,2,-4.4112801953631315
28655,CC(CCNCC(C)(C)O*)OC(=O)*,CC(CCNCC(C)(C)O[*])OC(=O)[*],[*]CCNCC(C)(C)OC(=O)OC([*])C,5.01e-05,-4.300162274132754,2,-4.34265959280043
28656,CC(SCC(CO*)OC(=O)*)C(=O)O,CC(SCC(CO[*])OC(=O)[*])C(=O)O,[*]COC(=O)OC([*])CSC(C)C(=O)O,3.2e-05,-4.494850021680094,3,-4.339034914442619
28657,CCN(CC(C)C#N)C(=O)C(CN*)OC(=O)*,CCN(CC(C)C#N)C(=O)C(CN[*])OC(=O)[*],[*]CNC(=O)OC([*])C(=O)N(CC)CC(C)C#N,5.47e-05,-4.262012673666569,2,-4.260862911721813
28658,CC(C)C(C)C(=O)NC(CO*)COC(=O)*,CC(C)C(C)C(=O)NC(CO[*])COC(=O)[*],[*]COC(=O)OCC([*])NC(=O)C(C)C(C)C,3.34e-05,-4.476253533188435,2,-4.476421225133956
28659,CC(CN(C)C(C)CN*)OC(=O)*,CC(CN(C)C(C)CN[*])OC(=O)[*],[*]CN(C)C(C)CNC(=O)OC([*])C,5.25e-05,-4.279840696594043,1,-4.32837502024315
28660,CCN(C(=O)C(CNC(=O)*)O*)C(C)C#N,CCN(C(=O)C(CNC(=O)[*])O[*])C(C)C#N,[*]CNC(=O)OC([*])C(=O)N(CC)C(C)C#N,6.06e-05,-4.217527375833714,1,-4.398377154335785
28661,CC(CCCC(=O)OCCOC(=O)*)O*,CC(CCCC(=O)OCCOC(=O)[*])O[*],[*]CCCC(=O)OCCOC(=O)OC([*])C,7.06e-05,-4.151195298948196,1,-4.233038250359941
28662,CCC(=O)N(C)CC(CO*)OC(=O)*,CCC(=O)N(C)CC(CO[*])OC(=O)[*],[*]COC(=O)OC([*])CN(C)C(=O)CC,5.24e-05,-4.280668713016273,0,-4.334858950767957
28663,C=C(COC(=O)*)C(=O)NCCCCCO*,C=C(COC(=O)[*])C(=O)NCCCCCO[*],[*]COC(=O)OCCCCCNC(=O)C([*])=C,0.00012,-3.9208187539523753,0,-4.043603034872999
28664,CC(CN(C)C(=O)CCCCOC(=O)*)O*,CC(CN(C)C(=O)CCCCOC(=O)[*])O[*],[*]CN(C)C(=O)CCCCOC(=O)OC([*])C,6.44e-05,-4.191114132640188,0,-4.3546471962041515
28665,C=CCC(CO*)NC(=O)*,C=CCC(CO[*])NC(=O)[*],[*]COC(=O)NC([*])CC=C,4.45e-05,-4.351639989019068,3,-4.214884976753628
28666,CC(C)(C)CCNCC(CO*)OC(=O)*,CC(C)(C)CCNCC(CO[*])OC(=O)[*],[*]COC(=O)OC([*])CNCCC(C)(C)C,4.47e-05,-4.349692476868063,1,-4.429525263892793
28667,CCC(CN(C)CCOC(=O)*)O*,CCC(CN(C)CCOC(=O)[*])O[*],[*]CN(C)CCOC(=O)OC([*])CC,6.61e-05,-4.179798540514359,3,-4.159819273359816
28668,CCCCCNC(=O)C(COC(=O)*)N*,CCCCCNC(=O)C(COC(=O)[*])N[*],[*]COC(=O)NC([*])C(=O)NCCCCC,9.35e-05,-4.029188389127483,3,-4.280135587101753
28669,CC(C)NC(=O)NC(CO*)COC(=O)*,CC(C)NC(=O)NC(CO[*])COC(=O)[*],[*]COC(=O)OCC([*])NC(=O)NC(C)C,5.07e-05,-4.294992040666664,0,-4.334151746632792
28670,C#CC(COC(=O)*)NC(=O)CCCCCO*,C#CC(COC(=O)[*])NC(=O)CCCCCO[*],[*]COC(=O)OCCCCCC(=O)NC([*])C#C,5.56e-05,-4.254925208417943,3,-4.185665530457282
28671,CC(O*)C(C)SCCCOC(=O)*,CC(O[*])C(C)SCCCOC(=O)[*],[*]OC(=O)OCCCSC(C)C([*])C,6.21e-05,-4.20690839982342,0,-4.271848078078807
28672,CC(CC(=O)NCCCCNC(=O)*)N*,CC(CC(=O)NCCCCNC(=O)[*])N[*],[*]CC(=O)NCCCCNC(=O)NC([*])C,4.48e-05,-4.348721986001856,2,-4.220393901522472
28673,CCC(COC(=O)*)NCCCO*,CCC(COC(=O)[*])NCCCO[*],[*]COC(=O)OCCCNC([*])CC,9.47e-05,-4.023650020996727,0,-4.248038448288221
28674,COCC(CNCC(C)COC(=O)*)O*,COCC(CNCC(C)COC(=O)[*])O[*],[*]CNCC(C)COC(=O)OC([*])COC,8.11e-05,-4.090979145788844,3,-4.113996331964463
28675,CCN(CCO*)CC(C)OC(=O)*,CCN(CCO[*])CC(C)OC(=O)[*],[*]CCOC(=O)OC(C)CN([*])CC,9.12e-05,-4.040005161671584,2,-4.094456477546542
28676,CCC(CO*)NCC(C)OC(=O)*,CCC(CO[*])NCC(C)OC(=O)[*],[*]COC(=O)OC(C)CNC([*])CC,6.24e-05,-4.204815410317576,2,-4.230906777888643
28677,CC(C)C(C)NCC(COC(=O)*)O*,CC(C)C(C)NCC(COC(=O)[*])O[*],[*]COC(=O)OC([*])CNC(C)C(C)C,3.52e-05,-4.453457336521869,2,-4.561967203211713
28678,CC(N*)C(C)(C)OC(=O)*,CC(N[*])C(C)(C)OC(=O)[*],[*]NC(=O)OC(C)(C)C([*])C,2.65e-05,-4.576754126063192,1,-4.450464475717097
28679,CC(CCO*)CNC(=O)C(C)CNC(=O)*,CC(CCO[*])CNC(=O)C(C)CNC(=O)[*],[*]CCOC(=O)NCC(C)C(=O)NCC([*])C,6.13e-05,-4.212539525481585,0,-4.304132130665029
28680,CCC(CNC(C)CO*)OC(=O)*,CCC(CNC(C)CO[*])OC(=O)[*],[*]CNC(C)COC(=O)OC([*])CC,8.92e-05,-4.049635145623877,0,-4.189937637450872
28681,CC(CN(C)CCCNC(=O)*)O*,CC(CN(C)CCCNC(=O)[*])O[*],[*]CN(C)CCCNC(=O)OC([*])C,7.97e-05,-4.098541678603888,3,-4.170298082232876
28682,CCOCCCNCC(CO*)OC(=O)*,CCOCCCNCC(CO[*])OC(=O)[*],[*]COC(=O)OC([*])CNCCCOCC,8.98e-05,-4.046723663332696,3,-3.9435610927986184
28683,O=C(*)NCCNC(=O)CCCCN*,O=C([*])NCCNC(=O)CCCCN[*],[*]CCCCNC(=O)NCCNC([*])=O,7.45e-05,-4.127843727251707,1,-4.094313713214386
28684,CC(C)(CNCCOC(=O)*)O*,CC(C)(CNCCOC(=O)[*])O[*],[*]CNCCOC(=O)OC([*])(C)C,6.86e-05,-4.163675884293248,0,-4.208838457123803
28685,CCCC(C)N(C)CC(CO*)OC(=O)*,CCCC(C)N(C)CC(CO[*])OC(=O)[*],[*]COC(=O)OC([*])CN(C)C(C)CCC,3.61e-05,-4.442492798094342,3,-4.447300276406127
28686,CC(CN(C)CCCO*)NC(=O)*,CC(CN(C)CCCO[*])NC(=O)[*],[*]CN(C)CCCOC(=O)NC([*])C,8.74e-05,-4.058488567365597,2,-4.092650930774709
28687,CCC(CN*)C(=O)NCCCOC(=O)*,CCC(CN[*])C(=O)NCCCOC(=O)[*],[*]CNC(=O)OCCCNC(=O)C([*])CC,3.99e-05,-4.399027104313252,1,-4.227590650152802
28688,CCC(C)C(=O)NC(CO*)COC(=O)*,CCC(C)C(=O)NC(CO[*])COC(=O)[*],[*]COC(=O)OCC([*])NC(=O)C(C)CC,4.71e-05,-4.326979092871104,3,-4.3803816264097994
28689,CC(C)(C)OCC(CNCCOC(=O)*)O*,CC(C)(C)OCC(CNCCOC(=O)[*])O[*],[*]CNCCOC(=O)OC([*])COC(C)(C)C,6.02e-05,-4.220403508742176,0,-4.22579765977597
28690,CC(CNC(=O)C(C)(C)N*)OC(=O)*,CC(CNC(=O)C(C)(C)N[*])OC(=O)[*],[*]CNC(=O)C(C)(C)NC(=O)OC([*])C,6.46e-05,-4.189767482004916,3,-4.228305474270565
28691,CC(C)OCCN(C)CC(CNC(=O)*)O*,CC(C)OCCN(C)CC(CNC(=O)[*])O[*],[*]CNC(=O)OC([*])CN(C)CCOC(C)C,0.00014,-3.853871964321762,0,-4.0360138151641625
28692,CC(C)(C)C(CO*)NCCOC(=O)*,CC(C)(C)C(CO[*])NCCOC(=O)[*],[*]COC(=O)OCCNC([*])C(C)(C)C,2.91e-05,-4.536107011014093,3,-4.403578229615874
28693,O=C(CO*)NCCCCCOC(=O)*,O=C(CO[*])NCCCCCOC(=O)[*],[*]COC(=O)OCCCCCNC([*])=O,0.000124,-3.906578314837765,2,-4.0106915045872364
28694,CC(C)(C)C(=O)NCC(CO*)OC(=O)*,CC(C)(C)C(=O)NCC(CO[*])OC(=O)[*],[*]COC(=O)OC([*])CNC(=O)C(C)(C)C,5.75e-05,-4.2403321553103694,2,-4.401551789642234
28695,CCCCC(N*)C(=O)N(C)CCOC(=O)*,CCCCC(N[*])C(=O)N(C)CCOC(=O)[*],[*]NC(=O)OCCN(C)C(=O)C([*])CCCC,3.06e-05,-4.51427857351842,3,-4.441930475551533
28696,CC(C)CN(C)CC(CNC(=O)*)O*,CC(C)CN(C)CC(CNC(=O)[*])O[*],[*]CNC(=O)OC([*])CN(C)CC(C)C,5.51e-05,-4.258848401148215,2,-4.281047499472827
28697,CC(CO*)NCC(C)(C)OC(=O)*,CC(CO[*])NCC(C)(C)OC(=O)[*],[*]COC(=O)OC(C)(C)CNC([*])C,0.000108,-3.96657624451305,1,-4.24833550573065
28698,CC(CC(=O)NC(C)CCCOC(=O)*)N*,CC(CC(=O)NC(C)CCCOC(=O)[*])N[*],[*]CCCOC(=O)NC(C)CC(=O)NC([*])C,3.66e-05,-4.436518914605589,0,-4.331500436819292
28699,CCN(CC)C(=O)CC(CNC(=O)*)O*,CCN(CC)C(=O)CC(CNC(=O)[*])O[*],[*]CNC(=O)OC([*])CC(=O)N(CC)CC,2.36e-05,-4.627087997029894,1,-4.255097824337844
28700,O=C(*)OCCN(CCO*)CC(F)F,O=C([*])OCCN(CCO[*])CC(F)F,[*]OCCN(CCOC([*])=O)CC(F)F,0.000146,-3.835647144215563,3,-4.098796148814083
28701,CC(COC(=O)C(C)O*)OC(=O)*,CC(COC(=O)C(C)O[*])OC(=O)[*],[*]COC(=O)C(C)OC(=O)OC([*])C,2.56e-05,-4.591760034688151,3,-4.299845882959586
28702,CCOCC(CNC(C)(C)CO*)OC(=O)*,CCOCC(CNC(C)(C)CO[*])OC(=O)[*],[*]CNC(C)(C)COC(=O)OC([*])COCC,5.67e-05,-4.246416941107094,0,-4.194166169806467
28703,CN(CCOC(=O)*)C(=O)C(C)(C)CO*,CN(CCOC(=O)[*])C(=O)C(C)(C)CO[*],[*]CCOC(=O)OCC(C)(C)C(=O)N([*])C,2.7e-05,-4.568636235841013,3,-4.519465261633922
28704,CC(CN*)C(=O)N(C)CCOC(=O)*,CC(CN[*])C(=O)N(C)CCOC(=O)[*],[*]CNC(=O)OCCN(C)C(=O)C([*])C,4.89e-05,-4.31069114087638,0,-4.224342980836578
28705,CC(CCOC(=O)*)SCCCO*,CC(CCOC(=O)[*])SCCCO[*],[*]CCOC(=O)OCCCSC([*])C,0.000108,-3.96657624451305,0,-4.0220040456658035
28706,CC(CNC(=O)*)C(=O)NCCCO*,CC(CNC(=O)[*])C(=O)NCCCO[*],[*]CNC(=O)OCCCNC(=O)C([*])C,4.98e-05,-4.302770657240282,0,-4.26042912562742
28707,C=C(C)CNC(=O)C(CN*)NC(=O)*,C=C(C)CNC(=O)C(CN[*])NC(=O)[*],[*]CNC(=O)NC([*])C(=O)NCC(=C)C,3.7e-05,-4.431798275933005,0,-4.440087673795249
28708,CCCN(CC(COC(=O)*)O*)C(C)C,CCCN(CC(COC(=O)[*])O[*])C(C)C,[*]COC(=O)OC([*])CN(CCC)C(C)C,3.32e-05,-4.478861916295964,1,-4.55572613080162
28709,CN(CCO*)CC(C)(C)CNC(=O)*,CN(CCO[*])CC(C)(C)CNC(=O)[*],[*]CCOC(=O)NCC(C)(C)CN([*])C,3.04e-05,-4.517126416391246,1,-4.292467326409857
28710,CCCCC(C)NC(CO*)COC(=O)*,CCCCC(C)NC(CO[*])COC(=O)[*],[*]COC(=O)OCC([*])NC(C)CCCC,3.11e-05,-4.507239610973163,3,-4.480309925219802
28711,CCCC(=O)NC(CO*)COC(=O)*,CCCC(=O)NC(CO[*])COC(=O)[*],[*]COC(=O)OCC([*])NC(=O)CCC,7.18e-05,-4.1438755557577,3,-4.392542880661533
28712,CC(CNC(CO*)C(C)C)OC(=O)*,CC(CNC(CO[*])C(C)C)OC(=O)[*],[*]CNC(COC(=O)OC([*])C)C(C)C,1.85e-05,-4.732828271596986,0,-4.360430550626367
28713,CC=CC=CC(=O)NC(CO*)COC(=O)*,CC=CC=CC(=O)NC(CO[*])COC(=O)[*],[*]COC(=O)OCC([*])NC(=O)C=CC=CC,2.83e-05,-4.548213564475709,2,-4.390036064754133
28714,CC(C)CSCC(CO*)OC(=O)*,CC(C)CSCC(CO[*])OC(=O)[*],[*]COC(=O)OC([*])CSCC(C)C,3.16e-05,-4.5003129173815966,2,-4.344265332337043
28715,CC(CNCC(OC(=O)*)C(F)(F)F)O*,CC(CNCC(OC(=O)[*])C(F)(F)F)O[*],[*]CNCC(OC(=O)OC([*])C)C(F)(F)F,5.61e-05,-4.251037138743839,1,-4.228401030600771
28716,CC(CCO*)NC(=O)CCCCOC(=O)*,CC(CCO[*])NC(=O)CCCCOC(=O)[*],[*]CCOC(=O)OCCCCC(=O)NC([*])C,6.77e-05,-4.169411331314856,3,-4.089360400592028
28717,CC(C)(C)C(N*)C(=O)NCCNC(=O)*,CC(C)(C)C(N[*])C(=O)NCCNC(=O)[*],[*]NC(=O)NCCNC(=O)C([*])C(C)(C)C,4.16e-05,-4.380906669373258,2,-4.445670643081433
28718,CCN(CC)CC(CNCCOC(=O)*)O*,CCN(CC)CC(CNCCOC(=O)[*])O[*],[*]CNCCOC(=O)OC([*])CN(CC)CC,6.16e-05,-4.210419287835575,0,-4.039637049454528
28719,CCOCC(CN(C)CC(C)O*)OC(=O)*,CCOCC(CN(C)CC(C)O[*])OC(=O)[*],[*]CN(C)CC(C)OC(=O)OC([*])COCC,8.41e-05,-4.075204004202088,0,-4.141686820537858
28720,CCCN(CCO*)CC(COC)OC(=O)*,CCCN(CCO[*])CC(COC)OC(=O)[*],[*]CCOC(=O)OC(COC)CN([*])CCC,5.21e-05,-4.283162276700476,0,-4.032899547340004
28721,CCC(CCO*)CNC(=O)CCNC(=O)*,CCC(CCO[*])CNC(=O)CCNC(=O)[*],[*]CCOC(=O)NCCC(=O)NCC([*])CC,7.63e-05,-4.117475462045119,2,-4.267085236428404
28722,CC(C)(CC(=O)NCCCO*)NC(=O)*,CC(C)(CC(=O)NCCCO[*])NC(=O)[*],[*]CC(=O)NCCCOC(=O)NC([*])(C)C,4.18e-05,-4.3788237182249645,0,-4.292135009406892
28723,CC(C)C(COC(=O)*)NCCCO*,CC(C)C(COC(=O)[*])NCCCO[*],[*]COC(=O)OCCCNC([*])C(C)C,5.92e-05,-4.22767829327708,2,-4.140538014003283
28724,CC(C)C(COC(=O)*)NCCO*,CC(C)C(COC(=O)[*])NCCO[*],[*]COC(=O)OCCNC([*])C(C)C,6.43e-05,-4.191789027075778,0,-4.168879674253872
28725,COCC(CN(C)CC(C)(C)O*)OC(=O)*,COCC(CN(C)CC(C)(C)O[*])OC(=O)[*],[*]CN(C)CC(C)(C)OC(=O)OC([*])COC,6.63e-05,-4.178486471595227,3,-4.303394097443784
28726,C#CC(C)NC(=O)C(CCNC(=O)*)N*,C#CC(C)NC(=O)C(CCNC(=O)[*])N[*],[*]CCNC(=O)NC([*])C(=O)NC(C)C#C,5.94e-05,-4.226213555018807,1,-4.27037731783313
28727,CC(CNCC(C)(C)O*)OC(=O)*,CC(CNCC(C)(C)O[*])OC(=O)[*],[*]CNCC(C)(C)OC(=O)OC([*])C,4.04e-05,-4.393618634889395,1,-4.3769780353689445
28728,CC(CN(C)CCC(C)(C)OC(=O)*)O*,CC(CN(C)CCC(C)(C)OC(=O)[*])O[*],[*]CN(C)CCC(C)(C)OC(=O)OC([*])C,7.71e-05,-4.112945621949043,1,-4.347498198350684
28729,C=C(CO*)C(=O)NC(C)(C)C(C)OC(=O)*,C=C(CO[*])C(=O)NC(C)(C)C(C)OC(=O)[*],[*]COC(=O)OC(C)C(C)(C)NC(=O)C([*])=C,5.3e-05,-4.275724130399211,1,-4.462695325932027
28730,CN(CCN*)CC(C)(C)CNC(=O)*,CN(CCN[*])CC(C)(C)CNC(=O)[*],[*]CCNC(=O)NCC(C)(C)CN([*])C,4.01e-05,-4.396855627379818,3,-4.34428682475638
28731,CC(C)C(NCC(CO*)OC(=O)*)C(=O)O,CC(C)C(NCC(CO[*])OC(=O)[*])C(=O)O,[*]COC(=O)OC([*])CNC(C(=O)O)C(C)C,2.56e-05,-4.591760034688151,2,-4.401035283672202
28732,CC(OC(=O)*)C(=O)NCC(C)(C)O*,CC(OC(=O)[*])C(=O)NCC(C)(C)O[*],[*]OC(=O)OC(C)(C)CNC(=O)C([*])C,6.39e-05,-4.1944991418416,2,-4.412420556994975
28733,CC(CCCO*)NC(=O)CCNC(=O)*,CC(CCCO[*])NC(=O)CCNC(=O)[*],[*]CCCOC(=O)NCCC(=O)NC([*])C,5.96e-05,-4.224753740259764,3,-4.22247888512778
28734,O=C(*)NCCCCC(=O)NCCCCN*,O=C([*])NCCCCC(=O)NCCCCN[*],[*]CCCCNC(=O)NCCCCNC([*])=O,7.88e-05,-4.103473782510445,1,-4.097123961461487
28735,CCC(COC(=O)*)NC(=O)C(N*)C(C)C,CCC(COC(=O)[*])NC(=O)C(N[*])C(C)C,[*]COC(=O)NC(C(=O)NC([*])CC)C(C)C,2.8e-05,-4.552841968657781,2,-4.420747482710104
28736,CCCCOCCNC(CO*)COC(=O)*,CCCCOCCNC(CO[*])COC(=O)[*],[*]COC(=O)OCC([*])NCCOCCCC,0.000102,-3.9913998282380825,0,-4.117646197831068
28737,CC(CN(C)CCCCCOC(=O)*)N*,CC(CN(C)CCCCCOC(=O)[*])N[*],[*]CN(C)CCCCCOC(=O)NC([*])C,7.61e-05,-4.118615343229427,3,-4.216371458039478
28738,CCC(CC)CNCC(CO*)OC(=O)*,CCC(CC)CNCC(CO[*])OC(=O)[*],[*]COC(=O)OC([*])CNCC(CC)CC,2.97e-05,-4.527243550682788,2,-4.436473234381948
28739,CC(C)N(CC#CCOC(=O)*)CCO*,CC(C)N(CC#CCOC(=O)[*])CCO[*],[*]CC#CCOC(=O)OCCN([*])C(C)C,8.04e-05,-4.094743951251549,3,-4.228079528386595
28740,CCC(CNCCCO*)OC(=O)*,CCC(CNCCCO[*])OC(=O)[*],[*]CNCCCOC(=O)OC([*])CC,9.18e-05,-4.037157318798758,3,-4.032900001551912
28741,CC(CNC(=O)CCCCOC(=O)*)O*,CC(CNC(=O)CCCCOC(=O)[*])O[*],[*]CNC(=O)CCCCOC(=O)OC([*])C,4.84e-05,-4.315154638355588,0,-4.321109029361116
28742,CC(C)CCC(=O)NC(CO*)COC(=O)*,CC(C)CCC(=O)NC(CO[*])COC(=O)[*],[*]COC(=O)OCC([*])NC(=O)CCC(C)C,5.47e-05,-4.262012673666569,2,-4.342437707699101
28743,CN(CCC#N)CC(OC(=O)*)C(C)(C)O*,CN(CCC#N)CC(OC(=O)[*])C(C)(C)O[*],[*]OC(=O)OC(C)(C)C([*])CN(C)CCC#N,6.09e-05,-4.215382707367125,2,-4.0786639954616986
28744,CC(C)CC(=O)NCC(COC(=O)*)O*,CC(C)CC(=O)NCC(COC(=O)[*])O[*],[*]COC(=O)OC([*])CNC(=O)CC(C)C,8.58e-05,-4.066512712151295,1,-4.372860014473577
28745,COCC(NCC(COC(=O)*)O*)C(C)C,COCC(NCC(COC(=O)[*])O[*])C(C)C,[*]COC(=O)OC([*])CNC(COC)C(C)C,4.01e-05,-4.396855627379818,3,-4.330839756367971
28746,O=C(O)CCCN(CCO*)CCOC(=O)*,O=C(O)CCCN(CCO[*])CCOC(=O)[*],[*]CCOC(=O)OCCN([*])CCCC(=O)O,3.46e-05,-4.460923901207224,2,-4.13691953639638
28747,CCN(CCOC(=O)*)C(C)C(C)O*,CCN(CCOC(=O)[*])C(C)C(C)O[*],[*]CCOC(=O)OC(C)C(C)N([*])CC,5.39e-05,-4.268411234813262,2,-4.340324033407377
28748,CCC(CNCC(C)OC(=O)*)O*,CCC(CNCC(C)OC(=O)[*])O[*],[*]CNCC(C)OC(=O)OC([*])CC,9.09e-05,-4.041436116778033,0,-4.1208532575644785
28749,CCC(CC)CNC(CO*)COC(=O)*,CCC(CC)CNC(CO[*])COC(=O)[*],[*]COC(=O)OCC([*])NCC(CC)CC,3.16e-05,-4.5003129173815966,1,-4.514003979345748
28750,CN(CCCNC(=O)*)C(=O)CCN*,CN(CCCNC(=O)[*])C(=O)CCN[*],[*]CCCNC(=O)NCCC(=O)N([*])C,6.39e-05,-4.1944991418416,0,-4.301879409036067
28751,CNC(=O)CCSCC(CO*)OC(=O)*,CNC(=O)CCSCC(CO[*])OC(=O)[*],[*]COC(=O)OC([*])CSCCC(=O)NC,0.00011,-3.958607314841775,3,-4.050999397373373
28752,COC(=O)C(C)SCC(CO*)OC(=O)*,COC(=O)C(C)SCC(CO[*])OC(=O)[*],[*]COC(=O)OC([*])CSC(C)C(=O)OC,5.38e-05,-4.269217724333611,0,-4.217847342051914
28753,CSCCNC(CO*)COC(=O)*,CSCCNC(CO[*])COC(=O)[*],[*]COC(=O)OCC([*])NCCSC,9.2e-05,-4.036212172654444,0,-4.166174369117584
28754,CC(C)COC(=O)NCC(COC(=O)*)O*,CC(C)COC(=O)NCC(COC(=O)[*])O[*],[*]COC(=O)OC([*])CNC(=O)OCC(C)C,3.21e-05,-4.493494967595128,1,-4.31346652479807
28755,CCC(CN(C)CCN*)OC(=O)*,CCC(CN(C)CCN[*])OC(=O)[*],[*]CN(C)CCNC(=O)OC([*])CC,0.000104,-3.98296666070122,3,-4.129906883774861
28756,O=C(*)OCC(CO*)NCCC(F)(F)F,O=C([*])OCC(CO[*])NCCC(F)(F)F,[*]OCC(COC([*])=O)NCCC(F)(F)F,4.02e-05,-4.39577394691553,3,-4.042591994936624
28757,CSCCNCC(COC(=O)*)O*,CSCCNCC(COC(=O)[*])O[*],[*]COC(=O)OC([*])CNCCSC,0.000129,-3.889410289700751,1,-4.1305065294657535
28758,CC(C)OC(=O)NC(C)(CO*)COC(=O)*,CC(C)OC(=O)NC(C)(CO[*])COC(=O)[*],[*]COC(=O)OCC([*])(C)NC(=O)OC(C)C,3.78e-05,-4.422508200162775,2,-4.36290604190347
28759,CCOC(=O)C(C)(CO*)COC(=O)*,CCOC(=O)C(C)(CO[*])COC(=O)[*],[*]COC(=O)OCC([*])(C)C(=O)OCC,3.8e-05,-4.42021640338319,3,-4.591757830601114
28760,CN(C)C(=O)C(CCCNC(=O)*)N*,CN(C)C(=O)C(CCCNC(=O)[*])N[*],[*]CCCNC(=O)NC([*])C(=O)N(C)C,3.19e-05,-4.496209316942819,2,-4.258633382074021
28761,CCSCCNCC(COC(=O)*)O*,CCSCCNCC(COC(=O)[*])O[*],[*]COC(=O)OC([*])CNCCSCC,9.28e-05,-4.032452023781138,3,-4.020460549830164
28762,CC(C)=CC(=O)NC(C)(CO*)COC(=O)*,CC(C)=CC(=O)NC(C)(CO[*])COC(=O)[*],[*]COC(=O)OCC([*])(C)NC(=O)C=C(C)C,3.82e-05,-4.417936637088292,1,-4.447013158350234
28763,CCOC(=O)CSCC(COC(=O)*)O*,CCOC(=O)CSCC(COC(=O)[*])O[*],[*]COC(=O)OC([*])CSCC(=O)OCC,6.99e-05,-4.155522824254319,0,-4.16543920284859
28764,CCOCC(CNCCC(C)OC(=O)*)O*,CCOCC(CNCCC(C)OC(=O)[*])O[*],[*]CNCCC(C)OC(=O)OC([*])COCC,0.00011,-3.958607314841775,0,-4.0244627385827085
28765,O=C(*)OCC(CO*)NCCCF,O=C([*])OCC(CO[*])NCCCF,[*]OCC(COC([*])=O)NCCCF,4.14e-05,-4.382999658879101,0,-4.124656859957527
28766,CCN(CCOC(=O)*)C(=O)CCCCO*,CCN(CCOC(=O)[*])C(=O)CCCCO[*],[*]CCOC(=O)OCCCCC(=O)N([*])CC,7.47e-05,-4.126679398184601,1,-4.13681781243852
28767,COCC(CNCCC(C)(C)O*)OC(=O)*,COCC(CNCCC(C)(C)O[*])OC(=O)[*],[*]CNCCC(C)(C)OC(=O)OC([*])COC,8.24e-05,-4.084072788302884,1,-4.146194536669229
28768,CCCCNC(=O)NCC(CO*)OC(=O)*,CCCCNC(=O)NCC(CO[*])OC(=O)[*],[*]COC(=O)OC([*])CNC(=O)NCCCC,9.64e-05,-4.015922966097169,3,-4.323101270527225
28769,CCC(CNCC(C)COC(=O)*)O*,CCC(CNCC(C)COC(=O)[*])O[*],[*]CNCC(C)COC(=O)OC([*])CC,7.22e-05,-4.141462802430361,2,-4.113643307708677
28770,CCCNC(=O)NC(CO*)COC(=O)*,CCCNC(=O)NC(CO[*])COC(=O)[*],[*]COC(=O)OCC([*])NC(=O)NCCC,6.28e-05,-4.202040356262804,2,-4.322418884347144
28771,CCC=C(C)C(=O)NC(CO*)COC(=O)*,CCC=C(C)C(=O)NC(CO[*])COC(=O)[*],[*]COC(=O)OCC([*])NC(=O)C(C)=CCC,8.87e-05,-4.052076380168273,3,-4.51394592030961
28772,CC=CC=CC(=O)NC(C)(CO*)COC(=O)*,CC=CC=CC(=O)NC(C)(CO[*])COC(=O)[*],[*]COC(=O)OCC([*])(C)NC(=O)C=CC=CC,2.8e-05,-4.552841968657781,3,-4.368417888981947
28773,CCOCC(CNC(C)CO*)OC(=O)*,CCOCC(CNC(C)CO[*])OC(=O)[*],[*]CNC(C)COC(=O)OC([*])COCC,0.000102,-3.9913998282380825,1,-4.060641815735604
28774,CC(CC(=O)NC(CO*)C(C)C)NC(=O)*,CC(CC(=O)NC(CO[*])C(C)C)NC(=O)[*],[*]CC(=O)NC(COC(=O)NC([*])C)C(C)C,4.21e-05,-4.375717904164332,1,-4.467922603506324
28775,CCNC(=O)NC(C)(CO*)COC(=O)*,CCNC(=O)NC(C)(CO[*])COC(=O)[*],[*]COC(=O)OCC([*])(C)NC(=O)NCC,5.76e-05,-4.239577516576788,1,-4.271945845822658
28776,CC(C)OCCNC(CO*)COC(=O)*,CC(C)OCCNC(CO[*])COC(=O)[*],[*]COC(=O)OCC([*])NCCOC(C)C,7.26e-05,-4.139063379299906,1,-4.133395518577654
28777,O=C(*)NCCCCCCNC(=O)CCN*,O=C([*])NCCCCCCNC(=O)CCN[*],[*]CCNC(=O)NCCCCCCNC([*])=O,8.22e-05,-4.0851281824599495,0,-4.081962271390324
28778,C=CCNC(=S)NC(CO*)COC(=O)*,C=CCNC(=S)NC(CO[*])COC(=O)[*],[*]COC(=O)OCC([*])NC(=S)NCC=C,2.56e-05,-4.591760034688151,0,-4.416085531324557
28779,O=C(*)OCC(CO*)NCC(F)F,O=C([*])OCC(CO[*])NCC(F)F,[*]OCC(COC([*])=O)NCC(F)F,7.75e-05,-4.110698297493689,1,-4.146305025478515
28780,CCCC(C)C(=O)NC(CO*)COC(=O)*,CCCC(C)C(=O)NC(CO[*])COC(=O)[*],[*]COC(=O)OCC([*])NC(=O)C(C)CCC,2e-05,-4.698970004336019,0,-4.380052391313759
28781,CCC(SCC(CO*)OC(=O)*)C(=O)O,CCC(SCC(CO[*])OC(=O)[*])C(=O)O,[*]COC(=O)OC([*])CSC(CC)C(=O)O,3.13e-05,-4.504455662453552,3,-4.356467164751663
28782,CCCCNC(=O)NC(CO*)COC(=O)*,CCCCNC(=O)NC(CO[*])COC(=O)[*],[*]COC(=O)OCC([*])NC(=O)NCCCC,8.38e-05,-4.076755981369724,2,-4.392654515569184
28783,CSCCC(=O)NCC(COC(=O)*)O*,CSCCC(=O)NCC(COC(=O)[*])O[*],[*]COC(=O)OC([*])CNC(=O)CCSC,3.56e-05,-4.448550002027125,3,-4.148833367829163
28784,CC(CCCOC(=O)*)NC(=O)C(C)CN*,CC(CCCOC(=O)[*])NC(=O)C(C)CN[*],[*]CCCOC(=O)NCC(C)C(=O)NC([*])C,4.01e-05,-4.396855627379818,1,-4.418518875789638
28785,CC(CCOC(=O)*)CNC(=O)CCCN*,CC(CCOC(=O)[*])CNC(=O)CCCN[*],[*]CCOC(=O)NCCCC(=O)NCC([*])C,5.44e-05,-4.2644011003018205,2,-4.16825694078288
28786,CCC(CNCC(C)O*)NC(=O)*,CCC(CNCC(C)O[*])NC(=O)[*],[*]CNCC(C)OC(=O)NC([*])CC,5.62e-05,-4.250263684430939,2,-4.0635755435443395
28787,CCC(CC)C(=O)NC(CO*)COC(=O)*,CCC(CC)C(=O)NC(CO[*])COC(=O)[*],[*]COC(=O)OCC([*])NC(=O)C(CC)CC,2.88e-05,-4.540607512240769,3,-4.345255089851904
28788,CCCCNC(=O)C(CO*)NC(=O)*,CCCCNC(=O)C(CO[*])NC(=O)[*],[*]COC(=O)NC([*])C(=O)NCCCC,5.2e-05,-4.2839966563652006,1,-4.43323383048791
28789,CC(C)C(CO*)NC(=O)CCNC(=O)*,CC(C)C(CO[*])NC(=O)CCNC(=O)[*],[*]COC(=O)NCCC(=O)NC([*])C(C)C,4.05e-05,-4.392544976785332,2,-4.371802028156317
28790,CC(C)OCCN(CCO*)CCOC(=O)*,CC(C)OCCN(CCO[*])CCOC(=O)[*],[*]CCOC(=O)OCCN([*])CCOC(C)C,0.000119,-3.924453038607469,3,-3.953679026033144
28791,CC(CCCO*)NC(=O)CNC(=O)*,CC(CCCO[*])NC(=O)CNC(=O)[*],[*]CCCOC(=O)NCC(=O)NC([*])C,6.52e-05,-4.185752404268079,2,-4.167626206137297
28792,CCCNC(=O)CC(CN*)OC(=O)*,CCCNC(=O)CC(CN[*])OC(=O)[*],[*]CNC(=O)OC([*])CC(=O)NCCC,0.000101,-3.995678626217357,3,-4.496716316850022
28793,CCC(C)CNC(CO*)COC(=O)*,CCC(C)CNC(CO[*])COC(=O)[*],[*]COC(=O)OCC([*])NCC(C)CC,3.82e-05,-4.417936637088292,3,-4.3773188263953475
28794,CCN(CCNC(=O)*)CC(C)O*,CCN(CCNC(=O)[*])CC(C)O[*],[*]CCNC(=O)OC(C)CN([*])CC,9.76e-05,-4.010550182333308,1,-4.069255713936769
28795,O=C(CCCCO*)NCCCOC(=O)*,O=C(CCCCO[*])NCCCOC(=O)[*],[*]CCCCOC(=O)OCCCNC([*])=O,8.67e-05,-4.06198090252379,3,-4.1672621138181425
28796,CCC(C)(C)C(=O)NC(CO*)COC(=O)*,CCC(C)(C)C(=O)NC(CO[*])COC(=O)[*],[*]COC(=O)OCC([*])NC(=O)C(C)(C)CC,2.51e-05,-4.600326278518962,3,-4.503423072334609
28797,CCC(OC(=O)*)C(=O)OCCO*,CCC(OC(=O)[*])C(=O)OCCO[*],[*]OC(=O)OCCOC(=O)C([*])CC,7.44e-05,-4.128427064454121,2,-4.281324392447166
28798,CC(C)(C)NC(=O)CC(CN*)OC(=O)*,CC(C)(C)NC(=O)CC(CN[*])OC(=O)[*],[*]CNC(=O)OC([*])CC(=O)NC(C)(C)C,4.72e-05,-4.3260580013659125,2,-4.285105382588175
28799,CCCNC(CO*)COC(=O)*,CCCNC(CO[*])COC(=O)[*],[*]COC(=O)OCC([*])NCCC,3.33e-05,-4.47755576649368,2,-4.33464710168706
28800,CC(=O)CSCC(CO*)OC(=O)*,CC(=O)CSCC(CO[*])OC(=O)[*],[*]COC(=O)OC([*])CSCC(C)=O,7.93e-05,-4.100726812682396,2,-4.074810003065048
28801,CCN(CC(C)(C)O*)C(=O)C(C)NC(=O)*,CCN(CC(C)(C)O[*])C(=O)C(C)NC(=O)[*],[*]CC(C)(C)OC(=O)NC(C)C(=O)N([*])CC,2.26e-05,-4.645891560852599,2,-4.489776873556472
28802,CC(C)(CN*)C(=O)NCCNC(=O)*,CC(C)(CN[*])C(=O)NCCNC(=O)[*],[*]CNC(=O)NCCNC(=O)C([*])(C)C,5.65e-05,-4.247951552180561,2,-4.299188443055661
28803,O=C(*)OC(CNCC(F)F)CO*,O=C([*])OC(CNCC(F)F)CO[*],[*]OCC(CNCC(F)F)OC([*])=O,6.73e-05,-4.171984935776023,0,-4.035750013447687
28804,CC(CN*)C(=O)NCCCCNC(=O)*,CC(CN[*])C(=O)NCCCCNC(=O)[*],[*]CNC(=O)NCCCCNC(=O)C([*])C,4.64e-05,-4.333482019445119,1,-4.167492994276853
28805,CCCC(=O)NC(C)(CO*)COC(=O)*,CCCC(=O)NC(C)(CO[*])COC(=O)[*],[*]COC(=O)OCC([*])(C)NC(=O)CCC,4.88e-05,-4.311580177997289,2,-4.522579872221713
28806,CCN(CCOC(=O)*)CC(C)(O*)C(=O)O,CCN(CCOC(=O)[*])CC(C)(O[*])C(=O)O,[*]CCOC(=O)OC(C)(CN([*])CC)C(=O)O,3.23e-05,-4.490797477668897,1,-4.4923514025254345
28807,CCOCC(CNC(C)CCO*)OC(=O)*,CCOCC(CNC(C)CCO[*])OC(=O)[*],[*]CNC(C)CCOC(=O)OC([*])COCC,9.4e-05,-4.026872146400302,1,-4.031881307923957
28808,CN(CCO*)C(=O)C(C)(C)OC(=O)*,CN(CCO[*])C(=O)C(C)(C)OC(=O)[*],[*]CCOC(=O)OC(C)(C)C(=O)N([*])C,5.64e-05,-4.248720896016658,0,-4.49009717182327
28809,CC(C)(C)NC(=O)NC(CO*)COC(=O)*,CC(C)(C)NC(=O)NC(CO[*])COC(=O)[*],[*]COC(=O)OCC([*])NC(=O)NC(C)(C)C,3.45e-05,-4.462180904926726,2,-4.361143744779173
28810,CCOCCN(CC)CC(CO*)OC(=O)*,CCOCCN(CC)CC(CO[*])OC(=O)[*],[*]COC(=O)OC([*])CN(CC)CCOCC,5.36e-05,-4.27083521030723,0,-4.090883336012334
28811,CCC(C)(N*)C(=O)NCC(C)OC(=O)*,CCC(C)(N[*])C(=O)NCC(C)OC(=O)[*],[*]NC(=O)OC(C)CNC(=O)C([*])(C)CC,2.94e-05,-4.531652669587842,3,-4.3923757020014955
28812,CC(C)C(C)C(=O)NCC(COC(=O)*)O*,CC(C)C(C)C(=O)NCC(COC(=O)[*])O[*],[*]COC(=O)OC([*])CNC(=O)C(C)C(C)C,4.82e-05,-4.31695296176115,1,-4.475500117380066
28813,COCC(CN(C)C(C)CN*)OC(=O)*,COCC(CN(C)C(C)CN[*])OC(=O)[*],[*]CN(C)C(C)CNC(=O)OC([*])COC,9.73e-05,-4.011887159731648,0,-4.1576630150419
28814,CN(C)C(=O)CSCC(CO*)OC(=O)*,CN(C)C(=O)CSCC(CO[*])OC(=O)[*],[*]COC(=O)OC([*])CSCC(=O)N(C)C,0.000118,-3.9281179926938745,1,-4.256451362309037
28815,CCC(=O)NC(C)(CO*)COC(=O)*,CCC(=O)NC(C)(CO[*])COC(=O)[*],[*]COC(=O)OCC([*])(C)NC(=O)CC,6.16e-05,-4.210419287835575,2,-4.3478276828279805
28816,CC(CO*)COC(=O)C(C)OC(=O)*,CC(CO[*])COC(=O)C(C)OC(=O)[*],[*]COC(=O)OC(C)C(=O)OCC([*])C,3.61e-05,-4.442492798094342,2,-4.2564767087063675
28817,CCCOCCCNCC(COC(=O)*)O*,CCCOCCCNCC(COC(=O)[*])O[*],[*]COC(=O)OC([*])CNCCCOCCC,0.000108,-3.96657624451305,0,-3.8905717670365196
28818,CCCC(C)(NC(=O)*)C(=O)NCCN*,CCCC(C)(NC(=O)[*])C(=O)NCCN[*],[*]NC(=O)NCCNC(=O)C([*])(C)CCC,3.8e-05,-4.42021640338319,3,-4.369308395902153
28819,CC(C)(CO*)C(=O)OCCOC(=O)*,CC(C)(CO[*])C(=O)OCCOC(=O)[*],[*]COC(=O)OCCOC(=O)C([*])(C)C,6.6e-05,-4.180456064458132,0,-4.326850670576856
28820,CN(CCOC(=O)*)C(=O)CCCCN*,CN(CCOC(=O)[*])C(=O)CCCCN[*],[*]CCOC(=O)NCCCCC(=O)N([*])C,5.21e-05,-4.283162276700476,1,-4.186509962626369
28821,CCN(CCCOC(=O)*)CCN*,CCN(CCCOC(=O)[*])CCN[*],[*]CCCOC(=O)NCCN([*])CC,8.15e-05,-4.088842391260023,0,-4.0403731599190635
28822,CC(CSCC(COC(=O)*)O*)C(=O)O,CC(CSCC(COC(=O)[*])O[*])C(=O)O,[*]COC(=O)OC([*])CSCC(C)C(=O)O,5e-05,-4.301029995663981,0,-4.296618435355556
28823,CSCCCNCC(COC(=O)*)O*,CSCCCNCC(COC(=O)[*])O[*],[*]COC(=O)OC([*])CNCCCSC,6.28e-05,-4.202040356262804,3,-4.052302364578056
28824,CCCNC(=O)NC(C)(CO*)COC(=O)*,CCCNC(=O)NC(C)(CO[*])COC(=O)[*],[*]COC(=O)OCC([*])(C)NC(=O)NCCC,3.42e-05,-4.465973893943865,1,-4.335817211914227
28825,CC(C)OC(=O)NC(CO*)COC(=O)*,CC(C)OC(=O)NC(CO[*])COC(=O)[*],[*]COC(=O)OCC([*])NC(=O)OC(C)C,4.91e-05,-4.308918507877031,3,-4.328039725828126
28826,COCC(C)NC(C)(CO*)COC(=O)*,COCC(C)NC(C)(CO[*])COC(=O)[*],[*]COC(=O)OCC([*])(C)NC(C)COC,6.05e-05,-4.218244625347531,3,-4.275306588212519
28827,CC(C)C(CO*)NC(=O)CCCNC(=O)*,CC(C)C(CO[*])NC(=O)CCCNC(=O)[*],[*]COC(=O)NCCCC(=O)NC([*])C(C)C,4.38e-05,-4.3585258894959,1,-4.349294893253672
28828,CC(CCO*)NCC(C)OC(=O)*,CC(CCO[*])NCC(C)OC(=O)[*],[*]CCOC(=O)OC(C)CNC([*])C,4.78e-05,-4.320572103387881,3,-4.065441286920058
28829,CC(C)C(CNCCO*)OC(=O)*,CC(C)C(CNCCO[*])OC(=O)[*],[*]CNCCOC(=O)OC([*])C(C)C,5.38e-05,-4.269217724333611,0,-4.13991492839595
28830,CC(C)NC(=O)NC(C)(CO*)COC(=O)*,CC(C)NC(=O)NC(C)(CO[*])COC(=O)[*],[*]COC(=O)OCC([*])(C)NC(=O)NC(C)C,6.81e-05,-4.166852888087215,0,-4.415084949934052
28831,CCOCC(CNCC(C)COC(=O)*)O*,CCOCC(CNCC(C)COC(=O)[*])O[*],[*]CNCC(C)COC(=O)OC([*])COCC,5.76e-05,-4.239577516576788,1,-4.008994036815469
28832,CC(C)=CC(=O)NCC(COC(=O)*)O*,CC(C)=CC(=O)NCC(COC(=O)[*])O[*],[*]COC(=O)OC([*])CNC(=O)C=C(C)C,5.45e-05,-4.263603497723357,2,-4.372539413425158
28833,C=C(C)C(=O)NC(CC)(CO*)COC(=O)*,C=C(C)C(=O)NC(CC)(CO[*])COC(=O)[*],[*]COC(=O)OCC([*])(CC)NC(=O)C(=C)C,4.24e-05,-4.372634143407267,3,-4.4664084187465365
28834,CC(CNCC(C)O*)COC(=O)*,CC(CNCC(C)O[*])COC(=O)[*],[*]CNCC(C)OC(=O)OCC([*])C,7.18e-05,-4.1438755557577,0,-4.211510235310231
28835,CN(CC(F)F)CC(CO*)OC(=O)*,CN(CC(F)F)CC(CO[*])OC(=O)[*],[*]COC(=O)OC([*])CN(C)CC(F)F,0.000115,-3.939302159646388,2,-4.231561931450004
28836,COCC(CNC(C)(C)CCOC(=O)*)O*,COCC(CNC(C)(C)CCOC(=O)[*])O[*],[*]CNC(C)(C)CCOC(=O)OC([*])COC,7.61e-05,-4.118615343229427,0,-4.078263340456144
28837,CCC(C(=O)O)N(C)CC(CO*)OC(=O)*,CCC(C(=O)O)N(C)CC(CO[*])OC(=O)[*],[*]COC(=O)OC([*])CN(C)C(CC)C(=O)O,1.76e-05,-4.7544873321858505,1,-4.3112111385411405
28838,CC(C)(C)CC(=O)NC(CO*)COC(=O)*,CC(C)(C)CC(=O)NC(CO[*])COC(=O)[*],[*]COC(=O)OCC([*])NC(=O)CC(C)(C)C,7.81e-05,-4.1073489661227,0,-4.300999078452535
28839,CC(CCO*)CNCC(C)OC(=O)*,CC(CCO[*])CNCC(C)OC(=O)[*],[*]CCOC(=O)OC(C)CNCC([*])C,9.02e-05,-4.044793462458058,0,-4.201750394233208
28840,CC(COC(=O)*)N(C)C(=O)CCCCN*,CC(COC(=O)[*])N(C)C(=O)CCCCN[*],[*]COC(=O)NCCCCC(=O)N(C)C([*])C,3.68e-05,-4.434152181326482,2,-4.351082272979988
28841,CC(NC(=O)*)C(=O)NC(CO*)C(C)C,CC(NC(=O)[*])C(=O)NC(CO[*])C(C)C,[*]NC(=O)OCC(NC(=O)C([*])C)C(C)C,4.67e-05,-4.330683119433888,1,-4.456857591735308
28842,CC(C)(CC(=O)NCCNC(=O)*)N*,CC(C)(CC(=O)NCCNC(=O)[*])N[*],[*]CC(=O)NCCNC(=O)NC([*])(C)C,3.23e-05,-4.490797477668897,1,-4.21756917907223
28843,CCN(CCCN*)CCNC(=O)*,CCN(CCCN[*])CCNC(=O)[*],[*]CCCNC(=O)NCCN([*])CC,7.37e-05,-4.132532512140949,0,-4.012892951272469
28844,CCC(CCO*)CNC(=O)CNC(=O)*,CCC(CCO[*])CNC(=O)CNC(=O)[*],[*]CCOC(=O)NCC(=O)NCC([*])CC,4.16e-05,-4.380906669373258,0,-4.208682162218616
28845,CC(CN(C)CC(C)(O*)C(=O)O)OC(=O)*,CC(CN(C)CC(C)(O[*])C(=O)O)OC(=O)[*],[*]CN(C)CC(C)(OC(=O)OC([*])C)C(=O)O,8.71e-05,-4.059981844992337,1,-4.372266750281272
28846,CC(CO*)N(C)CC(C)(OC(=O)*)C(=O)O,CC(CO[*])N(C)CC(C)(OC(=O)[*])C(=O)O,[*]COC(=O)OC(C)(CN(C)C([*])C)C(=O)O,2.34e-05,-4.6307841425898575,3,-4.422745386057061
28847,CC(CC(=O)OCCO*)OC(=O)*,CC(CC(=O)OCCO[*])OC(=O)[*],[*]CC(=O)OCCOC(=O)OC([*])C,5.75e-05,-4.2403321553103694,0,-4.169396452682093
28848,CCOCCCNC(CO*)COC(=O)*,CCOCCCNC(CO[*])COC(=O)[*],[*]COC(=O)OCC([*])NCCCOCC,0.000122,-3.913640169325252,0,-4.110028813188236
28849,CC(CN(C)CC(C)NC(=O)*)N*,CC(CN(C)CC(C)NC(=O)[*])N[*],[*]CN(C)CC(C)NC(=O)NC([*])C,6.14e-05,-4.211831628858833,0,-4.230123638008362
28850,COCC(CNC(C)C(C)(C)OC(=O)*)O*,COCC(CNC(C)C(C)(C)OC(=O)[*])O[*],[*]CNC(C)C(C)(C)OC(=O)OC([*])COC,7.41e-05,-4.130181792020672,0,-4.249439054361742
28851,CC(CCCO*)NC(=O)C(C)NC(=O)*,CC(CCCO[*])NC(=O)C(C)NC(=O)[*],[*]CCCOC(=O)NC(C)C(=O)NC([*])C,3.54e-05,-4.450996737974212,3,-4.245741484670383
28852,CCC(C)(NCC(COC(=O)*)O*)C(=O)O,CCC(C)(NCC(COC(=O)[*])O[*])C(=O)O,[*]COC(=O)OC([*])CNC(C)(CC)C(=O)O,2.88e-05,-4.540607512240769,3,-4.5929896166966495
28853,COCC(C)N(C)CC(CO*)OC(=O)*,COCC(C)N(C)CC(CO[*])OC(=O)[*],[*]COC(=O)OC([*])CN(C)C(C)COC,8.93e-05,-4.049148541111453,0,-4.090419064920083
28854,CC(CO*)NC(=O)CCCCOC(=O)*,CC(CO[*])NC(=O)CCCCOC(=O)[*],[*]COC(=O)OCCCCC(=O)NC([*])C,5.26e-05,-4.279014255846261,3,-4.061685739581816
28855,CCOCC(CN(C)CCNC(=O)*)O*,CCOCC(CN(C)CCNC(=O)[*])O[*],[*]CN(C)CCNC(=O)OC([*])COCC,0.000107,-3.9706162223147903,3,-4.060922409128616
28856,CC(C)(C)CNC(CO*)COC(=O)*,CC(C)(C)CNC(CO[*])COC(=O)[*],[*]COC(=O)OCC([*])NCC(C)(C)C,3.18e-05,-4.497572880015567,0,-4.447520776265357
28857,CC(CN(CC(F)F)CC(C)OC(=O)*)O*,CC(CN(CC(F)F)CC(C)OC(=O)[*])O[*],[*]CN(CC(F)F)CC(C)OC(=O)OC([*])C,3.24e-05,-4.489454989793388,3,-4.107545709056234
28858,CCCC(CNCC(F)(F)COC(=O)*)O*,CCCC(CNCC(F)(F)COC(=O)[*])O[*],[*]CNCC(F)(F)COC(=O)OC([*])CCC,3.88e-05,-4.411168274405793,1,-4.1817420901474955
28859,C=CCOC(=O)NCC(COC(=O)*)O*,C=CCOC(=O)NCC(COC(=O)[*])O[*],[*]COC(=O)OC([*])CNC(=O)OCC=C,6.38e-05,-4.195179321278838,3,-4.216811535753957
28860,CCCCNC(=O)C(NC(=O)*)C(C)(C)O*,CCCCNC(=O)C(NC(=O)[*])C(C)(C)O[*],[*]NC(=O)OC(C)(C)C([*])C(=O)NCCCC,2.77e-05,-4.557520230935552,3,-4.517385411390057
28861,CC(C)(CC(CNCC(F)F)O*)OC(=O)*,CC(C)(CC(CNCC(F)F)O[*])OC(=O)[*],[*]CC(CNCC(F)F)OC(=O)OC([*])(C)C,3.2e-05,-4.494850021680094,0,-4.2813881162390235
28862,CCC(CNC(CCF)COC(=O)*)O*,CCC(CNC(CCF)COC(=O)[*])O[*],[*]CNC(CCF)COC(=O)OC([*])CC,3.69e-05,-4.432973633840939,3,-4.258259911347443
28863,C=CC(C)(CNC(=O)*)O*,C=CC(C)(CNC(=O)[*])O[*],[*]CNC(=O)OC([*])(C)C=C,5.27e-05,-4.278189384787454,3,-4.318527135531948
28864,C=CC(CNCC(C)OC(=O)*)O*,C=CC(CNCC(C)OC(=O)[*])O[*],[*]CNCC(C)OC(=O)OC([*])C=C,9.11e-05,-4.040481623027001,3,-4.137918775029499
28865,O=C(*)NCC(CN*)NCCCCCF,O=C([*])NCC(CN[*])NCCCCCF,[*]NCC(CNC([*])=O)NCCCCCF,0.000126,-3.899629454882437,3,-4.114515066745938
28866,CC(NC(CCF)COC(=O)*)C(C)O*,CC(NC(CCF)COC(=O)[*])C(C)O[*],[*]NC(CCF)COC(=O)OC(C)C([*])C,5.98e-05,-4.223298816011589,0,-4.332616863923093
28867,N#CCC(O*)C(CC#N)OC(=O)*,N#CCC(O[*])C(CC#N)OC(=O)[*],[*]OC(=O)OC(CC#N)C([*])CC#N,3.78e-05,-4.422508200162775,2,-4.192543589256211
28868,C=CC(C)(CC(=O)NCCO*)OC(=O)*,C=CC(C)(CC(=O)NCCO[*])OC(=O)[*],[*]CC(=O)NCCOC(=O)OC([*])(C)C=C,7.09e-05,-4.149353764816934,0,-4.109021926725014
28869,C=C(CO*)C(=O)NCCCOC(=O)*,C=C(CO[*])C(=O)NCCCOC(=O)[*],[*]COC(=O)OCCCNC(=O)C([*])=C,0.000149,-3.826813731587726,0,-4.102953858899097
28870,CC(C)(CNCC(CC(F)F)NC(=O)*)N*,CC(C)(CNCC(CC(F)F)NC(=O)[*])N[*],[*]CNCC(CC(F)F)NC(=O)NC([*])(C)C,6.93e-05,-4.159266765388193,1,-4.191592062229039
28871,N#CCCCCNCC(COC(=O)*)O*,N#CCCCCNCC(COC(=O)[*])O[*],[*]COC(=O)OC([*])CNCCCCC#N,0.000142,-3.8477116556169433,0,-4.082494613959291
28872,O=C(*)OCC(COC(=O)CCS)O*,O=C([*])OCC(COC(=O)CCS)O[*],[*]COC(=O)OC([*])COC(=O)CCS,3.17e-05,-4.498940737782249,2,-4.385210243713106
28873,CCCN(C)CC(O*)C(C)(C)OC(=O)*,CCCN(C)CC(O[*])C(C)(C)OC(=O)[*],[*]OC(=O)OC(C)(C)C([*])CN(C)CCC,2.49e-05,-4.603800652904264,1,-4.514202593347003
28874,CC(CCCCOC(=O)*)NC(=O)C(C)O*,CC(CCCCOC(=O)[*])NC(=O)C(C)O[*],[*]CCCCOC(=O)OC(C)C(=O)NC([*])C,5.58e-05,-4.253365801062421,0,-4.219412291255167
28875,CC(CN*)CNCC(CC(F)F)NC(=O)*,CC(CN[*])CNCC(CC(F)F)NC(=O)[*],[*]CNCC(CC(F)F)NC(=O)NCC([*])C,9.71e-05,-4.012780770091995,0,-4.032342447977754
28876,C=C(C)CNCC(COC(=O)*)O*,C=C(C)CNCC(COC(=O)[*])O[*],[*]COC(=O)OC([*])CNCC(=C)C,8.01e-05,-4.096367483915762,3,-4.33683715597289
28877,CCCC(CC)N(CCNC(=O)*)CCO*,CCCC(CC)N(CCNC(=O)[*])CCO[*],[*]CCNC(=O)OCCN([*])C(CC)CCC,4.35e-05,-4.361510743045363,2,-4.3917480336606065
28878,CC(C)(CC(CNCCCF)OC(=O)*)O*,CC(C)(CC(CNCCCF)OC(=O)[*])O[*],[*]CC(CNCCCF)OC(=O)OC([*])(C)C,4.35e-05,-4.361510743045363,1,-4.334803091226394
28879,CC(CC#N)N(C)CC(CO*)OC(=O)*,CC(CC#N)N(C)CC(CO[*])OC(=O)[*],[*]COC(=O)OC([*])CN(C)C(C)CC#N,7.3e-05,-4.136677139879544,1,-4.244446347737477
28880,CC=CCC(COC(=O)*)NC(C)C(C)O*,CC=CCC(COC(=O)[*])NC(C)C(C)O[*],[*]COC(=O)OC(C)C(C)NC([*])CC=CC,5.16e-05,-4.287350298372789,0,-4.312647154886521
28881,CC(COC(=O)*)NC(=O)CCCCCO*,CC(COC(=O)[*])NC(=O)CCCCCO[*],[*]COC(=O)OCCCCCC(=O)NC([*])C,5e-05,-4.301029995663981,1,-4.1208408987740395
28882,CC(CNC(C(C)C)C(C)(C)O*)OC(=O)*,CC(CNC(C(C)C)C(C)(C)O[*])OC(=O)[*],[*]CNC(C(C)C)C(C)(C)OC(=O)OC([*])C,3.03e-05,-4.518557371497695,2,-4.569215191139412
28883,CCCCCC(CNC(C)CO*)OC(=O)*,CCCCCC(CNC(C)CO[*])OC(=O)[*],[*]CNC(C)COC(=O)OC([*])CCCCC,7.86e-05,-4.104577453960592,3,-4.260452964913695
28884,C=CC(C)(O*)C(=O)NCC(C)OC(=O)*,C=CC(C)(O[*])C(=O)NCC(C)OC(=O)[*],[*]OC(=O)OC(C)CNC(=O)C([*])(C)C=C,0.000104,-3.98296666070122,3,-4.33220081021673
28885,CC(CC(C(C=O)OC(=O)*)N(C)C)O*,CC(CC(C(C=O)OC(=O)[*])N(C)C)O[*],[*]CC(C(C=O)OC(=O)OC([*])C)N(C)C,7.95e-05,-4.0996328713435295,2,-4.412503753973478
28886,C#CCNC(=O)C(CCCCN*)NC(=O)*,C#CCNC(=O)C(CCCCN[*])NC(=O)[*],[*]CCCCNC(=O)NC([*])C(=O)NCC#C,4.41e-05,-4.355561410532162,2,-4.245387132072465
28887,N#CCCCNC(CO*)COC(=O)*,N#CCCCNC(CO[*])COC(=O)[*],[*]COC(=O)OCC([*])NCCCC#N,7.9e-05,-4.102372908709558,1,-4.206538651417468
28888,CCC(CC#N)NC(CO*)COC(=O)*,CCC(CC#N)NC(CO[*])COC(=O)[*],[*]COC(=O)OCC([*])NC(CC)CC#N,5.43e-05,-4.265200170411153,2,-4.2081657691801695
28889,C=CC(CCO*)NC(=O)*,C=CC(CCO[*])NC(=O)[*],[*]CCOC(=O)NC([*])C=C,7.96e-05,-4.099086932262331,0,-4.160554078451999
28890,C=CC(C)(O*)C(=O)NCCCCOC(=O)*,C=CC(C)(O[*])C(=O)NCCCCOC(=O)[*],[*]OC(=O)OCCCCNC(=O)C([*])(C)C=C,9.46e-05,-4.024108863598207,3,-4.21124709781982
28891,CC(C)(C#N)CCNC(CO*)COC(=O)*,CC(C)(C#N)CCNC(CO[*])COC(=O)[*],[*]COC(=O)OCC([*])NCCC(C)(C)C#N,7e-05,-4.154901959985743,3,-4.362605177571186
28892,O=C(*)OCC(O*)C(S)CS,O=C([*])OCC(O[*])C(S)CS,[*]OCC(OC([*])=O)C(S)CS,3.57e-05,-4.447331783887806,1,-4.24322607674141
28893,CCCC(CNC(C)CCOC(=O)*)O*,CCCC(CNC(C)CCOC(=O)[*])O[*],[*]CNC(C)CCOC(=O)OC([*])CCC,6.15e-05,-4.211124884224583,3,-4.235619147451255
28894,CC(OC(=O)*)C(CN(C(C)C)C(C)C)O*,CC(OC(=O)[*])C(CN(C(C)C)C(C)C)O[*],[*]OC(=O)OC(CN(C(C)C)C(C)C)C([*])C,2.1e-05,-4.6777807052660805,3,-4.464021741038514
28895,CCN(CCC#N)CC(COC(=O)*)O*,CCN(CCC#N)CC(COC(=O)[*])O[*],[*]COC(=O)OC([*])CN(CC)CCC#N,8.28e-05,-4.08196966321512,2,-3.965597724905006
28896,C=CC(O*)C(=O)NC(C)CC(C)OC(=O)*,C=CC(O[*])C(=O)NC(C)CC(C)OC(=O)[*],[*]OC(=O)OC(C)CC(C)NC(=O)C([*])C=C,4.47e-05,-4.349692476868063,3,-4.394049862491672
28897,C#CCCC(CNC(=O)C(C)OC(=O)*)O*,C#CCCC(CNC(=O)C(C)OC(=O)[*])O[*],[*]CNC(=O)C(C)OC(=O)OC([*])CCC#C,4.17e-05,-4.379863945026242,3,-4.293292121396645
28898,C=CCCNC(CO*)COC(=O)*,C=CCCNC(CO[*])COC(=O)[*],[*]COC(=O)OCC([*])NCCC=C,8.01e-05,-4.096367483915762,0,-4.251694314322794
28899,C=CC(COC(=O)*)NCC(CSC)O*,C=CC(COC(=O)[*])NCC(CSC)O[*],[*]COC(=O)OC(CNC([*])C=C)CSC,8.16e-05,-4.088309841246139,3,-4.094674996177237
28900,C=CCC(CO*)NC(=O)C(C)(C)NC(=O)*,C=CCC(CO[*])NC(=O)C(C)(C)NC(=O)[*],[*]COC(=O)NC(C)(C)C(=O)NC([*])CC=C,6.02e-05,-4.220403508742176,0,-4.276758361413149
28901,CC#CC(=O)NC(CC)(CO*)COC(=O)*,CC#CC(=O)NC(CC)(CO[*])COC(=O)[*],[*]COC(=O)OCC([*])(CC)NC(=O)C#CC,3.62e-05,-4.441291429466834,2,-4.5020166358624225
28902,C=CCCC(=O)NC(C)(CO*)COC(=O)*,C=CCCC(=O)NC(C)(CO[*])COC(=O)[*],[*]COC(=O)OCC([*])(C)NC(=O)CCC=C,5.27e-05,-4.278189384787454,1,-4.341501085647139
28903,CC(C)C(NCCCOC(=O)*)C(C)(C)O*,CC(C)C(NCCCOC(=O)[*])C(C)(C)O[*],[*]NCCCOC(=O)OC(C)(C)C([*])C(C)C,3.05e-05,-4.515700160653214,3,-4.364291039940631
28904,C=CC(O*)C(=O)NCC(C)(C)OC(=O)*,C=CC(O[*])C(=O)NCC(C)(C)OC(=O)[*],[*]OC(=O)OC(C)(C)CNC(=O)C([*])C=C,6.17e-05,-4.209714835966758,0,-4.274300689256346
28905,C=CC(OC(=O)*)C(=O)NC(C)(C)CO*,C=CC(OC(=O)[*])C(=O)NC(C)(C)CO[*],[*]OC(=O)OCC(C)(C)NC(=O)C([*])C=C,7.14e-05,-4.146301788223826,0,-4.406288561064998
28906,CN(CC(O*)C(C)(C)OC(=O)*)C(C)(C)C,CN(CC(O[*])C(C)(C)OC(=O)[*])C(C)(C)C,[*]OC(=O)OC(C)(C)C([*])CN(C)C(C)(C)C,3.99e-05,-4.399027104313252,0,-4.517585166612217
28907,CCC(C#N)C(=O)NC(CO*)COC(=O)*,CCC(C#N)C(=O)NC(CO[*])COC(=O)[*],[*]COC(=O)OCC([*])NC(=O)C(C#N)CC,2.68e-05,-4.571865205971212,2,-4.326284588178664
28908,C=CCCC(=O)NC(CO*)COC(=O)*,C=CCCC(=O)NC(CO[*])COC(=O)[*],[*]COC(=O)OCC([*])NC(=O)CCC=C,9.96e-05,-4.001740661576301,3,-4.215197202566994
28909,C=C(C)CN(CCO*)CCOC(=O)*,C=C(C)CN(CCO[*])CCOC(=O)[*],[*]CCOC(=O)OCCN([*])CC(=C)C,0.000117,-3.9318141382538383,3,-4.198238957021426
28910,CC#CCC(COC(=O)*)NC(=O)C(C)(C)O*,CC#CCC(COC(=O)[*])NC(=O)C(C)(C)O[*],[*]COC(=O)OC(C)(C)C(=O)NC([*])CC#CC,5.66e-05,-4.247183568811729,3,-4.501757175899631
28911,C=CC(O*)C(=O)NCCC(CC)OC(=O)*,C=CC(O[*])C(=O)NCCC(CC)OC(=O)[*],[*]OC(=O)OC(CC)CCNC(=O)C([*])C=C,6.16e-05,-4.210419287835575,1,-4.185012525434542
28912,C=CC(COC(=O)*)NC(=O)CC(C)(C=C)O*,C=CC(COC(=O)[*])NC(=O)CC(C)(C=C)O[*],[*]COC(=O)OC(C)(C=C)CC(=O)NC([*])C=C,4e-05,-4.3979400086720375,1,-4.324038492678042
28913,CC(C#N)C(=O)NC(COC(=O)*)C(C)O*,CC(C#N)C(=O)NC(COC(=O)[*])C(C)O[*],[*]COC(=O)OC(C)C([*])NC(=O)C(C)C#N,4.54e-05,-4.342944147142896,0,-4.377390907296957
28914,CC(CNC(C(C)C)C(C)(C)OC(=O)*)N*,CC(CNC(C(C)C)C(C)(C)OC(=O)[*])N[*],[*]CNC(C(C)C)C(C)(C)OC(=O)NC([*])C,3.01e-05,-4.521433504406157,0,-4.538979170348209
28915,C=CC(C)(CC(=O)NCC#CCOC(=O)*)O*,C=CC(C)(CC(=O)NCC#CCOC(=O)[*])O[*],[*]CC(=O)NCC#CCOC(=O)OC([*])(C)C=C,3.55e-05,-4.449771646944906,3,-4.242591322242672
28916,N#CCCCCNC(CO*)COC(=O)*,N#CCCCCNC(CO[*])COC(=O)[*],[*]COC(=O)OCC([*])NCCCCC#N,5.82e-05,-4.235077015350112,2,-4.1993247076308515
28917,C=CC(OC(=O)*)C(=O)NCC(F)(F)CO*,C=CC(OC(=O)[*])C(=O)NCC(F)(F)CO[*],[*]OC(=O)OCC(F)(F)CNC(=O)C([*])C=C,3.07e-05,-4.512861624522814,1,-4.291395804252385
28918,C=C(C)C(=O)NCC(COC(=O)*)O*,C=C(C)C(=O)NCC(COC(=O)[*])O[*],[*]COC(=O)OC([*])CNC(=O)C(=C)C,4.89e-05,-4.31069114087638,3,-4.297600570452962
28919,C=CCCCNC(CN*)CNC(=O)*,C=CCCCNC(CN[*])CNC(=O)[*],[*]CNC(=O)NCC([*])NCCCC=C,8.72e-05,-4.059483515067432,2,-4.126592001563051
28920,C=CC(CO*)NC(=O)C(=C)COC(=O)*,C=CC(CO[*])NC(=O)C(=C)COC(=O)[*],[*]COC(=O)OCC(=C)C(=O)NC([*])C=C,9.33e-05,-4.0301183562535,1,-4.226756455648976
28921,C=CC(C)(OC(=O)*)C(=O)NCC(C)CO*,C=CC(C)(OC(=O)[*])C(=O)NCC(C)CO[*],[*]OC(=O)OCC(C)CNC(=O)C([*])(C)C=C,5.93e-05,-4.226945306635737,2,-4.323963045049729
28922,C=C(CO*)C(=O)NCC(C)OC(=O)*,C=C(CO[*])C(=O)NCC(C)OC(=O)[*],[*]COC(=O)OC(C)CNC(=O)C([*])=C,7.61e-05,-4.118615343229427,2,-4.195906820519409
28923,C=CC(OC(=O)*)C(=O)NC(C)CCCO*,C=CC(OC(=O)[*])C(=O)NC(C)CCCO[*],[*]OC(=O)OCCCC(C)NC(=O)C([*])C=C,8.48e-05,-4.071604147743286,1,-4.386430957093632
28924,N#CCC(COC(=O)*)O*,N#CCC(COC(=O)[*])O[*],[*]COC(=O)OC([*])CC#N,7.28e-05,-4.137868620686963,2,-4.252848095481071
28925,CCC(CNCC(C)(C)C(C)OC(=O)*)O*,CCC(CNCC(C)(C)C(C)OC(=O)[*])O[*],[*]CNCC(C)(C)C(C)OC(=O)OC([*])CC,2.05e-05,-4.688246138944246,2,-4.512098735609707
28926,C=CC(C)(CC(=O)NC(C)CO*)OC(=O)*,C=CC(C)(CC(=O)NC(C)CO[*])OC(=O)[*],[*]CC(=O)NC(C)COC(=O)OC([*])(C)C=C,6.79e-05,-4.168130225719499,0,-4.202140988289774
28927,C=C(COC(=O)*)C(=O)NOCC(C)(C)O*,C=C(COC(=O)[*])C(=O)NOCC(C)(C)O[*],[*]COC(=O)OC(C)(C)CONC(=O)C([*])=C,5.98e-05,-4.223298816011589,0,-4.181674861387138
28928,C=CC(OC(=O)*)C(=O)NC(CCF)CO*,C=CC(OC(=O)[*])C(=O)NC(CCF)CO[*],[*]OC(=O)OCC(CCF)NC(=O)C([*])C=C,5.56e-05,-4.254925208417943,0,-4.382574052506129
28929,CC(CNCC=CCOC(=O)*)(O*)C(F)F,CC(CNCC=CCOC(=O)[*])(O[*])C(F)F,[*]CNCC=CCOC(=O)OC([*])(C)C(F)F,3.7e-05,-4.431798275933005,3,-4.059223982507315
28930,C=CC(C)(O*)C(=O)N(CC)CCOC(=O)*,C=CC(C)(O[*])C(=O)N(CC)CCOC(=O)[*],[*]OC(=O)OCCN(CC)C(=O)C([*])(C)C=C,6.3e-05,-4.200659450546418,3,-4.383812021094619
28931,CCCC(C)NC(CC)(COC(=O)*)N*,CCCC(C)NC(CC)(COC(=O)[*])N[*],[*]COC(=O)NC([*])(CC)NC(C)CCC,2.59e-05,-4.586700235918748,2,-4.493708767092503
28932,CN(CC#N)CC(C)(CO*)COC(=O)*,CN(CC#N)CC(C)(CO[*])COC(=O)[*],[*]COC(=O)OCC([*])(C)CN(C)CC#N,3.11e-05,-4.507239610973163,1,-4.391663683740458
28933,C=CC(O*)C(=O)NCC(C)(C)COC(=O)*,C=CC(O[*])C(=O)NCC(C)(C)COC(=O)[*],[*]OC(=O)OCC(C)(C)CNC(=O)C([*])C=C,6.3e-05,-4.200659450546418,1,-4.401788884430227
28934,C=CC(OC(=O)*)C(=O)NCC=CCO*,C=CC(OC(=O)[*])C(=O)NCC=CCO[*],[*]OC(=O)OCC=CCNC(=O)C([*])C=C,5.18e-05,-4.285670240254767,1,-4.243258550902576
28935,CC(C#N)N(C)CC(COC(=O)*)O*,CC(C#N)N(C)CC(COC(=O)[*])O[*],[*]COC(=O)OC([*])CN(C)C(C)C#N,5.34e-05,-4.272458742971444,3,-4.153643150060607
28936,C=CCOC(=O)C(C)(CO*)COC(=O)*,C=CCOC(=O)C(C)(CO[*])COC(=O)[*],[*]COC(=O)OCC([*])(C)C(=O)OCC=C,3.12e-05,-4.505845405981558,3,-4.622113821529392
28937,C#CCN(CCOC(=O)*)CC(C)O*,C#CCN(CCOC(=O)[*])CC(C)O[*],[*]CCOC(=O)OC(C)CN([*])CC#C,9.08e-05,-4.041914151478915,0,-4.0411127335507695
28938,CSCC(CNCC(C)(C)O*)OC(=O)*,CSCC(CNCC(C)(C)O[*])OC(=O)[*],[*]CNCC(C)(C)OC(=O)OC([*])CSC,7.36e-05,-4.133122185662502,3,-4.250550996982366
28939,C=CC(O*)C(=O)OCC(C)OC(=O)*,C=CC(O[*])C(=O)OCC(C)OC(=O)[*],[*]OC(=O)OC(C)COC(=O)C([*])C=C,3.25e-05,-4.488116639021126,2,-4.300465366994291
28940,CC(CNCCC#N)(CO*)COC(=O)*,CC(CNCCC#N)(CO[*])COC(=O)[*],[*]COC(=O)OCC([*])(C)CNCCC#N,6.48e-05,-4.188424994129407,1,-4.2247405438665675
28941,C=CCOC(=O)NC(C)(CO*)COC(=O)*,C=CCOC(=O)NC(C)(CO[*])COC(=O)[*],[*]COC(=O)OCC([*])(C)NC(=O)OCC=C,8.17e-05,-4.087777943467585,0,-4.339346452150165
28942,CCON(CC)CC(OC(=O)*)C(C)(C)O*,CCON(CC)CC(OC(=O)[*])C(C)(C)O[*],[*]OC(=O)OC(C)(C)C([*])CN(CC)OCC,6.21e-05,-4.20690839982342,3,-4.568400937683527
28943,CC(CCOC(=O)C(C)(C)COC(=O)*)O*,CC(CCOC(=O)C(C)(C)COC(=O)[*])O[*],[*]CCOC(=O)C(C)(C)COC(=O)OC([*])C,2.79e-05,-4.554395796726403,3,-4.397591385748255
28944,CC#CCN(C)CC(C)(CO*)COC(=O)*,CC#CCN(C)CC(C)(CO[*])COC(=O)[*],[*]COC(=O)OCC([*])(C)CN(C)CC#CC,2.84e-05,-4.546681659952962,0,-4.597596346379477
28945,C=CCC(CNC(=O)C(C)N*)COC(=O)*,C=CCC(CNC(=O)C(C)N[*])COC(=O)[*],[*]CNC(=O)C(C)NC(=O)OCC([*])CC=C,3.66e-05,-4.436518914605589,0,-4.390934257951975
28946,C=C(CO*)C(=O)NC(C)COC(=O)*,C=C(CO[*])C(=O)NC(C)COC(=O)[*],[*]COC(=O)OCC(C)NC(=O)C([*])=C,7.75e-05,-4.110698297493689,3,-4.1826248705310585
28947,C#CCC(CO*)NC(C)C(C)OC(=O)*,C#CCC(CO[*])NC(C)C(C)OC(=O)[*],[*]COC(=O)OC(C)C(C)NC([*])CC#C,1.29e-05,-4.889410289700751,1,-4.273148530015664
28948,C=C(Cl)CNC(CO*)COC(=O)*,C=C(Cl)CNC(CO[*])COC(=O)[*],[*]COC(=O)OCC([*])NCC(=C)Cl,5.99e-05,-4.2225731776106885,1,-4.232137860258628
28949,CCCC(CCNC(=O)C(C)N*)OC(=O)*,CCCC(CCNC(=O)C(C)N[*])OC(=O)[*],[*]CCNC(=O)C(C)NC(=O)OC([*])CCC,4.6e-05,-4.337242168318426,1,-4.4469004190145975
28950,C=CC(O*)C(=O)OCC(C)COC(=O)*,C=CC(O[*])C(=O)OCC(C)COC(=O)[*],[*]OC(=O)OCC(C)COC(=O)C([*])C=C,4.87e-05,-4.3124710387853655,3,-4.3712205994695195
28951,N#CC(CN*)CNC(=O)*,N#CC(CN[*])CNC(=O)[*],[*]CNC(=O)NCC([*])C#N,8e-05,-4.096910013008056,2,-4.19503126169852
28952,CCC(CC#N)NC(=O)CC(CNC(=O)*)O*,CCC(CC#N)NC(=O)CC(CNC(=O)[*])O[*],[*]CNC(=O)OC([*])CC(=O)NC(CC)CC#N,6.43e-05,-4.191789027075778,2,-4.091733914389321
28953,C#CCCN(C)CC(C)(CO*)COC(=O)*,C#CCCN(C)CC(C)(CO[*])COC(=O)[*],[*]COC(=O)OCC([*])(C)CN(C)CCC#C,3.95e-05,-4.403402904373539,1,-4.493464166520004
28954,C=CC(OC(=O)*)C(=O)OCCO*,C=CC(OC(=O)[*])C(=O)OCCO[*],[*]OC(=O)OCCOC(=O)C([*])C=C,6e-05,-4.221848749616356,1,-4.192873406136736
28955,CCN(CC(C)C#N)CC(COC(=O)*)O*,CCN(CC(C)C#N)CC(COC(=O)[*])O[*],[*]COC(=O)OC([*])CN(CC)CC(C)C#N,8.01e-05,-4.096367483915762,1,-4.096446873384132
28956,CC#CCN(CCO*)CC(C)OC(=O)*,CC#CCN(CCO[*])CC(C)OC(=O)[*],[*]CCOC(=O)OC(C)CN([*])CC#CC,3.45e-05,-4.462180904926726,3,-4.1951469543808
28957,C=C(C)CNC(CO*)COC(=O)*,C=C(C)CNC(CO[*])COC(=O)[*],[*]COC(=O)OCC([*])NCC(=C)C,6.75e-05,-4.170696227168975,1,-4.309814767324078
28958,CN(CCC#N)C(=O)CC(CNC(=O)*)O*,CN(CCC#N)C(=O)CC(CNC(=O)[*])O[*],[*]CNC(=O)OC([*])CC(=O)N(C)CCC#N,7.16e-05,-4.145086977692144,2,-4.043188054468683
28959,C=CC(CO*)NC(=O)CCCCOC(=O)*,C=CC(CO[*])NC(=O)CCCCOC(=O)[*],[*]COC(=O)OCCCCC(=O)NC([*])C=C,8.13e-05,-4.089909454405932,2,-4.160310173507357
28960,CCCCC(C)N(CCN*)CCOC(=O)*,CCCCC(C)N(CCN[*])CCOC(=O)[*],[*]CCNC(=O)OCCN([*])C(C)CCCC,6.56e-05,-4.18309616062434,2,-4.1310347693118015
28961,C#CCC(CO*)NCC(C)OC(=O)*,C#CCC(CO[*])NCC(C)OC(=O)[*],[*]COC(=O)OC(C)CNC([*])CC#C,6.18e-05,-4.209011524911184,0,-4.194159717896048
28962,C=C(C)C(COC(=O)*)O*,C=C(C)C(COC(=O)[*])O[*],[*]COC(=O)OC([*])C(=C)C,2.84e-05,-4.546681659952962,0,-4.376154512887379
28963,C=CC(CO*)NC(=O)C(C)(CC)OC(=O)*,C=CC(CO[*])NC(=O)C(C)(CC)OC(=O)[*],[*]COC(=O)OC(C)(CC)C(=O)NC([*])C=C,5.83e-05,-4.2343314452409855,1,-4.325796662128388
28964,C=CC(C)(CNCCOC(=O)*)O*,C=CC(C)(CNCCOC(=O)[*])O[*],[*]CNCCOC(=O)OC([*])(C)C=C,5.51e-05,-4.258848401148215,1,-4.1838562103660895
28965,C=CCNCC(CO*)OC(=O)*,C=CCNCC(CO[*])OC(=O)[*],[*]COC(=O)OC([*])CNCC=C,0.000111,-3.9546770212133424,0,-4.127654285555768
28966,C=C(CO*)C(=O)NCC(C)(CC)OC(=O)*,C=C(CO[*])C(=O)NCC(C)(CC)OC(=O)[*],[*]COC(=O)OC(C)(CC)CNC(=O)C([*])=C,4.75e-05,-4.323306390375134,3,-4.293938848155377
28967,C#CCC(CO*)NC(=O)C(C)(C)OC(=O)*,C#CCC(CO[*])NC(=O)C(C)(C)OC(=O)[*],[*]COC(=O)OC(C)(C)C(=O)NC([*])CC#C,6.35e-05,-4.197226274708024,0,-4.300671558367092
28968,CSCCC(C)NCC(CNC(=O)*)O*,CSCCC(C)NCC(CNC(=O)[*])O[*],[*]CNC(=O)OC([*])CNC(C)CCSC,4.58e-05,-4.33913452199613,0,-4.159239218292341
28969,CC(C)(CC(CNCCF)O*)OC(=O)*,CC(C)(CC(CNCCF)O[*])OC(=O)[*],[*]CC(CNCCF)OC(=O)OC([*])(C)C,4.4e-05,-4.356547323513813,1,-4.3473936899939405
28970,C=CC(O*)C(=O)NCCCC(C)OC(=O)*,C=CC(O[*])C(=O)NCCCC(C)OC(=O)[*],[*]OC(=O)OC(C)CCCNC(=O)C([*])C=C,6.6e-05,-4.180456064458132,2,-4.25691210777215
28971,CC(CN(CCCC#N)CCO*)OC(=O)*,CC(CN(CCCC#N)CCO[*])OC(=O)[*],[*]CN(CCCC#N)CCOC(=O)OC([*])C,0.000112,-3.9507819773298185,2,-3.93537740819294
28972,C#CCCC(CNC(=O)C(C)(C)OC(=O)*)O*,C#CCCC(CNC(=O)C(C)(C)OC(=O)[*])O[*],[*]CNC(=O)C(C)(C)OC(=O)OC([*])CCC#C,7.77e-05,-4.1095789811990855,3,-4.345360854241811
28973,C=CCNC(=O)NC(C)(CO*)COC(=O)*,C=CCNC(=O)NC(C)(CO[*])COC(=O)[*],[*]COC(=O)OCC([*])(C)NC(=O)NCC=C,9.12e-05,-4.040005161671584,2,-4.27732948659464
28974,C=CC(OC(=O)*)C(=O)NC(C)(C)CCO*,C=CC(OC(=O)[*])C(=O)NC(C)(C)CCO[*],[*]OC(=O)OCCC(C)(C)NC(=O)C([*])C=C,6.37e-05,-4.195860567664649,0,-4.437583499899982
28975,C=CCC(CNC(=O)C(C)O*)COC(=O)*,C=CCC(CNC(=O)C(C)O[*])COC(=O)[*],[*]CNC(=O)C(C)OC(=O)OCC([*])CC=C,3.6e-05,-4.443697499232712,0,-4.269694579229483
28976,C=CC(O*)C(=O)NCC(C)OC(=O)*,C=CC(O[*])C(=O)NCC(C)OC(=O)[*],[*]OC(=O)OC(C)CNC(=O)C([*])C=C,0.000122,-3.913640169325252,2,-4.238874610615959
28977,CC(CC#N)NC(=O)CC(CN*)OC(=O)*,CC(CC#N)NC(=O)CC(CN[*])OC(=O)[*],[*]CNC(=O)OC([*])CC(=O)NC(C)CC#N,5e-05,-4.301029995663981,0,-4.123020140014492
28978,C=CCCCNCC(COC(=O)*)O*,C=CCCCNCC(COC(=O)[*])O[*],[*]COC(=O)OC([*])CNCCCC=C,5.93e-05,-4.226945306635737,3,-4.116481659878486
28979,CC(C)(CCON=C(N)CCO*)OC(=O)*,CC(C)(CCON=C(N)CCO[*])OC(=O)[*],[*]CCON=C(N)CCOC(=O)OC([*])(C)C,4.93e-05,-4.30715308072277,1,-4.092958041659996
28980,CCC(CO*)C(=O)NCC#CCOC(=O)*,CCC(CO[*])C(=O)NCC#CCOC(=O)[*],[*]COC(=O)OCC#CCNC(=O)C([*])CC,4.62e-05,-4.335358024443875,3,-4.2842433561394255
28981,C=CC(O*)C(=O)N(CCC)CCOC(=O)*,C=CC(O[*])C(=O)N(CCC)CCOC(=O)[*],[*]OC(=O)OCCN(CCC)C(=O)C([*])C=C,3.73e-05,-4.428291168191312,1,-4.375171088573525
28982,CCCC(O*)C(=O)NC(C)CCNC(=O)*,CCCC(O[*])C(=O)NC(C)CCNC(=O)[*],[*]OC(=O)NCCC(C)NC(=O)C([*])CCC,5.51e-05,-4.258848401148215,2,-4.26749602209479
28983,CSCC(CNCC#CCOC(=O)*)O*,CSCC(CNCC#CCOC(=O)[*])O[*],[*]CNCC#CCOC(=O)OC([*])CSC,7.6e-05,-4.119186407719209,2,-4.175042282613203
28984,CC(C#N)CN(C)C(=O)CC(CN*)OC(=O)*,CC(C#N)CN(C)C(=O)CC(CN[*])OC(=O)[*],[*]CNC(=O)OC([*])CC(=O)N(C)CC(C)C#N,7.61e-05,-4.118615343229427,2,-4.356417841640829
28985,CC(CCCCNC(=O)*)NC(=O)CCN*,CC(CCCCNC(=O)[*])NC(=O)CCN[*],[*]CCCCNC(=O)NCCC(=O)NC([*])C,6.71e-05,-4.173277479831008,0,-4.207462007882884
28986,CCC(COC(=O)*)C(=O)NCCO*,CCC(COC(=O)[*])C(=O)NCCO[*],[*]COC(=O)OCCNC(=O)C([*])CC,4.37e-05,-4.359518563029578,3,-4.216827758315494
28987,CC(CCNCC(O*)C(C)C)COC(=O)*,CC(CCNCC(O[*])C(C)C)COC(=O)[*],[*]CCNCC(OC(=O)OCC([*])C)C(C)C,3.5e-05,-4.455931955649724,2,-4.365215592311878
28988,C=CC(COC(=O)*)NCCC(C)O*,C=CC(COC(=O)[*])NCCC(C)O[*],[*]COC(=O)OC(C)CCNC([*])C=C,7.67e-05,-4.115204636051019,1,-4.104407794589124
28989,C=CC(OC(=O)*)C(=O)N(C)CC(C)(C)O*,C=CC(OC(=O)[*])C(=O)N(C)CC(C)(C)O[*],[*]OC(=O)OC(C)(C)CN(C)C(=O)C([*])C=C,3.08e-05,-4.511449283499556,3,-4.396461288986532
28990,C=CC(O*)C(=O)NC(CC)CCOC(=O)*,C=CC(O[*])C(=O)NC(CC)CCOC(=O)[*],[*]OC(=O)OCCC(CC)NC(=O)C([*])C=C,5.46e-05,-4.262807357295263,2,-4.2335343260718945
28991,CC#CC(=O)N(C)CC(C)(CO*)COC(=O)*,CC#CC(=O)N(C)CC(C)(CO[*])COC(=O)[*],[*]COC(=O)OCC([*])(C)CN(C)C(=O)C#CC,1.91e-05,-4.718966632752273,0,-4.613877654582632
28992,C#CCCOC(=O)C(C)(CO*)COC(=O)*,C#CCCOC(=O)C(C)(CO[*])COC(=O)[*],[*]COC(=O)OCC([*])(C)C(=O)OCCC#C,1.99e-05,-4.701146923590294,1,-4.444935260080942
28993,CC(O*)C(COC(=O)*)NC(=O)C(F)F,CC(O[*])C(COC(=O)[*])NC(=O)C(F)F,[*]OC(=O)OCC(NC(=O)C(F)F)C([*])C,8.37e-05,-4.07727454200674,2,-4.370035488451502
28994,CCCCC(CC)NCC(CNC(=O)*)O*,CCCCC(CC)NCC(CNC(=O)[*])O[*],[*]CNC(=O)OC([*])CNC(CC)CCCC,3.73e-05,-4.428291168191312,3,-4.309344875513627
28995,C=CC(COC(=O)*)NCC(CC)O*,C=CC(COC(=O)[*])NCC(CC)O[*],[*]COC(=O)OC(CC)CNC([*])C=C,7.26e-05,-4.139063379299906,1,-4.165352232626587
28996,C=CC(CNCCO*)OC(=O)*,C=CC(CNCCO[*])OC(=O)[*],[*]CNCCOC(=O)OC([*])C=C,7.43e-05,-4.129011186239425,3,-3.8955509324208983
28997,CC(COCC#CCOC(=O)*)O*,CC(COCC#CCOC(=O)[*])O[*],[*]COCC#CCOC(=O)OC([*])C,9.25e-05,-4.033858267260968,2,-4.3587827213046415
28998,CC(C)C#CC(=O)NC(CO*)COC(=O)*,CC(C)C#CC(=O)NC(CO[*])COC(=O)[*],[*]COC(=O)OCC([*])NC(=O)C#CC(C)C,4.24e-05,-4.372634143407267,3,-4.378529714039409
28999,CC(CCNC(=O)CC(C)(C)N*)NC(=O)*,CC(CCNC(=O)CC(C)(C)N[*])NC(=O)[*],[*]CCNC(=O)CC(C)(C)NC(=O)NC([*])C,2.33e-05,-4.632644078973981,3,-4.24860781286018
29000,C=C(CO*)C(=O)NCCC(CC)OC(=O)*,C=C(CO[*])C(=O)NCCC(CC)OC(=O)[*],[*]COC(=O)OC(CC)CCNC(=O)C([*])=C,6.78e-05,-4.168770306132937,0,-4.132839342250191
29001,C=CC(OC(=O)*)C(=O)NCC(CC)O*,C=CC(OC(=O)[*])C(=O)NCC(CC)O[*],[*]OC(=O)OC(CC)CNC(=O)C([*])C=C,4.61e-05,-4.336299074610352,0,-4.374886446558445
29002,C=CC(C)(O*)C(=O)NCC#CCOC(=O)*,C=CC(C)(O[*])C(=O)NCC#CCOC(=O)[*],[*]OC(=O)OCC#CCNC(=O)C([*])(C)C=C,8.12e-05,-4.090443970758825,1,-4.33055896470848
29003,C#CCCCC(=O)NC(C)(CO*)COC(=O)*,C#CCCCC(=O)NC(C)(CO[*])COC(=O)[*],[*]COC(=O)OCC([*])(C)NC(=O)CCCC#C,3.28e-05,-4.484126156288321,2,-4.358938663395489
29004,CCCC(CNCCC(C)COC(=O)*)O*,CCCC(CNCCC(C)COC(=O)[*])O[*],[*]CNCCC(C)COC(=O)OC([*])CCC,3.11e-05,-4.507239610973163,2,-4.125137845458564
29005,C=CC(CNC(=O)*)O*,C=CC(CNC(=O)[*])O[*],[*]CNC(=O)OC([*])C=C,6.35e-05,-4.197226274708024,2,-4.245824458774205
29006,CC#CCOCC(CO*)OC(=O)*,CC#CCOCC(CO[*])OC(=O)[*],[*]COC(=O)OC([*])COCC#CC,0.000116,-3.9355420107730814,2,-4.432323017208879
29007,C=CCN(C)CC(COC(=O)*)O*,C=CCN(C)CC(COC(=O)[*])O[*],[*]COC(=O)OC([*])CN(C)CC=C,0.000124,-3.906578314837765,0,-4.052633150106775
29008,C=C(Cl)CNC(=O)CC(CN*)OC(=O)*,C=C(Cl)CNC(=O)CC(CN[*])OC(=O)[*],[*]CNC(=O)OC([*])CC(=O)NCC(=C)Cl,4.93e-05,-4.30715308072277,0,-4.245720329498828
29009,CC(C)=CC(=O)NC(COC(=O)*)C(C)O*,CC(C)=CC(=O)NC(COC(=O)[*])C(C)O[*],[*]COC(=O)OC(C)C([*])NC(=O)C=C(C)C,4.89e-05,-4.31069114087638,2,-4.395193542175074
29010,CC(C)(CCC(=O)NCC#CCO*)OC(=O)*,CC(C)(CCC(=O)NCC#CCO[*])OC(=O)[*],[*]CCC(=O)NCC#CCOC(=O)OC([*])(C)C,3.71e-05,-4.430626090384954,3,-4.328582216947151
29011,CCCCCC(OC(=O)*)C(=O)NCCN*,CCCCCC(OC(=O)[*])C(=O)NCCN[*],[*]OC(=O)NCCNC(=O)C([*])CCCCC,5.73e-05,-4.24184537803261,0,-4.2228231469119
29012,CC(CN(CC(F)F)C(=O)COC(=O)*)O*,CC(CN(CC(F)F)C(=O)COC(=O)[*])O[*],[*]CN(CC(F)F)C(=O)COC(=O)OC([*])C,5.79e-05,-4.237321436272564,1,-4.244842949621089
29013,C=CC(C)(OC(=O)*)C(=O)NC(C)CCO*,C=CC(C)(OC(=O)[*])C(=O)NC(C)CCO[*],[*]OC(=O)OCCC(C)NC(=O)C([*])(C)C=C,5.02e-05,-4.29929628285498,2,-4.277350126474917
29014,C=CCCC(CO*)NC(=O)C(C=C)OC(=O)*,C=CCCC(CO[*])NC(=O)C(C=C)OC(=O)[*],[*]COC(=O)OC(C=C)C(=O)NC([*])CCC=C,8.21e-05,-4.085656842880559,1,-4.256028517458478
29015,O=C(*)NCC(F)(F)CNC(=O)CCCN*,O=C([*])NCC(F)(F)CNC(=O)CCCN[*],[*]CCCNC(=O)NCC(F)(F)CNC([*])=O,5.57e-05,-4.254144804826272,3,-4.218118187856253
29016,CC(C#N)C(=O)NC(C)(CO*)COC(=O)*,CC(C#N)C(=O)NC(C)(CO[*])COC(=O)[*],[*]COC(=O)OCC([*])(C)NC(=O)C(C)C#N,3.87e-05,-4.412289034981089,0,-4.396523299241991
29017,C=CC(C)(CC(=O)NCCCO*)OC(=O)*,C=CC(C)(CC(=O)NCCCO[*])OC(=O)[*],[*]CC(=O)NCCCOC(=O)OC([*])(C)C=C,7.82e-05,-4.106793246940152,0,-4.099539062234818
29018,C=CC(OC(=O)*)C(=O)OCCCO*,C=CC(OC(=O)[*])C(=O)OCCCO[*],[*]OC(=O)OCCCOC(=O)C([*])C=C,5.27e-05,-4.278189384787454,3,-4.192375646326022
29019,C=CCOC(=O)NC(CO*)C(C)OC(=O)*,C=CCOC(=O)NC(CO[*])C(C)OC(=O)[*],[*]COC(=O)OC(C)C([*])NC(=O)OCC=C,2.09e-05,-4.679853713888946,1,-4.371879711811293
29020,CCCC(CCNC(=O)CCNC(=O)*)O*,CCCC(CCNC(=O)CCNC(=O)[*])O[*],[*]CCNC(=O)CCNC(=O)OC([*])CCC,6.64e-05,-4.177831920631983,1,-4.333259062009143
29021,CCOCC(C)(C)NCC(COC(=O)*)O*,CCOCC(C)(C)NCC(COC(=O)[*])O[*],[*]COC(=O)OC([*])CNC(C)(C)COCC,6.66e-05,-4.176525770829699,1,-4.334229597871609
29022,CCC(C)C(CNC(C)C(C)OC(=O)*)O*,CCC(C)C(CNC(C)C(C)OC(=O)[*])O[*],[*]CNC(C)C(C)OC(=O)OC([*])C(C)CC,3.58e-05,-4.446116973356125,2,-4.430239452348055
29023,C=C(COC(=O)*)C(=O)NC(C)CCO*,C=C(COC(=O)[*])C(=O)NC(C)CCO[*],[*]COC(=O)OCCC(C)NC(=O)C([*])=C,5.81e-05,-4.235823867609669,1,-4.2630245949741195
29024,CCCC(C)(CO*)NC(=O)CCNC(=O)*,CCCC(C)(CO[*])NC(=O)CCNC(=O)[*],[*]COC(=O)NCCC(=O)NC([*])(C)CCC,5.57e-05,-4.254144804826272,0,-4.440919305409731
29025,C=CCN(C)C(=O)CC(CN*)OC(=O)*,C=CCN(C)C(=O)CC(CN[*])OC(=O)[*],[*]CNC(=O)OC([*])CC(=O)N(C)CC=C,5.81e-05,-4.235823867609669,1,-4.269211594684407
29026,C#CCCN(CCOC(=O)*)CC(C)O*,C#CCCN(CCOC(=O)[*])CC(C)O[*],[*]CCOC(=O)OC(C)CN([*])CCC#C,4.26e-05,-4.370590400897281,0,-4.118209237096575
29027,CCC(CC)C(=O)NCC(CNC(=O)*)O*,CCC(CC)C(=O)NCC(CNC(=O)[*])O[*],[*]CNC(=O)OC([*])CNC(=O)C(CC)CC,5.08e-05,-4.294136287716081,0,-4.270129853966925
29028,N#CCCCC(=O)NC(CO*)COC(=O)*,N#CCCCC(=O)NC(CO[*])COC(=O)[*],[*]COC(=O)OCC([*])NC(=O)CCCC#N,9e-05,-4.045757490560675,1,-4.261004091387864
29029,C=CC(OC(=O)*)C(=O)NC(C)CO*,C=CC(OC(=O)[*])C(=O)NC(C)CO[*],[*]OC(=O)OCC(C)NC(=O)C([*])C=C,5.45e-05,-4.263603497723357,0,-4.279071500399364
29030,CCCN(CC)CC(OC(=O)*)C(C)(C)O*,CCCN(CC)CC(OC(=O)[*])C(C)(C)O[*],[*]OC(=O)OC(C)(C)C([*])CN(CC)CCC,4.11e-05,-4.386158178123931,0,-4.4063015937259005
29031,C#CCCCC(=O)NC(CO*)COC(=O)*,C#CCCCC(=O)NC(CO[*])COC(=O)[*],[*]COC(=O)OCC([*])NC(=O)CCCC#C,5.55e-05,-4.255707016877324,3,-4.241773819429477
29032,C=CC(CO*)NC(=O)C(CCC)OC(=O)*,C=CC(CO[*])NC(=O)C(CCC)OC(=O)[*],[*]COC(=O)OC(CCC)C(=O)NC([*])C=C,5.02e-05,-4.29929628285498,0,-4.138625293689459
29033,CCCC(CC)NC(=O)C(COC(=O)*)N*,CCCC(CC)NC(=O)C(COC(=O)[*])N[*],[*]COC(=O)NC([*])C(=O)NC(CC)CCC,2.05e-05,-4.688246138944246,0,-4.433630547107113
29034,C=C(COC(=O)*)C(=O)NCC(C)(C)O*,C=C(COC(=O)[*])C(=O)NCC(C)(C)O[*],[*]COC(=O)OC(C)(C)CNC(=O)C([*])=C,4.99e-05,-4.30189945437661,2,-4.320619460928697
29035,CC(C)C(COC(=O)C(C)(C)OC(=O)*)O*,CC(C)C(COC(=O)C(C)(C)OC(=O)[*])O[*],[*]COC(=O)C(C)(C)OC(=O)OC([*])C(C)C,1.77e-05,-4.752026733638194,1,-4.412248489025522
29036,CC(OC(=O)*)C(C)(C)CNCC(C)(C)N*,CC(OC(=O)[*])C(C)(C)CNCC(C)(C)N[*],[*]OC(=O)NC(C)(C)CNCC(C)(C)C([*])C,4.92e-05,-4.308034897232639,3,-4.34425134157628
29037,CC(OC(=O)*)C(C)S(=O)(=O)CCCO*,CC(OC(=O)[*])C(C)S(=O)(=O)CCCO[*],[*]OC(=O)OCCCS(=O)(=O)C(C)C([*])C,5.44e-05,-4.2644011003018205,0,-4.290103527022392
29038,CC(CCO*)NCC(F)(F)COC(=O)*,CC(CCO[*])NCC(F)(F)COC(=O)[*],[*]CCOC(=O)OCC(F)(F)CNC([*])C,0.000106,-3.9746941347352296,1,-4.164913283606449
29039,C#CCC(N*)C(=O)NCCCCNC(=O)*,C#CCC(N[*])C(=O)NCCCCNC(=O)[*],[*]NC(=O)NCCCCNC(=O)C([*])CC#C,4.41e-05,-4.355561410532162,0,-4.317087876580987
29040,C#CCC(NC(=O)*)C(=O)NCCCCCO*,C#CCC(NC(=O)[*])C(=O)NCCCCCO[*],[*]NC(=O)OCCCCCNC(=O)C([*])CC#C,4.73e-05,-4.325138859262188,3,-4.249443452497059
29041,C=CC(CO*)NC(=O)C(C)OC(=O)*,C=CC(CO[*])NC(=O)C(C)OC(=O)[*],[*]COC(=O)OC(C)C(=O)NC([*])C=C,6.8e-05,-4.167491087293763,0,-4.205673937644821
29042,CC#CCN(CCCO*)CCOC(=O)*,CC#CCN(CCCO[*])CCOC(=O)[*],[*]CCCOC(=O)OCCN([*])CC#CC,7.74e-05,-4.111259039317107,0,-4.140054645588643
29043,CCC(C#N)NCC(COC(=O)*)O*,CCC(C#N)NCC(COC(=O)[*])O[*],[*]COC(=O)OC([*])CNC(C#N)CC,3.65e-05,-4.437707135543525,1,-4.14360013774172
29044,CC(CC#N)N(C)C(=O)CC(CNC(=O)*)O*,CC(CC#N)N(C)C(=O)CC(CNC(=O)[*])O[*],[*]CNC(=O)OC([*])CC(=O)N(C)C(C)CC#N,5.56e-05,-4.254925208417943,1,-4.366399809676037
29045,CCC(CC#N)NCC(CO*)OC(=O)*,CCC(CC#N)NCC(CO[*])OC(=O)[*],[*]COC(=O)OC([*])CNC(CC)CC#N,7.04e-05,-4.152427340857888,1,-4.1237834884135385
29046,CN(CCCF)CC(O*)C(C)(C)OC(=O)*,CN(CCCF)CC(O[*])C(C)(C)OC(=O)[*],[*]OC(=O)OC(C)(C)C([*])CN(C)CCCF,4.22e-05,-4.374687549038326,2,-4.3769811095392
29047,CC(C)C#CC(=O)N(C)CC(COC(=O)*)O*,CC(C)C#CC(=O)N(C)CC(COC(=O)[*])O[*],[*]COC(=O)OC([*])CN(C)C(=O)C#CC(C)C,5.2e-05,-4.2839966563652006,0,-4.41649738678951
29048,C=CCCC(=O)NCC(CN*)OC(=O)*,C=CCCC(=O)NCC(CN[*])OC(=O)[*],[*]CNC(=O)OC([*])CNC(=O)CCC=C,6.81e-05,-4.166852888087215,2,-4.170703808605945
29049,C=CCOCC(CN*)OC(=O)*,C=CCOCC(CN[*])OC(=O)[*],[*]CNC(=O)OC([*])COCC=C,3.43e-05,-4.464705879957229,0,-4.24077259992702
29050,CC(CN(CC#N)C(C)COC(=O)*)O*,CC(CN(CC#N)C(C)COC(=O)[*])O[*],[*]CN(CC#N)C(C)COC(=O)OC([*])C,7.32e-05,-4.135488918941608,1,-4.202445013769827
29051,O=C(CO*)NCCCCCCOC(=O)*,O=C(CO[*])NCCCCCCOC(=O)[*],[*]COC(=O)OCCCCCCNC([*])=O,0.000125,-3.903089986991944,2,-3.9834201150346087
29052,C=CCCCC(=O)NC(CO*)COC(=O)*,C=CCCCC(=O)NC(CO[*])COC(=O)[*],[*]COC(=O)OCC([*])NC(=O)CCCC=C,4.47e-05,-4.349692476868063,2,-4.234118098935222
29053,COCC(C)(C)CNC(CO*)COC(=O)*,COCC(C)(C)CNC(CO[*])COC(=O)[*],[*]COC(=O)OCC([*])NCC(C)(C)COC,3.45e-05,-4.462180904926726,2,-4.282632653643807
29054,C=C(CO*)C(=O)NC(CC)COC(=O)*,C=C(CO[*])C(=O)NC(CC)COC(=O)[*],[*]COC(=O)OCC(CC)NC(=O)C([*])=C,0.000104,-3.98296666070122,3,-4.141118801427843
29055,CCCC(CO*)NCC(OC(=O)*)C(C)C,CCCC(CO[*])NCC(OC(=O)[*])C(C)C,[*]COC(=O)OC(CNC([*])CCC)C(C)C,2.76e-05,-4.559090917934783,2,-4.469686098488527
29056,CCCC(C)(C)NC(=O)C(COC(=O)*)N*,CCCC(C)(C)NC(=O)C(COC(=O)[*])N[*],[*]COC(=O)NC([*])C(=O)NC(C)(C)CCC,2.82e-05,-4.549750891680639,0,-4.508045036381081
29057,CC(CNC(CO*)C(F)(F)F)OC(=O)*,CC(CNC(CO[*])C(F)(F)F)OC(=O)[*],[*]CNC(COC(=O)OC([*])C)C(F)(F)F,6.77e-05,-4.169411331314856,3,-4.354764329607584
29058,CC(CN(CCC#N)C(C)COC(=O)*)O*,CC(CN(CCC#N)C(C)COC(=O)[*])O[*],[*]CN(CCC#N)C(C)COC(=O)OC([*])C,9.31e-05,-4.031050319018657,0,-3.972484345383543
29059,C=CCN(CCNC(=O)*)CCO*,C=CCN(CCNC(=O)[*])CCO[*],[*]CCNC(=O)OCCN([*])CC=C,0.000139,-3.856985199745905,0,-3.8890868160564995
29060,C=CC(CO*)NCC(C)COC(=O)*,C=CC(CO[*])NCC(C)COC(=O)[*],[*]COC(=O)OCC(C)CNC([*])C=C,6.18e-05,-4.209011524911184,2,-4.283221108498854
29061,O=C(*)NC(CCS)CO*,O=C([*])NC(CCS)CO[*],[*]NC(CCS)COC([*])=O,6.2e-05,-4.207608310501746,3,-4.377951370950785
29062,CC(C)(C)C(COC(=O)*)NC(=O)CO*,CC(C)(C)C(COC(=O)[*])NC(=O)CO[*],[*]COC(=O)OCC(=O)NC([*])C(C)(C)C,4.94e-05,-4.306273051076353,1,-4.502241811839602
29063,C#CCCN(CCCOC(=O)*)CCO*,C#CCCN(CCCOC(=O)[*])CCO[*],[*]CCCOC(=O)OCCN([*])CCC#C,0.000127,-3.896196279044043,3,-3.9577998886375716
29064,C=CC(CO*)NCC(COCC)OC(=O)*,C=CC(CO[*])NCC(COCC)OC(=O)[*],[*]COC(=O)OC(CNC([*])C=C)COCC,0.000131,-3.882728704344236,2,-4.202367587219681
29065,C=CC(O*)C(=O)NCCC(C)(C)OC(=O)*,C=CC(O[*])C(=O)NCCC(C)(C)OC(=O)[*],[*]OC(=O)OC(C)(C)CCNC(=O)C([*])C=C,7.16e-05,-4.145086977692144,1,-4.297564080967685
29066,C=CC(O*)C(=O)N(C)C(C)COC(=O)*,C=CC(O[*])C(=O)N(C)C(C)COC(=O)[*],[*]OC(=O)OCC(C)N(C)C(=O)C([*])C=C,4.7e-05,-4.327902142064283,0,-4.428157761301457
29067,CCC(CNCC#CCO*)OC(=O)*,CCC(CNCC#CCO[*])OC(=O)[*],[*]CNCC#CCOC(=O)OC([*])CC,7.11e-05,-4.148130399270234,0,-4.156105358550317
29068,C=C(CO*)C(=O)N(C)CC(C)OC(=O)*,C=C(CO[*])C(=O)N(C)CC(C)OC(=O)[*],[*]COC(=O)OC(C)CN(C)C(=O)C([*])=C,4.57e-05,-4.34008379993015,3,-4.316858377505842
29069,C=CC(C)NC(=O)CC(CN*)OC(=O)*,C=CC(C)NC(=O)CC(CN[*])OC(=O)[*],[*]CNC(=O)OC([*])CC(=O)NC(C)C=C,4.05e-05,-4.392544976785332,3,-4.390043361835573
29070,N#CCCCNCC(COC(=O)*)O*,N#CCCCNCC(COC(=O)[*])O[*],[*]COC(=O)OC([*])CNCCCC#N,7.59e-05,-4.11975822410452,2,-4.144689893606636
29071,CCCCCC(CNCCCOC(=O)*)O*,CCCCCC(CNCCCOC(=O)[*])O[*],[*]CNCCCOC(=O)OC([*])CCCCC,9.32e-05,-4.030584087646019,1,-4.118280765954371
29072,C=CC(O*)C(=O)NCCCCOC(=O)*,C=CC(O[*])C(=O)NCCCCOC(=O)[*],[*]OC(=O)OCCCCNC(=O)C([*])C=C,6.91e-05,-4.1605219526258015,1,-4.196109414954258
29073,C=CC(O*)C(=O)NC(CC)COC(=O)*,C=CC(O[*])C(=O)NC(CC)COC(=O)[*],[*]OC(=O)OCC(CC)NC(=O)C([*])C=C,9.53e-05,-4.020907099361674,3,-4.2042860725299604
29074,C#CCCCCC(=O)NC(CO*)COC(=O)*,C#CCCCCC(=O)NC(CO[*])COC(=O)[*],[*]COC(=O)OCC([*])NC(=O)CCCCC#C,5.53e-05,-4.257274868695302,1,-4.204965734184062
29075,C=CC(C)(CC(=O)NCC(C)OC(=O)*)O*,C=CC(C)(CC(=O)NCC(C)OC(=O)[*])O[*],[*]CC(=O)NCC(C)OC(=O)OC([*])(C)C=C,7.23e-05,-4.140861702705469,0,-4.268858919580843
29076,CC(C)OCC(COC(=O)*)N(C)CCO*,CC(C)OCC(COC(=O)[*])N(C)CCO[*],[*]COC(=O)OCCN(C)C([*])COC(C)C,8.95e-05,-4.048176964684088,1,-4.19856817695269
29077,CC(N*)C(C)NCC(CC(F)F)NC(=O)*,CC(N[*])C(C)NCC(CC(F)F)NC(=O)[*],[*]NCC(CC(F)F)NC(=O)NC(C)C([*])C,7.32e-05,-4.135488918941608,1,-4.258708572489164
29078,C=CCNC(=O)NC(CO*)C(C)OC(=O)*,C=CCNC(=O)NC(CO[*])C(C)OC(=O)[*],[*]COC(=O)OC(C)C([*])NC(=O)NCC=C,9.36e-05,-4.028724151261895,2,-4.411799267045427
29079,C=C(COC(=O)*)C(=O)NC(C)(C)CO*,C=C(COC(=O)[*])C(=O)NC(C)(C)CO[*],[*]COC(=O)OCC(C)(C)NC(=O)C([*])=C,9.29e-05,-4.031984286006359,3,-4.351755448192313
29080,C=CC(O*)C(=O)NC(CC=CC)COC(=O)*,C=CC(O[*])C(=O)NC(CC=CC)COC(=O)[*],[*]OC(=O)OCC(CC=CC)NC(=O)C([*])C=C,8.09e-05,-4.092051478387727,1,-4.380710967893202
29081,C=CC(C)(OC(=O)*)C(=O)NC(C)CO*,C=CC(C)(OC(=O)[*])C(=O)NC(C)CO[*],[*]OC(=O)OCC(C)NC(=O)C([*])(C)C=C,5.38e-05,-4.269217724333611,0,-4.27805498413098
29082,CC#CC(=O)NCC(C)(CO*)COC(=O)*,CC#CC(=O)NCC(C)(CO[*])COC(=O)[*],[*]COC(=O)OCC([*])(C)CNC(=O)C#CC,3e-05,-4.522878745280337,3,-4.472646333246243
29083,C=CC(CO*)NC(=O)C(CC)COC(=O)*,C=CC(CO[*])NC(=O)C(CC)COC(=O)[*],[*]COC(=O)OCC(CC)C(=O)NC([*])C=C,3.89e-05,-4.410050398674293,3,-4.199058182179049
29084,CCC(C(=O)NC(C)CO*)C(C)OC(=O)*,CCC(C(=O)NC(C)CO[*])C(C)OC(=O)[*],[*]C(=O)NC(C)COC(=O)OC(C)C([*])CC,7.06e-05,-4.151195298948196,3,-4.433268610389821
29085,C=CCCNC(CN*)CNC(=O)*,C=CCCNC(CN[*])CNC(=O)[*],[*]CNC(=O)NCC([*])NCCC=C,7.64e-05,-4.11690664142431,0,-4.113311481805075
29086,CC(N(C)C(=O)COC(=O)*)C(C)(C)O*,CC(N(C)C(=O)COC(=O)[*])C(C)(C)O[*],[*]C(C)C(C)(C)OC(=O)OCC(=O)N([*])C,3.52e-05,-4.453457336521869,3,-4.433627249358526
29087,CCCC(CCNC(C)C(C)O*)OC(=O)*,CCCC(CCNC(C)C(C)O[*])OC(=O)[*],[*]CCNC(C)C(C)OC(=O)OC([*])CCC,6.04e-05,-4.218963061378868,3,-4.327828164763757
29088,CC(C)NC(=O)NC(CO*)C(C)OC(=O)*,CC(C)NC(=O)NC(CO[*])C(C)OC(=O)[*],[*]COC(=O)OC(C)C([*])NC(=O)NC(C)C,3.35e-05,-4.474955192963154,1,-4.436243062981239
29089,CC(CCNC(=O)CCCN*)NC(=O)*,CC(CCNC(=O)CCCN[*])NC(=O)[*],[*]CCNC(=O)CCCNC(=O)NC([*])C,8.93e-05,-4.049148541111453,0,-4.085146698055015
29090,CC(CO*)(COC(=O)*)CSCC(=O)O,CC(CO[*])(COC(=O)[*])CSCC(=O)O,[*]COC(=O)OCC([*])(C)CSCC(=O)O,2.74e-05,-4.562249437179612,2,-4.383091477139797
29091,CN(CCCN*)C(=O)CC(C)(C)NC(=O)*,CN(CCCN[*])C(=O)CC(C)(C)NC(=O)[*],[*]CCCNC(=O)NC(C)(C)CC(=O)N([*])C,3.23e-05,-4.490797477668897,0,-4.347634176146157
29092,C=CC(C)(OC(=O)*)C(=O)NCCCO*,C=CC(C)(OC(=O)[*])C(=O)NCCCO[*],[*]OC(=O)OCCCNC(=O)C([*])(C)C=C,6.64e-05,-4.177831920631983,3,-4.2050223481639115
29093,C#CCC(CO*)NC(=O)C(C)(C)COC(=O)*,C#CCC(CO[*])NC(=O)C(C)(C)COC(=O)[*],[*]COC(=O)OCC(C)(C)C(=O)NC([*])CC#C,6.4e-05,-4.1938200260161125,3,-4.353095988098959
29094,C#CCN(CCCOC(=O)*)CCO*,C#CCN(CCCOC(=O)[*])CCO[*],[*]CCCOC(=O)OCCN([*])CC#C,0.000121,-3.9172146296835497,2,-3.8978396030652025
29095,CCN(CC(O*)C(C)OC(=O)*)C(C)(C)C,CCN(CC(O[*])C(C)OC(=O)[*])C(C)(C)C,[*]OC(=O)OC(C)C([*])CN(CC)C(C)(C)C,2.09e-05,-4.679853713888946,2,-4.629078893210749
29096,C=CC(O*)C(=O)NOCC(C)(C)OC(=O)*,C=CC(O[*])C(=O)NOCC(C)(C)OC(=O)[*],[*]OC(=O)OC(C)(C)CONC(=O)C([*])C=C,0.000102,-3.9913998282380825,0,-4.172539477840776
29097,C=CC(OC(=O)*)C(=O)OCCCCO*,C=CC(OC(=O)[*])C(=O)OCCCCO[*],[*]OC(=O)OCCCCOC(=O)C([*])C=C,3.64e-05,-4.438898616350944,0,-4.236339013741767
29098,C=CC(OC(=O)*)C(=O)NCCC(C)O*,C=CC(OC(=O)[*])C(=O)NCCC(C)O[*],[*]OC(=O)OC(C)CCNC(=O)C([*])C=C,5.06e-05,-4.295849483160201,1,-4.278401929148299
29099,CC(C)C(=O)NCC(C)(CO*)COC(=O)*,CC(C)C(=O)NCC(C)(CO[*])COC(=O)[*],[*]COC(=O)OCC([*])(C)CNC(=O)C(C)C,3.28e-05,-4.484126156288321,0,-4.453216178661992
29100,C=CCC(CNC(=O)C(C=C)O*)COC(=O)*,C=CCC(CNC(=O)C(C=C)O[*])COC(=O)[*],[*]CNC(=O)C(C=C)OC(=O)OCC([*])CC=C,5.7e-05,-4.2441251443275085,2,-4.266894460996921
29101,CC(OC(=O)*)C(=O)NCCC(C)(C)CO*,CC(OC(=O)[*])C(=O)NCCC(C)(C)CO[*],[*]OC(=O)OCC(C)(C)CCNC(=O)C([*])C,2.24e-05,-4.649751981665837,1,-4.334386042123585
29102,C=CC(CO*)NCCCCOC(=O)*,C=CC(CO[*])NCCCCOC(=O)[*],[*]COC(=O)OCCCCNC([*])C=C,0.000143,-3.844663962534938,2,-4.090567749396873
29103,C=CC(O*)C(=O)NC(COC(=O)*)C(C)C,C=CC(O[*])C(=O)NC(COC(=O)[*])C(C)C,[*]OC(=O)OCC(NC(=O)C([*])C=C)C(C)C,4.76e-05,-4.3223930472795065,1,-4.426325680398713
29104,CCC(CC)NC(CC)(COC(=O)*)N*,CCC(CC)NC(CC)(COC(=O)[*])N[*],[*]COC(=O)NC([*])(CC)NC(CC)CC,3.54e-05,-4.450996737974212,0,-4.586854226217596
29105,C=CC(COC(=O)*)NC(=O)CC(C)(C)O*,C=CC(COC(=O)[*])NC(=O)CC(C)(C)O[*],[*]COC(=O)OC(C)(C)CC(=O)NC([*])C=C,4.78e-05,-4.320572103387881,0,-4.217939613455284
29106,CC(CC(=O)NC(C)C(C)(C)O*)NC(=O)*,CC(CC(=O)NC(C)C(C)(C)O[*])NC(=O)[*],[*]CC(=O)NC(C)C(C)(C)OC(=O)NC([*])C,3.37e-05,-4.4723700991286615,2,-4.382334316075126
29107,CCCC(CC(=O)NCC#CCOC(=O)*)O*,CCCC(CC(=O)NCC#CCOC(=O)[*])O[*],[*]CC(=O)NCC#CCOC(=O)OC([*])CCC,5.53e-05,-4.257274868695302,1,-4.3027483901864985
29108,C#CCC(COC(=O)*)NCC(CC)O*,C#CCC(COC(=O)[*])NCC(CC)O[*],[*]COC(=O)OC(CC)CNC([*])CC#C,9.04e-05,-4.043831569524636,3,-4.211963088222548
29109,C#CCCCNC(CO*)COC(=O)*,C#CCCCNC(CO[*])COC(=O)[*],[*]COC(=O)OCC([*])NCCCC#C,5.39e-05,-4.268411234813262,1,-4.204582368154116
29110,C=CC(C)(O*)C(=O)NCCC(C)OC(=O)*,C=CC(C)(O[*])C(=O)NCCC(C)OC(=O)[*],[*]OC(=O)OC(C)CCNC(=O)C([*])(C)C=C,5.44e-05,-4.2644011003018205,3,-4.291480779631699
29111,C#CCCCN(CCO*)CCOC(=O)*,C#CCCCN(CCO[*])CCOC(=O)[*],[*]CCOC(=O)OCCN([*])CCCC#C,0.000101,-3.995678626217357,0,-4.134888095181668
29112,CCC(N*)C(=O)NC(C)CCCNC(=O)*,CCC(N[*])C(=O)NC(C)CCCNC(=O)[*],[*]NC(=O)NCCCC(C)NC(=O)C([*])CC,6.62e-05,-4.1791420105603,3,-4.473912847223423
29113,C=CC(O*)C(=O)NCC(C)(CC)OC(=O)*,C=CC(O[*])C(=O)NCC(C)(CC)OC(=O)[*],[*]OC(=O)OC(C)(CC)CNC(=O)C([*])C=C,6.49e-05,-4.187755303199631,1,-4.39001391399308
29114,CC(CNC(=O)CC(C)(C)NC(=O)*)N*,CC(CNC(=O)CC(C)(C)NC(=O)[*])N[*],[*]CNC(=O)CC(C)(C)NC(=O)NC([*])C,5.18e-05,-4.285670240254767,3,-4.406269230456576
29115,C#CC(CO*)NCC(CNC(=O)*)C(C)C,C#CC(CO[*])NCC(CNC(=O)[*])C(C)C,[*]COC(=O)NCC(CNC([*])C#C)C(C)C,2.84e-05,-4.546681659952962,3,-4.323624356662035
29116,CC(C)(CCS(=O)(=O)CCO*)OC(=O)*,CC(C)(CCS(=O)(=O)CCO[*])OC(=O)[*],[*]CCS(=O)(=O)CCOC(=O)OC([*])(C)C,6.44e-05,-4.191114132640188,3,-4.438146418617063
29117,CC(CCNC(=O)C(C)(C)COC(=O)*)O*,CC(CCNC(=O)C(C)(C)COC(=O)[*])O[*],[*]CCNC(=O)C(C)(C)COC(=O)OC([*])C,3.76e-05,-4.424812155072339,1,-4.331779299022582
29118,O=C(*)OCCN(CC(F)F)C(=O)CO*,O=C([*])OCCN(CC(F)F)C(=O)CO[*],[*]OCCN(CC(F)F)C(=O)COC([*])=O,4.91e-05,-4.308918507877031,2,-4.159667120040297
29119,CC(C)CC(=O)NCC(CNC(=O)*)O*,CC(C)CC(=O)NCC(CNC(=O)[*])O[*],[*]CNC(=O)OC([*])CNC(=O)CC(C)C,5.57e-05,-4.254144804826272,0,-4.317571219071197
29120,CCC(CNC(=O)C(C)O*)OC(=O)*,CCC(CNC(=O)C(C)O[*])OC(=O)[*],[*]CNC(=O)C(C)OC(=O)OC([*])CC,4.23e-05,-4.373659632624958,2,-4.220504190655076
29121,CCCC(CNC(C)(C)CO*)OC(=O)*,CCCC(CNC(C)(C)CO[*])OC(=O)[*],[*]CNC(C)(C)COC(=O)OC([*])CCC,2.67e-05,-4.573488738635425,2,-4.370661146037764
29122,COC(C)CN(CCO*)CC(C)OC(=O)*,COC(C)CN(CCO[*])CC(C)OC(=O)[*],[*]CCOC(=O)OC(C)CN([*])CC(C)OC,6.24e-05,-4.204815410317576,1,-4.039218364748384
29123,CC(C)C(=O)N(C)CC(COC(=O)*)O*,CC(C)C(=O)N(C)CC(COC(=O)[*])O[*],[*]COC(=O)OC([*])CN(C)C(=O)C(C)C,3.2e-05,-4.494850021680094,2,-4.388015181631533
29124,CCCCC(C)NC(COC(=O)*)C(C)O*,CCCCC(C)NC(COC(=O)[*])C(C)O[*],[*]COC(=O)OC(C)C([*])NC(C)CCCC,1.77e-05,-4.752026733638194,3,-4.4773842937274395
29125,CCOCC(CNCC(CF)O*)OC(=O)*,CCOCC(CNCC(CF)O[*])OC(=O)[*],[*]CNCC(CF)OC(=O)OC([*])COCC,5.36e-05,-4.27083521030723,0,-4.047287135054724
29126,CCC(CC)C(CNC(=O)COC(=O)*)O*,CCC(CC)C(CNC(=O)COC(=O)[*])O[*],[*]CNC(=O)COC(=O)OC([*])C(CC)CC,4.07e-05,-4.39040559077478,1,-4.490520823537024
29127,CC=C(C)C(=O)NC(C)(CO*)COC(=O)*,CC=C(C)C(=O)NC(C)(CO[*])COC(=O)[*],[*]COC(=O)OCC([*])(C)NC(=O)C(C)=CC,4.46e-05,-4.350665141287858,1,-4.466113538124149
29128,C=CC(O*)C(=O)N(CC)C(C)COC(=O)*,C=CC(O[*])C(=O)N(CC)C(C)COC(=O)[*],[*]OC(=O)OCC(C)N(CC)C(=O)C([*])C=C,4.23e-05,-4.373659632624958,2,-4.399287373410122
29129,CC(C)(CNCC(F)(F)CNC(=O)*)N*,CC(C)(CNCC(F)(F)CNC(=O)[*])N[*],[*]CNCC(F)(F)CNC(=O)NC([*])(C)C,8.12e-05,-4.090443970758825,1,-4.043537607946263
29130,C#CCC(COC(=O)*)NC(=O)C(C=C)O*,C#CCC(COC(=O)[*])NC(=O)C(C=C)O[*],[*]COC(=O)OC(C=C)C(=O)NC([*])CC#C,6.56e-05,-4.18309616062434,0,-4.311172078254607
29131,C=CC(C)(O*)C(=O)N(C)CCOC(=O)*,C=CC(C)(O[*])C(=O)N(C)CCOC(=O)[*],[*]OC(=O)OCCN(C)C(=O)C([*])(C)C=C,3.55e-05,-4.449771646944906,1,-4.352837415984008
29132,COCC(CN(C)CC(C)NC(=O)*)O*,COCC(CN(C)CC(C)NC(=O)[*])O[*],[*]CN(C)CC(C)NC(=O)OC([*])COC,3.84e-05,-4.4156687756324695,2,-4.1006297089522175
29133,CC(C)(CC(=O)NCC#CCO*)OC(=O)*,CC(C)(CC(=O)NCC#CCO[*])OC(=O)[*],[*]CC(=O)NCC#CCOC(=O)OC([*])(C)C,4.12e-05,-4.3851027839668655,0,-4.239359322298421
29134,CCN(CC(OC(=O)*)C(C)(C)O*)C(C)C,CCN(CC(OC(=O)[*])C(C)(C)O[*])C(C)C,[*]OC(=O)OC(C)(C)C([*])CN(CC)C(C)C,2.15e-05,-4.667561540084395,1,-4.503860055749652
29135,C=CC(O*)C(=O)N(CC)CCCOC(=O)*,C=CC(O[*])C(=O)N(CC)CCCOC(=O)[*],[*]OC(=O)OCCCN(CC)C(=O)C([*])C=C,8.85e-05,-4.053056729302175,1,-4.356895658089557
29136,C=CC(OC(=O)*)C(=O)N(C)CCCO*,C=CC(OC(=O)[*])C(=O)N(C)CCCO[*],[*]OC(=O)OCCCN(C)C(=O)C([*])C=C,5.15e-05,-4.288192770958809,0,-4.2973048029613725
29137,C=CC(CO*)NC(=O)C(OC(=O)*)C(C)C,C=CC(CO[*])NC(=O)C(OC(=O)[*])C(C)C,[*]COC(=O)OC(C(=O)NC([*])C=C)C(C)C,6.74e-05,-4.17134010346468,1,-4.456886516495194
29138,C=CCCNC(=O)NC(CO*)COC(=O)*,C=CCCNC(=O)NC(CO[*])COC(=O)[*],[*]COC(=O)OCC([*])NC(=O)NCCC=C,4.64e-05,-4.333482019445119,1,-4.228675189990413
29139,CC(C)(NC(=O)*)C(=O)NCC(F)(F)CN*,CC(C)(NC(=O)[*])C(=O)NCC(F)(F)CN[*],[*]NC(=O)NCC(F)(F)CNC(=O)C([*])(C)C,4.71e-05,-4.326979092871104,2,-4.26020014432743
29140,C=CC(O*)C(=O)NCC(C)CCOC(=O)*,C=CC(O[*])C(=O)NCC(C)CCOC(=O)[*],[*]OC(=O)OCCC(C)CNC(=O)C([*])C=C,7.36e-05,-4.133122185662502,1,-4.222553903066149
29141,CCC(NC(=O)*)C(=O)NCC(N*)C(C)C,CCC(NC(=O)[*])C(=O)NCC(N[*])C(C)C,[*]NC(=O)NC(CNC(=O)C([*])CC)C(C)C,3.82e-05,-4.417936637088292,3,-4.440511910887228
29142,C#CCCC(CNC(=O)C(C=C)OC(=O)*)O*,C#CCCC(CNC(=O)C(C=C)OC(=O)[*])O[*],[*]CNC(=O)C(C=C)OC(=O)OC([*])CCC#C,6.3e-05,-4.200659450546418,3,-4.374945686942278
29143,CC(F)(F)C(=O)NCC(CO*)OC(=O)*,CC(F)(F)C(=O)NCC(CO[*])OC(=O)[*],[*]COC(=O)OC([*])CNC(=O)C(C)(F)F,9.67e-05,-4.014573525916998,2,-4.193048994582011
29144,CSCCNC(=O)CC(CNC(=O)*)O*,CSCCNC(=O)CC(CNC(=O)[*])O[*],[*]CNC(=O)OC([*])CC(=O)NCCSC,5.35e-05,-4.271646217978772,0,-4.228930867942683
29145,COCC(C)(COC(=O)*)NCCCCO*,COCC(C)(COC(=O)[*])NCCCCO[*],[*]COC(=O)OCCCCNC([*])(C)COC,6.36e-05,-4.196542884351586,0,-4.138819892810906
29146,C#CCCCCNCC(CO*)OC(=O)*,C#CCCCCNCC(CO[*])OC(=O)[*],[*]COC(=O)OC([*])CNCCCCC#C,3.83e-05,-4.416801226031377,2,-4.116749362590428
29147,CC(C)(CNC(=O)C(C)(C)COC(=O)*)O*,CC(C)(CNC(=O)C(C)(C)COC(=O)[*])O[*],[*]CNC(=O)C(C)(C)COC(=O)OC([*])(C)C,3.98e-05,-4.400116927926312,3,-4.359055293455118
29148,CC(C)(CCNC(=O)COC(=O)*)CO*,CC(C)(CCNC(=O)COC(=O)[*])CO[*],[*]CCNC(=O)COC(=O)OCC([*])(C)C,9.19e-05,-4.036684488613889,1,-4.316289295400065
29149,CSCC(C)(CNC(=O)CO*)OC(=O)*,CSCC(C)(CNC(=O)CO[*])OC(=O)[*],[*]CNC(=O)COC(=O)OC([*])(C)CSC,4.8e-05,-4.318758762624412,1,-4.199416407519466
29150,CCN(C(=O)CC(CNC(=O)*)O*)C(C)C,CCN(C(=O)CC(CNC(=O)[*])O[*])C(C)C,[*]CNC(=O)OC([*])CC(=O)N(CC)C(C)C,3.52e-05,-4.453457336521869,2,-4.449833682332049
29151,CC(CN*)CNC(=O)CCCNC(=O)*,CC(CN[*])CNC(=O)CCCNC(=O)[*],[*]CNC(=O)CCCNC(=O)NCC([*])C,7.48e-05,-4.126098402135539,1,-4.221191550197734
29152,CC(C)C(O*)C(=O)NCCCOC(=O)*,CC(C)C(O[*])C(=O)NCCCOC(=O)[*],[*]OC(=O)OCCCNC(=O)C([*])C(C)C,5.63e-05,-4.249491605148654,0,-4.222042755065755
29153,CCCC(CNC(=O)COC(=O)*)O*,CCCC(CNC(=O)COC(=O)[*])O[*],[*]CNC(=O)COC(=O)OC([*])CCC,7.01e-05,-4.154281982033341,2,-4.1825102678680794
29154,CCC(CNC(=O)C(C)(C)COC(=O)*)O*,CCC(CNC(=O)C(C)(C)COC(=O)[*])O[*],[*]CNC(=O)C(C)(C)COC(=O)OC([*])CC,6.18e-05,-4.209011524911184,3,-4.311483119853651
29155,CCN(C(=O)C(C)O*)C(C)COC(=O)*,CCN(C(=O)C(C)O[*])C(C)COC(=O)[*],[*]C(=O)C(C)OC(=O)OCC(C)N([*])CC,3.38e-05,-4.471083299722345,1,-4.5516645226947094
29156,CCC(NC(=O)*)C(=O)NC(C)C(C)(C)O*,CCC(NC(=O)[*])C(=O)NC(C)C(C)(C)O[*],[*]NC(=O)OC(C)(C)C(C)NC(=O)C([*])CC,4.76e-05,-4.3223930472795065,1,-4.452301994536871
29157,C=CC(OC(=O)*)C(=O)OCCC(C)O*,C=CC(OC(=O)[*])C(=O)OCCC(C)O[*],[*]OC(=O)OC(C)CCOC(=O)C([*])C=C,3.03e-05,-4.518557371497695,2,-4.327735645313948
29158,CC#CCC(CO*)NC(=O)C(C)OC(=O)*,CC#CCC(CO[*])NC(=O)C(C)OC(=O)[*],[*]COC(=O)OC(C)C(=O)NC([*])CC#CC,4.2e-05,-4.376750709602099,3,-4.298638434708134
29159,CCC(C)C(CNC(=O)CCN*)OC(=O)*,CCC(C)C(CNC(=O)CCN[*])OC(=O)[*],[*]CNC(=O)CCNC(=O)OC([*])C(C)CC,3.13e-05,-4.504455662453552,1,-4.391927868419925
29160,CCCN(CC)C(=O)CC(CNC(=O)*)O*,CCCN(CC)C(=O)CC(CNC(=O)[*])O[*],[*]CNC(=O)OC([*])CC(=O)N(CC)CCC,4.17e-05,-4.379863945026242,2,-4.365935618899419
29161,CCC(CNC(COC(=O)*)CN(C)C)O*,CCC(CNC(COC(=O)[*])CN(C)C)O[*],[*]CNC(COC(=O)OC([*])CC)CN(C)C,8.59e-05,-4.066006836168758,3,-4.1560636209785375
29162,CC(NCC(CN(C)C)OC(=O)*)C(C)O*,CC(NCC(CN(C)C)OC(=O)[*])C(C)O[*],[*]NCC(CN(C)C)OC(=O)OC(C)C([*])C,4.68e-05,-4.329754146925876,1,-4.36274823069147
29163,C=CCOC(=O)NC(CO*)COC(=O)*,C=CCOC(=O)NC(CO[*])COC(=O)[*],[*]COC(=O)OCC([*])NC(=O)OCC=C,3.34e-05,-4.476253533188435,1,-4.25623511924835
29164,CC(C)CNC(=O)NC(CO*)COC(=O)*,CC(C)CNC(=O)NC(CO[*])COC(=O)[*],[*]COC(=O)OCC([*])NC(=O)NCC(C)C,5.43e-05,-4.265200170411153,0,-4.29674156047099
29165,CC(C)(C#N)C(=O)NCC(CO*)OC(=O)*,CC(C)(C#N)C(=O)NCC(CO[*])OC(=O)[*],[*]COC(=O)OC([*])CNC(=O)C(C)(C)C#N,4.49e-05,-4.347753658996677,3,-4.250669283170565
29166,CC(C)N(CCOC(=O)*)CC(CC#N)O*,CC(C)N(CCOC(=O)[*])CC(CC#N)O[*],[*]CCOC(=O)OC(CC#N)CN([*])C(C)C,2.61e-05,-4.583359492661719,0,-4.306416931555549
29167,COC(C)CN(C)CC(COC(=O)*)O*,COC(C)CN(C)CC(COC(=O)[*])O[*],[*]COC(=O)OC([*])CN(C)CC(C)OC,0.000122,-3.913640169325252,0,-4.076231581371414
29168,CC(C)CC(=O)N(C)CC(COC(=O)*)O*,CC(C)CC(=O)N(C)CC(COC(=O)[*])O[*],[*]COC(=O)OC([*])CN(C)C(=O)CC(C)C,4.71e-05,-4.326979092871104,2,-4.3644609106506635
29169,C=CC(O*)C(=O)NC(CC)C(C)OC(=O)*,C=CC(O[*])C(=O)NC(CC)C(C)OC(=O)[*],[*]OC(=O)OC(C)C(CC)NC(=O)C([*])C=C,5.74e-05,-4.241088107602026,2,-4.3588607931036405
29170,C=CC(O*)C(=O)NCC(C)COC(=O)*,C=CC(O[*])C(=O)NCC(C)COC(=O)[*],[*]OC(=O)OCC(C)CNC(=O)C([*])C=C,4.31e-05,-4.3655227298392685,0,-4.258393457593089
29171,CC(C#N)CN(C)CC(COC(=O)*)O*,CC(C#N)CN(C)CC(COC(=O)[*])O[*],[*]COC(=O)OC([*])CN(C)CC(C)C#N,9.45e-05,-4.024568191490737,2,-4.156427684450433
29172,CCCC(O*)C(COC(=O)*)NC(C)C,CCCC(O[*])C(COC(=O)[*])NC(C)C,[*]OC(=O)OCC(NC(C)C)C([*])CCC,1.74e-05,-4.7594507517174005,2,-4.383820572264803
29173,CC(C)(CNCC(CF)OC(=O)*)O*,CC(C)(CNCC(CF)OC(=O)[*])O[*],[*]CNCC(CF)OC(=O)OC([*])(C)C,4.21e-05,-4.375717904164332,3,-4.385336769357437
29174,CN(CC(C)(C)N*)C(=O)CCNC(=O)*,CN(CC(C)(C)N[*])C(=O)CCNC(=O)[*],[*]CC(C)(C)NC(=O)NCCC(=O)N([*])C,7.15e-05,-4.145693958198919,1,-4.423638592097791
29175,CC(C)(COC(=O)*)C(=O)NCC#CCO*,CC(C)(COC(=O)[*])C(=O)NCC#CCO[*],[*]COC(=O)OCC#CCNC(=O)C([*])(C)C,3.2e-05,-4.494850021680094,1,-4.318902505719565
29176,CSCC(CNC(C)COC(=O)*)O*,CSCC(CNC(C)COC(=O)[*])O[*],[*]CNC(C)COC(=O)OC([*])CSC,5.58e-05,-4.253365801062421,3,-4.129463245568748
29177,CCOCC(C)N(CCO*)CCOC(=O)*,CCOCC(C)N(CCO[*])CCOC(=O)[*],[*]CCOC(=O)OCCN([*])C(C)COCC,8.26e-05,-4.083019952679618,2,-4.006849050141722
29178,CC(=O)CN(CC(C)OC(=O)*)C(C)CO*,CC(=O)CN(CC(C)OC(=O)[*])C(C)CO[*],[*]CC(C)OC(=O)OCC(C)N([*])CC(C)=O,8.51e-05,-4.070070439915412,0,-4.360319271153221
29179,C#CCCC(CNCC(C)OC(=O)*)O*,C#CCCC(CNCC(C)OC(=O)[*])O[*],[*]CNCC(C)OC(=O)OC([*])CCC#C,4.78e-05,-4.320572103387881,2,-4.2309560417668255
29180,CC(C)C(C)(O*)C(=O)NCC#CCOC(=O)*,CC(C)C(C)(O[*])C(=O)NCC#CCOC(=O)[*],[*]OC(=O)OCC#CCNC(=O)C([*])(C)C(C)C,4.1e-05,-4.3872161432802645,0,-4.353106027166236
29181,C#CCC(CO*)NC(=O)C(CC)COC(=O)*,C#CCC(CO[*])NC(=O)C(CC)COC(=O)[*],[*]COC(=O)OCC(CC)C(=O)NC([*])CC#C,4.93e-05,-4.30715308072277,1,-4.387987549218049
29182,CCOCC(CN(C)CC(C)NC(=O)*)O*,CCOCC(CN(C)CC(C)NC(=O)[*])O[*],[*]CN(C)CC(C)NC(=O)OC([*])COCC,8.17e-05,-4.087777943467585,3,-4.310758412327258
29183,CC(CCOC(=O)*)CNC(=O)C(C)(C)O*,CC(CCOC(=O)[*])CNC(=O)C(C)(C)O[*],[*]CCOC(=O)OC(C)(C)C(=O)NCC([*])C,6.04e-05,-4.218963061378868,0,-4.360947882455151
29184,C=CCC(CNC(=O)COC(=O)*)CO*,C=CCC(CNC(=O)COC(=O)[*])CO[*],[*]CNC(=O)COC(=O)OCC([*])CC=C,0.00011,-3.958607314841775,2,-4.131603278702439
29185,CC(C)C(C)(CNC(=O)COC(=O)*)O*,CC(C)C(C)(CNC(=O)COC(=O)[*])O[*],[*]CNC(=O)COC(=O)OC([*])(C)C(C)C,2.32e-05,-4.634512015109101,0,-4.5355522097106356
29186,C#CCCCNC(=O)CC(CN*)OC(=O)*,C#CCCCNC(=O)CC(CN[*])OC(=O)[*],[*]CNC(=O)OC([*])CC(=O)NCCCC#C,8.04e-05,-4.094743951251549,3,-4.294827027768233
29187,C=CCCN(CCN*)CCOC(=O)*,C=CCCN(CCN[*])CCOC(=O)[*],[*]CCNC(=O)OCCN([*])CCC=C,8.51e-05,-4.070070439915412,1,-4.046892068426672
29188,C#CCC(COC(=O)*)NC(=O)C(O*)C(C)C,C#CCC(COC(=O)[*])NC(=O)C(O[*])C(C)C,[*]COC(=O)OC(C(=O)NC([*])CC#C)C(C)C,4.84e-05,-4.315154638355588,2,-4.4574348635640595
29189,C=CC(OC(=O)*)C(=O)NCC(O*)C(C)C,C=CC(OC(=O)[*])C(=O)NCC(O[*])C(C)C,[*]OC(=O)OC(CNC(=O)C([*])C=C)C(C)C,3.94e-05,-4.404503778174426,0,-4.4573290423180225
29190,O=C(*)NCCC(NC(=O)CCN*)C(F)F,O=C([*])NCCC(NC(=O)CCN[*])C(F)F,[*]CCNC(=O)NCCC(NC([*])=O)C(F)F,6.88e-05,-4.162411561764489,2,-4.250868798531667
29191,CC(C)(C)C(CNC(=O)*)NC(=O)CN*,CC(C)(C)C(CNC(=O)[*])NC(=O)CN[*],[*]CNC(=O)NCC(=O)NC([*])C(C)(C)C,2.76e-05,-4.559090917934783,2,-4.330399594214057
29193,C#CCCCNCC(CO*)OC(=O)*,C#CCCCNCC(CO[*])OC(=O)[*],[*]COC(=O)OC([*])CNCCCC#C,8.53e-05,-4.069050968832477,3,-4.0902308437615025
29194,CCOCCC(CNC(C)CO*)OC(=O)*,CCOCCC(CNC(C)CO[*])OC(=O)[*],[*]CNC(C)COC(=O)OC([*])CCOCC,0.000196,-3.707743928643524,1,-4.064616779310763
29195,C=CC(C)(O*)C(=O)NCC=CCOC(=O)*,C=CC(C)(O[*])C(=O)NCC=CCOC(=O)[*],[*]OC(=O)OCC=CCNC(=O)C([*])(C)C=C,7.42e-05,-4.129596094720973,0,-4.252705982834408
29196,CC(COC(=O)*)NCC(C)(O*)C(F)F,CC(COC(=O)[*])NCC(C)(O[*])C(F)F,[*]COC(=O)OC(C)(CNC([*])C)C(F)F,6.14e-05,-4.211831628858833,1,-4.263040809207425
29197,C#CCC(C)(C)C(=O)NC(CO*)COC(=O)*,C#CCC(C)(C)C(=O)NC(CO[*])COC(=O)[*],[*]COC(=O)OCC([*])NC(=O)C(C)(C)CC#C,1.91e-05,-4.718966632752273,0,-4.232005569376858
29198,CC(CNC(=O)*)C(=O)NCC(F)(F)CN*,CC(CNC(=O)[*])C(=O)NCC(F)(F)CN[*],[*]CNC(=O)NCC(F)(F)CNC(=O)C([*])C,6.79e-05,-4.168130225719499,0,-4.325442369455769
29199,CNC(=O)N(CC(C)O*)C(C)COC(=O)*,CNC(=O)N(CC(C)O[*])C(C)COC(=O)[*],[*]CC(C)OC(=O)OCC(C)N([*])C(=O)NC,3.44e-05,-4.46344155742847,0,-4.462400032468654
29200,CC(CN(CC#N)CCO*)OC(=O)*,CC(CN(CC#N)CCO[*])OC(=O)[*],[*]CN(CC#N)CCOC(=O)OC([*])C,9.65e-05,-4.015472686656207,3,-4.075500300709924
29201,CC(CCN(C)CC(CC#N)O*)OC(=O)*,CC(CCN(C)CC(CC#N)O[*])OC(=O)[*],[*]CCN(C)CC(CC#N)OC(=O)OC([*])C,6.72e-05,-4.172630726946175,3,-4.330735342485881
29202,CC(NCC#CCO*)C(C)OC(=O)*,CC(NCC#CCO[*])C(C)OC(=O)[*],[*]NCC#CCOC(=O)OC(C)C([*])C,4.68e-05,-4.329754146925876,3,-4.321895832777239
29203,C=CC(COC(=O)*)NC(=O)C(C)(C=C)O*,C=CC(COC(=O)[*])NC(=O)C(C)(C=C)O[*],[*]COC(=O)OC(C)(C=C)C(=O)NC([*])C=C,5.08e-05,-4.294136287716081,2,-4.376114261397058
29204,CCC(COC)N(CCO*)CCOC(=O)*,CCC(COC)N(CCO[*])CCOC(=O)[*],[*]CCOC(=O)OCCN([*])C(CC)COC,8.27e-05,-4.082494490447453,2,-3.9492344850797054
29205,CCCC(=O)NCC(CNC(=O)*)O*,CCCC(=O)NCC(CNC(=O)[*])O[*],[*]CNC(=O)OC([*])CNC(=O)CCC,9.69e-05,-4.013676222949234,2,-4.212221148445511
29206,C=CC(O*)C(=O)N(C)CCC(C)OC(=O)*,C=CC(O[*])C(=O)N(C)CCC(C)OC(=O)[*],[*]OC(=O)OC(C)CCN(C)C(=O)C([*])C=C,5.85e-05,-4.23284413391782,0,-4.343510039156585
29207,C=CC(O*)C(=O)N(C)CC(C)OC(=O)*,C=CC(O[*])C(=O)N(C)CC(C)OC(=O)[*],[*]OC(=O)OC(C)CN(C)C(=O)C([*])C=C,2.71e-05,-4.567030709125595,2,-4.30295719680445
29208,CCN(CCC#N)C(=O)CC(CN*)OC(=O)*,CCN(CCC#N)C(=O)CC(CN[*])OC(=O)[*],[*]CNC(=O)OC([*])CC(=O)N(CC)CCC#N,0.000101,-3.995678626217357,0,-4.19635739036405
29209,C=CC(O*)C(=O)NC(C)(CC)COC(=O)*,C=CC(O[*])C(=O)NC(C)(CC)COC(=O)[*],[*]OC(=O)OCC(C)(CC)NC(=O)C([*])C=C,7.14e-05,-4.146301788223826,0,-4.371479039871271
29210,COCCCCN(C)CC(CO*)OC(=O)*,COCCCCN(C)CC(CO[*])OC(=O)[*],[*]COC(=O)OC([*])CN(C)CCCCOC,0.000154,-3.812479279163537,0,-3.9696934856636705
29211,CC(C)(C#N)CC(CNCCOC(=O)*)O*,CC(C)(C#N)CC(CNCCOC(=O)[*])O[*],[*]CNCCOC(=O)OC([*])CC(C)(C)C#N,6.18e-05,-4.209011524911184,2,-4.303432152899018
29212,CCC(CNC(=O)C(C)(C)N*)NC(=O)*,CCC(CNC(=O)C(C)(C)N[*])NC(=O)[*],[*]CNC(=O)C(C)(C)NC(=O)NC([*])CC,0.0001,-4.0,2,-4.242613547301283
29213,CC(CCOC(=O)*)N(C)CCO*,CC(CCOC(=O)[*])N(C)CCO[*],[*]CCOC(=O)OCCN(C)C([*])C,7.43e-05,-4.129011186239425,1,-4.086360954334556
29214,CCCCN(C)C(=O)CC(CNC(=O)*)O*,CCCCN(C)C(=O)CC(CNC(=O)[*])O[*],[*]CNC(=O)OC([*])CC(=O)N(C)CCCC,3.45e-05,-4.462180904926726,0,-4.3249558326607795
29215,C=CC(OC(=O)*)C(=O)NCCCCCO*,C=CC(OC(=O)[*])C(=O)NCCCCCO[*],[*]OC(=O)OCCCCCNC(=O)C([*])C=C,6.72e-05,-4.172630726946175,0,-4.115155719620449
29216,C=CC(C)(CC(=O)N(C)CCOC(=O)*)O*,C=CC(C)(CC(=O)N(C)CCOC(=O)[*])O[*],[*]CC(=O)N(C)CCOC(=O)OC([*])(C)C=C,5.7e-05,-4.2441251443275085,3,-4.20265685677706
29217,C=CC(C)(OC(=O)*)C(=O)NCC(CC)O*,C=CC(C)(OC(=O)[*])C(=O)NCC(CC)O[*],[*]OC(=O)OC(CC)CNC(=O)C([*])(C)C=C,7.21e-05,-4.142064735280571,2,-4.373514039280497
29218,CC(CNC(=O)C(C)(C)CO*)OC(=O)*,CC(CNC(=O)C(C)(C)CO[*])OC(=O)[*],[*]CNC(=O)C(C)(C)COC(=O)OC([*])C,8.52e-05,-4.0695604052333,2,-4.323404135625428
29219,CC(C)C(F)C(=O)NC(CO*)COC(=O)*,CC(C)C(F)C(=O)NC(CO[*])COC(=O)[*],[*]COC(=O)OCC([*])NC(=O)C(F)C(C)C,3.55e-05,-4.449771646944906,3,-4.456156831939173
29220,CCC(CN(CCO*)CCOC(=O)*)OC,CCC(CN(CCO[*])CCOC(=O)[*])OC,[*]CCOC(=O)OCCN([*])CC(CC)OC,0.000154,-3.812479279163537,1,-4.114855387372478
29221,C=CC(C)(CC(=O)NCC=CCOC(=O)*)O*,C=CC(C)(CC(=O)NCC=CCOC(=O)[*])O[*],[*]CC(=O)NCC=CCOC(=O)OC([*])(C)C=C,5.18e-05,-4.285670240254767,3,-4.145082843598234
29222,CC(CC(=O)N(C)CCCN*)NC(=O)*,CC(CC(=O)N(C)CCCN[*])NC(=O)[*],[*]CC(=O)N(C)CCCNC(=O)NC([*])C,5.11e-05,-4.291579099865287,2,-4.302878246044224
29223,CCC(CC)(COC(=O)*)C(=O)NCCO*,CCC(CC)(COC(=O)[*])C(=O)NCCO[*],[*]COC(=O)OCCNC(=O)C([*])(CC)CC,3.71e-05,-4.430626090384954,2,-4.442947089956995
29224,C=C(C)CNC(=O)CC(CNC(=O)*)O*,C=C(C)CNC(=O)CC(CNC(=O)[*])O[*],[*]CNC(=O)OC([*])CC(=O)NCC(=C)C,6.33e-05,-4.198596289982645,1,-4.283639004224873
29225,CCCC(C)C(=O)NCC(CNC(=O)*)O*,CCCC(C)C(=O)NCC(CNC(=O)[*])O[*],[*]CNC(=O)OC([*])CNC(=O)C(C)CCC,7.23e-05,-4.140861702705469,1,-4.4052285893558905
29226,C#CCN(C)CC(C)(CO*)COC(=O)*,C#CCN(C)CC(C)(CO[*])COC(=O)[*],[*]COC(=O)OCC([*])(C)CN(C)CC#C,4.45e-05,-4.351639989019068,3,-4.353576213446635
29227,CC(C)(CCN*)NC(=O)CCCNC(=O)*,CC(C)(CCN[*])NC(=O)CCCNC(=O)[*],[*]CCNC(=O)NCCCC(=O)NC([*])(C)C,3.41e-05,-4.467245621007502,2,-4.26038090238372
29228,CC(O*)C(CNC(=O)CCCF)OC(=O)*,CC(O[*])C(CNC(=O)CCCF)OC(=O)[*],[*]OC(=O)OC(CNC(=O)CCCF)C([*])C,6.47e-05,-4.189095719331299,3,-4.407057569101264
29229,C=C(CO*)C(=O)N(CC)C(C)COC(=O)*,C=C(CO[*])C(=O)N(CC)C(C)COC(=O)[*],[*]COC(=O)OCC(C)N(CC)C(=O)C([*])=C,7.02e-05,-4.153662887870195,1,-4.443496724665195
29230,C=CCN(CC=C)C(=O)CC(CN*)OC(=O)*,C=CCN(CC=C)C(=O)CC(CN[*])OC(=O)[*],[*]CNC(=O)OC([*])CC(=O)N(CC=C)CC=C,7.44e-05,-4.128427064454121,3,-4.440082123301662
29231,CCC(CC)(CNC(=O)CO*)COC(=O)*,CCC(CC)(CNC(=O)CO[*])COC(=O)[*],[*]CNC(=O)COC(=O)OCC([*])(CC)CC,4.11e-05,-4.386158178123931,3,-4.4028960884262025
29232,CC(CNC(=O)CC#N)(CO*)COC(=O)*,CC(CNC(=O)CC#N)(CO[*])COC(=O)[*],[*]COC(=O)OCC([*])(C)CNC(=O)CC#N,3.91e-05,-4.407823242604133,1,-4.439480100858975
29233,CN(CCNC(=O)*)C(=O)CCC(C)(C)N*,CN(CCNC(=O)[*])C(=O)CCC(C)(C)N[*],[*]CCNC(=O)NC(C)(C)CCC(=O)N([*])C,4.88e-05,-4.311580177997289,2,-4.403908115289184
29234,CC(CN*)C(=O)NCC(C)(C)NC(=O)*,CC(CN[*])C(=O)NCC(C)(C)NC(=O)[*],[*]CNC(=O)NC(C)(C)CNC(=O)C([*])C,3.87e-05,-4.412289034981089,0,-4.240896281684928
29235,CC(CNC(=O)C(F)F)(CO*)COC(=O)*,CC(CNC(=O)C(F)F)(CO[*])COC(=O)[*],[*]COC(=O)OCC([*])(C)CNC(=O)C(F)F,4.76e-05,-4.3223930472795065,1,-4.387102086561327
29236,CC(CN(C)C(=O)C(C)(C)COC(=O)*)O*,CC(CN(C)C(=O)C(C)(C)COC(=O)[*])O[*],[*]CN(C)C(=O)C(C)(C)COC(=O)OC([*])C,3.33e-05,-4.47755576649368,0,-4.49522992553863
29237,C=CC(OC(=O)*)C(=O)NC(C)C(C)(C)O*,C=CC(OC(=O)[*])C(=O)NC(C)C(C)(C)O[*],[*]OC(=O)OC(C)(C)C(C)NC(=O)C([*])C=C,4.91e-05,-4.308918507877031,1,-4.4621123229279265
29238,CC(C)(C)C(OC(=O)*)C(=O)NCCCO*,CC(C)(C)C(OC(=O)[*])C(=O)NCCCO[*],[*]OC(=O)OCCCNC(=O)C([*])C(C)(C)C,2.75e-05,-4.560667306169737,2,-4.356427030224197
29239,O=C(CCCCOC(=O)*)NCC#CCO*,O=C(CCCCOC(=O)[*])NCC#CCO[*],[*]CCCCOC(=O)OCC#CCNC([*])=O,6.49e-05,-4.187755303199631,0,-4.150459129125698
29240,CC(C)C(OC(=O)*)C(=O)NCC#CCO*,CC(C)C(OC(=O)[*])C(=O)NCC#CCO[*],[*]OC(=O)OCC#CCNC(=O)C([*])C(C)C,3.78e-05,-4.422508200162775,1,-4.318222908862973
29241,CCN(C)C(=O)CC(CNC(=O)*)O*,CCN(C)C(=O)CC(CNC(=O)[*])O[*],[*]CNC(=O)OC([*])CC(=O)N(C)CC,5.79e-05,-4.237321436272564,1,-4.336301732826785
29242,CN(CC(CO*)OC(=O)*)C(=O)C(F)F,CN(CC(CO[*])OC(=O)[*])C(=O)C(F)F,[*]COC(=O)OC([*])CN(C)C(=O)C(F)F,3.31e-05,-4.480172006224281,1,-4.2869098509562
29243,CC(CNC(=O)CCCNC(=O)*)N*,CC(CNC(=O)CCCNC(=O)[*])N[*],[*]CNC(=O)CCCNC(=O)NC([*])C,4e-05,-4.3979400086720375,3,-4.257089517678242
29244,C=CC(C)(OC(=O)*)C(=O)N(C)CCCO*,C=CC(C)(OC(=O)[*])C(=O)N(C)CCCO[*],[*]OC(=O)OCCCN(C)C(=O)C([*])(C)C=C,2.41e-05,-4.617982957425132,0,-4.296049048289642
29245,C=C(CO*)C(=O)N(C)C(C)CCOC(=O)*,C=C(CO[*])C(=O)N(C)C(C)CCOC(=O)[*],[*]COC(=O)OCCC(C)N(C)C(=O)C([*])=C,5.98e-05,-4.223298816011589,3,-4.375375922717588
29246,CCC(O*)C(=O)OCC(C)COC(=O)*,CCC(O[*])C(=O)OCC(C)COC(=O)[*],[*]OC(=O)OCC(C)COC(=O)C([*])CC,3.41e-05,-4.467245621007502,3,-4.326109063941885
29247,CN(CC(COC(=O)*)O*)C(=O)C(C)(F)F,CN(CC(COC(=O)[*])O[*])C(=O)C(C)(F)F,[*]COC(=O)OC([*])CN(C)C(=O)C(C)(F)F,6.34e-05,-4.197910742118268,1,-4.430310759513241
29248,CC(CC(C)(C)CNC(=O)CNC(=O)*)O*,CC(CC(C)(C)CNC(=O)CNC(=O)[*])O[*],[*]CC(C)(C)CNC(=O)CNC(=O)OC([*])C,5.11e-05,-4.291579099865287,2,-4.460820995095149
29249,CSCCC(O*)C(=O)NCCOC(=O)*,CSCCC(O[*])C(=O)NCCOC(=O)[*],[*]OC(=O)OCCNC(=O)C([*])CCSC,7.53e-05,-4.123205023799299,2,-4.139911285313239
29250,CC(CNCCO*)(OC(=O)*)C(F)F,CC(CNCCO[*])(OC(=O)[*])C(F)F,[*]CNCCOC(=O)OC([*])(C)C(F)F,5.15e-05,-4.288192770958809,2,-4.12290684901037
29251,CCC(CO*)C(=O)NCCC(C)OC(=O)*,CCC(CO[*])C(=O)NCCC(C)OC(=O)[*],[*]COC(=O)OC(C)CCNC(=O)C([*])CC,2.75e-05,-4.560667306169737,3,-4.247337294745399
29252,CC=CC=CC(=O)N(C)CC(CO*)OC(=O)*,CC=CC=CC(=O)N(C)CC(CO[*])OC(=O)[*],[*]COC(=O)OC([*])CN(C)C(=O)C=CC=CC,2.53e-05,-4.596879478824183,3,-4.391666748196674
29253,CC(C)CC(CNC(=O)*)NC(=O)CCN*,CC(C)CC(CNC(=O)[*])NC(=O)CCN[*],[*]CNC(=O)NCCC(=O)NC([*])CC(C)C,5.17e-05,-4.286509456906058,0,-4.349932843007871
29254,CC(C)(CCCNC(=O)COC(=O)*)CO*,CC(C)(CCCNC(=O)COC(=O)[*])CO[*],[*]CCCNC(=O)COC(=O)OCC([*])(C)C,5.38e-05,-4.269217724333611,1,-4.289708101788456
29255,CCCC(C)(N*)C(=O)NCC(C)NC(=O)*,CCCC(C)(N[*])C(=O)NCC(C)NC(=O)[*],[*]NC(=O)NC(C)CNC(=O)C([*])(C)CCC,4.91e-05,-4.308918507877031,2,-4.516214964839692
29256,CCC(=O)NCC(C)(CO*)COC(=O)*,CCC(=O)NCC(C)(CO[*])COC(=O)[*],[*]COC(=O)OCC([*])(C)CNC(=O)CC,2.8e-05,-4.552841968657781,3,-4.349932044188283
29257,CC(CN*)CNC(=O)CCCCNC(=O)*,CC(CN[*])CNC(=O)CCCCNC(=O)[*],[*]CNC(=O)CCCCNC(=O)NCC([*])C,8.12e-05,-4.090443970758825,3,-4.2875457308825675
29258,C=C(COC(=O)*)C(=O)NCC(CC)O*,C=C(COC(=O)[*])C(=O)NCC(CC)O[*],[*]COC(=O)OC(CC)CNC(=O)C([*])=C,9.24e-05,-4.0343280287798935,0,-4.301009830646756
29259,CCN(CCOC(=O)*)C(=O)CC(C)(C)O*,CCN(CCOC(=O)[*])C(=O)CC(C)(C)O[*],[*]CCOC(=O)OC(C)(C)CC(=O)N([*])CC,5.01e-05,-4.300162274132754,3,-4.461032830069888
29260,N#CCCCC(NC(=O)*)C(=O)NCCCO*,N#CCCCC(NC(=O)[*])C(=O)NCCCO[*],[*]NC(=O)OCCCNC(=O)C([*])CCCC#N,7.29e-05,-4.137272471682025,3,-4.3616645349236585
29261,CC(N*)C(C)C(=O)NC(C)(C)CNC(=O)*,CC(N[*])C(C)C(=O)NC(C)(C)CNC(=O)[*],[*]NC(=O)NCC(C)(C)NC(=O)C(C)C([*])C,3.27e-05,-4.485452247339714,2,-4.470756031250065
29262,CN(CCNC(=O)*)CC(C)(C)N*,CN(CCNC(=O)[*])CC(C)(C)N[*],[*]CCNC(=O)NC(C)(C)CN([*])C,6.49e-05,-4.187755303199631,0,-4.208899173809588
29263,CC(CCNC(=O)C(C)(C)CNC(=O)*)N*,CC(CCNC(=O)C(C)(C)CNC(=O)[*])N[*],[*]CCNC(=O)C(C)(C)CNC(=O)NC([*])C,3.4e-05,-4.468521082957745,0,-4.405942323142634
29264,CCC(CO*)C(=O)NCC(C)(C)OC(=O)*,CCC(CO[*])C(=O)NCC(C)(C)OC(=O)[*],[*]COC(=O)OC(C)(C)CNC(=O)C([*])CC,5.62e-05,-4.250263684430939,3,-4.283491165160494
29265,CC(CCN*)NC(=O)CC(C)(C)NC(=O)*,CC(CCN[*])NC(=O)CC(C)(C)NC(=O)[*],[*]CCNC(=O)NC(C)(C)CC(=O)NC([*])C,6.54e-05,-4.184422251675732,3,-4.317495980442974
29266,CCCCC(=O)N(C)CC(COC(=O)*)O*,CCCCC(=O)N(C)CC(COC(=O)[*])O[*],[*]COC(=O)OC([*])CN(C)C(=O)CCCC,4.15e-05,-4.381951903287908,1,-4.3143903530174725
29267,CC(COC(=O)*)CS(=O)(=O)CCO*,CC(COC(=O)[*])CS(=O)(=O)CCO[*],[*]COC(=O)OCCS(=O)(=O)CC([*])C,4.72e-05,-4.3260580013659125,2,-4.236813843837696
29268,CC(C)CC(NC(=O)*)C(=O)NCC#CCO*,CC(C)CC(NC(=O)[*])C(=O)NCC#CCO[*],[*]NC(=O)OCC#CCNC(=O)C([*])CC(C)C,3.04e-05,-4.517126416391246,2,-4.396743074735377
29269,COCC(CN(C)C(C)CCOC(=O)*)O*,COCC(CN(C)C(C)CCOC(=O)[*])O[*],[*]CN(C)C(C)CCOC(=O)OC([*])COC,8.56e-05,-4.067526235322847,1,-4.044069125824786
29270,C=CCC(C)NC(=O)CC(CN*)OC(=O)*,C=CCC(C)NC(=O)CC(CN[*])OC(=O)[*],[*]CNC(=O)OC([*])CC(=O)NC(C)CC=C,5.35e-05,-4.271646217978772,3,-4.33214259907478
29271,CCC(C)(C)C(=O)NCC(CN*)OC(=O)*,CCC(C)(C)C(=O)NCC(CN[*])OC(=O)[*],[*]CNC(=O)OC([*])CNC(=O)C(C)(C)CC,5.24e-05,-4.280668713016273,0,-4.393580821680326
29272,CC(C)(CCOC(=O)*)CNC(=O)CO*,CC(C)(CCOC(=O)[*])CNC(=O)CO[*],[*]CCOC(=O)OCC(=O)NCC([*])(C)C,6.87e-05,-4.16304326294045,1,-4.299400782110835
29273,CC(C)(F)C(=O)NC(CO*)COC(=O)*,CC(C)(F)C(=O)NC(CO[*])COC(=O)[*],[*]COC(=O)OCC([*])NC(=O)C(C)(C)F,6.02e-05,-4.220403508742176,2,-4.3530485698417145
29274,CC(C)(C)CC(=O)NCC(CNC(=O)*)O*,CC(C)(C)CC(=O)NCC(CNC(=O)[*])O[*],[*]CNC(=O)OC([*])CNC(=O)CC(C)(C)C,6.32e-05,-4.199282921717615,0,-4.169758932938269
29275,CC(=O)CN(CCCO*)CCOC(=O)*,CC(=O)CN(CCCO[*])CCOC(=O)[*],[*]CCCOC(=O)OCCN([*])CC(C)=O,0.000146,-3.835647144215563,1,-3.938390373555429
29276,CCC(CO*)N(C)C(=O)C(C)OC(=O)*,CCC(CO[*])N(C)C(=O)C(C)OC(=O)[*],[*]COC(=O)OC(C)C(=O)N(C)C([*])CC,4.75e-05,-4.323306390375134,0,-4.453158907906449
29277,CN(CCO*)C(=O)C(OC(=O)*)C(C)(C)C,CN(CCO[*])C(=O)C(OC(=O)[*])C(C)(C)C,[*]CCOC(=O)OC(C(=O)N([*])C)C(C)(C)C,2e-05,-4.698970004336019,1,-4.481351579320945
29278,CCOC=CC(=O)NC(CO*)COC(=O)*,CCOC=CC(=O)NC(CO[*])COC(=O)[*],[*]COC(=O)OCC([*])NC(=O)C=COCC,6.24e-05,-4.204815410317576,0,-4.210977671061073
29279,C=CC(OC(=O)*)C(=O)N(C)C(CC)CO*,C=CC(OC(=O)[*])C(=O)N(C)C(CC)CO[*],[*]OC(=O)OCC(CC)N(C)C(=O)C([*])C=C,3.63e-05,-4.440093374963888,1,-4.51765585750005
29280,C=CC(C)(C)C(=O)NC(CO*)COC(=O)*,C=CC(C)(C)C(=O)NC(CO[*])COC(=O)[*],[*]COC(=O)OCC([*])NC(=O)C(C)(C)C=C,6.78e-05,-4.168770306132937,1,-4.3836179475059405
29281,CCC(CNCC(CF)OC(=O)*)O*,CCC(CNCC(CF)OC(=O)[*])O[*],[*]CNCC(CF)OC(=O)OC([*])CC,5.11e-05,-4.291579099865287,2,-4.15499421640922
29282,CC(CNCCCO*)(OC(=O)*)C(F)F,CC(CNCCCO[*])(OC(=O)[*])C(F)F,[*]CNCCCOC(=O)OC([*])(C)C(F)F,6.43e-05,-4.191789027075778,1,-4.152157350586461
29283,CC(C)(C#N)CNC(=O)CC(CNC(=O)*)O*,CC(C)(C#N)CNC(=O)CC(CNC(=O)[*])O[*],[*]CNC(=O)OC([*])CC(=O)NCC(C)(C)C#N,8.54e-05,-4.068542129310995,1,-4.405739074113232
29284,COCC(O*)C(=O)OCCC(C)OC(=O)*,COCC(O[*])C(=O)OCCC(C)OC(=O)[*],[*]OC(=O)OC(C)CCOC(=O)C([*])COC,3.76e-05,-4.424812155072339,0,-4.169353947662667
29285,O=C(*)OCCN(CCO*)C(=O)OCCF,O=C([*])OCCN(CCO[*])C(=O)OCCF,[*]OCCN(CCOC([*])=O)C(=O)OCCF,4.63e-05,-4.334419008982047,1,-4.005647805651201
29286,CCSCCNC(CN*)CNC(=O)*,CCSCCNC(CN[*])CNC(=O)[*],[*]CNC(=O)NCC([*])NCCSCC,0.000182,-3.739928612014925,3,-3.949643631491595
29287,CN(CCCN*)C(=O)C(C)(C)CNC(=O)*,CN(CCCN[*])C(=O)C(C)(C)CNC(=O)[*],[*]CCCNC(=O)NCC(C)(C)C(=O)N([*])C,3.87e-05,-4.412289034981089,1,-4.4697053121366075
29288,CC(C)(CNC(=O)CO*)C(C)(C)OC(=O)*,CC(C)(CNC(=O)CO[*])C(C)(C)OC(=O)[*],[*]CNC(=O)COC(=O)OC(C)(C)C([*])(C)C,2.04e-05,-4.690369832574101,0,-4.507958634227429
29289,CCN(CCNC(=O)*)C(=O)CC(C)N*,CCN(CCNC(=O)[*])C(=O)CC(C)N[*],[*]CCNC(=O)NC(C)CC(=O)N([*])CC,4.18e-05,-4.3788237182249645,2,-4.366051111058794
29290,CCCCN(CCO*)C(=O)COC(=O)*,CCCCN(CCO[*])C(=O)COC(=O)[*],[*]CCOC(=O)OCC(=O)N([*])CCCC,4.52e-05,-4.3448615651886175,1,-4.351969775547354
29291,O=C(CO*)NCCSCCCOC(=O)*,O=C(CO[*])NCCSCCCOC(=O)[*],[*]COC(=O)OCCCSCCNC([*])=O,0.000105,-3.9788107009300617,1,-3.780720533496935
29292,CC(CNC(=O)CCC(C)(C)NC(=O)*)N*,CC(CNC(=O)CCC(C)(C)NC(=O)[*])N[*],[*]CNC(=O)CCC(C)(C)NC(=O)NC([*])C,5.71e-05,-4.243363891754152,3,-4.329672615768153
29293,C[Si](C)(C)CNC(CO*)COC(=O)*,C[Si](C)(C)CNC(CO[*])COC(=O)[*],[*]COC(=O)OCC([*])NC[Si](C)(C)C,2.29e-05,-4.640164517660112,1,-4.598939418565459
29294,O=C(*)OCC(CO*)NCCCCF,O=C([*])OCC(CO[*])NCCCCF,[*]OCC(COC([*])=O)NCCCCF,7.39e-05,-4.131355561605174,1,-4.0867928191398555
29295,C=CC(CO*)NC(C)CCOC(=O)*,C=CC(CO[*])NC(C)CCOC(=O)[*],[*]COC(=O)OCCC(C)NC([*])C=C,0.000119,-3.924453038607469,0,-4.087205784303511
29296,CC(C)C(C)(OC(=O)*)C(=O)OCCO*,CC(C)C(C)(OC(=O)[*])C(=O)OCCO[*],[*]OC(=O)OCCOC(=O)C([*])(C)C(C)C,3.89e-05,-4.410050398674293,3,-4.385387669735406
29297,CC(O*)C(=O)N(C)C(C)C(C)(C)OC(=O)*,CC(O[*])C(=O)N(C)C(C)C(C)(C)OC(=O)[*],[*]OC(=O)OC(C)(C)C(C)N(C)C(=O)C([*])C,4.5e-05,-4.346787486224656,0,-4.587722467404135
29298,CCC(COC(=O)*)NC(=O)C(C)(C)CO*,CCC(COC(=O)[*])NC(=O)C(C)(C)CO[*],[*]COC(=O)OCC(C)(C)C(=O)NC([*])CC,4.12e-05,-4.3851027839668655,1,-4.318801162674383
29299,CC(C)(CCC(=O)NOCCO*)OC(=O)*,CC(C)(CCC(=O)NOCCO[*])OC(=O)[*],[*]CCC(=O)NOCCOC(=O)OC([*])(C)C,6.38e-05,-4.195179321278838,3,-4.228396388727653
29300,CC(CCNC(=O)*)NC(=O)CCCN*,CC(CCNC(=O)[*])NC(=O)CCCN[*],[*]CCNC(=O)NCCCC(=O)NC([*])C,4.84e-05,-4.315154638355588,0,-4.193522294387375
29301,CN(CCOC(=O)*)C(=O)CC(C)(C)O*,CN(CCOC(=O)[*])C(=O)CC(C)(C)O[*],[*]CCOC(=O)OC(C)(C)CC(=O)N([*])C,2.57e-05,-4.590066876668706,2,-4.407850514010185
29302,C=CCCCNC(=O)CC(CNC(=O)*)O*,C=CCCCNC(=O)CC(CNC(=O)[*])O[*],[*]CNC(=O)OC([*])CC(=O)NCCCC=C,5.49e-05,-4.260427655549908,1,-4.235833640578299
29303,CCOCC(CN(C)C(C)CN*)OC(=O)*,CCOCC(CN(C)C(C)CN[*])OC(=O)[*],[*]CN(C)C(C)CNC(=O)OC([*])COCC,9.6e-05,-4.017728766960432,2,-4.126434780374325
29304,CC(C)(C)C(CO*)NC(=O)CNC(=O)*,CC(C)(C)C(CO[*])NC(=O)CNC(=O)[*],[*]COC(=O)NCC(=O)NC([*])C(C)(C)C,3.2e-05,-4.494850021680094,0,-4.5628390237772845
29305,CCCCS(=O)(=O)CC(CO*)OC(=O)*,CCCCS(=O)(=O)CC(CO[*])OC(=O)[*],[*]COC(=O)OC([*])CS(=O)(=O)CCCC,7.81e-05,-4.1073489661227,1,-4.385519166953015
29306,CC(CC(=O)N(C)CCN*)NC(=O)*,CC(CC(=O)N(C)CCN[*])NC(=O)[*],[*]CC(=O)N(C)CCNC(=O)NC([*])C,6.04e-05,-4.218963061378868,3,-4.272495390373999
29307,CN(CCO*)C(=O)CCC(C)(C)OC(=O)*,CN(CCO[*])C(=O)CCC(C)(C)OC(=O)[*],[*]CCOC(=O)OC(C)(C)CCC(=O)N([*])C,3.97e-05,-4.401209493236885,1,-4.433755539711126
29308,CC(O*)C(=O)NC(CCOC(=O)*)C(C)C,CC(O[*])C(=O)NC(CCOC(=O)[*])C(C)C,[*]OC(=O)OCCC(NC(=O)C([*])C)C(C)C,4.84e-05,-4.315154638355588,3,-4.392580346328615
29309,CCC(NCC(COC)O*)C(C)OC(=O)*,CCC(NCC(COC)O[*])C(C)OC(=O)[*],[*]NCC(COC)OC(=O)OC(C)C([*])CC,6.34e-05,-4.197910742118268,2,-4.158753908580519
29310,CC(CO*)(COC(=O)*)NC(=O)CCCF,CC(CO[*])(COC(=O)[*])NC(=O)CCCF,[*]COC(=O)OCC([*])(C)NC(=O)CCCF,5.76e-05,-4.239577516576788,0,-4.356935804024266
29311,COCC(C)(CO*)NCC(C)COC(=O)*,COCC(C)(CO[*])NCC(C)COC(=O)[*],[*]COC(=O)OCC(C)CNC([*])(C)COC,5.8e-05,-4.236572006437063,1,-4.278557710929183
29312,CCN(CCNC(=O)*)C(=O)NCC(C)N*,CCN(CCNC(=O)[*])C(=O)NCC(C)N[*],[*]CCNC(=O)NC(C)CNC(=O)N([*])CC,3.07e-05,-4.512861624522814,3,-4.297073231414967
29313,CCC(NC(=O)CO*)C(C)(C)OC(=O)*,CCC(NC(=O)CO[*])C(C)(C)OC(=O)[*],[*]NC(=O)COC(=O)OC(C)(C)C([*])CC,4.76e-05,-4.3223930472795065,0,-4.418633393818827
29314,CC(C)(CC(=O)NOCCOC(=O)*)O*,CC(C)(CC(=O)NOCCOC(=O)[*])O[*],[*]CC(=O)NOCCOC(=O)OC([*])(C)C,4.84e-05,-4.315154638355588,3,-4.192931020283929
29315,CC(C)(CC(=O)NC(C)(C)CN*)NC(=O)*,CC(C)(CC(=O)NC(C)(C)CN[*])NC(=O)[*],[*]CNC(=O)NC(C)(C)CC(=O)NC([*])(C)C,3.74e-05,-4.42712839779952,2,-4.293946816255579
29316,COCC(CNCC=CCOC(=O)*)O*,COCC(CNCC=CCOC(=O)[*])O[*],[*]CNCC=CCOC(=O)OC([*])COC,8.38e-05,-4.076755981369724,0,-3.967837127809434
29317,O=C(*)OCCN(CC=CCl)CCN*,O=C([*])OCCN(CC=CCl)CCN[*],[*]NCCN(CC=CCl)CCOC([*])=O,9.42e-05,-4.025949097207123,0,-4.232787984874093
29318,CCC(CC)(CN*)NC(=O)CNC(=O)*,CCC(CC)(CN[*])NC(=O)CNC(=O)[*],[*]CNC(=O)NCC(=O)NC([*])(CC)CC,3.53e-05,-4.452225294612178,1,-4.478413894136313
29319,CCC(CCOC(=O)*)CNC(=O)CO*,CCC(CCOC(=O)[*])CNC(=O)CO[*],[*]CCOC(=O)OCC(=O)NCC([*])CC,4.97e-05,-4.303643611266668,1,-4.233821526760694
29320,CCC(CNC(=O)CCCCN*)NC(=O)*,CCC(CNC(=O)CCCCN[*])NC(=O)[*],[*]CNC(=O)CCCCNC(=O)NC([*])CC,4.96e-05,-4.304518323509803,1,-4.181901177303752
29321,CCC(NC(=O)*)C(=O)N(CC)CCN*,CCC(NC(=O)[*])C(=O)N(CC)CCN[*],[*]NC(=O)NCCN(CC)C(=O)C([*])CC,3.32e-05,-4.478861916295964,0,-4.332293659284995
29323,CC(N*)C(=O)N(C)CC(C)(C)NC(=O)*,CC(N[*])C(=O)N(C)CC(C)(C)NC(=O)[*],[*]NC(=O)NC(C)(C)CN(C)C(=O)C([*])C,2.34e-05,-4.6307841425898575,2,-4.455410224544653
29324,CCN(CCNC(=O)*)C(=O)C(C)N*,CCN(CCNC(=O)[*])C(=O)C(C)N[*],[*]CCNC(=O)NC(C)C(=O)N([*])CC,4.4e-05,-4.356547323513813,2,-4.4252538900270855
29325,CC(C)(C)CC(COC(=O)*)NC(=O)CO*,CC(C)(C)CC(COC(=O)[*])NC(=O)CO[*],[*]COC(=O)OCC(=O)NC([*])CC(C)(C)C,5.93e-05,-4.226945306635737,1,-4.394110976506194
29326,CC(C)C(CNC(=O)C(C)(C)N*)NC(=O)*,CC(C)C(CNC(=O)C(C)(C)N[*])NC(=O)[*],[*]CNC(=O)C(C)(C)NC(=O)NC([*])C(C)C,4.67e-05,-4.330683119433888,0,-4.468048408041703
29327,CC(C)(CNC(=O)C(C)(C)OC(=O)*)CO*,CC(C)(CNC(=O)C(C)(C)OC(=O)[*])CO[*],[*]CNC(=O)C(C)(C)OC(=O)OCC([*])(C)C,4.5e-05,-4.346787486224656,0,-4.396602399050808
29328,CCC(C)C(CNC(=O)C(C)N*)OC(=O)*,CCC(C)C(CNC(=O)C(C)N[*])OC(=O)[*],[*]CNC(=O)C(C)NC(=O)OC([*])C(C)CC,2.5e-05,-4.6020599913279625,3,-4.546170432200683
29329,CC(CNC(=O)CN*)CC(C)OC(=O)*,CC(CNC(=O)CN[*])CC(C)OC(=O)[*],[*]CNC(=O)CNC(=O)OC(C)CC([*])C,4.43e-05,-4.3535962737769305,0,-4.3104034713854595
29330,CC(NC(=O)*)C(C)C(=O)NCC(C)(C)N*,CC(NC(=O)[*])C(C)C(=O)NCC(C)(C)N[*],[*]NC(=O)NC(C)(C)CNC(=O)C(C)C([*])C,3.83e-05,-4.416801226031377,3,-4.408812983338168
29331,CCCC(CCO*)NC(=O)COC(=O)*,CCCC(CCO[*])NC(=O)COC(=O)[*],[*]CCOC(=O)OCC(=O)NC([*])CCC,6.9e-05,-4.161150909262744,0,-4.294108186518885
29332,CCCOC(=O)NC(COC(=O)*)C(C)O*,CCCOC(=O)NC(COC(=O)[*])C(C)O[*],[*]COC(=O)OC(C)C([*])NC(=O)OCCC,2.75e-05,-4.560667306169737,2,-4.361923214849714
29333,CC(C)CC(CO*)NC(=O)C(C)OC(=O)*,CC(C)CC(CO[*])NC(=O)C(C)OC(=O)[*],[*]COC(=O)OC(C)C(=O)NC([*])CC(C)C,4.03e-05,-4.394694953858891,1,-4.470171451970817
29334,CC(C)(CCCN*)NC(=O)CCNC(=O)*,CC(C)(CCCN[*])NC(=O)CCNC(=O)[*],[*]CCCNC(=O)NCCC(=O)NC([*])(C)C,3.51e-05,-4.454692883534176,1,-4.257224734776345
29335,CC(C)(CNC(=O)*)NC(=O)CCCCN*,CC(C)(CNC(=O)[*])NC(=O)CCCCN[*],[*]CNC(=O)NCCCCC(=O)NC([*])(C)C,5.2e-05,-4.2839966563652006,0,-4.392174882981799
29336,CC(C)C(CNC(=O)CCNC(=O)*)CO*,CC(C)C(CNC(=O)CCNC(=O)[*])CO[*],[*]CNC(=O)CCNC(=O)OCC([*])C(C)C,4.18e-05,-4.3788237182249645,3,-4.356862059446584
29337,CCC(CNC(=O)CCN*)NC(=O)*,CCC(CNC(=O)CCN[*])NC(=O)[*],[*]CNC(=O)CCNC(=O)NC([*])CC,0.000103,-3.987162775294828,3,-4.251738731521261
29338,CCN(CCN*)C(=O)CC(C)(C)NC(=O)*,CCN(CCN[*])C(=O)CC(C)(C)NC(=O)[*],[*]CCNC(=O)NC(C)(C)CC(=O)N([*])CC,5.88e-05,-4.230622673923862,3,-4.450738518335209
29339,CC(C)C(C)NC(=O)CC(CNC(=O)*)O*,CC(C)C(C)NC(=O)CC(CNC(=O)[*])O[*],[*]CNC(=O)OC([*])CC(=O)NC(C)C(C)C,6.43e-05,-4.191789027075778,0,-4.541954520220184
29340,CC(C)C(C(=O)NCCN*)C(C)NC(=O)*,CC(C)C(C(=O)NCCN[*])C(C)NC(=O)[*],[*]C(=O)NCCNC(=O)NC(C)C([*])C(C)C,4.85e-05,-4.314258261397736,3,-4.491325479336653
29341,CC(CC(C)OC(=O)*)NC(=O)C(C)O*,CC(CC(C)OC(=O)[*])NC(=O)C(C)O[*],[*]CC(C)OC(=O)OC(C)C(=O)NC([*])C,5.23e-05,-4.281498311132726,3,-4.398475576270493
29342,CC(NC(=O)*)C(=O)NC(CN*)C(C)(C)C,CC(NC(=O)[*])C(=O)NC(CN[*])C(C)(C)C,[*]NC(=O)NCC(NC(=O)C([*])C)C(C)(C)C,2.75e-05,-4.560667306169737,2,-4.522253323130641
29343,CN(C(=O)CC(CNC(=O)*)O*)C(C)(C)C,CN(C(=O)CC(CNC(=O)[*])O[*])C(C)(C)C,[*]CNC(=O)OC([*])CC(=O)N(C)C(C)(C)C,2.16e-05,-4.665546248849069,1,-4.440817287885121
29344,CCC(CNC(=O)C(CC)CO*)OC(=O)*,CCC(CNC(=O)C(CC)CO[*])OC(=O)[*],[*]CNC(=O)C(CC)COC(=O)OC([*])CC,4.54e-05,-4.342944147142896,1,-4.386536995578564
29345,CC(CNC(CO*)CC(F)F)OC(=O)*,CC(CNC(CO[*])CC(F)F)OC(=O)[*],[*]CNC(COC(=O)OC([*])C)CC(F)F,7.4e-05,-4.130768280269024,3,-4.3056428026656945
29346,CC(C)CCNC(CN*)CNC(=O)*,CC(C)CCNC(CN[*])CNC(=O)[*],[*]CNC(=O)NCC([*])NCCC(C)C,7.59e-05,-4.11975822410452,2,-4.199953986624154
29347,CC(C)(CC(=O)NCC(C)(C)NC(=O)*)N*,CC(C)(CC(=O)NCC(C)(C)NC(=O)[*])N[*],[*]CNC(=O)CC(C)(C)NC(=O)NC([*])(C)C,3.33e-05,-4.47755576649368,2,-4.2553780482984624
29348,CC(C)C(C)(OC(=O)*)C(=O)NOCCO*,CC(C)C(C)(OC(=O)[*])C(=O)NOCCO[*],[*]OC(=O)OCCONC(=O)C([*])(C)C(C)C,2.04e-05,-4.690369832574101,3,-4.3240645648342655
29349,COCCC(C)N(C)CC(CN*)OC(=O)*,COCCC(C)N(C)CC(CN[*])OC(=O)[*],[*]CNC(=O)OC([*])CN(C)C(C)CCOC,6.3e-05,-4.200659450546418,2,-4.1923058710500545
29350,CC(C)(CNC(=O)*)CC(=O)NCCCO*,CC(C)(CNC(=O)[*])CC(=O)NCCCO[*],[*]CNC(=O)OCCCNC(=O)CC([*])(C)C,4.16e-05,-4.380906669373258,0,-4.317114370710546
29351,CCC(CNC(=O)NCCNC(=O)*)O*,CCC(CNC(=O)NCCNC(=O)[*])O[*],[*]CNC(=O)NCCNC(=O)OC([*])CC,5.57e-05,-4.254144804826272,2,-4.215173196404579
29352,CCN(CCNC(=O)*)C(=O)CCCN*,CCN(CCNC(=O)[*])C(=O)CCCN[*],[*]CCNC(=O)NCCCC(=O)N([*])CC,4.71e-05,-4.326979092871104,2,-4.276568097006682
29353,CC(NC(=O)*)C(C)C(=O)N(C)C(C)CN*,CC(NC(=O)[*])C(C)C(=O)N(C)C(C)CN[*],[*]NC(=O)NCC(C)N(C)C(=O)C(C)C([*])C,5.41e-05,-4.266802734893431,1,-4.475441194633843
29354,CC(C)(CCNC(=O)*)NC(=O)CCN*,CC(C)(CCNC(=O)[*])NC(=O)CCN[*],[*]CCNC(=O)NCCC(=O)NC([*])(C)C,6e-05,-4.221848749616356,3,-4.2592722858352365
29356,CCCC(C)(OC(=O)*)C(=O)NCC#CCO*,CCCC(C)(OC(=O)[*])C(=O)NCC#CCO[*],[*]OC(=O)OCC#CCNC(=O)C([*])(C)CCC,6.4e-05,-4.1938200260161125,2,-4.364326674185873
29357,CCC(CNC(C)(COC)COC(=O)*)O*,CCC(CNC(C)(COC)COC(=O)[*])O[*],[*]CNC(C)(COC)COC(=O)OC([*])CC,5.14e-05,-4.289036881004725,1,-4.306883754039838
29358,CC(CCN*)NC(=O)C(C)(C)CNC(=O)*,CC(CCN[*])NC(=O)C(C)(C)CNC(=O)[*],[*]CCNC(=O)NCC(C)(C)C(=O)NC([*])C,3.72e-05,-4.429457060118103,0,-4.479721371745695
29359,CCOCC(CNCC=CCO*)OC(=O)*,CCOCC(CNCC=CCO[*])OC(=O)[*],[*]CNCC=CCOC(=O)OC([*])COCC,0.000125,-3.903089986991944,3,-4.069881263560752
29360,CC(C)(N*)C(=O)NCC=CCOC(=O)*,CC(C)(N[*])C(=O)NCC=CCOC(=O)[*],[*]NC(=O)OCC=CCNC(=O)C([*])(C)C,0.000111,-3.9546770212133424,0,-4.31297041743581
29361,CC(C)(CNC(=O)*)C(=O)NCC=CCO*,CC(C)(CNC(=O)[*])C(=O)NCC=CCO[*],[*]CNC(=O)OCC=CCNC(=O)C([*])(C)C,7.54e-05,-4.122628654130226,0,-4.415817373027043
29362,CCC(CNC(=O)C(C)(C)O*)OC(=O)*,CCC(CNC(=O)C(C)(C)O[*])OC(=O)[*],[*]CNC(=O)C(C)(C)OC(=O)OC([*])CC,5.59e-05,-4.252588192113577,3,-4.25031189562523
29363,CCC(CNC(=O)NCC(C)N*)OC(=O)*,CCC(CNC(=O)NCC(C)N[*])OC(=O)[*],[*]CNC(=O)NCC(C)NC(=O)OC([*])CC,4.33e-05,-4.363512103646634,3,-4.113427864800251
29364,CCN(CCNC(=O)*)C(=O)C(C)C(C)N*,CCN(CCNC(=O)[*])C(=O)C(C)C(C)N[*],[*]CCNC(=O)NC(C)C(C)C(=O)N([*])CC,3.94e-05,-4.404503778174426,1,-4.46493791379918
29365,COC(C)C(C)N(CCO*)CCOC(=O)*,COC(C)C(C)N(CCO[*])CCOC(=O)[*],[*]CCOC(=O)OCCN([*])C(C)C(C)OC,5.39e-05,-4.268411234813262,3,-4.201626090948785
29366,CC(C)(C)C(CNC(=O)*)NC(=O)CCN*,CC(C)(C)C(CNC(=O)[*])NC(=O)CCN[*],[*]CNC(=O)NCCC(=O)NC([*])C(C)(C)C,4.05e-05,-4.392544976785332,3,-4.349560377573677
29368,CCC(N*)C(=O)NCC=CCOC(=O)*,CCC(N[*])C(=O)NCC=CCOC(=O)[*],[*]NC(=O)OCC=CCNC(=O)C([*])CC,8.01e-05,-4.096367483915762,2,-4.4176026403826745
29370,CC(C)C(CNCC(CF)O*)OC(=O)*,CC(C)C(CNCC(CF)O[*])OC(=O)[*],[*]CNCC(CF)OC(=O)OC([*])C(C)C,4.39e-05,-4.357535479757878,3,-4.432260057570293
29371,CC(NC(=O)CC(CNC(=O)*)O*)C(F)F,CC(NC(=O)CC(CNC(=O)[*])O[*])C(F)F,[*]CNC(=O)OC([*])CC(=O)NC(C)C(F)F,8.39e-05,-4.0762380391713,0,-4.278812531749896
29372,CCC=C(F)C(=O)NC(CO*)COC(=O)*,CCC=C(F)C(=O)NC(CO[*])COC(=O)[*],[*]COC(=O)OCC([*])NC(=O)C(F)=CCC,6.69e-05,-4.174573882232177,2,-4.378851881980053
29373,CCC(C)=CC(=O)NC(CO*)COC(=O)*,CCC(C)=CC(=O)NC(CO[*])COC(=O)[*],[*]COC(=O)OCC([*])NC(=O)C=C(C)CC,5.06e-05,-4.295849483160201,3,-4.433072985780993
29374,CC(F)(F)CNC(=O)CC(CNC(=O)*)O*,CC(F)(F)CNC(=O)CC(CNC(=O)[*])O[*],[*]CNC(=O)OC([*])CC(=O)NCC(C)(F)F,7.71e-05,-4.112945621949043,3,-4.297409152312064
29376,CC(O*)C(=O)N(C)C(C)CCOC(=O)*,CC(O[*])C(=O)N(C)C(C)CCOC(=O)[*],[*]OC(=O)OCCC(C)N(C)C(=O)C([*])C,5.1e-05,-4.292429823902063,2,-4.469528780372507
29377,CC(CCO*)NCC=CCOC(=O)*,CC(CCO[*])NCC=CCOC(=O)[*],[*]CCOC(=O)OCC=CCNC([*])C,0.00014,-3.853871964321762,0,-4.098569939868192
29378,CC(F)(F)C(=O)N(CCN*)CCOC(=O)*,CC(F)(F)C(=O)N(CCN[*])CCOC(=O)[*],[*]CCNC(=O)OCCN([*])C(=O)C(C)(F)F,6.66e-05,-4.176525770829699,0,-4.203213461179621
29379,CC(C)CCC(=O)NCC(CNC(=O)*)O*,CC(C)CCC(=O)NCC(CNC(=O)[*])O[*],[*]CNC(=O)OC([*])CNC(=O)CCC(C)C,3.4e-05,-4.468521082957745,3,-4.270020980409219
29380,CC(CCNC(=O)NC(C)CO*)NC(=O)*,CC(CCNC(=O)NC(C)CO[*])NC(=O)[*],[*]COC(=O)NC(C)CCNC(=O)NC([*])C,7.4e-05,-4.130768280269024,3,-4.231280515349801
29381,CCC(CNC(=O)CC(C)N*)NC(=O)*,CCC(CNC(=O)CC(C)N[*])NC(=O)[*],[*]CNC(=O)CC(C)NC(=O)NC([*])CC,5.01e-05,-4.300162274132754,3,-4.202995502876855
29382,CCN(CCN*)C(=O)C(C)CNC(=O)*,CCN(CCN[*])C(=O)C(C)CNC(=O)[*],[*]CCNC(=O)NCC(C)C(=O)N([*])CC,6.14e-05,-4.211831628858833,0,-4.35443711269121
29383,CC(C)CCNC(=O)CC(CNC(=O)*)O*,CC(C)CCNC(=O)CC(CNC(=O)[*])O[*],[*]CNC(=O)OC([*])CC(=O)NCCC(C)C,4.36e-05,-4.360513510731414,0,-4.377863227368961
29384,CC(CNCC(C)(OC(=O)*)C(F)F)O*,CC(CNCC(C)(OC(=O)[*])C(F)F)O[*],[*]CNCC(C)(OC(=O)OC([*])C)C(F)F,8.84e-05,-4.053547734986927,0,-4.114462090392089
29385,CC(CC(C)NC(=O)NCCNC(=O)*)N*,CC(CC(C)NC(=O)NCCNC(=O)[*])N[*],[*]CC(C)NC(=O)NCCNC(=O)NC([*])C,6.13e-05,-4.212539525481585,2,-4.354493216288015
29386,CC(CN(C)C(=O)CC(C)(C)N*)NC(=O)*,CC(CN(C)C(=O)CC(C)(C)N[*])NC(=O)[*],[*]CN(C)C(=O)CC(C)(C)NC(=O)NC([*])C,4.05e-05,-4.392544976785332,2,-4.355822655253764
29388,CC(OC(=O)*)C(=O)NC(CCF)CO*,CC(OC(=O)[*])C(=O)NC(CCF)CO[*],[*]OC(=O)OCC(CCF)NC(=O)C([*])C,3.61e-05,-4.442492798094342,2,-4.3805751173481084
29389,CN(CCCF)CC(COC(=O)*)O*,CN(CCCF)CC(COC(=O)[*])O[*],[*]COC(=O)OC([*])CN(C)CCCF,4.86e-05,-4.313363730737707,0,-4.275824994202576
29390,CC(C)(CN*)CC(=O)NCCNC(=O)*,CC(C)(CN[*])CC(=O)NCCNC(=O)[*],[*]CNC(=O)NCCNC(=O)CC([*])(C)C,6.24e-05,-4.204815410317576,2,-4.292842233258368
29391,CCN(CCN*)C(=O)CCNC(=O)*,CCN(CCN[*])C(=O)CCNC(=O)[*],[*]CCNC(=O)NCCC(=O)N([*])CC,4.58e-05,-4.33913452199613,1,-4.175556051903203
29392,CC(CCNC(=O)N(C)CCN*)NC(=O)*,CC(CCNC(=O)N(C)CCN[*])NC(=O)[*],[*]CCNC(=O)N(C)CCNC(=O)NC([*])C,5.08e-05,-4.294136287716081,2,-4.213113568273621
29393,CC(C)CCC(COC(=O)*)NC(=O)CO*,CC(C)CCC(COC(=O)[*])NC(=O)CO[*],[*]COC(=O)OCC(=O)NC([*])CCC(C)C,4.62e-05,-4.335358024443875,0,-4.227257942744412
29394,COCC(C)(CO*)NCCCOC(=O)*,COCC(C)(CO[*])NCCCOC(=O)[*],[*]COC(=O)OCCCNC([*])(C)COC,0.000123,-3.910094888560602,3,-4.263108556704217
29395,CN(CCN*)C(=O)CC(C)(C)NC(=O)*,CN(CCN[*])C(=O)CC(C)(C)NC(=O)[*],[*]CCNC(=O)NC(C)(C)CC(=O)N([*])C,3.17e-05,-4.498940737782249,1,-4.457217009140227
29396,CCC(CNC(=O)NC(C)CNC(=O)*)O*,CCC(CNC(=O)NC(C)CNC(=O)[*])O[*],[*]CNC(=O)NC(C)CNC(=O)OC([*])CC,5.48e-05,-4.261219441515631,1,-4.215575712277809
29397,CCC(CC)(CN(C)C(=O)COC(=O)*)O*,CCC(CC)(CN(C)C(=O)COC(=O)[*])O[*],[*]CN(C)C(=O)COC(=O)OC([*])(CC)CC,4.18e-05,-4.3788237182249645,0,-4.566575085623102
29398,CCN(CCN*)CC(C)NC(=O)*,CCN(CCN[*])CC(C)NC(=O)[*],[*]CCNC(=O)NC(C)CN([*])CC,0.000132,-3.87942606879415,2,-4.147895708283223
29399,CC(CCONC(=N)CCO*)OC(=O)*,CC(CCONC(=N)CCO[*])OC(=O)[*],[*]CCONC(=N)CCOC(=O)OC([*])C,5.79e-05,-4.237321436272564,1,-4.110845464892517
29400,CC(CC(C)NC(=O)CC(C)NC(=O)*)N*,CC(CC(C)NC(=O)CC(C)NC(=O)[*])N[*],[*]CC(C)NC(=O)NC(C)CC(=O)NC([*])C,3.63e-05,-4.440093374963888,1,-4.37745570851785
29401,CC(NC(=O)*)C(=O)NC(C)(C)CCN*,CC(NC(=O)[*])C(=O)NC(C)(C)CCN[*],[*]NC(=O)NCCC(C)(C)NC(=O)C([*])C,3.29e-05,-4.482804102050026,3,-4.329742836430054
29402,CC(CC(C)NC(=O)C(C)N*)NC(=O)*,CC(CC(C)NC(=O)C(C)N[*])NC(=O)[*],[*]CC(C)NC(=O)C(C)NC(=O)NC([*])C,4.18e-05,-4.3788237182249645,1,-4.413100116412558
29403,CCC(NC(=O)COC(=O)*)C(O*)C(C)C,CCC(NC(=O)COC(=O)[*])C(O[*])C(C)C,[*]NC(=O)COC(=O)OC(C(C)C)C([*])CC,3.93e-05,-4.405607449624573,2,-4.46592864195308
29404,CCC(NC(=O)*)C(=O)N(C)CC(C)(C)N*,CCC(NC(=O)[*])C(=O)N(C)CC(C)(C)N[*],[*]NC(=O)NC(C)(C)CN(C)C(=O)C([*])CC,5.94e-05,-4.226213555018807,2,-4.539496550351104
29405,CCC(C)(O*)C(=O)NCC=CCOC(=O)*,CCC(C)(O[*])C(=O)NCC=CCOC(=O)[*],[*]OC(=O)OCC=CCNC(=O)C([*])(C)CC,4.87e-05,-4.3124710387853655,0,-4.343263191164314
29406,CC(CN(C)C(=O)C(C)(C)NC(=O)*)N*,CC(CN(C)C(=O)C(C)(C)NC(=O)[*])N[*],[*]CN(C)C(=O)C(C)(C)NC(=O)NC([*])C,5.07e-05,-4.294992040666664,1,-4.4101356976927715
29408,CNCC(C)(CN(C)CC(C)N*)OC(=O)*,CNCC(C)(CN(C)CC(C)N[*])OC(=O)[*],[*]CN(C)CC(C)NC(=O)OC([*])(C)CNC,3.98e-05,-4.400116927926312,2,-4.284752040748907
29409,CC(CCNC(=O)NCC(C)OC(=O)*)N*,CC(CCNC(=O)NCC(C)OC(=O)[*])N[*],[*]CCNC(=O)NCC(C)OC(=O)NC([*])C,5.55e-05,-4.255707016877324,0,-4.2022885946139334
29410,CCCCNC(CN*)CNC(=O)*,CCCCNC(CN[*])CNC(=O)[*],[*]CNC(=O)NCC([*])NCCCC,7.67e-05,-4.115204636051019,2,-4.201330180337166
29411,CC(C)(C)CC(CNC(=O)CO*)OC(=O)*,CC(C)(C)CC(CNC(=O)CO[*])OC(=O)[*],[*]CNC(=O)COC(=O)OC([*])CC(C)(C)C,4.19e-05,-4.377785977033705,3,-4.325163104964724
29412,CC(C)(OC(=O)*)C(=O)NC(CCF)CO*,CC(C)(OC(=O)[*])C(=O)NC(CCF)CO[*],[*]OC(=O)OCC(CCF)NC(=O)C([*])(C)C,4.68e-05,-4.329754146925876,2,-4.425972361980922
29413,CCN(CC(COC(=O)*)O*)C(C)C(=O)O,CCN(CC(COC(=O)[*])O[*])C(C)C(=O)O,[*]COC(=O)OC([*])CN(CC)C(C)C(=O)O,2.76e-05,-4.559090917934783,3,-4.454685521842932
29414,CC(C)(CC(=O)O)NCC(CO*)OC(=O)*,CC(C)(CC(=O)O)NCC(CO[*])OC(=O)[*],[*]COC(=O)OC([*])CNC(C)(C)CC(=O)O,2.03e-05,-4.692503962086787,2,-4.35092788227455
29415,CC(CN*)C(=O)NCC=CCOC(=O)*,CC(CN[*])C(=O)NCC=CCOC(=O)[*],[*]CNC(=O)OCC=CCNC(=O)C([*])C,7.94e-05,-4.100179497572904,0,-4.226520777125328
29416,CC(C)C(OC(=O)*)C(=O)NCC=CCO*,CC(C)C(OC(=O)[*])C(=O)NCC=CCO[*],[*]OC(=O)OCC=CCNC(=O)C([*])C(C)C,8.28e-05,-4.08196966321512,0,-4.38769126116745
29417,CCC(F)(F)C(=O)NC(CO*)COC(=O)*,CCC(F)(F)C(=O)NC(CO[*])COC(=O)[*],[*]COC(=O)OCC([*])NC(=O)C(F)(F)CC,4.49e-05,-4.347753658996677,1,-4.354732532355957
29418,CC(CN(C)C(=O)NC(C)CNC(=O)*)N*,CC(CN(C)C(=O)NC(C)CNC(=O)[*])N[*],[*]CN(C)C(=O)NC(C)CNC(=O)NC([*])C,6.63e-05,-4.178486471595227,1,-4.2906168201001025
29419,CC(CCN(C)C(=O)CO*)OC(=O)*,CC(CCN(C)C(=O)CO[*])OC(=O)[*],[*]CCN(C)C(=O)COC(=O)OC([*])C,5.31e-05,-4.274905478918531,1,-4.385120043103444
29420,CC(CC(=O)NCC=CCOC(=O)*)N*,CC(CC(=O)NCC=CCOC(=O)[*])N[*],[*]CC(=O)NCC=CCOC(=O)NC([*])C,4.16e-05,-4.380906669373258,1,-4.169836385864951
29421,CCCC(OC(=O)*)C(=O)N(C)CC(C)O*,CCCC(OC(=O)[*])C(=O)N(C)CC(C)O[*],[*]OC(=O)OC(C)CN(C)C(=O)C([*])CCC,4.25e-05,-4.371611069949688,3,-4.4576685495544615
29423,CCC(CNC(=O)C(CC)NC(=O)*)N*,CCC(CNC(=O)C(CC)NC(=O)[*])N[*],[*]CNC(=O)C(CC)NC(=O)NC([*])CC,4.65e-05,-4.332547047110047,2,-4.353467890758221
29424,CC(C)(C)S(=O)(=O)CC(COC(=O)*)O*,CC(C)(C)S(=O)(=O)CC(COC(=O)[*])O[*],[*]COC(=O)OC([*])CS(=O)(=O)C(C)(C)C,5.99e-05,-4.2225731776106885,0,-4.434936846876281
29425,CC(C)(COC(=O)*)C(=O)NOCCO*,CC(C)(COC(=O)[*])C(=O)NOCCO[*],[*]COC(=O)OCCONC(=O)C([*])(C)C,8.49e-05,-4.071092309756048,0,-4.2702899370234615
29426,CC(CN*)C(=O)NC(C)C(C)(C)OC(=O)*,CC(CN[*])C(=O)NC(C)C(C)(C)OC(=O)[*],[*]CNC(=O)OC(C)(C)C(C)NC(=O)C([*])C,3.71e-05,-4.430626090384954,2,-4.328203289684807
29427,CCC(CNC(=O)C(C)N*)NC(=O)*,CCC(CNC(=O)C(C)N[*])NC(=O)[*],[*]CNC(=O)C(C)NC(=O)NC([*])CC,5.07e-05,-4.294992040666664,0,-4.274910729096826
29428,COCC(C)(COC(=O)*)NCC(C)O*,COCC(C)(COC(=O)[*])NCC(C)O[*],[*]COC(=O)OC(C)CNC([*])(C)COC,5.41e-05,-4.266802734893431,1,-4.2484624966621185
29429,CC(CN*)NC(=O)N(C)CCCNC(=O)*,CC(CN[*])NC(=O)N(C)CCCNC(=O)[*],[*]CNC(=O)NCCCN(C)C(=O)NC([*])C,4.03e-05,-4.394694953858891,3,-4.293596994137629
29430,CCCN(C)C(=O)CC(CN*)OC(=O)*,CCCN(C)C(=O)CC(CN[*])OC(=O)[*],[*]CNC(=O)OC([*])CC(=O)N(C)CCC,5.7e-05,-4.2441251443275085,0,-4.414639663541316
29432,CCCC(O*)C(=O)NCC=CCOC(=O)*,CCCC(O[*])C(=O)NCC=CCOC(=O)[*],[*]OC(=O)OCC=CCNC(=O)C([*])CCC,7.54e-05,-4.122628654130226,2,-4.308996935346657
29433,CCC(CNC(=O)C(C)CNC(=O)*)N*,CCC(CNC(=O)C(C)CNC(=O)[*])N[*],[*]CNC(=O)C(C)CNC(=O)NC([*])CC,3.89e-05,-4.410050398674293,3,-4.293038176198118
29434,COCCCCCNC(CO*)COC(=O)*,COCCCCCNC(CO[*])COC(=O)[*],[*]COC(=O)OCC([*])NCCCCCOC,5.04e-05,-4.297569463554475,2,-3.989417421427738
29435,CCC(NC(=O)*)C(=O)N(C)CCN*,CCC(NC(=O)[*])C(=O)N(C)CCN[*],[*]NC(=O)NCCN(C)C(=O)C([*])CC,5.69e-05,-4.244887733604929,3,-4.3463811181370895
29436,O=C(CC(CN*)OC(=O)*)NCC(F)F,O=C(CC(CN[*])OC(=O)[*])NCC(F)F,[*]CNC(=O)OC([*])CC(=O)NCC(F)F,5.62e-05,-4.250263684430939,3,-4.233481688097739
29437,CC(C)CCC(N*)C(=O)NCCNC(=O)*,CC(C)CCC(N[*])C(=O)NCCNC(=O)[*],[*]NC(=O)NCCNC(=O)C([*])CCC(C)C,6.1e-05,-4.214670164989233,2,-4.215928572735205
29439,CC(NC(=O)*)C(=O)NCC(CO*)C(C)C,CC(NC(=O)[*])C(=O)NCC(CO[*])C(C)C,[*]NC(=O)OCC(CNC(=O)C([*])C)C(C)C,4.53e-05,-4.343901797987168,3,-4.478642383857644
29440,CC(NCC=CCOC(=O)*)C(C)O*,CC(NCC=CCOC(=O)[*])C(C)O[*],[*]NCC=CCOC(=O)OC(C)C([*])C,9.52e-05,-4.021363051615526,2,-4.210818732123933
29441,CN(CC(C)(C)N*)C(=O)CCCNC(=O)*,CN(CC(C)(C)N[*])C(=O)CCCNC(=O)[*],[*]CC(C)(C)NC(=O)NCCCC(=O)N([*])C,3.55e-05,-4.449771646944906,0,-4.346901562052077
29442,CC(CN*)CNC(=O)C(C)CNC(=O)*,CC(CN[*])CNC(=O)C(C)CNC(=O)[*],[*]CNC(=O)NCC(C)C(=O)NCC([*])C,4.32e-05,-4.364516253185088,1,-4.312952605204396
29443,CC(CNC(=O)C(C)N*)CC(C)OC(=O)*,CC(CNC(=O)C(C)N[*])CC(C)OC(=O)[*],[*]CNC(=O)C(C)NC(=O)OC(C)CC([*])C,3.46e-05,-4.460923901207224,2,-4.324850972240062
29444,CN(CCCN*)C(=O)CCCCNC(=O)*,CN(CCCN[*])C(=O)CCCCNC(=O)[*],[*]CCCNC(=O)NCCCCC(=O)N([*])C,6.02e-05,-4.220403508742176,0,-4.325048080155781
29445,CCN(CCN*)CC(C)(CNC)OC(=O)*,CCN(CCN[*])CC(C)(CNC)OC(=O)[*],[*]CCNC(=O)OC(C)(CNC)CN([*])CC,5.78e-05,-4.238072161579471,3,-4.391848524479048
29448,CC(CNCC=CCO*)OC(=O)*,CC(CNCC=CCO[*])OC(=O)[*],[*]CNCC=CCOC(=O)OC([*])C,0.000106,-3.9746941347352296,2,-4.120744225488333
29449,CC(C)C(NC(=O)*)C(=O)N(C)CCN*,CC(C)C(NC(=O)[*])C(=O)N(C)CCN[*],[*]NC(=O)NCCN(C)C(=O)C([*])C(C)C,3.87e-05,-4.412289034981089,2,-4.447678962622198
29451,CC(CN(C)C(=O)CCCNC(=O)*)N*,CC(CN(C)C(=O)CCCNC(=O)[*])N[*],[*]CN(C)C(=O)CCCNC(=O)NC([*])C,5.32e-05,-4.274088367704952,0,-4.345399175611743
29452,CCC(C)(O*)C(=O)N(C)CC(C)OC(=O)*,CCC(C)(O[*])C(=O)N(C)CC(C)OC(=O)[*],[*]OC(=O)OC(C)CN(C)C(=O)C([*])(C)CC,2.3e-05,-4.638272163982407,1,-4.419310915393468
29454,CC(CNC(=O)*)C(=O)N(C)CC(C)(C)N*,CC(CNC(=O)[*])C(=O)N(C)CC(C)(C)N[*],[*]CNC(=O)NC(C)(C)CN(C)C(=O)C([*])C,3.42e-05,-4.465973893943865,1,-4.461363382495264
29455,CC(CC(C)NC(=O)CCNC(=O)*)N*,CC(CC(C)NC(=O)CCNC(=O)[*])N[*],[*]CC(C)NC(=O)NCCC(=O)NC([*])C,6.24e-05,-4.204815410317576,0,-4.420418984408036
29456,CC(CCNC(=O)NC(C)CN*)NC(=O)*,CC(CCNC(=O)NC(C)CN[*])NC(=O)[*],[*]CCNC(=O)NC(C)CNC(=O)NC([*])C,4.91e-05,-4.308918507877031,0,-4.205308678092096
29457,CC(C)NC(=S)NCC(CO*)OC(=O)*,CC(C)NC(=S)NCC(CO[*])OC(=O)[*],[*]COC(=O)OC([*])CNC(=S)NC(C)C,2.43e-05,-4.614393726401688,0,-4.4471216744053566
29458,O=C(*)NCCC(NC(=O)CN*)C(F)(F)F,O=C([*])NCCC(NC(=O)CN[*])C(F)(F)F,[*]CNC(=O)NCCC(NC([*])=O)C(F)(F)F,4.89e-05,-4.31069114087638,0,-4.171404319411389
29459,COC(=O)C(CCOC(=O)*)OCCCO*,COC(=O)C(CCOC(=O)[*])OCCCO[*],[*]CCOC(=O)OCCCOC([*])C(=O)OC,8.66e-05,-4.062482107982653,3,-4.10079470657904
29460,O=C(CC(CN*)OC(=O)*)NCC=CCl,O=C(CC(CN[*])OC(=O)[*])NCC=CCl,[*]CNC(=O)OC([*])CC(=O)NCC=CCl,5.44e-05,-4.2644011003018205,2,-4.128655132223394
29461,CCCCN(CC)C(=O)C(COC(=O)*)N*,CCCCN(CC)C(=O)C(COC(=O)[*])N[*],[*]COC(=O)NC([*])C(=O)N(CC)CCCC,1.71e-05,-4.767003889607846,0,-4.4255832029436215
29462,COC(=O)C(CCO*)OCCCNC(=O)*,COC(=O)C(CCO[*])OCCCNC(=O)[*],[*]CCOC(=O)NCCCOC([*])C(=O)OC,7.5e-05,-4.1249387366083,0,-4.245237765428753
29463,CC(CNC(=O)NCC=CCO*)NC(=O)*,CC(CNC(=O)NCC=CCO[*])NC(=O)[*],[*]CNC(=O)NCC=CCOC(=O)NC([*])C,3.86e-05,-4.413412695328245,1,-4.220756020557874
29464,CC(CNC(=O)CC(C)(C)CN*)NC(=O)*,CC(CNC(=O)CC(C)(C)CN[*])NC(=O)[*],[*]CNC(=O)CC(C)(C)CNC(=O)NC([*])C,3.86e-05,-4.413412695328245,1,-4.374392678445698
29465,NC(=O)CC(COC(=O)*)O*,NC(=O)CC(COC(=O)[*])O[*],[*]COC(=O)OC([*])CC(N)=O,5.3e-05,-4.275724130399211,1,-4.276906476543853
29466,CCCC(O*)C(=O)N(C)C(C)CNC(=O)*,CCCC(O[*])C(=O)N(C)C(C)CNC(=O)[*],[*]OC(=O)NCC(C)N(C)C(=O)C([*])CCC,1.95e-05,-4.709965388637482,2,-4.423628588893166
29467,CC(NC(=O)*)C(=O)N(C)CCO*,CC(NC(=O)[*])C(=O)N(C)CCO[*],[*]NC(=O)OCCN(C)C(=O)C([*])C,2.77e-05,-4.557520230935552,2,-4.428710198282826
29468,COC(=O)C(CO*)OC(=O)*,COC(=O)C(CO[*])OC(=O)[*],[*]COC(=O)OC([*])C(=O)OC,2.55e-05,-4.5934598195660445,0,-4.327611366286088
29469,COCC(CNCCC(C)CO*)OC(=O)*,COCC(CNCCC(C)CO[*])OC(=O)[*],[*]CNCCC(C)COC(=O)OC([*])COC,0.000105,-3.9788107009300617,3,-4.081311311132117
29470,CC(NC(=O)C(NC(=O)*)C(C)O*)C(F)F,CC(NC(=O)C(NC(=O)[*])C(C)O[*])C(F)F,[*]NC(=O)OC(C)C([*])C(=O)NC(C)C(F)F,4.84e-05,-4.315154638355588,0,-4.420128129910588
29471,CN(C)C(=S)SCC(COC(=O)*)O*,CN(C)C(=S)SCC(COC(=O)[*])O[*],[*]COC(=O)OC([*])CSC(=S)N(C)C,3.08e-05,-4.511449283499556,2,-4.506562642786035
29472,O=C(*)NC(CN*)P(=O)(O)O,O=C([*])NC(CN[*])P(=O)(O)O,[*]NCC(NC([*])=O)P(=O)(O)O,7.93e-05,-4.100726812682396,1,-4.262256911896667
29473,COCC(CO*)OC(=O)*,COCC(CO[*])OC(=O)[*],[*]COC(=O)OC([*])COC,0.000129,-3.889410289700751,2,-4.1607382891465035
29474,COCC(CNC(CCF)COC(=O)*)O*,COCC(CNC(CCF)COC(=O)[*])O[*],[*]CNC(CCF)COC(=O)OC([*])COC,8.37e-05,-4.07727454200674,0,-4.299612739196971
29475,O=C(*)OC(COS)CO*,O=C([*])OC(COS)CO[*],[*]OCC(COS)OC([*])=O,4.65e-05,-4.332547047110047,3,-4.23069964834827
29476,O=C(O)CCC(CN*)(OC(=O)*)C(F)F,O=C(O)CCC(CN[*])(OC(=O)[*])C(F)F,[*]CNC(=O)OC([*])(CCC(=O)O)C(F)F,4.65e-05,-4.332547047110047,0,-4.370715381222528
29477,CC(C)(C)C(OC(=O)*)C(=O)NCCN*,CC(C)(C)C(OC(=O)[*])C(=O)NCCN[*],[*]OC(=O)NCCNC(=O)C([*])C(C)(C)C,2.33e-05,-4.632644078973981,1,-4.344042084795844
29478,O=C(*)NC(COCCN*)C(=O)O,O=C([*])NC(COCCN[*])C(=O)O,[*]NCCOCC(NC([*])=O)C(=O)O,6.87e-05,-4.16304326294045,1,-4.271430235060828
29479,COC(=O)C(CN*)OC(=O)*,COC(=O)C(CN[*])OC(=O)[*],[*]CNC(=O)OC([*])C(=O)OC,4.37e-05,-4.359518563029578,0,-4.358368855600781
29480,CC(CC(=O)OCCCN*)OC(=O)*,CC(CC(=O)OCCCN[*])OC(=O)[*],[*]CC(=O)OCCCNC(=O)OC([*])C,8.01e-05,-4.096367483915762,0,-4.208286961584872
29481,O=C(*)NC(C=COCCN*)C(=O)O,O=C([*])NC(C=COCCN[*])C(=O)O,[*]NCCOC=CC(NC([*])=O)C(=O)O,5.99e-05,-4.2225731776106885,2,-4.236080616196316
29482,CC(CONC(=O)C(C)C(C)NC(=O)*)N*,CC(CONC(=O)C(C)C(C)NC(=O)[*])N[*],[*]CONC(=O)C(C)C(C)NC(=O)NC([*])C,6.32e-05,-4.199282921717615,2,-4.435582602468406
29483,CC(NC(=O)C(CO*)NC(=O)*)C(=O)O,CC(NC(=O)C(CO[*])NC(=O)[*])C(=O)O,[*]COC(=O)NC([*])C(=O)NC(C)C(=O)O,4.84e-05,-4.315154638355588,0,-4.474427740249743
29484,CC(OC(=O)*)C(CO*)S(C)(=O)=O,CC(OC(=O)[*])C(CO[*])S(C)(=O)=O,[*]OC(=O)OCC(C([*])C)S(C)(=O)=O,5.32e-05,-4.274088367704952,2,-4.252824001808744
29485,O=C(*)OCCCCCCCCCN*,O=C([*])OCCCCCCCCCN[*],[*]NCCCCCCCCCOC([*])=O,7.98e-05,-4.09799710864927,3,-4.097807231272997
29486,CC(C)C(CCNC(=O)CO*)OC(=O)*,CC(C)C(CCNC(=O)CO[*])OC(=O)[*],[*]CCNC(=O)COC(=O)OC([*])C(C)C,4.24e-05,-4.372634143407267,2,-4.429535108973635
29487,CC(NC(=O)C(CO*)NC(=O)*)C(F)F,CC(NC(=O)C(CO[*])NC(=O)[*])C(F)F,[*]COC(=O)NC([*])C(=O)NC(C)C(F)F,4.07e-05,-4.39040559077478,1,-4.38827518085863
29488,COC(=O)C(C)(CO*)OC(=O)*,COC(=O)C(C)(CO[*])OC(=O)[*],[*]COC(=O)OC([*])(C)C(=O)OC,2.85e-05,-4.54515513999149,0,-4.376221160289193
29489,O=C(*)OC(C(=O)O)C(CN*)C(=O)O,O=C([*])OC(C(=O)O)C(CN[*])C(=O)O,[*]NCC(C(=O)O)C(OC([*])=O)C(=O)O,2.7e-05,-4.568636235841013,3,-4.414869270000243
29490,O=C(*)NCCCCC(N*)P(=O)(O)O,O=C([*])NCCCCC(N[*])P(=O)(O)O,[*]NCCCCC(NC([*])=O)P(=O)(O)O,5.93e-05,-4.226945306635737,3,-4.2834095991302865
29491,O=C(*)NCC(F)(F)CCC(N*)C(=O)O,O=C([*])NCC(F)(F)CCC(N[*])C(=O)O,[*]NCC(F)(F)CCC(NC([*])=O)C(=O)O,4.53e-05,-4.343901797987168,0,-4.499169825200228
29492,C=C(CC)CN(CCO*)CCOC(=O)*,C=C(CC)CN(CCO[*])CCOC(=O)[*],[*]CCOC(=O)OCCN([*])CC(=C)CC,5.55e-05,-4.255707016877324,2,-4.2118854363576474
29493,O=C(*)NCC(F)CCC(N*)C(=O)O,O=C([*])NCC(F)CCC(N[*])C(=O)O,[*]NCC(F)CCC(NC([*])=O)C(=O)O,6.86e-05,-4.163675884293248,0,-4.4252961783332525
29494,O=C(*)NCCOP(=O)(O)OCCN*,O=C([*])NCCOP(=O)(O)OCCN[*],[*]NCCOP(=O)(O)OCCNC([*])=O,5.25e-05,-4.279840696594043,1,-3.8941018692600027
29495,N#CN(CCO*)CCOC(=O)*,N#CN(CCO[*])CCOC(=O)[*],[*]CCOC(=O)OCCN([*])C#N,0.000106,-3.9746941347352296,2,-3.960730243292159
29496,O=C(O)CC(O*)C(OC(=O)*)C(=O)O,O=C(O)CC(O[*])C(OC(=O)[*])C(=O)O,[*]OC(=O)OC(C(=O)O)C([*])CC(=O)O,3.03e-05,-4.518557371497695,2,-4.541330191435999
29497,CCN(C)C(=O)C(NC(=O)*)C(C)(C)O*,CCN(C)C(=O)C(NC(=O)[*])C(C)(C)O[*],[*]NC(=O)OC(C)(C)C([*])C(=O)N(C)CC,3.07e-05,-4.512861624522814,1,-4.5429698810689345
29498,CSCC(CO*)NC(=O)*,CSCC(CO[*])NC(=O)[*],[*]COC(=O)NC([*])CSC,4.38e-05,-4.3585258894959,1,-4.182760522242008
29499,CC(OC(=O)*)C(O*)P(=O)(O)O,CC(OC(=O)[*])C(O[*])P(=O)(O)O,[*]OC(=O)OC(C([*])C)P(=O)(O)O,6.88e-05,-4.162411561764489,0,-4.5078289895718555
29500,CC(N*)S(=O)(=O)C(C)NC(=O)*,CC(N[*])S(=O)(=O)C(C)NC(=O)[*],[*]NC(=O)NC(C)S(=O)(=O)C([*])C,3.88e-05,-4.411168274405793,3,-4.47171140200374
29501,C#CCCCN(CCCOC(=O)*)CCO*,C#CCCCN(CCCOC(=O)[*])CCO[*],[*]CCCOC(=O)OCCN([*])CCCC#C,8.86e-05,-4.052566278112949,1,-3.9366024132039104
29502,CCCN(C)C(=O)C(CCCN*)NC(=O)*,CCCN(C)C(=O)C(CCCN[*])NC(=O)[*],[*]CCCNC(=O)NC([*])C(=O)N(C)CCC,4.44e-05,-4.35261702988538,2,-4.400468095693734
29503,O=C(*)NCC(O*)P(=O)(O)O,O=C([*])NCC(O[*])P(=O)(O)O,[*]NCC(OC([*])=O)P(=O)(O)O,4.66e-05,-4.33161408331,2,-4.252004307740278
29504,O=CN(CCO*)CCOC(=O)*,O=CN(CCO[*])CCOC(=O)[*],[*]CCOC(=O)OCCN([*])C=O,8.94e-05,-4.048662481204082,3,-3.960592676866616
29505,CCC(CO*)(COC(=O)*)N(C)C,CCC(CO[*])(COC(=O)[*])N(C)C,[*]COC(=O)OCC([*])(CC)N(C)C,3.49e-05,-4.45717457304082,1,-4.452822814882396
29506,COC(=O)C(CCN*)NC(=O)*,COC(=O)C(CCN[*])NC(=O)[*],[*]CCNC(=O)NC([*])C(=O)OC,4.64e-05,-4.333482019445119,0,-4.281966224492163
29507,CC(NCC(N*)C(=O)O)OC(=O)*,CC(NCC(N[*])C(=O)O)OC(=O)[*],[*]NCC(NC(=O)OC([*])C)C(=O)O,3.11e-05,-4.507239610973163,3,-4.171696702745585
29508,CCN(CC)C(C)(CNC(=O)*)O*,CCN(CC)C(C)(CNC(=O)[*])O[*],[*]CNC(=O)OC([*])(C)N(CC)CC,6.5e-05,-4.187086643357144,2,-4.3335459343121805
29509,C=CC(CO*)NCCCCCOC(=O)*,C=CC(CO[*])NCCCCCOC(=O)[*],[*]COC(=O)OCCCCCNC([*])C=C,0.000112,-3.9507819773298185,3,-4.072382035507317
29510,C=C(Cl)CN(CCO*)CC(C)OC(=O)*,C=C(Cl)CN(CCO[*])CC(C)OC(=O)[*],[*]CCOC(=O)OC(C)CN([*])CC(=C)Cl,7.11e-05,-4.148130399270234,2,-4.146060876483048
29511,CC(CCOC(=O)*)NC(=O)C(C)O*,CC(CCOC(=O)[*])NC(=O)C(C)O[*],[*]CCOC(=O)OC(C)C(=O)NC([*])C,6.34e-05,-4.197910742118268,2,-4.32380767455291
29512,C=CCCC(CN(C)CCOC(=O)*)O*,C=CCCC(CN(C)CCOC(=O)[*])O[*],[*]CN(C)CCOC(=O)OC([*])CCC=C,9.05e-05,-4.043351420794797,0,-4.097260229903579
29513,CC(OC(=O)*)C(N*)C(=O)NCC(=O)O,CC(OC(=O)[*])C(N[*])C(=O)NCC(=O)O,[*]OC(=O)NC(C(=O)NCC(=O)O)C([*])C,5.55e-05,-4.255707016877324,2,-4.4964753846976535
29514,CC(C)CNC(=O)C(NC(=O)*)C(C)(C)O*,CC(C)CNC(=O)C(NC(=O)[*])C(C)(C)O[*],[*]NC(=O)OC(C)(C)C([*])C(=O)NCC(C)C,3.71e-05,-4.430626090384954,3,-4.504260939043876
29515,CC(=O)CC(O*)C(C)NC(=O)*,CC(=O)CC(O[*])C(C)NC(=O)[*],[*]OC(=O)NC(C)C([*])CC(C)=O,4.94e-05,-4.306273051076353,2,-4.287996346520623
29516,CC(CNC(=O)C(C)(C)OC(=O)*)O*,CC(CNC(=O)C(C)(C)OC(=O)[*])O[*],[*]CNC(=O)C(C)(C)OC(=O)OC([*])C,4.06e-05,-4.391473966422806,2,-4.327441488304225
29517,CC#CCCN(CC(C)OC(=O)*)C(C)CO*,CC#CCCN(CC(C)OC(=O)[*])C(C)CO[*],[*]CC(C)OC(=O)OCC(C)N([*])CCC#CC,6.83e-05,-4.165579296318468,3,-4.3166792232124855
29518,CC(C)CC(N*)C(=O)NCCOC(=O)*,CC(C)CC(N[*])C(=O)NCCOC(=O)[*],[*]NC(=O)OCCNC(=O)C([*])CC(C)C,5.92e-05,-4.22767829327708,1,-4.364476867506716
29519,C=CCCC(C)NC(C)(CO*)COC(=O)*,C=CCCC(C)NC(C)(CO[*])COC(=O)[*],[*]COC(=O)OCC([*])(C)NC(C)CCC=C,1.46e-05,-4.835647144215563,2,-4.502722689856971
29520,COCC(C)CN(CCN*)CCOC(=O)*,COCC(C)CN(CCN[*])CCOC(=O)[*],[*]CCNC(=O)OCCN([*])CC(C)COC,8e-05,-4.096910013008056,0,-3.979688973840005
29521,N=C(N)CCN(CCO*)CCOC(=O)*,N=C(N)CCN(CCO[*])CCOC(=O)[*],[*]CCOC(=O)OCCN([*])CCC(=N)N,0.000109,-3.962573502059376,0,-3.936863494691628
29522,C=CCCC(C)N(CCO*)CCOC(=O)*,C=CCCC(C)N(CCO[*])CCOC(=O)[*],[*]CCOC(=O)OCCN([*])C(C)CCC=C,6.6e-05,-4.180456064458132,1,-4.15325210087863
29523,O=C(*)NCC(=O)NCCO*,O=C([*])NCC(=O)NCCO[*],[*]CNC(=O)OCCNC([*])=O,7.06e-05,-4.151195298948196,2,-4.222618109002068
29524,CCOC(=O)C(CO*)COC(=O)*,CCOC(=O)C(CO[*])COC(=O)[*],[*]COC(=O)OCC([*])C(=O)OCC,4.09e-05,-4.388276691992658,3,-4.406028608558731
29525,C#CCCC(CNC(C)C(C)O*)OC(=O)*,C#CCCC(CNC(C)C(C)O[*])OC(=O)[*],[*]CNC(C)C(C)OC(=O)OC([*])CCC#C,5.82e-05,-4.235077015350112,2,-4.337893969899611
29526,C=CCCCN(CCOC(=O)*)CC(C)O*,C=CCCCN(CCOC(=O)[*])CC(C)O[*],[*]CCOC(=O)OC(C)CN([*])CCCC=C,8.09e-05,-4.092051478387727,2,-4.11807074206967
29527,CC(C)(C)OC(=O)NCC(COC(=O)*)N*,CC(C)(C)OC(=O)NCC(COC(=O)[*])N[*],[*]COC(=O)NC([*])CNC(=O)OC(C)(C)C,4.32e-05,-4.364516253185088,2,-4.229119343356054
29528,C=CCCC(CO*)NCC(CC)OC(=O)*,C=CCCC(CO[*])NCC(CC)OC(=O)[*],[*]COC(=O)OC(CC)CNC([*])CCC=C,8.29e-05,-4.081445469449727,3,-4.1067001154956175
29529,CC(C)C(O*)(C(=O)O)C(C)OC(=O)*,CC(C)C(O[*])(C(=O)O)C(C)OC(=O)[*],[*]OC(=O)OC(C)C([*])(C(=O)O)C(C)C,2.69e-05,-4.570247719997592,0,-4.606809538511867
29530,CCN(CCO*)C(=O)CNC(=O)*,CCN(CCO[*])C(=O)CNC(=O)[*],[*]CCOC(=O)NCC(=O)N([*])CC,6.17e-05,-4.209714835966758,0,-4.204446000100858
29531,C=CC(COC(=O)*)NCCC(C)(C)O*,C=CC(COC(=O)[*])NCCC(C)(C)O[*],[*]COC(=O)OC(C)(C)CCNC([*])C=C,3.16e-05,-4.5003129173815966,2,-4.236855586393737
29532,CC(C)CCC(CNCC#CCOC(=O)*)O*,CC(C)CCC(CNCC#CCOC(=O)[*])O[*],[*]CNCC#CCOC(=O)OC([*])CCC(C)C,4.53e-05,-4.343901797987168,1,-4.279986705794067
29533,CCCC(OC(=O)*)C(=O)NC(C)CN*,CCCC(OC(=O)[*])C(=O)NC(C)CN[*],[*]OC(=O)NCC(C)NC(=O)C([*])CCC,5.98e-05,-4.223298816011589,3,-4.399786807023765
29534,CC(=O)OCNC(NCO*)NCOC(=O)*,CC(=O)OCNC(NCO[*])NCOC(=O)[*],[*]NCOC(=O)OCNC([*])NCOC(C)=O,7.93e-05,-4.100726812682396,0,-4.295980699214193
29535,CCC(=O)OCC(CO*)OC(=O)*,CCC(=O)OCC(CO[*])OC(=O)[*],[*]COC(=O)OC([*])COC(=O)CC,3.28e-05,-4.484126156288321,3,-4.324011723179328
29536,C=CC(O*)C(=O)OCCCCCOC(=O)*,C=CC(O[*])C(=O)OCCCCCOC(=O)[*],[*]OC(=O)OCCCCCOC(=O)C([*])C=C,5.84e-05,-4.2335871528876,1,-4.17907830125163
29537,C=CCCCN(CCCO*)CCOC(=O)*,C=CCCCN(CCCO[*])CCOC(=O)[*],[*]CCCOC(=O)OCCN([*])CCCC=C,8.3e-05,-4.080921907623926,3,-4.035772548268463
29538,CC(CCNC(=O)CNC(=O)*)O*,CC(CCNC(=O)CNC(=O)[*])O[*],[*]CCNC(=O)CNC(=O)OC([*])C,6.08e-05,-4.216096420727265,3,-4.227001836143789
29539,CCOC(=O)N(CO*)COC(=O)*,CCOC(=O)N(CO[*])COC(=O)[*],[*]COC(=O)OCN([*])C(=O)OCC,3.96e-05,-4.402304814074488,3,-4.402722849743686
29540,C=C(C)COC(=O)C(C)(CO*)COC(=O)*,C=C(C)COC(=O)C(C)(CO[*])COC(=O)[*],[*]COC(=O)OCC([*])(C)C(=O)OCC(=C)C,2.46e-05,-4.609064892896621,0,-4.508723722811394
29541,CC(CCOC(=O)*)(CC(=O)O)O*,CC(CCOC(=O)[*])(CC(=O)O)O[*],[*]CCOC(=O)OC([*])(C)CC(=O)O,1.32e-05,-4.87942606879415,1,-4.555136829846989
29542,NC(=O)CC(COC(=O)*)N*,NC(=O)CC(COC(=O)[*])N[*],[*]COC(=O)NC([*])CC(N)=O,7.81e-05,-4.1073489661227,3,-4.1794771885114494
29543,COCC(COC(=O)*)N*,COCC(COC(=O)[*])N[*],[*]COC(=O)NC([*])COC,7.17e-05,-4.1444808443322,3,-4.286133294818645
29544,CCS(=O)(=O)C(CO*)C(C)OC(=O)*,CCS(=O)(=O)C(CO[*])C(C)OC(=O)[*],[*]COC(=O)OC(C)C([*])S(=O)(=O)CC,3.1e-05,-4.508638306165727,0,-4.505343786612142
29545,C=CCN(CC=C)CC(COC(=O)*)O*,C=CCN(CC=C)CC(COC(=O)[*])O[*],[*]COC(=O)OC([*])CN(CC=C)CC=C,7.96e-05,-4.099086932262331,1,-4.074826222560113
29546,CN(C)CC(CN*)OC(=O)*,CN(C)CC(CN[*])OC(=O)[*],[*]CNC(=O)OC([*])CN(C)C,9.01e-05,-4.045275209020937,0,-4.229594737649268
29547,C=CCN(CC(C)O*)C(C)COC(=O)*,C=CCN(CC(C)O[*])C(C)COC(=O)[*],[*]CC(C)OC(=O)OCC(C)N([*])CC=C,5.49e-05,-4.260427655549908,1,-4.387650119973959
29548,C=CC(COC(=O)*)NCCCCCCO*,C=CC(COC(=O)[*])NCCCCCCO[*],[*]COC(=O)OCCCCCCNC([*])C=C,9.42e-05,-4.025949097207123,3,-4.013008655354433
29549,O=C(*)NCC(F)CO*,O=C([*])NCC(F)CO[*],[*]NCC(F)COC([*])=O,8.08e-05,-4.092588639225414,1,-4.276301586491872
29550,O=C(O)CC(NC(=O)*)C(=O)NCCCN*,O=C(O)CC(NC(=O)[*])C(=O)NCCCN[*],[*]NC(=O)NCCCNC(=O)C([*])CC(=O)O,2.76e-05,-4.559090917934783,0,-4.377723427572537
29551,CCOC(=O)C(NC(=O)*)C(CC)O*,CCOC(=O)C(NC(=O)[*])C(CC)O[*],[*]NC(=O)OC(CC)C([*])C(=O)OCC,3.09e-05,-4.510041520575165,3,-4.508637098857113
29552,C=CC(CO*)NCC(OC(=O)*)C(C)C,C=CC(CO[*])NCC(OC(=O)[*])C(C)C,[*]COC(=O)OC(CNC([*])C=C)C(C)C,3.83e-05,-4.416801226031377,0,-4.354890875547706
29553,CCN(CCOC(=O)*)C(=O)C(C)O*,CCN(CCOC(=O)[*])C(=O)C(C)O[*],[*]CCOC(=O)OC(C)C(=O)N([*])CC,3.47e-05,-4.459670525209126,0,-4.411144801095752
29554,C=CCCC(CNC(C=C)CO*)OC(=O)*,C=CCCC(CNC(C=C)CO[*])OC(=O)[*],[*]CNC(C=C)COC(=O)OC([*])CCC=C,4.91e-05,-4.308918507877031,1,-4.2095846560301835
29555,C=CC(O*)C(=O)OCCCC(C)OC(=O)*,C=CC(O[*])C(=O)OCCCC(C)OC(=O)[*],[*]OC(=O)OC(C)CCCOC(=O)C([*])C=C,4.06e-05,-4.391473966422806,0,-4.256724898985298
29556,CCCOCC(CNCCN*)OC(=O)*,CCCOCC(CNCCN[*])OC(=O)[*],[*]CNCCNC(=O)OC([*])COCCC,0.000118,-3.9281179926938745,2,-3.9867334596907194
29557,CC#CCC(COC(=O)*)NC(C)C(C)O*,CC#CCC(COC(=O)[*])NC(C)C(C)O[*],[*]COC(=O)OC(C)C(C)NC([*])CC#CC,2.39e-05,-4.621602099051862,2,-4.430593404047931
29558,CCCCCCCNC(CN*)CNC(=O)*,CCCCCCCNC(CN[*])CNC(=O)[*],[*]CNC(=O)NCC([*])NCCCCCCC,5.65e-05,-4.247951552180561,2,-4.07254719103785
29559,C=CCN(C)CC(C)(CO*)COC(=O)*,C=CCN(C)CC(C)(CO[*])COC(=O)[*],[*]COC(=O)OCC([*])(C)CN(C)CC=C,3.68e-05,-4.434152181326482,2,-4.350079121269124
29560,CC(CNCC(C)(C)NC(=O)*)O*,CC(CNCC(C)(C)NC(=O)[*])O[*],[*]CNCC(C)(C)NC(=O)OC([*])C,7e-05,-4.154901959985743,0,-4.315354756335501
29561,C=CCCC(CN(C)C(C)COC(=O)*)O*,C=CCCC(CN(C)C(C)COC(=O)[*])O[*],[*]CN(C)C(C)COC(=O)OC([*])CCC=C,8.06e-05,-4.09366495819491,3,-4.233257026667488
29562,CCC(O*)C(CC(=O)O)NC(=O)*,CCC(O[*])C(CC(=O)O)NC(=O)[*],[*]OC(=O)NC(CC(=O)O)C([*])CC,4.22e-05,-4.374687549038326,2,-4.631049019795967
29563,COC(=O)C(O*)C(OC(=O)*)C(=O)O,COC(=O)C(O[*])C(OC(=O)[*])C(=O)O,[*]OC(=O)OC(C(=O)O)C([*])C(=O)OC,3.39e-05,-4.4698003017969175,3,-4.630210738425911
29564,CC(CS(=O)(=O)CCCO*)OC(=O)*,CC(CS(=O)(=O)CCCO[*])OC(=O)[*],[*]CS(=O)(=O)CCCOC(=O)OC([*])C,5.21e-05,-4.283162276700476,3,-4.0901992770366045
29565,O=C(*)NC(CC(N*)C(=O)O)C(=O)O,O=C([*])NC(CC(N[*])C(=O)O)C(=O)O,[*]NC(CC(NC([*])=O)C(=O)O)C(=O)O,2.46e-05,-4.609064892896621,3,-4.378960646767319
29566,O=C(CO*)NC(COC(=O)*)C(F)(F)F,O=C(CO[*])NC(COC(=O)[*])C(F)(F)F,[*]COC(=O)OCC(NC([*])=O)C(F)(F)F,6.08e-05,-4.216096420727265,0,-4.190362552023076
29567,O=C(CCO*)NCCC(OC(=O)*)C(F)F,O=C(CCO[*])NCCC(OC(=O)[*])C(F)F,[*]CCOC(=O)OC(CCNC([*])=O)C(F)F,6.02e-05,-4.220403508742176,0,-4.192695718970368
29568,O=C(O)CC(CO*)OC(=O)*,O=C(O)CC(CO[*])OC(=O)[*],[*]COC(=O)OC([*])CC(=O)O,4.15e-05,-4.381951903287908,1,-4.45102337786257
29569,O=C(*)OCC(CC(=O)C(=O)O)O*,O=C([*])OCC(CC(=O)C(=O)O)O[*],[*]OCC(CC(=O)C(=O)O)OC([*])=O,2.92e-05,-4.534617148551582,2,-4.380602445680301
29570,O=C(*)NCC(CN*)OS(=O)(=O)O,O=C([*])NCC(CN[*])OS(=O)(=O)O,[*]NCC(CNC([*])=O)OS(=O)(=O)O,4.39e-05,-4.357535479757878,3,-4.400938168895077
29571,CSCC(CNCC=CCOC(=O)*)O*,CSCC(CNCC=CCOC(=O)[*])O[*],[*]CNCC=CCOC(=O)OC([*])CSC,8.73e-05,-4.058985756294431,1,-3.941447942703585
29572,O=C(CCO*)NC(CCF)COC(=O)*,O=C(CCO[*])NC(CCF)COC(=O)[*],[*]CCOC(=O)OCC(CCF)NC([*])=O,6.61e-05,-4.179798540514359,1,-4.253214135019499
29573,O=C(*)OCC(CO*)OP(=O)(O)O,O=C([*])OCC(CO[*])OP(=O)(O)O,[*]OCC(COC([*])=O)OP(=O)(O)O,5.28e-05,-4.277366077466188,0,-4.278017937791499
29574,CC(=O)NC(O*)C(NC(C)=O)OC(=O)*,CC(=O)NC(O[*])C(NC(C)=O)OC(=O)[*],[*]OC(=O)OC(NC(C)=O)C([*])NC(C)=O,2.6e-05,-4.585026652029182,2,-4.0055892969164635
29575,CNC(=O)C(N*)C(C)OC(=O)*,CNC(=O)C(N[*])C(C)OC(=O)[*],[*]NC(=O)OC(C)C([*])C(=O)NC,4.25e-05,-4.371611069949688,2,-4.380482687600191
29576,CC(CN*)NC(=O)CC(NC(=O)*)C(F)F,CC(CN[*])NC(=O)CC(NC(=O)[*])C(F)F,[*]CNC(=O)NC(CC(=O)NC([*])C)C(F)F,6.18e-05,-4.209011524911184,0,-4.187164672291191
29577,CSC=CC(=O)NCC(CO*)OC(=O)*,CSC=CC(=O)NCC(CO[*])OC(=O)[*],[*]COC(=O)OC([*])CNC(=O)C=CSC,4.65e-05,-4.332547047110047,1,-4.109668007168319
29578,CC(=O)OCC(CO*)OC(=O)*,CC(=O)OCC(CO[*])OC(=O)[*],[*]COC(=O)OC([*])COC(C)=O,4.73e-05,-4.325138859262188,1,-4.223624854670275
29579,CC(CCNCC(C)O*)COC(=O)*,CC(CCNCC(C)O[*])COC(=O)[*],[*]CCNCC(C)OC(=O)OCC([*])C,0.000118,-3.9281179926938745,3,-4.263251366977209
29580,CN(CCN*)C(=O)CC(NC(=O)*)C(F)F,CN(CCN[*])C(=O)CC(NC(=O)[*])C(F)F,[*]CCNC(=O)NC(CC(=O)N([*])C)C(F)F,5.33e-05,-4.273272790973428,3,-4.380171636596852
29581,CC(N*)C(=O)NCCCOC(=O)*,CC(N[*])C(=O)NCCCOC(=O)[*],[*]NC(=O)OCCCNC(=O)C([*])C,7.87e-05,-4.104025267640935,0,-4.231966871183461
29582,O=C(*)OCC(O*)C(=O)O,O=C([*])OCC(O[*])C(=O)O,[*]OCC(OC([*])=O)C(=O)O,2.59e-05,-4.586700235918748,3,-4.5087157981076365
29583,O=CC(=O)CC(CO*)OC(=O)*,O=CC(=O)CC(CO[*])OC(=O)[*],[*]COC(=O)OC([*])CC(=O)C=O,7.14e-05,-4.146301788223826,0,-4.236641691808529
29584,CC(CNCCO*)OC(=O)*,CC(CNCCO[*])OC(=O)[*],[*]CNCCOC(=O)OC([*])C,0.000103,-3.987162775294828,3,-3.9271586954488917
29585,O=C(*)NCC(O*)C(=O)O,O=C([*])NCC(O[*])C(=O)O,[*]NCC(OC([*])=O)C(=O)O,3.86e-05,-4.413412695328245,0,-4.475868099865929
29586,C=CC=CCC(=O)NCC(CO*)OC(=O)*,C=CC=CCC(=O)NCC(CO[*])OC(=O)[*],[*]COC(=O)OC([*])CNC(=O)CC=CC=C,3.53e-05,-4.452225294612178,0,-4.368678710206456
29587,O=C(*)NC(CCO*)P(=O)(O)O,O=C([*])NC(CCO[*])P(=O)(O)O,[*]NC(CCOC([*])=O)P(=O)(O)O,3.25e-05,-4.488116639021126,0,-4.307309621435609
29588,CNCC(CO*)OC(=O)*,CNCC(CO[*])OC(=O)[*],[*]COC(=O)OC([*])CNC,0.000145,-3.838631997765025,0,-4.317452925817579
29589,COC(=O)C(CCNC(=O)*)O*,COC(=O)C(CCNC(=O)[*])O[*],[*]CCNC(=O)OC([*])C(=O)OC,3.52e-05,-4.453457336521869,2,-4.325757560300883
29590,CC(=O)NC(CO*)COC(=O)*,CC(=O)NC(CO[*])COC(=O)[*],[*]COC(=O)OCC([*])NC(C)=O,5.4e-05,-4.267606240177032,0,-4.248097806059993
29591,CC(=O)C(COC(=O)*)O*,CC(=O)C(COC(=O)[*])O[*],[*]COC(=O)OC([*])C(C)=O,5.41e-05,-4.266802734893431,1,-4.345324981202887
29592,CC(OC(=O)*)(C(N*)C(=O)O)C(F)(F)F,CC(OC(=O)[*])(C(N[*])C(=O)O)C(F)(F)F,[*]OC(=O)NC(C(=O)O)C([*])(C)C(F)(F)F,2.16e-05,-4.665546248849069,3,-4.306656199209214
29593,CC(CNC(=O)C(C)OC(=O)*)O*,CC(CNC(=O)C(C)OC(=O)[*])O[*],[*]CNC(=O)C(C)OC(=O)OC([*])C,6.6e-05,-4.180456064458132,1,-4.275263400127142
29594,CC(C)(COC(=O)*)C(O*)C(N)=O,CC(C)(COC(=O)[*])C(O[*])C(N)=O,[*]COC(=O)OC(C(N)=O)C([*])(C)C,3.83e-05,-4.416801226031377,3,-4.326152371570913
29595,CC(C)C(C)(C)NC(=O)C(COC(=O)*)N*,CC(C)C(C)(C)NC(=O)C(COC(=O)[*])N[*],[*]COC(=O)NC([*])C(=O)NC(C)(C)C(C)C,2.46e-05,-4.609064892896621,0,-4.506114679955966
29596,CN(CCOC(=O)*)C(=O)CN*,CN(CCOC(=O)[*])C(=O)CN[*],[*]CCOC(=O)NCC(=O)N([*])C,6.34e-05,-4.197910742118268,2,-4.22874342175681
29597,O=C(*)NCCNCCN*,O=C([*])NCCNCCN[*],[*]NCCNCCNC([*])=O,0.000136,-3.866461091629783,3,-4.0014206997252
29598,O=C(*)NCCO*,O=C([*])NCCO[*],[*]NCCOC([*])=O,5.51e-05,-4.258848401148215,1,-3.972896853585193
29599,CS(=O)(=O)CC(CNC(=O)*)O*,CS(=O)(=O)CC(CNC(=O)[*])O[*],[*]CNC(=O)OC([*])CS(C)(=O)=O,3.79e-05,-4.421360790031928,1,-4.258547968684777
29600,CCC(COC(=O)*)C(=O)NCC=CCO*,CCC(COC(=O)[*])C(=O)NCC=CCO[*],[*]COC(=O)OCC=CCNC(=O)C([*])CC,5.7e-05,-4.2441251443275085,3,-4.230575429337119
29601,CC(NC(=O)*)C(CO*)S(C)(=O)=O,CC(NC(=O)[*])C(CO[*])S(C)(=O)=O,[*]NC(=O)OCC(C([*])C)S(C)(=O)=O,3.92e-05,-4.406713932979542,2,-4.267005112872492
29602,COC(CNC(=O)*)CO*,COC(CNC(=O)[*])CO[*],[*]CNC(=O)OCC([*])OC,5.46e-05,-4.262807357295263,3,-4.209725970052517
29603,COC(=O)C(O*)C(OC(=O)*)C(=O)OC,COC(=O)C(O[*])C(OC(=O)[*])C(=O)OC,[*]OC(=O)OC(C(=O)OC)C([*])C(=O)OC,1.94e-05,-4.7121982700697735,0,-4.518500841857465
29604,COC(=O)C(NC(=O)*)C(C)O*,COC(=O)C(NC(=O)[*])C(C)O[*],[*]NC(=O)OC(C)C([*])C(=O)OC,4.64e-05,-4.333482019445119,1,-4.481216700422999
29605,O=C(O)CNC(=O)C(COC(=O)*)N*,O=C(O)CNC(=O)C(COC(=O)[*])N[*],[*]COC(=O)NC([*])C(=O)NCC(=O)O,5.81e-05,-4.235823867609669,3,-4.26207264814495
29606,COC(=O)CC(COC(=O)*)O*,COC(=O)CC(COC(=O)[*])O[*],[*]COC(=O)OC([*])CC(=O)OC,5.34e-05,-4.272458742971444,1,-4.41116573022614
29607,NC(=O)C(OC(=O)*)C(O*)C(=O)O,NC(=O)C(OC(=O)[*])C(O[*])C(=O)O,[*]OC(=O)OC(C(=O)O)C([*])C(N)=O,7.32e-05,-4.135488918941608,1,-4.60315368222226
29608,O=C(*)NCC(=O)NCCCNC(=O)CN*,O=C([*])NCC(=O)NCCCNC(=O)CN[*],[*]CNC(=O)NCC(=O)NCCCNC([*])=O,5.29e-05,-4.276544327964814,0,-4.03238250890489
29609,CC(O*)C(NC(=O)*)C(=O)O,CC(O[*])C(NC(=O)[*])C(=O)O,[*]OC(=O)NC(C(=O)O)C([*])C,5.26e-05,-4.279014255846261,1,-4.5030292592814885
29610,O=C(O)CC(N*)C(CC(=O)O)NC(=O)*,O=C(O)CC(N[*])C(CC(=O)O)NC(=O)[*],[*]NC(=O)NC(CC(=O)O)C([*])CC(=O)O,4.04e-05,-4.393618634889395,1,-4.600336301317732
29611,O=C(*)NCC(=O)NCCCO*,O=C([*])NCC(=O)NCCCO[*],[*]CNC(=O)OCCCNC([*])=O,5.58e-05,-4.253365801062421,2,-4.1718818453090325
29612,CN(CC(C)(C)CO*)C(=O)CCNC(=O)*,CN(CC(C)(C)CO[*])C(=O)CCNC(=O)[*],[*]CC(C)(C)COC(=O)NCCC(=O)N([*])C,3.45e-05,-4.462180904926726,3,-4.430598724097341
29613,CC(CS(=O)(=O)CC(C)OC(=O)*)O*,CC(CS(=O)(=O)CC(C)OC(=O)[*])O[*],[*]CS(=O)(=O)CC(C)OC(=O)OC([*])C,4.61e-05,-4.336299074610352,3,-4.282450940808492
29614,CC(C)N(C)C(=O)C(N*)C(C)(C)OC(=O)*,CC(C)N(C)C(=O)C(N[*])C(C)(C)OC(=O)[*],[*]NC(=O)OC(C)(C)C([*])C(=O)N(C)C(C)C,1.27e-05,-4.896196279044043,1,-4.497098222652616
29615,CN(CCOC(=O)*)C(=O)CCCCCO*,CN(CCOC(=O)[*])C(=O)CCCCCO[*],[*]CCOC(=O)OCCCCCC(=O)N([*])C,4.77e-05,-4.321481620959886,1,-4.109035772417835
29616,COC(=O)C(N*)C(OC(=O)*)C(=O)OC,COC(=O)C(N[*])C(OC(=O)[*])C(=O)OC,[*]NC(=O)OC(C(=O)OC)C([*])C(=O)OC,4.41e-05,-4.355561410532162,2,-4.50234046821936
29617,CON(C)C(=O)C(C)(CO*)OC(=O)*,CON(C)C(=O)C(C)(CO[*])OC(=O)[*],[*]COC(=O)OC([*])(C)C(=O)N(C)OC,6.37e-05,-4.195860567664649,3,-4.430355221507141
29618,C=CC(=O)OCC(COC(=O)*)O*,C=CC(=O)OCC(COC(=O)[*])O[*],[*]COC(=O)OC([*])COC(=O)C=C,4.74e-05,-4.324221658325915,2,-4.278798501341948
29619,CC(CO*)NNC(C)COC(=O)*,CC(CO[*])NNC(C)COC(=O)[*],[*]COC(=O)OCC(C)NNC([*])C,8.4e-05,-4.075720713938118,2,-4.2705373771572654
29620,NNC(=S)N(CCO*)CCOC(=O)*,NNC(=S)N(CCO[*])CCOC(=O)[*],[*]CCOC(=O)OCCN([*])C(=S)NN,0.000113,-3.946921556516581,3,-4.263237333070371
29621,CC=C(CC)C(=O)NCC(CO*)OC(=O)*,CC=C(CC)C(=O)NCC(CO[*])OC(=O)[*],[*]COC(=O)OC([*])CNC(=O)C(=CC)CC,6.01e-05,-4.221125527997261,2,-4.560742802598181
29622,O=C(CO*)NCCOC(=O)*,O=C(CO[*])NCCOC(=O)[*],[*]COC(=O)OCCNC([*])=O,7.79e-05,-4.108462542327436,3,-3.999796248204924
29623,O=C(*)OCCC(N*)C(=O)O,O=C([*])OCCC(N[*])C(=O)O,[*]NC(CCOC([*])=O)C(=O)O,2.66e-05,-4.575118363368933,2,-4.419942960568634
29624,CC(NC(=O)*)C(=O)NCC(C)(C)C(C)O*,CC(NC(=O)[*])C(=O)NCC(C)(C)C(C)O[*],[*]NC(=O)OC(C)C(C)(C)CNC(=O)C([*])C,2.14e-05,-4.669586226650809,0,-4.640412640910475
29625,CCC(CNCCO*)OC(=O)*,CCC(CNCCO[*])OC(=O)[*],[*]CNCCOC(=O)OC([*])CC,0.00012,-3.9208187539523753,1,-4.030723392603772
29626,CN(CC(F)F)C(=O)C(COC(=O)*)N*,CN(CC(F)F)C(=O)C(COC(=O)[*])N[*],[*]COC(=O)NC([*])C(=O)N(C)CC(F)F,4.65e-05,-4.332547047110047,1,-4.297595007352254
29627,O=C(CN*)NC(COC(=O)*)C(=O)O,O=C(CN[*])NC(COC(=O)[*])C(=O)O,[*]CNC(=O)OCC(NC([*])=O)C(=O)O,4.19e-05,-4.377785977033705,0,-4.357324185350059
29628,O=C(*)OCC(CS(=O)(=O)O)O*,O=C([*])OCC(CS(=O)(=O)O)O[*],[*]OCC(CS(=O)(=O)O)OC([*])=O,2.67e-05,-4.573488738635425,1,-4.398299783906793
29629,O=C(*)NC(CCCC(N*)C(=O)O)C(=O)O,O=C([*])NC(CCCC(N[*])C(=O)O)C(=O)O,[*]NC(CCCC(NC([*])=O)C(=O)O)C(=O)O,3.13e-05,-4.504455662453552,3,-4.420483425443641
29630,CNC(=O)C(CN*)OC(=O)*,CNC(=O)C(CN[*])OC(=O)[*],[*]CNC(=O)OC([*])C(=O)NC,3.92e-05,-4.406713932979542,2,-4.200047713472454
29631,CCOC(=O)CC(CN*)OC(=O)*,CCOC(=O)CC(CN[*])OC(=O)[*],[*]CNC(=O)OC([*])CC(=O)OCC,2.76e-05,-4.559090917934783,2,-4.354675234410278
29632,O=C(*)OC(CC(N*)C(=O)O)C(=O)O,O=C([*])OC(CC(N[*])C(=O)O)C(=O)O,[*]NC(CC(OC([*])=O)C(=O)O)C(=O)O,5.28e-05,-4.277366077466188,2,-4.458412994967416
29633,CCC(F)C(=O)NCC(CO*)OC(=O)*,CCC(F)C(=O)NCC(CO[*])OC(=O)[*],[*]COC(=O)OC([*])CNC(=O)C(F)CC,6.35e-05,-4.197226274708024,3,-4.257152326042216
29634,COCC(CNC(=O)*)O*,COCC(CNC(=O)[*])O[*],[*]CNC(=O)OC([*])COC,0.000105,-3.9788107009300617,1,-4.242435367558682
29635,O=C(*)NC(CCN*)C(=O)O,O=C([*])NC(CCN[*])C(=O)O,[*]NCCC(NC([*])=O)C(=O)O,6.68e-05,-4.175223537524454,2,-4.391534612946922
29636,CCS(=O)(=O)C(CO*)C(C)NC(=O)*,CCS(=O)(=O)C(CO[*])C(C)NC(=O)[*],[*]COC(=O)NC(C)C([*])S(=O)(=O)CC,2.6e-05,-4.585026652029182,1,-4.5663119651242905
29637,COC(=O)C(CNC(=O)*)N*,COC(=O)C(CNC(=O)[*])N[*],[*]CNC(=O)NC([*])C(=O)OC,4.92e-05,-4.308034897232639,1,-4.437322902858182
29638,O=C(CCO*)CNC(=O)*,O=C(CCO[*])CNC(=O)[*],[*]CCOC(=O)NCC([*])=O,0.000102,-3.9913998282380825,0,-4.138111969923496
29639,O=C(*)NCCNS(=O)(=O)NCCN*,O=C([*])NCCNS(=O)(=O)NCCN[*],[*]NCCNS(=O)(=O)NCCNC([*])=O,5.08e-05,-4.294136287716081,1,-4.200426932110033
29640,NC(=O)NCCCC(COC(=O)*)N*,NC(=O)NCCCC(COC(=O)[*])N[*],[*]COC(=O)NC([*])CCCNC(N)=O,0.000104,-3.98296666070122,2,-4.1249724109410115
29641,N=C(CO*)NCCOC(=O)*,N=C(CO[*])NCCOC(=O)[*],[*]COC(=O)OCCNC([*])=N,8.02e-05,-4.095825631715837,2,-4.013913621623515
29642,O=C(*)OCCC(O*)C(=O)O,O=C([*])OCCC(O[*])C(=O)O,[*]OCCC(OC([*])=O)C(=O)O,3.32e-05,-4.478861916295964,3,-4.442966894635007
29643,C=CC(CO*)NCC(OC(=O)*)C(F)(F)F,C=CC(CO[*])NCC(OC(=O)[*])C(F)(F)F,[*]COC(=O)OC(CNC([*])C=C)C(F)(F)F,8.27e-05,-4.082494490447453,1,-4.167658096822924
29644,NC(=O)N(CCO*)CCOC(=O)*,NC(=O)N(CCO[*])CCOC(=O)[*],[*]CCOC(=O)OCCN([*])C(N)=O,5.4e-05,-4.267606240177032,3,-4.118908791641166
29645,O=C(*)NC(CCCN*)P(=O)(O)O,O=C([*])NC(CCCN[*])P(=O)(O)O,[*]NCCCC(NC([*])=O)P(=O)(O)O,5.21e-05,-4.283162276700476,0,-4.169707285124527
29646,O=C(O)CC(COC(=O)*)N*,O=C(O)CC(COC(=O)[*])N[*],[*]COC(=O)NC([*])CC(=O)O,3.84e-05,-4.4156687756324695,3,-4.395236396827082
29647,CCNC(=O)C(CC)(CO*)COC(=O)*,CCNC(=O)C(CC)(CO[*])COC(=O)[*],[*]COC(=O)OCC([*])(CC)C(=O)NCC,4.21e-05,-4.375717904164332,3,-4.634402633927398
29648,O=C(*)OCC(COP(=O)(O)O)O*,O=C([*])OCC(COP(=O)(O)O)O[*],[*]OCC(COP(=O)(O)O)OC([*])=O,4.04e-05,-4.393618634889395,1,-4.104796298915499
29649,CC(CN(CC(=O)O)C(C)CO*)OC(=O)*,CC(CN(CC(=O)O)C(C)CO[*])OC(=O)[*],[*]CN(CC(=O)O)C(C)COC(=O)OC([*])C,6.16e-05,-4.210419287835575,0,-4.304218981159678
29650,O=C(*)NCC(N*)C(=O)O,O=C([*])NCC(N[*])C(=O)O,[*]NCC(NC([*])=O)C(=O)O,4.93e-05,-4.30715308072277,0,-4.40726139611092
29651,O=C(CC(=O)NCCOC(=O)*)NCCO*,O=C(CC(=O)NCCOC(=O)[*])NCCO[*],[*]CC(=O)NCCOC(=O)OCCNC([*])=O,9.57e-05,-4.019088062223156,1,-3.9182491387313965
29652,CC(OC(=O)*)C(CN(C)CCC(=O)O)O*,CC(OC(=O)[*])C(CN(C)CCC(=O)O)O[*],[*]OC(=O)OC(CN(C)CCC(=O)O)C([*])C,4.28e-05,-4.368556230986828,0,-4.426053112567231
29653,CCOC(C)(COC(=O)*)O*,CCOC(C)(COC(=O)[*])O[*],[*]COC(=O)OC([*])(C)OCC,8.01e-05,-4.096367483915762,2,-4.338373171071264
29654,COC(=O)C(CO*)(COC(=O)*)C(=O)OC,COC(=O)C(CO[*])(COC(=O)[*])C(=O)OC,[*]COC(=O)OCC([*])(C(=O)OC)C(=O)OC,3.98e-05,-4.400116927926312,3,-4.636742386305412
29655,C=CC=CCC(=O)N(C)CC(CNC(=O)*)O*,C=CC=CCC(=O)N(C)CC(CNC(=O)[*])O[*],[*]CNC(=O)OC([*])CN(C)C(=O)CC=CC=C,4.47e-05,-4.349692476868063,2,-4.2656897380597485
29656,O=C(*)NC(C(=O)O)C(O*)C(=O)O,O=C([*])NC(C(=O)O)C(O[*])C(=O)O,[*]NC(C(=O)O)C(OC([*])=O)C(=O)O,3.88e-05,-4.411168274405793,3,-4.565288443641019
29657,COCC(CCOC(=O)*)O*,COCC(CCOC(=O)[*])O[*],[*]CCOC(=O)OC([*])COC,8.77e-05,-4.05700040663396,1,-4.19636064499247
29658,NC(=O)C(CCCCNC(=O)*)N*,NC(=O)C(CCCCNC(=O)[*])N[*],[*]CCCCNC(=O)NC([*])C(N)=O,6.07e-05,-4.216811308924743,3,-4.110288961067591
29659,O=C(CCOC(=O)*)NCC=CCO*,O=C(CCOC(=O)[*])NCC=CCO[*],[*]CCOC(=O)OCC=CCNC([*])=O,6.39e-05,-4.1944991418416,2,-4.066504927102591
29660,CCCC=CC(=O)NCC(CNC(=O)*)O*,CCCC=CC(=O)NCC(CNC(=O)[*])O[*],[*]CNC(=O)OC([*])CNC(=O)C=CCCC,5.68e-05,-4.245651664288981,0,-4.283035865637022
29661,O=C(CCN*)NC(COC(=O)*)C(=O)O,O=C(CCN[*])NC(COC(=O)[*])C(=O)O,[*]CCNC(=O)OCC(NC([*])=O)C(=O)O,4.86e-05,-4.313363730737707,0,-4.357476099344282
29662,CC(CO*)(NC(=O)*)C(=O)O,CC(CO[*])(NC(=O)[*])C(=O)O,[*]COC(=O)NC([*])(C)C(=O)O,2.63e-05,-4.580044251510242,3,-4.559307192110473
29663,CC(C)(CNCCCNC(=O)*)O*,CC(C)(CNCCCNC(=O)[*])O[*],[*]CNCCCNC(=O)OC([*])(C)C,5.59e-05,-4.252588192113577,1,-4.249737274348552
29664,CN(CCCF)C(=O)C(COC(=O)*)N*,CN(CCCF)C(=O)C(COC(=O)[*])N[*],[*]COC(=O)NC([*])C(=O)N(C)CCCF,6.34e-05,-4.197910742118268,2,-4.4325657642555445
29665,CCC(F)C(=O)NC(CO*)COC(=O)*,CCC(F)C(=O)NC(CO[*])COC(=O)[*],[*]COC(=O)OCC([*])NC(=O)C(F)CC,4.29e-05,-4.367542707815276,0,-4.263544952268626
29666,CC(CCC(C)(O*)C(N)=O)CNC(=O)*,CC(CCC(C)(O[*])C(N)=O)CNC(=O)[*],[*]CCC(C)(OC(=O)NCC([*])C)C(N)=O,4.17e-05,-4.379863945026242,3,-4.437896625659235
29667,CC(C)C(C)N(C)C(=O)C(CO*)NC(=O)*,CC(C)C(C)N(C)C(=O)C(CO[*])NC(=O)[*],[*]COC(=O)NC([*])C(=O)N(C)C(C)C(C)C,2.37e-05,-4.6252516539898965,1,-4.481619355771875
29668,CC(C)(C)C(O*)C(NC(=O)*)C(=O)O,CC(C)(C)C(O[*])C(NC(=O)[*])C(=O)O,[*]OC(=O)NC(C(=O)O)C([*])C(C)(C)C,4.39e-05,-4.357535479757878,1,-4.6519038869576805
29669,O=C(*)OCC(CN*)C(=O)O,O=C([*])OCC(CN[*])C(=O)O,[*]NCC(COC([*])=O)C(=O)O,2.26e-05,-4.645891560852599,1,-4.301705760767628
29670,COC(=O)C(CO*)NC(=O)*,COC(=O)C(CO[*])NC(=O)[*],[*]COC(=O)NC([*])C(=O)OC,3.64e-05,-4.438898616350944,3,-4.462244796517396
29671,O=C(*)NCC(CP(=O)(O)O)O*,O=C([*])NCC(CP(=O)(O)O)O[*],[*]NCC(CP(=O)(O)O)OC([*])=O,0.000114,-3.9430951486635273,3,-4.319204739086531
29672,CN(C)CC(COC(=O)*)N*,CN(C)CC(COC(=O)[*])N[*],[*]COC(=O)NC([*])CN(C)C,7.84e-05,-4.105683937315562,0,-4.198041442597959
29673,CCC(COC(=O)*)NCC(CCOC)N*,CCC(COC(=O)[*])NCC(CCOC)N[*],[*]COC(=O)NC(CCOC)CNC([*])CC,8.78e-05,-4.056505484093897,2,-4.160465993157273
29674,O=C(O)CC(CCCCN*)NC(=O)*,O=C(O)CC(CCCCN[*])NC(=O)[*],[*]CCCCNC(=O)NC([*])CC(=O)O,4.21e-05,-4.375717904164332,3,-4.341961050858179
29675,CC(CCNC(=O)*)N*,CC(CCNC(=O)[*])N[*],[*]CCNC(=O)NC([*])C,6.82e-05,-4.166215625343521,0,-4.219751231939166
29676,CC(C)NC(=O)C(NC(=O)*)C(C)(C)O*,CC(C)NC(=O)C(NC(=O)[*])C(C)(C)O[*],[*]NC(=O)OC(C)(C)C([*])C(=O)NC(C)C,2.77e-05,-4.557520230935552,3,-4.549102910706095
29677,CC(CCCCNC(=O)*)(N*)C(=O)O,CC(CCCCNC(=O)[*])(N[*])C(=O)O,[*]CCCCNC(=O)NC([*])(C)C(=O)O,7.1e-05,-4.1487416512809245,0,-4.350824271282084
29678,NC(=O)C(CCCC(NC(=O)*)C(=O)O)N*,NC(=O)C(CCCC(NC(=O)[*])C(=O)O)N[*],[*]CCCC(NC(=O)NC([*])C(N)=O)C(=O)O,5.03e-05,-4.298432014944073,2,-4.207795786772015
29679,COCC(CN*)NC(=O)*,COCC(CN[*])NC(=O)[*],[*]CNC(=O)NC([*])COC,6.99e-05,-4.155522824254319,1,-4.147927762277176
29680,CC(=O)C(C)(CN(C)CC(C)OC(=O)*)O*,CC(=O)C(C)(CN(C)CC(C)OC(=O)[*])O[*],[*]CN(C)CC(C)OC(=O)OC([*])(C)C(C)=O,6.93e-05,-4.159266765388193,0,-4.390546250090094
29681,CN(CCN*)CCNC(=O)*,CN(CCN[*])CCNC(=O)[*],[*]CCNC(=O)NCCN([*])C,9.29e-05,-4.031984286006359,2,-3.9517598744593228
29682,COC(=O)C(N*)C(OC(=O)*)C(F)(F)F,COC(=O)C(N[*])C(OC(=O)[*])C(F)(F)F,[*]NC(=O)OC(C([*])C(=O)OC)C(F)(F)F,2.66e-05,-4.575118363368933,2,-4.566128699857086
29683,CCOC(=O)C(NC(=O)*)C(C)O*,CCOC(=O)C(NC(=O)[*])C(C)O[*],[*]NC(=O)OC(C)C([*])C(=O)OCC,3.24e-05,-4.489454989793388,3,-4.423924569473181
29684,CC(CCOC(=O)*)NC(C(=O)O)C(C)O*,CC(CCOC(=O)[*])NC(C(=O)O)C(C)O[*],[*]CCOC(=O)OC(C)C(NC([*])C)C(=O)O,4.76e-05,-4.3223930472795065,1,-4.530883197681213
29685,COC(=O)N(CO*)COC(=O)*,COC(=O)N(CO[*])COC(=O)[*],[*]COC(=O)OCN([*])C(=O)OC,9.54e-05,-4.020451625295905,1,-4.26399106535846
29686,CCN(C)C(=O)C(N*)C(C)OC(=O)*,CCN(C)C(=O)C(N[*])C(C)OC(=O)[*],[*]NC(=O)OC(C)C([*])C(=O)N(C)CC,2.37e-05,-4.6252516539898965,0,-4.4149773232414145
29687,CC(=O)N(CCO*)CCOC(=O)*,CC(=O)N(CCO[*])CCOC(=O)[*],[*]CCOC(=O)OCCN([*])C(C)=O,4.08e-05,-4.38933983691012,1,-4.048971999342177
29688,CC(O*)C(=O)N(C)CCCOC(=O)*,CC(O[*])C(=O)N(C)CCCOC(=O)[*],[*]OC(=O)OCCCN(C)C(=O)C([*])C,3e-05,-4.522878745280337,3,-4.337410563984561
29689,CCC(CC#N)NC(C)(CO*)COC(=O)*,CCC(CC#N)NC(C)(CO[*])COC(=O)[*],[*]COC(=O)OCC([*])(C)NC(CC)CC#N,4.01e-05,-4.396855627379818,0,-4.321924949266356
29690,C=CCCN(CCO*)CC(C)OC(=O)*,C=CCCN(CCO[*])CC(C)OC(=O)[*],[*]CCOC(=O)OC(C)CN([*])CCC=C,9.35e-05,-4.029188389127483,3,-4.129738358693865
29691,CCN(CC)C(=O)C(N*)C(C)(C)OC(=O)*,CCN(CC)C(=O)C(N[*])C(C)(C)OC(=O)[*],[*]NC(=O)OC(C)(C)C([*])C(=O)N(CC)CC,2.34e-05,-4.6307841425898575,2,-4.458762503372103
29692,COC(=O)C(CCCCOC(=O)*)N*,COC(=O)C(CCCCOC(=O)[*])N[*],[*]CCCCOC(=O)NC([*])C(=O)OC,4.99e-05,-4.30189945437661,3,-4.331852861594496
29693,CC(C)(CCO*)CNC(=O)CCOC(=O)*,CC(C)(CCO[*])CNC(=O)CCOC(=O)[*],[*]CCOC(=O)OCCC(=O)NCC([*])(C)C,5.07e-05,-4.294992040666664,0,-4.318788904777228
29694,CC(CCCN*)NC(=O)CCCNC(=O)*,CC(CCCN[*])NC(=O)CCCNC(=O)[*],[*]CCCNC(=O)NCCCC(=O)NC([*])C,6.7e-05,-4.173925197299174,1,-4.198306321459373
29695,CC(NC(=O)*)C(N*)C(=O)O,CC(NC(=O)[*])C(N[*])C(=O)O,[*]NC(=O)NC(C(=O)O)C([*])C,5.25e-05,-4.279840696594043,2,-4.435583127308775
29696,CC(C)(C(N*)C(=O)O)C(NC(=O)*)C(=O)O,CC(C)(C(N[*])C(=O)O)C(NC(=O)[*])C(=O)O,[*]C(NC(=O)NC(C(=O)O)C([*])(C)C)C(=O)O,2.77e-05,-4.557520230935552,0,-4.514040118248587
29697,C=CCCN(C)CC(C)(CO*)COC(=O)*,C=CCCN(C)CC(C)(CO[*])COC(=O)[*],[*]COC(=O)OCC([*])(C)CN(C)CCC=C,3.58e-05,-4.446116973356125,2,-4.443800487898836
29698,CC(C)CC(N*)C(OC(=O)*)C(=O)O,CC(C)CC(N[*])C(OC(=O)[*])C(=O)O,[*]NC(=O)OC(C(=O)O)C([*])CC(C)C,4.04e-05,-4.393618634889395,0,-4.596330695751466
29699,C=CCCCCN(CCO*)CCOC(=O)*,C=CCCCCN(CCO[*])CCOC(=O)[*],[*]CCOC(=O)OCCN([*])CCCCC=C,6.3e-05,-4.200659450546418,3,-3.9952165709403733
29700,C#CC(CC)(CC)NCC(CO*)OC(=O)*,C#CC(CC)(CC)NCC(CO[*])OC(=O)[*],[*]COC(=O)OC([*])CNC(C#C)(CC)CC,2.26e-05,-4.645891560852599,2,-4.54857082659575
29701,CC(C)(C)NCC(CO*)OC(=O)*,CC(C)(C)NCC(CO[*])OC(=O)[*],[*]COC(=O)OC([*])CNC(C)(C)C,5.05e-05,-4.296708621881338,0,-4.450989562280242
29702,CC(C)C(CO*)(NC(=O)*)C(=O)O,CC(C)C(CO[*])(NC(=O)[*])C(=O)O,[*]COC(=O)NC([*])(C(=O)O)C(C)C,2.49e-05,-4.603800652904264,3,-4.61669872284162
29703,COC(=O)CC(CNC(=O)*)N*,COC(=O)CC(CNC(=O)[*])N[*],[*]CNC(=O)NC([*])CC(=O)OC,3.94e-05,-4.404503778174426,1,-4.353046613952324
29704,CCC(C)CN(C)C(=O)C(CO*)NC(=O)*,CCC(C)CN(C)C(=O)C(CO[*])NC(=O)[*],[*]COC(=O)NC([*])C(=O)N(C)CC(C)CC,1.68e-05,-4.774690718274138,2,-4.429497762110167
29705,O=C(CCN*)NCCOC(=O)*,O=C(CCN[*])NCCOC(=O)[*],[*]CCNC(=O)OCCNC([*])=O,9.89e-05,-4.004803708402821,2,-3.998371292760501
29706,O=C(O)CC(O*)C(NC(=O)*)C(=O)O,O=C(O)CC(O[*])C(NC(=O)[*])C(=O)O,[*]OC(=O)NC(C(=O)O)C([*])CC(=O)O,2.72e-05,-4.565431095965801,2,-4.50761772154137
29707,O=C(*)NCCS(=O)(=O)CCN*,O=C([*])NCCS(=O)(=O)CCN[*],[*]NCCS(=O)(=O)CCNC([*])=O,5.2e-05,-4.2839966563652006,2,-4.01716360257287
29708,C=CCCCCCNC(CO*)COC(=O)*,C=CCCCCCNC(CO[*])COC(=O)[*],[*]COC(=O)OCC([*])NCCCCCC=C,3.05e-05,-4.515700160653214,1,-4.195472731287236
29709,O=C(O)CC(CN*)OC(=O)*,O=C(O)CC(CN[*])OC(=O)[*],[*]CNC(=O)OC([*])CC(=O)O,1.57e-05,-4.804100347590766,3,-4.40115883814179
29710,C#CCCCN(C)CC(C)(CO*)COC(=O)*,C#CCCCN(C)CC(C)(CO[*])COC(=O)[*],[*]COC(=O)OCC([*])(C)CN(C)CCCC#C,1.3e-05,-4.886056647693163,3,-4.405302536109545
29711,CC(OC(=O)*)C(CC(=O)O)N*,CC(OC(=O)[*])C(CC(=O)O)N[*],[*]OC(=O)NC(CC(=O)O)C([*])C,2.11e-05,-4.675717544702307,3,-4.520722082265476
29712,COCC(CNCCN*)OC(=O)*,COCC(CNCCN[*])OC(=O)[*],[*]CNCCNC(=O)OC([*])COC,9.36e-05,-4.028724151261895,1,-3.9237314552454268
29713,CCCCCCCNC(CO*)COC(=O)*,CCCCCCCNC(CO[*])COC(=O)[*],[*]COC(=O)OCC([*])NCCCCCCC,2.5e-05,-4.6020599913279625,2,-4.275603366581612
29714,O=C(*)OCCN(CCO*)C(=S)S,O=C([*])OCCN(CCO[*])C(=S)S,[*]OCCN(CCOC([*])=O)C(=S)S,6.92e-05,-4.1598939055432425,0,-4.4382016530085195
29715,C[Si](C)(CN*)CNC(=O)*,C[Si](C)(CN[*])CNC(=O)[*],[*]CNC(=O)NC[Si]([*])(C)C,4.82e-05,-4.31695296176115,3,-4.518038102197622
29716,CC(=O)C(CO*)COC(=O)*,CC(=O)C(CO[*])COC(=O)[*],[*]COC(=O)OCC([*])C(C)=O,4.65e-05,-4.332547047110047,3,-4.195100070630027
29717,CC(N*)C(=O)NCCOC(=O)*,CC(N[*])C(=O)NCCOC(=O)[*],[*]NC(=O)OCCNC(=O)C([*])C,3.33e-05,-4.47755576649368,1,-4.229851576298349
29718,NC(=O)C(CCO*)NC(=O)*,NC(=O)C(CCO[*])NC(=O)[*],[*]CCOC(=O)NC([*])C(N)=O,3.28e-05,-4.484126156288321,1,-4.1554213513222775
29719,CCCC(N*)C(OC(=O)*)C(=O)O,CCCC(N[*])C(OC(=O)[*])C(=O)O,[*]NC(=O)OC(C(=O)O)C([*])CCC,4.56e-05,-4.341035157335565,0,-4.510798466889586
29720,CCC(N*)C(=O)NC(COC(=O)*)C(=O)O,CCC(N[*])C(=O)NC(COC(=O)[*])C(=O)O,[*]NC(=O)OCC(NC(=O)C([*])CC)C(=O)O,2.43e-05,-4.614393726401688,0,-4.40390684600166
29721,CC(CONC(=O)C(C)(C)NC(=O)*)N*,CC(CONC(=O)C(C)(C)NC(=O)[*])N[*],[*]CONC(=O)C(C)(C)NC(=O)NC([*])C,5.51e-05,-4.258848401148215,3,-4.286284408291345
29722,CC(C=CCOC(=O)*)O*,CC(C=CCOC(=O)[*])O[*],[*]C=CCOC(=O)OC([*])C,0.000109,-3.962573502059376,2,-4.2653590271961805
29723,C=C(CC)CN(CCCOC(=O)*)CCO*,C=C(CC)CN(CCCOC(=O)[*])CCO[*],[*]CCCOC(=O)OCCN([*])CC(=C)CC,8.2e-05,-4.086186147616283,0,-4.156208587790431
29724,O=C(*)NCCNC(=O)CC(=O)NCCN*,O=C([*])NCCNC(=O)CC(=O)NCCN[*],[*]CC(=O)NCCNC(=O)NCCNC([*])=O,5.93e-05,-4.226945306635737,3,-4.361854260516943
29725,CC(C)(COC(=O)*)C(=O)NCCCCO*,CC(C)(COC(=O)[*])C(=O)NCCCCO[*],[*]COC(=O)OCCCCNC(=O)C([*])(C)C,6.92e-05,-4.1598939055432425,3,-4.237821691230287
29726,CC(C)(COC(=O)*)NC(=O)CN*,CC(C)(COC(=O)[*])NC(=O)CN[*],[*]COC(=O)NCC(=O)NC([*])(C)C,3.87e-05,-4.412289034981089,1,-4.327951926360391
29727,COC(=O)CC(CNC(=O)*)O*,COC(=O)CC(CNC(=O)[*])O[*],[*]CNC(=O)OC([*])CC(=O)OC,3.14e-05,-4.503070351926785,0,-4.371334943081374
29728,CC(C)(CC(C)(NC(=O)*)C(=O)O)O*,CC(C)(CC(C)(NC(=O)[*])C(=O)O)O[*],[*]CC(C)(NC(=O)OC([*])(C)C)C(=O)O,4.72e-05,-4.3260580013659125,0,-4.598153482393744
29729,C=CCCCCNC(CO*)COC(=O)*,C=CCCCCNC(CO[*])COC(=O)[*],[*]COC(=O)OCC([*])NCCCCC=C,3.38e-05,-4.471083299722345,0,-4.16719909260098
29730,CC(NC(=O)C(N*)C(C)OC(=O)*)C(=O)O,CC(NC(=O)C(N[*])C(C)OC(=O)[*])C(=O)O,[*]NC(=O)OC(C)C([*])C(=O)NC(C)C(=O)O,3.08e-05,-4.511449283499556,2,-4.423146530661178
29731,CCCC(N*)C(OC(=O)*)C(N)=O,CCCC(N[*])C(OC(=O)[*])C(N)=O,[*]NC(=O)OC(C(N)=O)C([*])CCC,5.18e-05,-4.285670240254767,1,-4.35338944135305
29732,CC(OC(=O)CNC(=O)*)C(N*)C(=O)O,CC(OC(=O)CNC(=O)[*])C(N[*])C(=O)O,[*]OC(=O)CNC(=O)NC(C(=O)O)C([*])C,3.78e-05,-4.422508200162775,1,-4.569188022443149
29733,O=C(*)OCC(C(=O)O)C(CO*)C(=O)O,O=C([*])OCC(C(=O)O)C(CO[*])C(=O)O,[*]OCC(C(=O)O)C(COC([*])=O)C(=O)O,2.31e-05,-4.636388020107856,2,-4.759972194122487
29734,O=C(*)NCC(F)(F)CCN*,O=C([*])NCC(F)(F)CCN[*],[*]NCCC(F)(F)CNC([*])=O,7.62e-05,-4.1180450286604,0,-4.2039811440083135
29735,CC(CNC(=O)*)(O*)P(=O)(O)O,CC(CNC(=O)[*])(O[*])P(=O)(O)O,[*]CNC(=O)OC([*])(C)P(=O)(O)O,4.8e-05,-4.318758762624412,1,-4.514978453474873
29736,CC(COC(=O)*)(O*)C(=O)O,CC(COC(=O)[*])(O[*])C(=O)O,[*]COC(=O)OC([*])(C)C(=O)O,3.06e-05,-4.51427857351842,1,-4.5814985990984525
29737,CCC(C)CCNC(=O)C(COC(=O)*)N*,CCC(C)CCNC(=O)C(COC(=O)[*])N[*],[*]COC(=O)NC([*])C(=O)NCCC(C)CC,5.53e-05,-4.257274868695302,1,-4.534634974291209
29738,CCC(C)NC(=O)C(CCCNC(=O)*)N*,CCC(C)NC(=O)C(CCCNC(=O)[*])N[*],[*]CCCNC(=O)NC([*])C(=O)NC(C)CC,2.79e-05,-4.554395796726403,2,-4.310212784329336
29739,CNCCC(C)N(CCN*)CCNC(=O)*,CNCCC(C)N(CCN[*])CCNC(=O)[*],[*]CCNC(=O)NCCN([*])C(C)CCNC,7.61e-05,-4.118615343229427,3,-3.9615342784771066
29740,CC(C)(N*)C(=O)NCCOC(=O)*,CC(C)(N[*])C(=O)NCCOC(=O)[*],[*]NC(=O)OCCNC(=O)C([*])(C)C,4.8e-05,-4.318758762624412,3,-4.247160613715781
29741,CN(C)C(CO*)COC(=O)*,CN(C)C(CO[*])COC(=O)[*],[*]COC(=O)OCC([*])N(C)C,4.26e-05,-4.370590400897281,1,-4.260510578669163
29742,CN(C)C(C)(C)C(CNC(=O)*)CO*,CN(C)C(C)(C)C(CNC(=O)[*])CO[*],[*]CNC(=O)OCC([*])C(C)(C)N(C)C,3.61e-05,-4.442492798094342,3,-4.594967214125762
29743,O=C(*)NCCNC(=O)CCC(N*)C(=O)O,O=C([*])NCCNC(=O)CCC(N[*])C(=O)O,[*]CCC(NC(=O)NCCNC([*])=O)C(=O)O,4.7e-05,-4.327902142064283,3,-4.287939415944526
29744,C=C(C)CN(CC(C)OC(=O)*)C(C)CO*,C=C(C)CN(CC(C)OC(=O)[*])C(C)CO[*],[*]CC(C)OC(=O)OCC(C)N([*])CC(=C)C,4.53e-05,-4.343901797987168,3,-4.42819644318155
29745,CC(CN*)(NC(=O)*)C(=O)O,CC(CN[*])(NC(=O)[*])C(=O)O,[*]CNC(=O)NC([*])(C)C(=O)O,7.35e-05,-4.133712660915805,3,-4.469370032403571
29746,O=C(*)NCC(=O)NCCNC(=O)CN*,O=C([*])NCC(=O)NCCNC(=O)CN[*],[*]CNC(=O)NCC(=O)NCCNC([*])=O,0.000116,-3.9355420107730814,1,-4.193245090200451
29747,O=C(*)OC(C(F)F)C(O*)C(=O)O,O=C([*])OC(C(F)F)C(O[*])C(=O)O,[*]OC(C(=O)O)C(OC([*])=O)C(F)F,3.21e-05,-4.493494967595128,1,-4.463652468274071
29748,COCCC(CNCCC(C)OC(=O)*)N*,COCCC(CNCCC(C)OC(=O)[*])N[*],[*]CNCCC(C)OC(=O)NC([*])CCOC,0.000125,-3.903089986991944,0,-3.9465324867536467
29749,COC(=O)C(CN*)CNC(=O)*,COC(=O)C(CN[*])CNC(=O)[*],[*]CNC(=O)NCC([*])C(=O)OC,5.97e-05,-4.224025668870631,2,-4.318496909298578
29750,CNCCN(C)CC(OC(=O)*)C(C)(C)O*,CNCCN(C)CC(OC(=O)[*])C(C)(C)O[*],[*]OC(=O)OC(C)(C)C([*])CN(C)CCNC,5.88e-05,-4.230622673923862,2,-4.156673070665775
29751,C=COCCOCC(CNC(=O)*)O*,C=COCCOCC(CNC(=O)[*])O[*],[*]CNC(=O)OC([*])COCCOC=C,7.09e-05,-4.149353764816934,3,-3.956152010075394
29752,O=C(*)NCC=CCC(N*)C(=O)O,O=C([*])NCC=CCC(N[*])C(=O)O,[*]NCC=CCC(NC([*])=O)C(=O)O,5.6e-05,-4.251811972993799,2,-4.295865442205669
29753,O=C(O)CC(CCCNC(=O)*)N*,O=C(O)CC(CCCNC(=O)[*])N[*],[*]CCCNC(=O)NC([*])CC(=O)O,4.81e-05,-4.317854923626168,2,-4.2117542247984625
29754,O=C(O)CC(CNC(=O)*)N*,O=C(O)CC(CNC(=O)[*])N[*],[*]CNC(=O)NC([*])CC(=O)O,5.04e-05,-4.297569463554475,2,-4.3954975983709925
29755,C=CC(CO*)NC(C)CCCCOC(=O)*,C=CC(CO[*])NC(C)CCCCOC(=O)[*],[*]COC(=O)OCCCCC(C)NC([*])C=C,6.51e-05,-4.186419011431808,3,-4.141255665348876
29756,CCCC(O*)C(=O)NC(C)C(C)NC(=O)*,CCCC(O[*])C(=O)NC(C)C(C)NC(=O)[*],[*]OC(=O)NC(C)C(C)NC(=O)C([*])CCC,5.13e-05,-4.289882634888183,1,-4.413917744960416
29757,O=C(*)NCCNCCCN*,O=C([*])NCCNCCCN[*],[*]NCCCNCCNC([*])=O,0.000124,-3.906578314837765,2,-3.976028793590525
29758,C=C(C)CN(CCCO*)CCOC(=O)*,C=C(C)CN(CCCO[*])CCOC(=O)[*],[*]CCCOC(=O)OCCN([*])CC(=C)C,0.000117,-3.9318141382538383,1,-4.127219612390591
29759,NC(=O)C(CC(COC(=O)*)O*)C(N)=O,NC(=O)C(CC(COC(=O)[*])O[*])C(N)=O,[*]COC(=O)OC([*])CC(C(N)=O)C(N)=O,0.000106,-3.9746941347352296,2,-4.08398470519285
29760,NC(=O)C(CN*)OC(=O)*,NC(=O)C(CN[*])OC(=O)[*],[*]CNC(=O)OC([*])C(N)=O,6.05e-05,-4.218244625347531,2,-4.188022760263276
29761,O=C(*)NC(C(=O)O)C(N*)C(=O)O,O=C([*])NC(C(=O)O)C(N[*])C(=O)O,[*]NC(C(=O)O)C(NC([*])=O)C(=O)O,5.91e-05,-4.228412519118745,1,-4.587993553740081
29762,CCOC(=O)C(CCNC(=O)*)N*,CCOC(=O)C(CCNC(=O)[*])N[*],[*]CCNC(=O)NC([*])C(=O)OCC,6.87e-05,-4.16304326294045,3,-4.350346392738401
29763,CC(C)OC(=O)CC(CN*)OC(=O)*,CC(C)OC(=O)CC(CN[*])OC(=O)[*],[*]CNC(=O)OC([*])CC(=O)OC(C)C,2.52e-05,-4.598599459218456,0,-4.285164233415481
29764,C=CCC(CNC(C)CCOC(=O)*)CO*,C=CCC(CNC(C)CCOC(=O)[*])CO[*],[*]CNC(C)CCOC(=O)OCC([*])CC=C,0.000122,-3.913640169325252,2,-4.120518350025001
29765,CCCC(OC(=O)*)C(CO*)NCCC#N,CCCC(OC(=O)[*])C(CO[*])NCCC#N,[*]OC(=O)OCC(NCCC#N)C([*])CCC,9.02e-05,-4.044793462458058,2,-4.2399474769774015
29766,C=CCCC(CN(C)CC(C)OC(=O)*)O*,C=CCCC(CN(C)CC(C)OC(=O)[*])O[*],[*]CN(C)CC(C)OC(=O)OC([*])CCC=C,6.93e-05,-4.159266765388193,2,-4.202237362862306
29767,C=CCCC(CN(C)CCCO*)OC(=O)*,C=CCCC(CN(C)CCCO[*])OC(=O)[*],[*]CN(C)CCCOC(=O)OC([*])CCC=C,0.000125,-3.903089986991944,1,-4.051951502295147
29768,CNC(=S)N(CCO*)CCOC(=O)*,CNC(=S)N(CCO[*])CCOC(=O)[*],[*]CCOC(=O)OCCN([*])C(=S)NC,9.15e-05,-4.038578905933552,2,-4.269784049378348
29769,C=CCCC(C)NC(CO*)COC(=O)*,C=CCCC(C)NC(CO[*])COC(=O)[*],[*]COC(=O)OCC([*])NC(C)CCC=C,5.96e-05,-4.224753740259764,2,-4.35596611688282
29770,CC(C)(C)COC(=O)C(COC(=O)*)N*,CC(C)(C)COC(=O)C(COC(=O)[*])N[*],[*]COC(=O)NC([*])C(=O)OCC(C)(C)C,1.99e-05,-4.701146923590294,3,-4.451071283809975
29771,C#CCCCN(CCO*)CC(C)OC(=O)*,C#CCCCN(CCO[*])CC(C)OC(=O)[*],[*]CCOC(=O)OC(C)CN([*])CCCC#C,5.73e-05,-4.24184537803261,1,-4.186877509175382
29772,CC#CCN(CC(C)O*)C(C)COC(=O)*,CC#CCN(CC(C)O[*])C(C)COC(=O)[*],[*]CC(C)OC(=O)OCC(C)N([*])CC#CC,4.66e-05,-4.33161408331,1,-4.438315677500899
29773,O=C(O)CC(CCOC(=O)*)N*,O=C(O)CC(CCOC(=O)[*])N[*],[*]CCOC(=O)NC([*])CC(=O)O,3.58e-05,-4.446116973356125,1,-4.410896807702888
29774,CC(CNCCN*)OC(=O)*,CC(CNCCN[*])OC(=O)[*],[*]CNCCNC(=O)OC([*])C,9.81e-05,-4.008330992620052,0,-4.0108666091698035
29775,C=CCCCN(CCO*)CCOC(=O)*,C=CCCCN(CCO[*])CCOC(=O)[*],[*]CCOC(=O)OCCN([*])CCCC=C,0.00012,-3.9208187539523753,0,-4.069383118298859
29776,CC(CNC(C)(C)CNC(=O)*)O*,CC(CNC(C)(C)CNC(=O)[*])O[*],[*]CNC(C)(C)CNC(=O)OC([*])C,4.82e-05,-4.31695296176115,2,-4.299683418450462
29777,C=C(CC)CN(CCOC(=O)*)CC(C)O*,C=C(CC)CN(CCOC(=O)[*])CC(C)O[*],[*]CCOC(=O)OC(C)CN([*])CC(=C)CC,5.73e-05,-4.24184537803261,3,-4.343704242665398
29778,CC(CC(CC(=O)O)NC(=O)*)N*,CC(CC(CC(=O)O)NC(=O)[*])N[*],[*]CC(CC(=O)O)NC(=O)NC([*])C,4.18e-05,-4.3788237182249645,2,-4.231640094670915
29779,CCC(CC#N)NCC(O*)C(C)OC(=O)*,CCC(CC#N)NCC(O[*])C(C)OC(=O)[*],[*]OC(=O)OC(C)C([*])CNC(CC)CC#N,8.81e-05,-4.055024091587952,1,-4.327432693768104
29780,CC#CCCN(C)CC(C)(CO*)COC(=O)*,CC#CCCN(C)CC(C)(CO[*])COC(=O)[*],[*]COC(=O)OCC([*])(C)CN(C)CCC#CC,2.83e-05,-4.548213564475709,3,-4.491686208486337
29781,CCN(CC)CC(CO*)NC(=O)*,CCN(CC)CC(CO[*])NC(=O)[*],[*]COC(=O)NC([*])CN(CC)CC,0.000127,-3.896196279044043,2,-4.291753417031559
29782,CC(N*)C(OC(=O)*)C(C)C(=O)O,CC(N[*])C(OC(=O)[*])C(C)C(=O)O,[*]NC(=O)OC(C([*])C)C(C)C(=O)O,2.08e-05,-4.681936665037238,3,-4.570708110799298
29783,C=C(C)CN(C)CC(C)(CO*)COC(=O)*,C=C(C)CN(C)CC(C)(CO[*])COC(=O)[*],[*]COC(=O)OCC([*])(C)CN(C)CC(=C)C,4.26e-05,-4.370590400897281,1,-4.43199537375543
29784,C=CCCC(CN(CC)CCO*)OC(=O)*,C=CCCC(CN(CC)CCO[*])OC(=O)[*],[*]CN(CC)CCOC(=O)OC([*])CCC=C,9.89e-05,-4.004803708402821,2,-4.085478098368225
29785,O=C(*)NCCCS(=O)(=O)CCCN*,O=C([*])NCCCS(=O)(=O)CCCN[*],[*]NCCCS(=O)(=O)CCCNC([*])=O,9.41e-05,-4.026410376572743,2,-4.141322068021729
29786,C=CCCCN(CCN*)CCOC(=O)*,C=CCCCN(CCN[*])CCOC(=O)[*],[*]CCNC(=O)OCCN([*])CCCC=C,0.000134,-3.872895201635192,0,-4.052373567994982
29787,C#CCCC(CNCC(CC)O*)OC(=O)*,C#CCCC(CNCC(CC)O[*])OC(=O)[*],[*]CNCC(CC)OC(=O)OC([*])CCC#C,6.71e-05,-4.173277479831008,3,-4.312604411999598
29788,CCOC(=O)C(CCCN*)NC(=O)*,CCOC(=O)C(CCCN[*])NC(=O)[*],[*]CCCNC(=O)NC([*])C(=O)OCC,6.16e-05,-4.210419287835575,3,-4.24094815569162
29789,C=CC(O*)C(=O)OCCC(C)(C)OC(=O)*,C=CC(O[*])C(=O)OCCC(C)(C)OC(=O)[*],[*]OC(=O)OC(C)(C)CCOC(=O)C([*])C=C,3.73e-05,-4.428291168191312,0,-4.405383577471472
29790,C=CC(CO*)NCC(CCC)OC(=O)*,C=CC(CO[*])NCC(CCC)OC(=O)[*],[*]COC(=O)OC(CCC)CNC([*])C=C,3.72e-05,-4.429457060118103,3,-4.1714872658277065
29791,C#CCCN(CC(C)OC(=O)*)C(C)CO*,C#CCCN(CC(C)OC(=O)[*])C(C)CO[*],[*]CC(C)OC(=O)OCC(C)N([*])CCC#C,4.64e-05,-4.333482019445119,2,-4.334071076538212
29792,C=C(C)CN(CCO*)CC(C)OC(=O)*,C=C(C)CN(CCO[*])CC(C)OC(=O)[*],[*]CCOC(=O)OC(C)CN([*])CC(=C)C,5.55e-05,-4.255707016877324,1,-4.225952028533501
29793,C=CCC(CNCC(CC)O*)COC(=O)*,C=CCC(CNCC(CC)O[*])COC(=O)[*],[*]CNCC(CC)OC(=O)OCC([*])CC=C,8.33e-05,-4.079354998593212,0,-4.282642601505523
